id,app,message,reason,TOPO.src,TOPO.dst,TOPO.srcLabel,TOPO.dstLabel,ctime
297,Application-33,M_Req,missing_destination,58,Application-33-Service,EndDevice-33,Application-33-Service,800
298,Application-35,M_Req,missing_destination,60,Application-35-Service,EndDevice-35,Application-35-Service,800
299,Application-36,M_Req,missing_destination,61,Application-36-Service,EndDevice-36,Application-36-Service,800
345,Application-33,M_Req,missing_destination,58,Application-33-Service,EndDevice-33,Application-33-Service,900
346,Application-35,M_Req,missing_destination,60,Application-35-Service,EndDevice-35,Application-35-Service,900
347,Application-36,M_Req,missing_destination,61,Application-36-Service,EndDevice-36,Application-36-Service,900
387,Application-33,M_Req,missing_destination,58,Application-33-Service,EndDevice-33,Application-33-Service,1000
388,Application-35,M_Req,missing_destination,60,Application-35-Service,EndDevice-35,Application-35-Service,1000
389,Application-36,M_Req,missing_destination,61,Application-36-Service,EndDevice-36,Application-36-Service,1000
401,Application-3,M_Req,missing_destination,28,Application-3-Service,EndDevice-3,Application-3-Service,1100
406,Application-2,M_Req,missing_destination,27,Application-2-Service,EndDevice-2,Application-2-Service,1100
410,Application-1,M_Req,missing_destination,26,Application-1-Service,EndDevice-1,Application-1-Service,1100
427,Application-4,M_Req,missing_destination,29,Application-4-Service,EndDevice-4,Application-4-Service,1100
435,Application-33,M_Req,missing_destination,58,Application-33-Service,EndDevice-33,Application-33-Service,1100
436,Application-35,M_Req,missing_destination,60,Application-35-Service,EndDevice-35,Application-35-Service,1100
437,Application-36,M_Req,missing_destination,61,Application-36-Service,EndDevice-36,Application-36-Service,1100
448,Application-3,M_Req,missing_destination,28,Application-3-Service,EndDevice-3,Application-3-Service,1200
452,Application-2,M_Req,missing_destination,27,Application-2-Service,EndDevice-2,Application-2-Service,1200
456,Application-1,M_Req,missing_destination,26,Application-1-Service,EndDevice-1,Application-1-Service,1200
496,Application-3,M_Req,missing_destination,28,Application-3-Service,EndDevice-3,Application-3-Service,1300
500,Application-2,M_Req,missing_destination,27,Application-2-Service,EndDevice-2,Application-2-Service,1300
504,Application-1,M_Req,missing_destination,26,Application-1-Service,EndDevice-1,Application-1-Service,1300
524,Application-35,M_Req,missing_destination,60,Application-35-Service,EndDevice-35,Application-35-Service,1400
533,Application-29,M_Req,missing_destination,54,Application-29-Service,EndDevice-29,Application-29-Service,1400
537,Application-31,M_Req,missing_destination,56,Application-31-Service,EndDevice-31,Application-31-Service,1400
539,Application-3,M_Req,missing_destination,28,Application-3-Service,EndDevice-3,Application-3-Service,1400
543,Application-2,M_Req,missing_destination,27,Application-2-Service,EndDevice-2,Application-2-Service,1400
547,Application-1,M_Req,missing_destination,26,Application-1-Service,EndDevice-1,Application-1-Service,1400
548,Application-32,M_Req,missing_destination,57,Application-32-Service,EndDevice-32,Application-32-Service,1400
552,Application-30,M_Req,missing_destination,55,Application-30-Service,EndDevice-30,Application-30-Service,1500
572,Application-35,M_Req,missing_destination,60,Application-35-Service,EndDevice-35,Application-35-Service,1500
581,Application-29,M_Req,missing_destination,54,Application-29-Service,EndDevice-29,Application-29-Service,1500
585,Application-31,M_Req,missing_destination,56,Application-31-Service,EndDevice-31,Application-31-Service,1500
587,Application-3,M_Req,missing_destination,28,Application-3-Service,EndDevice-3,Application-3-Service,1500
591,Application-2,M_Req,missing_destination,27,Application-2-Service,EndDevice-2,Application-2-Service,1500
595,Application-1,M_Req,missing_destination,26,Application-1-Service,EndDevice-1,Application-1-Service,1500
596,Application-32,M_Req,missing_destination,57,Application-32-Service,EndDevice-32,Application-32-Service,1500
599,Application-30,M_Req,missing_destination,55,Application-30-Service,EndDevice-30,Application-30-Service,1600
616,Application-35,M_Req,missing_destination,60,Application-35-Service,EndDevice-35,Application-35-Service,1600
624,Application-29,M_Req,missing_destination,54,Application-29-Service,EndDevice-29,Application-29-Service,1600
627,Application-31,M_Req,missing_destination,56,Application-31-Service,EndDevice-31,Application-31-Service,1600
631,Application-10,M_Req,missing_destination,35,Application-10-Service,EndDevice-10,Application-10-Service,1700
647,Application-30,M_Req,missing_destination,55,Application-30-Service,EndDevice-30,Application-30-Service,1700
648,Application-12,M_Req,missing_destination,37,Application-12-Service,EndDevice-12,Application-12-Service,1700
657,Application-9,M_Req,missing_destination,34,Application-9-Service,EndDevice-9,Application-9-Service,1700
659,Application-11,M_Req,missing_destination,36,Application-11-Service,EndDevice-11,Application-11-Service,1700
664,Application-35,M_Req,missing_destination,60,Application-35-Service,EndDevice-35,Application-35-Service,1700
672,Application-29,M_Req,missing_destination,54,Application-29-Service,EndDevice-29,Application-29-Service,1700
675,Application-31,M_Req,missing_destination,56,Application-31-Service,EndDevice-31,Application-31-Service,1700
678,Application-10,M_Req,missing_destination,35,Application-10-Service,EndDevice-10,Application-10-Service,1800
693,Application-30,M_Req,missing_destination,55,Application-30-Service,EndDevice-30,Application-30-Service,1800
694,Application-12,M_Req,missing_destination,37,Application-12-Service,EndDevice-12,Application-12-Service,1800
701,Application-9,M_Req,missing_destination,34,Application-9-Service,EndDevice-9,Application-9-Service,1800
741,Application-30,M_Req,missing_destination,55,Application-30-Service,EndDevice-30,Application-30-Service,1900
756,Application-46,M_Req,missing_destination,71,Application-46-Service,EndDevice-46,Application-46-Service,2000
775,Application-45,M_Req,missing_destination,70,Application-45-Service,EndDevice-45,Application-45-Service,2000
779,Application-48,M_Req,missing_destination,73,Application-48-Service,EndDevice-48,Application-48-Service,2000
804,Application-46,M_Req,missing_destination,71,Application-46-Service,EndDevice-46,Application-46-Service,2100
823,Application-45,M_Req,missing_destination,70,Application-45-Service,EndDevice-45,Application-45-Service,2100
827,Application-48,M_Req,missing_destination,73,Application-48-Service,EndDevice-48,Application-48-Service,2100
879,Application-12,M_Req,missing_destination,37,Application-12-Service,EndDevice-12,Application-12-Service,2300
884,Application-9,M_Req,missing_destination,34,Application-9-Service,EndDevice-9,Application-9-Service,2300
885,Application-10,M_Req,missing_destination,35,Application-10-Service,EndDevice-10,Application-10-Service,2300
889,Application-11,M_Req,missing_destination,36,Application-11-Service,EndDevice-11,Application-11-Service,2300
922,Application-12,M_Req,missing_destination,37,Application-12-Service,EndDevice-12,Application-12-Service,2400
927,Application-9,M_Req,missing_destination,34,Application-9-Service,EndDevice-9,Application-9-Service,2400
931,Application-11,M_Req,missing_destination,36,Application-11-Service,EndDevice-11,Application-11-Service,2400
970,Application-12,M_Req,missing_destination,37,Application-12-Service,EndDevice-12,Application-12-Service,2500
975,Application-9,M_Req,missing_destination,34,Application-9-Service,EndDevice-9,Application-9-Service,2500
979,Application-11,M_Req,missing_destination,36,Application-11-Service,EndDevice-11,Application-11-Service,2500
991,Application-36,M_Req,missing_destination,61,Application-36-Service,EndDevice-36,Application-36-Service,2600
994,Application-33,M_Req,missing_destination,58,Application-33-Service,EndDevice-33,Application-33-Service,2600
1011,Application-34,M_Req,missing_destination,59,Application-34-Service,EndDevice-34,Application-34-Service,2700
1022,Application-35,M_Req,missing_destination,60,Application-35-Service,EndDevice-35,Application-35-Service,2700
1039,Application-36,M_Req,missing_destination,61,Application-36-Service,EndDevice-36,Application-36-Service,2700
1042,Application-33,M_Req,missing_destination,58,Application-33-Service,EndDevice-33,Application-33-Service,2700
1059,Application-34,M_Req,missing_destination,59,Application-34-Service,EndDevice-34,Application-34-Service,2800
1068,Application-35,M_Req,missing_destination,60,Application-35-Service,EndDevice-35,Application-35-Service,2800
1083,Application-36,M_Req,missing_destination,61,Application-36-Service,EndDevice-36,Application-36-Service,2800
1104,Application-48,M_Req,missing_destination,73,Application-48-Service,EndDevice-48,Application-48-Service,2900
1107,Application-34,M_Req,missing_destination,59,Application-34-Service,EndDevice-34,Application-34-Service,2900
1112,Application-47,M_Req,missing_destination,72,Application-47-Service,EndDevice-47,Application-47-Service,2900
1116,Application-35,M_Req,missing_destination,60,Application-35-Service,EndDevice-35,Application-35-Service,2900
1117,Application-45,M_Req,missing_destination,70,Application-45-Service,EndDevice-45,Application-45-Service,2900
1126,Application-46,M_Req,missing_destination,71,Application-46-Service,EndDevice-46,Application-46-Service,2900
1131,Application-36,M_Req,missing_destination,61,Application-36-Service,EndDevice-36,Application-36-Service,2900
1149,Application-48,M_Req,missing_destination,73,Application-48-Service,EndDevice-48,Application-48-Service,3000
1155,Application-47,M_Req,missing_destination,72,Application-47-Service,EndDevice-47,Application-47-Service,3000
1158,Application-35,M_Req,missing_destination,60,Application-35-Service,EndDevice-35,Application-35-Service,3000
1159,Application-45,M_Req,missing_destination,70,Application-45-Service,EndDevice-45,Application-45-Service,3000
1206,Application-35,M_Req,missing_destination,60,Application-35-Service,EndDevice-35,Application-35-Service,3100
1214,Application-13,M_Req,missing_destination,38,Application-13-Service,EndDevice-13,Application-13-Service,3200
1234,Application-15,M_Req,missing_destination,40,Application-15-Service,EndDevice-15,Application-15-Service,3200
1249,Application-14,M_Req,missing_destination,39,Application-14-Service,EndDevice-14,Application-14-Service,3300
1262,Application-13,M_Req,missing_destination,38,Application-13-Service,EndDevice-13,Application-13-Service,3300
1282,Application-15,M_Req,missing_destination,40,Application-15-Service,EndDevice-15,Application-15-Service,3300
1331,Application-11,M_Req,missing_destination,36,Application-11-Service,EndDevice-11,Application-11-Service,3500
1337,Application-9,M_Req,missing_destination,34,Application-9-Service,EndDevice-9,Application-9-Service,3500
1343,Application-10,M_Req,missing_destination,35,Application-10-Service,EndDevice-10,Application-10-Service,3500
1345,Application-12,M_Req,missing_destination,37,Application-12-Service,EndDevice-12,Application-12-Service,3500
1375,Application-11,M_Req,missing_destination,36,Application-11-Service,EndDevice-11,Application-11-Service,3600
1381,Application-9,M_Req,missing_destination,34,Application-9-Service,EndDevice-9,Application-9-Service,3600
1386,Application-10,M_Req,missing_destination,35,Application-10-Service,EndDevice-10,Application-10-Service,3600
1423,Application-11,M_Req,missing_destination,36,Application-11-Service,EndDevice-11,Application-11-Service,3700
1429,Application-9,M_Req,missing_destination,34,Application-9-Service,EndDevice-9,Application-9-Service,3700
1434,Application-10,M_Req,missing_destination,35,Application-10-Service,EndDevice-10,Application-10-Service,3700
1477,Application-33,M_Req,missing_destination,58,Application-33-Service,EndDevice-33,Application-33-Service,3900
1478,Application-36,M_Req,missing_destination,61,Application-36-Service,EndDevice-36,Application-36-Service,3900
1524,Application-33,M_Req,missing_destination,58,Application-33-Service,EndDevice-33,Application-33-Service,4000
1525,Application-36,M_Req,missing_destination,61,Application-36-Service,EndDevice-36,Application-36-Service,4000
1555,Application-1,M_Req,missing_destination,26,Application-1-Service,EndDevice-1,Application-1-Service,4100
1556,Application-4,M_Req,missing_destination,29,Application-4-Service,EndDevice-4,Application-4-Service,4100
1572,Application-33,M_Req,missing_destination,58,Application-33-Service,EndDevice-33,Application-33-Service,4100
1573,Application-36,M_Req,missing_destination,61,Application-36-Service,EndDevice-36,Application-36-Service,4100
1577,Application-3,M_Req,missing_destination,28,Application-3-Service,EndDevice-3,Application-3-Service,4100
1578,Application-35,M_Req,missing_destination,60,Application-35-Service,EndDevice-35,Application-35-Service,4100
1587,Application-2,M_Req,missing_destination,27,Application-2-Service,EndDevice-2,Application-2-Service,4100
1602,Application-1,M_Req,missing_destination,26,Application-1-Service,EndDevice-1,Application-1-Service,4200
1603,Application-4,M_Req,missing_destination,29,Application-4-Service,EndDevice-4,Application-4-Service,4200
1616,Application-33,M_Req,missing_destination,58,Application-33-Service,EndDevice-33,Application-33-Service,4200
1617,Application-36,M_Req,missing_destination,61,Application-36-Service,EndDevice-36,Application-36-Service,4200
1621,Application-3,M_Req,missing_destination,28,Application-3-Service,EndDevice-3,Application-3-Service,4200
1622,Application-35,M_Req,missing_destination,60,Application-35-Service,EndDevice-35,Application-35-Service,4200
1650,Application-1,M_Req,missing_destination,26,Application-1-Service,EndDevice-1,Application-1-Service,4300
1651,Application-4,M_Req,missing_destination,29,Application-4-Service,EndDevice-4,Application-4-Service,4300
1669,Application-3,M_Req,missing_destination,28,Application-3-Service,EndDevice-3,Application-3-Service,4300
1670,Application-35,M_Req,missing_destination,60,Application-35-Service,EndDevice-35,Application-35-Service,4300
1682,Application-41,M_Req,missing_destination,66,Application-41-Service,EndDevice-41,Application-41-Service,4400
1687,Application-44,M_Req,missing_destination,69,Application-44-Service,EndDevice-44,Application-44-Service,4400
1688,Application-42,M_Req,missing_destination,67,Application-42-Service,EndDevice-42,Application-42-Service,4400
1696,Application-4,M_Req,missing_destination,29,Application-4-Service,EndDevice-4,Application-4-Service,4400
1730,Application-41,M_Req,missing_destination,66,Application-41-Service,EndDevice-41,Application-41-Service,4500
1735,Application-44,M_Req,missing_destination,69,Application-44-Service,EndDevice-44,Application-44-Service,4500
1736,Application-42,M_Req,missing_destination,67,Application-42-Service,EndDevice-42,Application-42-Service,4500
1744,Application-4,M_Req,missing_destination,29,Application-4-Service,EndDevice-4,Application-4-Service,4500
1788,Application-38,M_Req,missing_destination,63,Application-38-Service,EndDevice-38,Application-38-Service,4700
1789,Application-4,M_Req,missing_destination,29,Application-4-Service,EndDevice-4,Application-4-Service,4700
1790,Application-37,M_Req,missing_destination,62,Application-37-Service,EndDevice-37,Application-37-Service,4700
1802,Application-39,M_Req,missing_destination,64,Application-39-Service,EndDevice-39,Application-39-Service,4700
1807,Application-40,M_Req,missing_destination,65,Application-40-Service,EndDevice-40,Application-40-Service,4700
1811,Application-1,M_Req,missing_destination,26,Application-1-Service,EndDevice-1,Application-1-Service,4700
1835,Application-38,M_Req,missing_destination,63,Application-38-Service,EndDevice-38,Application-38-Service,4800
1836,Application-4,M_Req,missing_destination,29,Application-4-Service,EndDevice-4,Application-4-Service,4800
1837,Application-37,M_Req,missing_destination,62,Application-37-Service,EndDevice-37,Application-37-Service,4800
1847,Application-39,M_Req,missing_destination,64,Application-39-Service,EndDevice-39,Application-39-Service,4800
1851,Application-40,M_Req,missing_destination,65,Application-40-Service,EndDevice-40,Application-40-Service,4800
1855,Application-1,M_Req,missing_destination,26,Application-1-Service,EndDevice-1,Application-1-Service,4800
1883,Application-38,M_Req,missing_destination,63,Application-38-Service,EndDevice-38,Application-38-Service,4900
1884,Application-4,M_Req,missing_destination,29,Application-4-Service,EndDevice-4,Application-4-Service,4900
1885,Application-37,M_Req,missing_destination,62,Application-37-Service,EndDevice-37,Application-37-Service,4900
1895,Application-39,M_Req,missing_destination,64,Application-39-Service,EndDevice-39,Application-39-Service,4900
1899,Application-40,M_Req,missing_destination,65,Application-40-Service,EndDevice-40,Application-40-Service,4900
1903,Application-1,M_Req,missing_destination,26,Application-1-Service,EndDevice-1,Application-1-Service,4900
1912,Application-26,M_Req,missing_destination,51,Application-26-Service,EndDevice-26,Application-26-Service,5000
1925,Application-25,M_Req,missing_destination,50,Application-25-Service,EndDevice-25,Application-25-Service,5000
1927,Application-4,M_Req,missing_destination,29,Application-4-Service,EndDevice-4,Application-4-Service,5000
1928,Application-37,M_Req,missing_destination,62,Application-37-Service,EndDevice-37,Application-37-Service,5000
1934,Application-28,M_Req,missing_destination,53,Application-28-Service,EndDevice-28,Application-28-Service,5100
1938,Application-27,M_Req,missing_destination,52,Application-27-Service,EndDevice-27,Application-27-Service,5100
1960,Application-26,M_Req,missing_destination,51,Application-26-Service,EndDevice-26,Application-26-Service,5100
1973,Application-25,M_Req,missing_destination,50,Application-25-Service,EndDevice-25,Application-25-Service,5100
1975,Application-4,M_Req,missing_destination,29,Application-4-Service,EndDevice-4,Application-4-Service,5100
1976,Application-37,M_Req,missing_destination,62,Application-37-Service,EndDevice-37,Application-37-Service,5100
1982,Application-28,M_Req,missing_destination,53,Application-28-Service,EndDevice-28,Application-28-Service,5200
1985,Application-27,M_Req,missing_destination,52,Application-27-Service,EndDevice-27,Application-27-Service,5200
2002,Application-26,M_Req,missing_destination,51,Application-26-Service,EndDevice-26,Application-26-Service,5200
2012,Application-48,M_Req,missing_destination,73,Application-48-Service,EndDevice-48,Application-48-Service,5300
2030,Application-28,M_Req,missing_destination,53,Application-28-Service,EndDevice-28,Application-28-Service,5300
2033,Application-27,M_Req,missing_destination,52,Application-27-Service,EndDevice-27,Application-27-Service,5300
2037,Application-46,M_Req,missing_destination,71,Application-46-Service,EndDevice-46,Application-46-Service,5300
2039,Application-45,M_Req,missing_destination,70,Application-45-Service,EndDevice-45,Application-45-Service,5300
2042,Application-47,M_Req,missing_destination,72,Application-47-Service,EndDevice-47,Application-47-Service,5300
2044,Application-38,M_Req,missing_destination,63,Application-38-Service,EndDevice-38,Application-38-Service,5300
2047,Application-2,M_Req,missing_destination,27,Application-2-Service,EndDevice-2,Application-2-Service,5300
2050,Application-26,M_Req,missing_destination,51,Application-26-Service,EndDevice-26,Application-26-Service,5300
2060,Application-48,M_Req,missing_destination,73,Application-48-Service,EndDevice-48,Application-48-Service,5400
2074,Application-28,M_Req,missing_destination,53,Application-28-Service,EndDevice-28,Application-28-Service,5400
2077,Application-27,M_Req,missing_destination,52,Application-27-Service,EndDevice-27,Application-27-Service,5400
2081,Application-46,M_Req,missing_destination,71,Application-46-Service,EndDevice-46,Application-46-Service,5400
2083,Application-45,M_Req,missing_destination,70,Application-45-Service,EndDevice-45,Application-45-Service,5400
2084,Application-47,M_Req,missing_destination,72,Application-47-Service,EndDevice-47,Application-47-Service,5400
2086,Application-38,M_Req,missing_destination,63,Application-38-Service,EndDevice-38,Application-38-Service,5400
2108,Application-48,M_Req,missing_destination,73,Application-48-Service,EndDevice-48,Application-48-Service,5500
2129,Application-46,M_Req,missing_destination,71,Application-46-Service,EndDevice-46,Application-46-Service,5500
2131,Application-45,M_Req,missing_destination,70,Application-45-Service,EndDevice-45,Application-45-Service,5500
2132,Application-47,M_Req,missing_destination,72,Application-47-Service,EndDevice-47,Application-47-Service,5500
2134,Application-38,M_Req,missing_destination,63,Application-38-Service,EndDevice-38,Application-38-Service,5500
2140,Application-44,M_Req,missing_destination,69,Application-44-Service,EndDevice-44,Application-44-Service,5600
2145,Application-42,M_Req,missing_destination,67,Application-42-Service,EndDevice-42,Application-42-Service,5600
2159,Application-41,M_Req,missing_destination,66,Application-41-Service,EndDevice-41,Application-41-Service,5600
2188,Application-44,M_Req,missing_destination,69,Application-44-Service,EndDevice-44,Application-44-Service,5700
2193,Application-42,M_Req,missing_destination,67,Application-42-Service,EndDevice-42,Application-42-Service,5700
2207,Application-41,M_Req,missing_destination,66,Application-41-Service,EndDevice-41,Application-41-Service,5700
2231,Application-44,M_Req,missing_destination,69,Application-44-Service,EndDevice-44,Application-44-Service,5800
2235,Application-42,M_Req,missing_destination,67,Application-42-Service,EndDevice-42,Application-42-Service,5800
2254,Application-48,M_Req,missing_destination,73,Application-48-Service,EndDevice-48,Application-48-Service,5900
2279,Application-44,M_Req,missing_destination,69,Application-44-Service,EndDevice-44,Application-44-Service,5900
2283,Application-42,M_Req,missing_destination,67,Application-42-Service,EndDevice-42,Application-42-Service,5900
2300,Application-48,M_Req,missing_destination,73,Application-48-Service,EndDevice-48,Application-48-Service,6000
2348,Application-48,M_Req,missing_destination,73,Application-48-Service,EndDevice-48,Application-48-Service,6100
2374,Application-35,M_Req,missing_destination,60,Application-35-Service,EndDevice-35,Application-35-Service,6200
2375,Application-44,M_Req,missing_destination,69,Application-44-Service,EndDevice-44,Application-44-Service,6200
2389,Application-34,M_Req,missing_destination,59,Application-34-Service,EndDevice-34,Application-34-Service,6200
2391,Application-48,M_Req,missing_destination,73,Application-48-Service,EndDevice-48,Application-48-Service,6200
2397,Application-36,M_Req,missing_destination,61,Application-36-Service,EndDevice-36,Application-36-Service,6300
2422,Application-35,M_Req,missing_destination,60,Application-35-Service,EndDevice-35,Application-35-Service,6300
2423,Application-44,M_Req,missing_destination,69,Application-44-Service,EndDevice-44,Application-44-Service,6300
2437,Application-34,M_Req,missing_destination,59,Application-34-Service,EndDevice-34,Application-34-Service,6300
2439,Application-48,M_Req,missing_destination,73,Application-48-Service,EndDevice-48,Application-48-Service,6300
2478,Application-48,M_Req,missing_destination,73,Application-48-Service,EndDevice-48,Application-48-Service,6500
2495,Application-38,M_Req,missing_destination,63,Application-38-Service,EndDevice-38,Application-38-Service,6500
2499,Application-39,M_Req,missing_destination,64,Application-39-Service,EndDevice-39,Application-39-Service,6500
2505,Application-37,M_Req,missing_destination,62,Application-37-Service,EndDevice-37,Application-37-Service,6500
2518,Application-40,M_Req,missing_destination,65,Application-40-Service,EndDevice-40,Application-40-Service,6500
2525,Application-48,M_Req,missing_destination,73,Application-48-Service,EndDevice-48,Application-48-Service,6600
2540,Application-39,M_Req,missing_destination,64,Application-39-Service,EndDevice-39,Application-39-Service,6600
2546,Application-37,M_Req,missing_destination,62,Application-37-Service,EndDevice-37,Application-37-Service,6600
2573,Application-48,M_Req,missing_destination,73,Application-48-Service,EndDevice-48,Application-48-Service,6700
2588,Application-39,M_Req,missing_destination,64,Application-39-Service,EndDevice-39,Application-39-Service,6700
2594,Application-37,M_Req,missing_destination,62,Application-37-Service,EndDevice-37,Application-37-Service,6700
2602,Application-17,M_Req,missing_destination,42,Application-17-Service,EndDevice-17,Application-17-Service,6800
2609,Application-18,M_Req,missing_destination,43,Application-18-Service,EndDevice-18,Application-18-Service,6800
2613,Application-20,M_Req,missing_destination,45,Application-20-Service,EndDevice-20,Application-20-Service,6800
2618,Application-48,M_Req,missing_destination,73,Application-48-Service,EndDevice-48,Application-48-Service,6800
2635,Application-19,M_Req,missing_destination,44,Application-19-Service,EndDevice-19,Application-19-Service,6900
2650,Application-17,M_Req,missing_destination,42,Application-17-Service,EndDevice-17,Application-17-Service,6900
2657,Application-18,M_Req,missing_destination,43,Application-18-Service,EndDevice-18,Application-18-Service,6900
2661,Application-20,M_Req,missing_destination,45,Application-20-Service,EndDevice-20,Application-20-Service,6900
2666,Application-48,M_Req,missing_destination,73,Application-48-Service,EndDevice-48,Application-48-Service,6900
2681,Application-19,M_Req,missing_destination,44,Application-19-Service,EndDevice-19,Application-19-Service,7000
2693,Application-17,M_Req,missing_destination,42,Application-17-Service,EndDevice-17,Application-17-Service,7000
2700,Application-18,M_Req,missing_destination,43,Application-18-Service,EndDevice-18,Application-18-Service,7000
2713,Application-33,M_Req,missing_destination,58,Application-33-Service,EndDevice-33,Application-33-Service,7100
2720,Application-36,M_Req,missing_destination,61,Application-36-Service,EndDevice-36,Application-36-Service,7100
2729,Application-19,M_Req,missing_destination,44,Application-19-Service,EndDevice-19,Application-19-Service,7100
2740,Application-35,M_Req,missing_destination,60,Application-35-Service,EndDevice-35,Application-35-Service,7100
2741,Application-17,M_Req,missing_destination,42,Application-17-Service,EndDevice-17,Application-17-Service,7100
2745,Application-34,M_Req,missing_destination,59,Application-34-Service,EndDevice-34,Application-34-Service,7100
2748,Application-18,M_Req,missing_destination,43,Application-18-Service,EndDevice-18,Application-18-Service,7100
2760,Application-33,M_Req,missing_destination,58,Application-33-Service,EndDevice-33,Application-33-Service,7200
2764,Application-36,M_Req,missing_destination,61,Application-36-Service,EndDevice-36,Application-36-Service,7200
2773,Application-19,M_Req,missing_destination,44,Application-19-Service,EndDevice-19,Application-19-Service,7200
2808,Application-33,M_Req,missing_destination,58,Application-33-Service,EndDevice-33,Application-33-Service,7300
2812,Application-36,M_Req,missing_destination,61,Application-36-Service,EndDevice-36,Application-36-Service,7300
2828,Application-40,M_Req,missing_destination,65,Application-40-Service,EndDevice-40,Application-40-Service,7400
2832,Application-38,M_Req,missing_destination,63,Application-38-Service,EndDevice-38,Application-38-Service,7400
2849,Application-33,M_Req,missing_destination,58,Application-33-Service,EndDevice-33,Application-33-Service,7400
2852,Application-39,M_Req,missing_destination,64,Application-39-Service,EndDevice-39,Application-39-Service,7400
2853,Application-36,M_Req,missing_destination,61,Application-36-Service,EndDevice-36,Application-36-Service,7400
2859,Application-37,M_Req,missing_destination,62,Application-37-Service,EndDevice-37,Application-37-Service,7500
2876,Application-40,M_Req,missing_destination,65,Application-40-Service,EndDevice-40,Application-40-Service,7500
2880,Application-38,M_Req,missing_destination,63,Application-38-Service,EndDevice-38,Application-38-Service,7500
2897,Application-33,M_Req,missing_destination,58,Application-33-Service,EndDevice-33,Application-33-Service,7500
2900,Application-39,M_Req,missing_destination,64,Application-39-Service,EndDevice-39,Application-39-Service,7500
2901,Application-36,M_Req,missing_destination,61,Application-36-Service,EndDevice-36,Application-36-Service,7500
2935,Application-21,M_Req,missing_destination,46,Application-21-Service,EndDevice-21,Application-21-Service,7700
2952,Application-23,M_Req,missing_destination,48,Application-23-Service,EndDevice-23,Application-23-Service,7700
2953,Application-22,M_Req,missing_destination,47,Application-22-Service,EndDevice-22,Application-22-Service,7700
2959,Application-24,M_Req,missing_destination,49,Application-24-Service,EndDevice-24,Application-24-Service,7700
2995,Application-23,M_Req,missing_destination,48,Application-23-Service,EndDevice-23,Application-23-Service,7800
2996,Application-22,M_Req,missing_destination,47,Application-22-Service,EndDevice-22,Application-22-Service,7800
3001,Application-24,M_Req,missing_destination,49,Application-24-Service,EndDevice-24,Application-24-Service,7800
3074,Application-3,M_Req,missing_destination,28,Application-3-Service,EndDevice-3,Application-3-Service,8000
3083,Application-2,M_Req,missing_destination,27,Application-2-Service,EndDevice-2,Application-2-Service,8000
3084,Application-1,M_Req,missing_destination,26,Application-1-Service,EndDevice-1,Application-1-Service,8000
3122,Application-3,M_Req,missing_destination,28,Application-3-Service,EndDevice-3,Application-3-Service,8100
3131,Application-2,M_Req,missing_destination,27,Application-2-Service,EndDevice-2,Application-2-Service,8100
3132,Application-1,M_Req,missing_destination,26,Application-1-Service,EndDevice-1,Application-1-Service,8100
3169,Application-18,M_Req,missing_destination,43,Application-18-Service,EndDevice-18,Application-18-Service,8300
3176,Application-20,M_Req,missing_destination,45,Application-20-Service,EndDevice-20,Application-20-Service,8300
3199,Application-17,M_Req,missing_destination,42,Application-17-Service,EndDevice-17,Application-17-Service,8300
3204,Application-19,M_Req,missing_destination,44,Application-19-Service,EndDevice-19,Application-19-Service,8300
3222,Application-20,M_Req,missing_destination,45,Application-20-Service,EndDevice-20,Application-20-Service,8400
3270,Application-20,M_Req,missing_destination,45,Application-20-Service,EndDevice-20,Application-20-Service,8500
3286,Application-35,M_Req,missing_destination,60,Application-35-Service,EndDevice-35,Application-35-Service,8600
3289,Application-14,M_Req,missing_destination,39,Application-14-Service,EndDevice-14,Application-14-Service,8600
3311,Application-13,M_Req,missing_destination,38,Application-13-Service,EndDevice-13,Application-13-Service,8600
3314,Application-16,M_Req,missing_destination,41,Application-16-Service,EndDevice-16,Application-16-Service,8600
3334,Application-35,M_Req,missing_destination,60,Application-35-Service,EndDevice-35,Application-35-Service,8700
3337,Application-14,M_Req,missing_destination,39,Application-14-Service,EndDevice-14,Application-14-Service,8700
3359,Application-13,M_Req,missing_destination,38,Application-13-Service,EndDevice-13,Application-13-Service,8700
3362,Application-16,M_Req,missing_destination,41,Application-16-Service,EndDevice-16,Application-16-Service,8700
3391,Application-44,M_Req,missing_destination,69,Application-44-Service,EndDevice-44,Application-44-Service,8900
3394,Application-42,M_Req,missing_destination,67,Application-42-Service,EndDevice-42,Application-42-Service,8900
3397,Application-41,M_Req,missing_destination,66,Application-41-Service,EndDevice-41,Application-41-Service,8900
3420,Application-43,M_Req,missing_destination,68,Application-43-Service,EndDevice-43,Application-43-Service,8900
3439,Application-44,M_Req,missing_destination,69,Application-44-Service,EndDevice-44,Application-44-Service,9000
3442,Application-42,M_Req,missing_destination,67,Application-42-Service,EndDevice-42,Application-42-Service,9000
3444,Application-41,M_Req,missing_destination,66,Application-41-Service,EndDevice-41,Application-41-Service,9000
3519,Application-21,M_Req,missing_destination,46,Application-21-Service,EndDevice-21,Application-21-Service,9200
3526,Application-22,M_Req,missing_destination,47,Application-22-Service,EndDevice-22,Application-22-Service,9200
3527,Application-23,M_Req,missing_destination,48,Application-23-Service,EndDevice-23,Application-23-Service,9200
3567,Application-21,M_Req,missing_destination,46,Application-21-Service,EndDevice-21,Application-21-Service,9300
3574,Application-22,M_Req,missing_destination,47,Application-22-Service,EndDevice-22,Application-22-Service,9300
3575,Application-23,M_Req,missing_destination,48,Application-23-Service,EndDevice-23,Application-23-Service,9300
3628,Application-36,M_Req,missing_destination,61,Application-36-Service,EndDevice-36,Application-36-Service,9500
3647,Application-33,M_Req,missing_destination,58,Application-33-Service,EndDevice-33,Application-33-Service,9500
3656,Application-35,M_Req,missing_destination,60,Application-35-Service,EndDevice-35,Application-35-Service,9500
3658,Application-34,M_Req,missing_destination,59,Application-34-Service,EndDevice-34,Application-34-Service,9500
3675,Application-36,M_Req,missing_destination,61,Application-36-Service,EndDevice-36,Application-36-Service,9600
3691,Application-33,M_Req,missing_destination,58,Application-33-Service,EndDevice-33,Application-33-Service,9600
3723,Application-36,M_Req,missing_destination,61,Application-36-Service,EndDevice-36,Application-36-Service,9700
3739,Application-33,M_Req,missing_destination,58,Application-33-Service,EndDevice-33,Application-33-Service,9700
3763,Application-13,M_Req,missing_destination,38,Application-13-Service,EndDevice-13,Application-13-Service,9800
3764,Application-36,M_Req,missing_destination,61,Application-36-Service,EndDevice-36,Application-36-Service,9800
3766,Application-16,M_Req,missing_destination,41,Application-16-Service,EndDevice-16,Application-16-Service,9800
3771,Application-14,M_Req,missing_destination,39,Application-14-Service,EndDevice-14,Application-14-Service,9800
3781,Application-15,M_Req,missing_destination,40,Application-15-Service,EndDevice-15,Application-15-Service,9900
3811,Application-13,M_Req,missing_destination,38,Application-13-Service,EndDevice-13,Application-13-Service,9900
3812,Application-36,M_Req,missing_destination,61,Application-36-Service,EndDevice-36,Application-36-Service,9900
3814,Application-16,M_Req,missing_destination,41,Application-16-Service,EndDevice-16,Application-16-Service,9900
3819,Application-14,M_Req,missing_destination,39,Application-14-Service,EndDevice-14,Application-14-Service,9900
3864,Application-11,M_Req,missing_destination,36,Application-11-Service,EndDevice-11,Application-11-Service,10100
3871,Application-10,M_Req,missing_destination,35,Application-10-Service,EndDevice-10,Application-10-Service,10100
3873,Application-12,M_Req,missing_destination,37,Application-12-Service,EndDevice-12,Application-12-Service,10100
3888,Application-9,M_Req,missing_destination,34,Application-9-Service,EndDevice-9,Application-9-Service,10100
3911,Application-11,M_Req,missing_destination,36,Application-11-Service,EndDevice-11,Application-11-Service,10200
3917,Application-10,M_Req,missing_destination,35,Application-10-Service,EndDevice-10,Application-10-Service,10200
3919,Application-12,M_Req,missing_destination,37,Application-12-Service,EndDevice-12,Application-12-Service,10200
3979,Application-48,M_Req,missing_destination,73,Application-48-Service,EndDevice-48,Application-48-Service,10400
3984,Application-46,M_Req,missing_destination,71,Application-46-Service,EndDevice-46,Application-46-Service,10400
3989,Application-45,M_Req,missing_destination,70,Application-45-Service,EndDevice-45,Application-45-Service,10400
3998,Application-47,M_Req,missing_destination,72,Application-47-Service,EndDevice-47,Application-47-Service,10400
4027,Application-48,M_Req,missing_destination,73,Application-48-Service,EndDevice-48,Application-48-Service,10500
4032,Application-46,M_Req,missing_destination,71,Application-46-Service,EndDevice-46,Application-46-Service,10500
4037,Application-45,M_Req,missing_destination,70,Application-45-Service,EndDevice-45,Application-45-Service,10500
4046,Application-47,M_Req,missing_destination,72,Application-47-Service,EndDevice-47,Application-47-Service,10500
4074,Application-46,M_Req,missing_destination,71,Application-46-Service,EndDevice-46,Application-46-Service,10600
4078,Application-45,M_Req,missing_destination,70,Application-45-Service,EndDevice-45,Application-45-Service,10700
4084,Application-40,M_Req,missing_destination,65,Application-40-Service,EndDevice-40,Application-40-Service,10700
4099,Application-39,M_Req,missing_destination,64,Application-39-Service,EndDevice-39,Application-39-Service,10700
4114,Application-35,M_Req,missing_destination,60,Application-35-Service,EndDevice-35,Application-35-Service,10700
4115,Application-38,M_Req,missing_destination,63,Application-38-Service,EndDevice-38,Application-38-Service,10700
4122,Application-46,M_Req,missing_destination,71,Application-46-Service,EndDevice-46,Application-46-Service,10700
4123,Application-37,M_Req,missing_destination,62,Application-37-Service,EndDevice-37,Application-37-Service,10700
4126,Application-45,M_Req,missing_destination,70,Application-45-Service,EndDevice-45,Application-45-Service,10800
4131,Application-40,M_Req,missing_destination,65,Application-40-Service,EndDevice-40,Application-40-Service,10800
4158,Application-35,M_Req,missing_destination,60,Application-35-Service,EndDevice-35,Application-35-Service,10800
4159,Application-38,M_Req,missing_destination,63,Application-38-Service,EndDevice-38,Application-38-Service,10800
4224,Application-23,M_Req,missing_destination,48,Application-23-Service,EndDevice-23,Application-23-Service,11000
4232,Application-22,M_Req,missing_destination,47,Application-22-Service,EndDevice-22,Application-22-Service,11000
4239,Application-24,M_Req,missing_destination,49,Application-24-Service,EndDevice-24,Application-24-Service,11100
4272,Application-23,M_Req,missing_destination,48,Application-23-Service,EndDevice-23,Application-23-Service,11100
4280,Application-22,M_Req,missing_destination,47,Application-22-Service,EndDevice-22,Application-22-Service,11100
4311,Application-20,M_Req,missing_destination,45,Application-20-Service,EndDevice-20,Application-20-Service,11300
4316,Application-17,M_Req,missing_destination,42,Application-17-Service,EndDevice-17,Application-17-Service,11300
4321,Application-19,M_Req,missing_destination,44,Application-19-Service,EndDevice-19,Application-19-Service,11300
4323,Application-18,M_Req,missing_destination,43,Application-18-Service,EndDevice-18,Application-18-Service,11300
4359,Application-20,M_Req,missing_destination,45,Application-20-Service,EndDevice-20,Application-20-Service,11400
4364,Application-17,M_Req,missing_destination,42,Application-17-Service,EndDevice-17,Application-17-Service,11400
4369,Application-19,M_Req,missing_destination,44,Application-19-Service,EndDevice-19,Application-19-Service,11400
4407,Application-20,M_Req,missing_destination,45,Application-20-Service,EndDevice-20,Application-20-Service,11500
4412,Application-17,M_Req,missing_destination,42,Application-17-Service,EndDevice-17,Application-17-Service,11500
4417,Application-19,M_Req,missing_destination,44,Application-19-Service,EndDevice-19,Application-19-Service,11500
4440,Application-1,M_Req,missing_destination,26,Application-1-Service,EndDevice-1,Application-1-Service,11600
4447,Application-3,M_Req,missing_destination,28,Application-3-Service,EndDevice-3,Application-3-Service,11600
4454,Application-20,M_Req,missing_destination,45,Application-20-Service,EndDevice-20,Application-20-Service,11600
4457,Application-17,M_Req,missing_destination,42,Application-17-Service,EndDevice-17,Application-17-Service,11600
4461,Application-19,M_Req,missing_destination,44,Application-19-Service,EndDevice-19,Application-19-Service,11600
4463,Application-4,M_Req,missing_destination,29,Application-4-Service,EndDevice-4,Application-4-Service,11600
4472,Application-2,M_Req,missing_destination,27,Application-2-Service,EndDevice-2,Application-2-Service,11700
4488,Application-1,M_Req,missing_destination,26,Application-1-Service,EndDevice-1,Application-1-Service,11700
4495,Application-3,M_Req,missing_destination,28,Application-3-Service,EndDevice-3,Application-3-Service,11700
4502,Application-20,M_Req,missing_destination,45,Application-20-Service,EndDevice-20,Application-20-Service,11700
4505,Application-17,M_Req,missing_destination,42,Application-17-Service,EndDevice-17,Application-17-Service,11700
4509,Application-19,M_Req,missing_destination,44,Application-19-Service,EndDevice-19,Application-19-Service,11700
4511,Application-4,M_Req,missing_destination,29,Application-4-Service,EndDevice-4,Application-4-Service,11700
4533,Application-1,M_Req,missing_destination,26,Application-1-Service,EndDevice-1,Application-1-Service,11800
4538,Application-3,M_Req,missing_destination,28,Application-3-Service,EndDevice-3,Application-3-Service,11800
4553,Application-23,M_Req,missing_destination,48,Application-23-Service,EndDevice-23,Application-23-Service,11900
4565,Application-22,M_Req,missing_destination,47,Application-22-Service,EndDevice-22,Application-22-Service,11900
4571,Application-21,M_Req,missing_destination,46,Application-21-Service,EndDevice-21,Application-21-Service,11900
4575,Application-24,M_Req,missing_destination,49,Application-24-Service,EndDevice-24,Application-24-Service,11900
4581,Application-1,M_Req,missing_destination,26,Application-1-Service,EndDevice-1,Application-1-Service,11900
4586,Application-3,M_Req,missing_destination,28,Application-3-Service,EndDevice-3,Application-3-Service,11900
4599,Application-23,M_Req,missing_destination,48,Application-23-Service,EndDevice-23,Application-23-Service,12000
4614,Application-21,M_Req,missing_destination,46,Application-21-Service,EndDevice-21,Application-21-Service,12000
4616,Application-24,M_Req,missing_destination,49,Application-24-Service,EndDevice-24,Application-24-Service,12000
4647,Application-23,M_Req,missing_destination,48,Application-23-Service,EndDevice-23,Application-23-Service,12100
4662,Application-21,M_Req,missing_destination,46,Application-21-Service,EndDevice-21,Application-21-Service,12100
4664,Application-24,M_Req,missing_destination,49,Application-24-Service,EndDevice-24,Application-24-Service,12100
4670,Application-1,M_Req,missing_destination,26,Application-1-Service,EndDevice-1,Application-1-Service,12200
4672,Application-10,M_Req,missing_destination,35,Application-10-Service,EndDevice-10,Application-10-Service,12200
4674,Application-9,M_Req,missing_destination,34,Application-9-Service,EndDevice-9,Application-9-Service,12200
4688,Application-23,M_Req,missing_destination,48,Application-23-Service,EndDevice-23,Application-23-Service,12200
4695,Application-11,M_Req,missing_destination,36,Application-11-Service,EndDevice-11,Application-11-Service,12200
4701,Application-21,M_Req,missing_destination,46,Application-21-Service,EndDevice-21,Application-21-Service,12300
4706,Application-12,M_Req,missing_destination,37,Application-12-Service,EndDevice-12,Application-12-Service,12300
4718,Application-1,M_Req,missing_destination,26,Application-1-Service,EndDevice-1,Application-1-Service,12300
4720,Application-10,M_Req,missing_destination,35,Application-10-Service,EndDevice-10,Application-10-Service,12300
4722,Application-9,M_Req,missing_destination,34,Application-9-Service,EndDevice-9,Application-9-Service,12300
4736,Application-23,M_Req,missing_destination,48,Application-23-Service,EndDevice-23,Application-23-Service,12300
4743,Application-11,M_Req,missing_destination,36,Application-11-Service,EndDevice-11,Application-11-Service,12300
4748,Application-21,M_Req,missing_destination,46,Application-21-Service,EndDevice-21,Application-21-Service,12400
4752,Application-12,M_Req,missing_destination,37,Application-12-Service,EndDevice-12,Application-12-Service,12400
4762,Application-1,M_Req,missing_destination,26,Application-1-Service,EndDevice-1,Application-1-Service,12400
4764,Application-10,M_Req,missing_destination,35,Application-10-Service,EndDevice-10,Application-10-Service,12400
4766,Application-9,M_Req,missing_destination,34,Application-9-Service,EndDevice-9,Application-9-Service,12400
4782,Application-11,M_Req,missing_destination,36,Application-11-Service,EndDevice-11,Application-11-Service,12500
4783,Application-41,M_Req,missing_destination,66,Application-41-Service,EndDevice-41,Application-41-Service,12500
4784,Application-42,M_Req,missing_destination,67,Application-42-Service,EndDevice-42,Application-42-Service,12500
4796,Application-21,M_Req,missing_destination,46,Application-21-Service,EndDevice-21,Application-21-Service,12500
4798,Application-44,M_Req,missing_destination,69,Application-44-Service,EndDevice-44,Application-44-Service,12500
4800,Application-12,M_Req,missing_destination,37,Application-12-Service,EndDevice-12,Application-12-Service,12500
4810,Application-1,M_Req,missing_destination,26,Application-1-Service,EndDevice-1,Application-1-Service,12500
4811,Application-43,M_Req,missing_destination,68,Application-43-Service,EndDevice-43,Application-43-Service,12500
4812,Application-10,M_Req,missing_destination,35,Application-10-Service,EndDevice-10,Application-10-Service,12500
4814,Application-9,M_Req,missing_destination,34,Application-9-Service,EndDevice-9,Application-9-Service,12500
4829,Application-41,M_Req,missing_destination,66,Application-41-Service,EndDevice-41,Application-41-Service,12600
4830,Application-42,M_Req,missing_destination,67,Application-42-Service,EndDevice-42,Application-42-Service,12600
4840,Application-21,M_Req,missing_destination,46,Application-21-Service,EndDevice-21,Application-21-Service,12600
4842,Application-44,M_Req,missing_destination,69,Application-44-Service,EndDevice-44,Application-44-Service,12600
4844,Application-12,M_Req,missing_destination,37,Application-12-Service,EndDevice-12,Application-12-Service,12600
4877,Application-41,M_Req,missing_destination,66,Application-41-Service,EndDevice-41,Application-41-Service,12700
4878,Application-42,M_Req,missing_destination,67,Application-42-Service,EndDevice-42,Application-42-Service,12700
4890,Application-44,M_Req,missing_destination,69,Application-44-Service,EndDevice-44,Application-44-Service,12700
4902,Application-10,M_Req,missing_destination,35,Application-10-Service,EndDevice-10,Application-10-Service,12800
4911,Application-43,M_Req,missing_destination,68,Application-43-Service,EndDevice-43,Application-43-Service,12800
4916,Application-20,M_Req,missing_destination,45,Application-20-Service,EndDevice-20,Application-20-Service,12800
4917,Application-17,M_Req,missing_destination,42,Application-17-Service,EndDevice-17,Application-17-Service,12800
4922,Application-19,M_Req,missing_destination,44,Application-19-Service,EndDevice-19,Application-19-Service,12800
4923,Application-41,M_Req,missing_destination,66,Application-41-Service,EndDevice-41,Application-41-Service,12800
4924,Application-42,M_Req,missing_destination,67,Application-42-Service,EndDevice-42,Application-42-Service,12800
4926,Application-18,M_Req,missing_destination,43,Application-18-Service,EndDevice-18,Application-18-Service,12800
4950,Application-10,M_Req,missing_destination,35,Application-10-Service,EndDevice-10,Application-10-Service,12900
4959,Application-43,M_Req,missing_destination,68,Application-43-Service,EndDevice-43,Application-43-Service,12900
4964,Application-20,M_Req,missing_destination,45,Application-20-Service,EndDevice-20,Application-20-Service,12900
4965,Application-17,M_Req,missing_destination,42,Application-17-Service,EndDevice-17,Application-17-Service,12900
4970,Application-19,M_Req,missing_destination,44,Application-19-Service,EndDevice-19,Application-19-Service,12900
4971,Application-41,M_Req,missing_destination,66,Application-41-Service,EndDevice-41,Application-41-Service,12900
4972,Application-42,M_Req,missing_destination,67,Application-42-Service,EndDevice-42,Application-42-Service,12900
4974,Application-18,M_Req,missing_destination,43,Application-18-Service,EndDevice-18,Application-18-Service,12900
5001,Application-43,M_Req,missing_destination,68,Application-43-Service,EndDevice-43,Application-43-Service,13000
5007,Application-48,M_Req,missing_destination,73,Application-48-Service,EndDevice-48,Application-48-Service,13100
5024,Application-46,M_Req,missing_destination,71,Application-46-Service,EndDevice-46,Application-46-Service,13100
5025,Application-45,M_Req,missing_destination,70,Application-45-Service,EndDevice-45,Application-45-Service,13100
5038,Application-47,M_Req,missing_destination,72,Application-47-Service,EndDevice-47,Application-47-Service,13100
5049,Application-43,M_Req,missing_destination,68,Application-43-Service,EndDevice-43,Application-43-Service,13100
5055,Application-48,M_Req,missing_destination,73,Application-48-Service,EndDevice-48,Application-48-Service,13200
5067,Application-46,M_Req,missing_destination,71,Application-46-Service,EndDevice-46,Application-46-Service,13200
5068,Application-45,M_Req,missing_destination,70,Application-45-Service,EndDevice-45,Application-45-Service,13200
5103,Application-48,M_Req,missing_destination,73,Application-48-Service,EndDevice-48,Application-48-Service,13300
5115,Application-46,M_Req,missing_destination,71,Application-46-Service,EndDevice-46,Application-46-Service,13300
5116,Application-45,M_Req,missing_destination,70,Application-45-Service,EndDevice-45,Application-45-Service,13300
5143,Application-23,M_Req,missing_destination,48,Application-23-Service,EndDevice-23,Application-23-Service,13400
5148,Application-48,M_Req,missing_destination,73,Application-48-Service,EndDevice-48,Application-48-Service,13400
5158,Application-46,M_Req,missing_destination,71,Application-46-Service,EndDevice-46,Application-46-Service,13400
5161,Application-21,M_Req,missing_destination,46,Application-21-Service,EndDevice-21,Application-21-Service,13500
5168,Application-22,M_Req,missing_destination,47,Application-22-Service,EndDevice-22,Application-22-Service,13500
5191,Application-23,M_Req,missing_destination,48,Application-23-Service,EndDevice-23,Application-23-Service,13500
5196,Application-48,M_Req,missing_destination,73,Application-48-Service,EndDevice-48,Application-48-Service,13500
5206,Application-46,M_Req,missing_destination,71,Application-46-Service,EndDevice-46,Application-46-Service,13500
5208,Application-21,M_Req,missing_destination,46,Application-21-Service,EndDevice-21,Application-21-Service,13600
5214,Application-22,M_Req,missing_destination,47,Application-22-Service,EndDevice-22,Application-22-Service,13600
5240,Application-34,M_Req,missing_destination,59,Application-34-Service,EndDevice-34,Application-34-Service,13700
5256,Application-21,M_Req,missing_destination,46,Application-21-Service,EndDevice-21,Application-21-Service,13700
5261,Application-33,M_Req,missing_destination,58,Application-33-Service,EndDevice-33,Application-33-Service,13700
5262,Application-22,M_Req,missing_destination,47,Application-22-Service,EndDevice-22,Application-22-Service,13700
5268,Application-36,M_Req,missing_destination,61,Application-36-Service,EndDevice-36,Application-36-Service,13700
5281,Application-35,M_Req,missing_destination,60,Application-35-Service,EndDevice-35,Application-35-Service,13700
5288,Application-34,M_Req,missing_destination,59,Application-34-Service,EndDevice-34,Application-34-Service,13800
5300,Application-21,M_Req,missing_destination,46,Application-21-Service,EndDevice-21,Application-21-Service,13800
5304,Application-33,M_Req,missing_destination,58,Application-33-Service,EndDevice-33,Application-33-Service,13800
5348,Application-21,M_Req,missing_destination,46,Application-21-Service,EndDevice-21,Application-21-Service,13900
5387,Application-25,M_Req,missing_destination,50,Application-25-Service,EndDevice-25,Application-25-Service,14000
5394,Application-27,M_Req,missing_destination,52,Application-27-Service,EndDevice-27,Application-27-Service,14100
5435,Application-25,M_Req,missing_destination,50,Application-25-Service,EndDevice-25,Application-25-Service,14100
5468,Application-19,M_Req,missing_destination,44,Application-19-Service,EndDevice-19,Application-19-Service,14300
5471,Application-17,M_Req,missing_destination,42,Application-17-Service,EndDevice-17,Application-17-Service,14300
5491,Application-20,M_Req,missing_destination,45,Application-20-Service,EndDevice-20,Application-20-Service,14300
5506,Application-18,M_Req,missing_destination,43,Application-18-Service,EndDevice-18,Application-18-Service,14300
5516,Application-19,M_Req,missing_destination,44,Application-19-Service,EndDevice-19,Application-19-Service,14400
5517,Application-17,M_Req,missing_destination,42,Application-17-Service,EndDevice-17,Application-17-Service,14400
5534,Application-20,M_Req,missing_destination,45,Application-20-Service,EndDevice-20,Application-20-Service,14400
5621,Application-27,M_Req,missing_destination,52,Application-27-Service,EndDevice-27,Application-27-Service,14700
5626,Application-26,M_Req,missing_destination,51,Application-26-Service,EndDevice-26,Application-26-Service,14700
5669,Application-27,M_Req,missing_destination,52,Application-27-Service,EndDevice-27,Application-27-Service,14800
5699,Application-23,M_Req,missing_destination,48,Application-23-Service,EndDevice-23,Application-23-Service,14900
5701,Application-16,M_Req,missing_destination,41,Application-16-Service,EndDevice-16,Application-16-Service,14900
5717,Application-27,M_Req,missing_destination,52,Application-27-Service,EndDevice-27,Application-27-Service,14900
5719,Application-15,M_Req,missing_destination,40,Application-15-Service,EndDevice-15,Application-15-Service,14900
5720,Application-14,M_Req,missing_destination,39,Application-14-Service,EndDevice-14,Application-14-Service,14900
5721,Application-13,M_Req,missing_destination,38,Application-13-Service,EndDevice-13,Application-13-Service,14900
5747,Application-23,M_Req,missing_destination,48,Application-23-Service,EndDevice-23,Application-23-Service,15000
5748,Application-16,M_Req,missing_destination,41,Application-16-Service,EndDevice-16,Application-16-Service,15000
5763,Application-27,M_Req,missing_destination,52,Application-27-Service,EndDevice-27,Application-27-Service,15000
5765,Application-15,M_Req,missing_destination,40,Application-15-Service,EndDevice-15,Application-15-Service,15000
5766,Application-14,M_Req,missing_destination,39,Application-14-Service,EndDevice-14,Application-14-Service,15000
5811,Application-27,M_Req,missing_destination,52,Application-27-Service,EndDevice-27,Application-27-Service,15100
5824,Application-6,M_Req,missing_destination,31,Application-6-Service,EndDevice-6,Application-6-Service,15200
5835,Application-7,M_Req,missing_destination,32,Application-7-Service,EndDevice-7,Application-7-Service,15200
5838,Application-28,M_Req,missing_destination,53,Application-28-Service,EndDevice-28,Application-28-Service,15200
5844,Application-5,M_Req,missing_destination,30,Application-5-Service,EndDevice-5,Application-5-Service,15200
5872,Application-6,M_Req,missing_destination,31,Application-6-Service,EndDevice-6,Application-6-Service,15300
5883,Application-7,M_Req,missing_destination,32,Application-7-Service,EndDevice-7,Application-7-Service,15300
5886,Application-28,M_Req,missing_destination,53,Application-28-Service,EndDevice-28,Application-28-Service,15300
5892,Application-5,M_Req,missing_destination,30,Application-5-Service,EndDevice-5,Application-5-Service,15300
5925,Application-7,M_Req,missing_destination,32,Application-7-Service,EndDevice-7,Application-7-Service,15400
5931,Application-33,M_Req,missing_destination,58,Application-33-Service,EndDevice-33,Application-33-Service,15500
5932,Application-5,M_Req,missing_destination,30,Application-5-Service,EndDevice-5,Application-5-Service,15500
5936,Application-35,M_Req,missing_destination,60,Application-35-Service,EndDevice-35,Application-35-Service,15500
5968,Application-36,M_Req,missing_destination,61,Application-36-Service,EndDevice-36,Application-36-Service,15500
5973,Application-7,M_Req,missing_destination,32,Application-7-Service,EndDevice-7,Application-7-Service,15500
5974,Application-34,M_Req,missing_destination,59,Application-34-Service,EndDevice-34,Application-34-Service,15500
5978,Application-5,M_Req,missing_destination,30,Application-5-Service,EndDevice-5,Application-5-Service,15600
5981,Application-35,M_Req,missing_destination,60,Application-35-Service,EndDevice-35,Application-35-Service,15600
6026,Application-5,M_Req,missing_destination,30,Application-5-Service,EndDevice-5,Application-5-Service,15700
6029,Application-35,M_Req,missing_destination,60,Application-35-Service,EndDevice-35,Application-35-Service,15700
6070,Application-5,M_Req,missing_destination,30,Application-5-Service,EndDevice-5,Application-5-Service,15800
6073,Application-35,M_Req,missing_destination,60,Application-35-Service,EndDevice-35,Application-35-Service,15800
6118,Application-5,M_Req,missing_destination,30,Application-5-Service,EndDevice-5,Application-5-Service,15900
6121,Application-35,M_Req,missing_destination,60,Application-35-Service,EndDevice-35,Application-35-Service,15900
6281,Application-1,M_Req,missing_destination,26,Application-1-Service,EndDevice-1,Application-1-Service,16400
6298,Application-3,M_Req,missing_destination,28,Application-3-Service,EndDevice-3,Application-3-Service,16400
6304,Application-4,M_Req,missing_destination,29,Application-4-Service,EndDevice-4,Application-4-Service,16400
6314,Application-2,M_Req,missing_destination,27,Application-2-Service,EndDevice-2,Application-2-Service,16500
6329,Application-1,M_Req,missing_destination,26,Application-1-Service,EndDevice-1,Application-1-Service,16500
6346,Application-3,M_Req,missing_destination,28,Application-3-Service,EndDevice-3,Application-3-Service,16500
6352,Application-4,M_Req,missing_destination,29,Application-4-Service,EndDevice-4,Application-4-Service,16500
6361,Application-2,M_Req,missing_destination,27,Application-2-Service,EndDevice-2,Application-2-Service,16600
6392,Application-20,M_Req,missing_destination,45,Application-20-Service,EndDevice-20,Application-20-Service,16700
6393,Application-17,M_Req,missing_destination,42,Application-17-Service,EndDevice-17,Application-17-Service,16700
6409,Application-2,M_Req,missing_destination,27,Application-2-Service,EndDevice-2,Application-2-Service,16700
6419,Application-18,M_Req,missing_destination,43,Application-18-Service,EndDevice-18,Application-18-Service,16700
6420,Application-19,M_Req,missing_destination,44,Application-19-Service,EndDevice-19,Application-19-Service,16700
6439,Application-20,M_Req,missing_destination,45,Application-20-Service,EndDevice-20,Application-20-Service,16800
6440,Application-17,M_Req,missing_destination,42,Application-17-Service,EndDevice-17,Application-17-Service,16800
6452,Application-2,M_Req,missing_destination,27,Application-2-Service,EndDevice-2,Application-2-Service,16800
6461,Application-18,M_Req,missing_destination,43,Application-18-Service,EndDevice-18,Application-18-Service,16800
6462,Application-19,M_Req,missing_destination,44,Application-19-Service,EndDevice-19,Application-19-Service,16800
6500,Application-2,M_Req,missing_destination,27,Application-2-Service,EndDevice-2,Application-2-Service,16900
6520,Application-38,M_Req,missing_destination,63,Application-38-Service,EndDevice-38,Application-38-Service,17000
6526,Application-35,M_Req,missing_destination,60,Application-35-Service,EndDevice-35,Application-35-Service,17000
6528,Application-3,M_Req,missing_destination,28,Application-3-Service,EndDevice-3,Application-3-Service,17000
6530,Application-40,M_Req,missing_destination,65,Application-40-Service,EndDevice-40,Application-40-Service,17000
6541,Application-37,M_Req,missing_destination,62,Application-37-Service,EndDevice-37,Application-37-Service,17100
6568,Application-38,M_Req,missing_destination,63,Application-38-Service,EndDevice-38,Application-38-Service,17100
6574,Application-35,M_Req,missing_destination,60,Application-35-Service,EndDevice-35,Application-35-Service,17100
6576,Application-3,M_Req,missing_destination,28,Application-3-Service,EndDevice-3,Application-3-Service,17100
6578,Application-40,M_Req,missing_destination,65,Application-40-Service,EndDevice-40,Application-40-Service,17100
6619,Application-25,M_Req,missing_destination,50,Application-25-Service,EndDevice-25,Application-25-Service,17300
6652,Application-28,M_Req,missing_destination,53,Application-28-Service,EndDevice-28,Application-28-Service,17300
6656,Application-27,M_Req,missing_destination,52,Application-27-Service,EndDevice-27,Application-27-Service,17300
6664,Application-26,M_Req,missing_destination,51,Application-26-Service,EndDevice-26,Application-26-Service,17300
6666,Application-25,M_Req,missing_destination,50,Application-25-Service,EndDevice-25,Application-25-Service,17400
6714,Application-25,M_Req,missing_destination,50,Application-25-Service,EndDevice-25,Application-25-Service,17500
6749,Application-26,M_Req,missing_destination,51,Application-26-Service,EndDevice-26,Application-26-Service,17600
6754,Application-28,M_Req,missing_destination,53,Application-28-Service,EndDevice-28,Application-28-Service,17600
6762,Application-13,M_Req,missing_destination,38,Application-13-Service,EndDevice-13,Application-13-Service,17600
6763,Application-15,M_Req,missing_destination,40,Application-15-Service,EndDevice-15,Application-15-Service,17600
6774,Application-14,M_Req,missing_destination,39,Application-14-Service,EndDevice-14,Application-14-Service,17700
6797,Application-26,M_Req,missing_destination,51,Application-26-Service,EndDevice-26,Application-26-Service,17700
6802,Application-28,M_Req,missing_destination,53,Application-28-Service,EndDevice-28,Application-28-Service,17700
6810,Application-13,M_Req,missing_destination,38,Application-13-Service,EndDevice-13,Application-13-Service,17700
6811,Application-15,M_Req,missing_destination,40,Application-15-Service,EndDevice-15,Application-15-Service,17700
6820,Application-14,M_Req,missing_destination,39,Application-14-Service,EndDevice-14,Application-14-Service,17800
6838,Application-26,M_Req,missing_destination,51,Application-26-Service,EndDevice-26,Application-26-Service,17800
6843,Application-28,M_Req,missing_destination,53,Application-28-Service,EndDevice-28,Application-28-Service,17800
6845,Application-3,M_Req,missing_destination,28,Application-3-Service,EndDevice-3,Application-3-Service,17900
6846,Application-4,M_Req,missing_destination,29,Application-4-Service,EndDevice-4,Application-4-Service,17900
6847,Application-1,M_Req,missing_destination,26,Application-1-Service,EndDevice-1,Application-1-Service,17900
6858,Application-2,M_Req,missing_destination,27,Application-2-Service,EndDevice-2,Application-2-Service,17900
6868,Application-14,M_Req,missing_destination,39,Application-14-Service,EndDevice-14,Application-14-Service,17900
6886,Application-26,M_Req,missing_destination,51,Application-26-Service,EndDevice-26,Application-26-Service,17900
6891,Application-28,M_Req,missing_destination,53,Application-28-Service,EndDevice-28,Application-28-Service,17900
6892,Application-4,M_Req,missing_destination,29,Application-4-Service,EndDevice-4,Application-4-Service,18000
6901,Application-2,M_Req,missing_destination,27,Application-2-Service,EndDevice-2,Application-2-Service,18000
6910,Application-14,M_Req,missing_destination,39,Application-14-Service,EndDevice-14,Application-14-Service,18000
6940,Application-4,M_Req,missing_destination,29,Application-4-Service,EndDevice-4,Application-4-Service,18100
6949,Application-2,M_Req,missing_destination,27,Application-2-Service,EndDevice-2,Application-2-Service,18100
6986,Application-4,M_Req,missing_destination,29,Application-4-Service,EndDevice-4,Application-4-Service,18200
6993,Application-2,M_Req,missing_destination,27,Application-2-Service,EndDevice-2,Application-2-Service,18200
7002,Application-10,M_Req,missing_destination,35,Application-10-Service,EndDevice-10,Application-10-Service,18300
7005,Application-12,M_Req,missing_destination,37,Application-12-Service,EndDevice-12,Application-12-Service,18300
7009,Application-9,M_Req,missing_destination,34,Application-9-Service,EndDevice-9,Application-9-Service,18300
7034,Application-4,M_Req,missing_destination,29,Application-4-Service,EndDevice-4,Application-4-Service,18300
7041,Application-2,M_Req,missing_destination,27,Application-2-Service,EndDevice-2,Application-2-Service,18300
7050,Application-10,M_Req,missing_destination,35,Application-10-Service,EndDevice-10,Application-10-Service,18400
7052,Application-12,M_Req,missing_destination,37,Application-12-Service,EndDevice-12,Application-12-Service,18400
7055,Application-9,M_Req,missing_destination,34,Application-9-Service,EndDevice-9,Application-9-Service,18400
7076,Application-4,M_Req,missing_destination,29,Application-4-Service,EndDevice-4,Application-4-Service,18500
7082,Application-21,M_Req,missing_destination,46,Application-21-Service,EndDevice-21,Application-21-Service,18500
7083,Application-2,M_Req,missing_destination,27,Application-2-Service,EndDevice-2,Application-2-Service,18500
7088,Application-22,M_Req,missing_destination,47,Application-22-Service,EndDevice-22,Application-22-Service,18500
7089,Application-23,M_Req,missing_destination,48,Application-23-Service,EndDevice-23,Application-23-Service,18500
7091,Application-24,M_Req,missing_destination,49,Application-24-Service,EndDevice-24,Application-24-Service,18500
7098,Application-10,M_Req,missing_destination,35,Application-10-Service,EndDevice-10,Application-10-Service,18500
7100,Application-12,M_Req,missing_destination,37,Application-12-Service,EndDevice-12,Application-12-Service,18500
7103,Application-9,M_Req,missing_destination,34,Application-9-Service,EndDevice-9,Application-9-Service,18500
7124,Application-4,M_Req,missing_destination,29,Application-4-Service,EndDevice-4,Application-4-Service,18600
7127,Application-2,M_Req,missing_destination,27,Application-2-Service,EndDevice-2,Application-2-Service,18600
7131,Application-22,M_Req,missing_destination,47,Application-22-Service,EndDevice-22,Application-22-Service,18600
7132,Application-23,M_Req,missing_destination,48,Application-23-Service,EndDevice-23,Application-23-Service,18600
7134,Application-24,M_Req,missing_destination,49,Application-24-Service,EndDevice-24,Application-24-Service,18600
7141,Application-10,M_Req,missing_destination,35,Application-10-Service,EndDevice-10,Application-10-Service,18600
7143,Application-12,M_Req,missing_destination,37,Application-12-Service,EndDevice-12,Application-12-Service,18600
7146,Application-9,M_Req,missing_destination,34,Application-9-Service,EndDevice-9,Application-9-Service,18600
7172,Application-4,M_Req,missing_destination,29,Application-4-Service,EndDevice-4,Application-4-Service,18700
7175,Application-2,M_Req,missing_destination,27,Application-2-Service,EndDevice-2,Application-2-Service,18700
7179,Application-22,M_Req,missing_destination,47,Application-22-Service,EndDevice-22,Application-22-Service,18700
7180,Application-23,M_Req,missing_destination,48,Application-23-Service,EndDevice-23,Application-23-Service,18700
7182,Application-24,M_Req,missing_destination,49,Application-24-Service,EndDevice-24,Application-24-Service,18700
7207,Application-6,M_Req,missing_destination,31,Application-6-Service,EndDevice-6,Application-6-Service,18800
7216,Application-8,M_Req,missing_destination,33,Application-8-Service,EndDevice-8,Application-8-Service,18800
7217,Application-5,M_Req,missing_destination,30,Application-5-Service,EndDevice-5,Application-5-Service,18800
7218,Application-4,M_Req,missing_destination,29,Application-4-Service,EndDevice-4,Application-4-Service,18800
7221,Application-2,M_Req,missing_destination,27,Application-2-Service,EndDevice-2,Application-2-Service,18800
7225,Application-24,M_Req,missing_destination,49,Application-24-Service,EndDevice-24,Application-24-Service,18800
7255,Application-6,M_Req,missing_destination,31,Application-6-Service,EndDevice-6,Application-6-Service,18900
7264,Application-8,M_Req,missing_destination,33,Application-8-Service,EndDevice-8,Application-8-Service,18900
7265,Application-5,M_Req,missing_destination,30,Application-5-Service,EndDevice-5,Application-5-Service,18900
7266,Application-4,M_Req,missing_destination,29,Application-4-Service,EndDevice-4,Application-4-Service,18900
7269,Application-2,M_Req,missing_destination,27,Application-2-Service,EndDevice-2,Application-2-Service,18900
7273,Application-24,M_Req,missing_destination,49,Application-24-Service,EndDevice-24,Application-24-Service,18900
7313,Application-27,M_Req,missing_destination,52,Application-27-Service,EndDevice-27,Application-27-Service,19100
7316,Application-25,M_Req,missing_destination,50,Application-25-Service,EndDevice-25,Application-25-Service,19100
7320,Application-28,M_Req,missing_destination,53,Application-28-Service,EndDevice-28,Application-28-Service,19100
7345,Application-26,M_Req,missing_destination,51,Application-26-Service,EndDevice-26,Application-26-Service,19100
7349,Application-21,M_Req,missing_destination,46,Application-21-Service,EndDevice-21,Application-21-Service,19100
7359,Application-27,M_Req,missing_destination,52,Application-27-Service,EndDevice-27,Application-27-Service,19200
7361,Application-25,M_Req,missing_destination,50,Application-25-Service,EndDevice-25,Application-25-Service,19200
7364,Application-28,M_Req,missing_destination,53,Application-28-Service,EndDevice-28,Application-28-Service,19200
7436,Application-48,M_Req,missing_destination,73,Application-48-Service,EndDevice-48,Application-48-Service,19400
7437,Application-21,M_Req,missing_destination,46,Application-21-Service,EndDevice-21,Application-21-Service,19400
7455,Application-46,M_Req,missing_destination,71,Application-46-Service,EndDevice-46,Application-46-Service,19400
7459,Application-45,M_Req,missing_destination,70,Application-45-Service,EndDevice-45,Application-45-Service,19500
7465,Application-47,M_Req,missing_destination,72,Application-47-Service,EndDevice-47,Application-47-Service,19500
7484,Application-48,M_Req,missing_destination,73,Application-48-Service,EndDevice-48,Application-48-Service,19500
7485,Application-21,M_Req,missing_destination,46,Application-21-Service,EndDevice-21,Application-21-Service,19500
7503,Application-46,M_Req,missing_destination,71,Application-46-Service,EndDevice-46,Application-46-Service,19500
7506,Application-45,M_Req,missing_destination,70,Application-45-Service,EndDevice-45,Application-45-Service,19600
7510,Application-47,M_Req,missing_destination,72,Application-47-Service,EndDevice-47,Application-47-Service,19600
7525,Application-48,M_Req,missing_destination,73,Application-48-Service,EndDevice-48,Application-48-Service,19600
7526,Application-21,M_Req,missing_destination,46,Application-21-Service,EndDevice-21,Application-21-Service,19600
7541,Application-25,M_Req,missing_destination,50,Application-25-Service,EndDevice-25,Application-25-Service,19700
7542,Application-46,M_Req,missing_destination,71,Application-46-Service,EndDevice-46,Application-46-Service,19700
7545,Application-28,M_Req,missing_destination,53,Application-28-Service,EndDevice-28,Application-28-Service,19700
7554,Application-45,M_Req,missing_destination,70,Application-45-Service,EndDevice-45,Application-45-Service,19700
7558,Application-47,M_Req,missing_destination,72,Application-47-Service,EndDevice-47,Application-47-Service,19700
7564,Application-27,M_Req,missing_destination,52,Application-27-Service,EndDevice-27,Application-27-Service,19700
7573,Application-48,M_Req,missing_destination,73,Application-48-Service,EndDevice-48,Application-48-Service,19700
7574,Application-21,M_Req,missing_destination,46,Application-21-Service,EndDevice-21,Application-21-Service,19700
7589,Application-25,M_Req,missing_destination,50,Application-25-Service,EndDevice-25,Application-25-Service,19800
7590,Application-46,M_Req,missing_destination,71,Application-46-Service,EndDevice-46,Application-46-Service,19800
7593,Application-28,M_Req,missing_destination,53,Application-28-Service,EndDevice-28,Application-28-Service,19800
7600,Application-45,M_Req,missing_destination,70,Application-45-Service,EndDevice-45,Application-45-Service,19800
7637,Application-25,M_Req,missing_destination,50,Application-25-Service,EndDevice-25,Application-25-Service,19900
7638,Application-46,M_Req,missing_destination,71,Application-46-Service,EndDevice-46,Application-46-Service,19900
7641,Application-28,M_Req,missing_destination,53,Application-28-Service,EndDevice-28,Application-28-Service,19900
7660,Application-26,M_Req,missing_destination,51,Application-26-Service,EndDevice-26,Application-26-Service,20000
7674,Application-15,M_Req,missing_destination,40,Application-15-Service,EndDevice-15,Application-15-Service,20000
7677,Application-24,M_Req,missing_destination,49,Application-24-Service,EndDevice-24,Application-24-Service,20000
7679,Application-25,M_Req,missing_destination,50,Application-25-Service,EndDevice-25,Application-25-Service,20000
7682,Application-28,M_Req,missing_destination,53,Application-28-Service,EndDevice-28,Application-28-Service,20000
7688,Application-14,M_Req,missing_destination,39,Application-14-Service,EndDevice-14,Application-14-Service,20100
7708,Application-26,M_Req,missing_destination,51,Application-26-Service,EndDevice-26,Application-26-Service,20100
7722,Application-15,M_Req,missing_destination,40,Application-15-Service,EndDevice-15,Application-15-Service,20100
7725,Application-24,M_Req,missing_destination,49,Application-24-Service,EndDevice-24,Application-24-Service,20100
7727,Application-25,M_Req,missing_destination,50,Application-25-Service,EndDevice-25,Application-25-Service,20100
7730,Application-28,M_Req,missing_destination,53,Application-28-Service,EndDevice-28,Application-28-Service,20100
7770,Application-20,M_Req,missing_destination,45,Application-20-Service,EndDevice-20,Application-20-Service,20300
7777,Application-18,M_Req,missing_destination,43,Application-18-Service,EndDevice-18,Application-18-Service,20300
7791,Application-17,M_Req,missing_destination,42,Application-17-Service,EndDevice-17,Application-17-Service,20300
7809,Application-19,M_Req,missing_destination,44,Application-19-Service,EndDevice-19,Application-19-Service,20300
7818,Application-20,M_Req,missing_destination,45,Application-20-Service,EndDevice-20,Application-20-Service,20400
7823,Application-18,M_Req,missing_destination,43,Application-18-Service,EndDevice-18,Application-18-Service,20400
7834,Application-17,M_Req,missing_destination,42,Application-17-Service,EndDevice-17,Application-17-Service,20400
7894,Application-21,M_Req,missing_destination,46,Application-21-Service,EndDevice-21,Application-21-Service,20600
7898,Application-22,M_Req,missing_destination,47,Application-22-Service,EndDevice-22,Application-22-Service,20600
7911,Application-24,M_Req,missing_destination,49,Application-24-Service,EndDevice-24,Application-24-Service,20600
7942,Application-21,M_Req,missing_destination,46,Application-21-Service,EndDevice-21,Application-21-Service,20700
7946,Application-22,M_Req,missing_destination,47,Application-22-Service,EndDevice-22,Application-22-Service,20700
7959,Application-24,M_Req,missing_destination,49,Application-24-Service,EndDevice-24,Application-24-Service,20700
7989,Application-22,M_Req,missing_destination,47,Application-22-Service,EndDevice-22,Application-22-Service,20800
7998,Application-25,M_Req,missing_destination,50,Application-25-Service,EndDevice-25,Application-25-Service,20900
8008,Application-46,M_Req,missing_destination,71,Application-46-Service,EndDevice-46,Application-46-Service,20900
8014,Application-45,M_Req,missing_destination,70,Application-45-Service,EndDevice-45,Application-45-Service,20900
8020,Application-27,M_Req,missing_destination,52,Application-27-Service,EndDevice-27,Application-27-Service,20900
8027,Application-47,M_Req,missing_destination,72,Application-47-Service,EndDevice-47,Application-47-Service,20900
8032,Application-48,M_Req,missing_destination,73,Application-48-Service,EndDevice-48,Application-48-Service,20900
8037,Application-22,M_Req,missing_destination,47,Application-22-Service,EndDevice-22,Application-22-Service,20900
8046,Application-25,M_Req,missing_destination,50,Application-25-Service,EndDevice-25,Application-25-Service,21000
8054,Application-46,M_Req,missing_destination,71,Application-46-Service,EndDevice-46,Application-46-Service,21000
8058,Application-45,M_Req,missing_destination,70,Application-45-Service,EndDevice-45,Application-45-Service,21000
8062,Application-27,M_Req,missing_destination,52,Application-27-Service,EndDevice-27,Application-27-Service,21000
8069,Application-47,M_Req,missing_destination,72,Application-47-Service,EndDevice-47,Application-47-Service,21000
8072,Application-48,M_Req,missing_destination,73,Application-48-Service,EndDevice-48,Application-48-Service,21000
8094,Application-25,M_Req,missing_destination,50,Application-25-Service,EndDevice-25,Application-25-Service,21100
8102,Application-46,M_Req,missing_destination,71,Application-46-Service,EndDevice-46,Application-46-Service,21100
8106,Application-45,M_Req,missing_destination,70,Application-45-Service,EndDevice-45,Application-45-Service,21100
8110,Application-27,M_Req,missing_destination,52,Application-27-Service,EndDevice-27,Application-27-Service,21100
8117,Application-47,M_Req,missing_destination,72,Application-47-Service,EndDevice-47,Application-47-Service,21100
8120,Application-48,M_Req,missing_destination,73,Application-48-Service,EndDevice-48,Application-48-Service,21100
8145,Application-46,M_Req,missing_destination,71,Application-46-Service,EndDevice-46,Application-46-Service,21200
8148,Application-45,M_Req,missing_destination,70,Application-45-Service,EndDevice-45,Application-45-Service,21300
8157,Application-23,M_Req,missing_destination,48,Application-23-Service,EndDevice-23,Application-23-Service,21300
8193,Application-46,M_Req,missing_destination,71,Application-46-Service,EndDevice-46,Application-46-Service,21300
8233,Application-46,M_Req,missing_destination,71,Application-46-Service,EndDevice-46,Application-46-Service,21500
8242,Application-42,M_Req,missing_destination,67,Application-42-Service,EndDevice-42,Application-42-Service,21500
8253,Application-41,M_Req,missing_destination,66,Application-41-Service,EndDevice-41,Application-41-Service,21500
8254,Application-47,M_Req,missing_destination,72,Application-47-Service,EndDevice-47,Application-47-Service,21500
8260,Application-43,M_Req,missing_destination,68,Application-43-Service,EndDevice-43,Application-43-Service,21500
8262,Application-44,M_Req,missing_destination,69,Application-44-Service,EndDevice-44,Application-44-Service,21500
8281,Application-46,M_Req,missing_destination,71,Application-46-Service,EndDevice-46,Application-46-Service,21600
8296,Application-47,M_Req,missing_destination,72,Application-47-Service,EndDevice-47,Application-47-Service,21600
8301,Application-43,M_Req,missing_destination,68,Application-43-Service,EndDevice-43,Application-43-Service,21600
8369,Application-5,M_Req,missing_destination,30,Application-5-Service,EndDevice-5,Application-5-Service,21800
8374,Application-6,M_Req,missing_destination,31,Application-6-Service,EndDevice-6,Application-6-Service,21800
8377,Application-8,M_Req,missing_destination,33,Application-8-Service,EndDevice-8,Application-8-Service,21800
8380,Application-7,M_Req,missing_destination,32,Application-7-Service,EndDevice-7,Application-7-Service,21900
8417,Application-5,M_Req,missing_destination,30,Application-5-Service,EndDevice-5,Application-5-Service,21900
8422,Application-6,M_Req,missing_destination,31,Application-6-Service,EndDevice-6,Application-6-Service,21900
8425,Application-8,M_Req,missing_destination,33,Application-8-Service,EndDevice-8,Application-8-Service,21900
8428,Application-7,M_Req,missing_destination,32,Application-7-Service,EndDevice-7,Application-7-Service,22000
8468,Application-43,M_Req,missing_destination,68,Application-43-Service,EndDevice-43,Application-43-Service,22100
8475,Application-45,M_Req,missing_destination,70,Application-45-Service,EndDevice-45,Application-45-Service,22100
8476,Application-7,M_Req,missing_destination,32,Application-7-Service,EndDevice-7,Application-7-Service,22100
8485,Application-44,M_Req,missing_destination,69,Application-44-Service,EndDevice-44,Application-44-Service,22100
8514,Application-43,M_Req,missing_destination,68,Application-43-Service,EndDevice-43,Application-43-Service,22200
8521,Application-7,M_Req,missing_destination,32,Application-7-Service,EndDevice-7,Application-7-Service,22200
8569,Application-7,M_Req,missing_destination,32,Application-7-Service,EndDevice-7,Application-7-Service,22300
8581,Application-26,M_Req,missing_destination,51,Application-26-Service,EndDevice-26,Application-26-Service,22400
8602,Application-8,M_Req,missing_destination,33,Application-8-Service,EndDevice-8,Application-8-Service,22400
8611,Application-27,M_Req,missing_destination,52,Application-27-Service,EndDevice-27,Application-27-Service,22500
8629,Application-26,M_Req,missing_destination,51,Application-26-Service,EndDevice-26,Application-26-Service,22500
8650,Application-8,M_Req,missing_destination,33,Application-8-Service,EndDevice-8,Application-8-Service,22500
8699,Application-6,M_Req,missing_destination,31,Application-6-Service,EndDevice-6,Application-6-Service,22700
8708,Application-16,M_Req,missing_destination,41,Application-16-Service,EndDevice-16,Application-16-Service,22700
8711,Application-15,M_Req,missing_destination,40,Application-15-Service,EndDevice-15,Application-15-Service,22700
8725,Application-14,M_Req,missing_destination,39,Application-14-Service,EndDevice-14,Application-14-Service,22700
8728,Application-13,M_Req,missing_destination,38,Application-13-Service,EndDevice-13,Application-13-Service,22700
8744,Application-6,M_Req,missing_destination,31,Application-6-Service,EndDevice-6,Application-6-Service,22800
8752,Application-16,M_Req,missing_destination,41,Application-16-Service,EndDevice-16,Application-16-Service,22800
8755,Application-15,M_Req,missing_destination,40,Application-15-Service,EndDevice-15,Application-15-Service,22800
8792,Application-6,M_Req,missing_destination,31,Application-6-Service,EndDevice-6,Application-6-Service,22900
8800,Application-16,M_Req,missing_destination,41,Application-16-Service,EndDevice-16,Application-16-Service,22900
8803,Application-15,M_Req,missing_destination,40,Application-15-Service,EndDevice-15,Application-15-Service,22900
8830,Application-27,M_Req,missing_destination,52,Application-27-Service,EndDevice-27,Application-27-Service,23000
8831,Application-26,M_Req,missing_destination,51,Application-26-Service,EndDevice-26,Application-26-Service,23000
8843,Application-15,M_Req,missing_destination,40,Application-15-Service,EndDevice-15,Application-15-Service,23100
8847,Application-28,M_Req,missing_destination,53,Application-28-Service,EndDevice-28,Application-28-Service,23100
8878,Application-27,M_Req,missing_destination,52,Application-27-Service,EndDevice-27,Application-27-Service,23100
8879,Application-26,M_Req,missing_destination,51,Application-26-Service,EndDevice-26,Application-26-Service,23100
8921,Application-8,M_Req,missing_destination,33,Application-8-Service,EndDevice-8,Application-8-Service,23300
8933,Application-5,M_Req,missing_destination,30,Application-5-Service,EndDevice-5,Application-5-Service,23300
8942,Application-7,M_Req,missing_destination,32,Application-7-Service,EndDevice-7,Application-7-Service,23300
8950,Application-6,M_Req,missing_destination,31,Application-6-Service,EndDevice-6,Application-6-Service,23300
8977,Application-5,M_Req,missing_destination,30,Application-5-Service,EndDevice-5,Application-5-Service,23400
8985,Application-7,M_Req,missing_destination,32,Application-7-Service,EndDevice-7,Application-7-Service,23400
8990,Application-6,M_Req,missing_destination,31,Application-6-Service,EndDevice-6,Application-6-Service,23400
9048,Application-14,M_Req,missing_destination,39,Application-14-Service,EndDevice-14,Application-14-Service,23600
9049,Application-27,M_Req,missing_destination,52,Application-27-Service,EndDevice-27,Application-27-Service,23600
9051,Application-28,M_Req,missing_destination,53,Application-28-Service,EndDevice-28,Application-28-Service,23600
9052,Application-26,M_Req,missing_destination,51,Application-26-Service,EndDevice-26,Application-26-Service,23600
9056,Application-25,M_Req,missing_destination,50,Application-25-Service,EndDevice-25,Application-25-Service,23600
9096,Application-14,M_Req,missing_destination,39,Application-14-Service,EndDevice-14,Application-14-Service,23700
9097,Application-27,M_Req,missing_destination,52,Application-27-Service,EndDevice-27,Application-27-Service,23700
9099,Application-28,M_Req,missing_destination,53,Application-28-Service,EndDevice-28,Application-28-Service,23700
9100,Application-26,M_Req,missing_destination,51,Application-26-Service,EndDevice-26,Application-26-Service,23700
9104,Application-25,M_Req,missing_destination,50,Application-25-Service,EndDevice-25,Application-25-Service,23700
9139,Application-14,M_Req,missing_destination,39,Application-14-Service,EndDevice-14,Application-14-Service,23800
9140,Application-27,M_Req,missing_destination,52,Application-27-Service,EndDevice-27,Application-27-Service,23800
9145,Application-25,M_Req,missing_destination,50,Application-25-Service,EndDevice-25,Application-25-Service,23800
9153,Application-5,M_Req,missing_destination,30,Application-5-Service,EndDevice-5,Application-5-Service,23900
9168,Application-7,M_Req,missing_destination,32,Application-7-Service,EndDevice-7,Application-7-Service,23900
9173,Application-6,M_Req,missing_destination,31,Application-6-Service,EndDevice-6,Application-6-Service,23900
9187,Application-14,M_Req,missing_destination,39,Application-14-Service,EndDevice-14,Application-14-Service,23900
9188,Application-27,M_Req,missing_destination,52,Application-27-Service,EndDevice-27,Application-27-Service,23900
9193,Application-25,M_Req,missing_destination,50,Application-25-Service,EndDevice-25,Application-25-Service,23900
9199,Application-5,M_Req,missing_destination,30,Application-5-Service,EndDevice-5,Application-5-Service,24000
9212,Application-7,M_Req,missing_destination,32,Application-7-Service,EndDevice-7,Application-7-Service,24000
9215,Application-6,M_Req,missing_destination,31,Application-6-Service,EndDevice-6,Application-6-Service,24000
9278,Application-15,M_Req,missing_destination,40,Application-15-Service,EndDevice-15,Application-15-Service,24200
9304,Application-13,M_Req,missing_destination,38,Application-13-Service,EndDevice-13,Application-13-Service,24300
9307,Application-16,M_Req,missing_destination,41,Application-16-Service,EndDevice-16,Application-16-Service,24300
9326,Application-15,M_Req,missing_destination,40,Application-15-Service,EndDevice-15,Application-15-Service,24300
9350,Application-13,M_Req,missing_destination,38,Application-13-Service,EndDevice-13,Application-13-Service,24400
9353,Application-16,M_Req,missing_destination,41,Application-16-Service,EndDevice-16,Application-16-Service,24400
9367,Application-15,M_Req,missing_destination,40,Application-15-Service,EndDevice-15,Application-15-Service,24400
9386,Application-41,M_Req,missing_destination,66,Application-41-Service,EndDevice-41,Application-41-Service,24500
9389,Application-44,M_Req,missing_destination,69,Application-44-Service,EndDevice-44,Application-44-Service,24500
9398,Application-13,M_Req,missing_destination,38,Application-13-Service,EndDevice-13,Application-13-Service,24500
9401,Application-16,M_Req,missing_destination,41,Application-16-Service,EndDevice-16,Application-16-Service,24500
9406,Application-43,M_Req,missing_destination,68,Application-43-Service,EndDevice-43,Application-43-Service,24500
9415,Application-15,M_Req,missing_destination,40,Application-15-Service,EndDevice-15,Application-15-Service,24500
9418,Application-42,M_Req,missing_destination,67,Application-42-Service,EndDevice-42,Application-42-Service,24500
9430,Application-41,M_Req,missing_destination,66,Application-41-Service,EndDevice-41,Application-41-Service,24600
9432,Application-44,M_Req,missing_destination,69,Application-44-Service,EndDevice-44,Application-44-Service,24600
9439,Application-13,M_Req,missing_destination,38,Application-13-Service,EndDevice-13,Application-13-Service,24600
9442,Application-16,M_Req,missing_destination,41,Application-16-Service,EndDevice-16,Application-16-Service,24600
9487,Application-13,M_Req,missing_destination,38,Application-13-Service,EndDevice-13,Application-13-Service,24700
9490,Application-16,M_Req,missing_destination,41,Application-16-Service,EndDevice-16,Application-16-Service,24700
9503,Application-25,M_Req,missing_destination,50,Application-25-Service,EndDevice-25,Application-25-Service,24800
9526,Application-27,M_Req,missing_destination,52,Application-27-Service,EndDevice-27,Application-27-Service,24800
9532,Application-16,M_Req,missing_destination,41,Application-16-Service,EndDevice-16,Application-16-Service,24900
9551,Application-25,M_Req,missing_destination,50,Application-25-Service,EndDevice-25,Application-25-Service,24900
9574,Application-27,M_Req,missing_destination,52,Application-27-Service,EndDevice-27,Application-27-Service,24900
9594,Application-25,M_Req,missing_destination,50,Application-25-Service,EndDevice-25,Application-25-Service,25000
9609,Application-41,M_Req,missing_destination,66,Application-41-Service,EndDevice-41,Application-41-Service,25100
9615,Application-44,M_Req,missing_destination,69,Application-44-Service,EndDevice-44,Application-44-Service,25100
9633,Application-26,M_Req,missing_destination,51,Application-26-Service,EndDevice-26,Application-26-Service,25100
9642,Application-25,M_Req,missing_destination,50,Application-25-Service,EndDevice-25,Application-25-Service,25100
9656,Application-41,M_Req,missing_destination,66,Application-41-Service,EndDevice-41,Application-41-Service,25200
9662,Application-44,M_Req,missing_destination,69,Application-44-Service,EndDevice-44,Application-44-Service,25200
9676,Application-26,M_Req,missing_destination,51,Application-26-Service,EndDevice-26,Application-26-Service,25200
9704,Application-41,M_Req,missing_destination,66,Application-41-Service,EndDevice-41,Application-41-Service,25300
9710,Application-44,M_Req,missing_destination,69,Application-44-Service,EndDevice-44,Application-44-Service,25300
9724,Application-26,M_Req,missing_destination,51,Application-26-Service,EndDevice-26,Application-26-Service,25300
9731,Application-25,M_Req,missing_destination,50,Application-25-Service,EndDevice-25,Application-25-Service,25400
9739,Application-46,M_Req,missing_destination,71,Application-46-Service,EndDevice-46,Application-46-Service,25400
9747,Application-41,M_Req,missing_destination,66,Application-41-Service,EndDevice-41,Application-41-Service,25400
9756,Application-47,M_Req,missing_destination,72,Application-47-Service,EndDevice-47,Application-47-Service,25400
9764,Application-45,M_Req,missing_destination,70,Application-45-Service,EndDevice-45,Application-45-Service,25500
9779,Application-25,M_Req,missing_destination,50,Application-25-Service,EndDevice-25,Application-25-Service,25500
9787,Application-46,M_Req,missing_destination,71,Application-46-Service,EndDevice-46,Application-46-Service,25500
9795,Application-41,M_Req,missing_destination,66,Application-41-Service,EndDevice-41,Application-41-Service,25500
9804,Application-47,M_Req,missing_destination,72,Application-47-Service,EndDevice-47,Application-47-Service,25500
9810,Application-45,M_Req,missing_destination,70,Application-45-Service,EndDevice-45,Application-45-Service,25600
9823,Application-25,M_Req,missing_destination,50,Application-25-Service,EndDevice-25,Application-25-Service,25600
9829,Application-46,M_Req,missing_destination,71,Application-46-Service,EndDevice-46,Application-46-Service,25600
9840,Application-5,M_Req,missing_destination,30,Application-5-Service,EndDevice-5,Application-5-Service,25700
9850,Application-7,M_Req,missing_destination,32,Application-7-Service,EndDevice-7,Application-7-Service,25700
9851,Application-6,M_Req,missing_destination,31,Application-6-Service,EndDevice-6,Application-6-Service,25700
9858,Application-45,M_Req,missing_destination,70,Application-45-Service,EndDevice-45,Application-45-Service,25700
9867,Application-8,M_Req,missing_destination,33,Application-8-Service,EndDevice-8,Application-8-Service,25700
9871,Application-25,M_Req,missing_destination,50,Application-25-Service,EndDevice-25,Application-25-Service,25700
9877,Application-46,M_Req,missing_destination,71,Application-46-Service,EndDevice-46,Application-46-Service,25700
9885,Application-5,M_Req,missing_destination,30,Application-5-Service,EndDevice-5,Application-5-Service,25800
9899,Application-45,M_Req,missing_destination,70,Application-45-Service,EndDevice-45,Application-45-Service,25800
9908,Application-8,M_Req,missing_destination,33,Application-8-Service,EndDevice-8,Application-8-Service,25800
9933,Application-5,M_Req,missing_destination,30,Application-5-Service,EndDevice-5,Application-5-Service,25900
9956,Application-8,M_Req,missing_destination,33,Application-8-Service,EndDevice-8,Application-8-Service,25900
9967,Application-6,M_Req,missing_destination,31,Application-6-Service,EndDevice-6,Application-6-Service,26000
9973,Application-24,M_Req,missing_destination,49,Application-24-Service,EndDevice-24,Application-24-Service,26000
9976,Application-5,M_Req,missing_destination,30,Application-5-Service,EndDevice-5,Application-5-Service,26000
9977,Application-21,M_Req,missing_destination,46,Application-21-Service,EndDevice-21,Application-21-Service,26000
9990,Application-23,M_Req,missing_destination,48,Application-23-Service,EndDevice-23,Application-23-Service,26100
9992,Application-22,M_Req,missing_destination,47,Application-22-Service,EndDevice-22,Application-22-Service,26100
10015,Application-6,M_Req,missing_destination,31,Application-6-Service,EndDevice-6,Application-6-Service,26100
10021,Application-24,M_Req,missing_destination,49,Application-24-Service,EndDevice-24,Application-24-Service,26100
10024,Application-5,M_Req,missing_destination,30,Application-5-Service,EndDevice-5,Application-5-Service,26100
10025,Application-21,M_Req,missing_destination,46,Application-21-Service,EndDevice-21,Application-21-Service,26100
10037,Application-23,M_Req,missing_destination,48,Application-23-Service,EndDevice-23,Application-23-Service,26200
10038,Application-22,M_Req,missing_destination,47,Application-22-Service,EndDevice-22,Application-22-Service,26200
10055,Application-6,M_Req,missing_destination,31,Application-6-Service,EndDevice-6,Application-6-Service,26200
10063,Application-5,M_Req,missing_destination,30,Application-5-Service,EndDevice-5,Application-5-Service,26300
10077,Application-28,M_Req,missing_destination,53,Application-28-Service,EndDevice-28,Application-28-Service,26300
10085,Application-23,M_Req,missing_destination,48,Application-23-Service,EndDevice-23,Application-23-Service,26300
10086,Application-22,M_Req,missing_destination,47,Application-22-Service,EndDevice-22,Application-22-Service,26300
10087,Application-27,M_Req,missing_destination,52,Application-27-Service,EndDevice-27,Application-27-Service,26300
10088,Application-26,M_Req,missing_destination,51,Application-26-Service,EndDevice-26,Application-26-Service,26300
10095,Application-25,M_Req,missing_destination,50,Application-25-Service,EndDevice-25,Application-25-Service,26300
10103,Application-6,M_Req,missing_destination,31,Application-6-Service,EndDevice-6,Application-6-Service,26300
10121,Application-28,M_Req,missing_destination,53,Application-28-Service,EndDevice-28,Application-28-Service,26400
10129,Application-23,M_Req,missing_destination,48,Application-23-Service,EndDevice-23,Application-23-Service,26400
10130,Application-27,M_Req,missing_destination,52,Application-27-Service,EndDevice-27,Application-27-Service,26400
10177,Application-23,M_Req,missing_destination,48,Application-23-Service,EndDevice-23,Application-23-Service,26500
10184,Application-30,M_Req,missing_destination,55,Application-30-Service,EndDevice-30,Application-30-Service,26600
10198,Application-31,M_Req,missing_destination,56,Application-31-Service,EndDevice-31,Application-31-Service,26600
10209,Application-32,M_Req,missing_destination,57,Application-32-Service,EndDevice-32,Application-32-Service,26600
10218,Application-23,M_Req,missing_destination,48,Application-23-Service,EndDevice-23,Application-23-Service,26700
10221,Application-29,M_Req,missing_destination,54,Application-29-Service,EndDevice-29,Application-29-Service,26700
10232,Application-30,M_Req,missing_destination,55,Application-30-Service,EndDevice-30,Application-30-Service,26700
10246,Application-31,M_Req,missing_destination,56,Application-31-Service,EndDevice-31,Application-31-Service,26700
10257,Application-32,M_Req,missing_destination,57,Application-32-Service,EndDevice-32,Application-32-Service,26700
10265,Application-23,M_Req,missing_destination,48,Application-23-Service,EndDevice-23,Application-23-Service,26800
10268,Application-29,M_Req,missing_destination,54,Application-29-Service,EndDevice-29,Application-29-Service,26800
10277,Application-30,M_Req,missing_destination,55,Application-30-Service,EndDevice-30,Application-30-Service,26800
10296,Application-32,M_Req,missing_destination,57,Application-32-Service,EndDevice-32,Application-32-Service,26900
10303,Application-20,M_Req,missing_destination,45,Application-20-Service,EndDevice-20,Application-20-Service,26900
10304,Application-18,M_Req,missing_destination,43,Application-18-Service,EndDevice-18,Application-18-Service,26900
10313,Application-23,M_Req,missing_destination,48,Application-23-Service,EndDevice-23,Application-23-Service,26900
10314,Application-19,M_Req,missing_destination,44,Application-19-Service,EndDevice-19,Application-19-Service,26900
10316,Application-29,M_Req,missing_destination,54,Application-29-Service,EndDevice-29,Application-29-Service,26900
10321,Application-17,M_Req,missing_destination,42,Application-17-Service,EndDevice-17,Application-17-Service,26900
10325,Application-30,M_Req,missing_destination,55,Application-30-Service,EndDevice-30,Application-30-Service,26900
10342,Application-32,M_Req,missing_destination,57,Application-32-Service,EndDevice-32,Application-32-Service,27000
10348,Application-18,M_Req,missing_destination,43,Application-18-Service,EndDevice-18,Application-18-Service,27000
10356,Application-23,M_Req,missing_destination,48,Application-23-Service,EndDevice-23,Application-23-Service,27000
10357,Application-19,M_Req,missing_destination,44,Application-19-Service,EndDevice-19,Application-19-Service,27000
10362,Application-17,M_Req,missing_destination,42,Application-17-Service,EndDevice-17,Application-17-Service,27000
10390,Application-32,M_Req,missing_destination,57,Application-32-Service,EndDevice-32,Application-32-Service,27100
10396,Application-18,M_Req,missing_destination,43,Application-18-Service,EndDevice-18,Application-18-Service,27100
10405,Application-19,M_Req,missing_destination,44,Application-19-Service,EndDevice-19,Application-19-Service,27100
10410,Application-17,M_Req,missing_destination,42,Application-17-Service,EndDevice-17,Application-17-Service,27100
10423,Application-47,M_Req,missing_destination,72,Application-47-Service,EndDevice-47,Application-47-Service,27200
10425,Application-48,M_Req,missing_destination,73,Application-48-Service,EndDevice-48,Application-48-Service,27200
10430,Application-29,M_Req,missing_destination,54,Application-29-Service,EndDevice-29,Application-29-Service,27200
10435,Application-32,M_Req,missing_destination,57,Application-32-Service,EndDevice-32,Application-32-Service,27200
10439,Application-45,M_Req,missing_destination,70,Application-45-Service,EndDevice-45,Application-45-Service,27200
10441,Application-46,M_Req,missing_destination,71,Application-46-Service,EndDevice-46,Application-46-Service,27200
10471,Application-47,M_Req,missing_destination,72,Application-47-Service,EndDevice-47,Application-47-Service,27300
10473,Application-48,M_Req,missing_destination,73,Application-48-Service,EndDevice-48,Application-48-Service,27300
10478,Application-29,M_Req,missing_destination,54,Application-29-Service,EndDevice-29,Application-29-Service,27300
10483,Application-32,M_Req,missing_destination,57,Application-32-Service,EndDevice-32,Application-32-Service,27300
10487,Application-45,M_Req,missing_destination,70,Application-45-Service,EndDevice-45,Application-45-Service,27300
10489,Application-46,M_Req,missing_destination,71,Application-46-Service,EndDevice-46,Application-46-Service,27300
10513,Application-47,M_Req,missing_destination,72,Application-47-Service,EndDevice-47,Application-47-Service,27400
10515,Application-48,M_Req,missing_destination,73,Application-48-Service,EndDevice-48,Application-48-Service,27400
10519,Application-29,M_Req,missing_destination,54,Application-29-Service,EndDevice-29,Application-29-Service,27400
10525,Application-42,M_Req,missing_destination,67,Application-42-Service,EndDevice-42,Application-42-Service,27500
10549,Application-43,M_Req,missing_destination,68,Application-43-Service,EndDevice-43,Application-43-Service,27500
10551,Application-41,M_Req,missing_destination,66,Application-41-Service,EndDevice-41,Application-41-Service,27500
10561,Application-47,M_Req,missing_destination,72,Application-47-Service,EndDevice-47,Application-47-Service,27500
10563,Application-48,M_Req,missing_destination,73,Application-48-Service,EndDevice-48,Application-48-Service,27500
10566,Application-44,M_Req,missing_destination,69,Application-44-Service,EndDevice-44,Application-44-Service,27500
10567,Application-29,M_Req,missing_destination,54,Application-29-Service,EndDevice-29,Application-29-Service,27500
10573,Application-42,M_Req,missing_destination,67,Application-42-Service,EndDevice-42,Application-42-Service,27600
10590,Application-43,M_Req,missing_destination,68,Application-43-Service,EndDevice-43,Application-43-Service,27600
10592,Application-41,M_Req,missing_destination,66,Application-41-Service,EndDevice-41,Application-41-Service,27600
10641,Application-30,M_Req,missing_destination,55,Application-30-Service,EndDevice-30,Application-30-Service,27800
10652,Application-29,M_Req,missing_destination,54,Application-29-Service,EndDevice-29,Application-29-Service,27800
10654,Application-31,M_Req,missing_destination,56,Application-31-Service,EndDevice-31,Application-31-Service,27800
10689,Application-30,M_Req,missing_destination,55,Application-30-Service,EndDevice-30,Application-30-Service,27900
10700,Application-29,M_Req,missing_destination,54,Application-29-Service,EndDevice-29,Application-29-Service,27900
10702,Application-31,M_Req,missing_destination,56,Application-31-Service,EndDevice-31,Application-31-Service,27900
10734,Application-30,M_Req,missing_destination,55,Application-30-Service,EndDevice-30,Application-30-Service,28000
10743,Application-29,M_Req,missing_destination,54,Application-29-Service,EndDevice-29,Application-29-Service,28000
10757,Application-15,M_Req,missing_destination,40,Application-15-Service,EndDevice-15,Application-15-Service,28100
10771,Application-13,M_Req,missing_destination,38,Application-13-Service,EndDevice-13,Application-13-Service,28100
10777,Application-16,M_Req,missing_destination,41,Application-16-Service,EndDevice-16,Application-16-Service,28100
10780,Application-14,M_Req,missing_destination,39,Application-14-Service,EndDevice-14,Application-14-Service,28100
10782,Application-30,M_Req,missing_destination,55,Application-30-Service,EndDevice-30,Application-30-Service,28100
10791,Application-29,M_Req,missing_destination,54,Application-29-Service,EndDevice-29,Application-29-Service,28100
10804,Application-15,M_Req,missing_destination,40,Application-15-Service,EndDevice-15,Application-15-Service,28200
10814,Application-13,M_Req,missing_destination,38,Application-13-Service,EndDevice-13,Application-13-Service,28200
10820,Application-16,M_Req,missing_destination,41,Application-16-Service,EndDevice-16,Application-16-Service,28200
10823,Application-14,M_Req,missing_destination,39,Application-14-Service,EndDevice-14,Application-14-Service,28200
10879,Application-20,M_Req,missing_destination,45,Application-20-Service,EndDevice-20,Application-20-Service,28400
10883,Application-18,M_Req,missing_destination,43,Application-18-Service,EndDevice-18,Application-18-Service,28400
10890,Application-19,M_Req,missing_destination,44,Application-19-Service,EndDevice-19,Application-19-Service,28400
10902,Application-17,M_Req,missing_destination,42,Application-17-Service,EndDevice-17,Application-17-Service,28500
10927,Application-20,M_Req,missing_destination,45,Application-20-Service,EndDevice-20,Application-20-Service,28500
10931,Application-18,M_Req,missing_destination,43,Application-18-Service,EndDevice-18,Application-18-Service,28500
10938,Application-19,M_Req,missing_destination,44,Application-19-Service,EndDevice-19,Application-19-Service,28500
10949,Application-17,M_Req,missing_destination,42,Application-17-Service,EndDevice-17,Application-17-Service,28600
10969,Application-20,M_Req,missing_destination,45,Application-20-Service,EndDevice-20,Application-20-Service,28600
10973,Application-18,M_Req,missing_destination,43,Application-18-Service,EndDevice-18,Application-18-Service,28600
10978,Application-19,M_Req,missing_destination,44,Application-19-Service,EndDevice-19,Application-19-Service,28600
10983,Application-15,M_Req,missing_destination,40,Application-15-Service,EndDevice-15,Application-15-Service,28700
10988,Application-16,M_Req,missing_destination,41,Application-16-Service,EndDevice-16,Application-16-Service,28700
10992,Application-13,M_Req,missing_destination,38,Application-13-Service,EndDevice-13,Application-13-Service,28700
10997,Application-17,M_Req,missing_destination,42,Application-17-Service,EndDevice-17,Application-17-Service,28700
11003,Application-14,M_Req,missing_destination,39,Application-14-Service,EndDevice-14,Application-14-Service,28700
11017,Application-20,M_Req,missing_destination,45,Application-20-Service,EndDevice-20,Application-20-Service,28700
11021,Application-18,M_Req,missing_destination,43,Application-18-Service,EndDevice-18,Application-18-Service,28700
11026,Application-19,M_Req,missing_destination,44,Application-19-Service,EndDevice-19,Application-19-Service,28700
11033,Application-16,M_Req,missing_destination,41,Application-16-Service,EndDevice-16,Application-16-Service,28800
11036,Application-13,M_Req,missing_destination,38,Application-13-Service,EndDevice-13,Application-13-Service,28800
11040,Application-17,M_Req,missing_destination,42,Application-17-Service,EndDevice-17,Application-17-Service,28800
11081,Application-16,M_Req,missing_destination,41,Application-16-Service,EndDevice-16,Application-16-Service,28900
11084,Application-13,M_Req,missing_destination,38,Application-13-Service,EndDevice-13,Application-13-Service,28900
11104,Application-29,M_Req,missing_destination,54,Application-29-Service,EndDevice-29,Application-29-Service,29000
11115,Application-30,M_Req,missing_destination,55,Application-30-Service,EndDevice-30,Application-30-Service,29000
11122,Application-16,M_Req,missing_destination,41,Application-16-Service,EndDevice-16,Application-16-Service,29000
11132,Application-32,M_Req,missing_destination,57,Application-32-Service,EndDevice-32,Application-32-Service,29100
11152,Application-29,M_Req,missing_destination,54,Application-29-Service,EndDevice-29,Application-29-Service,29100
11163,Application-30,M_Req,missing_destination,55,Application-30-Service,EndDevice-30,Application-30-Service,29100
11170,Application-16,M_Req,missing_destination,41,Application-16-Service,EndDevice-16,Application-16-Service,29100
11207,Application-9,M_Req,missing_destination,34,Application-9-Service,EndDevice-9,Application-9-Service,29300
11215,Application-10,M_Req,missing_destination,35,Application-10-Service,EndDevice-10,Application-10-Service,29300
11219,Application-11,M_Req,missing_destination,36,Application-11-Service,EndDevice-11,Application-11-Service,29300
11247,Application-12,M_Req,missing_destination,37,Application-12-Service,EndDevice-12,Application-12-Service,29300
11249,Application-14,M_Req,missing_destination,39,Application-14-Service,EndDevice-14,Application-14-Service,29300
11255,Application-9,M_Req,missing_destination,34,Application-9-Service,EndDevice-9,Application-9-Service,29400
11265,Application-11,M_Req,missing_destination,36,Application-11-Service,EndDevice-11,Application-11-Service,29400
11348,Application-9,M_Req,missing_destination,34,Application-9-Service,EndDevice-9,Application-9-Service,29600
11396,Application-9,M_Req,missing_destination,34,Application-9-Service,EndDevice-9,Application-9-Service,29700
11438,Application-24,M_Req,missing_destination,49,Application-24-Service,EndDevice-24,Application-24-Service,29900
11441,Application-21,M_Req,missing_destination,46,Application-21-Service,EndDevice-21,Application-21-Service,29900
11460,Application-23,M_Req,missing_destination,48,Application-23-Service,EndDevice-23,Application-23-Service,29900
11467,Application-13,M_Req,missing_destination,38,Application-13-Service,EndDevice-13,Application-13-Service,29900
11481,Application-22,M_Req,missing_destination,47,Application-22-Service,EndDevice-22,Application-22-Service,29900
11487,Application-21,M_Req,missing_destination,46,Application-21-Service,EndDevice-21,Application-21-Service,30000
11503,Application-23,M_Req,missing_destination,48,Application-23-Service,EndDevice-23,Application-23-Service,30000
11509,Application-13,M_Req,missing_destination,38,Application-13-Service,EndDevice-13,Application-13-Service,30000
11535,Application-21,M_Req,missing_destination,46,Application-21-Service,EndDevice-21,Application-21-Service,30100
11551,Application-23,M_Req,missing_destination,48,Application-23-Service,EndDevice-23,Application-23-Service,30100
11557,Application-13,M_Req,missing_destination,38,Application-13-Service,EndDevice-13,Application-13-Service,30100
11574,Application-1,M_Req,missing_destination,26,Application-1-Service,EndDevice-1,Application-1-Service,30200
11578,Application-2,M_Req,missing_destination,27,Application-2-Service,EndDevice-2,Application-2-Service,30200
11579,Application-21,M_Req,missing_destination,46,Application-21-Service,EndDevice-21,Application-21-Service,30200
11583,Application-3,M_Req,missing_destination,28,Application-3-Service,EndDevice-3,Application-3-Service,30200
11589,Application-4,M_Req,missing_destination,29,Application-4-Service,EndDevice-4,Application-4-Service,30300
11622,Application-1,M_Req,missing_destination,26,Application-1-Service,EndDevice-1,Application-1-Service,30300
11626,Application-2,M_Req,missing_destination,27,Application-2-Service,EndDevice-2,Application-2-Service,30300
11627,Application-21,M_Req,missing_destination,46,Application-21-Service,EndDevice-21,Application-21-Service,30300
11631,Application-3,M_Req,missing_destination,28,Application-3-Service,EndDevice-3,Application-3-Service,30300
11636,Application-4,M_Req,missing_destination,29,Application-4-Service,EndDevice-4,Application-4-Service,30400
11674,Application-31,M_Req,missing_destination,56,Application-31-Service,EndDevice-31,Application-31-Service,30500
11678,Application-1,M_Req,missing_destination,26,Application-1-Service,EndDevice-1,Application-1-Service,30500
11684,Application-4,M_Req,missing_destination,29,Application-4-Service,EndDevice-4,Application-4-Service,30500
11695,Application-32,M_Req,missing_destination,57,Application-32-Service,EndDevice-32,Application-32-Service,30500
11701,Application-29,M_Req,missing_destination,54,Application-29-Service,EndDevice-29,Application-29-Service,30500
11703,Application-30,M_Req,missing_destination,55,Application-30-Service,EndDevice-30,Application-30-Service,30500
11720,Application-31,M_Req,missing_destination,56,Application-31-Service,EndDevice-31,Application-31-Service,30600
11724,Application-1,M_Req,missing_destination,26,Application-1-Service,EndDevice-1,Application-1-Service,30600
11726,Application-4,M_Req,missing_destination,29,Application-4-Service,EndDevice-4,Application-4-Service,30600
11768,Application-31,M_Req,missing_destination,56,Application-31-Service,EndDevice-31,Application-31-Service,30700
11772,Application-1,M_Req,missing_destination,26,Application-1-Service,EndDevice-1,Application-1-Service,30700
11789,Application-30,M_Req,missing_destination,55,Application-30-Service,EndDevice-30,Application-30-Service,30800
11790,Application-20,M_Req,missing_destination,45,Application-20-Service,EndDevice-20,Application-20-Service,30800
11797,Application-17,M_Req,missing_destination,42,Application-17-Service,EndDevice-17,Application-17-Service,30800
11806,Application-21,M_Req,missing_destination,46,Application-21-Service,EndDevice-21,Application-21-Service,30800
11808,Application-19,M_Req,missing_destination,44,Application-19-Service,EndDevice-19,Application-19-Service,30800
11811,Application-31,M_Req,missing_destination,56,Application-31-Service,EndDevice-31,Application-31-Service,30800
11825,Application-18,M_Req,missing_destination,43,Application-18-Service,EndDevice-18,Application-18-Service,30900
11837,Application-30,M_Req,missing_destination,55,Application-30-Service,EndDevice-30,Application-30-Service,30900
11838,Application-20,M_Req,missing_destination,45,Application-20-Service,EndDevice-20,Application-20-Service,30900
11845,Application-17,M_Req,missing_destination,42,Application-17-Service,EndDevice-17,Application-17-Service,30900
11854,Application-21,M_Req,missing_destination,46,Application-21-Service,EndDevice-21,Application-21-Service,30900
11856,Application-19,M_Req,missing_destination,44,Application-19-Service,EndDevice-19,Application-19-Service,30900
11859,Application-31,M_Req,missing_destination,56,Application-31-Service,EndDevice-31,Application-31-Service,30900
11914,Application-5,M_Req,missing_destination,30,Application-5-Service,EndDevice-5,Application-5-Service,31100
11921,Application-8,M_Req,missing_destination,33,Application-8-Service,EndDevice-8,Application-8-Service,31100
11927,Application-6,M_Req,missing_destination,31,Application-6-Service,EndDevice-6,Application-6-Service,31100
11942,Application-7,M_Req,missing_destination,32,Application-7-Service,EndDevice-7,Application-7-Service,31100
11960,Application-5,M_Req,missing_destination,30,Application-5-Service,EndDevice-5,Application-5-Service,31200
11966,Application-8,M_Req,missing_destination,33,Application-8-Service,EndDevice-8,Application-8-Service,31200
11972,Application-6,M_Req,missing_destination,31,Application-6-Service,EndDevice-6,Application-6-Service,31200
12034,Application-32,M_Req,missing_destination,57,Application-32-Service,EndDevice-32,Application-32-Service,31400
12041,Application-33,M_Req,missing_destination,58,Application-33-Service,EndDevice-33,Application-33-Service,31400
12057,Application-34,M_Req,missing_destination,59,Application-34-Service,EndDevice-34,Application-34-Service,31500
12082,Application-32,M_Req,missing_destination,57,Application-32-Service,EndDevice-32,Application-32-Service,31500
12089,Application-33,M_Req,missing_destination,58,Application-33-Service,EndDevice-33,Application-33-Service,31500
12126,Application-41,M_Req,missing_destination,66,Application-41-Service,EndDevice-41,Application-41-Service,31700
12128,Application-33,M_Req,missing_destination,58,Application-33-Service,EndDevice-33,Application-33-Service,31700
12140,Application-42,M_Req,missing_destination,67,Application-42-Service,EndDevice-42,Application-42-Service,31700
12161,Application-43,M_Req,missing_destination,68,Application-43-Service,EndDevice-43,Application-43-Service,31700
12164,Application-44,M_Req,missing_destination,69,Application-44-Service,EndDevice-44,Application-44-Service,31700
12184,Application-42,M_Req,missing_destination,67,Application-42-Service,EndDevice-42,Application-42-Service,31800
12200,Application-43,M_Req,missing_destination,68,Application-43-Service,EndDevice-43,Application-43-Service,31800
12232,Application-42,M_Req,missing_destination,67,Application-42-Service,EndDevice-42,Application-42-Service,31900
12248,Application-43,M_Req,missing_destination,68,Application-43-Service,EndDevice-43,Application-43-Service,31900
12261,Application-23,M_Req,missing_destination,48,Application-23-Service,EndDevice-23,Application-23-Service,32000
12274,Application-22,M_Req,missing_destination,47,Application-22-Service,EndDevice-22,Application-22-Service,32000
12276,Application-42,M_Req,missing_destination,67,Application-42-Service,EndDevice-42,Application-42-Service,32000
12278,Application-24,M_Req,missing_destination,49,Application-24-Service,EndDevice-24,Application-24-Service,32100
12287,Application-43,M_Req,missing_destination,68,Application-43-Service,EndDevice-43,Application-43-Service,32100
12309,Application-23,M_Req,missing_destination,48,Application-23-Service,EndDevice-23,Application-23-Service,32100
12322,Application-22,M_Req,missing_destination,47,Application-22-Service,EndDevice-22,Application-22-Service,32100
12324,Application-42,M_Req,missing_destination,67,Application-42-Service,EndDevice-42,Application-42-Service,32100
12357,Application-31,M_Req,missing_destination,56,Application-31-Service,EndDevice-31,Application-31-Service,32300
12360,Application-32,M_Req,missing_destination,57,Application-32-Service,EndDevice-32,Application-32-Service,32300
12361,Application-22,M_Req,missing_destination,47,Application-22-Service,EndDevice-22,Application-22-Service,32300
12368,Application-30,M_Req,missing_destination,55,Application-30-Service,EndDevice-30,Application-30-Service,32300
12378,Application-29,M_Req,missing_destination,54,Application-29-Service,EndDevice-29,Application-29-Service,32300
12404,Application-31,M_Req,missing_destination,56,Application-31-Service,EndDevice-31,Application-31-Service,32400
12407,Application-32,M_Req,missing_destination,57,Application-32-Service,EndDevice-32,Application-32-Service,32400
12414,Application-30,M_Req,missing_destination,55,Application-30-Service,EndDevice-30,Application-30-Service,32400
12424,Application-29,M_Req,missing_destination,54,Application-29-Service,EndDevice-29,Application-29-Service,32400
12487,Application-33,M_Req,missing_destination,58,Application-33-Service,EndDevice-33,Application-33-Service,32600
12502,Application-34,M_Req,missing_destination,59,Application-34-Service,EndDevice-34,Application-34-Service,32600
12514,Application-36,M_Req,missing_destination,61,Application-36-Service,EndDevice-36,Application-36-Service,32700
12515,Application-35,M_Req,missing_destination,60,Application-35-Service,EndDevice-35,Application-35-Service,32700
12516,Application-43,M_Req,missing_destination,68,Application-43-Service,EndDevice-43,Application-43-Service,32700
12535,Application-33,M_Req,missing_destination,58,Application-33-Service,EndDevice-33,Application-33-Service,32700
12550,Application-34,M_Req,missing_destination,59,Application-34-Service,EndDevice-34,Application-34-Service,32700
12561,Application-35,M_Req,missing_destination,60,Application-35-Service,EndDevice-35,Application-35-Service,32800
12562,Application-43,M_Req,missing_destination,68,Application-43-Service,EndDevice-43,Application-43-Service,32800
12578,Application-33,M_Req,missing_destination,58,Application-33-Service,EndDevice-33,Application-33-Service,32800
12607,Application-12,M_Req,missing_destination,37,Application-12-Service,EndDevice-12,Application-12-Service,32900
12609,Application-35,M_Req,missing_destination,60,Application-35-Service,EndDevice-35,Application-35-Service,32900
12610,Application-43,M_Req,missing_destination,68,Application-43-Service,EndDevice-43,Application-43-Service,32900
12612,Application-11,M_Req,missing_destination,36,Application-11-Service,EndDevice-11,Application-11-Service,32900
12614,Application-9,M_Req,missing_destination,34,Application-9-Service,EndDevice-9,Application-9-Service,32900
12618,Application-10,M_Req,missing_destination,35,Application-10-Service,EndDevice-10,Application-10-Service,32900
12619,Application-41,M_Req,missing_destination,66,Application-41-Service,EndDevice-41,Application-41-Service,32900
12626,Application-33,M_Req,missing_destination,58,Application-33-Service,EndDevice-33,Application-33-Service,32900
12652,Application-12,M_Req,missing_destination,37,Application-12-Service,EndDevice-12,Application-12-Service,33000
12654,Application-35,M_Req,missing_destination,60,Application-35-Service,EndDevice-35,Application-35-Service,33000
12655,Application-43,M_Req,missing_destination,68,Application-43-Service,EndDevice-43,Application-43-Service,33000
12657,Application-11,M_Req,missing_destination,36,Application-11-Service,EndDevice-11,Application-11-Service,33000
12658,Application-9,M_Req,missing_destination,34,Application-9-Service,EndDevice-9,Application-9-Service,33000
12662,Application-10,M_Req,missing_destination,35,Application-10-Service,EndDevice-10,Application-10-Service,33000
12663,Application-41,M_Req,missing_destination,66,Application-41-Service,EndDevice-41,Application-41-Service,33000
12700,Application-12,M_Req,missing_destination,37,Application-12-Service,EndDevice-12,Application-12-Service,33100
12705,Application-11,M_Req,missing_destination,36,Application-11-Service,EndDevice-11,Application-11-Service,33100
12706,Application-9,M_Req,missing_destination,34,Application-9-Service,EndDevice-9,Application-9-Service,33100
12710,Application-10,M_Req,missing_destination,35,Application-10-Service,EndDevice-10,Application-10-Service,33100
12711,Application-41,M_Req,missing_destination,66,Application-41-Service,EndDevice-41,Application-41-Service,33100
12725,Application-15,M_Req,missing_destination,40,Application-15-Service,EndDevice-15,Application-15-Service,33200
12740,Application-14,M_Req,missing_destination,39,Application-14-Service,EndDevice-14,Application-14-Service,33200
12747,Application-13,M_Req,missing_destination,38,Application-13-Service,EndDevice-13,Application-13-Service,33300
12749,Application-16,M_Req,missing_destination,41,Application-16-Service,EndDevice-16,Application-16-Service,33300
12773,Application-15,M_Req,missing_destination,40,Application-15-Service,EndDevice-15,Application-15-Service,33300
12788,Application-14,M_Req,missing_destination,39,Application-14-Service,EndDevice-14,Application-14-Service,33300
12842,Application-43,M_Req,missing_destination,68,Application-43-Service,EndDevice-43,Application-43-Service,33500
12847,Application-41,M_Req,missing_destination,66,Application-41-Service,EndDevice-41,Application-41-Service,33500
12848,Application-42,M_Req,missing_destination,67,Application-42-Service,EndDevice-42,Application-42-Service,33500
12861,Application-44,M_Req,missing_destination,69,Application-44-Service,EndDevice-44,Application-44-Service,33500
12884,Application-43,M_Req,missing_destination,68,Application-43-Service,EndDevice-43,Application-43-Service,33600
12888,Application-41,M_Req,missing_destination,66,Application-41-Service,EndDevice-41,Application-41-Service,33600
12889,Application-42,M_Req,missing_destination,67,Application-42-Service,EndDevice-42,Application-42-Service,33600
12947,Application-25,M_Req,missing_destination,50,Application-25-Service,EndDevice-25,Application-25-Service,33800
12953,Application-28,M_Req,missing_destination,53,Application-28-Service,EndDevice-28,Application-28-Service,33800
12960,Application-26,M_Req,missing_destination,51,Application-26-Service,EndDevice-26,Application-26-Service,33800
12968,Application-27,M_Req,missing_destination,52,Application-27-Service,EndDevice-27,Application-27-Service,33800
12995,Application-25,M_Req,missing_destination,50,Application-25-Service,EndDevice-25,Application-25-Service,33900
13001,Application-28,M_Req,missing_destination,53,Application-28-Service,EndDevice-28,Application-28-Service,33900
13008,Application-26,M_Req,missing_destination,51,Application-26-Service,EndDevice-26,Application-26-Service,33900
13016,Application-27,M_Req,missing_destination,52,Application-27-Service,EndDevice-27,Application-27-Service,33900
13048,Application-40,M_Req,missing_destination,65,Application-40-Service,EndDevice-40,Application-40-Service,34100
13079,Application-37,M_Req,missing_destination,62,Application-37-Service,EndDevice-37,Application-37-Service,34100
13086,Application-39,M_Req,missing_destination,64,Application-39-Service,EndDevice-39,Application-39-Service,34100
13091,Application-38,M_Req,missing_destination,63,Application-38-Service,EndDevice-38,Application-38-Service,34100
13096,Application-40,M_Req,missing_destination,65,Application-40-Service,EndDevice-40,Application-40-Service,34200
13121,Application-37,M_Req,missing_destination,62,Application-37-Service,EndDevice-37,Application-37-Service,34200
13144,Application-40,M_Req,missing_destination,65,Application-40-Service,EndDevice-40,Application-40-Service,34300
13169,Application-37,M_Req,missing_destination,62,Application-37-Service,EndDevice-37,Application-37-Service,34300
13198,Application-26,M_Req,missing_destination,51,Application-26-Service,EndDevice-26,Application-26-Service,34400
13246,Application-26,M_Req,missing_destination,51,Application-26-Service,EndDevice-26,Application-26-Service,34500
13306,Application-9,M_Req,missing_destination,34,Application-9-Service,EndDevice-9,Application-9-Service,34700
13309,Application-11,M_Req,missing_destination,36,Application-11-Service,EndDevice-11,Application-11-Service,34700
13350,Application-9,M_Req,missing_destination,34,Application-9-Service,EndDevice-9,Application-9-Service,34800
13353,Application-11,M_Req,missing_destination,36,Application-11-Service,EndDevice-11,Application-11-Service,34800
13402,Application-22,M_Req,missing_destination,47,Application-22-Service,EndDevice-22,Application-22-Service,35000
13415,Application-24,M_Req,missing_destination,49,Application-24-Service,EndDevice-24,Application-24-Service,35000
13424,Application-21,M_Req,missing_destination,46,Application-21-Service,EndDevice-21,Application-21-Service,35000
13450,Application-22,M_Req,missing_destination,47,Application-22-Service,EndDevice-22,Application-22-Service,35100
13463,Application-24,M_Req,missing_destination,49,Application-24-Service,EndDevice-24,Application-24-Service,35100
13472,Application-21,M_Req,missing_destination,46,Application-21-Service,EndDevice-21,Application-21-Service,35100
13505,Application-24,M_Req,missing_destination,49,Application-24-Service,EndDevice-24,Application-24-Service,35200
13520,Application-31,M_Req,missing_destination,56,Application-31-Service,EndDevice-31,Application-31-Service,35300
13523,Application-30,M_Req,missing_destination,55,Application-30-Service,EndDevice-30,Application-30-Service,35300
13526,Application-32,M_Req,missing_destination,57,Application-32-Service,EndDevice-32,Application-32-Service,35300
13543,Application-29,M_Req,missing_destination,54,Application-29-Service,EndDevice-29,Application-29-Service,35300
13553,Application-24,M_Req,missing_destination,49,Application-24-Service,EndDevice-24,Application-24-Service,35300
13566,Application-31,M_Req,missing_destination,56,Application-31-Service,EndDevice-31,Application-31-Service,35400
13570,Application-32,M_Req,missing_destination,57,Application-32-Service,EndDevice-32,Application-32-Service,35400
13635,Application-38,M_Req,missing_destination,63,Application-38-Service,EndDevice-38,Application-38-Service,35600
13644,Application-39,M_Req,missing_destination,64,Application-39-Service,EndDevice-39,Application-39-Service,35600
13661,Application-40,M_Req,missing_destination,65,Application-40-Service,EndDevice-40,Application-40-Service,35700
13669,Application-23,M_Req,missing_destination,48,Application-23-Service,EndDevice-23,Application-23-Service,35700
13683,Application-38,M_Req,missing_destination,63,Application-38-Service,EndDevice-38,Application-38-Service,35700
13692,Application-39,M_Req,missing_destination,64,Application-39-Service,EndDevice-39,Application-39-Service,35700
13709,Application-40,M_Req,missing_destination,65,Application-40-Service,EndDevice-40,Application-40-Service,35800
13726,Application-38,M_Req,missing_destination,63,Application-38-Service,EndDevice-38,Application-38-Service,35800
13734,Application-39,M_Req,missing_destination,64,Application-39-Service,EndDevice-39,Application-39-Service,35800
13739,Application-17,M_Req,missing_destination,42,Application-17-Service,EndDevice-17,Application-17-Service,35900
13748,Application-20,M_Req,missing_destination,45,Application-20-Service,EndDevice-20,Application-20-Service,35900
13753,Application-19,M_Req,missing_destination,44,Application-19-Service,EndDevice-19,Application-19-Service,35900
13757,Application-40,M_Req,missing_destination,65,Application-40-Service,EndDevice-40,Application-40-Service,35900
13774,Application-38,M_Req,missing_destination,63,Application-38-Service,EndDevice-38,Application-38-Service,35900
13775,Application-18,M_Req,missing_destination,43,Application-18-Service,EndDevice-18,Application-18-Service,35900
13782,Application-39,M_Req,missing_destination,64,Application-39-Service,EndDevice-39,Application-39-Service,35900
13786,Application-17,M_Req,missing_destination,42,Application-17-Service,EndDevice-17,Application-17-Service,36000
13792,Application-20,M_Req,missing_destination,45,Application-20-Service,EndDevice-20,Application-20-Service,36000
13796,Application-19,M_Req,missing_destination,44,Application-19-Service,EndDevice-19,Application-19-Service,36000
13800,Application-40,M_Req,missing_destination,65,Application-40-Service,EndDevice-40,Application-40-Service,36000
13834,Application-17,M_Req,missing_destination,42,Application-17-Service,EndDevice-17,Application-17-Service,36100
13840,Application-20,M_Req,missing_destination,45,Application-20-Service,EndDevice-20,Application-20-Service,36100
13844,Application-19,M_Req,missing_destination,44,Application-19-Service,EndDevice-19,Application-19-Service,36100
13861,Application-6,M_Req,missing_destination,31,Application-6-Service,EndDevice-6,Application-6-Service,36200
13876,Application-5,M_Req,missing_destination,30,Application-5-Service,EndDevice-5,Application-5-Service,36200
13883,Application-20,M_Req,missing_destination,45,Application-20-Service,EndDevice-20,Application-20-Service,36200
13887,Application-19,M_Req,missing_destination,44,Application-19-Service,EndDevice-19,Application-19-Service,36200
13909,Application-6,M_Req,missing_destination,31,Application-6-Service,EndDevice-6,Application-6-Service,36300
13924,Application-5,M_Req,missing_destination,30,Application-5-Service,EndDevice-5,Application-5-Service,36300
13931,Application-20,M_Req,missing_destination,45,Application-20-Service,EndDevice-20,Application-20-Service,36300
13935,Application-19,M_Req,missing_destination,44,Application-19-Service,EndDevice-19,Application-19-Service,36300
13968,Application-16,M_Req,missing_destination,41,Application-16-Service,EndDevice-16,Application-16-Service,36500
13980,Application-14,M_Req,missing_destination,39,Application-14-Service,EndDevice-14,Application-14-Service,36500
14001,Application-18,M_Req,missing_destination,43,Application-18-Service,EndDevice-18,Application-18-Service,36500
14011,Application-15,M_Req,missing_destination,40,Application-15-Service,EndDevice-15,Application-15-Service,36500
14014,Application-13,M_Req,missing_destination,38,Application-13-Service,EndDevice-13,Application-13-Service,36500
14016,Application-16,M_Req,missing_destination,41,Application-16-Service,EndDevice-16,Application-16-Service,36600
14025,Application-14,M_Req,missing_destination,39,Application-14-Service,EndDevice-14,Application-14-Service,36600
14089,Application-6,M_Req,missing_destination,31,Application-6-Service,EndDevice-6,Application-6-Service,36800
14114,Application-5,M_Req,missing_destination,30,Application-5-Service,EndDevice-5,Application-5-Service,36800
14127,Application-8,M_Req,missing_destination,33,Application-8-Service,EndDevice-8,Application-8-Service,36900
14137,Application-6,M_Req,missing_destination,31,Application-6-Service,EndDevice-6,Application-6-Service,36900
14162,Application-5,M_Req,missing_destination,30,Application-5-Service,EndDevice-5,Application-5-Service,36900
14174,Application-8,M_Req,missing_destination,33,Application-8-Service,EndDevice-8,Application-8-Service,37000
14182,Application-6,M_Req,missing_destination,31,Application-6-Service,EndDevice-6,Application-6-Service,37000
14199,Application-31,M_Req,missing_destination,56,Application-31-Service,EndDevice-31,Application-31-Service,37100
14201,Application-29,M_Req,missing_destination,54,Application-29-Service,EndDevice-29,Application-29-Service,37100
14216,Application-32,M_Req,missing_destination,57,Application-32-Service,EndDevice-32,Application-32-Service,37100
14222,Application-8,M_Req,missing_destination,33,Application-8-Service,EndDevice-8,Application-8-Service,37100
14230,Application-6,M_Req,missing_destination,31,Application-6-Service,EndDevice-6,Application-6-Service,37100
14231,Application-18,M_Req,missing_destination,43,Application-18-Service,EndDevice-18,Application-18-Service,37100
14233,Application-30,M_Req,missing_destination,55,Application-30-Service,EndDevice-30,Application-30-Service,37100
14247,Application-31,M_Req,missing_destination,56,Application-31-Service,EndDevice-31,Application-31-Service,37200
14249,Application-29,M_Req,missing_destination,54,Application-29-Service,EndDevice-29,Application-29-Service,37200
14262,Application-32,M_Req,missing_destination,57,Application-32-Service,EndDevice-32,Application-32-Service,37200
14267,Application-8,M_Req,missing_destination,33,Application-8-Service,EndDevice-8,Application-8-Service,37200
14295,Application-31,M_Req,missing_destination,56,Application-31-Service,EndDevice-31,Application-31-Service,37300
14297,Application-29,M_Req,missing_destination,54,Application-29-Service,EndDevice-29,Application-29-Service,37300
14310,Application-32,M_Req,missing_destination,57,Application-32-Service,EndDevice-32,Application-32-Service,37300
14326,Application-2,M_Req,missing_destination,27,Application-2-Service,EndDevice-2,Application-2-Service,37400
14333,Application-1,M_Req,missing_destination,26,Application-1-Service,EndDevice-1,Application-1-Service,37400
14336,Application-31,M_Req,missing_destination,56,Application-31-Service,EndDevice-31,Application-31-Service,37400
14338,Application-29,M_Req,missing_destination,54,Application-29-Service,EndDevice-29,Application-29-Service,37400
14351,Application-4,M_Req,missing_destination,29,Application-4-Service,EndDevice-4,Application-4-Service,37500
14374,Application-2,M_Req,missing_destination,27,Application-2-Service,EndDevice-2,Application-2-Service,37500
14381,Application-1,M_Req,missing_destination,26,Application-1-Service,EndDevice-1,Application-1-Service,37500
14384,Application-31,M_Req,missing_destination,56,Application-31-Service,EndDevice-31,Application-31-Service,37500
14386,Application-29,M_Req,missing_destination,54,Application-29-Service,EndDevice-29,Application-29-Service,37500
14434,Application-39,M_Req,missing_destination,64,Application-39-Service,EndDevice-39,Application-39-Service,37700
14442,Application-37,M_Req,missing_destination,62,Application-37-Service,EndDevice-37,Application-37-Service,37700
14447,Application-40,M_Req,missing_destination,65,Application-40-Service,EndDevice-40,Application-40-Service,37700
14452,Application-38,M_Req,missing_destination,63,Application-38-Service,EndDevice-38,Application-38-Service,37700
14479,Application-39,M_Req,missing_destination,64,Application-39-Service,EndDevice-39,Application-39-Service,37800
14487,Application-37,M_Req,missing_destination,62,Application-37-Service,EndDevice-37,Application-37-Service,37800
14491,Application-40,M_Req,missing_destination,65,Application-40-Service,EndDevice-40,Application-40-Service,37800
14527,Application-39,M_Req,missing_destination,64,Application-39-Service,EndDevice-39,Application-39-Service,37900
14535,Application-37,M_Req,missing_destination,62,Application-37-Service,EndDevice-37,Application-37-Service,37900
14539,Application-40,M_Req,missing_destination,65,Application-40-Service,EndDevice-40,Application-40-Service,37900
14563,Application-11,M_Req,missing_destination,36,Application-11-Service,EndDevice-11,Application-11-Service,38000
14567,Application-12,M_Req,missing_destination,37,Application-12-Service,EndDevice-12,Application-12-Service,38000
14568,Application-39,M_Req,missing_destination,64,Application-39-Service,EndDevice-39,Application-39-Service,38000
14570,Application-10,M_Req,missing_destination,35,Application-10-Service,EndDevice-10,Application-10-Service,38000
14611,Application-11,M_Req,missing_destination,36,Application-11-Service,EndDevice-11,Application-11-Service,38100
14615,Application-12,M_Req,missing_destination,37,Application-12-Service,EndDevice-12,Application-12-Service,38100
14616,Application-39,M_Req,missing_destination,64,Application-39-Service,EndDevice-39,Application-39-Service,38100
14618,Application-10,M_Req,missing_destination,35,Application-10-Service,EndDevice-10,Application-10-Service,38100
14657,Application-39,M_Req,missing_destination,64,Application-39-Service,EndDevice-39,Application-39-Service,38300
14666,Application-32,M_Req,missing_destination,57,Application-32-Service,EndDevice-32,Application-32-Service,38300
14667,Application-29,M_Req,missing_destination,54,Application-29-Service,EndDevice-29,Application-29-Service,38300
14685,Application-30,M_Req,missing_destination,55,Application-30-Service,EndDevice-30,Application-30-Service,38300
14688,Application-9,M_Req,missing_destination,34,Application-9-Service,EndDevice-9,Application-9-Service,38300
14705,Application-39,M_Req,missing_destination,64,Application-39-Service,EndDevice-39,Application-39-Service,38400
14713,Application-32,M_Req,missing_destination,57,Application-32-Service,EndDevice-32,Application-32-Service,38400
14714,Application-29,M_Req,missing_destination,54,Application-29-Service,EndDevice-29,Application-29-Service,38400
14725,Application-30,M_Req,missing_destination,55,Application-30-Service,EndDevice-30,Application-30-Service,38400
14728,Application-9,M_Req,missing_destination,34,Application-9-Service,EndDevice-9,Application-9-Service,38400
14792,Application-20,M_Req,missing_destination,45,Application-20-Service,EndDevice-20,Application-20-Service,38600
14798,Application-19,M_Req,missing_destination,44,Application-19-Service,EndDevice-19,Application-19-Service,38600
14840,Application-20,M_Req,missing_destination,45,Application-20-Service,EndDevice-20,Application-20-Service,38700
14846,Application-19,M_Req,missing_destination,44,Application-19-Service,EndDevice-19,Application-19-Service,38700
14881,Application-20,M_Req,missing_destination,45,Application-20-Service,EndDevice-20,Application-20-Service,38800
14893,Application-28,M_Req,missing_destination,53,Application-28-Service,EndDevice-28,Application-28-Service,38900
14894,Application-27,M_Req,missing_destination,52,Application-27-Service,EndDevice-27,Application-27-Service,38900
14916,Application-26,M_Req,missing_destination,51,Application-26-Service,EndDevice-26,Application-26-Service,38900
14926,Application-25,M_Req,missing_destination,50,Application-25-Service,EndDevice-25,Application-25-Service,38900
14929,Application-20,M_Req,missing_destination,45,Application-20-Service,EndDevice-20,Application-20-Service,38900
14940,Application-28,M_Req,missing_destination,53,Application-28-Service,EndDevice-28,Application-28-Service,39000
14941,Application-27,M_Req,missing_destination,52,Application-27-Service,EndDevice-27,Application-27-Service,39000
15006,Application-26,M_Req,missing_destination,51,Application-26-Service,EndDevice-26,Application-26-Service,39200
15009,Application-36,M_Req,missing_destination,61,Application-36-Service,EndDevice-36,Application-36-Service,39200
15015,Application-33,M_Req,missing_destination,58,Application-33-Service,EndDevice-33,Application-33-Service,39200
15026,Application-34,M_Req,missing_destination,59,Application-34-Service,EndDevice-34,Application-34-Service,39200
15054,Application-26,M_Req,missing_destination,51,Application-26-Service,EndDevice-26,Application-26-Service,39300
15057,Application-36,M_Req,missing_destination,61,Application-36-Service,EndDevice-36,Application-36-Service,39300
15063,Application-33,M_Req,missing_destination,58,Application-33-Service,EndDevice-33,Application-33-Service,39300
15074,Application-34,M_Req,missing_destination,59,Application-34-Service,EndDevice-34,Application-34-Service,39300
15098,Application-26,M_Req,missing_destination,51,Application-26-Service,EndDevice-26,Application-26-Service,39400
15101,Application-36,M_Req,missing_destination,61,Application-36-Service,EndDevice-36,Application-36-Service,39400
15119,Application-3,M_Req,missing_destination,28,Application-3-Service,EndDevice-3,Application-3-Service,39500
15122,Application-2,M_Req,missing_destination,27,Application-2-Service,EndDevice-2,Application-2-Service,39500
15123,Application-1,M_Req,missing_destination,26,Application-1-Service,EndDevice-1,Application-1-Service,39500
15126,Application-34,M_Req,missing_destination,59,Application-34-Service,EndDevice-34,Application-34-Service,39500
15139,Application-4,M_Req,missing_destination,29,Application-4-Service,EndDevice-4,Application-4-Service,39500
15146,Application-26,M_Req,missing_destination,51,Application-26-Service,EndDevice-26,Application-26-Service,39500
15149,Application-36,M_Req,missing_destination,61,Application-36-Service,EndDevice-36,Application-36-Service,39500
15163,Application-3,M_Req,missing_destination,28,Application-3-Service,EndDevice-3,Application-3-Service,39600
15166,Application-2,M_Req,missing_destination,27,Application-2-Service,EndDevice-2,Application-2-Service,39600
15167,Application-1,M_Req,missing_destination,26,Application-1-Service,EndDevice-1,Application-1-Service,39600
15170,Application-34,M_Req,missing_destination,59,Application-34-Service,EndDevice-34,Application-34-Service,39600
15181,Application-4,M_Req,missing_destination,29,Application-4-Service,EndDevice-4,Application-4-Service,39600
15211,Application-3,M_Req,missing_destination,28,Application-3-Service,EndDevice-3,Application-3-Service,39700
15214,Application-2,M_Req,missing_destination,27,Application-2-Service,EndDevice-2,Application-2-Service,39700
15215,Application-1,M_Req,missing_destination,26,Application-1-Service,EndDevice-1,Application-1-Service,39700
15218,Application-34,M_Req,missing_destination,59,Application-34-Service,EndDevice-34,Application-34-Service,39700
15229,Application-4,M_Req,missing_destination,29,Application-4-Service,EndDevice-4,Application-4-Service,39700
15238,Application-41,M_Req,missing_destination,66,Application-41-Service,EndDevice-41,Application-41-Service,39800
15249,Application-44,M_Req,missing_destination,69,Application-44-Service,EndDevice-44,Application-44-Service,39800
15258,Application-2,M_Req,missing_destination,27,Application-2-Service,EndDevice-2,Application-2-Service,39800
15259,Application-1,M_Req,missing_destination,26,Application-1-Service,EndDevice-1,Application-1-Service,39800
15261,Application-34,M_Req,missing_destination,59,Application-34-Service,EndDevice-34,Application-34-Service,39800
15273,Application-43,M_Req,missing_destination,68,Application-43-Service,EndDevice-43,Application-43-Service,39900
15286,Application-41,M_Req,missing_destination,66,Application-41-Service,EndDevice-41,Application-41-Service,39900
15297,Application-44,M_Req,missing_destination,69,Application-44-Service,EndDevice-44,Application-44-Service,39900
15306,Application-2,M_Req,missing_destination,27,Application-2-Service,EndDevice-2,Application-2-Service,39900
15307,Application-1,M_Req,missing_destination,26,Application-1-Service,EndDevice-1,Application-1-Service,39900
15309,Application-34,M_Req,missing_destination,59,Application-34-Service,EndDevice-34,Application-34-Service,39900
15343,Application-39,M_Req,missing_destination,64,Application-39-Service,EndDevice-39,Application-39-Service,40100
15347,Application-40,M_Req,missing_destination,65,Application-40-Service,EndDevice-40,Application-40-Service,40100
15360,Application-38,M_Req,missing_destination,63,Application-38-Service,EndDevice-38,Application-38-Service,40100
15380,Application-37,M_Req,missing_destination,62,Application-37-Service,EndDevice-37,Application-37-Service,40100
15391,Application-39,M_Req,missing_destination,64,Application-39-Service,EndDevice-39,Application-39-Service,40200
15393,Application-40,M_Req,missing_destination,65,Application-40-Service,EndDevice-40,Application-40-Service,40200
15474,Application-45,M_Req,missing_destination,70,Application-45-Service,EndDevice-45,Application-45-Service,40400
15477,Application-47,M_Req,missing_destination,72,Application-47-Service,EndDevice-47,Application-47-Service,40400
15486,Application-48,M_Req,missing_destination,73,Application-48-Service,EndDevice-48,Application-48-Service,40400
15496,Application-46,M_Req,missing_destination,71,Application-46-Service,EndDevice-46,Application-46-Service,40500
15522,Application-45,M_Req,missing_destination,70,Application-45-Service,EndDevice-45,Application-45-Service,40500
15525,Application-47,M_Req,missing_destination,72,Application-47-Service,EndDevice-47,Application-47-Service,40500
15534,Application-48,M_Req,missing_destination,73,Application-48-Service,EndDevice-48,Application-48-Service,40500
15544,Application-46,M_Req,missing_destination,71,Application-46-Service,EndDevice-46,Application-46-Service,40600
15565,Application-45,M_Req,missing_destination,70,Application-45-Service,EndDevice-45,Application-45-Service,40600
15568,Application-47,M_Req,missing_destination,72,Application-47-Service,EndDevice-47,Application-47-Service,40600
15590,Application-15,M_Req,missing_destination,40,Application-15-Service,EndDevice-15,Application-15-Service,40700
15592,Application-46,M_Req,missing_destination,71,Application-46-Service,EndDevice-46,Application-46-Service,40700
15605,Application-16,M_Req,missing_destination,41,Application-16-Service,EndDevice-16,Application-16-Service,40700
15611,Application-14,M_Req,missing_destination,39,Application-14-Service,EndDevice-14,Application-14-Service,40700
15613,Application-45,M_Req,missing_destination,70,Application-45-Service,EndDevice-45,Application-45-Service,40700
15616,Application-47,M_Req,missing_destination,72,Application-47-Service,EndDevice-47,Application-47-Service,40700
15618,Application-13,M_Req,missing_destination,38,Application-13-Service,EndDevice-13,Application-13-Service,40700
15636,Application-15,M_Req,missing_destination,40,Application-15-Service,EndDevice-15,Application-15-Service,40800
15684,Application-15,M_Req,missing_destination,40,Application-15-Service,EndDevice-15,Application-15-Service,40900
15722,Application-3,M_Req,missing_destination,28,Application-3-Service,EndDevice-3,Application-3-Service,41000
15728,Application-15,M_Req,missing_destination,40,Application-15-Service,EndDevice-15,Application-15-Service,41000
15735,Application-1,M_Req,missing_destination,26,Application-1-Service,EndDevice-1,Application-1-Service,41100
15770,Application-3,M_Req,missing_destination,28,Application-3-Service,EndDevice-3,Application-3-Service,41100
15776,Application-15,M_Req,missing_destination,40,Application-15-Service,EndDevice-15,Application-15-Service,41100
15808,Application-43,M_Req,missing_destination,68,Application-43-Service,EndDevice-43,Application-43-Service,41300
15813,Application-44,M_Req,missing_destination,69,Application-44-Service,EndDevice-44,Application-44-Service,41300
15834,Application-42,M_Req,missing_destination,67,Application-42-Service,EndDevice-42,Application-42-Service,41300
15836,Application-41,M_Req,missing_destination,66,Application-41-Service,EndDevice-41,Application-41-Service,41300
15855,Application-43,M_Req,missing_destination,68,Application-43-Service,EndDevice-43,Application-43-Service,41400
15859,Application-44,M_Req,missing_destination,69,Application-44-Service,EndDevice-44,Application-44-Service,41400
15876,Application-42,M_Req,missing_destination,67,Application-42-Service,EndDevice-42,Application-42-Service,41400
15947,Application-43,M_Req,missing_destination,68,Application-43-Service,EndDevice-43,Application-43-Service,41600
15950,Application-44,M_Req,missing_destination,69,Application-44-Service,EndDevice-44,Application-44-Service,41600
15963,Application-42,M_Req,missing_destination,67,Application-42-Service,EndDevice-42,Application-42-Service,41700
15995,Application-43,M_Req,missing_destination,68,Application-43-Service,EndDevice-43,Application-43-Service,41700
15998,Application-44,M_Req,missing_destination,69,Application-44-Service,EndDevice-44,Application-44-Service,41700
16048,Application-33,M_Req,missing_destination,58,Application-33-Service,EndDevice-33,Application-33-Service,41900
16052,Application-34,M_Req,missing_destination,59,Application-34-Service,EndDevice-34,Application-34-Service,41900
16063,Application-15,M_Req,missing_destination,40,Application-15-Service,EndDevice-15,Application-15-Service,41900
16074,Application-36,M_Req,missing_destination,61,Application-36-Service,EndDevice-36,Application-36-Service,41900
16075,Application-35,M_Req,missing_destination,60,Application-35-Service,EndDevice-35,Application-35-Service,41900
16095,Application-33,M_Req,missing_destination,58,Application-33-Service,EndDevice-33,Application-33-Service,42000
16099,Application-34,M_Req,missing_destination,59,Application-34-Service,EndDevice-34,Application-34-Service,42000
16108,Application-15,M_Req,missing_destination,40,Application-15-Service,EndDevice-15,Application-15-Service,42000
16143,Application-33,M_Req,missing_destination,58,Application-33-Service,EndDevice-33,Application-33-Service,42100
16147,Application-34,M_Req,missing_destination,59,Application-34-Service,EndDevice-34,Application-34-Service,42100
16156,Application-15,M_Req,missing_destination,40,Application-15-Service,EndDevice-15,Application-15-Service,42100
16166,Application-41,M_Req,missing_destination,66,Application-41-Service,EndDevice-41,Application-41-Service,42200
16172,Application-36,M_Req,missing_destination,61,Application-36-Service,EndDevice-36,Application-36-Service,42200
16183,Application-44,M_Req,missing_destination,69,Application-44-Service,EndDevice-44,Application-44-Service,42200
16184,Application-33,M_Req,missing_destination,58,Application-33-Service,EndDevice-33,Application-33-Service,42200
16188,Application-34,M_Req,missing_destination,59,Application-34-Service,EndDevice-34,Application-34-Service,42200
16192,Application-42,M_Req,missing_destination,67,Application-42-Service,EndDevice-42,Application-42-Service,42300
16214,Application-41,M_Req,missing_destination,66,Application-41-Service,EndDevice-41,Application-41-Service,42300
16220,Application-36,M_Req,missing_destination,61,Application-36-Service,EndDevice-36,Application-36-Service,42300
16231,Application-44,M_Req,missing_destination,69,Application-44-Service,EndDevice-44,Application-44-Service,42300
16232,Application-33,M_Req,missing_destination,58,Application-33-Service,EndDevice-33,Application-33-Service,42300
16236,Application-34,M_Req,missing_destination,59,Application-34-Service,EndDevice-34,Application-34-Service,42300
16240,Application-42,M_Req,missing_destination,67,Application-42-Service,EndDevice-42,Application-42-Service,42400
16258,Application-41,M_Req,missing_destination,66,Application-41-Service,EndDevice-41,Application-41-Service,42400
16272,Application-44,M_Req,missing_destination,69,Application-44-Service,EndDevice-44,Application-44-Service,42500
16275,Application-34,M_Req,missing_destination,59,Application-34-Service,EndDevice-34,Application-34-Service,42500
16280,Application-21,M_Req,missing_destination,46,Application-21-Service,EndDevice-21,Application-21-Service,42500
16288,Application-42,M_Req,missing_destination,67,Application-42-Service,EndDevice-42,Application-42-Service,42500
16290,Application-22,M_Req,missing_destination,47,Application-22-Service,EndDevice-22,Application-22-Service,42500
16291,Application-24,M_Req,missing_destination,49,Application-24-Service,EndDevice-24,Application-24-Service,42500
16300,Application-14,M_Req,missing_destination,39,Application-14-Service,EndDevice-14,Application-14-Service,42500
16306,Application-41,M_Req,missing_destination,66,Application-41-Service,EndDevice-41,Application-41-Service,42500
16308,Application-35,M_Req,missing_destination,60,Application-35-Service,EndDevice-35,Application-35-Service,42500
16309,Application-23,M_Req,missing_destination,48,Application-23-Service,EndDevice-23,Application-23-Service,42500
16319,Application-44,M_Req,missing_destination,69,Application-44-Service,EndDevice-44,Application-44-Service,42600
16322,Application-34,M_Req,missing_destination,59,Application-34-Service,EndDevice-34,Application-34-Service,42600
16326,Application-21,M_Req,missing_destination,46,Application-21-Service,EndDevice-21,Application-21-Service,42600
16333,Application-42,M_Req,missing_destination,67,Application-42-Service,EndDevice-42,Application-42-Service,42600
16335,Application-24,M_Req,missing_destination,49,Application-24-Service,EndDevice-24,Application-24-Service,42600
16367,Application-44,M_Req,missing_destination,69,Application-44-Service,EndDevice-44,Application-44-Service,42700
16370,Application-34,M_Req,missing_destination,59,Application-34-Service,EndDevice-34,Application-34-Service,42700
16374,Application-21,M_Req,missing_destination,46,Application-21-Service,EndDevice-21,Application-21-Service,42700
16383,Application-24,M_Req,missing_destination,49,Application-24-Service,EndDevice-24,Application-24-Service,42700
16395,Application-8,M_Req,missing_destination,33,Application-8-Service,EndDevice-8,Application-8-Service,42800
16397,Application-7,M_Req,missing_destination,32,Application-7-Service,EndDevice-7,Application-7-Service,42800
16412,Application-6,M_Req,missing_destination,31,Application-6-Service,EndDevice-6,Application-6-Service,42800
16413,Application-44,M_Req,missing_destination,69,Application-44-Service,EndDevice-44,Application-44-Service,42800
16416,Application-5,M_Req,missing_destination,30,Application-5-Service,EndDevice-5,Application-5-Service,42800
16418,Application-21,M_Req,missing_destination,46,Application-21-Service,EndDevice-21,Application-21-Service,42800
16443,Application-8,M_Req,missing_destination,33,Application-8-Service,EndDevice-8,Application-8-Service,42900
16445,Application-7,M_Req,missing_destination,32,Application-7-Service,EndDevice-7,Application-7-Service,42900
16460,Application-6,M_Req,missing_destination,31,Application-6-Service,EndDevice-6,Application-6-Service,42900
16461,Application-44,M_Req,missing_destination,69,Application-44-Service,EndDevice-44,Application-44-Service,42900
16464,Application-5,M_Req,missing_destination,30,Application-5-Service,EndDevice-5,Application-5-Service,42900
16466,Application-21,M_Req,missing_destination,46,Application-21-Service,EndDevice-21,Application-21-Service,42900
16489,Application-7,M_Req,missing_destination,32,Application-7-Service,EndDevice-7,Application-7-Service,43000
16497,Application-11,M_Req,missing_destination,36,Application-11-Service,EndDevice-11,Application-11-Service,43100
16500,Application-10,M_Req,missing_destination,35,Application-10-Service,EndDevice-10,Application-10-Service,43100
16517,Application-9,M_Req,missing_destination,34,Application-9-Service,EndDevice-9,Application-9-Service,43100
16532,Application-12,M_Req,missing_destination,37,Application-12-Service,EndDevice-12,Application-12-Service,43100
16537,Application-7,M_Req,missing_destination,32,Application-7-Service,EndDevice-7,Application-7-Service,43100
16545,Application-11,M_Req,missing_destination,36,Application-11-Service,EndDevice-11,Application-11-Service,43200
16548,Application-10,M_Req,missing_destination,35,Application-10-Service,EndDevice-10,Application-10-Service,43200
16625,Application-2,M_Req,missing_destination,27,Application-2-Service,EndDevice-2,Application-2-Service,43400
16627,Application-3,M_Req,missing_destination,28,Application-3-Service,EndDevice-3,Application-3-Service,43400
16641,Application-5,M_Req,missing_destination,30,Application-5-Service,EndDevice-5,Application-5-Service,43400
16642,Application-21,M_Req,missing_destination,46,Application-21-Service,EndDevice-21,Application-21-Service,43400
16647,Application-8,M_Req,missing_destination,33,Application-8-Service,EndDevice-8,Application-8-Service,43400
16648,Application-4,M_Req,missing_destination,29,Application-4-Service,EndDevice-4,Application-4-Service,43400
16673,Application-2,M_Req,missing_destination,27,Application-2-Service,EndDevice-2,Application-2-Service,43500
16675,Application-3,M_Req,missing_destination,28,Application-3-Service,EndDevice-3,Application-3-Service,43500
16689,Application-5,M_Req,missing_destination,30,Application-5-Service,EndDevice-5,Application-5-Service,43500
16690,Application-21,M_Req,missing_destination,46,Application-21-Service,EndDevice-21,Application-21-Service,43500
16695,Application-8,M_Req,missing_destination,33,Application-8-Service,EndDevice-8,Application-8-Service,43500
16696,Application-4,M_Req,missing_destination,29,Application-4-Service,EndDevice-4,Application-4-Service,43500
16765,Application-2,M_Req,missing_destination,27,Application-2-Service,EndDevice-2,Application-2-Service,43700
16766,Application-3,M_Req,missing_destination,28,Application-3-Service,EndDevice-3,Application-3-Service,43700
16864,Application-31,M_Req,missing_destination,56,Application-31-Service,EndDevice-31,Application-31-Service,44000
16868,Application-29,M_Req,missing_destination,54,Application-29-Service,EndDevice-29,Application-29-Service,44000
16871,Application-32,M_Req,missing_destination,57,Application-32-Service,EndDevice-32,Application-32-Service,44000
16891,Application-30,M_Req,missing_destination,55,Application-30-Service,EndDevice-30,Application-30-Service,44100
16912,Application-31,M_Req,missing_destination,56,Application-31-Service,EndDevice-31,Application-31-Service,44100
16916,Application-29,M_Req,missing_destination,54,Application-29-Service,EndDevice-29,Application-29-Service,44100
16919,Application-32,M_Req,missing_destination,57,Application-32-Service,EndDevice-32,Application-32-Service,44100
16937,Application-30,M_Req,missing_destination,55,Application-30-Service,EndDevice-30,Application-30-Service,44200
16953,Application-31,M_Req,missing_destination,56,Application-31-Service,EndDevice-31,Application-31-Service,44200
16973,Application-1,M_Req,missing_destination,26,Application-1-Service,EndDevice-1,Application-1-Service,44300
16977,Application-3,M_Req,missing_destination,28,Application-3-Service,EndDevice-3,Application-3-Service,44300
16985,Application-30,M_Req,missing_destination,55,Application-30-Service,EndDevice-30,Application-30-Service,44300
17001,Application-31,M_Req,missing_destination,56,Application-31-Service,EndDevice-31,Application-31-Service,44300
17016,Application-1,M_Req,missing_destination,26,Application-1-Service,EndDevice-1,Application-1-Service,44400
17026,Application-30,M_Req,missing_destination,55,Application-30-Service,EndDevice-30,Application-30-Service,44400
17074,Application-30,M_Req,missing_destination,55,Application-30-Service,EndDevice-30,Application-30-Service,44500
17085,Application-2,M_Req,missing_destination,27,Application-2-Service,EndDevice-2,Application-2-Service,44600
17091,Application-6,M_Req,missing_destination,31,Application-6-Service,EndDevice-6,Application-6-Service,44600
17100,Application-8,M_Req,missing_destination,33,Application-8-Service,EndDevice-8,Application-8-Service,44600
17103,Application-5,M_Req,missing_destination,30,Application-5-Service,EndDevice-5,Application-5-Service,44600
17105,Application-32,M_Req,missing_destination,57,Application-32-Service,EndDevice-32,Application-32-Service,44600
17133,Application-2,M_Req,missing_destination,27,Application-2-Service,EndDevice-2,Application-2-Service,44700
17139,Application-6,M_Req,missing_destination,31,Application-6-Service,EndDevice-6,Application-6-Service,44700
17148,Application-8,M_Req,missing_destination,33,Application-8-Service,EndDevice-8,Application-8-Service,44700
17151,Application-5,M_Req,missing_destination,30,Application-5-Service,EndDevice-5,Application-5-Service,44700
17153,Application-32,M_Req,missing_destination,57,Application-32-Service,EndDevice-32,Application-32-Service,44700
17228,Application-2,M_Req,missing_destination,27,Application-2-Service,EndDevice-2,Application-2-Service,44900
17231,Application-6,M_Req,missing_destination,31,Application-6-Service,EndDevice-6,Application-6-Service,44900
17336,Application-12,M_Req,missing_destination,37,Application-12-Service,EndDevice-12,Application-12-Service,45200
17347,Application-10,M_Req,missing_destination,35,Application-10-Service,EndDevice-10,Application-10-Service,45300
17351,Application-11,M_Req,missing_destination,36,Application-11-Service,EndDevice-11,Application-11-Service,45300
17384,Application-12,M_Req,missing_destination,37,Application-12-Service,EndDevice-12,Application-12-Service,45300
17419,Application-37,M_Req,missing_destination,62,Application-37-Service,EndDevice-37,Application-37-Service,45500
17421,Application-39,M_Req,missing_destination,64,Application-39-Service,EndDevice-39,Application-39-Service,45500
17438,Application-40,M_Req,missing_destination,65,Application-40-Service,EndDevice-40,Application-40-Service,45500
17456,Application-38,M_Req,missing_destination,63,Application-38-Service,EndDevice-38,Application-38-Service,45500
17466,Application-37,M_Req,missing_destination,62,Application-37-Service,EndDevice-37,Application-37-Service,45600
17467,Application-39,M_Req,missing_destination,64,Application-39-Service,EndDevice-39,Application-39-Service,45600
17481,Application-40,M_Req,missing_destination,65,Application-40-Service,EndDevice-40,Application-40-Service,45600
17556,Application-37,M_Req,missing_destination,62,Application-37-Service,EndDevice-37,Application-37-Service,45800
17568,Application-40,M_Req,missing_destination,65,Application-40-Service,EndDevice-40,Application-40-Service,45900
17604,Application-37,M_Req,missing_destination,62,Application-37-Service,EndDevice-37,Application-37-Service,45900
17616,Application-40,M_Req,missing_destination,65,Application-40-Service,EndDevice-40,Application-40-Service,46000
17646,Application-37,M_Req,missing_destination,62,Application-37-Service,EndDevice-37,Application-37-Service,46100
17654,Application-7,M_Req,missing_destination,32,Application-7-Service,EndDevice-7,Application-7-Service,46100
17661,Application-8,M_Req,missing_destination,33,Application-8-Service,EndDevice-8,Application-8-Service,46100
17663,Application-6,M_Req,missing_destination,31,Application-6-Service,EndDevice-6,Application-6-Service,46100
17664,Application-40,M_Req,missing_destination,65,Application-40-Service,EndDevice-40,Application-40-Service,46100
17681,Application-5,M_Req,missing_destination,30,Application-5-Service,EndDevice-5,Application-5-Service,46100
17692,Application-32,M_Req,missing_destination,57,Application-32-Service,EndDevice-32,Application-32-Service,46100
17694,Application-37,M_Req,missing_destination,62,Application-37-Service,EndDevice-37,Application-37-Service,46200
17701,Application-7,M_Req,missing_destination,32,Application-7-Service,EndDevice-7,Application-7-Service,46200
17706,Application-6,M_Req,missing_destination,31,Application-6-Service,EndDevice-6,Application-6-Service,46200
17707,Application-40,M_Req,missing_destination,65,Application-40-Service,EndDevice-40,Application-40-Service,46200
17722,Application-5,M_Req,missing_destination,30,Application-5-Service,EndDevice-5,Application-5-Service,46200
17742,Application-37,M_Req,missing_destination,62,Application-37-Service,EndDevice-37,Application-37-Service,46300
17749,Application-7,M_Req,missing_destination,32,Application-7-Service,EndDevice-7,Application-7-Service,46300
17754,Application-6,M_Req,missing_destination,31,Application-6-Service,EndDevice-6,Application-6-Service,46300
17770,Application-5,M_Req,missing_destination,30,Application-5-Service,EndDevice-5,Application-5-Service,46300
17781,Application-14,M_Req,missing_destination,39,Application-14-Service,EndDevice-14,Application-14-Service,46400
17785,Application-13,M_Req,missing_destination,38,Application-13-Service,EndDevice-13,Application-13-Service,46400
17788,Application-37,M_Req,missing_destination,62,Application-37-Service,EndDevice-37,Application-37-Service,46400
17794,Application-7,M_Req,missing_destination,32,Application-7-Service,EndDevice-7,Application-7-Service,46400
17797,Application-15,M_Req,missing_destination,40,Application-15-Service,EndDevice-15,Application-15-Service,46400
17799,Application-6,M_Req,missing_destination,31,Application-6-Service,EndDevice-6,Application-6-Service,46400
17829,Application-14,M_Req,missing_destination,39,Application-14-Service,EndDevice-14,Application-14-Service,46500
17833,Application-13,M_Req,missing_destination,38,Application-13-Service,EndDevice-13,Application-13-Service,46500
17836,Application-37,M_Req,missing_destination,62,Application-37-Service,EndDevice-37,Application-37-Service,46500
17842,Application-7,M_Req,missing_destination,32,Application-7-Service,EndDevice-7,Application-7-Service,46500
17845,Application-15,M_Req,missing_destination,40,Application-15-Service,EndDevice-15,Application-15-Service,46500
17847,Application-6,M_Req,missing_destination,31,Application-6-Service,EndDevice-6,Application-6-Service,46500
17880,Application-22,M_Req,missing_destination,47,Application-22-Service,EndDevice-22,Application-22-Service,46700
17886,Application-6,M_Req,missing_destination,31,Application-6-Service,EndDevice-6,Application-6-Service,46700
17892,Application-24,M_Req,missing_destination,49,Application-24-Service,EndDevice-24,Application-24-Service,46700
17893,Application-23,M_Req,missing_destination,48,Application-23-Service,EndDevice-23,Application-23-Service,46700
17909,Application-21,M_Req,missing_destination,46,Application-21-Service,EndDevice-21,Application-21-Service,46700
17931,Application-6,M_Req,missing_destination,31,Application-6-Service,EndDevice-6,Application-6-Service,46800
17936,Application-24,M_Req,missing_destination,49,Application-24-Service,EndDevice-24,Application-24-Service,46800
17937,Application-23,M_Req,missing_destination,48,Application-23-Service,EndDevice-23,Application-23-Service,46800
17950,Application-21,M_Req,missing_destination,46,Application-21-Service,EndDevice-21,Application-21-Service,46800
18003,Application-20,M_Req,missing_destination,45,Application-20-Service,EndDevice-20,Application-20-Service,47000
18006,Application-18,M_Req,missing_destination,43,Application-18-Service,EndDevice-18,Application-18-Service,47000
18009,Application-13,M_Req,missing_destination,38,Application-13-Service,EndDevice-13,Application-13-Service,47000
18023,Application-19,M_Req,missing_destination,44,Application-19-Service,EndDevice-19,Application-19-Service,47000
18051,Application-20,M_Req,missing_destination,45,Application-20-Service,EndDevice-20,Application-20-Service,47100
18054,Application-18,M_Req,missing_destination,43,Application-18-Service,EndDevice-18,Application-18-Service,47100
18057,Application-13,M_Req,missing_destination,38,Application-13-Service,EndDevice-13,Application-13-Service,47100
18071,Application-19,M_Req,missing_destination,44,Application-19-Service,EndDevice-19,Application-19-Service,47100
18105,Application-7,M_Req,missing_destination,32,Application-7-Service,EndDevice-7,Application-7-Service,47300
18109,Application-6,M_Req,missing_destination,31,Application-6-Service,EndDevice-6,Application-6-Service,47300
18113,Application-14,M_Req,missing_destination,39,Application-14-Service,EndDevice-14,Application-14-Service,47300
18135,Application-8,M_Req,missing_destination,33,Application-8-Service,EndDevice-8,Application-8-Service,47300
18152,Application-5,M_Req,missing_destination,30,Application-5-Service,EndDevice-5,Application-5-Service,47300
18153,Application-7,M_Req,missing_destination,32,Application-7-Service,EndDevice-7,Application-7-Service,47400
18154,Application-6,M_Req,missing_destination,31,Application-6-Service,EndDevice-6,Application-6-Service,47400
18157,Application-14,M_Req,missing_destination,39,Application-14-Service,EndDevice-14,Application-14-Service,47400
18176,Application-8,M_Req,missing_destination,33,Application-8-Service,EndDevice-8,Application-8-Service,47400
18230,Application-32,M_Req,missing_destination,57,Application-32-Service,EndDevice-32,Application-32-Service,47600
18232,Application-30,M_Req,missing_destination,55,Application-30-Service,EndDevice-30,Application-30-Service,47600
18240,Application-31,M_Req,missing_destination,56,Application-31-Service,EndDevice-31,Application-31-Service,47600
18260,Application-29,M_Req,missing_destination,54,Application-29-Service,EndDevice-29,Application-29-Service,47700
18278,Application-32,M_Req,missing_destination,57,Application-32-Service,EndDevice-32,Application-32-Service,47700
18280,Application-30,M_Req,missing_destination,55,Application-30-Service,EndDevice-30,Application-30-Service,47700
18288,Application-31,M_Req,missing_destination,56,Application-31-Service,EndDevice-31,Application-31-Service,47700
18324,Application-32,M_Req,missing_destination,57,Application-32-Service,EndDevice-32,Application-32-Service,47800
18325,Application-30,M_Req,missing_destination,55,Application-30-Service,EndDevice-30,Application-30-Service,47800
18330,Application-31,M_Req,missing_destination,56,Application-31-Service,EndDevice-31,Application-31-Service,47800
18340,Application-6,M_Req,missing_destination,31,Application-6-Service,EndDevice-6,Application-6-Service,47900
18357,Application-8,M_Req,missing_destination,33,Application-8-Service,EndDevice-8,Application-8-Service,47900
18366,Application-7,M_Req,missing_destination,32,Application-7-Service,EndDevice-7,Application-7-Service,47900
18372,Application-32,M_Req,missing_destination,57,Application-32-Service,EndDevice-32,Application-32-Service,47900
18373,Application-30,M_Req,missing_destination,55,Application-30-Service,EndDevice-30,Application-30-Service,47900
18378,Application-31,M_Req,missing_destination,56,Application-31-Service,EndDevice-31,Application-31-Service,47900
18386,Application-6,M_Req,missing_destination,31,Application-6-Service,EndDevice-6,Application-6-Service,48000
18401,Application-8,M_Req,missing_destination,33,Application-8-Service,EndDevice-8,Application-8-Service,48000
18406,Application-7,M_Req,missing_destination,32,Application-7-Service,EndDevice-7,Application-7-Service,48000
18434,Application-6,M_Req,missing_destination,31,Application-6-Service,EndDevice-6,Application-6-Service,48100
18449,Application-8,M_Req,missing_destination,33,Application-8-Service,EndDevice-8,Application-8-Service,48100
18454,Application-7,M_Req,missing_destination,32,Application-7-Service,EndDevice-7,Application-7-Service,48100
18463,Application-5,M_Req,missing_destination,30,Application-5-Service,EndDevice-5,Application-5-Service,48200
18478,Application-6,M_Req,missing_destination,31,Application-6-Service,EndDevice-6,Application-6-Service,48200
18479,Application-28,M_Req,missing_destination,53,Application-28-Service,EndDevice-28,Application-28-Service,48200
18480,Application-25,M_Req,missing_destination,50,Application-25-Service,EndDevice-25,Application-25-Service,48200
18482,Application-26,M_Req,missing_destination,51,Application-26-Service,EndDevice-26,Application-26-Service,48200
18485,Application-27,M_Req,missing_destination,52,Application-27-Service,EndDevice-27,Application-27-Service,48300
18511,Application-5,M_Req,missing_destination,30,Application-5-Service,EndDevice-5,Application-5-Service,48300
18526,Application-6,M_Req,missing_destination,31,Application-6-Service,EndDevice-6,Application-6-Service,48300
18527,Application-28,M_Req,missing_destination,53,Application-28-Service,EndDevice-28,Application-28-Service,48300
18528,Application-25,M_Req,missing_destination,50,Application-25-Service,EndDevice-25,Application-25-Service,48300
18530,Application-26,M_Req,missing_destination,51,Application-26-Service,EndDevice-26,Application-26-Service,48300
18533,Application-27,M_Req,missing_destination,52,Application-27-Service,EndDevice-27,Application-27-Service,48400
18554,Application-5,M_Req,missing_destination,30,Application-5-Service,EndDevice-5,Application-5-Service,48400
18563,Application-40,M_Req,missing_destination,65,Application-40-Service,EndDevice-40,Application-40-Service,48500
18580,Application-37,M_Req,missing_destination,62,Application-37-Service,EndDevice-37,Application-37-Service,48500
18581,Application-27,M_Req,missing_destination,52,Application-27-Service,EndDevice-27,Application-27-Service,48500
18592,Application-38,M_Req,missing_destination,63,Application-38-Service,EndDevice-38,Application-38-Service,48500
18595,Application-39,M_Req,missing_destination,64,Application-39-Service,EndDevice-39,Application-39-Service,48500
18602,Application-5,M_Req,missing_destination,30,Application-5-Service,EndDevice-5,Application-5-Service,48500
18603,Application-31,M_Req,missing_destination,56,Application-31-Service,EndDevice-31,Application-31-Service,48500
18611,Application-40,M_Req,missing_destination,65,Application-40-Service,EndDevice-40,Application-40-Service,48600
18623,Application-37,M_Req,missing_destination,62,Application-37-Service,EndDevice-37,Application-37-Service,48600
18624,Application-27,M_Req,missing_destination,52,Application-27-Service,EndDevice-27,Application-27-Service,48600
18633,Application-38,M_Req,missing_destination,63,Application-38-Service,EndDevice-38,Application-38-Service,48600
18636,Application-39,M_Req,missing_destination,64,Application-39-Service,EndDevice-39,Application-39-Service,48600
18659,Application-40,M_Req,missing_destination,65,Application-40-Service,EndDevice-40,Application-40-Service,48700
18671,Application-37,M_Req,missing_destination,62,Application-37-Service,EndDevice-37,Application-37-Service,48700
18681,Application-38,M_Req,missing_destination,63,Application-38-Service,EndDevice-38,Application-38-Service,48700
18684,Application-39,M_Req,missing_destination,64,Application-39-Service,EndDevice-39,Application-39-Service,48700
18688,Application-32,M_Req,missing_destination,57,Application-32-Service,EndDevice-32,Application-32-Service,48800
18689,Application-30,M_Req,missing_destination,55,Application-30-Service,EndDevice-30,Application-30-Service,48800
18691,Application-31,M_Req,missing_destination,56,Application-31-Service,EndDevice-31,Application-31-Service,48800
18705,Application-40,M_Req,missing_destination,65,Application-40-Service,EndDevice-40,Application-40-Service,48800
18715,Application-37,M_Req,missing_destination,62,Application-37-Service,EndDevice-37,Application-37-Service,48800
18722,Application-29,M_Req,missing_destination,54,Application-29-Service,EndDevice-29,Application-29-Service,48900
18736,Application-32,M_Req,missing_destination,57,Application-32-Service,EndDevice-32,Application-32-Service,48900
18737,Application-30,M_Req,missing_destination,55,Application-30-Service,EndDevice-30,Application-30-Service,48900
18739,Application-31,M_Req,missing_destination,56,Application-31-Service,EndDevice-31,Application-31-Service,48900
18753,Application-40,M_Req,missing_destination,65,Application-40-Service,EndDevice-40,Application-40-Service,48900
18763,Application-37,M_Req,missing_destination,62,Application-37-Service,EndDevice-37,Application-37-Service,48900
18808,Application-3,M_Req,missing_destination,28,Application-3-Service,EndDevice-3,Application-3-Service,49100
18828,Application-2,M_Req,missing_destination,27,Application-2-Service,EndDevice-2,Application-2-Service,49100
18840,Application-4,M_Req,missing_destination,29,Application-4-Service,EndDevice-4,Application-4-Service,49100
18841,Application-1,M_Req,missing_destination,26,Application-1-Service,EndDevice-1,Application-1-Service,49100
18853,Application-3,M_Req,missing_destination,28,Application-3-Service,EndDevice-3,Application-3-Service,49200
18901,Application-3,M_Req,missing_destination,28,Application-3-Service,EndDevice-3,Application-3-Service,49300
18933,Application-12,M_Req,missing_destination,37,Application-12-Service,EndDevice-12,Application-12-Service,49400
18940,Application-11,M_Req,missing_destination,36,Application-11-Service,EndDevice-11,Application-11-Service,49400
18942,Application-3,M_Req,missing_destination,28,Application-3-Service,EndDevice-3,Application-3-Service,49400
18944,Application-9,M_Req,missing_destination,34,Application-9-Service,EndDevice-9,Application-9-Service,49400
18981,Application-12,M_Req,missing_destination,37,Application-12-Service,EndDevice-12,Application-12-Service,49500
18988,Application-11,M_Req,missing_destination,36,Application-11-Service,EndDevice-11,Application-11-Service,49500
18990,Application-3,M_Req,missing_destination,28,Application-3-Service,EndDevice-3,Application-3-Service,49500
18992,Application-9,M_Req,missing_destination,34,Application-9-Service,EndDevice-9,Application-9-Service,49500
19070,Application-12,M_Req,missing_destination,37,Application-12-Service,EndDevice-12,Application-12-Service,49700
19153,Application-34,M_Req,missing_destination,59,Application-34-Service,EndDevice-34,Application-34-Service,50000
19174,Application-35,M_Req,missing_destination,60,Application-35-Service,EndDevice-35,Application-35-Service,50000
19176,Application-33,M_Req,missing_destination,58,Application-33-Service,EndDevice-33,Application-33-Service,50100
19183,Application-36,M_Req,missing_destination,61,Application-36-Service,EndDevice-36,Application-36-Service,50100
19201,Application-34,M_Req,missing_destination,59,Application-34-Service,EndDevice-34,Application-34-Service,50100
19222,Application-35,M_Req,missing_destination,60,Application-35-Service,EndDevice-35,Application-35-Service,50100
19274,Application-8,M_Req,missing_destination,33,Application-8-Service,EndDevice-8,Application-8-Service,50300
19281,Application-5,M_Req,missing_destination,30,Application-5-Service,EndDevice-5,Application-5-Service,50300
19292,Application-7,M_Req,missing_destination,32,Application-7-Service,EndDevice-7,Application-7-Service,50300
19295,Application-6,M_Req,missing_destination,31,Application-6-Service,EndDevice-6,Application-6-Service,50300
19317,Application-8,M_Req,missing_destination,33,Application-8-Service,EndDevice-8,Application-8-Service,50400
19323,Application-5,M_Req,missing_destination,30,Application-5-Service,EndDevice-5,Application-5-Service,50400
19398,Application-48,M_Req,missing_destination,73,Application-48-Service,EndDevice-48,Application-48-Service,50600
19406,Application-46,M_Req,missing_destination,71,Application-46-Service,EndDevice-46,Application-46-Service,50600
19413,Application-47,M_Req,missing_destination,72,Application-47-Service,EndDevice-47,Application-47-Service,50700
19415,Application-45,M_Req,missing_destination,70,Application-45-Service,EndDevice-45,Application-45-Service,50700
19446,Application-48,M_Req,missing_destination,73,Application-48-Service,EndDevice-48,Application-48-Service,50700
19454,Application-46,M_Req,missing_destination,71,Application-46-Service,EndDevice-46,Application-46-Service,50700
19459,Application-47,M_Req,missing_destination,72,Application-47-Service,EndDevice-47,Application-47-Service,50800
19461,Application-45,M_Req,missing_destination,70,Application-45-Service,EndDevice-45,Application-45-Service,50800
19502,Application-24,M_Req,missing_destination,49,Application-24-Service,EndDevice-24,Application-24-Service,50900
19507,Application-47,M_Req,missing_destination,72,Application-47-Service,EndDevice-47,Application-47-Service,50900
19509,Application-45,M_Req,missing_destination,70,Application-45-Service,EndDevice-45,Application-45-Service,50900
19527,Application-23,M_Req,missing_destination,48,Application-23-Service,EndDevice-23,Application-23-Service,50900
19528,Application-21,M_Req,missing_destination,46,Application-21-Service,EndDevice-21,Application-21-Service,50900
19529,Application-22,M_Req,missing_destination,47,Application-22-Service,EndDevice-22,Application-22-Service,50900
19546,Application-24,M_Req,missing_destination,49,Application-24-Service,EndDevice-24,Application-24-Service,51000
19551,Application-47,M_Req,missing_destination,72,Application-47-Service,EndDevice-47,Application-47-Service,51000
19594,Application-24,M_Req,missing_destination,49,Application-24-Service,EndDevice-24,Application-24-Service,51100
19632,Application-7,M_Req,missing_destination,32,Application-7-Service,EndDevice-7,Application-7-Service,51200
19639,Application-5,M_Req,missing_destination,30,Application-5-Service,EndDevice-5,Application-5-Service,51300
19647,Application-8,M_Req,missing_destination,33,Application-8-Service,EndDevice-8,Application-8-Service,51300
19680,Application-7,M_Req,missing_destination,32,Application-7-Service,EndDevice-7,Application-7-Service,51300
19713,Application-3,M_Req,missing_destination,28,Application-3-Service,EndDevice-3,Application-3-Service,51500
19725,Application-1,M_Req,missing_destination,26,Application-1-Service,EndDevice-1,Application-1-Service,51500
19746,Application-4,M_Req,missing_destination,29,Application-4-Service,EndDevice-4,Application-4-Service,51500
19749,Application-2,M_Req,missing_destination,27,Application-2-Service,EndDevice-2,Application-2-Service,51500
19761,Application-3,M_Req,missing_destination,28,Application-3-Service,EndDevice-3,Application-3-Service,51600
19771,Application-1,M_Req,missing_destination,26,Application-1-Service,EndDevice-1,Application-1-Service,51600
19787,Application-4,M_Req,missing_destination,29,Application-4-Service,EndDevice-4,Application-4-Service,51600
19839,Application-17,M_Req,missing_destination,42,Application-17-Service,EndDevice-17,Application-17-Service,51800
19860,Application-7,M_Req,missing_destination,32,Application-7-Service,EndDevice-7,Application-7-Service,51800
19861,Application-19,M_Req,missing_destination,44,Application-19-Service,EndDevice-19,Application-19-Service,51800
19866,Application-20,M_Req,missing_destination,45,Application-20-Service,EndDevice-20,Application-20-Service,51800
19887,Application-17,M_Req,missing_destination,42,Application-17-Service,EndDevice-17,Application-17-Service,51900
19908,Application-7,M_Req,missing_destination,32,Application-7-Service,EndDevice-7,Application-7-Service,51900
19909,Application-19,M_Req,missing_destination,44,Application-19-Service,EndDevice-19,Application-19-Service,51900
19914,Application-20,M_Req,missing_destination,45,Application-20-Service,EndDevice-20,Application-20-Service,51900
19947,Application-41,M_Req,missing_destination,66,Application-41-Service,EndDevice-41,Application-41-Service,52100
19949,Application-19,M_Req,missing_destination,44,Application-19-Service,EndDevice-19,Application-19-Service,52100
19952,Application-42,M_Req,missing_destination,67,Application-42-Service,EndDevice-42,Application-42-Service,52100
19966,Application-44,M_Req,missing_destination,69,Application-44-Service,EndDevice-44,Application-44-Service,52100
19977,Application-43,M_Req,missing_destination,68,Application-43-Service,EndDevice-43,Application-43-Service,52100
19997,Application-42,M_Req,missing_destination,67,Application-42-Service,EndDevice-42,Application-42-Service,52200
20017,Application-43,M_Req,missing_destination,68,Application-43-Service,EndDevice-43,Application-43-Service,52200
20087,Application-42,M_Req,missing_destination,67,Application-42-Service,EndDevice-42,Application-42-Service,52400
20104,Application-43,M_Req,missing_destination,68,Application-43-Service,EndDevice-43,Application-43-Service,52500
20135,Application-42,M_Req,missing_destination,67,Application-42-Service,EndDevice-42,Application-42-Service,52500
20175,Application-33,M_Req,missing_destination,58,Application-33-Service,EndDevice-33,Application-33-Service,52700
20182,Application-35,M_Req,missing_destination,60,Application-35-Service,EndDevice-35,Application-35-Service,52700
20188,Application-36,M_Req,missing_destination,61,Application-36-Service,EndDevice-36,Application-36-Service,52700
20189,Application-34,M_Req,missing_destination,59,Application-34-Service,EndDevice-34,Application-34-Service,52700
20190,Application-43,M_Req,missing_destination,68,Application-43-Service,EndDevice-43,Application-43-Service,52700
20198,Application-24,M_Req,missing_destination,49,Application-24-Service,EndDevice-24,Application-24-Service,52700
20223,Application-33,M_Req,missing_destination,58,Application-33-Service,EndDevice-33,Application-33-Service,52800
20233,Application-36,M_Req,missing_destination,61,Application-36-Service,EndDevice-36,Application-36-Service,52800
20234,Application-34,M_Req,missing_destination,59,Application-34-Service,EndDevice-34,Application-34-Service,52800
20235,Application-43,M_Req,missing_destination,68,Application-43-Service,EndDevice-43,Application-43-Service,52800
20241,Application-24,M_Req,missing_destination,49,Application-24-Service,EndDevice-24,Application-24-Service,52800
20317,Application-30,M_Req,missing_destination,55,Application-30-Service,EndDevice-30,Application-30-Service,53000
20319,Application-32,M_Req,missing_destination,57,Application-32-Service,EndDevice-32,Application-32-Service,53000
20329,Application-31,M_Req,missing_destination,56,Application-31-Service,EndDevice-31,Application-31-Service,53100
20331,Application-29,M_Req,missing_destination,54,Application-29-Service,EndDevice-29,Application-29-Service,53100
20365,Application-30,M_Req,missing_destination,55,Application-30-Service,EndDevice-30,Application-30-Service,53100
20367,Application-32,M_Req,missing_destination,57,Application-32-Service,EndDevice-32,Application-32-Service,53100
20377,Application-31,M_Req,missing_destination,56,Application-31-Service,EndDevice-31,Application-31-Service,53200
20379,Application-29,M_Req,missing_destination,54,Application-29-Service,EndDevice-29,Application-29-Service,53200
20412,Application-17,M_Req,missing_destination,42,Application-17-Service,EndDevice-17,Application-17-Service,53300
20425,Application-31,M_Req,missing_destination,56,Application-31-Service,EndDevice-31,Application-31-Service,53300
20427,Application-29,M_Req,missing_destination,54,Application-29-Service,EndDevice-29,Application-29-Service,53300
20428,Application-20,M_Req,missing_destination,45,Application-20-Service,EndDevice-20,Application-20-Service,53300
20434,Application-44,M_Req,missing_destination,69,Application-44-Service,EndDevice-44,Application-44-Service,53300
20443,Application-19,M_Req,missing_destination,44,Application-19-Service,EndDevice-19,Application-19-Service,53300
20447,Application-18,M_Req,missing_destination,43,Application-18-Service,EndDevice-18,Application-18-Service,53300
20456,Application-17,M_Req,missing_destination,42,Application-17-Service,EndDevice-17,Application-17-Service,53400
20467,Application-31,M_Req,missing_destination,56,Application-31-Service,EndDevice-31,Application-31-Service,53400
20469,Application-29,M_Req,missing_destination,54,Application-29-Service,EndDevice-29,Application-29-Service,53400
20470,Application-20,M_Req,missing_destination,45,Application-20-Service,EndDevice-20,Application-20-Service,53400
20475,Application-44,M_Req,missing_destination,69,Application-44-Service,EndDevice-44,Application-44-Service,53400
20515,Application-31,M_Req,missing_destination,56,Application-31-Service,EndDevice-31,Application-31-Service,53500
20517,Application-29,M_Req,missing_destination,54,Application-29-Service,EndDevice-29,Application-29-Service,53500
20530,Application-19,M_Req,missing_destination,44,Application-19-Service,EndDevice-19,Application-19-Service,53600
20562,Application-44,M_Req,missing_destination,69,Application-44-Service,EndDevice-44,Application-44-Service,53700
20565,Application-43,M_Req,missing_destination,68,Application-43-Service,EndDevice-43,Application-43-Service,53700
20578,Application-19,M_Req,missing_destination,44,Application-19-Service,EndDevice-19,Application-19-Service,53700
20636,Application-12,M_Req,missing_destination,37,Application-12-Service,EndDevice-12,Application-12-Service,53900
20662,Application-41,M_Req,missing_destination,66,Application-41-Service,EndDevice-41,Application-41-Service,53900
20664,Application-9,M_Req,missing_destination,34,Application-9-Service,EndDevice-9,Application-9-Service,53900
20675,Application-11,M_Req,missing_destination,36,Application-11-Service,EndDevice-11,Application-11-Service,53900
20676,Application-10,M_Req,missing_destination,35,Application-10-Service,EndDevice-10,Application-10-Service,53900
20684,Application-12,M_Req,missing_destination,37,Application-12-Service,EndDevice-12,Application-12-Service,54000
20732,Application-12,M_Req,missing_destination,37,Application-12-Service,EndDevice-12,Application-12-Service,54100
20755,Application-8,M_Req,missing_destination,33,Application-8-Service,EndDevice-8,Application-8-Service,54200
20758,Application-5,M_Req,missing_destination,30,Application-5-Service,EndDevice-5,Application-5-Service,54200
20764,Application-32,M_Req,missing_destination,57,Application-32-Service,EndDevice-32,Application-32-Service,54200
20777,Application-6,M_Req,missing_destination,31,Application-6-Service,EndDevice-6,Application-6-Service,54200
20780,Application-7,M_Req,missing_destination,32,Application-7-Service,EndDevice-7,Application-7-Service,54200
20803,Application-8,M_Req,missing_destination,33,Application-8-Service,EndDevice-8,Application-8-Service,54300
20806,Application-5,M_Req,missing_destination,30,Application-5-Service,EndDevice-5,Application-5-Service,54300
20812,Application-32,M_Req,missing_destination,57,Application-32-Service,EndDevice-32,Application-32-Service,54300
20825,Application-6,M_Req,missing_destination,31,Application-6-Service,EndDevice-6,Application-6-Service,54300
20828,Application-7,M_Req,missing_destination,32,Application-7-Service,EndDevice-7,Application-7-Service,54300
20846,Application-8,M_Req,missing_destination,33,Application-8-Service,EndDevice-8,Application-8-Service,54400
20848,Application-5,M_Req,missing_destination,30,Application-5-Service,EndDevice-5,Application-5-Service,54400
20854,Application-32,M_Req,missing_destination,57,Application-32-Service,EndDevice-32,Application-32-Service,54400
20864,Application-25,M_Req,missing_destination,50,Application-25-Service,EndDevice-25,Application-25-Service,54500
20867,Application-28,M_Req,missing_destination,53,Application-28-Service,EndDevice-28,Application-28-Service,54500
20869,Application-26,M_Req,missing_destination,51,Application-26-Service,EndDevice-26,Application-26-Service,54500
20894,Application-8,M_Req,missing_destination,33,Application-8-Service,EndDevice-8,Application-8-Service,54500
20896,Application-5,M_Req,missing_destination,30,Application-5-Service,EndDevice-5,Application-5-Service,54500
20902,Application-32,M_Req,missing_destination,57,Application-32-Service,EndDevice-32,Application-32-Service,54500
20906,Application-27,M_Req,missing_destination,52,Application-27-Service,EndDevice-27,Application-27-Service,54500
20911,Application-25,M_Req,missing_destination,50,Application-25-Service,EndDevice-25,Application-25-Service,54600
20915,Application-26,M_Req,missing_destination,51,Application-26-Service,EndDevice-26,Application-26-Service,54600
21003,Application-45,M_Req,missing_destination,70,Application-45-Service,EndDevice-45,Application-45-Service,54800
21014,Application-48,M_Req,missing_destination,73,Application-48-Service,EndDevice-48,Application-48-Service,54900
21015,Application-47,M_Req,missing_destination,72,Application-47-Service,EndDevice-47,Application-47-Service,54900
21017,Application-46,M_Req,missing_destination,71,Application-46-Service,EndDevice-46,Application-46-Service,54900
21051,Application-45,M_Req,missing_destination,70,Application-45-Service,EndDevice-45,Application-45-Service,54900
21098,Application-12,M_Req,missing_destination,37,Application-12-Service,EndDevice-12,Application-12-Service,55100
21115,Application-10,M_Req,missing_destination,35,Application-10-Service,EndDevice-10,Application-10-Service,55100
21121,Application-9,M_Req,missing_destination,34,Application-9-Service,EndDevice-9,Application-9-Service,55100
21126,Application-11,M_Req,missing_destination,36,Application-11-Service,EndDevice-11,Application-11-Service,55100
21143,Application-12,M_Req,missing_destination,37,Application-12-Service,EndDevice-12,Application-12-Service,55200
21162,Application-9,M_Req,missing_destination,34,Application-9-Service,EndDevice-9,Application-9-Service,55200
21212,Application-8,M_Req,missing_destination,33,Application-8-Service,EndDevice-8,Application-8-Service,55400
21218,Application-24,M_Req,missing_destination,49,Application-24-Service,EndDevice-24,Application-24-Service,55400
21260,Application-8,M_Req,missing_destination,33,Application-8-Service,EndDevice-8,Application-8-Service,55500
21266,Application-24,M_Req,missing_destination,49,Application-24-Service,EndDevice-24,Application-24-Service,55500
21304,Application-8,M_Req,missing_destination,33,Application-8-Service,EndDevice-8,Application-8-Service,55600
21310,Application-24,M_Req,missing_destination,49,Application-24-Service,EndDevice-24,Application-24-Service,55600
21352,Application-8,M_Req,missing_destination,33,Application-8-Service,EndDevice-8,Application-8-Service,55700
21358,Application-24,M_Req,missing_destination,49,Application-24-Service,EndDevice-24,Application-24-Service,55700
21451,Application-29,M_Req,missing_destination,54,Application-29-Service,EndDevice-29,Application-29-Service,56000
21463,Application-30,M_Req,missing_destination,55,Application-30-Service,EndDevice-30,Application-30-Service,56000
21467,Application-32,M_Req,missing_destination,57,Application-32-Service,EndDevice-32,Application-32-Service,56000
21499,Application-29,M_Req,missing_destination,54,Application-29-Service,EndDevice-29,Application-29-Service,56100
21511,Application-30,M_Req,missing_destination,55,Application-30-Service,EndDevice-30,Application-30-Service,56100
21515,Application-32,M_Req,missing_destination,57,Application-32-Service,EndDevice-32,Application-32-Service,56100
21556,Application-38,M_Req,missing_destination,63,Application-38-Service,EndDevice-38,Application-38-Service,56300
21561,Application-37,M_Req,missing_destination,62,Application-37-Service,EndDevice-37,Application-37-Service,56300
21562,Application-40,M_Req,missing_destination,65,Application-40-Service,EndDevice-40,Application-40-Service,56300
21569,Application-39,M_Req,missing_destination,64,Application-39-Service,EndDevice-39,Application-39-Service,56300
21583,Application-31,M_Req,missing_destination,56,Application-31-Service,EndDevice-31,Application-31-Service,56300
21603,Application-38,M_Req,missing_destination,63,Application-38-Service,EndDevice-38,Application-38-Service,56400
21607,Application-40,M_Req,missing_destination,65,Application-40-Service,EndDevice-40,Application-40-Service,56400
21613,Application-39,M_Req,missing_destination,64,Application-39-Service,EndDevice-39,Application-39-Service,56400
21624,Application-31,M_Req,missing_destination,56,Application-31-Service,EndDevice-31,Application-31-Service,56400
21675,Application-24,M_Req,missing_destination,49,Application-24-Service,EndDevice-24,Application-24-Service,56600
21681,Application-21,M_Req,missing_destination,46,Application-21-Service,EndDevice-21,Application-21-Service,56600
21706,Application-23,M_Req,missing_destination,48,Application-23-Service,EndDevice-23,Application-23-Service,56700
21707,Application-22,M_Req,missing_destination,47,Application-22-Service,EndDevice-22,Application-22-Service,56700
21723,Application-24,M_Req,missing_destination,49,Application-24-Service,EndDevice-24,Application-24-Service,56700
21729,Application-21,M_Req,missing_destination,46,Application-21-Service,EndDevice-21,Application-21-Service,56700
21781,Application-4,M_Req,missing_destination,29,Application-4-Service,EndDevice-4,Application-4-Service,56900
21799,Application-2,M_Req,missing_destination,27,Application-2-Service,EndDevice-2,Application-2-Service,56900
21819,Application-1,M_Req,missing_destination,26,Application-1-Service,EndDevice-1,Application-1-Service,56900
21826,Application-3,M_Req,missing_destination,28,Application-3-Service,EndDevice-3,Application-3-Service,56900
21829,Application-4,M_Req,missing_destination,29,Application-4-Service,EndDevice-4,Application-4-Service,57000
21844,Application-2,M_Req,missing_destination,27,Application-2-Service,EndDevice-2,Application-2-Service,57000
21877,Application-4,M_Req,missing_destination,29,Application-4-Service,EndDevice-4,Application-4-Service,57100
21892,Application-2,M_Req,missing_destination,27,Application-2-Service,EndDevice-2,Application-2-Service,57100
21919,Application-4,M_Req,missing_destination,29,Application-4-Service,EndDevice-4,Application-4-Service,57200
21938,Application-7,M_Req,missing_destination,32,Application-7-Service,EndDevice-7,Application-7-Service,57300
21939,Application-6,M_Req,missing_destination,31,Application-6-Service,EndDevice-6,Application-6-Service,57300
21967,Application-4,M_Req,missing_destination,29,Application-4-Service,EndDevice-4,Application-4-Service,57300
21985,Application-7,M_Req,missing_destination,32,Application-7-Service,EndDevice-7,Application-7-Service,57400
21986,Application-6,M_Req,missing_destination,31,Application-6-Service,EndDevice-6,Application-6-Service,57400
22023,Application-40,M_Req,missing_destination,65,Application-40-Service,EndDevice-40,Application-40-Service,57500
22033,Application-7,M_Req,missing_destination,32,Application-7-Service,EndDevice-7,Application-7-Service,57500
22034,Application-6,M_Req,missing_destination,31,Application-6-Service,EndDevice-6,Application-6-Service,57500
22037,Application-39,M_Req,missing_destination,64,Application-39-Service,EndDevice-39,Application-39-Service,57500
22041,Application-38,M_Req,missing_destination,63,Application-38-Service,EndDevice-38,Application-38-Service,57500
22050,Application-37,M_Req,missing_destination,62,Application-37-Service,EndDevice-37,Application-37-Service,57500
22069,Application-40,M_Req,missing_destination,65,Application-40-Service,EndDevice-40,Application-40-Service,57600
22076,Application-7,M_Req,missing_destination,32,Application-7-Service,EndDevice-7,Application-7-Service,57600
22077,Application-6,M_Req,missing_destination,31,Application-6-Service,EndDevice-6,Application-6-Service,57600
22081,Application-38,M_Req,missing_destination,63,Application-38-Service,EndDevice-38,Application-38-Service,57600
22124,Application-7,M_Req,missing_destination,32,Application-7-Service,EndDevice-7,Application-7-Service,57700
22125,Application-6,M_Req,missing_destination,31,Application-6-Service,EndDevice-6,Application-6-Service,57700
22152,Application-21,M_Req,missing_destination,46,Application-21-Service,EndDevice-21,Application-21-Service,57800
22159,Application-22,M_Req,missing_destination,47,Application-22-Service,EndDevice-22,Application-22-Service,57900
22200,Application-21,M_Req,missing_destination,46,Application-21-Service,EndDevice-21,Application-21-Service,57900
22207,Application-22,M_Req,missing_destination,47,Application-22-Service,EndDevice-22,Application-22-Service,58000
22241,Application-21,M_Req,missing_destination,46,Application-21-Service,EndDevice-21,Application-21-Service,58100
22243,Application-20,M_Req,missing_destination,45,Application-20-Service,EndDevice-20,Application-20-Service,58100
22255,Application-22,M_Req,missing_destination,47,Application-22-Service,EndDevice-22,Application-22-Service,58100
22256,Application-18,M_Req,missing_destination,43,Application-18-Service,EndDevice-18,Application-18-Service,58100
22274,Application-19,M_Req,missing_destination,44,Application-19-Service,EndDevice-19,Application-19-Service,58100
22283,Application-17,M_Req,missing_destination,42,Application-17-Service,EndDevice-17,Application-17-Service,58100
22289,Application-21,M_Req,missing_destination,46,Application-21-Service,EndDevice-21,Application-21-Service,58200
22291,Application-20,M_Req,missing_destination,45,Application-20-Service,EndDevice-20,Application-20-Service,58200
22368,Application-47,M_Req,missing_destination,72,Application-47-Service,EndDevice-47,Application-47-Service,58400
22371,Application-46,M_Req,missing_destination,71,Application-46-Service,EndDevice-46,Application-46-Service,58400
22382,Application-45,M_Req,missing_destination,70,Application-45-Service,EndDevice-45,Application-45-Service,58400
22396,Application-48,M_Req,missing_destination,73,Application-48-Service,EndDevice-48,Application-48-Service,58500
22416,Application-47,M_Req,missing_destination,72,Application-47-Service,EndDevice-47,Application-47-Service,58500
22419,Application-46,M_Req,missing_destination,71,Application-46-Service,EndDevice-46,Application-46-Service,58500
22430,Application-45,M_Req,missing_destination,70,Application-45-Service,EndDevice-45,Application-45-Service,58500
22469,Application-36,M_Req,missing_destination,61,Application-36-Service,EndDevice-36,Application-36-Service,58700
22471,Application-21,M_Req,missing_destination,46,Application-21-Service,EndDevice-21,Application-21-Service,58700
22494,Application-34,M_Req,missing_destination,59,Application-34-Service,EndDevice-34,Application-34-Service,58700
22496,Application-33,M_Req,missing_destination,58,Application-33-Service,EndDevice-33,Application-33-Service,58700
22498,Application-35,M_Req,missing_destination,60,Application-35-Service,EndDevice-35,Application-35-Service,58700
22517,Application-36,M_Req,missing_destination,61,Application-36-Service,EndDevice-36,Application-36-Service,58800
22519,Application-21,M_Req,missing_destination,46,Application-21-Service,EndDevice-21,Application-21-Service,58800
22538,Application-34,M_Req,missing_destination,59,Application-34-Service,EndDevice-34,Application-34-Service,58800
22541,Application-35,M_Req,missing_destination,60,Application-35-Service,EndDevice-35,Application-35-Service,58800
22601,Application-13,M_Req,missing_destination,38,Application-13-Service,EndDevice-13,Application-13-Service,59000
22617,Application-16,M_Req,missing_destination,41,Application-16-Service,EndDevice-16,Application-16-Service,59000
22620,Application-14,M_Req,missing_destination,39,Application-14-Service,EndDevice-14,Application-14-Service,59000
22649,Application-13,M_Req,missing_destination,38,Application-13-Service,EndDevice-13,Application-13-Service,59100
22665,Application-16,M_Req,missing_destination,41,Application-16-Service,EndDevice-16,Application-16-Service,59100
22668,Application-14,M_Req,missing_destination,39,Application-14-Service,EndDevice-14,Application-14-Service,59100
22702,Application-30,M_Req,missing_destination,55,Application-30-Service,EndDevice-30,Application-30-Service,59300
22703,Application-32,M_Req,missing_destination,57,Application-32-Service,EndDevice-32,Application-32-Service,59300
22708,Application-31,M_Req,missing_destination,56,Application-31-Service,EndDevice-31,Application-31-Service,59300
22725,Application-29,M_Req,missing_destination,54,Application-29-Service,EndDevice-29,Application-29-Service,59300
22728,Application-15,M_Req,missing_destination,40,Application-15-Service,EndDevice-15,Application-15-Service,59300
22749,Application-32,M_Req,missing_destination,57,Application-32-Service,EndDevice-32,Application-32-Service,59400
22754,Application-31,M_Req,missing_destination,56,Application-31-Service,EndDevice-31,Application-31-Service,59400
22769,Application-29,M_Req,missing_destination,54,Application-29-Service,EndDevice-29,Application-29-Service,59400
22771,Application-15,M_Req,missing_destination,40,Application-15-Service,EndDevice-15,Application-15-Service,59400
22834,Application-21,M_Req,missing_destination,46,Application-21-Service,EndDevice-21,Application-21-Service,59600
22858,Application-15,M_Req,missing_destination,40,Application-15-Service,EndDevice-15,Application-15-Service,59700
22882,Application-21,M_Req,missing_destination,46,Application-21-Service,EndDevice-21,Application-21-Service,59700
22927,Application-11,M_Req,missing_destination,36,Application-11-Service,EndDevice-11,Application-11-Service,59900
22932,Application-12,M_Req,missing_destination,37,Application-12-Service,EndDevice-12,Application-12-Service,59900
22958,Application-10,M_Req,missing_destination,35,Application-10-Service,EndDevice-10,Application-10-Service,59900
22970,Application-9,M_Req,missing_destination,34,Application-9-Service,EndDevice-9,Application-9-Service,59900
22975,Application-11,M_Req,missing_destination,36,Application-11-Service,EndDevice-11,Application-11-Service,60000
22980,Application-12,M_Req,missing_destination,37,Application-12-Service,EndDevice-12,Application-12-Service,60000
23001,Application-10,M_Req,missing_destination,35,Application-10-Service,EndDevice-10,Application-10-Service,60000
23054,Application-43,M_Req,missing_destination,68,Application-43-Service,EndDevice-43,Application-43-Service,60200
23055,Application-24,M_Req,missing_destination,49,Application-24-Service,EndDevice-24,Application-24-Service,60200
23064,Application-22,M_Req,missing_destination,47,Application-22-Service,EndDevice-22,Application-22-Service,60200
23073,Application-41,M_Req,missing_destination,66,Application-41-Service,EndDevice-41,Application-41-Service,60200
23077,Application-44,M_Req,missing_destination,69,Application-44-Service,EndDevice-44,Application-44-Service,60200
23102,Application-43,M_Req,missing_destination,68,Application-43-Service,EndDevice-43,Application-43-Service,60300
23103,Application-24,M_Req,missing_destination,49,Application-24-Service,EndDevice-24,Application-24-Service,60300
23112,Application-22,M_Req,missing_destination,47,Application-22-Service,EndDevice-22,Application-22-Service,60300
23121,Application-41,M_Req,missing_destination,66,Application-41-Service,EndDevice-41,Application-41-Service,60300
23125,Application-44,M_Req,missing_destination,69,Application-44-Service,EndDevice-44,Application-44-Service,60300
23148,Application-24,M_Req,missing_destination,49,Application-24-Service,EndDevice-24,Application-24-Service,60400
23157,Application-22,M_Req,missing_destination,47,Application-22-Service,EndDevice-22,Application-22-Service,60400
23166,Application-18,M_Req,missing_destination,43,Application-18-Service,EndDevice-18,Application-18-Service,60500
23168,Application-20,M_Req,missing_destination,45,Application-20-Service,EndDevice-20,Application-20-Service,60500
23183,Application-23,M_Req,missing_destination,48,Application-23-Service,EndDevice-23,Application-23-Service,60500
23186,Application-19,M_Req,missing_destination,44,Application-19-Service,EndDevice-19,Application-19-Service,60500
23196,Application-24,M_Req,missing_destination,49,Application-24-Service,EndDevice-24,Application-24-Service,60500
23199,Application-17,M_Req,missing_destination,42,Application-17-Service,EndDevice-17,Application-17-Service,60500
23202,Application-21,M_Req,missing_destination,46,Application-21-Service,EndDevice-21,Application-21-Service,60500
23205,Application-22,M_Req,missing_destination,47,Application-22-Service,EndDevice-22,Application-22-Service,60500
23212,Application-18,M_Req,missing_destination,43,Application-18-Service,EndDevice-18,Application-18-Service,60600
23213,Application-20,M_Req,missing_destination,45,Application-20-Service,EndDevice-20,Application-20-Service,60600
23227,Application-23,M_Req,missing_destination,48,Application-23-Service,EndDevice-23,Application-23-Service,60600
23228,Application-19,M_Req,missing_destination,44,Application-19-Service,EndDevice-19,Application-19-Service,60600
23260,Application-18,M_Req,missing_destination,43,Application-18-Service,EndDevice-18,Application-18-Service,60700
23261,Application-20,M_Req,missing_destination,45,Application-20-Service,EndDevice-20,Application-20-Service,60700
23275,Application-23,M_Req,missing_destination,48,Application-23-Service,EndDevice-23,Application-23-Service,60700
23276,Application-19,M_Req,missing_destination,44,Application-19-Service,EndDevice-19,Application-19-Service,60700
23284,Application-24,M_Req,missing_destination,49,Application-24-Service,EndDevice-24,Application-24-Service,60800
23289,Application-21,M_Req,missing_destination,46,Application-21-Service,EndDevice-21,Application-21-Service,60800
23291,Application-22,M_Req,missing_destination,47,Application-22-Service,EndDevice-22,Application-22-Service,60800
23305,Application-18,M_Req,missing_destination,43,Application-18-Service,EndDevice-18,Application-18-Service,60800
23316,Application-23,M_Req,missing_destination,48,Application-23-Service,EndDevice-23,Application-23-Service,60900
23332,Application-24,M_Req,missing_destination,49,Application-24-Service,EndDevice-24,Application-24-Service,60900
23337,Application-21,M_Req,missing_destination,46,Application-21-Service,EndDevice-21,Application-21-Service,60900
23339,Application-22,M_Req,missing_destination,47,Application-22-Service,EndDevice-22,Application-22-Service,60900
23353,Application-18,M_Req,missing_destination,43,Application-18-Service,EndDevice-18,Application-18-Service,60900
23364,Application-23,M_Req,missing_destination,48,Application-23-Service,EndDevice-23,Application-23-Service,61000
23375,Application-24,M_Req,missing_destination,49,Application-24-Service,EndDevice-24,Application-24-Service,61000
23380,Application-22,M_Req,missing_destination,47,Application-22-Service,EndDevice-22,Application-22-Service,61000
23390,Application-31,M_Req,missing_destination,56,Application-31-Service,EndDevice-31,Application-31-Service,61100
23398,Application-21,M_Req,missing_destination,46,Application-21-Service,EndDevice-21,Application-21-Service,61100
23408,Application-29,M_Req,missing_destination,54,Application-29-Service,EndDevice-29,Application-29-Service,61100
23412,Application-23,M_Req,missing_destination,48,Application-23-Service,EndDevice-23,Application-23-Service,61100
23413,Application-30,M_Req,missing_destination,55,Application-30-Service,EndDevice-30,Application-30-Service,61100
23423,Application-24,M_Req,missing_destination,49,Application-24-Service,EndDevice-24,Application-24-Service,61100
23428,Application-22,M_Req,missing_destination,47,Application-22-Service,EndDevice-22,Application-22-Service,61100
23431,Application-32,M_Req,missing_destination,57,Application-32-Service,EndDevice-32,Application-32-Service,61100
23437,Application-31,M_Req,missing_destination,56,Application-31-Service,EndDevice-31,Application-31-Service,61200
23450,Application-29,M_Req,missing_destination,54,Application-29-Service,EndDevice-29,Application-29-Service,61200
23453,Application-23,M_Req,missing_destination,48,Application-23-Service,EndDevice-23,Application-23-Service,61200
23454,Application-30,M_Req,missing_destination,55,Application-30-Service,EndDevice-30,Application-30-Service,61200
23501,Application-23,M_Req,missing_destination,48,Application-23-Service,EndDevice-23,Application-23-Service,61300
23511,Application-24,M_Req,missing_destination,49,Application-24-Service,EndDevice-24,Application-24-Service,61400
23514,Application-22,M_Req,missing_destination,47,Application-22-Service,EndDevice-22,Application-22-Service,61400
23540,Application-34,M_Req,missing_destination,59,Application-34-Service,EndDevice-34,Application-34-Service,61500
23559,Application-24,M_Req,missing_destination,49,Application-24-Service,EndDevice-24,Application-24-Service,61500
23562,Application-22,M_Req,missing_destination,47,Application-22-Service,EndDevice-22,Application-22-Service,61500
23588,Application-34,M_Req,missing_destination,59,Application-34-Service,EndDevice-34,Application-34-Service,61600
23605,Application-22,M_Req,missing_destination,47,Application-22-Service,EndDevice-22,Application-22-Service,61600
23626,Application-3,M_Req,missing_destination,28,Application-3-Service,EndDevice-3,Application-3-Service,61700
23636,Application-34,M_Req,missing_destination,59,Application-34-Service,EndDevice-34,Application-34-Service,61700
23647,Application-4,M_Req,missing_destination,29,Application-4-Service,EndDevice-4,Application-4-Service,61700
23649,Application-23,M_Req,missing_destination,48,Application-23-Service,EndDevice-23,Application-23-Service,61700
23653,Application-22,M_Req,missing_destination,47,Application-22-Service,EndDevice-22,Application-22-Service,61700
23660,Application-1,M_Req,missing_destination,26,Application-1-Service,EndDevice-1,Application-1-Service,61700
23662,Application-2,M_Req,missing_destination,27,Application-2-Service,EndDevice-2,Application-2-Service,61700
23673,Application-3,M_Req,missing_destination,28,Application-3-Service,EndDevice-3,Application-3-Service,61800
23688,Application-4,M_Req,missing_destination,29,Application-4-Service,EndDevice-4,Application-4-Service,61800
23721,Application-3,M_Req,missing_destination,28,Application-3-Service,EndDevice-3,Application-3-Service,61900
23736,Application-4,M_Req,missing_destination,29,Application-4-Service,EndDevice-4,Application-4-Service,61900
23749,Application-47,M_Req,missing_destination,72,Application-47-Service,EndDevice-47,Application-47-Service,62000
23765,Application-3,M_Req,missing_destination,28,Application-3-Service,EndDevice-3,Application-3-Service,62000
23773,Application-48,M_Req,missing_destination,73,Application-48-Service,EndDevice-48,Application-48-Service,62100
23797,Application-47,M_Req,missing_destination,72,Application-47-Service,EndDevice-47,Application-47-Service,62100
23813,Application-3,M_Req,missing_destination,28,Application-3-Service,EndDevice-3,Application-3-Service,62100
23864,Application-29,M_Req,missing_destination,54,Application-29-Service,EndDevice-29,Application-29-Service,62300
23870,Application-30,M_Req,missing_destination,55,Application-30-Service,EndDevice-30,Application-30-Service,62300
23876,Application-31,M_Req,missing_destination,56,Application-31-Service,EndDevice-31,Application-31-Service,62300
23882,Application-32,M_Req,missing_destination,57,Application-32-Service,EndDevice-32,Application-32-Service,62300
23909,Application-29,M_Req,missing_destination,54,Application-29-Service,EndDevice-29,Application-29-Service,62400
23914,Application-30,M_Req,missing_destination,55,Application-30-Service,EndDevice-30,Application-30-Service,62400
23920,Application-31,M_Req,missing_destination,56,Application-31-Service,EndDevice-31,Application-31-Service,62400
23957,Application-29,M_Req,missing_destination,54,Application-29-Service,EndDevice-29,Application-29-Service,62500
23962,Application-30,M_Req,missing_destination,55,Application-30-Service,EndDevice-30,Application-30-Service,62500
23968,Application-31,M_Req,missing_destination,56,Application-31-Service,EndDevice-31,Application-31-Service,62500
23973,Application-5,M_Req,missing_destination,30,Application-5-Service,EndDevice-5,Application-5-Service,62600
23981,Application-2,M_Req,missing_destination,27,Application-2-Service,EndDevice-2,Application-2-Service,62600
23998,Application-7,M_Req,missing_destination,32,Application-7-Service,EndDevice-7,Application-7-Service,62600
24021,Application-5,M_Req,missing_destination,30,Application-5-Service,EndDevice-5,Application-5-Service,62700
24029,Application-2,M_Req,missing_destination,27,Application-2-Service,EndDevice-2,Application-2-Service,62700
24046,Application-7,M_Req,missing_destination,32,Application-7-Service,EndDevice-7,Application-7-Service,62700
24065,Application-5,M_Req,missing_destination,30,Application-5-Service,EndDevice-5,Application-5-Service,62800
24072,Application-2,M_Req,missing_destination,27,Application-2-Service,EndDevice-2,Application-2-Service,62800
24093,Application-35,M_Req,missing_destination,60,Application-35-Service,EndDevice-35,Application-35-Service,62900
24097,Application-36,M_Req,missing_destination,61,Application-36-Service,EndDevice-36,Application-36-Service,62900
24106,Application-33,M_Req,missing_destination,58,Application-33-Service,EndDevice-33,Application-33-Service,62900
24113,Application-5,M_Req,missing_destination,30,Application-5-Service,EndDevice-5,Application-5-Service,62900
24119,Application-34,M_Req,missing_destination,59,Application-34-Service,EndDevice-34,Application-34-Service,62900
24120,Application-2,M_Req,missing_destination,27,Application-2-Service,EndDevice-2,Application-2-Service,62900
24139,Application-35,M_Req,missing_destination,60,Application-35-Service,EndDevice-35,Application-35-Service,63000
24148,Application-33,M_Req,missing_destination,58,Application-33-Service,EndDevice-33,Application-33-Service,63000
24187,Application-35,M_Req,missing_destination,60,Application-35-Service,EndDevice-35,Application-35-Service,63100
24196,Application-33,M_Req,missing_destination,58,Application-33-Service,EndDevice-33,Application-33-Service,63100
24211,Application-43,M_Req,missing_destination,68,Application-43-Service,EndDevice-43,Application-43-Service,63200
24214,Application-42,M_Req,missing_destination,67,Application-42-Service,EndDevice-42,Application-42-Service,63200
24222,Application-41,M_Req,missing_destination,66,Application-41-Service,EndDevice-41,Application-41-Service,63200
24229,Application-35,M_Req,missing_destination,60,Application-35-Service,EndDevice-35,Application-35-Service,63200
24237,Application-44,M_Req,missing_destination,69,Application-44-Service,EndDevice-44,Application-44-Service,63300
24259,Application-43,M_Req,missing_destination,68,Application-43-Service,EndDevice-43,Application-43-Service,63300
24262,Application-42,M_Req,missing_destination,67,Application-42-Service,EndDevice-42,Application-42-Service,63300
24270,Application-41,M_Req,missing_destination,66,Application-41-Service,EndDevice-41,Application-41-Service,63300
24277,Application-35,M_Req,missing_destination,60,Application-35-Service,EndDevice-35,Application-35-Service,63300
24327,Application-28,M_Req,missing_destination,53,Application-28-Service,EndDevice-28,Application-28-Service,63500
24330,Application-27,M_Req,missing_destination,52,Application-27-Service,EndDevice-27,Application-27-Service,63500
24334,Application-25,M_Req,missing_destination,50,Application-25-Service,EndDevice-25,Application-25-Service,63500
24356,Application-26,M_Req,missing_destination,51,Application-26-Service,EndDevice-26,Application-26-Service,63500
24375,Application-28,M_Req,missing_destination,53,Application-28-Service,EndDevice-28,Application-28-Service,63600
24378,Application-27,M_Req,missing_destination,52,Application-27-Service,EndDevice-27,Application-27-Service,63600
24423,Application-28,M_Req,missing_destination,53,Application-28-Service,EndDevice-28,Application-28-Service,63700
24426,Application-27,M_Req,missing_destination,52,Application-27-Service,EndDevice-27,Application-27-Service,63700
24433,Application-47,M_Req,missing_destination,72,Application-47-Service,EndDevice-47,Application-47-Service,63800
24450,Application-48,M_Req,missing_destination,73,Application-48-Service,EndDevice-48,Application-48-Service,63800
24456,Application-36,M_Req,missing_destination,61,Application-36-Service,EndDevice-36,Application-36-Service,63800
24463,Application-28,M_Req,missing_destination,53,Application-28-Service,EndDevice-28,Application-28-Service,63900
24464,Application-45,M_Req,missing_destination,70,Application-45-Service,EndDevice-45,Application-45-Service,63900
24469,Application-46,M_Req,missing_destination,71,Application-46-Service,EndDevice-46,Application-46-Service,63900
24481,Application-47,M_Req,missing_destination,72,Application-47-Service,EndDevice-47,Application-47-Service,63900
24498,Application-48,M_Req,missing_destination,73,Application-48-Service,EndDevice-48,Application-48-Service,63900
24504,Application-36,M_Req,missing_destination,61,Application-36-Service,EndDevice-36,Application-36-Service,63900
24536,Application-14,M_Req,missing_destination,39,Application-14-Service,EndDevice-14,Application-14-Service,64100
24540,Application-16,M_Req,missing_destination,41,Application-16-Service,EndDevice-16,Application-16-Service,64100
24553,Application-25,M_Req,missing_destination,50,Application-25-Service,EndDevice-25,Application-25-Service,64100
24577,Application-15,M_Req,missing_destination,40,Application-15-Service,EndDevice-15,Application-15-Service,64100
24581,Application-13,M_Req,missing_destination,38,Application-13-Service,EndDevice-13,Application-13-Service,64100
24584,Application-14,M_Req,missing_destination,39,Application-14-Service,EndDevice-14,Application-14-Service,64200
24587,Application-16,M_Req,missing_destination,41,Application-16-Service,EndDevice-16,Application-16-Service,64200
24599,Application-25,M_Req,missing_destination,50,Application-25-Service,EndDevice-25,Application-25-Service,64200
24632,Application-14,M_Req,missing_destination,39,Application-14-Service,EndDevice-14,Application-14-Service,64300
24635,Application-16,M_Req,missing_destination,41,Application-16-Service,EndDevice-16,Application-16-Service,64300
24647,Application-25,M_Req,missing_destination,50,Application-25-Service,EndDevice-25,Application-25-Service,64300
24668,Application-43,M_Req,missing_destination,68,Application-43-Service,EndDevice-43,Application-43-Service,64400
24676,Application-14,M_Req,missing_destination,39,Application-14-Service,EndDevice-14,Application-14-Service,64400
24677,Application-16,M_Req,missing_destination,41,Application-16-Service,EndDevice-16,Application-16-Service,64400
24687,Application-25,M_Req,missing_destination,50,Application-25-Service,EndDevice-25,Application-25-Service,64400
24692,Application-44,M_Req,missing_destination,69,Application-44-Service,EndDevice-44,Application-44-Service,64500
24716,Application-43,M_Req,missing_destination,68,Application-43-Service,EndDevice-43,Application-43-Service,64500
24724,Application-14,M_Req,missing_destination,39,Application-14-Service,EndDevice-14,Application-14-Service,64500
24725,Application-16,M_Req,missing_destination,41,Application-16-Service,EndDevice-16,Application-16-Service,64500
24735,Application-25,M_Req,missing_destination,50,Application-25-Service,EndDevice-25,Application-25-Service,64500
24766,Application-11,M_Req,missing_destination,36,Application-11-Service,EndDevice-11,Application-11-Service,64700
24770,Application-9,M_Req,missing_destination,34,Application-9-Service,EndDevice-9,Application-9-Service,64700
24782,Application-10,M_Req,missing_destination,35,Application-10-Service,EndDevice-10,Application-10-Service,64700
24784,Application-12,M_Req,missing_destination,37,Application-12-Service,EndDevice-12,Application-12-Service,64700
24798,Application-15,M_Req,missing_destination,40,Application-15-Service,EndDevice-15,Application-15-Service,64700
24814,Application-11,M_Req,missing_destination,36,Application-11-Service,EndDevice-11,Application-11-Service,64800
24816,Application-9,M_Req,missing_destination,34,Application-9-Service,EndDevice-9,Application-9-Service,64800
24827,Application-10,M_Req,missing_destination,35,Application-10-Service,EndDevice-10,Application-10-Service,64800
24829,Application-12,M_Req,missing_destination,37,Application-12-Service,EndDevice-12,Application-12-Service,64800
24842,Application-15,M_Req,missing_destination,40,Application-15-Service,EndDevice-15,Application-15-Service,64800
24897,Application-5,M_Req,missing_destination,30,Application-5-Service,EndDevice-5,Application-5-Service,65000
24898,Application-7,M_Req,missing_destination,32,Application-7-Service,EndDevice-7,Application-7-Service,65000
24905,Application-14,M_Req,missing_destination,39,Application-14-Service,EndDevice-14,Application-14-Service,65000
24922,Application-6,M_Req,missing_destination,31,Application-6-Service,EndDevice-6,Application-6-Service,65100
24925,Application-8,M_Req,missing_destination,33,Application-8-Service,EndDevice-8,Application-8-Service,65100
24945,Application-5,M_Req,missing_destination,30,Application-5-Service,EndDevice-5,Application-5-Service,65100
24946,Application-7,M_Req,missing_destination,32,Application-7-Service,EndDevice-7,Application-7-Service,65100
24953,Application-14,M_Req,missing_destination,39,Application-14-Service,EndDevice-14,Application-14-Service,65100
24996,Application-16,M_Req,missing_destination,41,Application-16-Service,EndDevice-16,Application-16-Service,65300
24999,Application-31,M_Req,missing_destination,56,Application-31-Service,EndDevice-31,Application-31-Service,65300
25001,Application-29,M_Req,missing_destination,54,Application-29-Service,EndDevice-29,Application-29-Service,65300
25014,Application-32,M_Req,missing_destination,57,Application-32-Service,EndDevice-32,Application-32-Service,65300
25027,Application-30,M_Req,missing_destination,55,Application-30-Service,EndDevice-30,Application-30-Service,65300
25044,Application-16,M_Req,missing_destination,41,Application-16-Service,EndDevice-16,Application-16-Service,65400
25046,Application-31,M_Req,missing_destination,56,Application-31-Service,EndDevice-31,Application-31-Service,65400
25048,Application-29,M_Req,missing_destination,54,Application-29-Service,EndDevice-29,Application-29-Service,65400
25059,Application-32,M_Req,missing_destination,57,Application-32-Service,EndDevice-32,Application-32-Service,65400
25070,Application-30,M_Req,missing_destination,55,Application-30-Service,EndDevice-30,Application-30-Service,65400
25135,Application-17,M_Req,missing_destination,42,Application-17-Service,EndDevice-17,Application-17-Service,65600
25162,Application-19,M_Req,missing_destination,44,Application-19-Service,EndDevice-19,Application-19-Service,65700
25183,Application-17,M_Req,missing_destination,42,Application-17-Service,EndDevice-17,Application-17-Service,65700
25242,Application-5,M_Req,missing_destination,30,Application-5-Service,EndDevice-5,Application-5-Service,65900
25248,Application-8,M_Req,missing_destination,33,Application-8-Service,EndDevice-8,Application-8-Service,65900
25261,Application-6,M_Req,missing_destination,31,Application-6-Service,EndDevice-6,Application-6-Service,65900
25268,Application-7,M_Req,missing_destination,32,Application-7-Service,EndDevice-7,Application-7-Service,65900
25287,Application-5,M_Req,missing_destination,30,Application-5-Service,EndDevice-5,Application-5-Service,66000
25293,Application-8,M_Req,missing_destination,33,Application-8-Service,EndDevice-8,Application-8-Service,66000
25305,Application-6,M_Req,missing_destination,31,Application-6-Service,EndDevice-6,Application-6-Service,66000
25358,Application-45,M_Req,missing_destination,70,Application-45-Service,EndDevice-45,Application-45-Service,66200
25369,Application-48,M_Req,missing_destination,73,Application-48-Service,EndDevice-48,Application-48-Service,66200
25384,Application-15,M_Req,missing_destination,40,Application-15-Service,EndDevice-15,Application-15-Service,66300
25406,Application-45,M_Req,missing_destination,70,Application-45-Service,EndDevice-45,Application-45-Service,66300
25417,Application-48,M_Req,missing_destination,73,Application-48-Service,EndDevice-48,Application-48-Service,66300
25459,Application-22,M_Req,missing_destination,47,Application-22-Service,EndDevice-22,Application-22-Service,66500
25470,Application-21,M_Req,missing_destination,46,Application-21-Service,EndDevice-21,Application-21-Service,66500
25482,Application-23,M_Req,missing_destination,48,Application-23-Service,EndDevice-23,Application-23-Service,66500
25495,Application-24,M_Req,missing_destination,49,Application-24-Service,EndDevice-24,Application-24-Service,66500
25498,Application-7,M_Req,missing_destination,32,Application-7-Service,EndDevice-7,Application-7-Service,66500
25506,Application-22,M_Req,missing_destination,47,Application-22-Service,EndDevice-22,Application-22-Service,66600
25514,Application-21,M_Req,missing_destination,46,Application-21-Service,EndDevice-21,Application-21-Service,66600
25522,Application-23,M_Req,missing_destination,48,Application-23-Service,EndDevice-23,Application-23-Service,66600
25554,Application-22,M_Req,missing_destination,47,Application-22-Service,EndDevice-22,Application-22-Service,66700
25562,Application-21,M_Req,missing_destination,46,Application-21-Service,EndDevice-21,Application-21-Service,66700
25570,Application-23,M_Req,missing_destination,48,Application-23-Service,EndDevice-23,Application-23-Service,66700
25593,Application-39,M_Req,missing_destination,64,Application-39-Service,EndDevice-39,Application-39-Service,66800
25599,Application-22,M_Req,missing_destination,47,Application-22-Service,EndDevice-22,Application-22-Service,66800
25611,Application-37,M_Req,missing_destination,62,Application-37-Service,EndDevice-37,Application-37-Service,66900
25612,Application-23,M_Req,missing_destination,48,Application-23-Service,EndDevice-23,Application-23-Service,66900
25641,Application-39,M_Req,missing_destination,64,Application-39-Service,EndDevice-39,Application-39-Service,66900
25647,Application-22,M_Req,missing_destination,47,Application-22-Service,EndDevice-22,Application-22-Service,66900
25659,Application-37,M_Req,missing_destination,62,Application-37-Service,EndDevice-37,Application-37-Service,67000
25701,Application-45,M_Req,missing_destination,70,Application-45-Service,EndDevice-45,Application-45-Service,67100
25702,Application-48,M_Req,missing_destination,73,Application-48-Service,EndDevice-48,Application-48-Service,67100
25707,Application-37,M_Req,missing_destination,62,Application-37-Service,EndDevice-37,Application-37-Service,67100
25711,Application-47,M_Req,missing_destination,72,Application-47-Service,EndDevice-47,Application-47-Service,67100
25713,Application-46,M_Req,missing_destination,71,Application-46-Service,EndDevice-46,Application-46-Service,67100
25745,Application-45,M_Req,missing_destination,70,Application-45-Service,EndDevice-45,Application-45-Service,67200
25746,Application-48,M_Req,missing_destination,73,Application-48-Service,EndDevice-48,Application-48-Service,67200
25750,Application-37,M_Req,missing_destination,62,Application-37-Service,EndDevice-37,Application-37-Service,67200
25793,Application-45,M_Req,missing_destination,70,Application-45-Service,EndDevice-45,Application-45-Service,67300
25794,Application-48,M_Req,missing_destination,73,Application-48-Service,EndDevice-48,Application-48-Service,67300
25811,Application-24,M_Req,missing_destination,49,Application-24-Service,EndDevice-24,Application-24-Service,67400
25834,Application-23,M_Req,missing_destination,48,Application-23-Service,EndDevice-23,Application-23-Service,67400
25836,Application-45,M_Req,missing_destination,70,Application-45-Service,EndDevice-45,Application-45-Service,67400
25837,Application-48,M_Req,missing_destination,73,Application-48-Service,EndDevice-48,Application-48-Service,67400
25847,Application-21,M_Req,missing_destination,46,Application-21-Service,EndDevice-21,Application-21-Service,67500
25859,Application-24,M_Req,missing_destination,49,Application-24-Service,EndDevice-24,Application-24-Service,67500
25882,Application-23,M_Req,missing_destination,48,Application-23-Service,EndDevice-23,Application-23-Service,67500
25884,Application-45,M_Req,missing_destination,70,Application-45-Service,EndDevice-45,Application-45-Service,67500
25885,Application-48,M_Req,missing_destination,73,Application-48-Service,EndDevice-48,Application-48-Service,67500
25895,Application-21,M_Req,missing_destination,46,Application-21-Service,EndDevice-21,Application-21-Service,67600
25905,Application-24,M_Req,missing_destination,49,Application-24-Service,EndDevice-24,Application-24-Service,67600
25935,Application-32,M_Req,missing_destination,57,Application-32-Service,EndDevice-32,Application-32-Service,67700
25939,Application-29,M_Req,missing_destination,54,Application-29-Service,EndDevice-29,Application-29-Service,67700
25943,Application-21,M_Req,missing_destination,46,Application-21-Service,EndDevice-21,Application-21-Service,67700
25950,Application-30,M_Req,missing_destination,55,Application-30-Service,EndDevice-30,Application-30-Service,67700
25953,Application-24,M_Req,missing_destination,49,Application-24-Service,EndDevice-24,Application-24-Service,67700
25957,Application-31,M_Req,missing_destination,56,Application-31-Service,EndDevice-31,Application-31-Service,67700
25987,Application-21,M_Req,missing_destination,46,Application-21-Service,EndDevice-21,Application-21-Service,67800
25992,Application-30,M_Req,missing_destination,55,Application-30-Service,EndDevice-30,Application-30-Service,67800
26040,Application-30,M_Req,missing_destination,55,Application-30-Service,EndDevice-30,Application-30-Service,67900
26045,Application-3,M_Req,missing_destination,28,Application-3-Service,EndDevice-3,Application-3-Service,68000
26058,Application-2,M_Req,missing_destination,27,Application-2-Service,EndDevice-2,Application-2-Service,68000
26060,Application-1,M_Req,missing_destination,26,Application-1-Service,EndDevice-1,Application-1-Service,68000
26076,Application-4,M_Req,missing_destination,29,Application-4-Service,EndDevice-4,Application-4-Service,68100
26093,Application-3,M_Req,missing_destination,28,Application-3-Service,EndDevice-3,Application-3-Service,68100
26106,Application-2,M_Req,missing_destination,27,Application-2-Service,EndDevice-2,Application-2-Service,68100
26108,Application-1,M_Req,missing_destination,26,Application-1-Service,EndDevice-1,Application-1-Service,68100
26123,Application-4,M_Req,missing_destination,29,Application-4-Service,EndDevice-4,Application-4-Service,68200
26136,Application-3,M_Req,missing_destination,28,Application-3-Service,EndDevice-3,Application-3-Service,68200
26150,Application-26,M_Req,missing_destination,51,Application-26-Service,EndDevice-26,Application-26-Service,68300
26151,Application-27,M_Req,missing_destination,52,Application-27-Service,EndDevice-27,Application-27-Service,68300
26166,Application-2,M_Req,missing_destination,27,Application-2-Service,EndDevice-2,Application-2-Service,68300
26171,Application-4,M_Req,missing_destination,29,Application-4-Service,EndDevice-4,Application-4-Service,68300
26174,Application-25,M_Req,missing_destination,50,Application-25-Service,EndDevice-25,Application-25-Service,68300
26184,Application-3,M_Req,missing_destination,28,Application-3-Service,EndDevice-3,Application-3-Service,68300
26187,Application-28,M_Req,missing_destination,53,Application-28-Service,EndDevice-28,Application-28-Service,68300
26198,Application-26,M_Req,missing_destination,51,Application-26-Service,EndDevice-26,Application-26-Service,68400
26212,Application-2,M_Req,missing_destination,27,Application-2-Service,EndDevice-2,Application-2-Service,68400
26217,Application-25,M_Req,missing_destination,50,Application-25-Service,EndDevice-25,Application-25-Service,68400
26272,Application-17,M_Req,missing_destination,42,Application-17-Service,EndDevice-17,Application-17-Service,68600
26277,Application-18,M_Req,missing_destination,43,Application-18-Service,EndDevice-18,Application-18-Service,68600
26286,Application-19,M_Req,missing_destination,44,Application-19-Service,EndDevice-19,Application-19-Service,68600
26301,Application-20,M_Req,missing_destination,45,Application-20-Service,EndDevice-20,Application-20-Service,68700
26320,Application-17,M_Req,missing_destination,42,Application-17-Service,EndDevice-17,Application-17-Service,68700
26325,Application-18,M_Req,missing_destination,43,Application-18-Service,EndDevice-18,Application-18-Service,68700
26334,Application-19,M_Req,missing_destination,44,Application-19-Service,EndDevice-19,Application-19-Service,68700
26390,Application-14,M_Req,missing_destination,39,Application-14-Service,EndDevice-14,Application-14-Service,68900
26411,Application-15,M_Req,missing_destination,40,Application-15-Service,EndDevice-15,Application-15-Service,68900
26417,Application-13,M_Req,missing_destination,38,Application-13-Service,EndDevice-13,Application-13-Service,68900
26425,Application-16,M_Req,missing_destination,41,Application-16-Service,EndDevice-16,Application-16-Service,68900
26438,Application-14,M_Req,missing_destination,39,Application-14-Service,EndDevice-14,Application-14-Service,69000
26505,Application-18,M_Req,missing_destination,43,Application-18-Service,EndDevice-18,Application-18-Service,69200
26514,Application-20,M_Req,missing_destination,45,Application-20-Service,EndDevice-20,Application-20-Service,69200
26528,Application-17,M_Req,missing_destination,42,Application-17-Service,EndDevice-17,Application-17-Service,69200
26532,Application-19,M_Req,missing_destination,44,Application-19-Service,EndDevice-19,Application-19-Service,69200
26538,Application-3,M_Req,missing_destination,28,Application-3-Service,EndDevice-3,Application-3-Service,69300
26553,Application-18,M_Req,missing_destination,43,Application-18-Service,EndDevice-18,Application-18-Service,69300
26562,Application-20,M_Req,missing_destination,45,Application-20-Service,EndDevice-20,Application-20-Service,69300
26576,Application-17,M_Req,missing_destination,42,Application-17-Service,EndDevice-17,Application-17-Service,69300
26580,Application-19,M_Req,missing_destination,44,Application-19-Service,EndDevice-19,Application-19-Service,69300
26586,Application-3,M_Req,missing_destination,28,Application-3-Service,EndDevice-3,Application-3-Service,69400
26599,Application-18,M_Req,missing_destination,43,Application-18-Service,EndDevice-18,Application-18-Service,69400
26609,Application-33,M_Req,missing_destination,58,Application-33-Service,EndDevice-33,Application-33-Service,69500
26613,Application-2,M_Req,missing_destination,27,Application-2-Service,EndDevice-2,Application-2-Service,69500
26620,Application-36,M_Req,missing_destination,61,Application-36-Service,EndDevice-36,Application-36-Service,69500
26622,Application-34,M_Req,missing_destination,59,Application-34-Service,EndDevice-34,Application-34-Service,69500
26634,Application-3,M_Req,missing_destination,28,Application-3-Service,EndDevice-3,Application-3-Service,69500
26642,Application-35,M_Req,missing_destination,60,Application-35-Service,EndDevice-35,Application-35-Service,69500
26647,Application-18,M_Req,missing_destination,43,Application-18-Service,EndDevice-18,Application-18-Service,69500
26657,Application-33,M_Req,missing_destination,58,Application-33-Service,EndDevice-33,Application-33-Service,69600
26661,Application-2,M_Req,missing_destination,27,Application-2-Service,EndDevice-2,Application-2-Service,69600
26667,Application-36,M_Req,missing_destination,61,Application-36-Service,EndDevice-36,Application-36-Service,69600
26669,Application-34,M_Req,missing_destination,59,Application-34-Service,EndDevice-34,Application-34-Service,69600
26705,Application-33,M_Req,missing_destination,58,Application-33-Service,EndDevice-33,Application-33-Service,69700
26709,Application-2,M_Req,missing_destination,27,Application-2-Service,EndDevice-2,Application-2-Service,69700
26715,Application-36,M_Req,missing_destination,61,Application-36-Service,EndDevice-36,Application-36-Service,69700
26717,Application-34,M_Req,missing_destination,59,Application-34-Service,EndDevice-34,Application-34-Service,69700
26739,Application-26,M_Req,missing_destination,51,Application-26-Service,EndDevice-26,Application-26-Service,69800
26752,Application-28,M_Req,missing_destination,53,Application-28-Service,EndDevice-28,Application-28-Service,69800
26753,Application-27,M_Req,missing_destination,52,Application-27-Service,EndDevice-27,Application-27-Service,69800
26755,Application-36,M_Req,missing_destination,61,Application-36-Service,EndDevice-36,Application-36-Service,69800
26757,Application-34,M_Req,missing_destination,59,Application-34-Service,EndDevice-34,Application-34-Service,69800
26760,Application-17,M_Req,missing_destination,42,Application-17-Service,EndDevice-17,Application-17-Service,69800
26762,Application-25,M_Req,missing_destination,50,Application-25-Service,EndDevice-25,Application-25-Service,69900
26787,Application-26,M_Req,missing_destination,51,Application-26-Service,EndDevice-26,Application-26-Service,69900
26800,Application-28,M_Req,missing_destination,53,Application-28-Service,EndDevice-28,Application-28-Service,69900
26801,Application-27,M_Req,missing_destination,52,Application-27-Service,EndDevice-27,Application-27-Service,69900
26803,Application-36,M_Req,missing_destination,61,Application-36-Service,EndDevice-36,Application-36-Service,69900
26805,Application-34,M_Req,missing_destination,59,Application-34-Service,EndDevice-34,Application-34-Service,69900
26808,Application-17,M_Req,missing_destination,42,Application-17-Service,EndDevice-17,Application-17-Service,69900
26866,Application-47,M_Req,missing_destination,72,Application-47-Service,EndDevice-47,Application-47-Service,70100
26867,Application-46,M_Req,missing_destination,71,Application-46-Service,EndDevice-46,Application-46-Service,70100
26870,Application-33,M_Req,missing_destination,58,Application-33-Service,EndDevice-33,Application-33-Service,70100
26883,Application-48,M_Req,missing_destination,73,Application-48-Service,EndDevice-48,Application-48-Service,70100
26885,Application-45,M_Req,missing_destination,70,Application-45-Service,EndDevice-45,Application-45-Service,70100
26909,Application-47,M_Req,missing_destination,72,Application-47-Service,EndDevice-47,Application-47-Service,70200
26910,Application-46,M_Req,missing_destination,71,Application-46-Service,EndDevice-46,Application-46-Service,70200
26913,Application-33,M_Req,missing_destination,58,Application-33-Service,EndDevice-33,Application-33-Service,70200
26970,Application-15,M_Req,missing_destination,40,Application-15-Service,EndDevice-15,Application-15-Service,70400
26974,Application-16,M_Req,missing_destination,41,Application-16-Service,EndDevice-16,Application-16-Service,70400
26997,Application-13,M_Req,missing_destination,38,Application-13-Service,EndDevice-13,Application-13-Service,70500
27003,Application-14,M_Req,missing_destination,39,Application-14-Service,EndDevice-14,Application-14-Service,70500
27018,Application-15,M_Req,missing_destination,40,Application-15-Service,EndDevice-15,Application-15-Service,70500
27022,Application-16,M_Req,missing_destination,41,Application-16-Service,EndDevice-16,Application-16-Service,70500
27043,Application-13,M_Req,missing_destination,38,Application-13-Service,EndDevice-13,Application-13-Service,70600
27049,Application-14,M_Req,missing_destination,39,Application-14-Service,EndDevice-14,Application-14-Service,70600
27062,Application-15,M_Req,missing_destination,40,Application-15-Service,EndDevice-15,Application-15-Service,70600
27064,Application-16,M_Req,missing_destination,41,Application-16-Service,EndDevice-16,Application-16-Service,70600
27078,Application-28,M_Req,missing_destination,53,Application-28-Service,EndDevice-28,Application-28-Service,70700
27083,Application-27,M_Req,missing_destination,52,Application-27-Service,EndDevice-27,Application-27-Service,70700
27087,Application-25,M_Req,missing_destination,50,Application-25-Service,EndDevice-25,Application-25-Service,70700
27091,Application-13,M_Req,missing_destination,38,Application-13-Service,EndDevice-13,Application-13-Service,70700
27097,Application-14,M_Req,missing_destination,39,Application-14-Service,EndDevice-14,Application-14-Service,70700
27099,Application-33,M_Req,missing_destination,58,Application-33-Service,EndDevice-33,Application-33-Service,70700
27105,Application-26,M_Req,missing_destination,51,Application-26-Service,EndDevice-26,Application-26-Service,70700
27110,Application-15,M_Req,missing_destination,40,Application-15-Service,EndDevice-15,Application-15-Service,70700
27112,Application-16,M_Req,missing_destination,41,Application-16-Service,EndDevice-16,Application-16-Service,70700
27126,Application-28,M_Req,missing_destination,53,Application-28-Service,EndDevice-28,Application-28-Service,70800
27130,Application-27,M_Req,missing_destination,52,Application-27-Service,EndDevice-27,Application-27-Service,70800
27135,Application-13,M_Req,missing_destination,38,Application-13-Service,EndDevice-13,Application-13-Service,70800
27140,Application-33,M_Req,missing_destination,58,Application-33-Service,EndDevice-33,Application-33-Service,70800
27146,Application-26,M_Req,missing_destination,51,Application-26-Service,EndDevice-26,Application-26-Service,70800
27183,Application-13,M_Req,missing_destination,38,Application-13-Service,EndDevice-13,Application-13-Service,70900
27203,Application-31,M_Req,missing_destination,56,Application-31-Service,EndDevice-31,Application-31-Service,71000
27205,Application-25,M_Req,missing_destination,50,Application-25-Service,EndDevice-25,Application-25-Service,71000
27211,Application-29,M_Req,missing_destination,54,Application-29-Service,EndDevice-29,Application-29-Service,71000
27215,Application-30,M_Req,missing_destination,55,Application-30-Service,EndDevice-30,Application-30-Service,71000
27226,Application-32,M_Req,missing_destination,57,Application-32-Service,EndDevice-32,Application-32-Service,71100
27251,Application-31,M_Req,missing_destination,56,Application-31-Service,EndDevice-31,Application-31-Service,71100
27253,Application-25,M_Req,missing_destination,50,Application-25-Service,EndDevice-25,Application-25-Service,71100
27259,Application-29,M_Req,missing_destination,54,Application-29-Service,EndDevice-29,Application-29-Service,71100
27263,Application-30,M_Req,missing_destination,55,Application-30-Service,EndDevice-30,Application-30-Service,71100
27272,Application-32,M_Req,missing_destination,57,Application-32-Service,EndDevice-32,Application-32-Service,71200
27292,Application-31,M_Req,missing_destination,56,Application-31-Service,EndDevice-31,Application-31-Service,71200
27294,Application-25,M_Req,missing_destination,50,Application-25-Service,EndDevice-25,Application-25-Service,71200
27300,Application-29,M_Req,missing_destination,54,Application-29-Service,EndDevice-29,Application-29-Service,71200
27307,Application-8,M_Req,missing_destination,33,Application-8-Service,EndDevice-8,Application-8-Service,71300
27315,Application-7,M_Req,missing_destination,32,Application-7-Service,EndDevice-7,Application-7-Service,71300
27320,Application-32,M_Req,missing_destination,57,Application-32-Service,EndDevice-32,Application-32-Service,71300
27327,Application-5,M_Req,missing_destination,30,Application-5-Service,EndDevice-5,Application-5-Service,71300
27328,Application-6,M_Req,missing_destination,31,Application-6-Service,EndDevice-6,Application-6-Service,71300
27340,Application-31,M_Req,missing_destination,56,Application-31-Service,EndDevice-31,Application-31-Service,71300
27342,Application-25,M_Req,missing_destination,50,Application-25-Service,EndDevice-25,Application-25-Service,71300
27348,Application-29,M_Req,missing_destination,54,Application-29-Service,EndDevice-29,Application-29-Service,71300
27353,Application-8,M_Req,missing_destination,33,Application-8-Service,EndDevice-8,Application-8-Service,71400
27364,Application-32,M_Req,missing_destination,57,Application-32-Service,EndDevice-32,Application-32-Service,71400
27371,Application-6,M_Req,missing_destination,31,Application-6-Service,EndDevice-6,Application-6-Service,71400
27401,Application-8,M_Req,missing_destination,33,Application-8-Service,EndDevice-8,Application-8-Service,71500
27419,Application-6,M_Req,missing_destination,31,Application-6-Service,EndDevice-6,Application-6-Service,71500
27441,Application-8,M_Req,missing_destination,33,Application-8-Service,EndDevice-8,Application-8-Service,71600
27451,Application-32,M_Req,missing_destination,57,Application-32-Service,EndDevice-32,Application-32-Service,71700
27489,Application-8,M_Req,missing_destination,33,Application-8-Service,EndDevice-8,Application-8-Service,71700
27499,Application-32,M_Req,missing_destination,57,Application-32-Service,EndDevice-32,Application-32-Service,71800
27539,Application-3,M_Req,missing_destination,28,Application-3-Service,EndDevice-3,Application-3-Service,71900
27543,Application-2,M_Req,missing_destination,27,Application-2-Service,EndDevice-2,Application-2-Service,71900
27547,Application-32,M_Req,missing_destination,57,Application-32-Service,EndDevice-32,Application-32-Service,71900
27548,Application-4,M_Req,missing_destination,29,Application-4-Service,EndDevice-4,Application-4-Service,71900
27566,Application-29,M_Req,missing_destination,54,Application-29-Service,EndDevice-29,Application-29-Service,71900
27572,Application-1,M_Req,missing_destination,26,Application-1-Service,EndDevice-1,Application-1-Service,71900
27585,Application-3,M_Req,missing_destination,28,Application-3-Service,EndDevice-3,Application-3-Service,72000
27588,Application-2,M_Req,missing_destination,27,Application-2-Service,EndDevice-2,Application-2-Service,72000
27592,Application-32,M_Req,missing_destination,57,Application-32-Service,EndDevice-32,Application-32-Service,72000
27593,Application-4,M_Req,missing_destination,29,Application-4-Service,EndDevice-4,Application-4-Service,72000
27640,Application-32,M_Req,missing_destination,57,Application-32-Service,EndDevice-32,Application-32-Service,72100
27676,Application-3,M_Req,missing_destination,28,Application-3-Service,EndDevice-3,Application-3-Service,72200
27681,Application-4,M_Req,missing_destination,29,Application-4-Service,EndDevice-4,Application-4-Service,72300
27724,Application-3,M_Req,missing_destination,28,Application-3-Service,EndDevice-3,Application-3-Service,72300
27768,Application-23,M_Req,missing_destination,48,Application-23-Service,EndDevice-23,Application-23-Service,72500
27771,Application-24,M_Req,missing_destination,49,Application-24-Service,EndDevice-24,Application-24-Service,72500
27794,Application-22,M_Req,missing_destination,47,Application-22-Service,EndDevice-22,Application-22-Service,72500
27800,Application-21,M_Req,missing_destination,46,Application-21-Service,EndDevice-21,Application-21-Service,72500
27811,Application-23,M_Req,missing_destination,48,Application-23-Service,EndDevice-23,Application-23-Service,72600
27814,Application-24,M_Req,missing_destination,49,Application-24-Service,EndDevice-24,Application-24-Service,72600
27859,Application-23,M_Req,missing_destination,48,Application-23-Service,EndDevice-23,Application-23-Service,72700
27862,Application-24,M_Req,missing_destination,49,Application-24-Service,EndDevice-24,Application-24-Service,72700
27887,Application-21,M_Req,missing_destination,46,Application-21-Service,EndDevice-21,Application-21-Service,72800
27891,Application-17,M_Req,missing_destination,42,Application-17-Service,EndDevice-17,Application-17-Service,72800
27904,Application-23,M_Req,missing_destination,48,Application-23-Service,EndDevice-23,Application-23-Service,72800
27907,Application-24,M_Req,missing_destination,49,Application-24-Service,EndDevice-24,Application-24-Service,72800
27908,Application-19,M_Req,missing_destination,44,Application-19-Service,EndDevice-19,Application-19-Service,72800
27912,Application-18,M_Req,missing_destination,43,Application-18-Service,EndDevice-18,Application-18-Service,72900
27922,Application-20,M_Req,missing_destination,45,Application-20-Service,EndDevice-20,Application-20-Service,72900
27935,Application-21,M_Req,missing_destination,46,Application-21-Service,EndDevice-21,Application-21-Service,72900
27939,Application-17,M_Req,missing_destination,42,Application-17-Service,EndDevice-17,Application-17-Service,72900
27952,Application-23,M_Req,missing_destination,48,Application-23-Service,EndDevice-23,Application-23-Service,72900
27955,Application-24,M_Req,missing_destination,49,Application-24-Service,EndDevice-24,Application-24-Service,72900
27956,Application-19,M_Req,missing_destination,44,Application-19-Service,EndDevice-19,Application-19-Service,72900
27995,Application-24,M_Req,missing_destination,49,Application-24-Service,EndDevice-24,Application-24-Service,73100
28015,Application-30,M_Req,missing_destination,55,Application-30-Service,EndDevice-30,Application-30-Service,73100
28022,Application-32,M_Req,missing_destination,57,Application-32-Service,EndDevice-32,Application-32-Service,73100
28056,Application-30,M_Req,missing_destination,55,Application-30-Service,EndDevice-30,Application-30-Service,73200
28062,Application-32,M_Req,missing_destination,57,Application-32-Service,EndDevice-32,Application-32-Service,73200
28143,Application-30,M_Req,missing_destination,55,Application-30-Service,EndDevice-30,Application-30-Service,73500
28149,Application-32,M_Req,missing_destination,57,Application-32-Service,EndDevice-32,Application-32-Service,73500
28216,Application-36,M_Req,missing_destination,61,Application-36-Service,EndDevice-36,Application-36-Service,73700
28223,Application-35,M_Req,missing_destination,60,Application-35-Service,EndDevice-35,Application-35-Service,73700
28235,Application-34,M_Req,missing_destination,59,Application-34-Service,EndDevice-34,Application-34-Service,73700
28248,Application-33,M_Req,missing_destination,58,Application-33-Service,EndDevice-33,Application-33-Service,73700
28264,Application-36,M_Req,missing_destination,61,Application-36-Service,EndDevice-36,Application-36-Service,73800
28270,Application-35,M_Req,missing_destination,60,Application-35-Service,EndDevice-35,Application-35-Service,73800
28281,Application-34,M_Req,missing_destination,59,Application-34-Service,EndDevice-34,Application-34-Service,73800
28312,Application-36,M_Req,missing_destination,61,Application-36-Service,EndDevice-36,Application-36-Service,73900
28318,Application-35,M_Req,missing_destination,60,Application-35-Service,EndDevice-35,Application-35-Service,73900
28329,Application-34,M_Req,missing_destination,59,Application-34-Service,EndDevice-34,Application-34-Service,73900
28348,Application-4,M_Req,missing_destination,29,Application-4-Service,EndDevice-4,Application-4-Service,74000
28358,Application-1,M_Req,missing_destination,26,Application-1-Service,EndDevice-1,Application-1-Service,74000
28359,Application-3,M_Req,missing_destination,28,Application-3-Service,EndDevice-3,Application-3-Service,74000
28362,Application-35,M_Req,missing_destination,60,Application-35-Service,EndDevice-35,Application-35-Service,74000
28369,Application-2,M_Req,missing_destination,27,Application-2-Service,EndDevice-2,Application-2-Service,74100
28396,Application-4,M_Req,missing_destination,29,Application-4-Service,EndDevice-4,Application-4-Service,74100
28406,Application-1,M_Req,missing_destination,26,Application-1-Service,EndDevice-1,Application-1-Service,74100
28407,Application-3,M_Req,missing_destination,28,Application-3-Service,EndDevice-3,Application-3-Service,74100
28410,Application-35,M_Req,missing_destination,60,Application-35-Service,EndDevice-35,Application-35-Service,74100
28456,Application-11,M_Req,missing_destination,36,Application-11-Service,EndDevice-11,Application-11-Service,74300
28457,Application-12,M_Req,missing_destination,37,Application-12-Service,EndDevice-12,Application-12-Service,74300
28469,Application-9,M_Req,missing_destination,34,Application-9-Service,EndDevice-9,Application-9-Service,74300
28473,Application-10,M_Req,missing_destination,35,Application-10-Service,EndDevice-10,Application-10-Service,74300
28502,Application-11,M_Req,missing_destination,36,Application-11-Service,EndDevice-11,Application-11-Service,74400
28503,Application-12,M_Req,missing_destination,37,Application-12-Service,EndDevice-12,Application-12-Service,74400
28511,Application-9,M_Req,missing_destination,34,Application-9-Service,EndDevice-9,Application-9-Service,74400
28515,Application-10,M_Req,missing_destination,35,Application-10-Service,EndDevice-10,Application-10-Service,74400
28550,Application-11,M_Req,missing_destination,36,Application-11-Service,EndDevice-11,Application-11-Service,74500
28551,Application-12,M_Req,missing_destination,37,Application-12-Service,EndDevice-12,Application-12-Service,74500
28559,Application-9,M_Req,missing_destination,34,Application-9-Service,EndDevice-9,Application-9-Service,74500
28563,Application-10,M_Req,missing_destination,35,Application-10-Service,EndDevice-10,Application-10-Service,74500
28579,Application-48,M_Req,missing_destination,73,Application-48-Service,EndDevice-48,Application-48-Service,74600
28580,Application-35,M_Req,missing_destination,60,Application-35-Service,EndDevice-35,Application-35-Service,74600
28581,Application-46,M_Req,missing_destination,71,Application-46-Service,EndDevice-46,Application-46-Service,74600
28592,Application-11,M_Req,missing_destination,36,Application-11-Service,EndDevice-11,Application-11-Service,74600
28593,Application-12,M_Req,missing_destination,37,Application-12-Service,EndDevice-12,Application-12-Service,74600
28596,Application-45,M_Req,missing_destination,70,Application-45-Service,EndDevice-45,Application-45-Service,74700
28627,Application-48,M_Req,missing_destination,73,Application-48-Service,EndDevice-48,Application-48-Service,74700
28628,Application-35,M_Req,missing_destination,60,Application-35-Service,EndDevice-35,Application-35-Service,74700
28629,Application-46,M_Req,missing_destination,71,Application-46-Service,EndDevice-46,Application-46-Service,74700
28640,Application-11,M_Req,missing_destination,36,Application-11-Service,EndDevice-11,Application-11-Service,74700
28641,Application-12,M_Req,missing_destination,37,Application-12-Service,EndDevice-12,Application-12-Service,74700
28688,Application-32,M_Req,missing_destination,57,Application-32-Service,EndDevice-32,Application-32-Service,74900
28696,Application-29,M_Req,missing_destination,54,Application-29-Service,EndDevice-29,Application-29-Service,74900
28701,Application-30,M_Req,missing_destination,55,Application-30-Service,EndDevice-30,Application-30-Service,74900
28707,Application-9,M_Req,missing_destination,34,Application-9-Service,EndDevice-9,Application-9-Service,74900
28713,Application-31,M_Req,missing_destination,56,Application-31-Service,EndDevice-31,Application-31-Service,74900
28733,Application-32,M_Req,missing_destination,57,Application-32-Service,EndDevice-32,Application-32-Service,75000
28801,Application-43,M_Req,missing_destination,68,Application-43-Service,EndDevice-43,Application-43-Service,75200
28803,Application-42,M_Req,missing_destination,67,Application-42-Service,EndDevice-42,Application-42-Service,75200
28835,Application-44,M_Req,missing_destination,69,Application-44-Service,EndDevice-44,Application-44-Service,75300
28849,Application-43,M_Req,missing_destination,68,Application-43-Service,EndDevice-43,Application-43-Service,75300
28851,Application-42,M_Req,missing_destination,67,Application-42-Service,EndDevice-42,Application-42-Service,75300
28881,Application-44,M_Req,missing_destination,69,Application-44-Service,EndDevice-44,Application-44-Service,75400
28892,Application-42,M_Req,missing_destination,67,Application-42-Service,EndDevice-42,Application-42-Service,75400
28905,Application-15,M_Req,missing_destination,40,Application-15-Service,EndDevice-15,Application-15-Service,75500
28912,Application-13,M_Req,missing_destination,38,Application-13-Service,EndDevice-13,Application-13-Service,75500
28916,Application-43,M_Req,missing_destination,68,Application-43-Service,EndDevice-43,Application-43-Service,75500
28925,Application-14,M_Req,missing_destination,39,Application-14-Service,EndDevice-14,Application-14-Service,75500
28929,Application-44,M_Req,missing_destination,69,Application-44-Service,EndDevice-44,Application-44-Service,75500
28937,Application-16,M_Req,missing_destination,41,Application-16-Service,EndDevice-16,Application-16-Service,75500
28940,Application-42,M_Req,missing_destination,67,Application-42-Service,EndDevice-42,Application-42-Service,75500
28950,Application-15,M_Req,missing_destination,40,Application-15-Service,EndDevice-15,Application-15-Service,75600
28957,Application-13,M_Req,missing_destination,38,Application-13-Service,EndDevice-13,Application-13-Service,75600
28961,Application-43,M_Req,missing_destination,68,Application-43-Service,EndDevice-43,Application-43-Service,75600
28971,Application-44,M_Req,missing_destination,69,Application-44-Service,EndDevice-44,Application-44-Service,75600
29019,Application-44,M_Req,missing_destination,69,Application-44-Service,EndDevice-44,Application-44-Service,75700
29029,Application-5,M_Req,missing_destination,30,Application-5-Service,EndDevice-5,Application-5-Service,75800
29055,Application-6,M_Req,missing_destination,31,Application-6-Service,EndDevice-6,Application-6-Service,75900
29060,Application-7,M_Req,missing_destination,32,Application-7-Service,EndDevice-7,Application-7-Service,75900
29077,Application-5,M_Req,missing_destination,30,Application-5-Service,EndDevice-5,Application-5-Service,75900
29139,Application-22,M_Req,missing_destination,47,Application-22-Service,EndDevice-22,Application-22-Service,76100
29146,Application-24,M_Req,missing_destination,49,Application-24-Service,EndDevice-24,Application-24-Service,76100
29157,Application-21,M_Req,missing_destination,46,Application-21-Service,EndDevice-21,Application-21-Service,76100
29176,Application-23,M_Req,missing_destination,48,Application-23-Service,EndDevice-23,Application-23-Service,76100
29186,Application-22,M_Req,missing_destination,47,Application-22-Service,EndDevice-22,Application-22-Service,76200
29200,Application-21,M_Req,missing_destination,46,Application-21-Service,EndDevice-21,Application-21-Service,76200
29260,Application-16,M_Req,missing_destination,41,Application-16-Service,EndDevice-16,Application-16-Service,76400
29269,Application-14,M_Req,missing_destination,39,Application-14-Service,EndDevice-14,Application-14-Service,76400
29273,Application-13,M_Req,missing_destination,38,Application-13-Service,EndDevice-13,Application-13-Service,76400
29280,Application-15,M_Req,missing_destination,40,Application-15-Service,EndDevice-15,Application-15-Service,76400
29308,Application-16,M_Req,missing_destination,41,Application-16-Service,EndDevice-16,Application-16-Service,76500
29317,Application-14,M_Req,missing_destination,39,Application-14-Service,EndDevice-14,Application-14-Service,76500
29321,Application-13,M_Req,missing_destination,38,Application-13-Service,EndDevice-13,Application-13-Service,76500
29328,Application-15,M_Req,missing_destination,40,Application-15-Service,EndDevice-15,Application-15-Service,76500
29373,Application-48,M_Req,missing_destination,73,Application-48-Service,EndDevice-48,Application-48-Service,76700
29377,Application-45,M_Req,missing_destination,70,Application-45-Service,EndDevice-45,Application-45-Service,76700
29380,Application-47,M_Req,missing_destination,72,Application-47-Service,EndDevice-47,Application-47-Service,76700
29398,Application-46,M_Req,missing_destination,71,Application-46-Service,EndDevice-46,Application-46-Service,76700
29419,Application-48,M_Req,missing_destination,73,Application-48-Service,EndDevice-48,Application-48-Service,76800
29507,Application-3,M_Req,missing_destination,28,Application-3-Service,EndDevice-3,Application-3-Service,77000
29508,Application-4,M_Req,missing_destination,29,Application-4-Service,EndDevice-4,Application-4-Service,77000
29512,Application-2,M_Req,missing_destination,27,Application-2-Service,EndDevice-2,Application-2-Service,77100
29519,Application-1,M_Req,missing_destination,26,Application-1-Service,EndDevice-1,Application-1-Service,77100
29555,Application-3,M_Req,missing_destination,28,Application-3-Service,EndDevice-3,Application-3-Service,77100
29556,Application-4,M_Req,missing_destination,29,Application-4-Service,EndDevice-4,Application-4-Service,77100
29565,Application-1,M_Req,missing_destination,26,Application-1-Service,EndDevice-1,Application-1-Service,77200
29588,Application-39,M_Req,missing_destination,64,Application-39-Service,EndDevice-39,Application-39-Service,77300
29611,Application-41,M_Req,missing_destination,66,Application-41-Service,EndDevice-41,Application-41-Service,77300
29612,Application-37,M_Req,missing_destination,62,Application-37-Service,EndDevice-37,Application-37-Service,77300
29613,Application-1,M_Req,missing_destination,26,Application-1-Service,EndDevice-1,Application-1-Service,77300
29616,Application-40,M_Req,missing_destination,65,Application-40-Service,EndDevice-40,Application-40-Service,77300
29617,Application-38,M_Req,missing_destination,63,Application-38-Service,EndDevice-38,Application-38-Service,77300
29636,Application-39,M_Req,missing_destination,64,Application-39-Service,EndDevice-39,Application-39-Service,77400
29654,Application-41,M_Req,missing_destination,66,Application-41-Service,EndDevice-41,Application-41-Service,77400
29655,Application-37,M_Req,missing_destination,62,Application-37-Service,EndDevice-37,Application-37-Service,77400
29656,Application-1,M_Req,missing_destination,26,Application-1-Service,EndDevice-1,Application-1-Service,77400
29659,Application-40,M_Req,missing_destination,65,Application-40-Service,EndDevice-40,Application-40-Service,77400
29704,Application-1,M_Req,missing_destination,26,Application-1-Service,EndDevice-1,Application-1-Service,77500
29716,Application-17,M_Req,missing_destination,42,Application-17-Service,EndDevice-17,Application-17-Service,77600
29721,Application-4,M_Req,missing_destination,29,Application-4-Service,EndDevice-4,Application-4-Service,77600
29750,Application-20,M_Req,missing_destination,45,Application-20-Service,EndDevice-20,Application-20-Service,77700
29764,Application-17,M_Req,missing_destination,42,Application-17-Service,EndDevice-17,Application-17-Service,77700
29769,Application-4,M_Req,missing_destination,29,Application-4-Service,EndDevice-4,Application-4-Service,77700
29809,Application-17,M_Req,missing_destination,42,Application-17-Service,EndDevice-17,Application-17-Service,77800
29814,Application-4,M_Req,missing_destination,29,Application-4-Service,EndDevice-4,Application-4-Service,77800
29827,Application-23,M_Req,missing_destination,48,Application-23-Service,EndDevice-23,Application-23-Service,77900
29829,Application-24,M_Req,missing_destination,49,Application-24-Service,EndDevice-24,Application-24-Service,77900
29833,Application-21,M_Req,missing_destination,46,Application-21-Service,EndDevice-21,Application-21-Service,77900
29854,Application-2,M_Req,missing_destination,27,Application-2-Service,EndDevice-2,Application-2-Service,77900
29857,Application-17,M_Req,missing_destination,42,Application-17-Service,EndDevice-17,Application-17-Service,77900
29862,Application-4,M_Req,missing_destination,29,Application-4-Service,EndDevice-4,Application-4-Service,77900
29866,Application-22,M_Req,missing_destination,47,Application-22-Service,EndDevice-22,Application-22-Service,77900
29874,Application-23,M_Req,missing_destination,48,Application-23-Service,EndDevice-23,Application-23-Service,78000
29879,Application-21,M_Req,missing_destination,46,Application-21-Service,EndDevice-21,Application-21-Service,78000
29895,Application-2,M_Req,missing_destination,27,Application-2-Service,EndDevice-2,Application-2-Service,78000
29950,Application-4,M_Req,missing_destination,29,Application-4-Service,EndDevice-4,Application-4-Service,78200
29955,Application-3,M_Req,missing_destination,28,Application-3-Service,EndDevice-3,Application-3-Service,78200
29975,Application-1,M_Req,missing_destination,26,Application-1-Service,EndDevice-1,Application-1-Service,78300
29982,Application-2,M_Req,missing_destination,27,Application-2-Service,EndDevice-2,Application-2-Service,78300
29998,Application-4,M_Req,missing_destination,29,Application-4-Service,EndDevice-4,Application-4-Service,78300
30003,Application-3,M_Req,missing_destination,28,Application-3-Service,EndDevice-3,Application-3-Service,78300
30023,Application-1,M_Req,missing_destination,26,Application-1-Service,EndDevice-1,Application-1-Service,78400
30027,Application-2,M_Req,missing_destination,27,Application-2-Service,EndDevice-2,Application-2-Service,78400
30040,Application-4,M_Req,missing_destination,29,Application-4-Service,EndDevice-4,Application-4-Service,78400
30052,Application-43,M_Req,missing_destination,68,Application-43-Service,EndDevice-43,Application-43-Service,78500
30058,Application-44,M_Req,missing_destination,69,Application-44-Service,EndDevice-44,Application-44-Service,78500
30070,Application-41,M_Req,missing_destination,66,Application-41-Service,EndDevice-41,Application-41-Service,78500
30071,Application-1,M_Req,missing_destination,26,Application-1-Service,EndDevice-1,Application-1-Service,78500
30075,Application-2,M_Req,missing_destination,27,Application-2-Service,EndDevice-2,Application-2-Service,78500
30081,Application-19,M_Req,missing_destination,44,Application-19-Service,EndDevice-19,Application-19-Service,78500
30088,Application-4,M_Req,missing_destination,29,Application-4-Service,EndDevice-4,Application-4-Service,78500
30091,Application-42,M_Req,missing_destination,67,Application-42-Service,EndDevice-42,Application-42-Service,78500
30099,Application-43,M_Req,missing_destination,68,Application-43-Service,EndDevice-43,Application-43-Service,78600
30105,Application-44,M_Req,missing_destination,69,Application-44-Service,EndDevice-44,Application-44-Service,78600
30114,Application-41,M_Req,missing_destination,66,Application-41-Service,EndDevice-41,Application-41-Service,78600
30115,Application-1,M_Req,missing_destination,26,Application-1-Service,EndDevice-1,Application-1-Service,78600
30119,Application-2,M_Req,missing_destination,27,Application-2-Service,EndDevice-2,Application-2-Service,78600
30125,Application-19,M_Req,missing_destination,44,Application-19-Service,EndDevice-19,Application-19-Service,78600
30163,Application-1,M_Req,missing_destination,26,Application-1-Service,EndDevice-1,Application-1-Service,78700
30167,Application-2,M_Req,missing_destination,27,Application-2-Service,EndDevice-2,Application-2-Service,78700
30191,Application-43,M_Req,missing_destination,68,Application-43-Service,EndDevice-43,Application-43-Service,78800
30196,Application-44,M_Req,missing_destination,69,Application-44-Service,EndDevice-44,Application-44-Service,78800
30203,Application-41,M_Req,missing_destination,66,Application-41-Service,EndDevice-41,Application-41-Service,78900
30239,Application-43,M_Req,missing_destination,68,Application-43-Service,EndDevice-43,Application-43-Service,78900
30244,Application-44,M_Req,missing_destination,69,Application-44-Service,EndDevice-44,Application-44-Service,78900
30282,Application-43,M_Req,missing_destination,68,Application-43-Service,EndDevice-43,Application-43-Service,79100
30283,Application-26,M_Req,missing_destination,51,Application-26-Service,EndDevice-26,Application-26-Service,79100
30319,Application-28,M_Req,missing_destination,53,Application-28-Service,EndDevice-28,Application-28-Service,79100
30322,Application-25,M_Req,missing_destination,50,Application-25-Service,EndDevice-25,Application-25-Service,79100
30327,Application-27,M_Req,missing_destination,52,Application-27-Service,EndDevice-27,Application-27-Service,79100
30330,Application-43,M_Req,missing_destination,68,Application-43-Service,EndDevice-43,Application-43-Service,79200
30331,Application-26,M_Req,missing_destination,51,Application-26-Service,EndDevice-26,Application-26-Service,79200
30436,Application-13,M_Req,missing_destination,38,Application-13-Service,EndDevice-13,Application-13-Service,79500
30441,Application-15,M_Req,missing_destination,40,Application-15-Service,EndDevice-15,Application-15-Service,79500
30443,Application-16,M_Req,missing_destination,41,Application-16-Service,EndDevice-16,Application-16-Service,79500
30517,Application-23,M_Req,missing_destination,48,Application-23-Service,EndDevice-23,Application-23-Service,79700
30523,Application-21,M_Req,missing_destination,46,Application-21-Service,EndDevice-21,Application-21-Service,79700
30533,Application-24,M_Req,missing_destination,49,Application-24-Service,EndDevice-24,Application-24-Service,79700
30542,Application-22,M_Req,missing_destination,47,Application-22-Service,EndDevice-22,Application-22-Service,79700
30563,Application-23,M_Req,missing_destination,48,Application-23-Service,EndDevice-23,Application-23-Service,79800
30568,Application-21,M_Req,missing_destination,46,Application-21-Service,EndDevice-21,Application-21-Service,79800
30577,Application-24,M_Req,missing_destination,49,Application-24-Service,EndDevice-24,Application-24-Service,79800
30584,Application-22,M_Req,missing_destination,47,Application-22-Service,EndDevice-22,Application-22-Service,79800
30611,Application-23,M_Req,missing_destination,48,Application-23-Service,EndDevice-23,Application-23-Service,79900
30616,Application-21,M_Req,missing_destination,46,Application-21-Service,EndDevice-21,Application-21-Service,79900
30625,Application-24,M_Req,missing_destination,49,Application-24-Service,EndDevice-24,Application-24-Service,79900
30632,Application-22,M_Req,missing_destination,47,Application-22-Service,EndDevice-22,Application-22-Service,79900
30637,Application-30,M_Req,missing_destination,55,Application-30-Service,EndDevice-30,Application-30-Service,80000
30647,Application-29,M_Req,missing_destination,54,Application-29-Service,EndDevice-29,Application-29-Service,80000
30651,Application-3,M_Req,missing_destination,28,Application-3-Service,EndDevice-3,Application-3-Service,80000
30655,Application-23,M_Req,missing_destination,48,Application-23-Service,EndDevice-23,Application-23-Service,80000
30666,Application-31,M_Req,missing_destination,56,Application-31-Service,EndDevice-31,Application-31-Service,80100
30685,Application-30,M_Req,missing_destination,55,Application-30-Service,EndDevice-30,Application-30-Service,80100
30695,Application-29,M_Req,missing_destination,54,Application-29-Service,EndDevice-29,Application-29-Service,80100
30699,Application-3,M_Req,missing_destination,28,Application-3-Service,EndDevice-3,Application-3-Service,80100
30703,Application-23,M_Req,missing_destination,48,Application-23-Service,EndDevice-23,Application-23-Service,80100
30714,Application-31,M_Req,missing_destination,56,Application-31-Service,EndDevice-31,Application-31-Service,80200
30728,Application-30,M_Req,missing_destination,55,Application-30-Service,EndDevice-30,Application-30-Service,80200
30736,Application-29,M_Req,missing_destination,54,Application-29-Service,EndDevice-29,Application-29-Service,80200
30739,Application-3,M_Req,missing_destination,28,Application-3-Service,EndDevice-3,Application-3-Service,80200
30744,Application-12,M_Req,missing_destination,37,Application-12-Service,EndDevice-12,Application-12-Service,80300
30748,Application-9,M_Req,missing_destination,34,Application-9-Service,EndDevice-9,Application-9-Service,80300
30762,Application-31,M_Req,missing_destination,56,Application-31-Service,EndDevice-31,Application-31-Service,80300
30763,Application-24,M_Req,missing_destination,49,Application-24-Service,EndDevice-24,Application-24-Service,80300
30776,Application-30,M_Req,missing_destination,55,Application-30-Service,EndDevice-30,Application-30-Service,80300
30779,Application-10,M_Req,missing_destination,35,Application-10-Service,EndDevice-10,Application-10-Service,80300
30782,Application-11,M_Req,missing_destination,36,Application-11-Service,EndDevice-11,Application-11-Service,80300
30784,Application-29,M_Req,missing_destination,54,Application-29-Service,EndDevice-29,Application-29-Service,80300
30787,Application-3,M_Req,missing_destination,28,Application-3-Service,EndDevice-3,Application-3-Service,80300
30792,Application-12,M_Req,missing_destination,37,Application-12-Service,EndDevice-12,Application-12-Service,80400
30794,Application-9,M_Req,missing_destination,34,Application-9-Service,EndDevice-9,Application-9-Service,80400
30805,Application-24,M_Req,missing_destination,49,Application-24-Service,EndDevice-24,Application-24-Service,80400
30840,Application-12,M_Req,missing_destination,37,Application-12-Service,EndDevice-12,Application-12-Service,80500
30842,Application-9,M_Req,missing_destination,34,Application-9-Service,EndDevice-9,Application-9-Service,80500
30853,Application-24,M_Req,missing_destination,49,Application-24-Service,EndDevice-24,Application-24-Service,80500
30868,Application-18,M_Req,missing_destination,43,Application-18-Service,EndDevice-18,Application-18-Service,80600
30880,Application-20,M_Req,missing_destination,45,Application-20-Service,EndDevice-20,Application-20-Service,80600
30882,Application-17,M_Req,missing_destination,42,Application-17-Service,EndDevice-17,Application-17-Service,80600
30886,Application-12,M_Req,missing_destination,37,Application-12-Service,EndDevice-12,Application-12-Service,80600
30916,Application-18,M_Req,missing_destination,43,Application-18-Service,EndDevice-18,Application-18-Service,80700
30928,Application-20,M_Req,missing_destination,45,Application-20-Service,EndDevice-20,Application-20-Service,80700
30930,Application-17,M_Req,missing_destination,42,Application-17-Service,EndDevice-17,Application-17-Service,80700
30934,Application-12,M_Req,missing_destination,37,Application-12-Service,EndDevice-12,Application-12-Service,80700
30960,Application-18,M_Req,missing_destination,43,Application-18-Service,EndDevice-18,Application-18-Service,80800
30981,Application-30,M_Req,missing_destination,55,Application-30-Service,EndDevice-30,Application-30-Service,80900
30996,Application-32,M_Req,missing_destination,57,Application-32-Service,EndDevice-32,Application-32-Service,80900
31000,Application-29,M_Req,missing_destination,54,Application-29-Service,EndDevice-29,Application-29-Service,80900
31006,Application-9,M_Req,missing_destination,34,Application-9-Service,EndDevice-9,Application-9-Service,80900
31008,Application-18,M_Req,missing_destination,43,Application-18-Service,EndDevice-18,Application-18-Service,80900
31028,Application-30,M_Req,missing_destination,55,Application-30-Service,EndDevice-30,Application-30-Service,81000
31042,Application-29,M_Req,missing_destination,54,Application-29-Service,EndDevice-29,Application-29-Service,81000
31048,Application-9,M_Req,missing_destination,34,Application-9-Service,EndDevice-9,Application-9-Service,81000
31098,Application-39,M_Req,missing_destination,64,Application-39-Service,EndDevice-39,Application-39-Service,81200
31099,Application-40,M_Req,missing_destination,65,Application-40-Service,EndDevice-40,Application-40-Service,81200
31105,Application-38,M_Req,missing_destination,63,Application-38-Service,EndDevice-38,Application-38-Service,81200
31136,Application-37,M_Req,missing_destination,62,Application-37-Service,EndDevice-37,Application-37-Service,81300
31146,Application-39,M_Req,missing_destination,64,Application-39-Service,EndDevice-39,Application-39-Service,81300
31147,Application-40,M_Req,missing_destination,65,Application-40-Service,EndDevice-40,Application-40-Service,81300
31153,Application-38,M_Req,missing_destination,63,Application-38-Service,EndDevice-38,Application-38-Service,81300
31183,Application-37,M_Req,missing_destination,62,Application-37-Service,EndDevice-37,Application-37-Service,81400
31191,Application-39,M_Req,missing_destination,64,Application-39-Service,EndDevice-39,Application-39-Service,81400
31192,Application-40,M_Req,missing_destination,65,Application-40-Service,EndDevice-40,Application-40-Service,81400
31196,Application-38,M_Req,missing_destination,63,Application-38-Service,EndDevice-38,Application-38-Service,81400
31218,Application-1,M_Req,missing_destination,26,Application-1-Service,EndDevice-1,Application-1-Service,81500
31224,Application-4,M_Req,missing_destination,29,Application-4-Service,EndDevice-4,Application-4-Service,81500
31231,Application-37,M_Req,missing_destination,62,Application-37-Service,EndDevice-37,Application-37-Service,81500
31236,Application-2,M_Req,missing_destination,27,Application-2-Service,EndDevice-2,Application-2-Service,81500
31239,Application-39,M_Req,missing_destination,64,Application-39-Service,EndDevice-39,Application-39-Service,81500
31240,Application-40,M_Req,missing_destination,65,Application-40-Service,EndDevice-40,Application-40-Service,81500
31242,Application-3,M_Req,missing_destination,28,Application-3-Service,EndDevice-3,Application-3-Service,81500
31244,Application-38,M_Req,missing_destination,63,Application-38-Service,EndDevice-38,Application-38-Service,81500
31262,Application-1,M_Req,missing_destination,26,Application-1-Service,EndDevice-1,Application-1-Service,81600
31266,Application-4,M_Req,missing_destination,29,Application-4-Service,EndDevice-4,Application-4-Service,81600
31310,Application-1,M_Req,missing_destination,26,Application-1-Service,EndDevice-1,Application-1-Service,81700
31314,Application-4,M_Req,missing_destination,29,Application-4-Service,EndDevice-4,Application-4-Service,81700
31334,Application-39,M_Req,missing_destination,64,Application-39-Service,EndDevice-39,Application-39-Service,81800
31336,Application-12,M_Req,missing_destination,37,Application-12-Service,EndDevice-12,Application-12-Service,81800
31346,Application-10,M_Req,missing_destination,35,Application-10-Service,EndDevice-10,Application-10-Service,81800
31351,Application-1,M_Req,missing_destination,26,Application-1-Service,EndDevice-1,Application-1-Service,81800
31361,Application-9,M_Req,missing_destination,34,Application-9-Service,EndDevice-9,Application-9-Service,81900
31362,Application-11,M_Req,missing_destination,36,Application-11-Service,EndDevice-11,Application-11-Service,81900
31382,Application-39,M_Req,missing_destination,64,Application-39-Service,EndDevice-39,Application-39-Service,81900
31384,Application-12,M_Req,missing_destination,37,Application-12-Service,EndDevice-12,Application-12-Service,81900
31394,Application-10,M_Req,missing_destination,35,Application-10-Service,EndDevice-10,Application-10-Service,81900
31399,Application-1,M_Req,missing_destination,26,Application-1-Service,EndDevice-1,Application-1-Service,81900
31405,Application-9,M_Req,missing_destination,34,Application-9-Service,EndDevice-9,Application-9-Service,82000
31424,Application-12,M_Req,missing_destination,37,Application-12-Service,EndDevice-12,Application-12-Service,82000
31432,Application-19,M_Req,missing_destination,44,Application-19-Service,EndDevice-19,Application-19-Service,82100
31438,Application-1,M_Req,missing_destination,26,Application-1-Service,EndDevice-1,Application-1-Service,82100
31444,Application-18,M_Req,missing_destination,43,Application-18-Service,EndDevice-18,Application-18-Service,82100
31453,Application-9,M_Req,missing_destination,34,Application-9-Service,EndDevice-9,Application-9-Service,82100
31460,Application-20,M_Req,missing_destination,45,Application-20-Service,EndDevice-20,Application-20-Service,82100
31472,Application-12,M_Req,missing_destination,37,Application-12-Service,EndDevice-12,Application-12-Service,82100
31475,Application-17,M_Req,missing_destination,42,Application-17-Service,EndDevice-17,Application-17-Service,82100
31479,Application-19,M_Req,missing_destination,44,Application-19-Service,EndDevice-19,Application-19-Service,82200
31484,Application-1,M_Req,missing_destination,26,Application-1-Service,EndDevice-1,Application-1-Service,82200
31496,Application-9,M_Req,missing_destination,34,Application-9-Service,EndDevice-9,Application-9-Service,82200
31502,Application-20,M_Req,missing_destination,45,Application-20-Service,EndDevice-20,Application-20-Service,82200
31544,Application-9,M_Req,missing_destination,34,Application-9-Service,EndDevice-9,Application-9-Service,82300
31559,Application-12,M_Req,missing_destination,37,Application-12-Service,EndDevice-12,Application-12-Service,82400
31562,Application-4,M_Req,missing_destination,29,Application-4-Service,EndDevice-4,Application-4-Service,82400
31566,Application-3,M_Req,missing_destination,28,Application-3-Service,EndDevice-3,Application-3-Service,82400
31607,Application-12,M_Req,missing_destination,37,Application-12-Service,EndDevice-12,Application-12-Service,82500
31610,Application-4,M_Req,missing_destination,29,Application-4-Service,EndDevice-4,Application-4-Service,82500
31614,Application-3,M_Req,missing_destination,28,Application-3-Service,EndDevice-3,Application-3-Service,82500
31657,Application-30,M_Req,missing_destination,55,Application-30-Service,EndDevice-30,Application-30-Service,82700
31674,Application-29,M_Req,missing_destination,54,Application-29-Service,EndDevice-29,Application-29-Service,82700
31695,Application-32,M_Req,missing_destination,57,Application-32-Service,EndDevice-32,Application-32-Service,82700
31702,Application-18,M_Req,missing_destination,43,Application-18-Service,EndDevice-18,Application-18-Service,82700
31703,Application-31,M_Req,missing_destination,56,Application-31-Service,EndDevice-31,Application-31-Service,82700
31705,Application-30,M_Req,missing_destination,55,Application-30-Service,EndDevice-30,Application-30-Service,82800
31716,Application-29,M_Req,missing_destination,54,Application-29-Service,EndDevice-29,Application-29-Service,82800
31780,Application-16,M_Req,missing_destination,41,Application-16-Service,EndDevice-16,Application-16-Service,83000
31793,Application-14,M_Req,missing_destination,39,Application-14-Service,EndDevice-14,Application-14-Service,83000
31804,Application-15,M_Req,missing_destination,40,Application-15-Service,EndDevice-15,Application-15-Service,83000
31809,Application-13,M_Req,missing_destination,38,Application-13-Service,EndDevice-13,Application-13-Service,83100
31828,Application-16,M_Req,missing_destination,41,Application-16-Service,EndDevice-16,Application-16-Service,83100
31841,Application-14,M_Req,missing_destination,39,Application-14-Service,EndDevice-14,Application-14-Service,83100
31852,Application-15,M_Req,missing_destination,40,Application-15-Service,EndDevice-15,Application-15-Service,83100
31905,Application-13,M_Req,missing_destination,38,Application-13-Service,EndDevice-13,Application-13-Service,83300
31921,Application-16,M_Req,missing_destination,41,Application-16-Service,EndDevice-16,Application-16-Service,83300
31932,Application-14,M_Req,missing_destination,39,Application-14-Service,EndDevice-14,Application-14-Service,83300
31949,Application-13,M_Req,missing_destination,38,Application-13-Service,EndDevice-13,Application-13-Service,83400
31997,Application-13,M_Req,missing_destination,38,Application-13-Service,EndDevice-13,Application-13-Service,83500
32012,Application-16,M_Req,missing_destination,41,Application-16-Service,EndDevice-16,Application-16-Service,83600
32021,Application-48,M_Req,missing_destination,73,Application-48-Service,EndDevice-48,Application-48-Service,83600
32028,Application-45,M_Req,missing_destination,70,Application-45-Service,EndDevice-45,Application-45-Service,83600
32032,Application-15,M_Req,missing_destination,40,Application-15-Service,EndDevice-15,Application-15-Service,83600
32047,Application-47,M_Req,missing_destination,72,Application-47-Service,EndDevice-47,Application-47-Service,83700
32060,Application-16,M_Req,missing_destination,41,Application-16-Service,EndDevice-16,Application-16-Service,83700
32069,Application-48,M_Req,missing_destination,73,Application-48-Service,EndDevice-48,Application-48-Service,83700
32076,Application-45,M_Req,missing_destination,70,Application-45-Service,EndDevice-45,Application-45-Service,83700
32080,Application-15,M_Req,missing_destination,40,Application-15-Service,EndDevice-15,Application-15-Service,83700
32120,Application-23,M_Req,missing_destination,48,Application-23-Service,EndDevice-23,Application-23-Service,83900
32125,Application-21,M_Req,missing_destination,46,Application-21-Service,EndDevice-21,Application-21-Service,83900
32149,Application-22,M_Req,missing_destination,47,Application-22-Service,EndDevice-22,Application-22-Service,83900
32161,Application-24,M_Req,missing_destination,49,Application-24-Service,EndDevice-24,Application-24-Service,83900
32168,Application-23,M_Req,missing_destination,48,Application-23-Service,EndDevice-23,Application-23-Service,84000
32172,Application-21,M_Req,missing_destination,46,Application-21-Service,EndDevice-21,Application-21-Service,84000
32191,Application-22,M_Req,missing_destination,47,Application-22-Service,EndDevice-22,Application-22-Service,84000
32216,Application-23,M_Req,missing_destination,48,Application-23-Service,EndDevice-23,Application-23-Service,84100
32220,Application-21,M_Req,missing_destination,46,Application-21-Service,EndDevice-21,Application-21-Service,84100
32239,Application-22,M_Req,missing_destination,47,Application-22-Service,EndDevice-22,Application-22-Service,84100
32242,Application-4,M_Req,missing_destination,29,Application-4-Service,EndDevice-4,Application-4-Service,84200
32254,Application-2,M_Req,missing_destination,27,Application-2-Service,EndDevice-2,Application-2-Service,84200
32260,Application-23,M_Req,missing_destination,48,Application-23-Service,EndDevice-23,Application-23-Service,84200
32262,Application-21,M_Req,missing_destination,46,Application-21-Service,EndDevice-21,Application-21-Service,84200
32267,Application-1,M_Req,missing_destination,26,Application-1-Service,EndDevice-1,Application-1-Service,84200
32290,Application-4,M_Req,missing_destination,29,Application-4-Service,EndDevice-4,Application-4-Service,84300
32302,Application-2,M_Req,missing_destination,27,Application-2-Service,EndDevice-2,Application-2-Service,84300
32308,Application-23,M_Req,missing_destination,48,Application-23-Service,EndDevice-23,Application-23-Service,84300
32310,Application-21,M_Req,missing_destination,46,Application-21-Service,EndDevice-21,Application-21-Service,84300
32315,Application-1,M_Req,missing_destination,26,Application-1-Service,EndDevice-1,Application-1-Service,84300
32357,Application-20,M_Req,missing_destination,45,Application-20-Service,EndDevice-20,Application-20-Service,84500
32359,Application-17,M_Req,missing_destination,42,Application-17-Service,EndDevice-17,Application-17-Service,84500
32374,Application-19,M_Req,missing_destination,44,Application-19-Service,EndDevice-19,Application-19-Service,84500
32381,Application-18,M_Req,missing_destination,43,Application-18-Service,EndDevice-18,Application-18-Service,84500
32402,Application-20,M_Req,missing_destination,45,Application-20-Service,EndDevice-20,Application-20-Service,84600
32404,Application-17,M_Req,missing_destination,42,Application-17-Service,EndDevice-17,Application-17-Service,84600
32417,Application-19,M_Req,missing_destination,44,Application-19-Service,EndDevice-19,Application-19-Service,84600
32450,Application-20,M_Req,missing_destination,45,Application-20-Service,EndDevice-20,Application-20-Service,84700
32452,Application-17,M_Req,missing_destination,42,Application-17-Service,EndDevice-17,Application-17-Service,84700
32465,Application-19,M_Req,missing_destination,44,Application-19-Service,EndDevice-19,Application-19-Service,84700
32479,Application-25,M_Req,missing_destination,50,Application-25-Service,EndDevice-25,Application-25-Service,84800
32485,Application-28,M_Req,missing_destination,53,Application-28-Service,EndDevice-28,Application-28-Service,84800
32490,Application-20,M_Req,missing_destination,45,Application-20-Service,EndDevice-20,Application-20-Service,84800
32492,Application-17,M_Req,missing_destination,42,Application-17-Service,EndDevice-17,Application-17-Service,84800
32496,Application-26,M_Req,missing_destination,51,Application-26-Service,EndDevice-26,Application-26-Service,84800
32504,Application-19,M_Req,missing_destination,44,Application-19-Service,EndDevice-19,Application-19-Service,84900
32527,Application-25,M_Req,missing_destination,50,Application-25-Service,EndDevice-25,Application-25-Service,84900
32533,Application-28,M_Req,missing_destination,53,Application-28-Service,EndDevice-28,Application-28-Service,84900
32538,Application-20,M_Req,missing_destination,45,Application-20-Service,EndDevice-20,Application-20-Service,84900
32540,Application-17,M_Req,missing_destination,42,Application-17-Service,EndDevice-17,Application-17-Service,84900
32544,Application-26,M_Req,missing_destination,51,Application-26-Service,EndDevice-26,Application-26-Service,84900
32594,Application-27,M_Req,missing_destination,52,Application-27-Service,EndDevice-27,Application-27-Service,85100
32600,Application-19,M_Req,missing_destination,44,Application-19-Service,EndDevice-19,Application-19-Service,85100
32617,Application-25,M_Req,missing_destination,50,Application-25-Service,EndDevice-25,Application-25-Service,85100
32637,Application-27,M_Req,missing_destination,52,Application-27-Service,EndDevice-27,Application-27-Service,85200
32704,Application-41,M_Req,missing_destination,66,Application-41-Service,EndDevice-41,Application-41-Service,85400
32726,Application-43,M_Req,missing_destination,68,Application-43-Service,EndDevice-43,Application-43-Service,85500
32752,Application-41,M_Req,missing_destination,66,Application-41-Service,EndDevice-41,Application-41-Service,85500
32774,Application-43,M_Req,missing_destination,68,Application-43-Service,EndDevice-43,Application-43-Service,85600
32796,Application-41,M_Req,missing_destination,66,Application-41-Service,EndDevice-41,Application-41-Service,85600
32810,Application-46,M_Req,missing_destination,71,Application-46-Service,EndDevice-46,Application-46-Service,85700
32822,Application-43,M_Req,missing_destination,68,Application-43-Service,EndDevice-43,Application-43-Service,85700
32829,Application-45,M_Req,missing_destination,70,Application-45-Service,EndDevice-45,Application-45-Service,85700
32839,Application-48,M_Req,missing_destination,73,Application-48-Service,EndDevice-48,Application-48-Service,85700
32844,Application-41,M_Req,missing_destination,66,Application-41-Service,EndDevice-41,Application-41-Service,85700
32845,Application-47,M_Req,missing_destination,72,Application-47-Service,EndDevice-47,Application-47-Service,85700
32856,Application-46,M_Req,missing_destination,71,Application-46-Service,EndDevice-46,Application-46-Service,85800
32867,Application-43,M_Req,missing_destination,68,Application-43-Service,EndDevice-43,Application-43-Service,85800
32872,Application-45,M_Req,missing_destination,70,Application-45-Service,EndDevice-45,Application-45-Service,85800
32904,Application-46,M_Req,missing_destination,71,Application-46-Service,EndDevice-46,Application-46-Service,85900
32920,Application-45,M_Req,missing_destination,70,Application-45-Service,EndDevice-45,Application-45-Service,85900
32928,Application-4,M_Req,missing_destination,29,Application-4-Service,EndDevice-4,Application-4-Service,86000
32944,Application-1,M_Req,missing_destination,26,Application-1-Service,EndDevice-1,Application-1-Service,86000
32945,Application-17,M_Req,missing_destination,42,Application-17-Service,EndDevice-17,Application-17-Service,86000
32948,Application-46,M_Req,missing_destination,71,Application-46-Service,EndDevice-46,Application-46-Service,86000
32953,Application-3,M_Req,missing_destination,28,Application-3-Service,EndDevice-3,Application-3-Service,86000
32976,Application-4,M_Req,missing_destination,29,Application-4-Service,EndDevice-4,Application-4-Service,86100
32992,Application-1,M_Req,missing_destination,26,Application-1-Service,EndDevice-1,Application-1-Service,86100
32993,Application-17,M_Req,missing_destination,42,Application-17-Service,EndDevice-17,Application-17-Service,86100
32996,Application-46,M_Req,missing_destination,71,Application-46-Service,EndDevice-46,Application-46-Service,86100
33001,Application-3,M_Req,missing_destination,28,Application-3-Service,EndDevice-3,Application-3-Service,86100
33048,Application-1,M_Req,missing_destination,26,Application-1-Service,EndDevice-1,Application-1-Service,86300
33068,Application-4,M_Req,missing_destination,29,Application-4-Service,EndDevice-4,Application-4-Service,86300
33195,Application-2,M_Req,missing_destination,27,Application-2-Service,EndDevice-2,Application-2-Service,86700
33264,Application-37,M_Req,missing_destination,62,Application-37-Service,EndDevice-37,Application-37-Service,86900
33270,Application-38,M_Req,missing_destination,63,Application-38-Service,EndDevice-38,Application-38-Service,86900
33285,Application-40,M_Req,missing_destination,65,Application-40-Service,EndDevice-40,Application-40-Service,86900
33308,Application-39,M_Req,missing_destination,64,Application-39-Service,EndDevice-39,Application-39-Service,86900
33311,Application-37,M_Req,missing_destination,62,Application-37-Service,EndDevice-37,Application-37-Service,87000
33317,Application-38,M_Req,missing_destination,63,Application-38-Service,EndDevice-38,Application-38-Service,87000
33390,Application-21,M_Req,missing_destination,46,Application-21-Service,EndDevice-21,Application-21-Service,87200
33403,Application-3,M_Req,missing_destination,28,Application-3-Service,EndDevice-3,Application-3-Service,87200
33410,Application-24,M_Req,missing_destination,49,Application-24-Service,EndDevice-24,Application-24-Service,87200
33426,Application-22,M_Req,missing_destination,47,Application-22-Service,EndDevice-22,Application-22-Service,87300
33438,Application-21,M_Req,missing_destination,46,Application-21-Service,EndDevice-21,Application-21-Service,87300
33451,Application-3,M_Req,missing_destination,28,Application-3-Service,EndDevice-3,Application-3-Service,87300
33458,Application-24,M_Req,missing_destination,49,Application-24-Service,EndDevice-24,Application-24-Service,87300
33496,Application-5,M_Req,missing_destination,30,Application-5-Service,EndDevice-5,Application-5-Service,87500
33502,Application-47,M_Req,missing_destination,72,Application-47-Service,EndDevice-47,Application-47-Service,87500
33518,Application-6,M_Req,missing_destination,31,Application-6-Service,EndDevice-6,Application-6-Service,87500
33533,Application-8,M_Req,missing_destination,33,Application-8-Service,EndDevice-8,Application-8-Service,87500
33537,Application-45,M_Req,missing_destination,70,Application-45-Service,EndDevice-45,Application-45-Service,87500
33539,Application-7,M_Req,missing_destination,32,Application-7-Service,EndDevice-7,Application-7-Service,87500
33548,Application-47,M_Req,missing_destination,72,Application-47-Service,EndDevice-47,Application-47-Service,87600
33561,Application-6,M_Req,missing_destination,31,Application-6-Service,EndDevice-6,Application-6-Service,87600
33596,Application-47,M_Req,missing_destination,72,Application-47-Service,EndDevice-47,Application-47-Service,87700
33609,Application-6,M_Req,missing_destination,31,Application-6-Service,EndDevice-6,Application-6-Service,87700
33618,Application-44,M_Req,missing_destination,69,Application-44-Service,EndDevice-44,Application-44-Service,87800
33640,Application-41,M_Req,missing_destination,66,Application-41-Service,EndDevice-41,Application-41-Service,87800
33641,Application-47,M_Req,missing_destination,72,Application-47-Service,EndDevice-47,Application-47-Service,87800
33655,Application-43,M_Req,missing_destination,68,Application-43-Service,EndDevice-43,Application-43-Service,87900
33666,Application-44,M_Req,missing_destination,69,Application-44-Service,EndDevice-44,Application-44-Service,87900
33688,Application-41,M_Req,missing_destination,66,Application-41-Service,EndDevice-41,Application-41-Service,87900
33689,Application-47,M_Req,missing_destination,72,Application-47-Service,EndDevice-47,Application-47-Service,87900
33703,Application-43,M_Req,missing_destination,68,Application-43-Service,EndDevice-43,Application-43-Service,88000
33711,Application-44,M_Req,missing_destination,69,Application-44-Service,EndDevice-44,Application-44-Service,88000
33726,Application-3,M_Req,missing_destination,28,Application-3-Service,EndDevice-3,Application-3-Service,88100
33731,Application-1,M_Req,missing_destination,26,Application-1-Service,EndDevice-1,Application-1-Service,88100
33744,Application-2,M_Req,missing_destination,27,Application-2-Service,EndDevice-2,Application-2-Service,88100
33751,Application-43,M_Req,missing_destination,68,Application-43-Service,EndDevice-43,Application-43-Service,88100
33758,Application-4,M_Req,missing_destination,29,Application-4-Service,EndDevice-4,Application-4-Service,88100
33759,Application-44,M_Req,missing_destination,69,Application-44-Service,EndDevice-44,Application-44-Service,88100
33774,Application-3,M_Req,missing_destination,28,Application-3-Service,EndDevice-3,Application-3-Service,88200
33777,Application-1,M_Req,missing_destination,26,Application-1-Service,EndDevice-1,Application-1-Service,88200
33788,Application-2,M_Req,missing_destination,27,Application-2-Service,EndDevice-2,Application-2-Service,88200
33795,Application-43,M_Req,missing_destination,68,Application-43-Service,EndDevice-43,Application-43-Service,88200
33822,Application-3,M_Req,missing_destination,28,Application-3-Service,EndDevice-3,Application-3-Service,88300
33825,Application-1,M_Req,missing_destination,26,Application-1-Service,EndDevice-1,Application-1-Service,88300
33836,Application-2,M_Req,missing_destination,27,Application-2-Service,EndDevice-2,Application-2-Service,88300
33848,Application-39,M_Req,missing_destination,64,Application-39-Service,EndDevice-39,Application-39-Service,88400
33852,Application-40,M_Req,missing_destination,65,Application-40-Service,EndDevice-40,Application-40-Service,88400
33859,Application-38,M_Req,missing_destination,63,Application-38-Service,EndDevice-38,Application-38-Service,88400
33864,Application-37,M_Req,missing_destination,62,Application-37-Service,EndDevice-37,Application-37-Service,88400
33867,Application-3,M_Req,missing_destination,28,Application-3-Service,EndDevice-3,Application-3-Service,88400
33896,Application-39,M_Req,missing_destination,64,Application-39-Service,EndDevice-39,Application-39-Service,88500
33900,Application-40,M_Req,missing_destination,65,Application-40-Service,EndDevice-40,Application-40-Service,88500
33907,Application-38,M_Req,missing_destination,63,Application-38-Service,EndDevice-38,Application-38-Service,88500
33912,Application-37,M_Req,missing_destination,62,Application-37-Service,EndDevice-37,Application-37-Service,88500
33915,Application-3,M_Req,missing_destination,28,Application-3-Service,EndDevice-3,Application-3-Service,88500
33943,Application-39,M_Req,missing_destination,64,Application-39-Service,EndDevice-39,Application-39-Service,88600
33946,Application-40,M_Req,missing_destination,65,Application-40-Service,EndDevice-40,Application-40-Service,88600
33950,Application-38,M_Req,missing_destination,63,Application-38-Service,EndDevice-38,Application-38-Service,88600
33954,Application-37,M_Req,missing_destination,62,Application-37-Service,EndDevice-37,Application-37-Service,88600
33976,Application-27,M_Req,missing_destination,52,Application-27-Service,EndDevice-27,Application-27-Service,88700
33977,Application-28,M_Req,missing_destination,53,Application-28-Service,EndDevice-28,Application-28-Service,88700
33986,Application-25,M_Req,missing_destination,50,Application-25-Service,EndDevice-25,Application-25-Service,88700
33991,Application-39,M_Req,missing_destination,64,Application-39-Service,EndDevice-39,Application-39-Service,88700
33992,Application-26,M_Req,missing_destination,51,Application-26-Service,EndDevice-26,Application-26-Service,88700
33994,Application-40,M_Req,missing_destination,65,Application-40-Service,EndDevice-40,Application-40-Service,88700
33998,Application-38,M_Req,missing_destination,63,Application-38-Service,EndDevice-38,Application-38-Service,88700
34002,Application-37,M_Req,missing_destination,62,Application-37-Service,EndDevice-37,Application-37-Service,88700
34020,Application-27,M_Req,missing_destination,52,Application-27-Service,EndDevice-27,Application-27-Service,88800
34068,Application-27,M_Req,missing_destination,52,Application-27-Service,EndDevice-27,Application-27-Service,88900
34083,Application-9,M_Req,missing_destination,34,Application-9-Service,EndDevice-9,Application-9-Service,89000
34097,Application-10,M_Req,missing_destination,35,Application-10-Service,EndDevice-10,Application-10-Service,89000
34099,Application-11,M_Req,missing_destination,36,Application-11-Service,EndDevice-11,Application-11-Service,89000
34114,Application-12,M_Req,missing_destination,37,Application-12-Service,EndDevice-12,Application-12-Service,89100
34131,Application-9,M_Req,missing_destination,34,Application-9-Service,EndDevice-9,Application-9-Service,89100
34145,Application-10,M_Req,missing_destination,35,Application-10-Service,EndDevice-10,Application-10-Service,89100
34147,Application-11,M_Req,missing_destination,36,Application-11-Service,EndDevice-11,Application-11-Service,89100
34161,Application-12,M_Req,missing_destination,37,Application-12-Service,EndDevice-12,Application-12-Service,89200
34174,Application-9,M_Req,missing_destination,34,Application-9-Service,EndDevice-9,Application-9-Service,89200
34209,Application-12,M_Req,missing_destination,37,Application-12-Service,EndDevice-12,Application-12-Service,89300
34212,Application-33,M_Req,missing_destination,58,Application-33-Service,EndDevice-33,Application-33-Service,89300
34215,Application-34,M_Req,missing_destination,59,Application-34-Service,EndDevice-34,Application-34-Service,89300
34216,Application-36,M_Req,missing_destination,61,Application-36-Service,EndDevice-36,Application-36-Service,89300
34222,Application-9,M_Req,missing_destination,34,Application-9-Service,EndDevice-9,Application-9-Service,89300
34226,Application-28,M_Req,missing_destination,53,Application-28-Service,EndDevice-28,Application-28-Service,89300
34233,Application-35,M_Req,missing_destination,60,Application-35-Service,EndDevice-35,Application-35-Service,89300
34255,Application-33,M_Req,missing_destination,58,Application-33-Service,EndDevice-33,Application-33-Service,89400
34258,Application-34,M_Req,missing_destination,59,Application-34-Service,EndDevice-34,Application-34-Service,89400
34259,Application-36,M_Req,missing_destination,61,Application-36-Service,EndDevice-36,Application-36-Service,89400
34303,Application-33,M_Req,missing_destination,58,Application-33-Service,EndDevice-33,Application-33-Service,89500
34306,Application-34,M_Req,missing_destination,59,Application-34-Service,EndDevice-34,Application-34-Service,89500
34307,Application-36,M_Req,missing_destination,61,Application-36-Service,EndDevice-36,Application-36-Service,89500
34329,Application-11,M_Req,missing_destination,36,Application-11-Service,EndDevice-11,Application-11-Service,89600
34332,Application-21,M_Req,missing_destination,46,Application-21-Service,EndDevice-21,Application-21-Service,89600
34336,Application-22,M_Req,missing_destination,47,Application-22-Service,EndDevice-22,Application-22-Service,89600
34342,Application-23,M_Req,missing_destination,48,Application-23-Service,EndDevice-23,Application-23-Service,89700
34343,Application-24,M_Req,missing_destination,49,Application-24-Service,EndDevice-24,Application-24-Service,89700
34377,Application-11,M_Req,missing_destination,36,Application-11-Service,EndDevice-11,Application-11-Service,89700
34380,Application-21,M_Req,missing_destination,46,Application-21-Service,EndDevice-21,Application-21-Service,89700
34384,Application-22,M_Req,missing_destination,47,Application-22-Service,EndDevice-22,Application-22-Service,89700
34389,Application-24,M_Req,missing_destination,49,Application-24-Service,EndDevice-24,Application-24-Service,89800
34419,Application-18,M_Req,missing_destination,43,Application-18-Service,EndDevice-18,Application-18-Service,89900
34437,Application-24,M_Req,missing_destination,49,Application-24-Service,EndDevice-24,Application-24-Service,89900
34442,Application-17,M_Req,missing_destination,42,Application-17-Service,EndDevice-17,Application-17-Service,89900
34443,Application-20,M_Req,missing_destination,45,Application-20-Service,EndDevice-20,Application-20-Service,89900
34445,Application-19,M_Req,missing_destination,44,Application-19-Service,EndDevice-19,Application-19-Service,89900
34466,Application-18,M_Req,missing_destination,43,Application-18-Service,EndDevice-18,Application-18-Service,90000
34480,Application-24,M_Req,missing_destination,49,Application-24-Service,EndDevice-24,Application-24-Service,90000
34485,Application-20,M_Req,missing_destination,45,Application-20-Service,EndDevice-20,Application-20-Service,90000
34487,Application-19,M_Req,missing_destination,44,Application-19-Service,EndDevice-19,Application-19-Service,90000
34514,Application-18,M_Req,missing_destination,43,Application-18-Service,EndDevice-18,Application-18-Service,90100
34533,Application-20,M_Req,missing_destination,45,Application-20-Service,EndDevice-20,Application-20-Service,90100
34535,Application-19,M_Req,missing_destination,44,Application-19-Service,EndDevice-19,Application-19-Service,90100
34540,Application-13,M_Req,missing_destination,38,Application-13-Service,EndDevice-13,Application-13-Service,90200
34549,Application-16,M_Req,missing_destination,41,Application-16-Service,EndDevice-16,Application-16-Service,90200
34553,Application-15,M_Req,missing_destination,40,Application-15-Service,EndDevice-15,Application-15-Service,90200
34559,Application-18,M_Req,missing_destination,43,Application-18-Service,EndDevice-18,Application-18-Service,90200
34566,Application-23,M_Req,missing_destination,48,Application-23-Service,EndDevice-23,Application-23-Service,90200
34575,Application-14,M_Req,missing_destination,39,Application-14-Service,EndDevice-14,Application-14-Service,90300
34588,Application-13,M_Req,missing_destination,38,Application-13-Service,EndDevice-13,Application-13-Service,90300
34597,Application-16,M_Req,missing_destination,41,Application-16-Service,EndDevice-16,Application-16-Service,90300
34601,Application-15,M_Req,missing_destination,40,Application-15-Service,EndDevice-15,Application-15-Service,90300
34607,Application-18,M_Req,missing_destination,43,Application-18-Service,EndDevice-18,Application-18-Service,90300
34614,Application-23,M_Req,missing_destination,48,Application-23-Service,EndDevice-23,Application-23-Service,90300
34641,Application-16,M_Req,missing_destination,41,Application-16-Service,EndDevice-16,Application-16-Service,90400
34645,Application-15,M_Req,missing_destination,40,Application-15-Service,EndDevice-15,Application-15-Service,90400
34656,Application-11,M_Req,missing_destination,36,Application-11-Service,EndDevice-11,Application-11-Service,90500
34665,Application-9,M_Req,missing_destination,34,Application-9-Service,EndDevice-9,Application-9-Service,90500
34688,Application-12,M_Req,missing_destination,37,Application-12-Service,EndDevice-12,Application-12-Service,90500
34689,Application-16,M_Req,missing_destination,41,Application-16-Service,EndDevice-16,Application-16-Service,90500
34691,Application-10,M_Req,missing_destination,35,Application-10-Service,EndDevice-10,Application-10-Service,90500
34693,Application-15,M_Req,missing_destination,40,Application-15-Service,EndDevice-15,Application-15-Service,90500
34701,Application-11,M_Req,missing_destination,36,Application-11-Service,EndDevice-11,Application-11-Service,90600
34708,Application-9,M_Req,missing_destination,34,Application-9-Service,EndDevice-9,Application-9-Service,90600
34772,Application-35,M_Req,missing_destination,60,Application-35-Service,EndDevice-35,Application-35-Service,90800
34789,Application-34,M_Req,missing_destination,59,Application-34-Service,EndDevice-34,Application-34-Service,90800
34791,Application-36,M_Req,missing_destination,61,Application-36-Service,EndDevice-36,Application-36-Service,90800
34804,Application-33,M_Req,missing_destination,58,Application-33-Service,EndDevice-33,Application-33-Service,90900
34820,Application-35,M_Req,missing_destination,60,Application-35-Service,EndDevice-35,Application-35-Service,90900
34837,Application-34,M_Req,missing_destination,59,Application-34-Service,EndDevice-34,Application-34-Service,90900
34839,Application-36,M_Req,missing_destination,61,Application-36-Service,EndDevice-36,Application-36-Service,90900
34863,Application-35,M_Req,missing_destination,60,Application-35-Service,EndDevice-35,Application-35-Service,91000
34899,Application-20,M_Req,missing_destination,45,Application-20-Service,EndDevice-20,Application-20-Service,91100
34911,Application-35,M_Req,missing_destination,60,Application-35-Service,EndDevice-35,Application-35-Service,91100
34917,Application-17,M_Req,missing_destination,42,Application-17-Service,EndDevice-17,Application-17-Service,91100
34920,Application-19,M_Req,missing_destination,44,Application-19-Service,EndDevice-19,Application-19-Service,91100
34921,Application-10,M_Req,missing_destination,35,Application-10-Service,EndDevice-10,Application-10-Service,91100
34925,Application-18,M_Req,missing_destination,43,Application-18-Service,EndDevice-18,Application-18-Service,91100
34943,Application-20,M_Req,missing_destination,45,Application-20-Service,EndDevice-20,Application-20-Service,91200
34999,Application-1,M_Req,missing_destination,26,Application-1-Service,EndDevice-1,Application-1-Service,91400
35014,Application-2,M_Req,missing_destination,27,Application-2-Service,EndDevice-2,Application-2-Service,91400
35015,Application-19,M_Req,missing_destination,44,Application-19-Service,EndDevice-19,Application-19-Service,91400
35026,Application-4,M_Req,missing_destination,29,Application-4-Service,EndDevice-4,Application-4-Service,91400
35047,Application-1,M_Req,missing_destination,26,Application-1-Service,EndDevice-1,Application-1-Service,91500
35062,Application-2,M_Req,missing_destination,27,Application-2-Service,EndDevice-2,Application-2-Service,91500
35063,Application-19,M_Req,missing_destination,44,Application-19-Service,EndDevice-19,Application-19-Service,91500
35074,Application-4,M_Req,missing_destination,29,Application-4-Service,EndDevice-4,Application-4-Service,91500
35090,Application-1,M_Req,missing_destination,26,Application-1-Service,EndDevice-1,Application-1-Service,91600
35119,Application-28,M_Req,missing_destination,53,Application-28-Service,EndDevice-28,Application-28-Service,91700
35129,Application-25,M_Req,missing_destination,50,Application-25-Service,EndDevice-25,Application-25-Service,91700
35138,Application-1,M_Req,missing_destination,26,Application-1-Service,EndDevice-1,Application-1-Service,91700
35148,Application-26,M_Req,missing_destination,51,Application-26-Service,EndDevice-26,Application-26-Service,91700
35152,Application-27,M_Req,missing_destination,52,Application-27-Service,EndDevice-27,Application-27-Service,91700
35163,Application-28,M_Req,missing_destination,53,Application-28-Service,EndDevice-28,Application-28-Service,91800
35171,Application-25,M_Req,missing_destination,50,Application-25-Service,EndDevice-25,Application-25-Service,91800
35252,Application-28,M_Req,missing_destination,53,Application-28-Service,EndDevice-28,Application-28-Service,92000
35260,Application-25,M_Req,missing_destination,50,Application-25-Service,EndDevice-25,Application-25-Service,92100
35300,Application-28,M_Req,missing_destination,53,Application-28-Service,EndDevice-28,Application-28-Service,92100
35307,Application-25,M_Req,missing_destination,50,Application-25-Service,EndDevice-25,Application-25-Service,92200
35355,Application-25,M_Req,missing_destination,50,Application-25-Service,EndDevice-25,Application-25-Service,92300
35363,Application-40,M_Req,missing_destination,65,Application-40-Service,EndDevice-40,Application-40-Service,92300
35364,Application-38,M_Req,missing_destination,63,Application-38-Service,EndDevice-38,Application-38-Service,92300
35371,Application-26,M_Req,missing_destination,51,Application-26-Service,EndDevice-26,Application-26-Service,92300
35377,Application-39,M_Req,missing_destination,64,Application-39-Service,EndDevice-39,Application-39-Service,92300
35379,Application-37,M_Req,missing_destination,62,Application-37-Service,EndDevice-37,Application-37-Service,92300
35398,Application-25,M_Req,missing_destination,50,Application-25-Service,EndDevice-25,Application-25-Service,92400
35405,Application-40,M_Req,missing_destination,65,Application-40-Service,EndDevice-40,Application-40-Service,92400
35406,Application-38,M_Req,missing_destination,63,Application-38-Service,EndDevice-38,Application-38-Service,92400
35446,Application-25,M_Req,missing_destination,50,Application-25-Service,EndDevice-25,Application-25-Service,92500
35457,Application-1,M_Req,missing_destination,26,Application-1-Service,EndDevice-1,Application-1-Service,92600
35469,Application-2,M_Req,missing_destination,27,Application-2-Service,EndDevice-2,Application-2-Service,92600
35492,Application-4,M_Req,missing_destination,29,Application-4-Service,EndDevice-4,Application-4-Service,92700
35505,Application-1,M_Req,missing_destination,26,Application-1-Service,EndDevice-1,Application-1-Service,92700
35517,Application-2,M_Req,missing_destination,27,Application-2-Service,EndDevice-2,Application-2-Service,92700
35571,Application-7,M_Req,missing_destination,32,Application-7-Service,EndDevice-7,Application-7-Service,92900
35572,Application-8,M_Req,missing_destination,33,Application-8-Service,EndDevice-8,Application-8-Service,92900
35590,Application-5,M_Req,missing_destination,30,Application-5-Service,EndDevice-5,Application-5-Service,92900
35595,Application-6,M_Req,missing_destination,31,Application-6-Service,EndDevice-6,Application-6-Service,92900
35603,Application-27,M_Req,missing_destination,52,Application-27-Service,EndDevice-27,Application-27-Service,92900
35617,Application-7,M_Req,missing_destination,32,Application-7-Service,EndDevice-7,Application-7-Service,93000
35618,Application-8,M_Req,missing_destination,33,Application-8-Service,EndDevice-8,Application-8-Service,93000
35632,Application-5,M_Req,missing_destination,30,Application-5-Service,EndDevice-5,Application-5-Service,93000
35636,Application-6,M_Req,missing_destination,31,Application-6-Service,EndDevice-6,Application-6-Service,93000
35665,Application-7,M_Req,missing_destination,32,Application-7-Service,EndDevice-7,Application-7-Service,93100
35666,Application-8,M_Req,missing_destination,33,Application-8-Service,EndDevice-8,Application-8-Service,93100
35680,Application-5,M_Req,missing_destination,30,Application-5-Service,EndDevice-5,Application-5-Service,93100
35684,Application-6,M_Req,missing_destination,31,Application-6-Service,EndDevice-6,Application-6-Service,93100
35696,Application-12,M_Req,missing_destination,37,Application-12-Service,EndDevice-12,Application-12-Service,93200
35699,Application-10,M_Req,missing_destination,35,Application-10-Service,EndDevice-10,Application-10-Service,93200
35701,Application-11,M_Req,missing_destination,36,Application-11-Service,EndDevice-11,Application-11-Service,93200
35709,Application-7,M_Req,missing_destination,32,Application-7-Service,EndDevice-7,Application-7-Service,93200
35710,Application-8,M_Req,missing_destination,33,Application-8-Service,EndDevice-8,Application-8-Service,93200
35715,Application-9,M_Req,missing_destination,34,Application-9-Service,EndDevice-9,Application-9-Service,93200
35744,Application-12,M_Req,missing_destination,37,Application-12-Service,EndDevice-12,Application-12-Service,93300
35747,Application-10,M_Req,missing_destination,35,Application-10-Service,EndDevice-10,Application-10-Service,93300
35749,Application-11,M_Req,missing_destination,36,Application-11-Service,EndDevice-11,Application-11-Service,93300
35757,Application-7,M_Req,missing_destination,32,Application-7-Service,EndDevice-7,Application-7-Service,93300
35758,Application-8,M_Req,missing_destination,33,Application-8-Service,EndDevice-8,Application-8-Service,93300
35763,Application-9,M_Req,missing_destination,34,Application-9-Service,EndDevice-9,Application-9-Service,93300
35787,Application-12,M_Req,missing_destination,37,Application-12-Service,EndDevice-12,Application-12-Service,93400
35815,Application-4,M_Req,missing_destination,29,Application-4-Service,EndDevice-4,Application-4-Service,93500
35825,Application-1,M_Req,missing_destination,26,Application-1-Service,EndDevice-1,Application-1-Service,93500
35831,Application-2,M_Req,missing_destination,27,Application-2-Service,EndDevice-2,Application-2-Service,93500
35834,Application-3,M_Req,missing_destination,28,Application-3-Service,EndDevice-3,Application-3-Service,93500
35835,Application-12,M_Req,missing_destination,37,Application-12-Service,EndDevice-12,Application-12-Service,93500
35857,Application-4,M_Req,missing_destination,29,Application-4-Service,EndDevice-4,Application-4-Service,93600
35905,Application-4,M_Req,missing_destination,29,Application-4-Service,EndDevice-4,Application-4-Service,93700
35948,Application-5,M_Req,missing_destination,30,Application-5-Service,EndDevice-5,Application-5-Service,93900
35950,Application-6,M_Req,missing_destination,31,Application-6-Service,EndDevice-6,Application-6-Service,93900
36024,Application-8,M_Req,missing_destination,33,Application-8-Service,EndDevice-8,Application-8-Service,94100
36050,Application-48,M_Req,missing_destination,73,Application-48-Service,EndDevice-48,Application-48-Service,94100
36053,Application-45,M_Req,missing_destination,70,Application-45-Service,EndDevice-45,Application-45-Service,94100
36059,Application-47,M_Req,missing_destination,72,Application-47-Service,EndDevice-47,Application-47-Service,94100
36064,Application-46,M_Req,missing_destination,71,Application-46-Service,EndDevice-46,Application-46-Service,94100
36071,Application-8,M_Req,missing_destination,33,Application-8-Service,EndDevice-8,Application-8-Service,94200
36094,Application-48,M_Req,missing_destination,73,Application-48-Service,EndDevice-48,Application-48-Service,94200
36155,Application-31,M_Req,missing_destination,56,Application-31-Service,EndDevice-31,Application-31-Service,94400
36165,Application-29,M_Req,missing_destination,54,Application-29-Service,EndDevice-29,Application-29-Service,94400
36169,Application-30,M_Req,missing_destination,55,Application-30-Service,EndDevice-30,Application-30-Service,94400
36182,Application-32,M_Req,missing_destination,57,Application-32-Service,EndDevice-32,Application-32-Service,94500
36203,Application-31,M_Req,missing_destination,56,Application-31-Service,EndDevice-31,Application-31-Service,94500
36213,Application-29,M_Req,missing_destination,54,Application-29-Service,EndDevice-29,Application-29-Service,94500
36217,Application-30,M_Req,missing_destination,55,Application-30-Service,EndDevice-30,Application-30-Service,94500
36249,Application-41,M_Req,missing_destination,66,Application-41-Service,EndDevice-41,Application-41-Service,94700
36252,Application-44,M_Req,missing_destination,69,Application-44-Service,EndDevice-44,Application-44-Service,94700
36273,Application-42,M_Req,missing_destination,67,Application-42-Service,EndDevice-42,Application-42-Service,94700
36289,Application-43,M_Req,missing_destination,68,Application-43-Service,EndDevice-43,Application-43-Service,94700
36292,Application-46,M_Req,missing_destination,71,Application-46-Service,EndDevice-46,Application-46-Service,94700
36297,Application-41,M_Req,missing_destination,66,Application-41-Service,EndDevice-41,Application-41-Service,94800
36316,Application-42,M_Req,missing_destination,67,Application-42-Service,EndDevice-42,Application-42-Service,94800
36380,Application-14,M_Req,missing_destination,39,Application-14-Service,EndDevice-14,Application-14-Service,95000
36383,Application-13,M_Req,missing_destination,38,Application-13-Service,EndDevice-13,Application-13-Service,95000
36393,Application-30,M_Req,missing_destination,55,Application-30-Service,EndDevice-30,Application-30-Service,95000
36399,Application-15,M_Req,missing_destination,40,Application-15-Service,EndDevice-15,Application-15-Service,95000
36428,Application-14,M_Req,missing_destination,39,Application-14-Service,EndDevice-14,Application-14-Service,95100
36431,Application-13,M_Req,missing_destination,38,Application-13-Service,EndDevice-13,Application-13-Service,95100
36441,Application-30,M_Req,missing_destination,55,Application-30-Service,EndDevice-30,Application-30-Service,95100
36447,Application-15,M_Req,missing_destination,40,Application-15-Service,EndDevice-15,Application-15-Service,95100
36471,Application-13,M_Req,missing_destination,38,Application-13-Service,EndDevice-13,Application-13-Service,95200
36477,Application-11,M_Req,missing_destination,36,Application-11-Service,EndDevice-11,Application-11-Service,95300
36479,Application-10,M_Req,missing_destination,35,Application-10-Service,EndDevice-10,Application-10-Service,95300
36489,Application-12,M_Req,missing_destination,37,Application-12-Service,EndDevice-12,Application-12-Service,95300
36504,Application-9,M_Req,missing_destination,34,Application-9-Service,EndDevice-9,Application-9-Service,95300
36509,Application-2,M_Req,missing_destination,27,Application-2-Service,EndDevice-2,Application-2-Service,95300
36519,Application-13,M_Req,missing_destination,38,Application-13-Service,EndDevice-13,Application-13-Service,95300
36533,Application-12,M_Req,missing_destination,37,Application-12-Service,EndDevice-12,Application-12-Service,95400
36546,Application-9,M_Req,missing_destination,34,Application-9-Service,EndDevice-9,Application-9-Service,95400
36551,Application-2,M_Req,missing_destination,27,Application-2-Service,EndDevice-2,Application-2-Service,95400
36581,Application-12,M_Req,missing_destination,37,Application-12-Service,EndDevice-12,Application-12-Service,95500
36594,Application-9,M_Req,missing_destination,34,Application-9-Service,EndDevice-9,Application-9-Service,95500
36599,Application-2,M_Req,missing_destination,27,Application-2-Service,EndDevice-2,Application-2-Service,95500
36614,Application-32,M_Req,missing_destination,57,Application-32-Service,EndDevice-32,Application-32-Service,95600
36617,Application-10,M_Req,missing_destination,35,Application-10-Service,EndDevice-10,Application-10-Service,95600
36618,Application-30,M_Req,missing_destination,55,Application-30-Service,EndDevice-30,Application-30-Service,95600
36623,Application-31,M_Req,missing_destination,56,Application-31-Service,EndDevice-31,Application-31-Service,95600
36635,Application-29,M_Req,missing_destination,54,Application-29-Service,EndDevice-29,Application-29-Service,95700
36662,Application-32,M_Req,missing_destination,57,Application-32-Service,EndDevice-32,Application-32-Service,95700
36665,Application-10,M_Req,missing_destination,35,Application-10-Service,EndDevice-10,Application-10-Service,95700
36666,Application-30,M_Req,missing_destination,55,Application-30-Service,EndDevice-30,Application-30-Service,95700
36671,Application-31,M_Req,missing_destination,56,Application-31-Service,EndDevice-31,Application-31-Service,95700
36680,Application-29,M_Req,missing_destination,54,Application-29-Service,EndDevice-29,Application-29-Service,95800
36704,Application-32,M_Req,missing_destination,57,Application-32-Service,EndDevice-32,Application-32-Service,95800
36707,Application-10,M_Req,missing_destination,35,Application-10-Service,EndDevice-10,Application-10-Service,95800
36708,Application-36,M_Req,missing_destination,61,Application-36-Service,EndDevice-36,Application-36-Service,95900
36717,Application-33,M_Req,missing_destination,58,Application-33-Service,EndDevice-33,Application-33-Service,95900
36721,Application-34,M_Req,missing_destination,59,Application-34-Service,EndDevice-34,Application-34-Service,95900
36725,Application-35,M_Req,missing_destination,60,Application-35-Service,EndDevice-35,Application-35-Service,95900
36728,Application-29,M_Req,missing_destination,54,Application-29-Service,EndDevice-29,Application-29-Service,95900
36752,Application-32,M_Req,missing_destination,57,Application-32-Service,EndDevice-32,Application-32-Service,95900
36755,Application-10,M_Req,missing_destination,35,Application-10-Service,EndDevice-10,Application-10-Service,95900
36756,Application-36,M_Req,missing_destination,61,Application-36-Service,EndDevice-36,Application-36-Service,96000
36762,Application-33,M_Req,missing_destination,58,Application-33-Service,EndDevice-33,Application-33-Service,96000
36765,Application-34,M_Req,missing_destination,59,Application-34-Service,EndDevice-34,Application-34-Service,96000
36769,Application-35,M_Req,missing_destination,60,Application-35-Service,EndDevice-35,Application-35-Service,96000
36771,Application-29,M_Req,missing_destination,54,Application-29-Service,EndDevice-29,Application-29-Service,96000
36804,Application-36,M_Req,missing_destination,61,Application-36-Service,EndDevice-36,Application-36-Service,96100
36810,Application-33,M_Req,missing_destination,58,Application-33-Service,EndDevice-33,Application-33-Service,96100
36813,Application-34,M_Req,missing_destination,59,Application-34-Service,EndDevice-34,Application-34-Service,96100
36817,Application-35,M_Req,missing_destination,60,Application-35-Service,EndDevice-35,Application-35-Service,96100
36849,Application-36,M_Req,missing_destination,61,Application-36-Service,EndDevice-36,Application-36-Service,96200
36855,Application-33,M_Req,missing_destination,58,Application-33-Service,EndDevice-33,Application-33-Service,96200
36857,Application-34,M_Req,missing_destination,59,Application-34-Service,EndDevice-34,Application-34-Service,96200
36858,Application-15,M_Req,missing_destination,40,Application-15-Service,EndDevice-15,Application-15-Service,96200
36864,Application-14,M_Req,missing_destination,39,Application-14-Service,EndDevice-14,Application-14-Service,96300
36897,Application-36,M_Req,missing_destination,61,Application-36-Service,EndDevice-36,Application-36-Service,96300
36903,Application-33,M_Req,missing_destination,58,Application-33-Service,EndDevice-33,Application-33-Service,96300
36905,Application-34,M_Req,missing_destination,59,Application-34-Service,EndDevice-34,Application-34-Service,96300
36906,Application-15,M_Req,missing_destination,40,Application-15-Service,EndDevice-15,Application-15-Service,96300
36944,Application-34,M_Req,missing_destination,59,Application-34-Service,EndDevice-34,Application-34-Service,96500
36952,Application-2,M_Req,missing_destination,27,Application-2-Service,EndDevice-2,Application-2-Service,96500
36958,Application-4,M_Req,missing_destination,29,Application-4-Service,EndDevice-4,Application-4-Service,96500
36978,Application-1,M_Req,missing_destination,26,Application-1-Service,EndDevice-1,Application-1-Service,96500
36983,Application-3,M_Req,missing_destination,28,Application-3-Service,EndDevice-3,Application-3-Service,96500
36990,Application-34,M_Req,missing_destination,59,Application-34-Service,EndDevice-34,Application-34-Service,96600
36999,Application-4,M_Req,missing_destination,29,Application-4-Service,EndDevice-4,Application-4-Service,96600
37069,Application-3,M_Req,missing_destination,28,Application-3-Service,EndDevice-3,Application-3-Service,96800
37072,Application-27,M_Req,missing_destination,52,Application-27-Service,EndDevice-27,Application-27-Service,96800
37076,Application-28,M_Req,missing_destination,53,Application-28-Service,EndDevice-28,Application-28-Service,96800
37077,Application-26,M_Req,missing_destination,51,Application-26-Service,EndDevice-26,Application-26-Service,96800
37079,Application-25,M_Req,missing_destination,50,Application-25-Service,EndDevice-25,Application-25-Service,96800
37117,Application-3,M_Req,missing_destination,28,Application-3-Service,EndDevice-3,Application-3-Service,96900
37120,Application-27,M_Req,missing_destination,52,Application-27-Service,EndDevice-27,Application-27-Service,96900
37124,Application-28,M_Req,missing_destination,53,Application-28-Service,EndDevice-28,Application-28-Service,96900
37125,Application-26,M_Req,missing_destination,51,Application-26-Service,EndDevice-26,Application-26-Service,96900
37127,Application-25,M_Req,missing_destination,50,Application-25-Service,EndDevice-25,Application-25-Service,96900
37168,Application-25,M_Req,missing_destination,50,Application-25-Service,EndDevice-25,Application-25-Service,97100
37169,Application-8,M_Req,missing_destination,33,Application-8-Service,EndDevice-8,Application-8-Service,97100
37196,Application-5,M_Req,missing_destination,30,Application-5-Service,EndDevice-5,Application-5-Service,97100
37200,Application-7,M_Req,missing_destination,32,Application-7-Service,EndDevice-7,Application-7-Service,97100
37211,Application-6,M_Req,missing_destination,31,Application-6-Service,EndDevice-6,Application-6-Service,97100
37216,Application-25,M_Req,missing_destination,50,Application-25-Service,EndDevice-25,Application-25-Service,97200
37217,Application-8,M_Req,missing_destination,33,Application-8-Service,EndDevice-8,Application-8-Service,97200
37240,Application-5,M_Req,missing_destination,30,Application-5-Service,EndDevice-5,Application-5-Service,97200
37264,Application-25,M_Req,missing_destination,50,Application-25-Service,EndDevice-25,Application-25-Service,97300
37265,Application-8,M_Req,missing_destination,33,Application-8-Service,EndDevice-8,Application-8-Service,97300
37288,Application-5,M_Req,missing_destination,30,Application-5-Service,EndDevice-5,Application-5-Service,97300
37291,Application-20,M_Req,missing_destination,45,Application-20-Service,EndDevice-20,Application-20-Service,97400
37294,Application-18,M_Req,missing_destination,43,Application-18-Service,EndDevice-18,Application-18-Service,97400
37305,Application-7,M_Req,missing_destination,32,Application-7-Service,EndDevice-7,Application-7-Service,97400
37309,Application-25,M_Req,missing_destination,50,Application-25-Service,EndDevice-25,Application-25-Service,97400
37310,Application-8,M_Req,missing_destination,33,Application-8-Service,EndDevice-8,Application-8-Service,97400
37317,Application-19,M_Req,missing_destination,44,Application-19-Service,EndDevice-19,Application-19-Service,97400
37322,Application-17,M_Req,missing_destination,42,Application-17-Service,EndDevice-17,Application-17-Service,97500
37339,Application-20,M_Req,missing_destination,45,Application-20-Service,EndDevice-20,Application-20-Service,97500
37342,Application-18,M_Req,missing_destination,43,Application-18-Service,EndDevice-18,Application-18-Service,97500
37353,Application-7,M_Req,missing_destination,32,Application-7-Service,EndDevice-7,Application-7-Service,97500
37357,Application-25,M_Req,missing_destination,50,Application-25-Service,EndDevice-25,Application-25-Service,97500
37358,Application-8,M_Req,missing_destination,33,Application-8-Service,EndDevice-8,Application-8-Service,97500
37365,Application-19,M_Req,missing_destination,44,Application-19-Service,EndDevice-19,Application-19-Service,97500
37369,Application-17,M_Req,missing_destination,42,Application-17-Service,EndDevice-17,Application-17-Service,97600
37384,Application-20,M_Req,missing_destination,45,Application-20-Service,EndDevice-20,Application-20-Service,97600
37387,Application-18,M_Req,missing_destination,43,Application-18-Service,EndDevice-18,Application-18-Service,97600
37395,Application-7,M_Req,missing_destination,32,Application-7-Service,EndDevice-7,Application-7-Service,97600
37408,Application-11,M_Req,missing_destination,36,Application-11-Service,EndDevice-11,Application-11-Service,97700
37409,Application-9,M_Req,missing_destination,34,Application-9-Service,EndDevice-9,Application-9-Service,97700
37417,Application-17,M_Req,missing_destination,42,Application-17-Service,EndDevice-17,Application-17-Service,97700
37419,Application-12,M_Req,missing_destination,37,Application-12-Service,EndDevice-12,Application-12-Service,97700
37423,Application-5,M_Req,missing_destination,30,Application-5-Service,EndDevice-5,Application-5-Service,97700
37432,Application-20,M_Req,missing_destination,45,Application-20-Service,EndDevice-20,Application-20-Service,97700
37434,Application-10,M_Req,missing_destination,35,Application-10-Service,EndDevice-10,Application-10-Service,97700
37435,Application-18,M_Req,missing_destination,43,Application-18-Service,EndDevice-18,Application-18-Service,97700
37443,Application-7,M_Req,missing_destination,32,Application-7-Service,EndDevice-7,Application-7-Service,97700
37454,Application-11,M_Req,missing_destination,36,Application-11-Service,EndDevice-11,Application-11-Service,97800
37455,Application-9,M_Req,missing_destination,34,Application-9-Service,EndDevice-9,Application-9-Service,97800
37462,Application-17,M_Req,missing_destination,42,Application-17-Service,EndDevice-17,Application-17-Service,97800
37464,Application-12,M_Req,missing_destination,37,Application-12-Service,EndDevice-12,Application-12-Service,97800
37467,Application-5,M_Req,missing_destination,30,Application-5-Service,EndDevice-5,Application-5-Service,97800
37502,Application-11,M_Req,missing_destination,36,Application-11-Service,EndDevice-11,Application-11-Service,97900
37503,Application-9,M_Req,missing_destination,34,Application-9-Service,EndDevice-9,Application-9-Service,97900
37512,Application-12,M_Req,missing_destination,37,Application-12-Service,EndDevice-12,Application-12-Service,97900
37515,Application-5,M_Req,missing_destination,30,Application-5-Service,EndDevice-5,Application-5-Service,97900
37525,Application-10,M_Req,missing_destination,35,Application-10-Service,EndDevice-10,Application-10-Service,98000
37541,Application-1,M_Req,missing_destination,26,Application-1-Service,EndDevice-1,Application-1-Service,98000
37546,Application-11,M_Req,missing_destination,36,Application-11-Service,EndDevice-11,Application-11-Service,98000
37547,Application-9,M_Req,missing_destination,34,Application-9-Service,EndDevice-9,Application-9-Service,98000
37557,Application-4,M_Req,missing_destination,29,Application-4-Service,EndDevice-4,Application-4-Service,98100
37559,Application-3,M_Req,missing_destination,28,Application-3-Service,EndDevice-3,Application-3-Service,98100
37560,Application-2,M_Req,missing_destination,27,Application-2-Service,EndDevice-2,Application-2-Service,98100
37573,Application-10,M_Req,missing_destination,35,Application-10-Service,EndDevice-10,Application-10-Service,98100
37589,Application-1,M_Req,missing_destination,26,Application-1-Service,EndDevice-1,Application-1-Service,98100
37594,Application-11,M_Req,missing_destination,36,Application-11-Service,EndDevice-11,Application-11-Service,98100
37595,Application-9,M_Req,missing_destination,34,Application-9-Service,EndDevice-9,Application-9-Service,98100
37604,Application-4,M_Req,missing_destination,29,Application-4-Service,EndDevice-4,Application-4-Service,98200
37605,Application-3,M_Req,missing_destination,28,Application-3-Service,EndDevice-3,Application-3-Service,98200
37606,Application-2,M_Req,missing_destination,27,Application-2-Service,EndDevice-2,Application-2-Service,98200
37631,Application-23,M_Req,missing_destination,48,Application-23-Service,EndDevice-23,Application-23-Service,98300
37636,Application-21,M_Req,missing_destination,46,Application-21-Service,EndDevice-21,Application-21-Service,98300
37644,Application-22,M_Req,missing_destination,47,Application-22-Service,EndDevice-22,Application-22-Service,98300
37652,Application-4,M_Req,missing_destination,29,Application-4-Service,EndDevice-4,Application-4-Service,98300
37653,Application-3,M_Req,missing_destination,28,Application-3-Service,EndDevice-3,Application-3-Service,98300
37654,Application-2,M_Req,missing_destination,27,Application-2-Service,EndDevice-2,Application-2-Service,98300
37674,Application-24,M_Req,missing_destination,49,Application-24-Service,EndDevice-24,Application-24-Service,98300
37679,Application-23,M_Req,missing_destination,48,Application-23-Service,EndDevice-23,Application-23-Service,98400
37684,Application-21,M_Req,missing_destination,46,Application-21-Service,EndDevice-21,Application-21-Service,98400
37696,Application-4,M_Req,missing_destination,29,Application-4-Service,EndDevice-4,Application-4-Service,98400
37697,Application-3,M_Req,missing_destination,28,Application-3-Service,EndDevice-3,Application-3-Service,98400
37727,Application-23,M_Req,missing_destination,48,Application-23-Service,EndDevice-23,Application-23-Service,98500
37732,Application-21,M_Req,missing_destination,46,Application-21-Service,EndDevice-21,Application-21-Service,98500
37770,Application-23,M_Req,missing_destination,48,Application-23-Service,EndDevice-23,Application-23-Service,98600
37771,Application-44,M_Req,missing_destination,69,Application-44-Service,EndDevice-44,Application-44-Service,98600
37775,Application-21,M_Req,missing_destination,46,Application-21-Service,EndDevice-21,Application-21-Service,98600
37781,Application-42,M_Req,missing_destination,67,Application-42-Service,EndDevice-42,Application-42-Service,98600
37790,Application-41,M_Req,missing_destination,66,Application-41-Service,EndDevice-41,Application-41-Service,98700
37818,Application-23,M_Req,missing_destination,48,Application-23-Service,EndDevice-23,Application-23-Service,98700
37819,Application-44,M_Req,missing_destination,69,Application-44-Service,EndDevice-44,Application-44-Service,98700
37823,Application-21,M_Req,missing_destination,46,Application-21-Service,EndDevice-21,Application-21-Service,98700
37829,Application-42,M_Req,missing_destination,67,Application-42-Service,EndDevice-42,Application-42-Service,98700
37859,Application-36,M_Req,missing_destination,61,Application-36-Service,EndDevice-36,Application-36-Service,98900
37865,Application-35,M_Req,missing_destination,60,Application-35-Service,EndDevice-35,Application-35-Service,98900
37891,Application-33,M_Req,missing_destination,58,Application-33-Service,EndDevice-33,Application-33-Service,98900
37902,Application-34,M_Req,missing_destination,59,Application-34-Service,EndDevice-34,Application-34-Service,98900
37907,Application-36,M_Req,missing_destination,61,Application-36-Service,EndDevice-36,Application-36-Service,99000
37931,Application-33,M_Req,missing_destination,58,Application-33-Service,EndDevice-33,Application-33-Service,99000
37955,Application-36,M_Req,missing_destination,61,Application-36-Service,EndDevice-36,Application-36-Service,99100
37979,Application-33,M_Req,missing_destination,58,Application-33-Service,EndDevice-33,Application-33-Service,99100
37996,Application-7,M_Req,missing_destination,32,Application-7-Service,EndDevice-7,Application-7-Service,99200
37997,Application-36,M_Req,missing_destination,61,Application-36-Service,EndDevice-36,Application-36-Service,99200
38000,Application-8,M_Req,missing_destination,33,Application-8-Service,EndDevice-8,Application-8-Service,99200
38010,Application-5,M_Req,missing_destination,30,Application-5-Service,EndDevice-5,Application-5-Service,99300
38044,Application-7,M_Req,missing_destination,32,Application-7-Service,EndDevice-7,Application-7-Service,99300
38045,Application-36,M_Req,missing_destination,61,Application-36-Service,EndDevice-36,Application-36-Service,99300
38048,Application-8,M_Req,missing_destination,33,Application-8-Service,EndDevice-8,Application-8-Service,99300
38058,Application-5,M_Req,missing_destination,30,Application-5-Service,EndDevice-5,Application-5-Service,99400
38086,Application-7,M_Req,missing_destination,32,Application-7-Service,EndDevice-7,Application-7-Service,99400
38092,Application-27,M_Req,missing_destination,52,Application-27-Service,EndDevice-27,Application-27-Service,99500
38097,Application-26,M_Req,missing_destination,51,Application-26-Service,EndDevice-26,Application-26-Service,99500
38101,Application-28,M_Req,missing_destination,53,Application-28-Service,EndDevice-28,Application-28-Service,99500
38106,Application-5,M_Req,missing_destination,30,Application-5-Service,EndDevice-5,Application-5-Service,99500
38116,Application-25,M_Req,missing_destination,50,Application-25-Service,EndDevice-25,Application-25-Service,99500
38130,Application-22,M_Req,missing_destination,47,Application-22-Service,EndDevice-22,Application-22-Service,99500
38134,Application-7,M_Req,missing_destination,32,Application-7-Service,EndDevice-7,Application-7-Service,99500
38140,Application-27,M_Req,missing_destination,52,Application-27-Service,EndDevice-27,Application-27-Service,99600
38146,Application-28,M_Req,missing_destination,53,Application-28-Service,EndDevice-28,Application-28-Service,99600
38151,Application-5,M_Req,missing_destination,30,Application-5-Service,EndDevice-5,Application-5-Service,99600
38188,Application-27,M_Req,missing_destination,52,Application-27-Service,EndDevice-27,Application-27-Service,99700
38194,Application-28,M_Req,missing_destination,53,Application-28-Service,EndDevice-28,Application-28-Service,99700
38218,Application-31,M_Req,missing_destination,56,Application-31-Service,EndDevice-31,Application-31-Service,99800
38222,Application-32,M_Req,missing_destination,57,Application-32-Service,EndDevice-32,Application-32-Service,99800
38235,Application-28,M_Req,missing_destination,53,Application-28-Service,EndDevice-28,Application-28-Service,99800
38266,Application-31,M_Req,missing_destination,56,Application-31-Service,EndDevice-31,Application-31-Service,99900
38270,Application-32,M_Req,missing_destination,57,Application-32-Service,EndDevice-32,Application-32-Service,99900
38283,Application-28,M_Req,missing_destination,53,Application-28-Service,EndDevice-28,Application-28-Service,99900
