id,app,message,reason,TOPO.src,TOPO.dst,TOPO.srcLabel,TOPO.dstLabel,ctime
295,Application-24,M_Req,missing_destination,49,Application-24-Service,EndDevice-24,Application-24-Service,800
296,Application-29,M_Req,missing_destination,54,Application-29-Service,EndDevice-29,Application-29-Service,800
306,Application-22,M_Req,missing_destination,47,Application-22-Service,EndDevice-22,Application-22-Service,800
314,Application-31,M_Req,missing_destination,56,Application-31-Service,EndDevice-31,Application-31-Service,800
315,Application-32,M_Req,missing_destination,57,Application-32-Service,EndDevice-32,Application-32-Service,800
320,Application-23,M_Req,missing_destination,48,Application-23-Service,EndDevice-23,Application-23-Service,800
322,Application-30,M_Req,missing_destination,55,Application-30-Service,EndDevice-30,Application-30-Service,900
343,Application-24,M_Req,missing_destination,49,Application-24-Service,EndDevice-24,Application-24-Service,900
344,Application-29,M_Req,missing_destination,54,Application-29-Service,EndDevice-29,Application-29-Service,900
354,Application-22,M_Req,missing_destination,47,Application-22-Service,EndDevice-22,Application-22-Service,900
362,Application-31,M_Req,missing_destination,56,Application-31-Service,EndDevice-31,Application-31-Service,900
363,Application-32,M_Req,missing_destination,57,Application-32-Service,EndDevice-32,Application-32-Service,900
368,Application-23,M_Req,missing_destination,48,Application-23-Service,EndDevice-23,Application-23-Service,900
370,Application-30,M_Req,missing_destination,55,Application-30-Service,EndDevice-30,Application-30-Service,1000
387,Application-24,M_Req,missing_destination,49,Application-24-Service,EndDevice-24,Application-24-Service,1000
396,Application-22,M_Req,missing_destination,47,Application-22-Service,EndDevice-22,Application-22-Service,1000
403,Application-32,M_Req,missing_destination,57,Application-32-Service,EndDevice-32,Application-32-Service,1100
409,Application-12,M_Req,missing_destination,37,Application-12-Service,EndDevice-12,Application-12-Service,1100
411,Application-10,M_Req,missing_destination,35,Application-10-Service,EndDevice-10,Application-10-Service,1100
418,Application-30,M_Req,missing_destination,55,Application-30-Service,EndDevice-30,Application-30-Service,1100
426,Application-11,M_Req,missing_destination,36,Application-11-Service,EndDevice-11,Application-11-Service,1100
435,Application-24,M_Req,missing_destination,49,Application-24-Service,EndDevice-24,Application-24-Service,1100
438,Application-42,M_Req,missing_destination,67,Application-42-Service,EndDevice-42,Application-42-Service,1100
439,Application-43,M_Req,missing_destination,68,Application-43-Service,EndDevice-43,Application-43-Service,1100
440,Application-44,M_Req,missing_destination,69,Application-44-Service,EndDevice-44,Application-44-Service,1100
444,Application-22,M_Req,missing_destination,47,Application-22-Service,EndDevice-22,Application-22-Service,1100
447,Application-41,M_Req,missing_destination,66,Application-41-Service,EndDevice-41,Application-41-Service,1100
449,Application-9,M_Req,missing_destination,34,Application-9-Service,EndDevice-9,Application-9-Service,1100
454,Application-12,M_Req,missing_destination,37,Application-12-Service,EndDevice-12,Application-12-Service,1200
456,Application-10,M_Req,missing_destination,35,Application-10-Service,EndDevice-10,Application-10-Service,1200
461,Application-30,M_Req,missing_destination,55,Application-30-Service,EndDevice-30,Application-30-Service,1200
502,Application-12,M_Req,missing_destination,37,Application-12-Service,EndDevice-12,Application-12-Service,1300
504,Application-10,M_Req,missing_destination,35,Application-10-Service,EndDevice-10,Application-10-Service,1300
527,Application-45,M_Req,missing_destination,70,Application-45-Service,EndDevice-45,Application-45-Service,1400
528,Application-47,M_Req,missing_destination,72,Application-47-Service,EndDevice-47,Application-47-Service,1400
529,Application-48,M_Req,missing_destination,73,Application-48-Service,EndDevice-48,Application-48-Service,1400
538,Application-29,M_Req,missing_destination,54,Application-29-Service,EndDevice-29,Application-29-Service,1400
544,Application-12,M_Req,missing_destination,37,Application-12-Service,EndDevice-12,Application-12-Service,1400
550,Application-30,M_Req,missing_destination,55,Application-30-Service,EndDevice-30,Application-30-Service,1500
575,Application-45,M_Req,missing_destination,70,Application-45-Service,EndDevice-45,Application-45-Service,1500
576,Application-47,M_Req,missing_destination,72,Application-47-Service,EndDevice-47,Application-47-Service,1500
577,Application-48,M_Req,missing_destination,73,Application-48-Service,EndDevice-48,Application-48-Service,1500
586,Application-29,M_Req,missing_destination,54,Application-29-Service,EndDevice-29,Application-29-Service,1500
592,Application-12,M_Req,missing_destination,37,Application-12-Service,EndDevice-12,Application-12-Service,1500
597,Application-30,M_Req,missing_destination,55,Application-30-Service,EndDevice-30,Application-30-Service,1600
637,Application-43,M_Req,missing_destination,68,Application-43-Service,EndDevice-43,Application-43-Service,1700
639,Application-35,M_Req,missing_destination,60,Application-35-Service,EndDevice-35,Application-35-Service,1700
642,Application-34,M_Req,missing_destination,59,Application-34-Service,EndDevice-34,Application-34-Service,1700
645,Application-30,M_Req,missing_destination,55,Application-30-Service,EndDevice-30,Application-30-Service,1700
650,Application-10,M_Req,missing_destination,35,Application-10-Service,EndDevice-10,Application-10-Service,1700
654,Application-36,M_Req,missing_destination,61,Application-36-Service,EndDevice-36,Application-36-Service,1700
657,Application-41,M_Req,missing_destination,66,Application-41-Service,EndDevice-41,Application-41-Service,1700
672,Application-33,M_Req,missing_destination,58,Application-33-Service,EndDevice-33,Application-33-Service,1700
673,Application-11,M_Req,missing_destination,36,Application-11-Service,EndDevice-11,Application-11-Service,1700
675,Application-44,M_Req,missing_destination,69,Application-44-Service,EndDevice-44,Application-44-Service,1700
686,Application-35,M_Req,missing_destination,60,Application-35-Service,EndDevice-35,Application-35-Service,1800
688,Application-34,M_Req,missing_destination,59,Application-34-Service,EndDevice-34,Application-34-Service,1800
689,Application-30,M_Req,missing_destination,55,Application-30-Service,EndDevice-30,Application-30-Service,1800
693,Application-10,M_Req,missing_destination,35,Application-10-Service,EndDevice-10,Application-10-Service,1800
697,Application-36,M_Req,missing_destination,61,Application-36-Service,EndDevice-36,Application-36-Service,1800
700,Application-41,M_Req,missing_destination,66,Application-41-Service,EndDevice-41,Application-41-Service,1800
737,Application-30,M_Req,missing_destination,55,Application-30-Service,EndDevice-30,Application-30-Service,1900
741,Application-10,M_Req,missing_destination,35,Application-10-Service,EndDevice-10,Application-10-Service,1900
748,Application-41,M_Req,missing_destination,66,Application-41-Service,EndDevice-41,Application-41-Service,1900
755,Application-40,M_Req,missing_destination,65,Application-40-Service,EndDevice-40,Application-40-Service,2000
767,Application-38,M_Req,missing_destination,63,Application-38-Service,EndDevice-38,Application-38-Service,2000
768,Application-33,M_Req,missing_destination,58,Application-33-Service,EndDevice-33,Application-33-Service,2000
772,Application-17,M_Req,missing_destination,42,Application-17-Service,EndDevice-17,Application-17-Service,2000
773,Application-39,M_Req,missing_destination,64,Application-39-Service,EndDevice-39,Application-39-Service,2000
776,Application-20,M_Req,missing_destination,45,Application-20-Service,EndDevice-20,Application-20-Service,2000
778,Application-19,M_Req,missing_destination,44,Application-19-Service,EndDevice-19,Application-19-Service,2100
780,Application-37,M_Req,missing_destination,62,Application-37-Service,EndDevice-37,Application-37-Service,2100
785,Application-18,M_Req,missing_destination,43,Application-18-Service,EndDevice-18,Application-18-Service,2100
803,Application-40,M_Req,missing_destination,65,Application-40-Service,EndDevice-40,Application-40-Service,2100
815,Application-38,M_Req,missing_destination,63,Application-38-Service,EndDevice-38,Application-38-Service,2100
816,Application-33,M_Req,missing_destination,58,Application-33-Service,EndDevice-33,Application-33-Service,2100
820,Application-17,M_Req,missing_destination,42,Application-17-Service,EndDevice-17,Application-17-Service,2100
821,Application-39,M_Req,missing_destination,64,Application-39-Service,EndDevice-39,Application-39-Service,2100
824,Application-20,M_Req,missing_destination,45,Application-20-Service,EndDevice-20,Application-20-Service,2100
826,Application-19,M_Req,missing_destination,44,Application-19-Service,EndDevice-19,Application-19-Service,2200
856,Application-33,M_Req,missing_destination,58,Application-33-Service,EndDevice-33,Application-33-Service,2200
857,Application-13,M_Req,missing_destination,38,Application-13-Service,EndDevice-13,Application-13-Service,2300
859,Application-16,M_Req,missing_destination,41,Application-16-Service,EndDevice-16,Application-16-Service,2300
860,Application-17,M_Req,missing_destination,42,Application-17-Service,EndDevice-17,Application-17-Service,2300
861,Application-39,M_Req,missing_destination,64,Application-39-Service,EndDevice-39,Application-39-Service,2300
864,Application-34,M_Req,missing_destination,59,Application-34-Service,EndDevice-34,Application-34-Service,2300
874,Application-19,M_Req,missing_destination,44,Application-19-Service,EndDevice-19,Application-19-Service,2300
875,Application-14,M_Req,missing_destination,39,Application-14-Service,EndDevice-14,Application-14-Service,2300
880,Application-36,M_Req,missing_destination,61,Application-36-Service,EndDevice-36,Application-36-Service,2300
885,Application-35,M_Req,missing_destination,60,Application-35-Service,EndDevice-35,Application-35-Service,2300
892,Application-15,M_Req,missing_destination,40,Application-15-Service,EndDevice-15,Application-15-Service,2300
904,Application-33,M_Req,missing_destination,58,Application-33-Service,EndDevice-33,Application-33-Service,2300
905,Application-13,M_Req,missing_destination,38,Application-13-Service,EndDevice-13,Application-13-Service,2400
907,Application-17,M_Req,missing_destination,42,Application-17-Service,EndDevice-17,Application-17-Service,2400
908,Application-39,M_Req,missing_destination,64,Application-39-Service,EndDevice-39,Application-39-Service,2400
910,Application-34,M_Req,missing_destination,59,Application-34-Service,EndDevice-34,Application-34-Service,2400
919,Application-19,M_Req,missing_destination,44,Application-19-Service,EndDevice-19,Application-19-Service,2400
920,Application-14,M_Req,missing_destination,39,Application-14-Service,EndDevice-14,Application-14-Service,2400
923,Application-36,M_Req,missing_destination,61,Application-36-Service,EndDevice-36,Application-36-Service,2400
926,Application-35,M_Req,missing_destination,60,Application-35-Service,EndDevice-35,Application-35-Service,2400
953,Application-13,M_Req,missing_destination,38,Application-13-Service,EndDevice-13,Application-13-Service,2500
955,Application-17,M_Req,missing_destination,42,Application-17-Service,EndDevice-17,Application-17-Service,2500
956,Application-39,M_Req,missing_destination,64,Application-39-Service,EndDevice-39,Application-39-Service,2500
967,Application-19,M_Req,missing_destination,44,Application-19-Service,EndDevice-19,Application-19-Service,2500
968,Application-14,M_Req,missing_destination,39,Application-14-Service,EndDevice-14,Application-14-Service,2500
979,Application-7,M_Req,missing_destination,32,Application-7-Service,EndDevice-7,Application-7-Service,2600
985,Application-27,M_Req,missing_destination,52,Application-27-Service,EndDevice-27,Application-27-Service,2600
986,Application-5,M_Req,missing_destination,30,Application-5-Service,EndDevice-5,Application-5-Service,2600
990,Application-6,M_Req,missing_destination,31,Application-6-Service,EndDevice-6,Application-6-Service,2600
993,Application-20,M_Req,missing_destination,45,Application-20-Service,EndDevice-20,Application-20-Service,2600
994,Application-16,M_Req,missing_destination,41,Application-16-Service,EndDevice-16,Application-16-Service,2600
995,Application-13,M_Req,missing_destination,38,Application-13-Service,EndDevice-13,Application-13-Service,2600
997,Application-17,M_Req,missing_destination,42,Application-17-Service,EndDevice-17,Application-17-Service,2600
998,Application-39,M_Req,missing_destination,64,Application-39-Service,EndDevice-39,Application-39-Service,2600
1008,Application-28,M_Req,missing_destination,53,Application-28-Service,EndDevice-28,Application-28-Service,2700
1011,Application-8,M_Req,missing_destination,33,Application-8-Service,EndDevice-8,Application-8-Service,2700
1016,Application-26,M_Req,missing_destination,51,Application-26-Service,EndDevice-26,Application-26-Service,2700
1027,Application-7,M_Req,missing_destination,32,Application-7-Service,EndDevice-7,Application-7-Service,2700
1033,Application-27,M_Req,missing_destination,52,Application-27-Service,EndDevice-27,Application-27-Service,2700
1034,Application-5,M_Req,missing_destination,30,Application-5-Service,EndDevice-5,Application-5-Service,2700
1038,Application-6,M_Req,missing_destination,31,Application-6-Service,EndDevice-6,Application-6-Service,2700
1041,Application-20,M_Req,missing_destination,45,Application-20-Service,EndDevice-20,Application-20-Service,2700
1042,Application-16,M_Req,missing_destination,41,Application-16-Service,EndDevice-16,Application-16-Service,2700
1043,Application-13,M_Req,missing_destination,38,Application-13-Service,EndDevice-13,Application-13-Service,2700
1045,Application-17,M_Req,missing_destination,42,Application-17-Service,EndDevice-17,Application-17-Service,2700
1046,Application-39,M_Req,missing_destination,64,Application-39-Service,EndDevice-39,Application-39-Service,2700
1061,Application-26,M_Req,missing_destination,51,Application-26-Service,EndDevice-26,Application-26-Service,2800
1081,Application-20,M_Req,missing_destination,45,Application-20-Service,EndDevice-20,Application-20-Service,2800
1082,Application-16,M_Req,missing_destination,41,Application-16-Service,EndDevice-16,Application-16-Service,2800
1096,Application-27,M_Req,missing_destination,52,Application-27-Service,EndDevice-27,Application-27-Service,2900
1098,Application-28,M_Req,missing_destination,53,Application-28-Service,EndDevice-28,Application-28-Service,2900
1102,Application-30,M_Req,missing_destination,55,Application-30-Service,EndDevice-30,Application-30-Service,2900
1106,Application-8,M_Req,missing_destination,33,Application-8-Service,EndDevice-8,Application-8-Service,2900
1108,Application-29,M_Req,missing_destination,54,Application-29-Service,EndDevice-29,Application-29-Service,2900
1109,Application-26,M_Req,missing_destination,51,Application-26-Service,EndDevice-26,Application-26-Service,2900
1111,Application-14,M_Req,missing_destination,39,Application-14-Service,EndDevice-14,Application-14-Service,2900
1116,Application-31,M_Req,missing_destination,56,Application-31-Service,EndDevice-31,Application-31-Service,2900
1118,Application-7,M_Req,missing_destination,32,Application-7-Service,EndDevice-7,Application-7-Service,2900
1123,Application-5,M_Req,missing_destination,30,Application-5-Service,EndDevice-5,Application-5-Service,2900
1126,Application-6,M_Req,missing_destination,31,Application-6-Service,EndDevice-6,Application-6-Service,2900
1128,Application-32,M_Req,missing_destination,57,Application-32-Service,EndDevice-32,Application-32-Service,2900
1129,Application-20,M_Req,missing_destination,45,Application-20-Service,EndDevice-20,Application-20-Service,2900
1130,Application-16,M_Req,missing_destination,41,Application-16-Service,EndDevice-16,Application-16-Service,2900
1141,Application-27,M_Req,missing_destination,52,Application-27-Service,EndDevice-27,Application-27-Service,3000
1143,Application-28,M_Req,missing_destination,53,Application-28-Service,EndDevice-28,Application-28-Service,3000
1147,Application-30,M_Req,missing_destination,55,Application-30-Service,EndDevice-30,Application-30-Service,3000
1151,Application-8,M_Req,missing_destination,33,Application-8-Service,EndDevice-8,Application-8-Service,3000
1153,Application-29,M_Req,missing_destination,54,Application-29-Service,EndDevice-29,Application-29-Service,3000
1154,Application-26,M_Req,missing_destination,51,Application-26-Service,EndDevice-26,Application-26-Service,3000
1155,Application-14,M_Req,missing_destination,39,Application-14-Service,EndDevice-14,Application-14-Service,3000
1189,Application-27,M_Req,missing_destination,52,Application-27-Service,EndDevice-27,Application-27-Service,3100
1191,Application-28,M_Req,missing_destination,53,Application-28-Service,EndDevice-28,Application-28-Service,3100
1199,Application-8,M_Req,missing_destination,33,Application-8-Service,EndDevice-8,Application-8-Service,3100
1218,Application-34,M_Req,missing_destination,59,Application-34-Service,EndDevice-34,Application-34-Service,3200
1230,Application-27,M_Req,missing_destination,52,Application-27-Service,EndDevice-27,Application-27-Service,3200
1232,Application-28,M_Req,missing_destination,53,Application-28-Service,EndDevice-28,Application-28-Service,3200
1236,Application-30,M_Req,missing_destination,55,Application-30-Service,EndDevice-30,Application-30-Service,3200
1240,Application-35,M_Req,missing_destination,60,Application-35-Service,EndDevice-35,Application-35-Service,3300
1241,Application-29,M_Req,missing_destination,54,Application-29-Service,EndDevice-29,Application-29-Service,3300
1266,Application-34,M_Req,missing_destination,59,Application-34-Service,EndDevice-34,Application-34-Service,3300
1278,Application-27,M_Req,missing_destination,52,Application-27-Service,EndDevice-27,Application-27-Service,3300
1280,Application-28,M_Req,missing_destination,53,Application-28-Service,EndDevice-28,Application-28-Service,3300
1284,Application-30,M_Req,missing_destination,55,Application-30-Service,EndDevice-30,Application-30-Service,3300
1289,Application-29,M_Req,missing_destination,54,Application-29-Service,EndDevice-29,Application-29-Service,3400
1323,Application-11,M_Req,missing_destination,36,Application-11-Service,EndDevice-11,Application-11-Service,3500
1327,Application-9,M_Req,missing_destination,34,Application-9-Service,EndDevice-9,Application-9-Service,3500
1333,Application-12,M_Req,missing_destination,37,Application-12-Service,EndDevice-12,Application-12-Service,3500
1337,Application-29,M_Req,missing_destination,54,Application-29-Service,EndDevice-29,Application-29-Service,3500
1342,Application-36,M_Req,missing_destination,61,Application-36-Service,EndDevice-36,Application-36-Service,3500
1351,Application-10,M_Req,missing_destination,35,Application-10-Service,EndDevice-10,Application-10-Service,3500
1371,Application-11,M_Req,missing_destination,36,Application-11-Service,EndDevice-11,Application-11-Service,3600
1374,Application-9,M_Req,missing_destination,34,Application-9-Service,EndDevice-9,Application-9-Service,3600
1380,Application-12,M_Req,missing_destination,37,Application-12-Service,EndDevice-12,Application-12-Service,3600
1384,Application-29,M_Req,missing_destination,54,Application-29-Service,EndDevice-29,Application-29-Service,3600
1432,Application-29,M_Req,missing_destination,54,Application-29-Service,EndDevice-29,Application-29-Service,3700
1458,Application-27,M_Req,missing_destination,52,Application-27-Service,EndDevice-27,Application-27-Service,3800
1460,Application-28,M_Req,missing_destination,53,Application-28-Service,EndDevice-28,Application-28-Service,3800
1461,Application-11,M_Req,missing_destination,36,Application-11-Service,EndDevice-11,Application-11-Service,3800
1464,Application-9,M_Req,missing_destination,34,Application-9-Service,EndDevice-9,Application-9-Service,3800
1467,Application-26,M_Req,missing_destination,51,Application-26-Service,EndDevice-26,Application-26-Service,3800
1468,Application-12,M_Req,missing_destination,37,Application-12-Service,EndDevice-12,Application-12-Service,3800
1470,Application-8,M_Req,missing_destination,33,Application-8-Service,EndDevice-8,Application-8-Service,3900
1472,Application-25,M_Req,missing_destination,50,Application-25-Service,EndDevice-25,Application-25-Service,3900
1506,Application-27,M_Req,missing_destination,52,Application-27-Service,EndDevice-27,Application-27-Service,3900
1508,Application-28,M_Req,missing_destination,53,Application-28-Service,EndDevice-28,Application-28-Service,3900
1509,Application-11,M_Req,missing_destination,36,Application-11-Service,EndDevice-11,Application-11-Service,3900
1512,Application-9,M_Req,missing_destination,34,Application-9-Service,EndDevice-9,Application-9-Service,3900
1515,Application-26,M_Req,missing_destination,51,Application-26-Service,EndDevice-26,Application-26-Service,3900
1516,Application-12,M_Req,missing_destination,37,Application-12-Service,EndDevice-12,Application-12-Service,3900
1518,Application-8,M_Req,missing_destination,33,Application-8-Service,EndDevice-8,Application-8-Service,4000
1545,Application-43,M_Req,missing_destination,68,Application-43-Service,EndDevice-43,Application-43-Service,4100
1548,Application-41,M_Req,missing_destination,66,Application-41-Service,EndDevice-41,Application-41-Service,4100
1554,Application-26,M_Req,missing_destination,51,Application-26-Service,EndDevice-26,Application-26-Service,4100
1555,Application-12,M_Req,missing_destination,37,Application-12-Service,EndDevice-12,Application-12-Service,4100
1563,Application-44,M_Req,missing_destination,69,Application-44-Service,EndDevice-44,Application-44-Service,4100
1566,Application-8,M_Req,missing_destination,33,Application-8-Service,EndDevice-8,Application-8-Service,4100
1568,Application-25,M_Req,missing_destination,50,Application-25-Service,EndDevice-25,Application-25-Service,4100
1580,Application-42,M_Req,missing_destination,67,Application-42-Service,EndDevice-42,Application-42-Service,4100
1586,Application-30,M_Req,missing_destination,55,Application-30-Service,EndDevice-30,Application-30-Service,4100
1587,Application-32,M_Req,missing_destination,57,Application-32-Service,EndDevice-32,Application-32-Service,4100
1593,Application-43,M_Req,missing_destination,68,Application-43-Service,EndDevice-43,Application-43-Service,4200
1595,Application-41,M_Req,missing_destination,66,Application-41-Service,EndDevice-41,Application-41-Service,4200
1599,Application-26,M_Req,missing_destination,51,Application-26-Service,EndDevice-26,Application-26-Service,4200
1600,Application-12,M_Req,missing_destination,37,Application-12-Service,EndDevice-12,Application-12-Service,4200
1608,Application-8,M_Req,missing_destination,33,Application-8-Service,EndDevice-8,Application-8-Service,4200
1610,Application-25,M_Req,missing_destination,50,Application-25-Service,EndDevice-25,Application-25-Service,4200
1656,Application-8,M_Req,missing_destination,33,Application-8-Service,EndDevice-8,Application-8-Service,4300
1668,Application-40,M_Req,missing_destination,65,Application-40-Service,EndDevice-40,Application-40-Service,4400
1669,Application-42,M_Req,missing_destination,67,Application-42-Service,EndDevice-42,Application-42-Service,4400
1670,Application-13,M_Req,missing_destination,38,Application-13-Service,EndDevice-13,Application-13-Service,4400
1675,Application-14,M_Req,missing_destination,39,Application-14-Service,EndDevice-14,Application-14-Service,4400
1677,Application-44,M_Req,missing_destination,69,Application-44-Service,EndDevice-44,Application-44-Service,4400
1680,Application-15,M_Req,missing_destination,40,Application-15-Service,EndDevice-15,Application-15-Service,4400
1688,Application-9,M_Req,missing_destination,34,Application-9-Service,EndDevice-9,Application-9-Service,4400
1689,Application-38,M_Req,missing_destination,63,Application-38-Service,EndDevice-38,Application-38-Service,4400
1700,Application-16,M_Req,missing_destination,41,Application-16-Service,EndDevice-16,Application-16-Service,4500
1701,Application-29,M_Req,missing_destination,54,Application-29-Service,EndDevice-29,Application-29-Service,4500
1703,Application-39,M_Req,missing_destination,64,Application-39-Service,EndDevice-39,Application-39-Service,4500
1716,Application-40,M_Req,missing_destination,65,Application-40-Service,EndDevice-40,Application-40-Service,4500
1717,Application-42,M_Req,missing_destination,67,Application-42-Service,EndDevice-42,Application-42-Service,4500
1718,Application-13,M_Req,missing_destination,38,Application-13-Service,EndDevice-13,Application-13-Service,4500
1723,Application-14,M_Req,missing_destination,39,Application-14-Service,EndDevice-14,Application-14-Service,4500
1725,Application-44,M_Req,missing_destination,69,Application-44-Service,EndDevice-44,Application-44-Service,4500
1728,Application-15,M_Req,missing_destination,40,Application-15-Service,EndDevice-15,Application-15-Service,4500
1736,Application-9,M_Req,missing_destination,34,Application-9-Service,EndDevice-9,Application-9-Service,4500
1737,Application-38,M_Req,missing_destination,63,Application-38-Service,EndDevice-38,Application-38-Service,4500
1747,Application-29,M_Req,missing_destination,54,Application-29-Service,EndDevice-29,Application-29-Service,4600
1749,Application-39,M_Req,missing_destination,64,Application-39-Service,EndDevice-39,Application-39-Service,4600
1759,Application-40,M_Req,missing_destination,65,Application-40-Service,EndDevice-40,Application-40-Service,4600
1760,Application-42,M_Req,missing_destination,67,Application-42-Service,EndDevice-42,Application-42-Service,4600
1761,Application-13,M_Req,missing_destination,38,Application-13-Service,EndDevice-13,Application-13-Service,4600
1766,Application-14,M_Req,missing_destination,39,Application-14-Service,EndDevice-14,Application-14-Service,4600
1768,Application-44,M_Req,missing_destination,69,Application-44-Service,EndDevice-44,Application-44-Service,4600
1771,Application-15,M_Req,missing_destination,40,Application-15-Service,EndDevice-15,Application-15-Service,4600
1779,Application-4,M_Req,missing_destination,29,Application-4-Service,EndDevice-4,Application-4-Service,4700
1781,Application-36,M_Req,missing_destination,61,Application-36-Service,EndDevice-36,Application-36-Service,4700
1782,Application-34,M_Req,missing_destination,59,Application-34-Service,EndDevice-34,Application-34-Service,4700
1783,Application-3,M_Req,missing_destination,28,Application-3-Service,EndDevice-3,Application-3-Service,4700
1784,Application-2,M_Req,missing_destination,27,Application-2-Service,EndDevice-2,Application-2-Service,4700
1794,Application-35,M_Req,missing_destination,60,Application-35-Service,EndDevice-35,Application-35-Service,4700
1795,Application-29,M_Req,missing_destination,54,Application-29-Service,EndDevice-29,Application-29-Service,4700
1797,Application-39,M_Req,missing_destination,64,Application-39-Service,EndDevice-39,Application-39-Service,4700
1803,Application-33,M_Req,missing_destination,58,Application-33-Service,EndDevice-33,Application-33-Service,4700
1807,Application-40,M_Req,missing_destination,65,Application-40-Service,EndDevice-40,Application-40-Service,4700
1808,Application-42,M_Req,missing_destination,67,Application-42-Service,EndDevice-42,Application-42-Service,4700
1809,Application-13,M_Req,missing_destination,38,Application-13-Service,EndDevice-13,Application-13-Service,4700
1811,Application-1,M_Req,missing_destination,26,Application-1-Service,EndDevice-1,Application-1-Service,4700
1814,Application-14,M_Req,missing_destination,39,Application-14-Service,EndDevice-14,Application-14-Service,4700
1816,Application-44,M_Req,missing_destination,69,Application-44-Service,EndDevice-44,Application-44-Service,4700
1819,Application-15,M_Req,missing_destination,40,Application-15-Service,EndDevice-15,Application-15-Service,4700
1821,Application-11,M_Req,missing_destination,36,Application-11-Service,EndDevice-11,Application-11-Service,4700
1826,Application-4,M_Req,missing_destination,29,Application-4-Service,EndDevice-4,Application-4-Service,4800
1828,Application-34,M_Req,missing_destination,59,Application-34-Service,EndDevice-34,Application-34-Service,4800
1829,Application-3,M_Req,missing_destination,28,Application-3-Service,EndDevice-3,Application-3-Service,4800
1837,Application-35,M_Req,missing_destination,60,Application-35-Service,EndDevice-35,Application-35-Service,4800
1838,Application-29,M_Req,missing_destination,54,Application-29-Service,EndDevice-29,Application-29-Service,4800
1840,Application-39,M_Req,missing_destination,64,Application-39-Service,EndDevice-39,Application-39-Service,4800
1845,Application-33,M_Req,missing_destination,58,Application-33-Service,EndDevice-33,Application-33-Service,4800
1876,Application-34,M_Req,missing_destination,59,Application-34-Service,EndDevice-34,Application-34-Service,4900
1885,Application-35,M_Req,missing_destination,60,Application-35-Service,EndDevice-35,Application-35-Service,4900
1886,Application-29,M_Req,missing_destination,54,Application-29-Service,EndDevice-29,Application-29-Service,4900
1893,Application-33,M_Req,missing_destination,58,Application-33-Service,EndDevice-33,Application-33-Service,4900
1911,Application-16,M_Req,missing_destination,41,Application-16-Service,EndDevice-16,Application-16-Service,5000
1916,Application-28,M_Req,missing_destination,53,Application-28-Service,EndDevice-28,Application-28-Service,5000
1917,Application-26,M_Req,missing_destination,51,Application-26-Service,EndDevice-26,Application-26-Service,5000
1920,Application-34,M_Req,missing_destination,59,Application-34-Service,EndDevice-34,Application-34-Service,5000
1930,Application-39,M_Req,missing_destination,64,Application-39-Service,EndDevice-39,Application-39-Service,5100
1932,Application-37,M_Req,missing_destination,62,Application-37-Service,EndDevice-37,Application-37-Service,5100
1935,Application-27,M_Req,missing_destination,52,Application-27-Service,EndDevice-27,Application-27-Service,5100
1959,Application-16,M_Req,missing_destination,41,Application-16-Service,EndDevice-16,Application-16-Service,5100
1964,Application-28,M_Req,missing_destination,53,Application-28-Service,EndDevice-28,Application-28-Service,5100
1965,Application-26,M_Req,missing_destination,51,Application-26-Service,EndDevice-26,Application-26-Service,5100
1968,Application-34,M_Req,missing_destination,59,Application-34-Service,EndDevice-34,Application-34-Service,5100
2013,Application-18,M_Req,missing_destination,43,Application-18-Service,EndDevice-18,Application-18-Service,5300
2014,Application-20,M_Req,missing_destination,45,Application-20-Service,EndDevice-20,Application-20-Service,5300
2016,Application-19,M_Req,missing_destination,44,Application-19-Service,EndDevice-19,Application-19-Service,5300
2017,Application-37,M_Req,missing_destination,62,Application-37-Service,EndDevice-37,Application-37-Service,5300
2023,Application-35,M_Req,missing_destination,60,Application-35-Service,EndDevice-35,Application-35-Service,5300
2026,Application-39,M_Req,missing_destination,64,Application-39-Service,EndDevice-39,Application-39-Service,5300
2033,Application-17,M_Req,missing_destination,42,Application-17-Service,EndDevice-17,Application-17-Service,5300
2051,Application-36,M_Req,missing_destination,61,Application-36-Service,EndDevice-36,Application-36-Service,5300
2060,Application-18,M_Req,missing_destination,43,Application-18-Service,EndDevice-18,Application-18-Service,5400
2062,Application-19,M_Req,missing_destination,44,Application-19-Service,EndDevice-19,Application-19-Service,5400
2067,Application-35,M_Req,missing_destination,60,Application-35-Service,EndDevice-35,Application-35-Service,5400
2075,Application-17,M_Req,missing_destination,42,Application-17-Service,EndDevice-17,Application-17-Service,5400
2108,Application-18,M_Req,missing_destination,43,Application-18-Service,EndDevice-18,Application-18-Service,5500
2110,Application-19,M_Req,missing_destination,44,Application-19-Service,EndDevice-19,Application-19-Service,5500
2115,Application-35,M_Req,missing_destination,60,Application-35-Service,EndDevice-35,Application-35-Service,5500
2123,Application-17,M_Req,missing_destination,42,Application-17-Service,EndDevice-17,Application-17-Service,5500
2138,Application-22,M_Req,missing_destination,47,Application-22-Service,EndDevice-22,Application-22-Service,5600
2150,Application-18,M_Req,missing_destination,43,Application-18-Service,EndDevice-18,Application-18-Service,5600
2154,Application-23,M_Req,missing_destination,48,Application-23-Service,EndDevice-23,Application-23-Service,5600
2157,Application-21,M_Req,missing_destination,46,Application-21-Service,EndDevice-21,Application-21-Service,5700
2186,Application-22,M_Req,missing_destination,47,Application-22-Service,EndDevice-22,Application-22-Service,5700
2198,Application-18,M_Req,missing_destination,43,Application-18-Service,EndDevice-18,Application-18-Service,5700
2202,Application-23,M_Req,missing_destination,48,Application-23-Service,EndDevice-23,Application-23-Service,5700
2260,Application-10,M_Req,missing_destination,35,Application-10-Service,EndDevice-10,Application-10-Service,5900
2261,Application-33,M_Req,missing_destination,58,Application-33-Service,EndDevice-33,Application-33-Service,5900
2267,Application-9,M_Req,missing_destination,34,Application-9-Service,EndDevice-9,Application-9-Service,5900
2271,Application-31,M_Req,missing_destination,56,Application-31-Service,EndDevice-31,Application-31-Service,5900
2272,Application-32,M_Req,missing_destination,57,Application-32-Service,EndDevice-32,Application-32-Service,5900
2273,Application-14,M_Req,missing_destination,39,Application-14-Service,EndDevice-14,Application-14-Service,5900
2274,Application-30,M_Req,missing_destination,55,Application-30-Service,EndDevice-30,Application-30-Service,5900
2276,Application-16,M_Req,missing_destination,41,Application-16-Service,EndDevice-16,Application-16-Service,5900
2277,Application-29,M_Req,missing_destination,54,Application-29-Service,EndDevice-29,Application-29-Service,5900
2279,Application-11,M_Req,missing_destination,36,Application-11-Service,EndDevice-11,Application-11-Service,5900
2280,Application-12,M_Req,missing_destination,37,Application-12-Service,EndDevice-12,Application-12-Service,5900
2282,Application-20,M_Req,missing_destination,45,Application-20-Service,EndDevice-20,Application-20-Service,5900
2303,Application-10,M_Req,missing_destination,35,Application-10-Service,EndDevice-10,Application-10-Service,6000
2304,Application-33,M_Req,missing_destination,58,Application-33-Service,EndDevice-33,Application-33-Service,6000
2351,Application-10,M_Req,missing_destination,35,Application-10-Service,EndDevice-10,Application-10-Service,6100
2352,Application-33,M_Req,missing_destination,58,Application-33-Service,EndDevice-33,Application-33-Service,6100
2365,Application-29,M_Req,missing_destination,54,Application-29-Service,EndDevice-29,Application-29-Service,6200
2372,Application-18,M_Req,missing_destination,43,Application-18-Service,EndDevice-18,Application-18-Service,6200
2375,Application-40,M_Req,missing_destination,65,Application-40-Service,EndDevice-40,Application-40-Service,6200
2378,Application-20,M_Req,missing_destination,45,Application-20-Service,EndDevice-20,Application-20-Service,6200
2391,Application-17,M_Req,missing_destination,42,Application-17-Service,EndDevice-17,Application-17-Service,6300
2395,Application-24,M_Req,missing_destination,49,Application-24-Service,EndDevice-24,Application-24-Service,6300
2413,Application-29,M_Req,missing_destination,54,Application-29-Service,EndDevice-29,Application-29-Service,6300
2420,Application-18,M_Req,missing_destination,43,Application-18-Service,EndDevice-18,Application-18-Service,6300
2423,Application-40,M_Req,missing_destination,65,Application-40-Service,EndDevice-40,Application-40-Service,6300
2426,Application-20,M_Req,missing_destination,45,Application-20-Service,EndDevice-20,Application-20-Service,6300
2439,Application-24,M_Req,missing_destination,49,Application-24-Service,EndDevice-24,Application-24-Service,6400
2454,Application-29,M_Req,missing_destination,54,Application-29-Service,EndDevice-29,Application-29-Service,6400
2474,Application-32,M_Req,missing_destination,57,Application-32-Service,EndDevice-32,Application-32-Service,6500
2477,Application-31,M_Req,missing_destination,56,Application-31-Service,EndDevice-31,Application-31-Service,6500
2483,Application-46,M_Req,missing_destination,71,Application-46-Service,EndDevice-46,Application-46-Service,6500
2487,Application-24,M_Req,missing_destination,49,Application-24-Service,EndDevice-24,Application-24-Service,6500
2488,Application-47,M_Req,missing_destination,72,Application-47-Service,EndDevice-47,Application-47-Service,6500
2499,Application-30,M_Req,missing_destination,55,Application-30-Service,EndDevice-30,Application-30-Service,6500
2502,Application-29,M_Req,missing_destination,54,Application-29-Service,EndDevice-29,Application-29-Service,6500
2506,Application-45,M_Req,missing_destination,70,Application-45-Service,EndDevice-45,Application-45-Service,6500
2510,Application-35,M_Req,missing_destination,60,Application-35-Service,EndDevice-35,Application-35-Service,6500
2512,Application-48,M_Req,missing_destination,73,Application-48-Service,EndDevice-48,Application-48-Service,6500
2520,Application-32,M_Req,missing_destination,57,Application-32-Service,EndDevice-32,Application-32-Service,6600
2528,Application-46,M_Req,missing_destination,71,Application-46-Service,EndDevice-46,Application-46-Service,6600
2531,Application-24,M_Req,missing_destination,49,Application-24-Service,EndDevice-24,Application-24-Service,6600
2532,Application-47,M_Req,missing_destination,72,Application-47-Service,EndDevice-47,Application-47-Service,6600
2579,Application-24,M_Req,missing_destination,49,Application-24-Service,EndDevice-24,Application-24-Service,6700
2604,Application-1,M_Req,missing_destination,26,Application-1-Service,EndDevice-1,Application-1-Service,6800
2609,Application-3,M_Req,missing_destination,28,Application-3-Service,EndDevice-3,Application-3-Service,6800
2617,Application-2,M_Req,missing_destination,27,Application-2-Service,EndDevice-2,Application-2-Service,6800
2619,Application-46,M_Req,missing_destination,71,Application-46-Service,EndDevice-46,Application-46-Service,6900
2621,Application-24,M_Req,missing_destination,49,Application-24-Service,EndDevice-24,Application-24-Service,6900
2652,Application-1,M_Req,missing_destination,26,Application-1-Service,EndDevice-1,Application-1-Service,6900
2657,Application-3,M_Req,missing_destination,28,Application-3-Service,EndDevice-3,Application-3-Service,6900
2665,Application-2,M_Req,missing_destination,27,Application-2-Service,EndDevice-2,Application-2-Service,6900
2692,Application-1,M_Req,missing_destination,26,Application-1-Service,EndDevice-1,Application-1-Service,7000
2700,Application-7,M_Req,missing_destination,32,Application-7-Service,EndDevice-7,Application-7-Service,7100
2705,Application-5,M_Req,missing_destination,30,Application-5-Service,EndDevice-5,Application-5-Service,7100
2709,Application-11,M_Req,missing_destination,36,Application-11-Service,EndDevice-11,Application-11-Service,7100
2713,Application-10,M_Req,missing_destination,35,Application-10-Service,EndDevice-10,Application-10-Service,7100
2724,Application-6,M_Req,missing_destination,31,Application-6-Service,EndDevice-6,Application-6-Service,7100
2726,Application-8,M_Req,missing_destination,33,Application-8-Service,EndDevice-8,Application-8-Service,7100
2740,Application-1,M_Req,missing_destination,26,Application-1-Service,EndDevice-1,Application-1-Service,7100
2750,Application-5,M_Req,missing_destination,30,Application-5-Service,EndDevice-5,Application-5-Service,7200
2754,Application-11,M_Req,missing_destination,36,Application-11-Service,EndDevice-11,Application-11-Service,7200
2757,Application-10,M_Req,missing_destination,35,Application-10-Service,EndDevice-10,Application-10-Service,7200
2768,Application-6,M_Req,missing_destination,31,Application-6-Service,EndDevice-6,Application-6-Service,7200
2770,Application-8,M_Req,missing_destination,33,Application-8-Service,EndDevice-8,Application-8-Service,7200
2824,Application-45,M_Req,missing_destination,70,Application-45-Service,EndDevice-45,Application-45-Service,7400
2827,Application-31,M_Req,missing_destination,56,Application-31-Service,EndDevice-31,Application-31-Service,7400
2837,Application-32,M_Req,missing_destination,57,Application-32-Service,EndDevice-32,Application-32-Service,7400
2841,Application-48,M_Req,missing_destination,73,Application-48-Service,EndDevice-48,Application-48-Service,7400
2848,Application-46,M_Req,missing_destination,71,Application-46-Service,EndDevice-46,Application-46-Service,7500
2853,Application-30,M_Req,missing_destination,55,Application-30-Service,EndDevice-30,Application-30-Service,7500
2854,Application-47,M_Req,missing_destination,72,Application-47-Service,EndDevice-47,Application-47-Service,7500
2872,Application-45,M_Req,missing_destination,70,Application-45-Service,EndDevice-45,Application-45-Service,7500
2875,Application-31,M_Req,missing_destination,56,Application-31-Service,EndDevice-31,Application-31-Service,7500
2885,Application-32,M_Req,missing_destination,57,Application-32-Service,EndDevice-32,Application-32-Service,7500
2889,Application-48,M_Req,missing_destination,73,Application-48-Service,EndDevice-48,Application-48-Service,7500
2896,Application-46,M_Req,missing_destination,71,Application-46-Service,EndDevice-46,Application-46-Service,7600
2900,Application-30,M_Req,missing_destination,55,Application-30-Service,EndDevice-30,Application-30-Service,7600
2901,Application-47,M_Req,missing_destination,72,Application-47-Service,EndDevice-47,Application-47-Service,7600
2914,Application-45,M_Req,missing_destination,70,Application-45-Service,EndDevice-45,Application-45-Service,7600
2917,Application-31,M_Req,missing_destination,56,Application-31-Service,EndDevice-31,Application-31-Service,7600
2928,Application-48,M_Req,missing_destination,73,Application-48-Service,EndDevice-48,Application-48-Service,7700
2931,Application-20,M_Req,missing_destination,45,Application-20-Service,EndDevice-20,Application-20-Service,7700
2934,Application-32,M_Req,missing_destination,57,Application-32-Service,EndDevice-32,Application-32-Service,7700
2940,Application-3,M_Req,missing_destination,28,Application-3-Service,EndDevice-3,Application-3-Service,7700
2942,Application-19,M_Req,missing_destination,44,Application-19-Service,EndDevice-19,Application-19-Service,7700
2944,Application-46,M_Req,missing_destination,71,Application-46-Service,EndDevice-46,Application-46-Service,7700
2945,Application-22,M_Req,missing_destination,47,Application-22-Service,EndDevice-22,Application-22-Service,7700
2948,Application-30,M_Req,missing_destination,55,Application-30-Service,EndDevice-30,Application-30-Service,7700
2949,Application-47,M_Req,missing_destination,72,Application-47-Service,EndDevice-47,Application-47-Service,7700
2953,Application-17,M_Req,missing_destination,42,Application-17-Service,EndDevice-17,Application-17-Service,7700
2962,Application-45,M_Req,missing_destination,70,Application-45-Service,EndDevice-45,Application-45-Service,7700
2964,Application-18,M_Req,missing_destination,43,Application-18-Service,EndDevice-18,Application-18-Service,7700
2965,Application-31,M_Req,missing_destination,56,Application-31-Service,EndDevice-31,Application-31-Service,7700
2968,Application-1,M_Req,missing_destination,26,Application-1-Service,EndDevice-1,Application-1-Service,7700
2976,Application-48,M_Req,missing_destination,73,Application-48-Service,EndDevice-48,Application-48-Service,7800
2979,Application-20,M_Req,missing_destination,45,Application-20-Service,EndDevice-20,Application-20-Service,7800
2981,Application-32,M_Req,missing_destination,57,Application-32-Service,EndDevice-32,Application-32-Service,7800
2988,Application-46,M_Req,missing_destination,71,Application-46-Service,EndDevice-46,Application-46-Service,7800
2989,Application-22,M_Req,missing_destination,47,Application-22-Service,EndDevice-22,Application-22-Service,7800
2991,Application-30,M_Req,missing_destination,55,Application-30-Service,EndDevice-30,Application-30-Service,7800
2992,Application-47,M_Req,missing_destination,72,Application-47-Service,EndDevice-47,Application-47-Service,7800
3029,Application-32,M_Req,missing_destination,57,Application-32-Service,EndDevice-32,Application-32-Service,7900
3036,Application-46,M_Req,missing_destination,71,Application-46-Service,EndDevice-46,Application-46-Service,7900
3040,Application-47,M_Req,missing_destination,72,Application-47-Service,EndDevice-47,Application-47-Service,7900
3050,Application-45,M_Req,missing_destination,70,Application-45-Service,EndDevice-45,Application-45-Service,8000
3051,Application-12,M_Req,missing_destination,37,Application-12-Service,EndDevice-12,Application-12-Service,8000
3052,Application-18,M_Req,missing_destination,43,Application-18-Service,EndDevice-18,Application-18-Service,8000
3059,Application-9,M_Req,missing_destination,34,Application-9-Service,EndDevice-9,Application-9-Service,8000
3066,Application-36,M_Req,missing_destination,61,Application-36-Service,EndDevice-36,Application-36-Service,8000
3068,Application-11,M_Req,missing_destination,36,Application-11-Service,EndDevice-11,Application-11-Service,8000
3070,Application-10,M_Req,missing_destination,35,Application-10-Service,EndDevice-10,Application-10-Service,8000
3071,Application-32,M_Req,missing_destination,57,Application-32-Service,EndDevice-32,Application-32-Service,8000
3080,Application-34,M_Req,missing_destination,59,Application-34-Service,EndDevice-34,Application-34-Service,8100
3098,Application-45,M_Req,missing_destination,70,Application-45-Service,EndDevice-45,Application-45-Service,8100
3099,Application-12,M_Req,missing_destination,37,Application-12-Service,EndDevice-12,Application-12-Service,8100
3100,Application-18,M_Req,missing_destination,43,Application-18-Service,EndDevice-18,Application-18-Service,8100
3107,Application-9,M_Req,missing_destination,34,Application-9-Service,EndDevice-9,Application-9-Service,8100
3114,Application-36,M_Req,missing_destination,61,Application-36-Service,EndDevice-36,Application-36-Service,8100
3116,Application-11,M_Req,missing_destination,36,Application-11-Service,EndDevice-11,Application-11-Service,8100
3118,Application-10,M_Req,missing_destination,35,Application-10-Service,EndDevice-10,Application-10-Service,8100
3119,Application-32,M_Req,missing_destination,57,Application-32-Service,EndDevice-32,Application-32-Service,8100
3156,Application-11,M_Req,missing_destination,36,Application-11-Service,EndDevice-11,Application-11-Service,8300
3158,Application-32,M_Req,missing_destination,57,Application-32-Service,EndDevice-32,Application-32-Service,8300
3167,Application-20,M_Req,missing_destination,45,Application-20-Service,EndDevice-20,Application-20-Service,8300
3168,Application-18,M_Req,missing_destination,43,Application-18-Service,EndDevice-18,Application-18-Service,8300
3171,Application-29,M_Req,missing_destination,54,Application-29-Service,EndDevice-29,Application-29-Service,8300
3177,Application-4,M_Req,missing_destination,29,Application-4-Service,EndDevice-4,Application-4-Service,8300
3184,Application-30,M_Req,missing_destination,55,Application-30-Service,EndDevice-30,Application-30-Service,8300
3188,Application-31,M_Req,missing_destination,56,Application-31-Service,EndDevice-31,Application-31-Service,8300
3204,Application-11,M_Req,missing_destination,36,Application-11-Service,EndDevice-11,Application-11-Service,8400
3212,Application-20,M_Req,missing_destination,45,Application-20-Service,EndDevice-20,Application-20-Service,8400
3213,Application-18,M_Req,missing_destination,43,Application-18-Service,EndDevice-18,Application-18-Service,8400
3216,Application-29,M_Req,missing_destination,54,Application-29-Service,EndDevice-29,Application-29-Service,8400
3225,Application-30,M_Req,missing_destination,55,Application-30-Service,EndDevice-30,Application-30-Service,8400
3229,Application-31,M_Req,missing_destination,56,Application-31-Service,EndDevice-31,Application-31-Service,8400
3252,Application-11,M_Req,missing_destination,36,Application-11-Service,EndDevice-11,Application-11-Service,8500
3264,Application-29,M_Req,missing_destination,54,Application-29-Service,EndDevice-29,Application-29-Service,8500
3273,Application-30,M_Req,missing_destination,55,Application-30-Service,EndDevice-30,Application-30-Service,8500
3277,Application-31,M_Req,missing_destination,56,Application-31-Service,EndDevice-31,Application-31-Service,8500
3284,Application-6,M_Req,missing_destination,31,Application-6-Service,EndDevice-6,Application-6-Service,8600
3286,Application-42,M_Req,missing_destination,67,Application-42-Service,EndDevice-42,Application-42-Service,8600
3290,Application-19,M_Req,missing_destination,44,Application-19-Service,EndDevice-19,Application-19-Service,8600
3291,Application-48,M_Req,missing_destination,73,Application-48-Service,EndDevice-48,Application-48-Service,8600
3293,Application-7,M_Req,missing_destination,32,Application-7-Service,EndDevice-7,Application-7-Service,8600
3295,Application-43,M_Req,missing_destination,68,Application-43-Service,EndDevice-43,Application-43-Service,8600
3298,Application-11,M_Req,missing_destination,36,Application-11-Service,EndDevice-11,Application-11-Service,8600
3300,Application-41,M_Req,missing_destination,66,Application-41-Service,EndDevice-41,Application-41-Service,8600
3301,Application-8,M_Req,missing_destination,33,Application-8-Service,EndDevice-8,Application-8-Service,8600
3305,Application-44,M_Req,missing_destination,69,Application-44-Service,EndDevice-44,Application-44-Service,8600
3306,Application-29,M_Req,missing_destination,54,Application-29-Service,EndDevice-29,Application-29-Service,8600
3312,Application-5,M_Req,missing_destination,30,Application-5-Service,EndDevice-5,Application-5-Service,8700
3332,Application-6,M_Req,missing_destination,31,Application-6-Service,EndDevice-6,Application-6-Service,8700
3334,Application-42,M_Req,missing_destination,67,Application-42-Service,EndDevice-42,Application-42-Service,8700
3338,Application-19,M_Req,missing_destination,44,Application-19-Service,EndDevice-19,Application-19-Service,8700
3339,Application-48,M_Req,missing_destination,73,Application-48-Service,EndDevice-48,Application-48-Service,8700
3341,Application-7,M_Req,missing_destination,32,Application-7-Service,EndDevice-7,Application-7-Service,8700
3343,Application-43,M_Req,missing_destination,68,Application-43-Service,EndDevice-43,Application-43-Service,8700
3346,Application-11,M_Req,missing_destination,36,Application-11-Service,EndDevice-11,Application-11-Service,8700
3348,Application-41,M_Req,missing_destination,66,Application-41-Service,EndDevice-41,Application-41-Service,8700
3349,Application-8,M_Req,missing_destination,33,Application-8-Service,EndDevice-8,Application-8-Service,8700
3353,Application-44,M_Req,missing_destination,69,Application-44-Service,EndDevice-44,Application-44-Service,8700
3354,Application-29,M_Req,missing_destination,54,Application-29-Service,EndDevice-29,Application-29-Service,8700
3359,Application-5,M_Req,missing_destination,30,Application-5-Service,EndDevice-5,Application-5-Service,8800
3375,Application-6,M_Req,missing_destination,31,Application-6-Service,EndDevice-6,Application-6-Service,8800
3380,Application-19,M_Req,missing_destination,44,Application-19-Service,EndDevice-19,Application-19-Service,8800
3381,Application-48,M_Req,missing_destination,73,Application-48-Service,EndDevice-48,Application-48-Service,8800
3382,Application-7,M_Req,missing_destination,32,Application-7-Service,EndDevice-7,Application-7-Service,8800
3385,Application-11,M_Req,missing_destination,36,Application-11-Service,EndDevice-11,Application-11-Service,8900
3391,Application-12,M_Req,missing_destination,37,Application-12-Service,EndDevice-12,Application-12-Service,8900
3396,Application-4,M_Req,missing_destination,29,Application-4-Service,EndDevice-4,Application-4-Service,8900
3407,Application-5,M_Req,missing_destination,30,Application-5-Service,EndDevice-5,Application-5-Service,8900
3408,Application-3,M_Req,missing_destination,28,Application-3-Service,EndDevice-3,Application-3-Service,8900
3411,Application-31,M_Req,missing_destination,56,Application-31-Service,EndDevice-31,Application-31-Service,8900
3418,Application-10,M_Req,missing_destination,35,Application-10-Service,EndDevice-10,Application-10-Service,8900
3421,Application-2,M_Req,missing_destination,27,Application-2-Service,EndDevice-2,Application-2-Service,8900
3423,Application-6,M_Req,missing_destination,31,Application-6-Service,EndDevice-6,Application-6-Service,8900
3424,Application-9,M_Req,missing_destination,34,Application-9-Service,EndDevice-9,Application-9-Service,8900
3428,Application-19,M_Req,missing_destination,44,Application-19-Service,EndDevice-19,Application-19-Service,8900
3429,Application-48,M_Req,missing_destination,73,Application-48-Service,EndDevice-48,Application-48-Service,8900
3430,Application-7,M_Req,missing_destination,32,Application-7-Service,EndDevice-7,Application-7-Service,8900
3433,Application-11,M_Req,missing_destination,36,Application-11-Service,EndDevice-11,Application-11-Service,9000
3437,Application-12,M_Req,missing_destination,37,Application-12-Service,EndDevice-12,Application-12-Service,9000
3442,Application-4,M_Req,missing_destination,29,Application-4-Service,EndDevice-4,Application-4-Service,9000
3451,Application-5,M_Req,missing_destination,30,Application-5-Service,EndDevice-5,Application-5-Service,9000
3452,Application-3,M_Req,missing_destination,28,Application-3-Service,EndDevice-3,Application-3-Service,9000
3455,Application-31,M_Req,missing_destination,56,Application-31-Service,EndDevice-31,Application-31-Service,9000
3460,Application-10,M_Req,missing_destination,35,Application-10-Service,EndDevice-10,Application-10-Service,9000
3481,Application-11,M_Req,missing_destination,36,Application-11-Service,EndDevice-11,Application-11-Service,9100
3485,Application-12,M_Req,missing_destination,37,Application-12-Service,EndDevice-12,Application-12-Service,9100
3503,Application-31,M_Req,missing_destination,56,Application-31-Service,EndDevice-31,Application-31-Service,9100
3508,Application-10,M_Req,missing_destination,35,Application-10-Service,EndDevice-10,Application-10-Service,9100
3513,Application-21,M_Req,missing_destination,46,Application-21-Service,EndDevice-21,Application-21-Service,9200
3524,Application-11,M_Req,missing_destination,36,Application-11-Service,EndDevice-11,Application-11-Service,9200
3527,Application-12,M_Req,missing_destination,37,Application-12-Service,EndDevice-12,Application-12-Service,9200
3529,Application-29,M_Req,missing_destination,54,Application-29-Service,EndDevice-29,Application-29-Service,9200
3531,Application-26,M_Req,missing_destination,51,Application-26-Service,EndDevice-26,Application-26-Service,9200
3533,Application-22,M_Req,missing_destination,47,Application-22-Service,EndDevice-22,Application-22-Service,9200
3536,Application-24,M_Req,missing_destination,49,Application-24-Service,EndDevice-24,Application-24-Service,9200
3537,Application-46,M_Req,missing_destination,71,Application-46-Service,EndDevice-46,Application-46-Service,9300
3548,Application-23,M_Req,missing_destination,48,Application-23-Service,EndDevice-23,Application-23-Service,9300
3561,Application-21,M_Req,missing_destination,46,Application-21-Service,EndDevice-21,Application-21-Service,9300
3572,Application-11,M_Req,missing_destination,36,Application-11-Service,EndDevice-11,Application-11-Service,9300
3575,Application-12,M_Req,missing_destination,37,Application-12-Service,EndDevice-12,Application-12-Service,9300
3577,Application-29,M_Req,missing_destination,54,Application-29-Service,EndDevice-29,Application-29-Service,9300
3579,Application-26,M_Req,missing_destination,51,Application-26-Service,EndDevice-26,Application-26-Service,9300
3581,Application-22,M_Req,missing_destination,47,Application-22-Service,EndDevice-22,Application-22-Service,9300
3584,Application-24,M_Req,missing_destination,49,Application-24-Service,EndDevice-24,Application-24-Service,9300
3613,Application-43,M_Req,missing_destination,68,Application-43-Service,EndDevice-43,Application-43-Service,9500
3615,Application-41,M_Req,missing_destination,66,Application-41-Service,EndDevice-41,Application-41-Service,9500
3617,Application-44,M_Req,missing_destination,69,Application-44-Service,EndDevice-44,Application-44-Service,9500
3619,Application-26,M_Req,missing_destination,51,Application-26-Service,EndDevice-26,Application-26-Service,9500
3629,Application-30,M_Req,missing_destination,55,Application-30-Service,EndDevice-30,Application-30-Service,9500
3631,Application-29,M_Req,missing_destination,54,Application-29-Service,EndDevice-29,Application-29-Service,9500
3637,Application-31,M_Req,missing_destination,56,Application-31-Service,EndDevice-31,Application-31-Service,9500
3649,Application-42,M_Req,missing_destination,67,Application-42-Service,EndDevice-42,Application-42-Service,9500
3650,Application-32,M_Req,missing_destination,57,Application-32-Service,EndDevice-32,Application-32-Service,9500
3655,Application-48,M_Req,missing_destination,73,Application-48-Service,EndDevice-48,Application-48-Service,9500
3658,Application-6,M_Req,missing_destination,31,Application-6-Service,EndDevice-6,Application-6-Service,9500
3661,Application-43,M_Req,missing_destination,68,Application-43-Service,EndDevice-43,Application-43-Service,9600
3663,Application-41,M_Req,missing_destination,66,Application-41-Service,EndDevice-41,Application-41-Service,9600
3665,Application-44,M_Req,missing_destination,69,Application-44-Service,EndDevice-44,Application-44-Service,9600
3667,Application-26,M_Req,missing_destination,51,Application-26-Service,EndDevice-26,Application-26-Service,9600
3680,Application-31,M_Req,missing_destination,56,Application-31-Service,EndDevice-31,Application-31-Service,9600
3689,Application-42,M_Req,missing_destination,67,Application-42-Service,EndDevice-42,Application-42-Service,9600
3690,Application-32,M_Req,missing_destination,57,Application-32-Service,EndDevice-32,Application-32-Service,9600
3709,Application-43,M_Req,missing_destination,68,Application-43-Service,EndDevice-43,Application-43-Service,9700
3711,Application-41,M_Req,missing_destination,66,Application-41-Service,EndDevice-41,Application-41-Service,9700
3713,Application-44,M_Req,missing_destination,69,Application-44-Service,EndDevice-44,Application-44-Service,9700
3737,Application-42,M_Req,missing_destination,67,Application-42-Service,EndDevice-42,Application-42-Service,9700
3743,Application-39,M_Req,missing_destination,64,Application-39-Service,EndDevice-39,Application-39-Service,9800
3746,Application-9,M_Req,missing_destination,34,Application-9-Service,EndDevice-9,Application-9-Service,9800
3749,Application-11,M_Req,missing_destination,36,Application-11-Service,EndDevice-11,Application-11-Service,9800
3753,Application-41,M_Req,missing_destination,66,Application-41-Service,EndDevice-41,Application-41-Service,9800
3755,Application-44,M_Req,missing_destination,69,Application-44-Service,EndDevice-44,Application-44-Service,9800
3760,Application-24,M_Req,missing_destination,49,Application-24-Service,EndDevice-24,Application-24-Service,9800
3762,Application-38,M_Req,missing_destination,63,Application-38-Service,EndDevice-38,Application-38-Service,9800
3771,Application-37,M_Req,missing_destination,62,Application-37-Service,EndDevice-37,Application-37-Service,9900
3772,Application-23,M_Req,missing_destination,48,Application-23-Service,EndDevice-23,Application-23-Service,9900
3776,Application-27,M_Req,missing_destination,52,Application-27-Service,EndDevice-27,Application-27-Service,9900
3791,Application-39,M_Req,missing_destination,64,Application-39-Service,EndDevice-39,Application-39-Service,9900
3794,Application-9,M_Req,missing_destination,34,Application-9-Service,EndDevice-9,Application-9-Service,9900
3797,Application-11,M_Req,missing_destination,36,Application-11-Service,EndDevice-11,Application-11-Service,9900
3801,Application-41,M_Req,missing_destination,66,Application-41-Service,EndDevice-41,Application-41-Service,9900
3803,Application-44,M_Req,missing_destination,69,Application-44-Service,EndDevice-44,Application-44-Service,9900
3808,Application-24,M_Req,missing_destination,49,Application-24-Service,EndDevice-24,Application-24-Service,9900
3810,Application-38,M_Req,missing_destination,63,Application-38-Service,EndDevice-38,Application-38-Service,9900
3845,Application-4,M_Req,missing_destination,29,Application-4-Service,EndDevice-4,Application-4-Service,10100
3851,Application-2,M_Req,missing_destination,27,Application-2-Service,EndDevice-2,Application-2-Service,10100
3852,Application-45,M_Req,missing_destination,70,Application-45-Service,EndDevice-45,Application-45-Service,10100
3859,Application-26,M_Req,missing_destination,51,Application-26-Service,EndDevice-26,Application-26-Service,10100
3863,Application-3,M_Req,missing_destination,28,Application-3-Service,EndDevice-3,Application-3-Service,10100
3871,Application-48,M_Req,missing_destination,73,Application-48-Service,EndDevice-48,Application-48-Service,10100
3875,Application-1,M_Req,missing_destination,26,Application-1-Service,EndDevice-1,Application-1-Service,10100
3876,Application-46,M_Req,missing_destination,71,Application-46-Service,EndDevice-46,Application-46-Service,10100
3882,Application-47,M_Req,missing_destination,72,Application-47-Service,EndDevice-47,Application-47-Service,10100
3892,Application-4,M_Req,missing_destination,29,Application-4-Service,EndDevice-4,Application-4-Service,10200
3898,Application-2,M_Req,missing_destination,27,Application-2-Service,EndDevice-2,Application-2-Service,10200
3904,Application-26,M_Req,missing_destination,51,Application-26-Service,EndDevice-26,Application-26-Service,10200
3907,Application-3,M_Req,missing_destination,28,Application-3-Service,EndDevice-3,Application-3-Service,10200
3913,Application-48,M_Req,missing_destination,73,Application-48-Service,EndDevice-48,Application-48-Service,10200
3916,Application-1,M_Req,missing_destination,26,Application-1-Service,EndDevice-1,Application-1-Service,10200
3917,Application-46,M_Req,missing_destination,71,Application-46-Service,EndDevice-46,Application-46-Service,10200
3967,Application-19,M_Req,missing_destination,44,Application-19-Service,EndDevice-19,Application-19-Service,10400
3974,Application-18,M_Req,missing_destination,43,Application-18-Service,EndDevice-18,Application-18-Service,10400
3976,Application-20,M_Req,missing_destination,45,Application-20-Service,EndDevice-20,Application-20-Service,10400
3980,Application-13,M_Req,missing_destination,38,Application-13-Service,EndDevice-13,Application-13-Service,10400
3984,Application-44,M_Req,missing_destination,69,Application-44-Service,EndDevice-44,Application-44-Service,10400
3988,Application-38,M_Req,missing_destination,63,Application-38-Service,EndDevice-38,Application-38-Service,10400
3989,Application-15,M_Req,missing_destination,40,Application-15-Service,EndDevice-15,Application-15-Service,10400
3991,Application-17,M_Req,missing_destination,42,Application-17-Service,EndDevice-17,Application-17-Service,10400
3992,Application-14,M_Req,missing_destination,39,Application-14-Service,EndDevice-14,Application-14-Service,10400
3995,Application-16,M_Req,missing_destination,41,Application-16-Service,EndDevice-16,Application-16-Service,10400
4002,Application-43,M_Req,missing_destination,68,Application-43-Service,EndDevice-43,Application-43-Service,10500
4015,Application-19,M_Req,missing_destination,44,Application-19-Service,EndDevice-19,Application-19-Service,10500
4022,Application-18,M_Req,missing_destination,43,Application-18-Service,EndDevice-18,Application-18-Service,10500
4024,Application-20,M_Req,missing_destination,45,Application-20-Service,EndDevice-20,Application-20-Service,10500
4028,Application-13,M_Req,missing_destination,38,Application-13-Service,EndDevice-13,Application-13-Service,10500
4032,Application-44,M_Req,missing_destination,69,Application-44-Service,EndDevice-44,Application-44-Service,10500
4036,Application-38,M_Req,missing_destination,63,Application-38-Service,EndDevice-38,Application-38-Service,10500
4037,Application-15,M_Req,missing_destination,40,Application-15-Service,EndDevice-15,Application-15-Service,10500
4039,Application-17,M_Req,missing_destination,42,Application-17-Service,EndDevice-17,Application-17-Service,10500
4040,Application-14,M_Req,missing_destination,39,Application-14-Service,EndDevice-14,Application-14-Service,10500
4043,Application-16,M_Req,missing_destination,41,Application-16-Service,EndDevice-16,Application-16-Service,10500
4069,Application-13,M_Req,missing_destination,38,Application-13-Service,EndDevice-13,Application-13-Service,10600
4073,Application-44,M_Req,missing_destination,69,Application-44-Service,EndDevice-44,Application-44-Service,10700
4079,Application-17,M_Req,missing_destination,42,Application-17-Service,EndDevice-17,Application-17-Service,10700
4084,Application-30,M_Req,missing_destination,55,Application-30-Service,EndDevice-30,Application-30-Service,10700
4091,Application-7,M_Req,missing_destination,32,Application-7-Service,EndDevice-7,Application-7-Service,10700
4094,Application-31,M_Req,missing_destination,56,Application-31-Service,EndDevice-31,Application-31-Service,10700
4096,Application-32,M_Req,missing_destination,57,Application-32-Service,EndDevice-32,Application-32-Service,10700
4105,Application-25,M_Req,missing_destination,50,Application-25-Service,EndDevice-25,Application-25-Service,10700
4109,Application-6,M_Req,missing_destination,31,Application-6-Service,EndDevice-6,Application-6-Service,10700
4112,Application-29,M_Req,missing_destination,54,Application-29-Service,EndDevice-29,Application-29-Service,10700
4117,Application-13,M_Req,missing_destination,38,Application-13-Service,EndDevice-13,Application-13-Service,10700
4119,Application-5,M_Req,missing_destination,30,Application-5-Service,EndDevice-5,Application-5-Service,10700
4120,Application-8,M_Req,missing_destination,33,Application-8-Service,EndDevice-8,Application-8-Service,10700
4121,Application-44,M_Req,missing_destination,69,Application-44-Service,EndDevice-44,Application-44-Service,10800
4130,Application-30,M_Req,missing_destination,55,Application-30-Service,EndDevice-30,Application-30-Service,10800
4137,Application-7,M_Req,missing_destination,32,Application-7-Service,EndDevice-7,Application-7-Service,10800
4139,Application-31,M_Req,missing_destination,56,Application-31-Service,EndDevice-31,Application-31-Service,10800
4147,Application-25,M_Req,missing_destination,50,Application-25-Service,EndDevice-25,Application-25-Service,10800
4206,Application-45,M_Req,missing_destination,70,Application-45-Service,EndDevice-45,Application-45-Service,11000
4214,Application-44,M_Req,missing_destination,69,Application-44-Service,EndDevice-44,Application-44-Service,11000
4219,Application-14,M_Req,missing_destination,39,Application-14-Service,EndDevice-14,Application-14-Service,11000
4220,Application-26,M_Req,missing_destination,51,Application-26-Service,EndDevice-26,Application-26-Service,11000
4221,Application-30,M_Req,missing_destination,55,Application-30-Service,EndDevice-30,Application-30-Service,11000
4222,Application-16,M_Req,missing_destination,41,Application-16-Service,EndDevice-16,Application-16-Service,11000
4225,Application-47,M_Req,missing_destination,72,Application-47-Service,EndDevice-47,Application-47-Service,11000
4228,Application-31,M_Req,missing_destination,56,Application-31-Service,EndDevice-31,Application-31-Service,11100
4231,Application-46,M_Req,missing_destination,71,Application-46-Service,EndDevice-46,Application-46-Service,11100
4232,Application-41,M_Req,missing_destination,66,Application-41-Service,EndDevice-41,Application-41-Service,11100
4254,Application-45,M_Req,missing_destination,70,Application-45-Service,EndDevice-45,Application-45-Service,11100
4262,Application-44,M_Req,missing_destination,69,Application-44-Service,EndDevice-44,Application-44-Service,11100
4267,Application-14,M_Req,missing_destination,39,Application-14-Service,EndDevice-14,Application-14-Service,11100
4268,Application-26,M_Req,missing_destination,51,Application-26-Service,EndDevice-26,Application-26-Service,11100
4269,Application-30,M_Req,missing_destination,55,Application-30-Service,EndDevice-30,Application-30-Service,11100
4270,Application-16,M_Req,missing_destination,41,Application-16-Service,EndDevice-16,Application-16-Service,11100
4273,Application-47,M_Req,missing_destination,72,Application-47-Service,EndDevice-47,Application-47-Service,11100
4306,Application-38,M_Req,missing_destination,63,Application-38-Service,EndDevice-38,Application-38-Service,11300
4309,Application-26,M_Req,missing_destination,51,Application-26-Service,EndDevice-26,Application-26-Service,11300
4310,Application-30,M_Req,missing_destination,55,Application-30-Service,EndDevice-30,Application-30-Service,11300
4322,Application-37,M_Req,missing_destination,62,Application-37-Service,EndDevice-37,Application-37-Service,11300
4328,Application-25,M_Req,missing_destination,50,Application-25-Service,EndDevice-25,Application-25-Service,11300
4336,Application-40,M_Req,missing_destination,65,Application-40-Service,EndDevice-40,Application-40-Service,11300
4340,Application-39,M_Req,missing_destination,64,Application-39-Service,EndDevice-39,Application-39-Service,11300
4341,Application-29,M_Req,missing_destination,54,Application-29-Service,EndDevice-29,Application-29-Service,11300
4343,Application-13,M_Req,missing_destination,38,Application-13-Service,EndDevice-13,Application-13-Service,11300
4344,Application-27,M_Req,missing_destination,52,Application-27-Service,EndDevice-27,Application-27-Service,11300
4349,Application-28,M_Req,missing_destination,53,Application-28-Service,EndDevice-28,Application-28-Service,11300
4354,Application-38,M_Req,missing_destination,63,Application-38-Service,EndDevice-38,Application-38-Service,11400
4357,Application-26,M_Req,missing_destination,51,Application-26-Service,EndDevice-26,Application-26-Service,11400
4366,Application-37,M_Req,missing_destination,62,Application-37-Service,EndDevice-37,Application-37-Service,11400
4370,Application-25,M_Req,missing_destination,50,Application-25-Service,EndDevice-25,Application-25-Service,11400
4425,Application-36,M_Req,missing_destination,61,Application-36-Service,EndDevice-36,Application-36-Service,11600
4428,Application-33,M_Req,missing_destination,58,Application-33-Service,EndDevice-33,Application-33-Service,11600
4429,Application-13,M_Req,missing_destination,38,Application-13-Service,EndDevice-13,Application-13-Service,11600
4431,Application-34,M_Req,missing_destination,59,Application-34-Service,EndDevice-34,Application-34-Service,11600
4436,Application-42,M_Req,missing_destination,67,Application-42-Service,EndDevice-42,Application-42-Service,11600
4447,Application-22,M_Req,missing_destination,47,Application-22-Service,EndDevice-22,Application-22-Service,11600
4449,Application-15,M_Req,missing_destination,40,Application-15-Service,EndDevice-15,Application-15-Service,11600
4454,Application-43,M_Req,missing_destination,68,Application-43-Service,EndDevice-43,Application-43-Service,11600
4455,Application-21,M_Req,missing_destination,46,Application-21-Service,EndDevice-21,Application-21-Service,11600
4462,Application-23,M_Req,missing_destination,48,Application-23-Service,EndDevice-23,Application-23-Service,11700
4473,Application-36,M_Req,missing_destination,61,Application-36-Service,EndDevice-36,Application-36-Service,11700
4476,Application-33,M_Req,missing_destination,58,Application-33-Service,EndDevice-33,Application-33-Service,11700
4477,Application-13,M_Req,missing_destination,38,Application-13-Service,EndDevice-13,Application-13-Service,11700
4479,Application-34,M_Req,missing_destination,59,Application-34-Service,EndDevice-34,Application-34-Service,11700
4484,Application-42,M_Req,missing_destination,67,Application-42-Service,EndDevice-42,Application-42-Service,11700
4495,Application-22,M_Req,missing_destination,47,Application-22-Service,EndDevice-22,Application-22-Service,11700
4497,Application-15,M_Req,missing_destination,40,Application-15-Service,EndDevice-15,Application-15-Service,11700
4502,Application-43,M_Req,missing_destination,68,Application-43-Service,EndDevice-43,Application-43-Service,11700
4503,Application-21,M_Req,missing_destination,46,Application-21-Service,EndDevice-21,Application-21-Service,11700
4510,Application-23,M_Req,missing_destination,48,Application-23-Service,EndDevice-23,Application-23-Service,11800
4542,Application-21,M_Req,missing_destination,46,Application-21-Service,EndDevice-21,Application-21-Service,11900
4549,Application-41,M_Req,missing_destination,66,Application-41-Service,EndDevice-41,Application-41-Service,11900
4550,Application-13,M_Req,missing_destination,38,Application-13-Service,EndDevice-13,Application-13-Service,11900
4558,Application-23,M_Req,missing_destination,48,Application-23-Service,EndDevice-23,Application-23-Service,11900
4561,Application-18,M_Req,missing_destination,43,Application-18-Service,EndDevice-18,Application-18-Service,11900
4563,Application-19,M_Req,missing_destination,44,Application-19-Service,EndDevice-19,Application-19-Service,11900
4564,Application-20,M_Req,missing_destination,45,Application-20-Service,EndDevice-20,Application-20-Service,11900
4571,Application-17,M_Req,missing_destination,42,Application-17-Service,EndDevice-17,Application-17-Service,11900
4574,Application-28,M_Req,missing_destination,53,Application-28-Service,EndDevice-28,Application-28-Service,11900
4582,Application-16,M_Req,missing_destination,41,Application-16-Service,EndDevice-16,Application-16-Service,11900
4590,Application-21,M_Req,missing_destination,46,Application-21-Service,EndDevice-21,Application-21-Service,12000
4597,Application-41,M_Req,missing_destination,66,Application-41-Service,EndDevice-41,Application-41-Service,12000
4598,Application-13,M_Req,missing_destination,38,Application-13-Service,EndDevice-13,Application-13-Service,12000
4606,Application-18,M_Req,missing_destination,43,Application-18-Service,EndDevice-18,Application-18-Service,12000
4608,Application-19,M_Req,missing_destination,44,Application-19-Service,EndDevice-19,Application-19-Service,12000
4645,Application-41,M_Req,missing_destination,66,Application-41-Service,EndDevice-41,Application-41-Service,12100
4660,Application-17,M_Req,missing_destination,42,Application-17-Service,EndDevice-17,Application-17-Service,12200
4670,Application-20,M_Req,missing_destination,45,Application-20-Service,EndDevice-20,Application-20-Service,12200
4677,Application-26,M_Req,missing_destination,51,Application-26-Service,EndDevice-26,Application-26-Service,12200
4679,Application-43,M_Req,missing_destination,68,Application-43-Service,EndDevice-43,Application-43-Service,12200
4686,Application-27,M_Req,missing_destination,52,Application-27-Service,EndDevice-27,Application-27-Service,12200
4687,Application-41,M_Req,missing_destination,66,Application-41-Service,EndDevice-41,Application-41-Service,12200
4690,Application-25,M_Req,missing_destination,50,Application-25-Service,EndDevice-25,Application-25-Service,12300
4696,Application-24,M_Req,missing_destination,49,Application-24-Service,EndDevice-24,Application-24-Service,12300
4708,Application-17,M_Req,missing_destination,42,Application-17-Service,EndDevice-17,Application-17-Service,12300
4718,Application-20,M_Req,missing_destination,45,Application-20-Service,EndDevice-20,Application-20-Service,12300
4725,Application-26,M_Req,missing_destination,51,Application-26-Service,EndDevice-26,Application-26-Service,12300
4727,Application-43,M_Req,missing_destination,68,Application-43-Service,EndDevice-43,Application-43-Service,12300
4734,Application-27,M_Req,missing_destination,52,Application-27-Service,EndDevice-27,Application-27-Service,12300
4735,Application-41,M_Req,missing_destination,66,Application-41-Service,EndDevice-41,Application-41-Service,12300
4743,Application-24,M_Req,missing_destination,49,Application-24-Service,EndDevice-24,Application-24-Service,12400
4778,Application-37,M_Req,missing_destination,62,Application-37-Service,EndDevice-37,Application-37-Service,12500
4783,Application-2,M_Req,missing_destination,27,Application-2-Service,EndDevice-2,Application-2-Service,12500
4789,Application-4,M_Req,missing_destination,29,Application-4-Service,EndDevice-4,Application-4-Service,12500
4791,Application-24,M_Req,missing_destination,49,Application-24-Service,EndDevice-24,Application-24-Service,12500
4793,Application-38,M_Req,missing_destination,63,Application-38-Service,EndDevice-38,Application-38-Service,12500
4797,Application-39,M_Req,missing_destination,64,Application-39-Service,EndDevice-39,Application-39-Service,12500
4805,Application-40,M_Req,missing_destination,65,Application-40-Service,EndDevice-40,Application-40-Service,12500
4808,Application-3,M_Req,missing_destination,28,Application-3-Service,EndDevice-3,Application-3-Service,12500
4811,Application-23,M_Req,missing_destination,48,Application-23-Service,EndDevice-23,Application-23-Service,12500
4812,Application-1,M_Req,missing_destination,26,Application-1-Service,EndDevice-1,Application-1-Service,12500
4822,Application-37,M_Req,missing_destination,62,Application-37-Service,EndDevice-37,Application-37-Service,12600
4826,Application-2,M_Req,missing_destination,27,Application-2-Service,EndDevice-2,Application-2-Service,12600
4833,Application-24,M_Req,missing_destination,49,Application-24-Service,EndDevice-24,Application-24-Service,12600
4834,Application-38,M_Req,missing_destination,63,Application-38-Service,EndDevice-38,Application-38-Service,12600
4874,Application-2,M_Req,missing_destination,27,Application-2-Service,EndDevice-2,Application-2-Service,12700
4881,Application-24,M_Req,missing_destination,49,Application-24-Service,EndDevice-24,Application-24-Service,12700
4887,Application-33,M_Req,missing_destination,58,Application-33-Service,EndDevice-33,Application-33-Service,12800
4888,Application-34,M_Req,missing_destination,59,Application-34-Service,EndDevice-34,Application-34-Service,12800
4890,Application-32,M_Req,missing_destination,57,Application-32-Service,EndDevice-32,Application-32-Service,12800
4905,Application-14,M_Req,missing_destination,39,Application-14-Service,EndDevice-14,Application-14-Service,12800
4914,Application-35,M_Req,missing_destination,60,Application-35-Service,EndDevice-35,Application-35-Service,12800
4915,Application-2,M_Req,missing_destination,27,Application-2-Service,EndDevice-2,Application-2-Service,12800
4935,Application-33,M_Req,missing_destination,58,Application-33-Service,EndDevice-33,Application-33-Service,12900
4936,Application-34,M_Req,missing_destination,59,Application-34-Service,EndDevice-34,Application-34-Service,12900
4938,Application-32,M_Req,missing_destination,57,Application-32-Service,EndDevice-32,Application-32-Service,12900
4953,Application-14,M_Req,missing_destination,39,Application-14-Service,EndDevice-14,Application-14-Service,12900
4962,Application-35,M_Req,missing_destination,60,Application-35-Service,EndDevice-35,Application-35-Service,12900
4963,Application-2,M_Req,missing_destination,27,Application-2-Service,EndDevice-2,Application-2-Service,12900
4994,Application-43,M_Req,missing_destination,68,Application-43-Service,EndDevice-43,Application-43-Service,13100
4995,Application-21,M_Req,missing_destination,46,Application-21-Service,EndDevice-21,Application-21-Service,13100
4996,Application-47,M_Req,missing_destination,72,Application-47-Service,EndDevice-47,Application-47-Service,13100
5000,Application-41,M_Req,missing_destination,66,Application-41-Service,EndDevice-41,Application-41-Service,13100
5010,Application-45,M_Req,missing_destination,70,Application-45-Service,EndDevice-45,Application-45-Service,13100
5012,Application-22,M_Req,missing_destination,47,Application-22-Service,EndDevice-22,Application-22-Service,13100
5013,Application-46,M_Req,missing_destination,71,Application-46-Service,EndDevice-46,Application-46-Service,13100
5018,Application-31,M_Req,missing_destination,56,Application-31-Service,EndDevice-31,Application-31-Service,13100
5020,Application-30,M_Req,missing_destination,55,Application-30-Service,EndDevice-30,Application-30-Service,13100
5026,Application-42,M_Req,missing_destination,67,Application-42-Service,EndDevice-42,Application-42-Service,13100
5036,Application-48,M_Req,missing_destination,73,Application-48-Service,EndDevice-48,Application-48-Service,13100
5037,Application-3,M_Req,missing_destination,28,Application-3-Service,EndDevice-3,Application-3-Service,13100
5040,Application-43,M_Req,missing_destination,68,Application-43-Service,EndDevice-43,Application-43-Service,13200
5041,Application-21,M_Req,missing_destination,46,Application-21-Service,EndDevice-21,Application-21-Service,13200
5042,Application-47,M_Req,missing_destination,72,Application-47-Service,EndDevice-47,Application-47-Service,13200
5054,Application-45,M_Req,missing_destination,70,Application-45-Service,EndDevice-45,Application-45-Service,13200
5056,Application-46,M_Req,missing_destination,71,Application-46-Service,EndDevice-46,Application-46-Service,13200
5061,Application-31,M_Req,missing_destination,56,Application-31-Service,EndDevice-31,Application-31-Service,13200
5063,Application-30,M_Req,missing_destination,55,Application-30-Service,EndDevice-30,Application-30-Service,13200
5088,Application-43,M_Req,missing_destination,68,Application-43-Service,EndDevice-43,Application-43-Service,13300
5109,Application-31,M_Req,missing_destination,56,Application-31-Service,EndDevice-31,Application-31-Service,13300
5111,Application-30,M_Req,missing_destination,55,Application-30-Service,EndDevice-30,Application-30-Service,13300
5116,Application-34,M_Req,missing_destination,59,Application-34-Service,EndDevice-34,Application-34-Service,13400
5128,Application-42,M_Req,missing_destination,67,Application-42-Service,EndDevice-42,Application-42-Service,13400
5129,Application-36,M_Req,missing_destination,61,Application-36-Service,EndDevice-36,Application-36-Service,13400
5130,Application-43,M_Req,missing_destination,68,Application-43-Service,EndDevice-43,Application-43-Service,13400
5139,Application-33,M_Req,missing_destination,58,Application-33-Service,EndDevice-33,Application-33-Service,13400
5148,Application-31,M_Req,missing_destination,56,Application-31-Service,EndDevice-31,Application-31-Service,13500
5149,Application-29,M_Req,missing_destination,54,Application-29-Service,EndDevice-29,Application-29-Service,13500
5150,Application-30,M_Req,missing_destination,55,Application-30-Service,EndDevice-30,Application-30-Service,13500
5164,Application-34,M_Req,missing_destination,59,Application-34-Service,EndDevice-34,Application-34-Service,13500
5176,Application-42,M_Req,missing_destination,67,Application-42-Service,EndDevice-42,Application-42-Service,13500
5177,Application-36,M_Req,missing_destination,61,Application-36-Service,EndDevice-36,Application-36-Service,13500
5178,Application-43,M_Req,missing_destination,68,Application-43-Service,EndDevice-43,Application-43-Service,13500
5187,Application-33,M_Req,missing_destination,58,Application-33-Service,EndDevice-33,Application-33-Service,13500
5210,Application-34,M_Req,missing_destination,59,Application-34-Service,EndDevice-34,Application-34-Service,13600
5219,Application-42,M_Req,missing_destination,67,Application-42-Service,EndDevice-42,Application-42-Service,13600
5220,Application-36,M_Req,missing_destination,61,Application-36-Service,EndDevice-36,Application-36-Service,13600
5223,Application-27,M_Req,missing_destination,52,Application-27-Service,EndDevice-27,Application-27-Service,13700
5231,Application-14,M_Req,missing_destination,39,Application-14-Service,EndDevice-14,Application-14-Service,13700
5235,Application-21,M_Req,missing_destination,46,Application-21-Service,EndDevice-21,Application-21-Service,13700
5240,Application-25,M_Req,missing_destination,50,Application-25-Service,EndDevice-25,Application-25-Service,13700
5242,Application-13,M_Req,missing_destination,38,Application-13-Service,EndDevice-13,Application-13-Service,13700
5250,Application-16,M_Req,missing_destination,41,Application-16-Service,EndDevice-16,Application-16-Service,13700
5253,Application-15,M_Req,missing_destination,40,Application-15-Service,EndDevice-15,Application-15-Service,13700
5258,Application-34,M_Req,missing_destination,59,Application-34-Service,EndDevice-34,Application-34-Service,13700
5263,Application-28,M_Req,missing_destination,53,Application-28-Service,EndDevice-28,Application-28-Service,13700
5266,Application-26,M_Req,missing_destination,51,Application-26-Service,EndDevice-26,Application-26-Service,13700
5267,Application-42,M_Req,missing_destination,67,Application-42-Service,EndDevice-42,Application-42-Service,13700
5268,Application-36,M_Req,missing_destination,61,Application-36-Service,EndDevice-36,Application-36-Service,13700
5271,Application-27,M_Req,missing_destination,52,Application-27-Service,EndDevice-27,Application-27-Service,13800
5278,Application-14,M_Req,missing_destination,39,Application-14-Service,EndDevice-14,Application-14-Service,13800
5282,Application-21,M_Req,missing_destination,46,Application-21-Service,EndDevice-21,Application-21-Service,13800
5286,Application-25,M_Req,missing_destination,50,Application-25-Service,EndDevice-25,Application-25-Service,13800
5293,Application-16,M_Req,missing_destination,41,Application-16-Service,EndDevice-16,Application-16-Service,13800
5296,Application-15,M_Req,missing_destination,40,Application-15-Service,EndDevice-15,Application-15-Service,13800
5350,Application-6,M_Req,missing_destination,31,Application-6-Service,EndDevice-6,Application-6-Service,14000
5359,Application-38,M_Req,missing_destination,63,Application-38-Service,EndDevice-38,Application-38-Service,14000
5361,Application-37,M_Req,missing_destination,62,Application-37-Service,EndDevice-37,Application-37-Service,14000
5367,Application-8,M_Req,missing_destination,33,Application-8-Service,EndDevice-8,Application-8-Service,14000
5373,Application-39,M_Req,missing_destination,64,Application-39-Service,EndDevice-39,Application-39-Service,14000
5377,Application-5,M_Req,missing_destination,30,Application-5-Service,EndDevice-5,Application-5-Service,14100
5378,Application-7,M_Req,missing_destination,32,Application-7-Service,EndDevice-7,Application-7-Service,14100
5383,Application-40,M_Req,missing_destination,65,Application-40-Service,EndDevice-40,Application-40-Service,14100
5398,Application-6,M_Req,missing_destination,31,Application-6-Service,EndDevice-6,Application-6-Service,14100
5407,Application-38,M_Req,missing_destination,63,Application-38-Service,EndDevice-38,Application-38-Service,14100
5409,Application-37,M_Req,missing_destination,62,Application-37-Service,EndDevice-37,Application-37-Service,14100
5415,Application-8,M_Req,missing_destination,33,Application-8-Service,EndDevice-8,Application-8-Service,14100
5421,Application-39,M_Req,missing_destination,64,Application-39-Service,EndDevice-39,Application-39-Service,14100
5452,Application-27,M_Req,missing_destination,52,Application-27-Service,EndDevice-27,Application-27-Service,14300
5473,Application-5,M_Req,missing_destination,30,Application-5-Service,EndDevice-5,Application-5-Service,14300
5474,Application-7,M_Req,missing_destination,32,Application-7-Service,EndDevice-7,Application-7-Service,14300
5482,Application-28,M_Req,missing_destination,53,Application-28-Service,EndDevice-28,Application-28-Service,14300
5485,Application-25,M_Req,missing_destination,50,Application-25-Service,EndDevice-25,Application-25-Service,14300
5488,Application-6,M_Req,missing_destination,31,Application-6-Service,EndDevice-6,Application-6-Service,14300
5500,Application-27,M_Req,missing_destination,52,Application-27-Service,EndDevice-27,Application-27-Service,14400
5519,Application-5,M_Req,missing_destination,30,Application-5-Service,EndDevice-5,Application-5-Service,14400
5520,Application-7,M_Req,missing_destination,32,Application-7-Service,EndDevice-7,Application-7-Service,14400
5526,Application-28,M_Req,missing_destination,53,Application-28-Service,EndDevice-28,Application-28-Service,14400
5529,Application-25,M_Req,missing_destination,50,Application-25-Service,EndDevice-25,Application-25-Service,14400
5548,Application-27,M_Req,missing_destination,52,Application-27-Service,EndDevice-27,Application-27-Service,14500
5574,Application-28,M_Req,missing_destination,53,Application-28-Service,EndDevice-28,Application-28-Service,14500
5577,Application-25,M_Req,missing_destination,50,Application-25-Service,EndDevice-25,Application-25-Service,14500
5582,Application-23,M_Req,missing_destination,48,Application-23-Service,EndDevice-23,Application-23-Service,14600
5583,Application-13,M_Req,missing_destination,38,Application-13-Service,EndDevice-13,Application-13-Service,14600
5584,Application-16,M_Req,missing_destination,41,Application-16-Service,EndDevice-16,Application-16-Service,14600
5589,Application-22,M_Req,missing_destination,47,Application-22-Service,EndDevice-22,Application-22-Service,14600
5590,Application-27,M_Req,missing_destination,52,Application-27-Service,EndDevice-27,Application-27-Service,14600
5592,Application-35,M_Req,missing_destination,60,Application-35-Service,EndDevice-35,Application-35-Service,14600
5593,Application-8,M_Req,missing_destination,33,Application-8-Service,EndDevice-8,Application-8-Service,14600
5594,Application-32,M_Req,missing_destination,57,Application-32-Service,EndDevice-32,Application-32-Service,14600
5597,Application-14,M_Req,missing_destination,39,Application-14-Service,EndDevice-14,Application-14-Service,14600
5599,Application-21,M_Req,missing_destination,46,Application-21-Service,EndDevice-21,Application-21-Service,14600
5610,Application-29,M_Req,missing_destination,54,Application-29-Service,EndDevice-29,Application-29-Service,14700
5613,Application-15,M_Req,missing_destination,40,Application-15-Service,EndDevice-15,Application-15-Service,14700
5614,Application-28,M_Req,missing_destination,53,Application-28-Service,EndDevice-28,Application-28-Service,14700
5616,Application-31,M_Req,missing_destination,56,Application-31-Service,EndDevice-31,Application-31-Service,14700
5630,Application-23,M_Req,missing_destination,48,Application-23-Service,EndDevice-23,Application-23-Service,14700
5631,Application-13,M_Req,missing_destination,38,Application-13-Service,EndDevice-13,Application-13-Service,14700
5632,Application-16,M_Req,missing_destination,41,Application-16-Service,EndDevice-16,Application-16-Service,14700
5637,Application-22,M_Req,missing_destination,47,Application-22-Service,EndDevice-22,Application-22-Service,14700
5638,Application-27,M_Req,missing_destination,52,Application-27-Service,EndDevice-27,Application-27-Service,14700
5640,Application-35,M_Req,missing_destination,60,Application-35-Service,EndDevice-35,Application-35-Service,14700
5641,Application-8,M_Req,missing_destination,33,Application-8-Service,EndDevice-8,Application-8-Service,14700
5642,Application-32,M_Req,missing_destination,57,Application-32-Service,EndDevice-32,Application-32-Service,14700
5645,Application-14,M_Req,missing_destination,39,Application-14-Service,EndDevice-14,Application-14-Service,14700
5647,Application-21,M_Req,missing_destination,46,Application-21-Service,EndDevice-21,Application-21-Service,14700
5658,Application-29,M_Req,missing_destination,54,Application-29-Service,EndDevice-29,Application-29-Service,14800
5663,Application-31,M_Req,missing_destination,56,Application-31-Service,EndDevice-31,Application-31-Service,14800
5671,Application-23,M_Req,missing_destination,48,Application-23-Service,EndDevice-23,Application-23-Service,14800
5679,Application-35,M_Req,missing_destination,60,Application-35-Service,EndDevice-35,Application-35-Service,14900
5687,Application-11,M_Req,missing_destination,36,Application-11-Service,EndDevice-11,Application-11-Service,14900
5689,Application-34,M_Req,missing_destination,59,Application-34-Service,EndDevice-34,Application-34-Service,14900
5694,Application-36,M_Req,missing_destination,61,Application-36-Service,EndDevice-36,Application-36-Service,14900
5701,Application-12,M_Req,missing_destination,37,Application-12-Service,EndDevice-12,Application-12-Service,14900
5702,Application-33,M_Req,missing_destination,58,Application-33-Service,EndDevice-33,Application-33-Service,14900
5706,Application-29,M_Req,missing_destination,54,Application-29-Service,EndDevice-29,Application-29-Service,14900
5711,Application-31,M_Req,missing_destination,56,Application-31-Service,EndDevice-31,Application-31-Service,14900
5712,Application-10,M_Req,missing_destination,35,Application-10-Service,EndDevice-10,Application-10-Service,14900
5713,Application-9,M_Req,missing_destination,34,Application-9-Service,EndDevice-9,Application-9-Service,14900
5719,Application-23,M_Req,missing_destination,48,Application-23-Service,EndDevice-23,Application-23-Service,14900
5726,Application-35,M_Req,missing_destination,60,Application-35-Service,EndDevice-35,Application-35-Service,15000
5733,Application-11,M_Req,missing_destination,36,Application-11-Service,EndDevice-11,Application-11-Service,15000
5735,Application-34,M_Req,missing_destination,59,Application-34-Service,EndDevice-34,Application-34-Service,15000
5739,Application-36,M_Req,missing_destination,61,Application-36-Service,EndDevice-36,Application-36-Service,15000
5745,Application-12,M_Req,missing_destination,37,Application-12-Service,EndDevice-12,Application-12-Service,15000
5746,Application-33,M_Req,missing_destination,58,Application-33-Service,EndDevice-33,Application-33-Service,15000
5753,Application-10,M_Req,missing_destination,35,Application-10-Service,EndDevice-10,Application-10-Service,15000
5754,Application-9,M_Req,missing_destination,34,Application-9-Service,EndDevice-9,Application-9-Service,15000
5774,Application-35,M_Req,missing_destination,60,Application-35-Service,EndDevice-35,Application-35-Service,15100
5783,Application-34,M_Req,missing_destination,59,Application-34-Service,EndDevice-34,Application-34-Service,15100
5787,Application-36,M_Req,missing_destination,61,Application-36-Service,EndDevice-36,Application-36-Service,15100
5794,Application-33,M_Req,missing_destination,58,Application-33-Service,EndDevice-33,Application-33-Service,15100
5818,Application-18,M_Req,missing_destination,43,Application-18-Service,EndDevice-18,Application-18-Service,15200
5819,Application-35,M_Req,missing_destination,60,Application-35-Service,EndDevice-35,Application-35-Service,15200
5821,Application-32,M_Req,missing_destination,57,Application-32-Service,EndDevice-32,Application-32-Service,15200
5822,Application-20,M_Req,missing_destination,45,Application-20-Service,EndDevice-20,Application-20-Service,15200
5825,Application-34,M_Req,missing_destination,59,Application-34-Service,EndDevice-34,Application-34-Service,15200
5826,Application-42,M_Req,missing_destination,67,Application-42-Service,EndDevice-42,Application-42-Service,15200
5827,Application-44,M_Req,missing_destination,69,Application-44-Service,EndDevice-44,Application-44-Service,15200
5828,Application-17,M_Req,missing_destination,42,Application-17-Service,EndDevice-17,Application-17-Service,15200
5829,Application-36,M_Req,missing_destination,61,Application-36-Service,EndDevice-36,Application-36-Service,15200
5831,Application-19,M_Req,missing_destination,44,Application-19-Service,EndDevice-19,Application-19-Service,15200
5836,Application-33,M_Req,missing_destination,58,Application-33-Service,EndDevice-33,Application-33-Service,15200
5841,Application-41,M_Req,missing_destination,66,Application-41-Service,EndDevice-41,Application-41-Service,15300
5866,Application-18,M_Req,missing_destination,43,Application-18-Service,EndDevice-18,Application-18-Service,15300
5867,Application-35,M_Req,missing_destination,60,Application-35-Service,EndDevice-35,Application-35-Service,15300
5869,Application-32,M_Req,missing_destination,57,Application-32-Service,EndDevice-32,Application-32-Service,15300
5870,Application-20,M_Req,missing_destination,45,Application-20-Service,EndDevice-20,Application-20-Service,15300
5873,Application-34,M_Req,missing_destination,59,Application-34-Service,EndDevice-34,Application-34-Service,15300
5874,Application-42,M_Req,missing_destination,67,Application-42-Service,EndDevice-42,Application-42-Service,15300
5875,Application-44,M_Req,missing_destination,69,Application-44-Service,EndDevice-44,Application-44-Service,15300
5876,Application-17,M_Req,missing_destination,42,Application-17-Service,EndDevice-17,Application-17-Service,15300
5877,Application-36,M_Req,missing_destination,61,Application-36-Service,EndDevice-36,Application-36-Service,15300
5879,Application-19,M_Req,missing_destination,44,Application-19-Service,EndDevice-19,Application-19-Service,15300
5884,Application-33,M_Req,missing_destination,58,Application-33-Service,EndDevice-33,Application-33-Service,15300
5889,Application-41,M_Req,missing_destination,66,Application-41-Service,EndDevice-41,Application-41-Service,15400
5910,Application-18,M_Req,missing_destination,43,Application-18-Service,EndDevice-18,Application-18-Service,15500
5913,Application-32,M_Req,missing_destination,57,Application-32-Service,EndDevice-32,Application-32-Service,15500
5921,Application-19,M_Req,missing_destination,44,Application-19-Service,EndDevice-19,Application-19-Service,15500
5922,Application-48,M_Req,missing_destination,73,Application-48-Service,EndDevice-48,Application-48-Service,15500
5924,Application-46,M_Req,missing_destination,71,Application-46-Service,EndDevice-46,Application-46-Service,15500
5925,Application-45,M_Req,missing_destination,70,Application-45-Service,EndDevice-45,Application-45-Service,15500
5931,Application-47,M_Req,missing_destination,72,Application-47-Service,EndDevice-47,Application-47-Service,15500
5937,Application-41,M_Req,missing_destination,66,Application-41-Service,EndDevice-41,Application-41-Service,15500
5938,Application-25,M_Req,missing_destination,50,Application-25-Service,EndDevice-25,Application-25-Service,15500
5939,Application-30,M_Req,missing_destination,55,Application-30-Service,EndDevice-30,Application-30-Service,15500
5940,Application-31,M_Req,missing_destination,56,Application-31-Service,EndDevice-31,Application-31-Service,15500
5952,Application-27,M_Req,missing_destination,52,Application-27-Service,EndDevice-27,Application-27-Service,15500
5958,Application-18,M_Req,missing_destination,43,Application-18-Service,EndDevice-18,Application-18-Service,15600
5961,Application-32,M_Req,missing_destination,57,Application-32-Service,EndDevice-32,Application-32-Service,15600
5967,Application-19,M_Req,missing_destination,44,Application-19-Service,EndDevice-19,Application-19-Service,15600
5968,Application-48,M_Req,missing_destination,73,Application-48-Service,EndDevice-48,Application-48-Service,15600
5970,Application-46,M_Req,missing_destination,71,Application-46-Service,EndDevice-46,Application-46-Service,15600
5971,Application-45,M_Req,missing_destination,70,Application-45-Service,EndDevice-45,Application-45-Service,15600
5977,Application-47,M_Req,missing_destination,72,Application-47-Service,EndDevice-47,Application-47-Service,15600
5982,Application-30,M_Req,missing_destination,55,Application-30-Service,EndDevice-30,Application-30-Service,15600
6009,Application-32,M_Req,missing_destination,57,Application-32-Service,EndDevice-32,Application-32-Service,15700
6030,Application-30,M_Req,missing_destination,55,Application-30-Service,EndDevice-30,Application-30-Service,15700
6037,Application-38,M_Req,missing_destination,63,Application-38-Service,EndDevice-38,Application-38-Service,15800
6052,Application-32,M_Req,missing_destination,57,Application-32-Service,EndDevice-32,Application-32-Service,15800
6053,Application-20,M_Req,missing_destination,45,Application-20-Service,EndDevice-20,Application-20-Service,15800
6068,Application-40,M_Req,missing_destination,65,Application-40-Service,EndDevice-40,Application-40-Service,15900
6072,Application-39,M_Req,missing_destination,64,Application-39-Service,EndDevice-39,Application-39-Service,15900
6085,Application-38,M_Req,missing_destination,63,Application-38-Service,EndDevice-38,Application-38-Service,15900
6100,Application-32,M_Req,missing_destination,57,Application-32-Service,EndDevice-32,Application-32-Service,15900
6101,Application-20,M_Req,missing_destination,45,Application-20-Service,EndDevice-20,Application-20-Service,15900
6143,Application-35,M_Req,missing_destination,60,Application-35-Service,EndDevice-35,Application-35-Service,16100
6151,Application-42,M_Req,missing_destination,67,Application-42-Service,EndDevice-42,Application-42-Service,16100
6152,Application-13,M_Req,missing_destination,38,Application-13-Service,EndDevice-13,Application-13-Service,16100
6154,Application-1,M_Req,missing_destination,26,Application-1-Service,EndDevice-1,Application-1-Service,16100
6162,Application-2,M_Req,missing_destination,27,Application-2-Service,EndDevice-2,Application-2-Service,16100
6165,Application-15,M_Req,missing_destination,40,Application-15-Service,EndDevice-15,Application-15-Service,16100
6169,Application-37,M_Req,missing_destination,62,Application-37-Service,EndDevice-37,Application-37-Service,16100
6173,Application-4,M_Req,missing_destination,29,Application-4-Service,EndDevice-4,Application-4-Service,16100
6176,Application-36,M_Req,missing_destination,61,Application-36-Service,EndDevice-36,Application-36-Service,16100
6177,Application-16,M_Req,missing_destination,41,Application-16-Service,EndDevice-16,Application-16-Service,16100
6181,Application-3,M_Req,missing_destination,28,Application-3-Service,EndDevice-3,Application-3-Service,16100
6182,Application-14,M_Req,missing_destination,39,Application-14-Service,EndDevice-14,Application-14-Service,16100
6190,Application-35,M_Req,missing_destination,60,Application-35-Service,EndDevice-35,Application-35-Service,16200
6196,Application-42,M_Req,missing_destination,67,Application-42-Service,EndDevice-42,Application-42-Service,16200
6197,Application-13,M_Req,missing_destination,38,Application-13-Service,EndDevice-13,Application-13-Service,16200
6199,Application-1,M_Req,missing_destination,26,Application-1-Service,EndDevice-1,Application-1-Service,16200
6211,Application-37,M_Req,missing_destination,62,Application-37-Service,EndDevice-37,Application-37-Service,16200
6214,Application-4,M_Req,missing_destination,29,Application-4-Service,EndDevice-4,Application-4-Service,16200
6217,Application-36,M_Req,missing_destination,61,Application-36-Service,EndDevice-36,Application-36-Service,16200
6238,Application-35,M_Req,missing_destination,60,Application-35-Service,EndDevice-35,Application-35-Service,16300
6247,Application-1,M_Req,missing_destination,26,Application-1-Service,EndDevice-1,Application-1-Service,16300
6262,Application-4,M_Req,missing_destination,29,Application-4-Service,EndDevice-4,Application-4-Service,16300
6266,Application-16,M_Req,missing_destination,41,Application-16-Service,EndDevice-16,Application-16-Service,16400
6269,Application-3,M_Req,missing_destination,28,Application-3-Service,EndDevice-3,Application-3-Service,16400
6270,Application-14,M_Req,missing_destination,39,Application-14-Service,EndDevice-14,Application-14-Service,16400
6285,Application-34,M_Req,missing_destination,59,Application-34-Service,EndDevice-34,Application-34-Service,16400
6288,Application-1,M_Req,missing_destination,26,Application-1-Service,EndDevice-1,Application-1-Service,16400
6291,Application-11,M_Req,missing_destination,36,Application-11-Service,EndDevice-11,Application-11-Service,16400
6294,Application-12,M_Req,missing_destination,37,Application-12-Service,EndDevice-12,Application-12-Service,16400
6297,Application-9,M_Req,missing_destination,34,Application-9-Service,EndDevice-9,Application-9-Service,16500
6298,Application-10,M_Req,missing_destination,35,Application-10-Service,EndDevice-10,Application-10-Service,16500
6314,Application-16,M_Req,missing_destination,41,Application-16-Service,EndDevice-16,Application-16-Service,16500
6317,Application-3,M_Req,missing_destination,28,Application-3-Service,EndDevice-3,Application-3-Service,16500
6318,Application-14,M_Req,missing_destination,39,Application-14-Service,EndDevice-14,Application-14-Service,16500
6333,Application-34,M_Req,missing_destination,59,Application-34-Service,EndDevice-34,Application-34-Service,16500
6336,Application-1,M_Req,missing_destination,26,Application-1-Service,EndDevice-1,Application-1-Service,16500
6339,Application-11,M_Req,missing_destination,36,Application-11-Service,EndDevice-11,Application-11-Service,16500
6342,Application-12,M_Req,missing_destination,37,Application-12-Service,EndDevice-12,Application-12-Service,16500
6371,Application-32,M_Req,missing_destination,57,Application-32-Service,EndDevice-32,Application-32-Service,16700
6386,Application-16,M_Req,missing_destination,41,Application-16-Service,EndDevice-16,Application-16-Service,16700
6390,Application-10,M_Req,missing_destination,35,Application-10-Service,EndDevice-10,Application-10-Service,16700
6392,Application-9,M_Req,missing_destination,34,Application-9-Service,EndDevice-9,Application-9-Service,16700
6403,Application-29,M_Req,missing_destination,54,Application-29-Service,EndDevice-29,Application-29-Service,16700
6404,Application-33,M_Req,missing_destination,58,Application-33-Service,EndDevice-33,Application-33-Service,16700
6408,Application-3,M_Req,missing_destination,28,Application-3-Service,EndDevice-3,Application-3-Service,16700
6419,Application-32,M_Req,missing_destination,57,Application-32-Service,EndDevice-32,Application-32-Service,16800
6431,Application-16,M_Req,missing_destination,41,Application-16-Service,EndDevice-16,Application-16-Service,16800
6433,Application-10,M_Req,missing_destination,35,Application-10-Service,EndDevice-10,Application-10-Service,16800
6435,Application-9,M_Req,missing_destination,34,Application-9-Service,EndDevice-9,Application-9-Service,16800
6444,Application-29,M_Req,missing_destination,54,Application-29-Service,EndDevice-29,Application-29-Service,16800
6445,Application-33,M_Req,missing_destination,58,Application-33-Service,EndDevice-33,Application-33-Service,16800
6481,Application-10,M_Req,missing_destination,35,Application-10-Service,EndDevice-10,Application-10-Service,16900
6483,Application-9,M_Req,missing_destination,34,Application-9-Service,EndDevice-9,Application-9-Service,16900
6497,Application-41,M_Req,missing_destination,66,Application-41-Service,EndDevice-41,Application-41-Service,17000
6518,Application-43,M_Req,missing_destination,68,Application-43-Service,EndDevice-43,Application-43-Service,17000
6522,Application-10,M_Req,missing_destination,35,Application-10-Service,EndDevice-10,Application-10-Service,17000
6528,Application-42,M_Req,missing_destination,67,Application-42-Service,EndDevice-42,Application-42-Service,17100
6545,Application-41,M_Req,missing_destination,66,Application-41-Service,EndDevice-41,Application-41-Service,17100
6566,Application-43,M_Req,missing_destination,68,Application-43-Service,EndDevice-43,Application-43-Service,17100
6570,Application-10,M_Req,missing_destination,35,Application-10-Service,EndDevice-10,Application-10-Service,17100
6607,Application-11,M_Req,missing_destination,36,Application-11-Service,EndDevice-11,Application-11-Service,17300
6615,Application-27,M_Req,missing_destination,52,Application-27-Service,EndDevice-27,Application-27-Service,17300
6621,Application-26,M_Req,missing_destination,51,Application-26-Service,EndDevice-26,Application-26-Service,17300
6624,Application-42,M_Req,missing_destination,67,Application-42-Service,EndDevice-42,Application-42-Service,17300
6631,Application-25,M_Req,missing_destination,50,Application-25-Service,EndDevice-25,Application-25-Service,17300
6632,Application-2,M_Req,missing_destination,27,Application-2-Service,EndDevice-2,Application-2-Service,17300
6635,Application-28,M_Req,missing_destination,53,Application-28-Service,EndDevice-28,Application-28-Service,17300
6637,Application-41,M_Req,missing_destination,66,Application-41-Service,EndDevice-41,Application-41-Service,17300
6641,Application-15,M_Req,missing_destination,40,Application-15-Service,EndDevice-15,Application-15-Service,17300
6646,Application-12,M_Req,missing_destination,37,Application-12-Service,EndDevice-12,Application-12-Service,17300
6654,Application-11,M_Req,missing_destination,36,Application-11-Service,EndDevice-11,Application-11-Service,17400
6666,Application-26,M_Req,missing_destination,51,Application-26-Service,EndDevice-26,Application-26-Service,17400
6675,Application-28,M_Req,missing_destination,53,Application-28-Service,EndDevice-28,Application-28-Service,17400
6702,Application-11,M_Req,missing_destination,36,Application-11-Service,EndDevice-11,Application-11-Service,17500
6714,Application-26,M_Req,missing_destination,51,Application-26-Service,EndDevice-26,Application-26-Service,17500
6723,Application-28,M_Req,missing_destination,53,Application-28-Service,EndDevice-28,Application-28-Service,17500
6725,Application-6,M_Req,missing_destination,31,Application-6-Service,EndDevice-6,Application-6-Service,17600
6727,Application-31,M_Req,missing_destination,56,Application-31-Service,EndDevice-31,Application-31-Service,17600
6731,Application-30,M_Req,missing_destination,55,Application-30-Service,EndDevice-30,Application-30-Service,17600
6734,Application-3,M_Req,missing_destination,28,Application-3-Service,EndDevice-3,Application-3-Service,17600
6747,Application-32,M_Req,missing_destination,57,Application-32-Service,EndDevice-32,Application-32-Service,17600
6751,Application-7,M_Req,missing_destination,32,Application-7-Service,EndDevice-7,Application-7-Service,17600
6752,Application-8,M_Req,missing_destination,33,Application-8-Service,EndDevice-8,Application-8-Service,17700
6756,Application-29,M_Req,missing_destination,54,Application-29-Service,EndDevice-29,Application-29-Service,17700
6762,Application-28,M_Req,missing_destination,53,Application-28-Service,EndDevice-28,Application-28-Service,17700
6773,Application-6,M_Req,missing_destination,31,Application-6-Service,EndDevice-6,Application-6-Service,17700
6775,Application-31,M_Req,missing_destination,56,Application-31-Service,EndDevice-31,Application-31-Service,17700
6779,Application-30,M_Req,missing_destination,55,Application-30-Service,EndDevice-30,Application-30-Service,17700
6782,Application-3,M_Req,missing_destination,28,Application-3-Service,EndDevice-3,Application-3-Service,17700
6795,Application-32,M_Req,missing_destination,57,Application-32-Service,EndDevice-32,Application-32-Service,17700
6799,Application-7,M_Req,missing_destination,32,Application-7-Service,EndDevice-7,Application-7-Service,17700
6835,Application-10,M_Req,missing_destination,35,Application-10-Service,EndDevice-10,Application-10-Service,17900
6844,Application-8,M_Req,missing_destination,33,Application-8-Service,EndDevice-8,Application-8-Service,17900
6848,Application-26,M_Req,missing_destination,51,Application-26-Service,EndDevice-26,Application-26-Service,17900
6855,Application-9,M_Req,missing_destination,34,Application-9-Service,EndDevice-9,Application-9-Service,17900
6859,Application-11,M_Req,missing_destination,36,Application-11-Service,EndDevice-11,Application-11-Service,17900
6868,Application-6,M_Req,missing_destination,31,Application-6-Service,EndDevice-6,Application-6-Service,17900
6883,Application-10,M_Req,missing_destination,35,Application-10-Service,EndDevice-10,Application-10-Service,18000
6890,Application-8,M_Req,missing_destination,33,Application-8-Service,EndDevice-8,Application-8-Service,18000
6893,Application-26,M_Req,missing_destination,51,Application-26-Service,EndDevice-26,Application-26-Service,18000
6900,Application-9,M_Req,missing_destination,34,Application-9-Service,EndDevice-9,Application-9-Service,18000
6904,Application-11,M_Req,missing_destination,36,Application-11-Service,EndDevice-11,Application-11-Service,18000
6938,Application-8,M_Req,missing_destination,33,Application-8-Service,EndDevice-8,Application-8-Service,18100
6959,Application-17,M_Req,missing_destination,42,Application-17-Service,EndDevice-17,Application-17-Service,18200
6960,Application-31,M_Req,missing_destination,56,Application-31-Service,EndDevice-31,Application-31-Service,18200
6961,Application-20,M_Req,missing_destination,45,Application-20-Service,EndDevice-20,Application-20-Service,18200
6963,Application-30,M_Req,missing_destination,55,Application-30-Service,EndDevice-30,Application-30-Service,18200
6967,Application-18,M_Req,missing_destination,43,Application-18-Service,EndDevice-18,Application-18-Service,18200
6974,Application-5,M_Req,missing_destination,30,Application-5-Service,EndDevice-5,Application-5-Service,18200
6982,Application-32,M_Req,missing_destination,57,Application-32-Service,EndDevice-32,Application-32-Service,18200
6983,Application-8,M_Req,missing_destination,33,Application-8-Service,EndDevice-8,Application-8-Service,18200
6986,Application-26,M_Req,missing_destination,51,Application-26-Service,EndDevice-26,Application-26-Service,18300
6996,Application-19,M_Req,missing_destination,44,Application-19-Service,EndDevice-19,Application-19-Service,18300
7007,Application-17,M_Req,missing_destination,42,Application-17-Service,EndDevice-17,Application-17-Service,18300
7008,Application-31,M_Req,missing_destination,56,Application-31-Service,EndDevice-31,Application-31-Service,18300
7009,Application-20,M_Req,missing_destination,45,Application-20-Service,EndDevice-20,Application-20-Service,18300
7011,Application-30,M_Req,missing_destination,55,Application-30-Service,EndDevice-30,Application-30-Service,18300
7015,Application-18,M_Req,missing_destination,43,Application-18-Service,EndDevice-18,Application-18-Service,18300
7022,Application-5,M_Req,missing_destination,30,Application-5-Service,EndDevice-5,Application-5-Service,18300
7030,Application-32,M_Req,missing_destination,57,Application-32-Service,EndDevice-32,Application-32-Service,18300
7031,Application-8,M_Req,missing_destination,33,Application-8-Service,EndDevice-8,Application-8-Service,18300
7051,Application-31,M_Req,missing_destination,56,Application-31-Service,EndDevice-31,Application-31-Service,18400
7053,Application-30,M_Req,missing_destination,55,Application-30-Service,EndDevice-30,Application-30-Service,18400
7069,Application-32,M_Req,missing_destination,57,Application-32-Service,EndDevice-32,Application-32-Service,18500
7071,Application-42,M_Req,missing_destination,67,Application-42-Service,EndDevice-42,Application-42-Service,18500
7078,Application-24,M_Req,missing_destination,49,Application-24-Service,EndDevice-24,Application-24-Service,18500
7088,Application-21,M_Req,missing_destination,46,Application-21-Service,EndDevice-21,Application-21-Service,18500
7090,Application-41,M_Req,missing_destination,66,Application-41-Service,EndDevice-41,Application-41-Service,18500
7092,Application-22,M_Req,missing_destination,47,Application-22-Service,EndDevice-22,Application-22-Service,18500
7096,Application-43,M_Req,missing_destination,68,Application-43-Service,EndDevice-43,Application-43-Service,18500
7097,Application-44,M_Req,missing_destination,69,Application-44-Service,EndDevice-44,Application-44-Service,18500
7099,Application-31,M_Req,missing_destination,56,Application-31-Service,EndDevice-31,Application-31-Service,18500
7101,Application-30,M_Req,missing_destination,55,Application-30-Service,EndDevice-30,Application-30-Service,18500
7103,Application-23,M_Req,missing_destination,48,Application-23-Service,EndDevice-23,Application-23-Service,18500
7116,Application-32,M_Req,missing_destination,57,Application-32-Service,EndDevice-32,Application-32-Service,18600
7118,Application-42,M_Req,missing_destination,67,Application-42-Service,EndDevice-42,Application-42-Service,18600
7123,Application-24,M_Req,missing_destination,49,Application-24-Service,EndDevice-24,Application-24-Service,18600
7132,Application-21,M_Req,missing_destination,46,Application-21-Service,EndDevice-21,Application-21-Service,18600
7134,Application-41,M_Req,missing_destination,66,Application-41-Service,EndDevice-41,Application-41-Service,18600
7136,Application-22,M_Req,missing_destination,47,Application-22-Service,EndDevice-22,Application-22-Service,18600
7138,Application-43,M_Req,missing_destination,68,Application-43-Service,EndDevice-43,Application-43-Service,18600
7164,Application-32,M_Req,missing_destination,57,Application-32-Service,EndDevice-32,Application-32-Service,18700
7166,Application-42,M_Req,missing_destination,67,Application-42-Service,EndDevice-42,Application-42-Service,18700
7182,Application-41,M_Req,missing_destination,66,Application-41-Service,EndDevice-41,Application-41-Service,18700
7186,Application-43,M_Req,missing_destination,68,Application-43-Service,EndDevice-43,Application-43-Service,18700
7188,Application-31,M_Req,missing_destination,56,Application-31-Service,EndDevice-31,Application-31-Service,18800
7191,Application-14,M_Req,missing_destination,39,Application-14-Service,EndDevice-14,Application-14-Service,18800
7196,Application-16,M_Req,missing_destination,41,Application-16-Service,EndDevice-16,Application-16-Service,18800
7199,Application-13,M_Req,missing_destination,38,Application-13-Service,EndDevice-13,Application-13-Service,18800
7202,Application-44,M_Req,missing_destination,69,Application-44-Service,EndDevice-44,Application-44-Service,18800
7207,Application-1,M_Req,missing_destination,26,Application-1-Service,EndDevice-1,Application-1-Service,18800
7208,Application-32,M_Req,missing_destination,57,Application-32-Service,EndDevice-32,Application-32-Service,18800
7209,Application-42,M_Req,missing_destination,67,Application-42-Service,EndDevice-42,Application-42-Service,18800
7212,Application-3,M_Req,missing_destination,28,Application-3-Service,EndDevice-3,Application-3-Service,18800
7215,Application-15,M_Req,missing_destination,40,Application-15-Service,EndDevice-15,Application-15-Service,18800
7222,Application-41,M_Req,missing_destination,66,Application-41-Service,EndDevice-41,Application-41-Service,18900
7224,Application-4,M_Req,missing_destination,29,Application-4-Service,EndDevice-4,Application-4-Service,18900
7236,Application-31,M_Req,missing_destination,56,Application-31-Service,EndDevice-31,Application-31-Service,18900
7239,Application-14,M_Req,missing_destination,39,Application-14-Service,EndDevice-14,Application-14-Service,18900
7244,Application-16,M_Req,missing_destination,41,Application-16-Service,EndDevice-16,Application-16-Service,18900
7247,Application-13,M_Req,missing_destination,38,Application-13-Service,EndDevice-13,Application-13-Service,18900
7250,Application-44,M_Req,missing_destination,69,Application-44-Service,EndDevice-44,Application-44-Service,18900
7255,Application-1,M_Req,missing_destination,26,Application-1-Service,EndDevice-1,Application-1-Service,18900
7256,Application-32,M_Req,missing_destination,57,Application-32-Service,EndDevice-32,Application-32-Service,18900
7257,Application-42,M_Req,missing_destination,67,Application-42-Service,EndDevice-42,Application-42-Service,18900
7260,Application-3,M_Req,missing_destination,28,Application-3-Service,EndDevice-3,Application-3-Service,18900
7263,Application-15,M_Req,missing_destination,40,Application-15-Service,EndDevice-15,Application-15-Service,18900
7283,Application-14,M_Req,missing_destination,39,Application-14-Service,EndDevice-14,Application-14-Service,19000
7287,Application-16,M_Req,missing_destination,41,Application-16-Service,EndDevice-16,Application-16-Service,19000
7290,Application-13,M_Req,missing_destination,38,Application-13-Service,EndDevice-13,Application-13-Service,19000
7298,Application-38,M_Req,missing_destination,63,Application-38-Service,EndDevice-38,Application-38-Service,19100
7299,Application-26,M_Req,missing_destination,51,Application-26-Service,EndDevice-26,Application-26-Service,19100
7301,Application-40,M_Req,missing_destination,65,Application-40-Service,EndDevice-40,Application-40-Service,19100
7307,Application-25,M_Req,missing_destination,50,Application-25-Service,EndDevice-25,Application-25-Service,19100
7313,Application-28,M_Req,missing_destination,53,Application-28-Service,EndDevice-28,Application-28-Service,19100
7317,Application-27,M_Req,missing_destination,52,Application-27-Service,EndDevice-27,Application-27-Service,19100
7325,Application-37,M_Req,missing_destination,62,Application-37-Service,EndDevice-37,Application-37-Service,19100
7331,Application-14,M_Req,missing_destination,39,Application-14-Service,EndDevice-14,Application-14-Service,19100
7335,Application-16,M_Req,missing_destination,41,Application-16-Service,EndDevice-16,Application-16-Service,19100
7338,Application-13,M_Req,missing_destination,38,Application-13-Service,EndDevice-13,Application-13-Service,19100
7339,Application-39,M_Req,missing_destination,64,Application-39-Service,EndDevice-39,Application-39-Service,19100
7346,Application-38,M_Req,missing_destination,63,Application-38-Service,EndDevice-38,Application-38-Service,19200
7347,Application-40,M_Req,missing_destination,65,Application-40-Service,EndDevice-40,Application-40-Service,19200
7352,Application-25,M_Req,missing_destination,50,Application-25-Service,EndDevice-25,Application-25-Service,19200
7356,Application-28,M_Req,missing_destination,53,Application-28-Service,EndDevice-28,Application-28-Service,19200
7360,Application-27,M_Req,missing_destination,52,Application-27-Service,EndDevice-27,Application-27-Service,19200
7366,Application-37,M_Req,missing_destination,62,Application-37-Service,EndDevice-37,Application-37-Service,19200
7400,Application-25,M_Req,missing_destination,50,Application-25-Service,EndDevice-25,Application-25-Service,19300
7404,Application-28,M_Req,missing_destination,53,Application-28-Service,EndDevice-28,Application-28-Service,19300
7408,Application-27,M_Req,missing_destination,52,Application-27-Service,EndDevice-27,Application-27-Service,19300
7417,Application-20,M_Req,missing_destination,45,Application-20-Service,EndDevice-20,Application-20-Service,19400
7419,Application-14,M_Req,missing_destination,39,Application-14-Service,EndDevice-14,Application-14-Service,19400
7427,Application-4,M_Req,missing_destination,29,Application-4-Service,EndDevice-4,Application-4-Service,19400
7428,Application-1,M_Req,missing_destination,26,Application-1-Service,EndDevice-1,Application-1-Service,19400
7432,Application-2,M_Req,missing_destination,27,Application-2-Service,EndDevice-2,Application-2-Service,19400
7448,Application-27,M_Req,missing_destination,52,Application-27-Service,EndDevice-27,Application-27-Service,19500
7454,Application-19,M_Req,missing_destination,44,Application-19-Service,EndDevice-19,Application-19-Service,19500
7465,Application-20,M_Req,missing_destination,45,Application-20-Service,EndDevice-20,Application-20-Service,19500
7467,Application-14,M_Req,missing_destination,39,Application-14-Service,EndDevice-14,Application-14-Service,19500
7475,Application-4,M_Req,missing_destination,29,Application-4-Service,EndDevice-4,Application-4-Service,19500
7476,Application-1,M_Req,missing_destination,26,Application-1-Service,EndDevice-1,Application-1-Service,19500
7480,Application-2,M_Req,missing_destination,27,Application-2-Service,EndDevice-2,Application-2-Service,19500
7501,Application-19,M_Req,missing_destination,44,Application-19-Service,EndDevice-19,Application-19-Service,19600
7510,Application-20,M_Req,missing_destination,45,Application-20-Service,EndDevice-20,Application-20-Service,19600
7512,Application-14,M_Req,missing_destination,39,Application-14-Service,EndDevice-14,Application-14-Service,19600
7524,Application-35,M_Req,missing_destination,60,Application-35-Service,EndDevice-35,Application-35-Service,19700
7529,Application-45,M_Req,missing_destination,70,Application-45-Service,EndDevice-45,Application-45-Service,19700
7533,Application-47,M_Req,missing_destination,72,Application-47-Service,EndDevice-47,Application-47-Service,19700
7534,Application-34,M_Req,missing_destination,59,Application-34-Service,EndDevice-34,Application-34-Service,19700
7547,Application-46,M_Req,missing_destination,71,Application-46-Service,EndDevice-46,Application-46-Service,19700
7549,Application-19,M_Req,missing_destination,44,Application-19-Service,EndDevice-19,Application-19-Service,19700
7553,Application-25,M_Req,missing_destination,50,Application-25-Service,EndDevice-25,Application-25-Service,19700
7554,Application-48,M_Req,missing_destination,73,Application-48-Service,EndDevice-48,Application-48-Service,19700
7558,Application-20,M_Req,missing_destination,45,Application-20-Service,EndDevice-20,Application-20-Service,19700
7560,Application-14,M_Req,missing_destination,39,Application-14-Service,EndDevice-14,Application-14-Service,19700
7561,Application-33,M_Req,missing_destination,58,Application-33-Service,EndDevice-33,Application-33-Service,19700
7563,Application-13,M_Req,missing_destination,38,Application-13-Service,EndDevice-13,Application-13-Service,19700
7565,Application-36,M_Req,missing_destination,61,Application-36-Service,EndDevice-36,Application-36-Service,19700
7570,Application-44,M_Req,missing_destination,69,Application-44-Service,EndDevice-44,Application-44-Service,19700
7572,Application-35,M_Req,missing_destination,60,Application-35-Service,EndDevice-35,Application-35-Service,19800
7576,Application-45,M_Req,missing_destination,70,Application-45-Service,EndDevice-45,Application-45-Service,19800
7580,Application-34,M_Req,missing_destination,59,Application-34-Service,EndDevice-34,Application-34-Service,19800
7592,Application-46,M_Req,missing_destination,71,Application-46-Service,EndDevice-46,Application-46-Service,19800
7593,Application-19,M_Req,missing_destination,44,Application-19-Service,EndDevice-19,Application-19-Service,19800
7596,Application-25,M_Req,missing_destination,50,Application-25-Service,EndDevice-25,Application-25-Service,19800
7620,Application-35,M_Req,missing_destination,60,Application-35-Service,EndDevice-35,Application-35-Service,19900
7628,Application-34,M_Req,missing_destination,59,Application-34-Service,EndDevice-34,Application-34-Service,19900
7641,Application-19,M_Req,missing_destination,44,Application-19-Service,EndDevice-19,Application-19-Service,19900
7644,Application-25,M_Req,missing_destination,50,Application-25-Service,EndDevice-25,Application-25-Service,19900
7667,Application-45,M_Req,missing_destination,70,Application-45-Service,EndDevice-45,Application-45-Service,20000
7669,Application-24,M_Req,missing_destination,49,Application-24-Service,EndDevice-24,Application-24-Service,20000
7670,Application-34,M_Req,missing_destination,59,Application-34-Service,EndDevice-34,Application-34-Service,20000
7678,Application-22,M_Req,missing_destination,47,Application-22-Service,EndDevice-22,Application-22-Service,20100
7680,Application-46,M_Req,missing_destination,71,Application-46-Service,EndDevice-46,Application-46-Service,20100
7681,Application-19,M_Req,missing_destination,44,Application-19-Service,EndDevice-19,Application-19-Service,20100
7682,Application-23,M_Req,missing_destination,48,Application-23-Service,EndDevice-23,Application-23-Service,20100
7715,Application-45,M_Req,missing_destination,70,Application-45-Service,EndDevice-45,Application-45-Service,20100
7717,Application-24,M_Req,missing_destination,49,Application-24-Service,EndDevice-24,Application-24-Service,20100
7718,Application-34,M_Req,missing_destination,59,Application-34-Service,EndDevice-34,Application-34-Service,20100
7727,Application-46,M_Req,missing_destination,71,Application-46-Service,EndDevice-46,Application-46-Service,20200
7754,Application-45,M_Req,missing_destination,70,Application-45-Service,EndDevice-45,Application-45-Service,20300
7755,Application-7,M_Req,missing_destination,32,Application-7-Service,EndDevice-7,Application-7-Service,20300
7766,Application-48,M_Req,missing_destination,73,Application-48-Service,EndDevice-48,Application-48-Service,20300
7767,Application-14,M_Req,missing_destination,39,Application-14-Service,EndDevice-14,Application-14-Service,20300
7769,Application-16,M_Req,missing_destination,41,Application-16-Service,EndDevice-16,Application-16-Service,20300
7774,Application-6,M_Req,missing_destination,31,Application-6-Service,EndDevice-6,Application-6-Service,20300
7775,Application-46,M_Req,missing_destination,71,Application-46-Service,EndDevice-46,Application-46-Service,20300
7780,Application-8,M_Req,missing_destination,33,Application-8-Service,EndDevice-8,Application-8-Service,20300
7782,Application-17,M_Req,missing_destination,42,Application-17-Service,EndDevice-17,Application-17-Service,20300
7783,Application-21,M_Req,missing_destination,46,Application-21-Service,EndDevice-21,Application-21-Service,20300
7785,Application-15,M_Req,missing_destination,40,Application-15-Service,EndDevice-15,Application-15-Service,20300
7788,Application-13,M_Req,missing_destination,38,Application-13-Service,EndDevice-13,Application-13-Service,20300
7790,Application-26,M_Req,missing_destination,51,Application-26-Service,EndDevice-26,Application-26-Service,20300
7795,Application-36,M_Req,missing_destination,61,Application-36-Service,EndDevice-36,Application-36-Service,20300
7796,Application-5,M_Req,missing_destination,30,Application-5-Service,EndDevice-5,Application-5-Service,20300
7802,Application-45,M_Req,missing_destination,70,Application-45-Service,EndDevice-45,Application-45-Service,20400
7803,Application-7,M_Req,missing_destination,32,Application-7-Service,EndDevice-7,Application-7-Service,20400
7813,Application-48,M_Req,missing_destination,73,Application-48-Service,EndDevice-48,Application-48-Service,20400
7814,Application-14,M_Req,missing_destination,39,Application-14-Service,EndDevice-14,Application-14-Service,20400
7816,Application-16,M_Req,missing_destination,41,Application-16-Service,EndDevice-16,Application-16-Service,20400
7820,Application-6,M_Req,missing_destination,31,Application-6-Service,EndDevice-6,Application-6-Service,20400
7821,Application-46,M_Req,missing_destination,71,Application-46-Service,EndDevice-46,Application-46-Service,20400
7825,Application-8,M_Req,missing_destination,33,Application-8-Service,EndDevice-8,Application-8-Service,20400
7827,Application-17,M_Req,missing_destination,42,Application-17-Service,EndDevice-17,Application-17-Service,20400
7828,Application-21,M_Req,missing_destination,46,Application-21-Service,EndDevice-21,Application-21-Service,20400
7850,Application-45,M_Req,missing_destination,70,Application-45-Service,EndDevice-45,Application-45-Service,20500
7861,Application-48,M_Req,missing_destination,73,Application-48-Service,EndDevice-48,Application-48-Service,20500
7862,Application-14,M_Req,missing_destination,39,Application-14-Service,EndDevice-14,Application-14-Service,20500
7864,Application-16,M_Req,missing_destination,41,Application-16-Service,EndDevice-16,Application-16-Service,20500
7869,Application-46,M_Req,missing_destination,71,Application-46-Service,EndDevice-46,Application-46-Service,20500
7884,Application-37,M_Req,missing_destination,62,Application-37-Service,EndDevice-37,Application-37-Service,20600
7886,Application-39,M_Req,missing_destination,64,Application-39-Service,EndDevice-39,Application-39-Service,20600
7895,Application-40,M_Req,missing_destination,65,Application-40-Service,EndDevice-40,Application-40-Service,20600
7896,Application-45,M_Req,missing_destination,70,Application-45-Service,EndDevice-45,Application-45-Service,20600
7904,Application-48,M_Req,missing_destination,73,Application-48-Service,EndDevice-48,Application-48-Service,20600
7905,Application-14,M_Req,missing_destination,39,Application-14-Service,EndDevice-14,Application-14-Service,20600
7906,Application-38,M_Req,missing_destination,63,Application-38-Service,EndDevice-38,Application-38-Service,20600
7907,Application-16,M_Req,missing_destination,41,Application-16-Service,EndDevice-16,Application-16-Service,20600
7912,Application-18,M_Req,missing_destination,43,Application-18-Service,EndDevice-18,Application-18-Service,20700
7914,Application-17,M_Req,missing_destination,42,Application-17-Service,EndDevice-17,Application-17-Service,20700
7916,Application-20,M_Req,missing_destination,45,Application-20-Service,EndDevice-20,Application-20-Service,20700
7932,Application-37,M_Req,missing_destination,62,Application-37-Service,EndDevice-37,Application-37-Service,20700
7934,Application-39,M_Req,missing_destination,64,Application-39-Service,EndDevice-39,Application-39-Service,20700
7943,Application-40,M_Req,missing_destination,65,Application-40-Service,EndDevice-40,Application-40-Service,20700
7944,Application-45,M_Req,missing_destination,70,Application-45-Service,EndDevice-45,Application-45-Service,20700
7952,Application-48,M_Req,missing_destination,73,Application-48-Service,EndDevice-48,Application-48-Service,20700
7953,Application-14,M_Req,missing_destination,39,Application-14-Service,EndDevice-14,Application-14-Service,20700
7954,Application-38,M_Req,missing_destination,63,Application-38-Service,EndDevice-38,Application-38-Service,20700
7955,Application-16,M_Req,missing_destination,41,Application-16-Service,EndDevice-16,Application-16-Service,20700
7960,Application-18,M_Req,missing_destination,43,Application-18-Service,EndDevice-18,Application-18-Service,20800
7962,Application-17,M_Req,missing_destination,42,Application-17-Service,EndDevice-17,Application-17-Service,20800
7964,Application-20,M_Req,missing_destination,45,Application-20-Service,EndDevice-20,Application-20-Service,20800
7987,Application-32,M_Req,missing_destination,57,Application-32-Service,EndDevice-32,Application-32-Service,20900
7988,Application-45,M_Req,missing_destination,70,Application-45-Service,EndDevice-45,Application-45-Service,20900
8001,Application-40,M_Req,missing_destination,65,Application-40-Service,EndDevice-40,Application-40-Service,20900
8002,Application-31,M_Req,missing_destination,56,Application-31-Service,EndDevice-31,Application-31-Service,20900
8008,Application-18,M_Req,missing_destination,43,Application-18-Service,EndDevice-18,Application-18-Service,20900
8010,Application-17,M_Req,missing_destination,42,Application-17-Service,EndDevice-17,Application-17-Service,20900
8012,Application-20,M_Req,missing_destination,45,Application-20-Service,EndDevice-20,Application-20-Service,20900
8013,Application-30,M_Req,missing_destination,55,Application-30-Service,EndDevice-30,Application-30-Service,20900
8023,Application-29,M_Req,missing_destination,54,Application-29-Service,EndDevice-29,Application-29-Service,20900
8025,Application-37,M_Req,missing_destination,62,Application-37-Service,EndDevice-37,Application-37-Service,20900
8027,Application-39,M_Req,missing_destination,64,Application-39-Service,EndDevice-39,Application-39-Service,20900
8035,Application-32,M_Req,missing_destination,57,Application-32-Service,EndDevice-32,Application-32-Service,21000
8047,Application-40,M_Req,missing_destination,65,Application-40-Service,EndDevice-40,Application-40-Service,21000
8051,Application-18,M_Req,missing_destination,43,Application-18-Service,EndDevice-18,Application-18-Service,21000
8053,Application-17,M_Req,missing_destination,42,Application-17-Service,EndDevice-17,Application-17-Service,21000
8054,Application-20,M_Req,missing_destination,45,Application-20-Service,EndDevice-20,Application-20-Service,21000
8055,Application-30,M_Req,missing_destination,55,Application-30-Service,EndDevice-30,Application-30-Service,21000
8099,Application-18,M_Req,missing_destination,43,Application-18-Service,EndDevice-18,Application-18-Service,21100
8101,Application-17,M_Req,missing_destination,42,Application-17-Service,EndDevice-17,Application-17-Service,21100
8102,Application-20,M_Req,missing_destination,45,Application-20-Service,EndDevice-20,Application-20-Service,21100
8109,Application-13,M_Req,missing_destination,38,Application-13-Service,EndDevice-13,Application-13-Service,21200
8114,Application-10,M_Req,missing_destination,35,Application-10-Service,EndDevice-10,Application-10-Service,21200
8116,Application-11,M_Req,missing_destination,36,Application-11-Service,EndDevice-11,Application-11-Service,21200
8118,Application-15,M_Req,missing_destination,40,Application-15-Service,EndDevice-15,Application-15-Service,21200
8134,Application-12,M_Req,missing_destination,37,Application-12-Service,EndDevice-12,Application-12-Service,21200
8136,Application-16,M_Req,missing_destination,41,Application-16-Service,EndDevice-16,Application-16-Service,21200
8144,Application-20,M_Req,missing_destination,45,Application-20-Service,EndDevice-20,Application-20-Service,21300
8157,Application-13,M_Req,missing_destination,38,Application-13-Service,EndDevice-13,Application-13-Service,21300
8162,Application-10,M_Req,missing_destination,35,Application-10-Service,EndDevice-10,Application-10-Service,21300
8164,Application-11,M_Req,missing_destination,36,Application-11-Service,EndDevice-11,Application-11-Service,21300
8166,Application-15,M_Req,missing_destination,40,Application-15-Service,EndDevice-15,Application-15-Service,21300
8182,Application-12,M_Req,missing_destination,37,Application-12-Service,EndDevice-12,Application-12-Service,21300
8184,Application-16,M_Req,missing_destination,41,Application-16-Service,EndDevice-16,Application-16-Service,21300
8201,Application-13,M_Req,missing_destination,38,Application-13-Service,EndDevice-13,Application-13-Service,21400
8209,Application-15,M_Req,missing_destination,40,Application-15-Service,EndDevice-15,Application-15-Service,21400
8230,Application-20,M_Req,missing_destination,45,Application-20-Service,EndDevice-20,Application-20-Service,21500
8231,Application-12,M_Req,missing_destination,37,Application-12-Service,EndDevice-12,Application-12-Service,21500
8234,Application-48,M_Req,missing_destination,73,Application-48-Service,EndDevice-48,Application-48-Service,21500
8249,Application-13,M_Req,missing_destination,38,Application-13-Service,EndDevice-13,Application-13-Service,21500
8254,Application-10,M_Req,missing_destination,35,Application-10-Service,EndDevice-10,Application-10-Service,21500
8256,Application-11,M_Req,missing_destination,36,Application-11-Service,EndDevice-11,Application-11-Service,21500
8257,Application-15,M_Req,missing_destination,40,Application-15-Service,EndDevice-15,Application-15-Service,21500
8277,Application-20,M_Req,missing_destination,45,Application-20-Service,EndDevice-20,Application-20-Service,21600
8278,Application-12,M_Req,missing_destination,37,Application-12-Service,EndDevice-12,Application-12-Service,21600
8281,Application-48,M_Req,missing_destination,73,Application-48-Service,EndDevice-48,Application-48-Service,21600
8325,Application-20,M_Req,missing_destination,45,Application-20-Service,EndDevice-20,Application-20-Service,21700
8326,Application-12,M_Req,missing_destination,37,Application-12-Service,EndDevice-12,Application-12-Service,21700
8329,Application-48,M_Req,missing_destination,73,Application-48-Service,EndDevice-48,Application-48-Service,21700
8359,Application-7,M_Req,missing_destination,32,Application-7-Service,EndDevice-7,Application-7-Service,21800
8364,Application-47,M_Req,missing_destination,72,Application-47-Service,EndDevice-47,Application-47-Service,21800
8366,Application-14,M_Req,missing_destination,39,Application-14-Service,EndDevice-14,Application-14-Service,21800
8367,Application-20,M_Req,missing_destination,45,Application-20-Service,EndDevice-20,Application-20-Service,21800
8368,Application-12,M_Req,missing_destination,37,Application-12-Service,EndDevice-12,Application-12-Service,21800
8370,Application-48,M_Req,missing_destination,73,Application-48-Service,EndDevice-48,Application-48-Service,21800
8371,Application-25,M_Req,missing_destination,50,Application-25-Service,EndDevice-25,Application-25-Service,21800
8373,Application-8,M_Req,missing_destination,33,Application-8-Service,EndDevice-8,Application-8-Service,21900
8376,Application-26,M_Req,missing_destination,51,Application-26-Service,EndDevice-26,Application-26-Service,21900
8407,Application-7,M_Req,missing_destination,32,Application-7-Service,EndDevice-7,Application-7-Service,21900
8412,Application-47,M_Req,missing_destination,72,Application-47-Service,EndDevice-47,Application-47-Service,21900
8414,Application-14,M_Req,missing_destination,39,Application-14-Service,EndDevice-14,Application-14-Service,21900
8415,Application-20,M_Req,missing_destination,45,Application-20-Service,EndDevice-20,Application-20-Service,21900
8416,Application-12,M_Req,missing_destination,37,Application-12-Service,EndDevice-12,Application-12-Service,21900
8418,Application-48,M_Req,missing_destination,73,Application-48-Service,EndDevice-48,Application-48-Service,21900
8419,Application-25,M_Req,missing_destination,50,Application-25-Service,EndDevice-25,Application-25-Service,21900
8453,Application-47,M_Req,missing_destination,72,Application-47-Service,EndDevice-47,Application-47-Service,22100
8458,Application-25,M_Req,missing_destination,50,Application-25-Service,EndDevice-25,Application-25-Service,22100
8462,Application-48,M_Req,missing_destination,73,Application-48-Service,EndDevice-48,Application-48-Service,22100
8467,Application-20,M_Req,missing_destination,45,Application-20-Service,EndDevice-20,Application-20-Service,22100
8468,Application-46,M_Req,missing_destination,71,Application-46-Service,EndDevice-46,Application-46-Service,22100
8471,Application-22,M_Req,missing_destination,47,Application-22-Service,EndDevice-22,Application-22-Service,22100
8473,Application-21,M_Req,missing_destination,46,Application-21-Service,EndDevice-21,Application-21-Service,22100
8476,Application-5,M_Req,missing_destination,30,Application-5-Service,EndDevice-5,Application-5-Service,22100
8477,Application-45,M_Req,missing_destination,70,Application-45-Service,EndDevice-45,Application-45-Service,22100
8486,Application-15,M_Req,missing_destination,40,Application-15-Service,EndDevice-15,Application-15-Service,22100
8487,Application-24,M_Req,missing_destination,49,Application-24-Service,EndDevice-24,Application-24-Service,22100
8489,Application-23,M_Req,missing_destination,48,Application-23-Service,EndDevice-23,Application-23-Service,22100
8501,Application-47,M_Req,missing_destination,72,Application-47-Service,EndDevice-47,Application-47-Service,22200
8506,Application-25,M_Req,missing_destination,50,Application-25-Service,EndDevice-25,Application-25-Service,22200
8510,Application-20,M_Req,missing_destination,45,Application-20-Service,EndDevice-20,Application-20-Service,22200
8511,Application-46,M_Req,missing_destination,71,Application-46-Service,EndDevice-46,Application-46-Service,22200
8514,Application-22,M_Req,missing_destination,47,Application-22-Service,EndDevice-22,Application-22-Service,22200
8516,Application-21,M_Req,missing_destination,46,Application-21-Service,EndDevice-21,Application-21-Service,22200
8519,Application-5,M_Req,missing_destination,30,Application-5-Service,EndDevice-5,Application-5-Service,22200
8577,Application-35,M_Req,missing_destination,60,Application-35-Service,EndDevice-35,Application-35-Service,22400
8579,Application-11,M_Req,missing_destination,36,Application-11-Service,EndDevice-11,Application-11-Service,22400
8582,Application-4,M_Req,missing_destination,29,Application-4-Service,EndDevice-4,Application-4-Service,22400
8587,Application-1,M_Req,missing_destination,26,Application-1-Service,EndDevice-1,Application-1-Service,22400
8595,Application-2,M_Req,missing_destination,27,Application-2-Service,EndDevice-2,Application-2-Service,22400
8599,Application-33,M_Req,missing_destination,58,Application-33-Service,EndDevice-33,Application-33-Service,22400
8608,Application-36,M_Req,missing_destination,61,Application-36-Service,EndDevice-36,Application-36-Service,22500
8625,Application-35,M_Req,missing_destination,60,Application-35-Service,EndDevice-35,Application-35-Service,22500
8627,Application-11,M_Req,missing_destination,36,Application-11-Service,EndDevice-11,Application-11-Service,22500
8630,Application-4,M_Req,missing_destination,29,Application-4-Service,EndDevice-4,Application-4-Service,22500
8635,Application-1,M_Req,missing_destination,26,Application-1-Service,EndDevice-1,Application-1-Service,22500
8643,Application-2,M_Req,missing_destination,27,Application-2-Service,EndDevice-2,Application-2-Service,22500
8647,Application-33,M_Req,missing_destination,58,Application-33-Service,EndDevice-33,Application-33-Service,22500
8656,Application-36,M_Req,missing_destination,61,Application-36-Service,EndDevice-36,Application-36-Service,22600
8668,Application-35,M_Req,missing_destination,60,Application-35-Service,EndDevice-35,Application-35-Service,22600
8670,Application-11,M_Req,missing_destination,36,Application-11-Service,EndDevice-11,Application-11-Service,22600
8673,Application-4,M_Req,missing_destination,29,Application-4-Service,EndDevice-4,Application-4-Service,22600
8678,Application-1,M_Req,missing_destination,26,Application-1-Service,EndDevice-1,Application-1-Service,22600
8685,Application-44,M_Req,missing_destination,69,Application-44-Service,EndDevice-44,Application-44-Service,22700
8699,Application-26,M_Req,missing_destination,51,Application-26-Service,EndDevice-26,Application-26-Service,22700
8703,Application-27,M_Req,missing_destination,52,Application-27-Service,EndDevice-27,Application-27-Service,22700
8704,Application-36,M_Req,missing_destination,61,Application-36-Service,EndDevice-36,Application-36-Service,22700
8705,Application-28,M_Req,missing_destination,53,Application-28-Service,EndDevice-28,Application-28-Service,22700
8707,Application-25,M_Req,missing_destination,50,Application-25-Service,EndDevice-25,Application-25-Service,22700
8709,Application-9,M_Req,missing_destination,34,Application-9-Service,EndDevice-9,Application-9-Service,22700
8711,Application-42,M_Req,missing_destination,67,Application-42-Service,EndDevice-42,Application-42-Service,22700
8716,Application-35,M_Req,missing_destination,60,Application-35-Service,EndDevice-35,Application-35-Service,22700
8718,Application-11,M_Req,missing_destination,36,Application-11-Service,EndDevice-11,Application-11-Service,22700
8721,Application-4,M_Req,missing_destination,29,Application-4-Service,EndDevice-4,Application-4-Service,22700
8723,Application-43,M_Req,missing_destination,68,Application-43-Service,EndDevice-43,Application-43-Service,22700
8726,Application-1,M_Req,missing_destination,26,Application-1-Service,EndDevice-1,Application-1-Service,22700
8728,Application-41,M_Req,missing_destination,66,Application-41-Service,EndDevice-41,Application-41-Service,22700
8731,Application-44,M_Req,missing_destination,69,Application-44-Service,EndDevice-44,Application-44-Service,22800
8746,Application-27,M_Req,missing_destination,52,Application-27-Service,EndDevice-27,Application-27-Service,22800
8747,Application-36,M_Req,missing_destination,61,Application-36-Service,EndDevice-36,Application-36-Service,22800
8748,Application-28,M_Req,missing_destination,53,Application-28-Service,EndDevice-28,Application-28-Service,22800
8749,Application-25,M_Req,missing_destination,50,Application-25-Service,EndDevice-25,Application-25-Service,22800
8751,Application-9,M_Req,missing_destination,34,Application-9-Service,EndDevice-9,Application-9-Service,22800
8752,Application-42,M_Req,missing_destination,67,Application-42-Service,EndDevice-42,Application-42-Service,22800
8779,Application-44,M_Req,missing_destination,69,Application-44-Service,EndDevice-44,Application-44-Service,22900
8800,Application-42,M_Req,missing_destination,67,Application-42-Service,EndDevice-42,Application-42-Service,22900
8810,Application-43,M_Req,missing_destination,68,Application-43-Service,EndDevice-43,Application-43-Service,23000
8816,Application-2,M_Req,missing_destination,27,Application-2-Service,EndDevice-2,Application-2-Service,23000
8819,Application-7,M_Req,missing_destination,32,Application-7-Service,EndDevice-7,Application-7-Service,23000
8823,Application-44,M_Req,missing_destination,69,Application-44-Service,EndDevice-44,Application-44-Service,23000
8828,Application-24,M_Req,missing_destination,49,Application-24-Service,EndDevice-24,Application-24-Service,23000
8831,Application-22,M_Req,missing_destination,47,Application-22-Service,EndDevice-22,Application-22-Service,23100
8833,Application-5,M_Req,missing_destination,30,Application-5-Service,EndDevice-5,Application-5-Service,23100
8840,Application-8,M_Req,missing_destination,33,Application-8-Service,EndDevice-8,Application-8-Service,23100
8858,Application-43,M_Req,missing_destination,68,Application-43-Service,EndDevice-43,Application-43-Service,23100
8864,Application-2,M_Req,missing_destination,27,Application-2-Service,EndDevice-2,Application-2-Service,23100
8867,Application-7,M_Req,missing_destination,32,Application-7-Service,EndDevice-7,Application-7-Service,23100
8871,Application-44,M_Req,missing_destination,69,Application-44-Service,EndDevice-44,Application-44-Service,23100
8876,Application-24,M_Req,missing_destination,49,Application-24-Service,EndDevice-24,Application-24-Service,23100
8879,Application-22,M_Req,missing_destination,47,Application-22-Service,EndDevice-22,Application-22-Service,23200
8881,Application-5,M_Req,missing_destination,30,Application-5-Service,EndDevice-5,Application-5-Service,23200
8886,Application-8,M_Req,missing_destination,33,Application-8-Service,EndDevice-8,Application-8-Service,23200
8900,Application-43,M_Req,missing_destination,68,Application-43-Service,EndDevice-43,Application-43-Service,23200
8905,Application-2,M_Req,missing_destination,27,Application-2-Service,EndDevice-2,Application-2-Service,23200
8908,Application-7,M_Req,missing_destination,32,Application-7-Service,EndDevice-7,Application-7-Service,23200
8926,Application-41,M_Req,missing_destination,66,Application-41-Service,EndDevice-41,Application-41-Service,23300
8927,Application-22,M_Req,missing_destination,47,Application-22-Service,EndDevice-22,Application-22-Service,23300
8929,Application-5,M_Req,missing_destination,30,Application-5-Service,EndDevice-5,Application-5-Service,23300
8934,Application-8,M_Req,missing_destination,33,Application-8-Service,EndDevice-8,Application-8-Service,23300
8948,Application-43,M_Req,missing_destination,68,Application-43-Service,EndDevice-43,Application-43-Service,23300
8953,Application-2,M_Req,missing_destination,27,Application-2-Service,EndDevice-2,Application-2-Service,23300
8956,Application-7,M_Req,missing_destination,32,Application-7-Service,EndDevice-7,Application-7-Service,23300
8971,Application-41,M_Req,missing_destination,66,Application-41-Service,EndDevice-41,Application-41-Service,23400
8972,Application-22,M_Req,missing_destination,47,Application-22-Service,EndDevice-22,Application-22-Service,23400
8978,Application-8,M_Req,missing_destination,33,Application-8-Service,EndDevice-8,Application-8-Service,23400
9020,Application-22,M_Req,missing_destination,47,Application-22-Service,EndDevice-22,Application-22-Service,23500
9035,Application-11,M_Req,missing_destination,36,Application-11-Service,EndDevice-11,Application-11-Service,23600
9040,Application-2,M_Req,missing_destination,27,Application-2-Service,EndDevice-2,Application-2-Service,23600
9061,Application-10,M_Req,missing_destination,35,Application-10-Service,EndDevice-10,Application-10-Service,23600
9063,Application-41,M_Req,missing_destination,66,Application-41-Service,EndDevice-41,Application-41-Service,23600
9068,Application-9,M_Req,missing_destination,34,Application-9-Service,EndDevice-9,Application-9-Service,23700
9083,Application-11,M_Req,missing_destination,36,Application-11-Service,EndDevice-11,Application-11-Service,23700
9088,Application-2,M_Req,missing_destination,27,Application-2-Service,EndDevice-2,Application-2-Service,23700
9109,Application-10,M_Req,missing_destination,35,Application-10-Service,EndDevice-10,Application-10-Service,23700
9111,Application-41,M_Req,missing_destination,66,Application-41-Service,EndDevice-41,Application-41-Service,23700
9140,Application-16,M_Req,missing_destination,41,Application-16-Service,EndDevice-16,Application-16-Service,23900
9144,Application-13,M_Req,missing_destination,38,Application-13-Service,EndDevice-13,Application-13-Service,23900
9146,Application-14,M_Req,missing_destination,39,Application-14-Service,EndDevice-14,Application-14-Service,23900
9155,Application-15,M_Req,missing_destination,40,Application-15-Service,EndDevice-15,Application-15-Service,23900
9177,Application-43,M_Req,missing_destination,68,Application-43-Service,EndDevice-43,Application-43-Service,23900
9185,Application-3,M_Req,missing_destination,28,Application-3-Service,EndDevice-3,Application-3-Service,23900
9188,Application-16,M_Req,missing_destination,41,Application-16-Service,EndDevice-16,Application-16-Service,24000
9190,Application-13,M_Req,missing_destination,38,Application-13-Service,EndDevice-13,Application-13-Service,24000
9192,Application-14,M_Req,missing_destination,39,Application-14-Service,EndDevice-14,Application-14-Service,24000
9200,Application-15,M_Req,missing_destination,40,Application-15-Service,EndDevice-15,Application-15-Service,24000
9267,Application-20,M_Req,missing_destination,45,Application-20-Service,EndDevice-20,Application-20-Service,24200
9268,Application-19,M_Req,missing_destination,44,Application-19-Service,EndDevice-19,Application-19-Service,24200
9269,Application-1,M_Req,missing_destination,26,Application-1-Service,EndDevice-1,Application-1-Service,24200
9271,Application-5,M_Req,missing_destination,30,Application-5-Service,EndDevice-5,Application-5-Service,24200
9277,Application-24,M_Req,missing_destination,49,Application-24-Service,EndDevice-24,Application-24-Service,24200
9278,Application-4,M_Req,missing_destination,29,Application-4-Service,EndDevice-4,Application-4-Service,24200
9281,Application-17,M_Req,missing_destination,42,Application-17-Service,EndDevice-17,Application-17-Service,24200
9283,Application-10,M_Req,missing_destination,35,Application-10-Service,EndDevice-10,Application-10-Service,24200
9284,Application-41,M_Req,missing_destination,66,Application-41-Service,EndDevice-41,Application-41-Service,24200
9285,Application-6,M_Req,missing_destination,31,Application-6-Service,EndDevice-6,Application-6-Service,24200
9299,Application-8,M_Req,missing_destination,33,Application-8-Service,EndDevice-8,Application-8-Service,24300
9315,Application-20,M_Req,missing_destination,45,Application-20-Service,EndDevice-20,Application-20-Service,24300
9316,Application-19,M_Req,missing_destination,44,Application-19-Service,EndDevice-19,Application-19-Service,24300
9317,Application-1,M_Req,missing_destination,26,Application-1-Service,EndDevice-1,Application-1-Service,24300
9319,Application-5,M_Req,missing_destination,30,Application-5-Service,EndDevice-5,Application-5-Service,24300
9325,Application-24,M_Req,missing_destination,49,Application-24-Service,EndDevice-24,Application-24-Service,24300
9326,Application-4,M_Req,missing_destination,29,Application-4-Service,EndDevice-4,Application-4-Service,24300
9329,Application-17,M_Req,missing_destination,42,Application-17-Service,EndDevice-17,Application-17-Service,24300
9331,Application-10,M_Req,missing_destination,35,Application-10-Service,EndDevice-10,Application-10-Service,24300
9332,Application-41,M_Req,missing_destination,66,Application-41-Service,EndDevice-41,Application-41-Service,24300
9333,Application-6,M_Req,missing_destination,31,Application-6-Service,EndDevice-6,Application-6-Service,24300
9372,Application-6,M_Req,missing_destination,31,Application-6-Service,EndDevice-6,Application-6-Service,24500
9378,Application-46,M_Req,missing_destination,71,Application-46-Service,EndDevice-46,Application-46-Service,24500
9385,Application-23,M_Req,missing_destination,48,Application-23-Service,EndDevice-23,Application-23-Service,24500
9387,Application-40,M_Req,missing_destination,65,Application-40-Service,EndDevice-40,Application-40-Service,24500
9395,Application-21,M_Req,missing_destination,46,Application-21-Service,EndDevice-21,Application-21-Service,24500
9398,Application-47,M_Req,missing_destination,72,Application-47-Service,EndDevice-47,Application-47-Service,24500
9399,Application-18,M_Req,missing_destination,43,Application-18-Service,EndDevice-18,Application-18-Service,24500
9400,Application-38,M_Req,missing_destination,63,Application-38-Service,EndDevice-38,Application-38-Service,24500
9402,Application-48,M_Req,missing_destination,73,Application-48-Service,EndDevice-48,Application-48-Service,24500
9403,Application-37,M_Req,missing_destination,62,Application-37-Service,EndDevice-37,Application-37-Service,24500
9404,Application-2,M_Req,missing_destination,27,Application-2-Service,EndDevice-2,Application-2-Service,24500
9408,Application-3,M_Req,missing_destination,28,Application-3-Service,EndDevice-3,Application-3-Service,24500
9411,Application-45,M_Req,missing_destination,70,Application-45-Service,EndDevice-45,Application-45-Service,24500
9412,Application-39,M_Req,missing_destination,64,Application-39-Service,EndDevice-39,Application-39-Service,24500
9425,Application-46,M_Req,missing_destination,71,Application-46-Service,EndDevice-46,Application-46-Service,24600
9432,Application-23,M_Req,missing_destination,48,Application-23-Service,EndDevice-23,Application-23-Service,24600
9434,Application-40,M_Req,missing_destination,65,Application-40-Service,EndDevice-40,Application-40-Service,24600
9441,Application-21,M_Req,missing_destination,46,Application-21-Service,EndDevice-21,Application-21-Service,24600
9443,Application-47,M_Req,missing_destination,72,Application-47-Service,EndDevice-47,Application-47-Service,24600
9444,Application-18,M_Req,missing_destination,43,Application-18-Service,EndDevice-18,Application-18-Service,24600
9445,Application-48,M_Req,missing_destination,73,Application-48-Service,EndDevice-48,Application-48-Service,24600
9473,Application-46,M_Req,missing_destination,71,Application-46-Service,EndDevice-46,Application-46-Service,24700
9480,Application-23,M_Req,missing_destination,48,Application-23-Service,EndDevice-23,Application-23-Service,24700
9491,Application-47,M_Req,missing_destination,72,Application-47-Service,EndDevice-47,Application-47-Service,24700
9493,Application-48,M_Req,missing_destination,73,Application-48-Service,EndDevice-48,Application-48-Service,24700
9502,Application-42,M_Req,missing_destination,67,Application-42-Service,EndDevice-42,Application-42-Service,24800
9506,Application-35,M_Req,missing_destination,60,Application-35-Service,EndDevice-35,Application-35-Service,24800
9509,Application-30,M_Req,missing_destination,55,Application-30-Service,EndDevice-30,Application-30-Service,24800
9510,Application-36,M_Req,missing_destination,61,Application-36-Service,EndDevice-36,Application-36-Service,24800
9511,Application-34,M_Req,missing_destination,59,Application-34-Service,EndDevice-34,Application-34-Service,24800
9512,Application-31,M_Req,missing_destination,56,Application-31-Service,EndDevice-31,Application-31-Service,24800
9519,Application-23,M_Req,missing_destination,48,Application-23-Service,EndDevice-23,Application-23-Service,24800
9522,Application-32,M_Req,missing_destination,57,Application-32-Service,EndDevice-32,Application-32-Service,24900
9525,Application-33,M_Req,missing_destination,58,Application-33-Service,EndDevice-33,Application-33-Service,24900
9527,Application-29,M_Req,missing_destination,54,Application-29-Service,EndDevice-29,Application-29-Service,24900
9528,Application-21,M_Req,missing_destination,46,Application-21-Service,EndDevice-21,Application-21-Service,24900
9550,Application-42,M_Req,missing_destination,67,Application-42-Service,EndDevice-42,Application-42-Service,24900
9554,Application-35,M_Req,missing_destination,60,Application-35-Service,EndDevice-35,Application-35-Service,24900
9557,Application-30,M_Req,missing_destination,55,Application-30-Service,EndDevice-30,Application-30-Service,24900
9558,Application-36,M_Req,missing_destination,61,Application-36-Service,EndDevice-36,Application-36-Service,24900
9559,Application-34,M_Req,missing_destination,59,Application-34-Service,EndDevice-34,Application-34-Service,24900
9560,Application-31,M_Req,missing_destination,56,Application-31-Service,EndDevice-31,Application-31-Service,24900
9567,Application-23,M_Req,missing_destination,48,Application-23-Service,EndDevice-23,Application-23-Service,24900
9570,Application-32,M_Req,missing_destination,57,Application-32-Service,EndDevice-32,Application-32-Service,25000
9574,Application-29,M_Req,missing_destination,54,Application-29-Service,EndDevice-29,Application-29-Service,25000
9575,Application-21,M_Req,missing_destination,46,Application-21-Service,EndDevice-21,Application-21-Service,25000
9592,Application-42,M_Req,missing_destination,67,Application-42-Service,EndDevice-42,Application-42-Service,25000
9596,Application-35,M_Req,missing_destination,60,Application-35-Service,EndDevice-35,Application-35-Service,25000
9599,Application-36,M_Req,missing_destination,61,Application-36-Service,EndDevice-36,Application-36-Service,25100
9611,Application-14,M_Req,missing_destination,39,Application-14-Service,EndDevice-14,Application-14-Service,25100
9615,Application-31,M_Req,missing_destination,56,Application-31-Service,EndDevice-31,Application-31-Service,25100
9618,Application-32,M_Req,missing_destination,57,Application-32-Service,EndDevice-32,Application-32-Service,25100
9622,Application-29,M_Req,missing_destination,54,Application-29-Service,EndDevice-29,Application-29-Service,25100
9623,Application-21,M_Req,missing_destination,46,Application-21-Service,EndDevice-21,Application-21-Service,25100
9626,Application-18,M_Req,missing_destination,43,Application-18-Service,EndDevice-18,Application-18-Service,25100
9628,Application-13,M_Req,missing_destination,38,Application-13-Service,EndDevice-13,Application-13-Service,25100
9630,Application-17,M_Req,missing_destination,42,Application-17-Service,EndDevice-17,Application-17-Service,25100
9631,Application-22,M_Req,missing_destination,47,Application-22-Service,EndDevice-22,Application-22-Service,25100
9632,Application-15,M_Req,missing_destination,40,Application-15-Service,EndDevice-15,Application-15-Service,25100
9633,Application-19,M_Req,missing_destination,44,Application-19-Service,EndDevice-19,Application-19-Service,25100
9639,Application-20,M_Req,missing_destination,45,Application-20-Service,EndDevice-20,Application-20-Service,25100
9640,Application-42,M_Req,missing_destination,67,Application-42-Service,EndDevice-42,Application-42-Service,25100
9642,Application-16,M_Req,missing_destination,41,Application-16-Service,EndDevice-16,Application-16-Service,25100
9644,Application-35,M_Req,missing_destination,60,Application-35-Service,EndDevice-35,Application-35-Service,25100
9647,Application-36,M_Req,missing_destination,61,Application-36-Service,EndDevice-36,Application-36-Service,25200
9660,Application-31,M_Req,missing_destination,56,Application-31-Service,EndDevice-31,Application-31-Service,25200
9663,Application-32,M_Req,missing_destination,57,Application-32-Service,EndDevice-32,Application-32-Service,25200
9667,Application-29,M_Req,missing_destination,54,Application-29-Service,EndDevice-29,Application-29-Service,25200
9668,Application-21,M_Req,missing_destination,46,Application-21-Service,EndDevice-21,Application-21-Service,25200
9672,Application-13,M_Req,missing_destination,38,Application-13-Service,EndDevice-13,Application-13-Service,25200
9673,Application-17,M_Req,missing_destination,42,Application-17-Service,EndDevice-17,Application-17-Service,25200
9674,Application-19,M_Req,missing_destination,44,Application-19-Service,EndDevice-19,Application-19-Service,25200
9695,Application-36,M_Req,missing_destination,61,Application-36-Service,EndDevice-36,Application-36-Service,25300
9708,Application-31,M_Req,missing_destination,56,Application-31-Service,EndDevice-31,Application-31-Service,25300
9720,Application-13,M_Req,missing_destination,38,Application-13-Service,EndDevice-13,Application-13-Service,25300
9721,Application-17,M_Req,missing_destination,42,Application-17-Service,EndDevice-17,Application-17-Service,25300
9722,Application-19,M_Req,missing_destination,44,Application-19-Service,EndDevice-19,Application-19-Service,25300
9739,Application-36,M_Req,missing_destination,61,Application-36-Service,EndDevice-36,Application-36-Service,25400
9751,Application-31,M_Req,missing_destination,56,Application-31-Service,EndDevice-31,Application-31-Service,25400
9754,Application-32,M_Req,missing_destination,57,Application-32-Service,EndDevice-32,Application-32-Service,25500
9787,Application-36,M_Req,missing_destination,61,Application-36-Service,EndDevice-36,Application-36-Service,25500
9799,Application-31,M_Req,missing_destination,56,Application-31-Service,EndDevice-31,Application-31-Service,25500
9802,Application-32,M_Req,missing_destination,57,Application-32-Service,EndDevice-32,Application-32-Service,25600
9829,Application-12,M_Req,missing_destination,37,Application-12-Service,EndDevice-12,Application-12-Service,25700
9834,Application-10,M_Req,missing_destination,35,Application-10-Service,EndDevice-10,Application-10-Service,25700
9847,Application-39,M_Req,missing_destination,64,Application-39-Service,EndDevice-39,Application-39-Service,25700
9849,Application-19,M_Req,missing_destination,44,Application-19-Service,EndDevice-19,Application-19-Service,25700
9850,Application-32,M_Req,missing_destination,57,Application-32-Service,EndDevice-32,Application-32-Service,25700
9851,Application-9,M_Req,missing_destination,34,Application-9-Service,EndDevice-9,Application-9-Service,25700
9854,Application-13,M_Req,missing_destination,38,Application-13-Service,EndDevice-13,Application-13-Service,25700
9858,Application-35,M_Req,missing_destination,60,Application-35-Service,EndDevice-35,Application-35-Service,25700
9859,Application-37,M_Req,missing_destination,62,Application-37-Service,EndDevice-37,Application-37-Service,25700
9860,Application-33,M_Req,missing_destination,58,Application-33-Service,EndDevice-33,Application-33-Service,25700
9866,Application-11,M_Req,missing_destination,36,Application-11-Service,EndDevice-11,Application-11-Service,25700
9870,Application-38,M_Req,missing_destination,63,Application-38-Service,EndDevice-38,Application-38-Service,25700
9872,Application-40,M_Req,missing_destination,65,Application-40-Service,EndDevice-40,Application-40-Service,25700
9874,Application-15,M_Req,missing_destination,40,Application-15-Service,EndDevice-15,Application-15-Service,25700
9877,Application-12,M_Req,missing_destination,37,Application-12-Service,EndDevice-12,Application-12-Service,25800
9882,Application-10,M_Req,missing_destination,35,Application-10-Service,EndDevice-10,Application-10-Service,25800
9893,Application-39,M_Req,missing_destination,64,Application-39-Service,EndDevice-39,Application-39-Service,25800
9895,Application-19,M_Req,missing_destination,44,Application-19-Service,EndDevice-19,Application-19-Service,25800
9896,Application-32,M_Req,missing_destination,57,Application-32-Service,EndDevice-32,Application-32-Service,25800
9898,Application-13,M_Req,missing_destination,38,Application-13-Service,EndDevice-13,Application-13-Service,25800
9901,Application-35,M_Req,missing_destination,60,Application-35-Service,EndDevice-35,Application-35-Service,25800
9902,Application-37,M_Req,missing_destination,62,Application-37-Service,EndDevice-37,Application-37-Service,25800
9903,Application-33,M_Req,missing_destination,58,Application-33-Service,EndDevice-33,Application-33-Service,25800
9941,Application-39,M_Req,missing_destination,64,Application-39-Service,EndDevice-39,Application-39-Service,25900
9949,Application-35,M_Req,missing_destination,60,Application-35-Service,EndDevice-35,Application-35-Service,25900
9950,Application-37,M_Req,missing_destination,62,Application-37-Service,EndDevice-37,Application-37-Service,25900
9953,Application-2,M_Req,missing_destination,27,Application-2-Service,EndDevice-2,Application-2-Service,26000
9954,Application-3,M_Req,missing_destination,28,Application-3-Service,EndDevice-3,Application-3-Service,26000
9955,Application-11,M_Req,missing_destination,36,Application-11-Service,EndDevice-11,Application-11-Service,26000
9957,Application-38,M_Req,missing_destination,63,Application-38-Service,EndDevice-38,Application-38-Service,26000
9962,Application-42,M_Req,missing_destination,67,Application-42-Service,EndDevice-42,Application-42-Service,26000
9966,Application-1,M_Req,missing_destination,26,Application-1-Service,EndDevice-1,Application-1-Service,26000
9977,Application-43,M_Req,missing_destination,68,Application-43-Service,EndDevice-43,Application-43-Service,26000
9979,Application-41,M_Req,missing_destination,66,Application-41-Service,EndDevice-41,Application-41-Service,26000
9983,Application-39,M_Req,missing_destination,64,Application-39-Service,EndDevice-39,Application-39-Service,26000
9987,Application-44,M_Req,missing_destination,69,Application-44-Service,EndDevice-44,Application-44-Service,26100
10001,Application-2,M_Req,missing_destination,27,Application-2-Service,EndDevice-2,Application-2-Service,26100
10002,Application-3,M_Req,missing_destination,28,Application-3-Service,EndDevice-3,Application-3-Service,26100
10003,Application-11,M_Req,missing_destination,36,Application-11-Service,EndDevice-11,Application-11-Service,26100
10005,Application-38,M_Req,missing_destination,63,Application-38-Service,EndDevice-38,Application-38-Service,26100
10010,Application-42,M_Req,missing_destination,67,Application-42-Service,EndDevice-42,Application-42-Service,26100
10014,Application-1,M_Req,missing_destination,26,Application-1-Service,EndDevice-1,Application-1-Service,26100
10025,Application-43,M_Req,missing_destination,68,Application-43-Service,EndDevice-43,Application-43-Service,26100
10027,Application-41,M_Req,missing_destination,66,Application-41-Service,EndDevice-41,Application-41-Service,26100
10031,Application-39,M_Req,missing_destination,64,Application-39-Service,EndDevice-39,Application-39-Service,26100
10045,Application-2,M_Req,missing_destination,27,Application-2-Service,EndDevice-2,Application-2-Service,26200
10046,Application-3,M_Req,missing_destination,28,Application-3-Service,EndDevice-3,Application-3-Service,26200
10058,Application-1,M_Req,missing_destination,26,Application-1-Service,EndDevice-1,Application-1-Service,26200
10064,Application-23,M_Req,missing_destination,48,Application-23-Service,EndDevice-23,Application-23-Service,26300
10072,Application-24,M_Req,missing_destination,49,Application-24-Service,EndDevice-24,Application-24-Service,26300
10077,Application-39,M_Req,missing_destination,64,Application-39-Service,EndDevice-39,Application-39-Service,26300
10093,Application-2,M_Req,missing_destination,27,Application-2-Service,EndDevice-2,Application-2-Service,26300
10094,Application-3,M_Req,missing_destination,28,Application-3-Service,EndDevice-3,Application-3-Service,26300
10098,Application-22,M_Req,missing_destination,47,Application-22-Service,EndDevice-22,Application-22-Service,26300
10105,Application-21,M_Req,missing_destination,46,Application-21-Service,EndDevice-21,Application-21-Service,26300
10106,Application-1,M_Req,missing_destination,26,Application-1-Service,EndDevice-1,Application-1-Service,26300
10112,Application-23,M_Req,missing_destination,48,Application-23-Service,EndDevice-23,Application-23-Service,26400
10119,Application-24,M_Req,missing_destination,49,Application-24-Service,EndDevice-24,Application-24-Service,26400
10124,Application-39,M_Req,missing_destination,64,Application-39-Service,EndDevice-39,Application-39-Service,26400
10172,Application-39,M_Req,missing_destination,64,Application-39-Service,EndDevice-39,Application-39-Service,26500
10187,Application-18,M_Req,missing_destination,43,Application-18-Service,EndDevice-18,Application-18-Service,26600
10201,Application-32,M_Req,missing_destination,57,Application-32-Service,EndDevice-32,Application-32-Service,26600
10202,Application-30,M_Req,missing_destination,55,Application-30-Service,EndDevice-30,Application-30-Service,26600
10205,Application-23,M_Req,missing_destination,48,Application-23-Service,EndDevice-23,Application-23-Service,26600
10206,Application-31,M_Req,missing_destination,56,Application-31-Service,EndDevice-31,Application-31-Service,26600
10207,Application-41,M_Req,missing_destination,66,Application-41-Service,EndDevice-41,Application-41-Service,26600
10213,Application-39,M_Req,missing_destination,64,Application-39-Service,EndDevice-39,Application-39-Service,26600
10216,Application-17,M_Req,missing_destination,42,Application-17-Service,EndDevice-17,Application-17-Service,26700
10235,Application-18,M_Req,missing_destination,43,Application-18-Service,EndDevice-18,Application-18-Service,26700
10249,Application-32,M_Req,missing_destination,57,Application-32-Service,EndDevice-32,Application-32-Service,26700
10250,Application-30,M_Req,missing_destination,55,Application-30-Service,EndDevice-30,Application-30-Service,26700
10253,Application-23,M_Req,missing_destination,48,Application-23-Service,EndDevice-23,Application-23-Service,26700
10254,Application-31,M_Req,missing_destination,56,Application-31-Service,EndDevice-31,Application-31-Service,26700
10255,Application-41,M_Req,missing_destination,66,Application-41-Service,EndDevice-41,Application-41-Service,26700
10261,Application-39,M_Req,missing_destination,64,Application-39-Service,EndDevice-39,Application-39-Service,26700
10303,Application-42,M_Req,missing_destination,67,Application-42-Service,EndDevice-42,Application-42-Service,26900
10304,Application-44,M_Req,missing_destination,69,Application-44-Service,EndDevice-44,Application-44-Service,26900
10307,Application-32,M_Req,missing_destination,57,Application-32-Service,EndDevice-32,Application-32-Service,26900
10309,Application-41,M_Req,missing_destination,66,Application-41-Service,EndDevice-41,Application-41-Service,26900
10312,Application-17,M_Req,missing_destination,42,Application-17-Service,EndDevice-17,Application-17-Service,26900
10324,Application-20,M_Req,missing_destination,45,Application-20-Service,EndDevice-20,Application-20-Service,26900
10329,Application-18,M_Req,missing_destination,43,Application-18-Service,EndDevice-18,Application-18-Service,26900
10333,Application-4,M_Req,missing_destination,29,Application-4-Service,EndDevice-4,Application-4-Service,26900
10334,Application-43,M_Req,missing_destination,68,Application-43-Service,EndDevice-43,Application-43-Service,26900
10349,Application-42,M_Req,missing_destination,67,Application-42-Service,EndDevice-42,Application-42-Service,27000
10350,Application-44,M_Req,missing_destination,69,Application-44-Service,EndDevice-44,Application-44-Service,27000
10353,Application-32,M_Req,missing_destination,57,Application-32-Service,EndDevice-32,Application-32-Service,27000
10356,Application-17,M_Req,missing_destination,42,Application-17-Service,EndDevice-17,Application-17-Service,27000
10365,Application-20,M_Req,missing_destination,45,Application-20-Service,EndDevice-20,Application-20-Service,27000
10397,Application-42,M_Req,missing_destination,67,Application-42-Service,EndDevice-42,Application-42-Service,27100
10398,Application-44,M_Req,missing_destination,69,Application-44-Service,EndDevice-44,Application-44-Service,27100
10413,Application-20,M_Req,missing_destination,45,Application-20-Service,EndDevice-20,Application-20-Service,27100
10414,Application-3,M_Req,missing_destination,28,Application-3-Service,EndDevice-3,Application-3-Service,27200
10417,Application-40,M_Req,missing_destination,65,Application-40-Service,EndDevice-40,Application-40-Service,27200
10420,Application-4,M_Req,missing_destination,29,Application-4-Service,EndDevice-4,Application-4-Service,27200
10421,Application-43,M_Req,missing_destination,68,Application-43-Service,EndDevice-43,Application-43-Service,27200
10423,Application-27,M_Req,missing_destination,52,Application-27-Service,EndDevice-27,Application-27-Service,27200
10426,Application-25,M_Req,missing_destination,50,Application-25-Service,EndDevice-25,Application-25-Service,27200
10427,Application-41,M_Req,missing_destination,66,Application-41-Service,EndDevice-41,Application-41-Service,27200
10437,Application-28,M_Req,missing_destination,53,Application-28-Service,EndDevice-28,Application-28-Service,27200
10440,Application-42,M_Req,missing_destination,67,Application-42-Service,EndDevice-42,Application-42-Service,27200
10441,Application-44,M_Req,missing_destination,69,Application-44-Service,EndDevice-44,Application-44-Service,27200
10445,Application-1,M_Req,missing_destination,26,Application-1-Service,EndDevice-1,Application-1-Service,27200
10451,Application-2,M_Req,missing_destination,27,Application-2-Service,EndDevice-2,Application-2-Service,27300
10462,Application-3,M_Req,missing_destination,28,Application-3-Service,EndDevice-3,Application-3-Service,27300
10465,Application-40,M_Req,missing_destination,65,Application-40-Service,EndDevice-40,Application-40-Service,27300
10468,Application-4,M_Req,missing_destination,29,Application-4-Service,EndDevice-4,Application-4-Service,27300
10469,Application-43,M_Req,missing_destination,68,Application-43-Service,EndDevice-43,Application-43-Service,27300
10471,Application-27,M_Req,missing_destination,52,Application-27-Service,EndDevice-27,Application-27-Service,27300
10474,Application-25,M_Req,missing_destination,50,Application-25-Service,EndDevice-25,Application-25-Service,27300
10475,Application-41,M_Req,missing_destination,66,Application-41-Service,EndDevice-41,Application-41-Service,27300
10485,Application-28,M_Req,missing_destination,53,Application-28-Service,EndDevice-28,Application-28-Service,27300
10488,Application-42,M_Req,missing_destination,67,Application-42-Service,EndDevice-42,Application-42-Service,27300
10489,Application-44,M_Req,missing_destination,69,Application-44-Service,EndDevice-44,Application-44-Service,27300
10493,Application-1,M_Req,missing_destination,26,Application-1-Service,EndDevice-1,Application-1-Service,27300
10504,Application-3,M_Req,missing_destination,28,Application-3-Service,EndDevice-3,Application-3-Service,27400
10507,Application-40,M_Req,missing_destination,65,Application-40-Service,EndDevice-40,Application-40-Service,27400
10515,Application-41,M_Req,missing_destination,66,Application-41-Service,EndDevice-41,Application-41-Service,27400
10538,Application-36,M_Req,missing_destination,61,Application-36-Service,EndDevice-36,Application-36-Service,27500
10540,Application-23,M_Req,missing_destination,48,Application-23-Service,EndDevice-23,Application-23-Service,27500
10543,Application-35,M_Req,missing_destination,60,Application-35-Service,EndDevice-35,Application-35-Service,27500
10546,Application-24,M_Req,missing_destination,49,Application-24-Service,EndDevice-24,Application-24-Service,27500
10548,Application-34,M_Req,missing_destination,59,Application-34-Service,EndDevice-34,Application-34-Service,27500
10549,Application-33,M_Req,missing_destination,58,Application-33-Service,EndDevice-33,Application-33-Service,27500
10552,Application-3,M_Req,missing_destination,28,Application-3-Service,EndDevice-3,Application-3-Service,27500
10555,Application-40,M_Req,missing_destination,65,Application-40-Service,EndDevice-40,Application-40-Service,27500
10563,Application-41,M_Req,missing_destination,66,Application-41-Service,EndDevice-41,Application-41-Service,27500
10584,Application-36,M_Req,missing_destination,61,Application-36-Service,EndDevice-36,Application-36-Service,27600
10586,Application-23,M_Req,missing_destination,48,Application-23-Service,EndDevice-23,Application-23-Service,27600
10592,Application-34,M_Req,missing_destination,59,Application-34-Service,EndDevice-34,Application-34-Service,27600
10593,Application-33,M_Req,missing_destination,58,Application-33-Service,EndDevice-33,Application-33-Service,27600
10634,Application-23,M_Req,missing_destination,48,Application-23-Service,EndDevice-23,Application-23-Service,27700
10648,Application-21,M_Req,missing_destination,46,Application-21-Service,EndDevice-21,Application-21-Service,27800
10650,Application-29,M_Req,missing_destination,54,Application-29-Service,EndDevice-29,Application-29-Service,27800
10652,Application-45,M_Req,missing_destination,70,Application-45-Service,EndDevice-45,Application-45-Service,27800
10658,Application-48,M_Req,missing_destination,73,Application-48-Service,EndDevice-48,Application-48-Service,27800
10660,Application-30,M_Req,missing_destination,55,Application-30-Service,EndDevice-30,Application-30-Service,27800
10663,Application-31,M_Req,missing_destination,56,Application-31-Service,EndDevice-31,Application-31-Service,27800
10666,Application-42,M_Req,missing_destination,67,Application-42-Service,EndDevice-42,Application-42-Service,27800
10671,Application-46,M_Req,missing_destination,71,Application-46-Service,EndDevice-46,Application-46-Service,27800
10675,Application-23,M_Req,missing_destination,48,Application-23-Service,EndDevice-23,Application-23-Service,27800
10678,Application-47,M_Req,missing_destination,72,Application-47-Service,EndDevice-47,Application-47-Service,27900
10696,Application-21,M_Req,missing_destination,46,Application-21-Service,EndDevice-21,Application-21-Service,27900
10698,Application-29,M_Req,missing_destination,54,Application-29-Service,EndDevice-29,Application-29-Service,27900
10700,Application-45,M_Req,missing_destination,70,Application-45-Service,EndDevice-45,Application-45-Service,27900
10706,Application-48,M_Req,missing_destination,73,Application-48-Service,EndDevice-48,Application-48-Service,27900
10708,Application-30,M_Req,missing_destination,55,Application-30-Service,EndDevice-30,Application-30-Service,27900
10711,Application-31,M_Req,missing_destination,56,Application-31-Service,EndDevice-31,Application-31-Service,27900
10714,Application-42,M_Req,missing_destination,67,Application-42-Service,EndDevice-42,Application-42-Service,27900
10719,Application-46,M_Req,missing_destination,71,Application-46-Service,EndDevice-46,Application-46-Service,27900
10723,Application-23,M_Req,missing_destination,48,Application-23-Service,EndDevice-23,Application-23-Service,27900
10726,Application-47,M_Req,missing_destination,72,Application-47-Service,EndDevice-47,Application-47-Service,28000
10740,Application-21,M_Req,missing_destination,46,Application-21-Service,EndDevice-21,Application-21-Service,28000
10742,Application-29,M_Req,missing_destination,54,Application-29-Service,EndDevice-29,Application-29-Service,28000
10744,Application-45,M_Req,missing_destination,70,Application-45-Service,EndDevice-45,Application-45-Service,28000
10750,Application-48,M_Req,missing_destination,73,Application-48-Service,EndDevice-48,Application-48-Service,28000
10760,Application-36,M_Req,missing_destination,61,Application-36-Service,EndDevice-36,Application-36-Service,28100
10768,Application-5,M_Req,missing_destination,30,Application-5-Service,EndDevice-5,Application-5-Service,28100
10772,Application-31,M_Req,missing_destination,56,Application-31-Service,EndDevice-31,Application-31-Service,28100
10774,Application-47,M_Req,missing_destination,72,Application-47-Service,EndDevice-47,Application-47-Service,28100
10775,Application-34,M_Req,missing_destination,59,Application-34-Service,EndDevice-34,Application-34-Service,28100
10776,Application-33,M_Req,missing_destination,58,Application-33-Service,EndDevice-33,Application-33-Service,28100
10780,Application-4,M_Req,missing_destination,29,Application-4-Service,EndDevice-4,Application-4-Service,28100
10784,Application-8,M_Req,missing_destination,33,Application-8-Service,EndDevice-8,Application-8-Service,28100
10786,Application-7,M_Req,missing_destination,32,Application-7-Service,EndDevice-7,Application-7-Service,28100
10788,Application-21,M_Req,missing_destination,46,Application-21-Service,EndDevice-21,Application-21-Service,28100
10790,Application-29,M_Req,missing_destination,54,Application-29-Service,EndDevice-29,Application-29-Service,28100
10792,Application-45,M_Req,missing_destination,70,Application-45-Service,EndDevice-45,Application-45-Service,28100
10795,Application-6,M_Req,missing_destination,31,Application-6-Service,EndDevice-6,Application-6-Service,28100
10798,Application-48,M_Req,missing_destination,73,Application-48-Service,EndDevice-48,Application-48-Service,28100
10806,Application-36,M_Req,missing_destination,61,Application-36-Service,EndDevice-36,Application-36-Service,28200
10813,Application-5,M_Req,missing_destination,30,Application-5-Service,EndDevice-5,Application-5-Service,28200
10816,Application-31,M_Req,missing_destination,56,Application-31-Service,EndDevice-31,Application-31-Service,28200
10818,Application-47,M_Req,missing_destination,72,Application-47-Service,EndDevice-47,Application-47-Service,28200
10819,Application-34,M_Req,missing_destination,59,Application-34-Service,EndDevice-34,Application-34-Service,28200
10820,Application-33,M_Req,missing_destination,58,Application-33-Service,EndDevice-33,Application-33-Service,28200
10824,Application-4,M_Req,missing_destination,29,Application-4-Service,EndDevice-4,Application-4-Service,28200
10826,Application-8,M_Req,missing_destination,33,Application-8-Service,EndDevice-8,Application-8-Service,28200
10866,Application-47,M_Req,missing_destination,72,Application-47-Service,EndDevice-47,Application-47-Service,28300
10882,Application-6,M_Req,missing_destination,31,Application-6-Service,EndDevice-6,Application-6-Service,28400
10888,Application-11,M_Req,missing_destination,36,Application-11-Service,EndDevice-11,Application-11-Service,28400
10890,Application-1,M_Req,missing_destination,26,Application-1-Service,EndDevice-1,Application-1-Service,28400
10891,Application-2,M_Req,missing_destination,27,Application-2-Service,EndDevice-2,Application-2-Service,28400
10892,Application-30,M_Req,missing_destination,55,Application-30-Service,EndDevice-30,Application-30-Service,28400
10893,Application-9,M_Req,missing_destination,34,Application-9-Service,EndDevice-9,Application-9-Service,28400
10902,Application-3,M_Req,missing_destination,28,Application-3-Service,EndDevice-3,Application-3-Service,28400
10906,Application-12,M_Req,missing_destination,37,Application-12-Service,EndDevice-12,Application-12-Service,28400
10907,Application-10,M_Req,missing_destination,35,Application-10-Service,EndDevice-10,Application-10-Service,28400
10912,Application-4,M_Req,missing_destination,29,Application-4-Service,EndDevice-4,Application-4-Service,28500
10930,Application-6,M_Req,missing_destination,31,Application-6-Service,EndDevice-6,Application-6-Service,28500
10936,Application-11,M_Req,missing_destination,36,Application-11-Service,EndDevice-11,Application-11-Service,28500
10938,Application-1,M_Req,missing_destination,26,Application-1-Service,EndDevice-1,Application-1-Service,28500
10939,Application-2,M_Req,missing_destination,27,Application-2-Service,EndDevice-2,Application-2-Service,28500
10940,Application-30,M_Req,missing_destination,55,Application-30-Service,EndDevice-30,Application-30-Service,28500
10941,Application-9,M_Req,missing_destination,34,Application-9-Service,EndDevice-9,Application-9-Service,28500
10950,Application-3,M_Req,missing_destination,28,Application-3-Service,EndDevice-3,Application-3-Service,28500
10954,Application-12,M_Req,missing_destination,37,Application-12-Service,EndDevice-12,Application-12-Service,28500
10955,Application-10,M_Req,missing_destination,35,Application-10-Service,EndDevice-10,Application-10-Service,28500
10974,Application-6,M_Req,missing_destination,31,Application-6-Service,EndDevice-6,Application-6-Service,28600
10978,Application-11,M_Req,missing_destination,36,Application-11-Service,EndDevice-11,Application-11-Service,28600
10981,Application-30,M_Req,missing_destination,55,Application-30-Service,EndDevice-30,Application-30-Service,28700
10986,Application-36,M_Req,missing_destination,61,Application-36-Service,EndDevice-36,Application-36-Service,28700
10991,Application-38,M_Req,missing_destination,63,Application-38-Service,EndDevice-38,Application-38-Service,28700
11004,Application-47,M_Req,missing_destination,72,Application-47-Service,EndDevice-47,Application-47-Service,28700
11005,Application-34,M_Req,missing_destination,59,Application-34-Service,EndDevice-34,Application-34-Service,28700
11007,Application-48,M_Req,missing_destination,73,Application-48-Service,EndDevice-48,Application-48-Service,28700
11011,Application-46,M_Req,missing_destination,71,Application-46-Service,EndDevice-46,Application-46-Service,28700
11014,Application-33,M_Req,missing_destination,58,Application-33-Service,EndDevice-33,Application-33-Service,28700
11018,Application-39,M_Req,missing_destination,64,Application-39-Service,EndDevice-39,Application-39-Service,28700
11022,Application-6,M_Req,missing_destination,31,Application-6-Service,EndDevice-6,Application-6-Service,28700
11023,Application-40,M_Req,missing_destination,65,Application-40-Service,EndDevice-40,Application-40-Service,28700
11025,Application-37,M_Req,missing_destination,62,Application-37-Service,EndDevice-37,Application-37-Service,28700
11026,Application-11,M_Req,missing_destination,36,Application-11-Service,EndDevice-11,Application-11-Service,28700
11029,Application-30,M_Req,missing_destination,55,Application-30-Service,EndDevice-30,Application-30-Service,28800
11033,Application-36,M_Req,missing_destination,61,Application-36-Service,EndDevice-36,Application-36-Service,28800
11037,Application-38,M_Req,missing_destination,63,Application-38-Service,EndDevice-38,Application-38-Service,28800
11047,Application-47,M_Req,missing_destination,72,Application-47-Service,EndDevice-47,Application-47-Service,28800
11049,Application-48,M_Req,missing_destination,73,Application-48-Service,EndDevice-48,Application-48-Service,28800
11052,Application-46,M_Req,missing_destination,71,Application-46-Service,EndDevice-46,Application-46-Service,28800
11055,Application-33,M_Req,missing_destination,58,Application-33-Service,EndDevice-33,Application-33-Service,28800
11077,Application-30,M_Req,missing_destination,55,Application-30-Service,EndDevice-30,Application-30-Service,28900
11081,Application-36,M_Req,missing_destination,61,Application-36-Service,EndDevice-36,Application-36-Service,28900
11085,Application-38,M_Req,missing_destination,63,Application-38-Service,EndDevice-38,Application-38-Service,28900
11095,Application-47,M_Req,missing_destination,72,Application-47-Service,EndDevice-47,Application-47-Service,28900
11097,Application-48,M_Req,missing_destination,73,Application-48-Service,EndDevice-48,Application-48-Service,28900
11100,Application-46,M_Req,missing_destination,71,Application-46-Service,EndDevice-46,Application-46-Service,28900
11103,Application-33,M_Req,missing_destination,58,Application-33-Service,EndDevice-33,Application-33-Service,28900
11112,Application-2,M_Req,missing_destination,27,Application-2-Service,EndDevice-2,Application-2-Service,29000
11120,Application-30,M_Req,missing_destination,55,Application-30-Service,EndDevice-30,Application-30-Service,29000
11123,Application-36,M_Req,missing_destination,61,Application-36-Service,EndDevice-36,Application-36-Service,29000
11127,Application-38,M_Req,missing_destination,63,Application-38-Service,EndDevice-38,Application-38-Service,29000
11133,Application-4,M_Req,missing_destination,29,Application-4-Service,EndDevice-4,Application-4-Service,29000
11134,Application-1,M_Req,missing_destination,26,Application-1-Service,EndDevice-1,Application-1-Service,29000
11138,Application-29,M_Req,missing_destination,54,Application-29-Service,EndDevice-29,Application-29-Service,29100
11142,Application-33,M_Req,missing_destination,58,Application-33-Service,EndDevice-33,Application-33-Service,29100
11160,Application-2,M_Req,missing_destination,27,Application-2-Service,EndDevice-2,Application-2-Service,29100
11168,Application-30,M_Req,missing_destination,55,Application-30-Service,EndDevice-30,Application-30-Service,29100
11171,Application-36,M_Req,missing_destination,61,Application-36-Service,EndDevice-36,Application-36-Service,29100
11175,Application-38,M_Req,missing_destination,63,Application-38-Service,EndDevice-38,Application-38-Service,29100
11181,Application-4,M_Req,missing_destination,29,Application-4-Service,EndDevice-4,Application-4-Service,29100
11182,Application-1,M_Req,missing_destination,26,Application-1-Service,EndDevice-1,Application-1-Service,29100
11203,Application-2,M_Req,missing_destination,27,Application-2-Service,EndDevice-2,Application-2-Service,29200
11220,Application-19,M_Req,missing_destination,44,Application-19-Service,EndDevice-19,Application-19-Service,29300
11221,Application-4,M_Req,missing_destination,29,Application-4-Service,EndDevice-4,Application-4-Service,29300
11222,Application-20,M_Req,missing_destination,45,Application-20-Service,EndDevice-20,Application-20-Service,29300
11227,Application-45,M_Req,missing_destination,70,Application-45-Service,EndDevice-45,Application-45-Service,29300
11233,Application-48,M_Req,missing_destination,73,Application-48-Service,EndDevice-48,Application-48-Service,29300
11234,Application-17,M_Req,missing_destination,42,Application-17-Service,EndDevice-17,Application-17-Service,29300
11235,Application-46,M_Req,missing_destination,71,Application-46-Service,EndDevice-46,Application-46-Service,29300
11237,Application-47,M_Req,missing_destination,72,Application-47-Service,EndDevice-47,Application-47-Service,29300
11239,Application-37,M_Req,missing_destination,62,Application-37-Service,EndDevice-37,Application-37-Service,29300
11241,Application-18,M_Req,missing_destination,43,Application-18-Service,EndDevice-18,Application-18-Service,29300
11242,Application-32,M_Req,missing_destination,57,Application-32-Service,EndDevice-32,Application-32-Service,29300
11251,Application-2,M_Req,missing_destination,27,Application-2-Service,EndDevice-2,Application-2-Service,29300
11257,Application-31,M_Req,missing_destination,56,Application-31-Service,EndDevice-31,Application-31-Service,29300
11265,Application-4,M_Req,missing_destination,29,Application-4-Service,EndDevice-4,Application-4-Service,29400
11266,Application-20,M_Req,missing_destination,45,Application-20-Service,EndDevice-20,Application-20-Service,29400
11271,Application-45,M_Req,missing_destination,70,Application-45-Service,EndDevice-45,Application-45-Service,29400
11276,Application-48,M_Req,missing_destination,73,Application-48-Service,EndDevice-48,Application-48-Service,29400
11277,Application-17,M_Req,missing_destination,42,Application-17-Service,EndDevice-17,Application-17-Service,29400
11278,Application-46,M_Req,missing_destination,71,Application-46-Service,EndDevice-46,Application-46-Service,29400
11280,Application-47,M_Req,missing_destination,72,Application-47-Service,EndDevice-47,Application-47-Service,29400
11282,Application-37,M_Req,missing_destination,62,Application-37-Service,EndDevice-37,Application-37-Service,29400
11284,Application-18,M_Req,missing_destination,43,Application-18-Service,EndDevice-18,Application-18-Service,29400
11285,Application-32,M_Req,missing_destination,57,Application-32-Service,EndDevice-32,Application-32-Service,29400
11337,Application-39,M_Req,missing_destination,64,Application-39-Service,EndDevice-39,Application-39-Service,29600
11339,Application-25,M_Req,missing_destination,50,Application-25-Service,EndDevice-25,Application-25-Service,29600
11341,Application-27,M_Req,missing_destination,52,Application-27-Service,EndDevice-27,Application-27-Service,29600
11345,Application-2,M_Req,missing_destination,27,Application-2-Service,EndDevice-2,Application-2-Service,29600
11351,Application-10,M_Req,missing_destination,35,Application-10-Service,EndDevice-10,Application-10-Service,29600
11362,Application-28,M_Req,missing_destination,53,Application-28-Service,EndDevice-28,Application-28-Service,29600
11371,Application-37,M_Req,missing_destination,62,Application-37-Service,EndDevice-37,Application-37-Service,29700
11385,Application-39,M_Req,missing_destination,64,Application-39-Service,EndDevice-39,Application-39-Service,29700
11387,Application-25,M_Req,missing_destination,50,Application-25-Service,EndDevice-25,Application-25-Service,29700
11389,Application-27,M_Req,missing_destination,52,Application-27-Service,EndDevice-27,Application-27-Service,29700
11393,Application-2,M_Req,missing_destination,27,Application-2-Service,EndDevice-2,Application-2-Service,29700
11399,Application-10,M_Req,missing_destination,35,Application-10-Service,EndDevice-10,Application-10-Service,29700
11410,Application-28,M_Req,missing_destination,53,Application-28-Service,EndDevice-28,Application-28-Service,29700
11429,Application-39,M_Req,missing_destination,64,Application-39-Service,EndDevice-39,Application-39-Service,29800
11432,Application-27,M_Req,missing_destination,52,Application-27-Service,EndDevice-27,Application-27-Service,29800
11435,Application-2,M_Req,missing_destination,27,Application-2-Service,EndDevice-2,Application-2-Service,29800
11446,Application-20,M_Req,missing_destination,45,Application-20-Service,EndDevice-20,Application-20-Service,29900
11453,Application-21,M_Req,missing_destination,46,Application-21-Service,EndDevice-21,Application-21-Service,29900
11457,Application-18,M_Req,missing_destination,43,Application-18-Service,EndDevice-18,Application-18-Service,29900
11460,Application-23,M_Req,missing_destination,48,Application-23-Service,EndDevice-23,Application-23-Service,29900
11463,Application-17,M_Req,missing_destination,42,Application-17-Service,EndDevice-17,Application-17-Service,29900
11471,Application-22,M_Req,missing_destination,47,Application-22-Service,EndDevice-22,Application-22-Service,29900
11477,Application-39,M_Req,missing_destination,64,Application-39-Service,EndDevice-39,Application-39-Service,29900
11478,Application-24,M_Req,missing_destination,49,Application-24-Service,EndDevice-24,Application-24-Service,29900
11480,Application-27,M_Req,missing_destination,52,Application-27-Service,EndDevice-27,Application-27-Service,29900
11483,Application-2,M_Req,missing_destination,27,Application-2-Service,EndDevice-2,Application-2-Service,29900
11499,Application-18,M_Req,missing_destination,43,Application-18-Service,EndDevice-18,Application-18-Service,30000
11501,Application-23,M_Req,missing_destination,48,Application-23-Service,EndDevice-23,Application-23-Service,30000
11504,Application-17,M_Req,missing_destination,42,Application-17-Service,EndDevice-17,Application-17-Service,30000
11511,Application-22,M_Req,missing_destination,47,Application-22-Service,EndDevice-22,Application-22-Service,30000
11547,Application-18,M_Req,missing_destination,43,Application-18-Service,EndDevice-18,Application-18-Service,30100
11552,Application-17,M_Req,missing_destination,42,Application-17-Service,EndDevice-17,Application-17-Service,30100
11568,Application-6,M_Req,missing_destination,31,Application-6-Service,EndDevice-6,Application-6-Service,30200
11572,Application-8,M_Req,missing_destination,33,Application-8-Service,EndDevice-8,Application-8-Service,30200
11576,Application-7,M_Req,missing_destination,32,Application-7-Service,EndDevice-7,Application-7-Service,30200
11588,Application-18,M_Req,missing_destination,43,Application-18-Service,EndDevice-18,Application-18-Service,30200
11589,Application-5,M_Req,missing_destination,30,Application-5-Service,EndDevice-5,Application-5-Service,30200
11600,Application-26,M_Req,missing_destination,51,Application-26-Service,EndDevice-26,Application-26-Service,30300
11616,Application-6,M_Req,missing_destination,31,Application-6-Service,EndDevice-6,Application-6-Service,30300
11620,Application-8,M_Req,missing_destination,33,Application-8-Service,EndDevice-8,Application-8-Service,30300
11624,Application-7,M_Req,missing_destination,32,Application-7-Service,EndDevice-7,Application-7-Service,30300
11636,Application-18,M_Req,missing_destination,43,Application-18-Service,EndDevice-18,Application-18-Service,30300
11637,Application-5,M_Req,missing_destination,30,Application-5-Service,EndDevice-5,Application-5-Service,30300
11647,Application-26,M_Req,missing_destination,51,Application-26-Service,EndDevice-26,Application-26-Service,30400
11672,Application-45,M_Req,missing_destination,70,Application-45-Service,EndDevice-45,Application-45-Service,30500
11673,Application-25,M_Req,missing_destination,50,Application-25-Service,EndDevice-25,Application-25-Service,30500
11681,Application-47,M_Req,missing_destination,72,Application-47-Service,EndDevice-47,Application-47-Service,30500
11683,Application-29,M_Req,missing_destination,54,Application-29-Service,EndDevice-29,Application-29-Service,30500
11686,Application-46,M_Req,missing_destination,71,Application-46-Service,EndDevice-46,Application-46-Service,30500
11688,Application-48,M_Req,missing_destination,73,Application-48-Service,EndDevice-48,Application-48-Service,30500
11690,Application-32,M_Req,missing_destination,57,Application-32-Service,EndDevice-32,Application-32-Service,30500
11695,Application-26,M_Req,missing_destination,51,Application-26-Service,EndDevice-26,Application-26-Service,30500
11697,Application-30,M_Req,missing_destination,55,Application-30-Service,EndDevice-30,Application-30-Service,30500
11709,Application-31,M_Req,missing_destination,56,Application-31-Service,EndDevice-31,Application-31-Service,30500
11720,Application-45,M_Req,missing_destination,70,Application-45-Service,EndDevice-45,Application-45-Service,30600
11726,Application-47,M_Req,missing_destination,72,Application-47-Service,EndDevice-47,Application-47-Service,30600
11728,Application-29,M_Req,missing_destination,54,Application-29-Service,EndDevice-29,Application-29-Service,30600
11731,Application-46,M_Req,missing_destination,71,Application-46-Service,EndDevice-46,Application-46-Service,30600
11732,Application-48,M_Req,missing_destination,73,Application-48-Service,EndDevice-48,Application-48-Service,30600
11734,Application-32,M_Req,missing_destination,57,Application-32-Service,EndDevice-32,Application-32-Service,30600
11739,Application-30,M_Req,missing_destination,55,Application-30-Service,EndDevice-30,Application-30-Service,30600
11768,Application-45,M_Req,missing_destination,70,Application-45-Service,EndDevice-45,Application-45-Service,30700
11774,Application-47,M_Req,missing_destination,72,Application-47-Service,EndDevice-47,Application-47-Service,30700
11776,Application-29,M_Req,missing_destination,54,Application-29-Service,EndDevice-29,Application-29-Service,30700
11779,Application-46,M_Req,missing_destination,71,Application-46-Service,EndDevice-46,Application-46-Service,30700
11780,Application-48,M_Req,missing_destination,73,Application-48-Service,EndDevice-48,Application-48-Service,30700
11782,Application-32,M_Req,missing_destination,57,Application-32-Service,EndDevice-32,Application-32-Service,30700
11787,Application-30,M_Req,missing_destination,55,Application-30-Service,EndDevice-30,Application-30-Service,30700
11798,Application-15,M_Req,missing_destination,40,Application-15-Service,EndDevice-15,Application-15-Service,30800
11800,Application-16,M_Req,missing_destination,41,Application-16-Service,EndDevice-16,Application-16-Service,30800
11801,Application-14,M_Req,missing_destination,39,Application-14-Service,EndDevice-14,Application-14-Service,30800
11811,Application-45,M_Req,missing_destination,70,Application-45-Service,EndDevice-45,Application-45-Service,30800
11816,Application-40,M_Req,missing_destination,65,Application-40-Service,EndDevice-40,Application-40-Service,30800
11817,Application-29,M_Req,missing_destination,54,Application-29-Service,EndDevice-29,Application-29-Service,30800
11819,Application-46,M_Req,missing_destination,71,Application-46-Service,EndDevice-46,Application-46-Service,30800
11826,Application-13,M_Req,missing_destination,38,Application-13-Service,EndDevice-13,Application-13-Service,30900
11846,Application-15,M_Req,missing_destination,40,Application-15-Service,EndDevice-15,Application-15-Service,30900
11848,Application-16,M_Req,missing_destination,41,Application-16-Service,EndDevice-16,Application-16-Service,30900
11849,Application-14,M_Req,missing_destination,39,Application-14-Service,EndDevice-14,Application-14-Service,30900
11859,Application-45,M_Req,missing_destination,70,Application-45-Service,EndDevice-45,Application-45-Service,30900
11864,Application-40,M_Req,missing_destination,65,Application-40-Service,EndDevice-40,Application-40-Service,30900
11865,Application-29,M_Req,missing_destination,54,Application-29-Service,EndDevice-29,Application-29-Service,30900
11867,Application-46,M_Req,missing_destination,71,Application-46-Service,EndDevice-46,Application-46-Service,30900
11873,Application-13,M_Req,missing_destination,38,Application-13-Service,EndDevice-13,Application-13-Service,31000
11889,Application-15,M_Req,missing_destination,40,Application-15-Service,EndDevice-15,Application-15-Service,31000
11891,Application-14,M_Req,missing_destination,39,Application-14-Service,EndDevice-14,Application-14-Service,31000
11910,Application-4,M_Req,missing_destination,29,Application-4-Service,EndDevice-4,Application-4-Service,31100
11921,Application-13,M_Req,missing_destination,38,Application-13-Service,EndDevice-13,Application-13-Service,31100
11924,Application-1,M_Req,missing_destination,26,Application-1-Service,EndDevice-1,Application-1-Service,31100
11926,Application-28,M_Req,missing_destination,53,Application-28-Service,EndDevice-28,Application-28-Service,31100
11929,Application-6,M_Req,missing_destination,31,Application-6-Service,EndDevice-6,Application-6-Service,31100
11930,Application-47,M_Req,missing_destination,72,Application-47-Service,EndDevice-47,Application-47-Service,31100
11932,Application-39,M_Req,missing_destination,64,Application-39-Service,EndDevice-39,Application-39-Service,31100
11936,Application-2,M_Req,missing_destination,27,Application-2-Service,EndDevice-2,Application-2-Service,31100
11937,Application-15,M_Req,missing_destination,40,Application-15-Service,EndDevice-15,Application-15-Service,31100
11938,Application-7,M_Req,missing_destination,32,Application-7-Service,EndDevice-7,Application-7-Service,31100
11939,Application-14,M_Req,missing_destination,39,Application-14-Service,EndDevice-14,Application-14-Service,31100
11942,Application-8,M_Req,missing_destination,33,Application-8-Service,EndDevice-8,Application-8-Service,31100
11943,Application-5,M_Req,missing_destination,30,Application-5-Service,EndDevice-5,Application-5-Service,31100
11944,Application-3,M_Req,missing_destination,28,Application-3-Service,EndDevice-3,Application-3-Service,31100
11957,Application-4,M_Req,missing_destination,29,Application-4-Service,EndDevice-4,Application-4-Service,31200
11967,Application-13,M_Req,missing_destination,38,Application-13-Service,EndDevice-13,Application-13-Service,31200
11969,Application-1,M_Req,missing_destination,26,Application-1-Service,EndDevice-1,Application-1-Service,31200
11971,Application-28,M_Req,missing_destination,53,Application-28-Service,EndDevice-28,Application-28-Service,31200
11973,Application-47,M_Req,missing_destination,72,Application-47-Service,EndDevice-47,Application-47-Service,31200
12019,Application-28,M_Req,missing_destination,53,Application-28-Service,EndDevice-28,Application-28-Service,31300
12049,Application-4,M_Req,missing_destination,29,Application-4-Service,EndDevice-4,Application-4-Service,31400
12056,Application-13,M_Req,missing_destination,38,Application-13-Service,EndDevice-13,Application-13-Service,31500
12097,Application-4,M_Req,missing_destination,29,Application-4-Service,EndDevice-4,Application-4-Service,31500
12130,Application-45,M_Req,missing_destination,70,Application-45-Service,EndDevice-45,Application-45-Service,31700
12132,Application-44,M_Req,missing_destination,69,Application-44-Service,EndDevice-44,Application-44-Service,31700
12153,Application-42,M_Req,missing_destination,67,Application-42-Service,EndDevice-42,Application-42-Service,31700
12163,Application-41,M_Req,missing_destination,66,Application-41-Service,EndDevice-41,Application-41-Service,31700
12177,Application-43,M_Req,missing_destination,68,Application-43-Service,EndDevice-43,Application-43-Service,31700
12178,Application-45,M_Req,missing_destination,70,Application-45-Service,EndDevice-45,Application-45-Service,31800
12197,Application-42,M_Req,missing_destination,67,Application-42-Service,EndDevice-42,Application-42-Service,31800
12255,Application-35,M_Req,missing_destination,60,Application-35-Service,EndDevice-35,Application-35-Service,32000
12261,Application-5,M_Req,missing_destination,30,Application-5-Service,EndDevice-5,Application-5-Service,32000
12262,Application-6,M_Req,missing_destination,31,Application-6-Service,EndDevice-6,Application-6-Service,32000
12276,Application-34,M_Req,missing_destination,59,Application-34-Service,EndDevice-34,Application-34-Service,32000
12279,Application-11,M_Req,missing_destination,36,Application-11-Service,EndDevice-11,Application-11-Service,32000
12282,Application-10,M_Req,missing_destination,35,Application-10-Service,EndDevice-10,Application-10-Service,32000
12288,Application-12,M_Req,missing_destination,37,Application-12-Service,EndDevice-12,Application-12-Service,32100
12289,Application-9,M_Req,missing_destination,34,Application-9-Service,EndDevice-9,Application-9-Service,32100
12303,Application-35,M_Req,missing_destination,60,Application-35-Service,EndDevice-35,Application-35-Service,32100
12309,Application-5,M_Req,missing_destination,30,Application-5-Service,EndDevice-5,Application-5-Service,32100
12310,Application-6,M_Req,missing_destination,31,Application-6-Service,EndDevice-6,Application-6-Service,32100
12324,Application-34,M_Req,missing_destination,59,Application-34-Service,EndDevice-34,Application-34-Service,32100
12327,Application-11,M_Req,missing_destination,36,Application-11-Service,EndDevice-11,Application-11-Service,32100
12330,Application-10,M_Req,missing_destination,35,Application-10-Service,EndDevice-10,Application-10-Service,32100
12347,Application-35,M_Req,missing_destination,60,Application-35-Service,EndDevice-35,Application-35-Service,32200
12353,Application-6,M_Req,missing_destination,31,Application-6-Service,EndDevice-6,Application-6-Service,32200
12365,Application-19,M_Req,missing_destination,44,Application-19-Service,EndDevice-19,Application-19-Service,32300
12374,Application-17,M_Req,missing_destination,42,Application-17-Service,EndDevice-17,Application-17-Service,32300
12376,Application-42,M_Req,missing_destination,67,Application-42-Service,EndDevice-42,Application-42-Service,32300
12378,Application-44,M_Req,missing_destination,69,Application-44-Service,EndDevice-44,Application-44-Service,32300
12395,Application-35,M_Req,missing_destination,60,Application-35-Service,EndDevice-35,Application-35-Service,32300
12397,Application-18,M_Req,missing_destination,43,Application-18-Service,EndDevice-18,Application-18-Service,32300
12398,Application-20,M_Req,missing_destination,45,Application-20-Service,EndDevice-20,Application-20-Service,32300
12401,Application-6,M_Req,missing_destination,31,Application-6-Service,EndDevice-6,Application-6-Service,32300
12402,Application-48,M_Req,missing_destination,73,Application-48-Service,EndDevice-48,Application-48-Service,32300
12408,Application-43,M_Req,missing_destination,68,Application-43-Service,EndDevice-43,Application-43-Service,32300
12413,Application-19,M_Req,missing_destination,44,Application-19-Service,EndDevice-19,Application-19-Service,32400
12421,Application-17,M_Req,missing_destination,42,Application-17-Service,EndDevice-17,Application-17-Service,32400
12423,Application-42,M_Req,missing_destination,67,Application-42-Service,EndDevice-42,Application-42-Service,32400
12425,Application-44,M_Req,missing_destination,69,Application-44-Service,EndDevice-44,Application-44-Service,32400
12486,Application-15,M_Req,missing_destination,40,Application-15-Service,EndDevice-15,Application-15-Service,32600
12492,Application-41,M_Req,missing_destination,66,Application-41-Service,EndDevice-41,Application-41-Service,32600
12493,Application-14,M_Req,missing_destination,39,Application-14-Service,EndDevice-14,Application-14-Service,32600
12494,Application-3,M_Req,missing_destination,28,Application-3-Service,EndDevice-3,Application-3-Service,32600
12497,Application-1,M_Req,missing_destination,26,Application-1-Service,EndDevice-1,Application-1-Service,32600
12505,Application-11,M_Req,missing_destination,36,Application-11-Service,EndDevice-11,Application-11-Service,32600
12516,Application-13,M_Req,missing_destination,38,Application-13-Service,EndDevice-13,Application-13-Service,32700
12519,Application-33,M_Req,missing_destination,58,Application-33-Service,EndDevice-33,Application-33-Service,32700
12522,Application-16,M_Req,missing_destination,41,Application-16-Service,EndDevice-16,Application-16-Service,32700
12534,Application-15,M_Req,missing_destination,40,Application-15-Service,EndDevice-15,Application-15-Service,32700
12540,Application-41,M_Req,missing_destination,66,Application-41-Service,EndDevice-41,Application-41-Service,32700
12541,Application-14,M_Req,missing_destination,39,Application-14-Service,EndDevice-14,Application-14-Service,32700
12542,Application-3,M_Req,missing_destination,28,Application-3-Service,EndDevice-3,Application-3-Service,32700
12545,Application-1,M_Req,missing_destination,26,Application-1-Service,EndDevice-1,Application-1-Service,32700
12553,Application-11,M_Req,missing_destination,36,Application-11-Service,EndDevice-11,Application-11-Service,32700
12564,Application-13,M_Req,missing_destination,38,Application-13-Service,EndDevice-13,Application-13-Service,32800
12569,Application-16,M_Req,missing_destination,41,Application-16-Service,EndDevice-16,Application-16-Service,32800
12581,Application-15,M_Req,missing_destination,40,Application-15-Service,EndDevice-15,Application-15-Service,32800
12585,Application-41,M_Req,missing_destination,66,Application-41-Service,EndDevice-41,Application-41-Service,32800
12586,Application-14,M_Req,missing_destination,39,Application-14-Service,EndDevice-14,Application-14-Service,32800
12604,Application-10,M_Req,missing_destination,35,Application-10-Service,EndDevice-10,Application-10-Service,32900
12606,Application-32,M_Req,missing_destination,57,Application-32-Service,EndDevice-32,Application-32-Service,32900
12609,Application-11,M_Req,missing_destination,36,Application-11-Service,EndDevice-11,Application-11-Service,32900
12612,Application-13,M_Req,missing_destination,38,Application-13-Service,EndDevice-13,Application-13-Service,32900
12617,Application-16,M_Req,missing_destination,41,Application-16-Service,EndDevice-16,Application-16-Service,32900
12621,Application-9,M_Req,missing_destination,34,Application-9-Service,EndDevice-9,Application-9-Service,32900
12624,Application-29,M_Req,missing_destination,54,Application-29-Service,EndDevice-29,Application-29-Service,32900
12625,Application-12,M_Req,missing_destination,37,Application-12-Service,EndDevice-12,Application-12-Service,32900
12626,Application-31,M_Req,missing_destination,56,Application-31-Service,EndDevice-31,Application-31-Service,32900
12628,Application-35,M_Req,missing_destination,60,Application-35-Service,EndDevice-35,Application-35-Service,32900
12629,Application-15,M_Req,missing_destination,40,Application-15-Service,EndDevice-15,Application-15-Service,32900
12630,Application-5,M_Req,missing_destination,30,Application-5-Service,EndDevice-5,Application-5-Service,32900
12632,Application-30,M_Req,missing_destination,55,Application-30-Service,EndDevice-30,Application-30-Service,32900
12633,Application-41,M_Req,missing_destination,66,Application-41-Service,EndDevice-41,Application-41-Service,32900
12634,Application-14,M_Req,missing_destination,39,Application-14-Service,EndDevice-14,Application-14-Service,32900
12651,Application-10,M_Req,missing_destination,35,Application-10-Service,EndDevice-10,Application-10-Service,33000
12652,Application-32,M_Req,missing_destination,57,Application-32-Service,EndDevice-32,Application-32-Service,33000
12654,Application-11,M_Req,missing_destination,36,Application-11-Service,EndDevice-11,Application-11-Service,33000
12657,Application-13,M_Req,missing_destination,38,Application-13-Service,EndDevice-13,Application-13-Service,33000
12663,Application-9,M_Req,missing_destination,34,Application-9-Service,EndDevice-9,Application-9-Service,33000
12666,Application-29,M_Req,missing_destination,54,Application-29-Service,EndDevice-29,Application-29-Service,33000
12667,Application-12,M_Req,missing_destination,37,Application-12-Service,EndDevice-12,Application-12-Service,33000
12668,Application-31,M_Req,missing_destination,56,Application-31-Service,EndDevice-31,Application-31-Service,33000
12700,Application-32,M_Req,missing_destination,57,Application-32-Service,EndDevice-32,Application-32-Service,33100
12705,Application-13,M_Req,missing_destination,38,Application-13-Service,EndDevice-13,Application-13-Service,33100
12714,Application-29,M_Req,missing_destination,54,Application-29-Service,EndDevice-29,Application-29-Service,33100
12716,Application-31,M_Req,missing_destination,56,Application-31-Service,EndDevice-31,Application-31-Service,33100
12742,Application-18,M_Req,missing_destination,43,Application-18-Service,EndDevice-18,Application-18-Service,33200
12743,Application-10,M_Req,missing_destination,35,Application-10-Service,EndDevice-10,Application-10-Service,33200
12744,Application-32,M_Req,missing_destination,57,Application-32-Service,EndDevice-32,Application-32-Service,33200
12745,Application-19,M_Req,missing_destination,44,Application-19-Service,EndDevice-19,Application-19-Service,33200
12746,Application-11,M_Req,missing_destination,36,Application-11-Service,EndDevice-11,Application-11-Service,33200
12751,Application-20,M_Req,missing_destination,45,Application-20-Service,EndDevice-20,Application-20-Service,33300
12754,Application-12,M_Req,missing_destination,37,Application-12-Service,EndDevice-12,Application-12-Service,33300
12790,Application-18,M_Req,missing_destination,43,Application-18-Service,EndDevice-18,Application-18-Service,33300
12791,Application-10,M_Req,missing_destination,35,Application-10-Service,EndDevice-10,Application-10-Service,33300
12792,Application-32,M_Req,missing_destination,57,Application-32-Service,EndDevice-32,Application-32-Service,33300
12793,Application-19,M_Req,missing_destination,44,Application-19-Service,EndDevice-19,Application-19-Service,33300
12794,Application-11,M_Req,missing_destination,36,Application-11-Service,EndDevice-11,Application-11-Service,33300
12800,Application-12,M_Req,missing_destination,37,Application-12-Service,EndDevice-12,Application-12-Service,33400
12822,Application-34,M_Req,missing_destination,59,Application-34-Service,EndDevice-34,Application-34-Service,33500
12828,Application-45,M_Req,missing_destination,70,Application-45-Service,EndDevice-45,Application-45-Service,33500
12830,Application-18,M_Req,missing_destination,43,Application-18-Service,EndDevice-18,Application-18-Service,33500
12833,Application-11,M_Req,missing_destination,36,Application-11-Service,EndDevice-11,Application-11-Service,33500
12838,Application-33,M_Req,missing_destination,58,Application-33-Service,EndDevice-33,Application-33-Service,33500
12840,Application-9,M_Req,missing_destination,34,Application-9-Service,EndDevice-9,Application-9-Service,33500
12845,Application-36,M_Req,missing_destination,61,Application-36-Service,EndDevice-36,Application-36-Service,33500
12847,Application-47,M_Req,missing_destination,72,Application-47-Service,EndDevice-47,Application-47-Service,33500
12848,Application-12,M_Req,missing_destination,37,Application-12-Service,EndDevice-12,Application-12-Service,33500
12854,Application-35,M_Req,missing_destination,60,Application-35-Service,EndDevice-35,Application-35-Service,33500
12857,Application-48,M_Req,missing_destination,73,Application-48-Service,EndDevice-48,Application-48-Service,33500
12865,Application-46,M_Req,missing_destination,71,Application-46-Service,EndDevice-46,Application-46-Service,33500
12874,Application-45,M_Req,missing_destination,70,Application-45-Service,EndDevice-45,Application-45-Service,33600
12876,Application-18,M_Req,missing_destination,43,Application-18-Service,EndDevice-18,Application-18-Service,33600
12879,Application-11,M_Req,missing_destination,36,Application-11-Service,EndDevice-11,Application-11-Service,33600
12882,Application-33,M_Req,missing_destination,58,Application-33-Service,EndDevice-33,Application-33-Service,33600
12884,Application-9,M_Req,missing_destination,34,Application-9-Service,EndDevice-9,Application-9-Service,33600
12888,Application-36,M_Req,missing_destination,61,Application-36-Service,EndDevice-36,Application-36-Service,33600
12889,Application-47,M_Req,missing_destination,72,Application-47-Service,EndDevice-47,Application-47-Service,33600
12890,Application-12,M_Req,missing_destination,37,Application-12-Service,EndDevice-12,Application-12-Service,33600
12895,Application-35,M_Req,missing_destination,60,Application-35-Service,EndDevice-35,Application-35-Service,33600
12922,Application-45,M_Req,missing_destination,70,Application-45-Service,EndDevice-45,Application-45-Service,33700
12937,Application-47,M_Req,missing_destination,72,Application-47-Service,EndDevice-47,Application-47-Service,33700
12947,Application-30,M_Req,missing_destination,55,Application-30-Service,EndDevice-30,Application-30-Service,33800
12951,Application-43,M_Req,missing_destination,68,Application-43-Service,EndDevice-43,Application-43-Service,33800
12952,Application-15,M_Req,missing_destination,40,Application-15-Service,EndDevice-15,Application-15-Service,33800
12953,Application-46,M_Req,missing_destination,71,Application-46-Service,EndDevice-46,Application-46-Service,33800
12956,Application-41,M_Req,missing_destination,66,Application-41-Service,EndDevice-41,Application-41-Service,33800
12966,Application-42,M_Req,missing_destination,67,Application-42-Service,EndDevice-42,Application-42-Service,33800
12967,Application-45,M_Req,missing_destination,70,Application-45-Service,EndDevice-45,Application-45-Service,33800
12968,Application-44,M_Req,missing_destination,69,Application-44-Service,EndDevice-44,Application-44-Service,33800
12980,Application-31,M_Req,missing_destination,56,Application-31-Service,EndDevice-31,Application-31-Service,33900
12995,Application-30,M_Req,missing_destination,55,Application-30-Service,EndDevice-30,Application-30-Service,33900
12999,Application-43,M_Req,missing_destination,68,Application-43-Service,EndDevice-43,Application-43-Service,33900
13000,Application-15,M_Req,missing_destination,40,Application-15-Service,EndDevice-15,Application-15-Service,33900
13001,Application-46,M_Req,missing_destination,71,Application-46-Service,EndDevice-46,Application-46-Service,33900
13004,Application-41,M_Req,missing_destination,66,Application-41-Service,EndDevice-41,Application-41-Service,33900
13014,Application-42,M_Req,missing_destination,67,Application-42-Service,EndDevice-42,Application-42-Service,33900
13015,Application-45,M_Req,missing_destination,70,Application-45-Service,EndDevice-45,Application-45-Service,33900
13016,Application-44,M_Req,missing_destination,69,Application-44-Service,EndDevice-44,Application-44-Service,33900
13053,Application-42,M_Req,missing_destination,67,Application-42-Service,EndDevice-42,Application-42-Service,34100
13059,Application-33,M_Req,missing_destination,58,Application-33-Service,EndDevice-33,Application-33-Service,34100
13060,Application-4,M_Req,missing_destination,29,Application-4-Service,EndDevice-4,Application-4-Service,34100
13068,Application-1,M_Req,missing_destination,26,Application-1-Service,EndDevice-1,Application-1-Service,34100
13071,Application-3,M_Req,missing_destination,28,Application-3-Service,EndDevice-3,Application-3-Service,34100
13072,Application-34,M_Req,missing_destination,59,Application-34-Service,EndDevice-34,Application-34-Service,34100
13073,Application-36,M_Req,missing_destination,61,Application-36-Service,EndDevice-36,Application-36-Service,34100
13074,Application-47,M_Req,missing_destination,72,Application-47-Service,EndDevice-47,Application-47-Service,34100
13079,Application-35,M_Req,missing_destination,60,Application-35-Service,EndDevice-35,Application-35-Service,34100
13084,Application-2,M_Req,missing_destination,27,Application-2-Service,EndDevice-2,Application-2-Service,34100
13101,Application-42,M_Req,missing_destination,67,Application-42-Service,EndDevice-42,Application-42-Service,34200
13105,Application-33,M_Req,missing_destination,58,Application-33-Service,EndDevice-33,Application-33-Service,34200
13106,Application-4,M_Req,missing_destination,29,Application-4-Service,EndDevice-4,Application-4-Service,34200
13112,Application-1,M_Req,missing_destination,26,Application-1-Service,EndDevice-1,Application-1-Service,34200
13115,Application-3,M_Req,missing_destination,28,Application-3-Service,EndDevice-3,Application-3-Service,34200
13116,Application-34,M_Req,missing_destination,59,Application-34-Service,EndDevice-34,Application-34-Service,34200
13117,Application-47,M_Req,missing_destination,72,Application-47-Service,EndDevice-47,Application-47-Service,34200
13121,Application-35,M_Req,missing_destination,60,Application-35-Service,EndDevice-35,Application-35-Service,34200
13126,Application-2,M_Req,missing_destination,27,Application-2-Service,EndDevice-2,Application-2-Service,34200
13149,Application-42,M_Req,missing_destination,67,Application-42-Service,EndDevice-42,Application-42-Service,34300
13154,Application-4,M_Req,missing_destination,29,Application-4-Service,EndDevice-4,Application-4-Service,34300
13160,Application-1,M_Req,missing_destination,26,Application-1-Service,EndDevice-1,Application-1-Service,34300
13163,Application-3,M_Req,missing_destination,28,Application-3-Service,EndDevice-3,Application-3-Service,34300
13165,Application-47,M_Req,missing_destination,72,Application-47-Service,EndDevice-47,Application-47-Service,34300
13174,Application-2,M_Req,missing_destination,27,Application-2-Service,EndDevice-2,Application-2-Service,34300
13181,Application-26,M_Req,missing_destination,51,Application-26-Service,EndDevice-26,Application-26-Service,34400
13193,Application-42,M_Req,missing_destination,67,Application-42-Service,EndDevice-42,Application-42-Service,34400
13196,Application-33,M_Req,missing_destination,58,Application-33-Service,EndDevice-33,Application-33-Service,34400
13197,Application-4,M_Req,missing_destination,29,Application-4-Service,EndDevice-4,Application-4-Service,34400
13199,Application-27,M_Req,missing_destination,52,Application-27-Service,EndDevice-27,Application-27-Service,34400
13204,Application-25,M_Req,missing_destination,50,Application-25-Service,EndDevice-25,Application-25-Service,34400
13205,Application-3,M_Req,missing_destination,28,Application-3-Service,EndDevice-3,Application-3-Service,34400
13206,Application-34,M_Req,missing_destination,59,Application-34-Service,EndDevice-34,Application-34-Service,34400
13209,Application-35,M_Req,missing_destination,60,Application-35-Service,EndDevice-35,Application-35-Service,34500
13211,Application-28,M_Req,missing_destination,53,Application-28-Service,EndDevice-28,Application-28-Service,34500
13229,Application-26,M_Req,missing_destination,51,Application-26-Service,EndDevice-26,Application-26-Service,34500
13241,Application-42,M_Req,missing_destination,67,Application-42-Service,EndDevice-42,Application-42-Service,34500
13244,Application-33,M_Req,missing_destination,58,Application-33-Service,EndDevice-33,Application-33-Service,34500
13245,Application-4,M_Req,missing_destination,29,Application-4-Service,EndDevice-4,Application-4-Service,34500
13247,Application-27,M_Req,missing_destination,52,Application-27-Service,EndDevice-27,Application-27-Service,34500
13252,Application-25,M_Req,missing_destination,50,Application-25-Service,EndDevice-25,Application-25-Service,34500
13253,Application-3,M_Req,missing_destination,28,Application-3-Service,EndDevice-3,Application-3-Service,34500
13254,Application-34,M_Req,missing_destination,59,Application-34-Service,EndDevice-34,Application-34-Service,34500
13257,Application-35,M_Req,missing_destination,60,Application-35-Service,EndDevice-35,Application-35-Service,34600
13281,Application-42,M_Req,missing_destination,67,Application-42-Service,EndDevice-42,Application-42-Service,34700
13282,Application-18,M_Req,missing_destination,43,Application-18-Service,EndDevice-18,Application-18-Service,34700
13284,Application-4,M_Req,missing_destination,29,Application-4-Service,EndDevice-4,Application-4-Service,34700
13286,Application-27,M_Req,missing_destination,52,Application-27-Service,EndDevice-27,Application-27-Service,34700
13288,Application-14,M_Req,missing_destination,39,Application-14-Service,EndDevice-14,Application-14-Service,34700
13292,Application-3,M_Req,missing_destination,28,Application-3-Service,EndDevice-3,Application-3-Service,34700
13299,Application-44,M_Req,missing_destination,69,Application-44-Service,EndDevice-44,Application-44-Service,34700
13305,Application-35,M_Req,missing_destination,60,Application-35-Service,EndDevice-35,Application-35-Service,34700
13306,Application-19,M_Req,missing_destination,44,Application-19-Service,EndDevice-19,Application-19-Service,34700
13313,Application-41,M_Req,missing_destination,66,Application-41-Service,EndDevice-41,Application-41-Service,34700
13314,Application-15,M_Req,missing_destination,40,Application-15-Service,EndDevice-15,Application-15-Service,34700
13316,Application-17,M_Req,missing_destination,42,Application-17-Service,EndDevice-17,Application-17-Service,34700
13317,Application-43,M_Req,missing_destination,68,Application-43-Service,EndDevice-43,Application-43-Service,34700
13321,Application-20,M_Req,missing_destination,45,Application-20-Service,EndDevice-20,Application-20-Service,34700
13327,Application-13,M_Req,missing_destination,38,Application-13-Service,EndDevice-13,Application-13-Service,34700
13329,Application-42,M_Req,missing_destination,67,Application-42-Service,EndDevice-42,Application-42-Service,34800
13330,Application-18,M_Req,missing_destination,43,Application-18-Service,EndDevice-18,Application-18-Service,34800
13332,Application-4,M_Req,missing_destination,29,Application-4-Service,EndDevice-4,Application-4-Service,34800
13333,Application-27,M_Req,missing_destination,52,Application-27-Service,EndDevice-27,Application-27-Service,34800
13338,Application-3,M_Req,missing_destination,28,Application-3-Service,EndDevice-3,Application-3-Service,34800
13344,Application-44,M_Req,missing_destination,69,Application-44-Service,EndDevice-44,Application-44-Service,34800
13350,Application-35,M_Req,missing_destination,60,Application-35-Service,EndDevice-35,Application-35-Service,34800
13356,Application-15,M_Req,missing_destination,40,Application-15-Service,EndDevice-15,Application-15-Service,34800
13358,Application-17,M_Req,missing_destination,42,Application-17-Service,EndDevice-17,Application-17-Service,34800
13377,Application-42,M_Req,missing_destination,67,Application-42-Service,EndDevice-42,Application-42-Service,34900
13381,Application-27,M_Req,missing_destination,52,Application-27-Service,EndDevice-27,Application-27-Service,34900
13386,Application-3,M_Req,missing_destination,28,Application-3-Service,EndDevice-3,Application-3-Service,34900
13392,Application-44,M_Req,missing_destination,69,Application-44-Service,EndDevice-44,Application-44-Service,34900
13398,Application-35,M_Req,missing_destination,60,Application-35-Service,EndDevice-35,Application-35-Service,34900
13404,Application-15,M_Req,missing_destination,40,Application-15-Service,EndDevice-15,Application-15-Service,34900
13420,Application-38,M_Req,missing_destination,63,Application-38-Service,EndDevice-38,Application-38-Service,35000
13421,Application-19,M_Req,missing_destination,44,Application-19-Service,EndDevice-19,Application-19-Service,35000
13422,Application-42,M_Req,missing_destination,67,Application-42-Service,EndDevice-42,Application-42-Service,35000
13424,Application-27,M_Req,missing_destination,52,Application-27-Service,EndDevice-27,Application-27-Service,35000
13425,Application-6,M_Req,missing_destination,31,Application-6-Service,EndDevice-6,Application-6-Service,35000
13426,Application-8,M_Req,missing_destination,33,Application-8-Service,EndDevice-8,Application-8-Service,35000
13428,Application-3,M_Req,missing_destination,28,Application-3-Service,EndDevice-3,Application-3-Service,35000
13430,Application-39,M_Req,missing_destination,64,Application-39-Service,EndDevice-39,Application-39-Service,35000
13433,Application-44,M_Req,missing_destination,69,Application-44-Service,EndDevice-44,Application-44-Service,35000
13437,Application-7,M_Req,missing_destination,32,Application-7-Service,EndDevice-7,Application-7-Service,35100
13443,Application-37,M_Req,missing_destination,62,Application-37-Service,EndDevice-37,Application-37-Service,35100
13468,Application-38,M_Req,missing_destination,63,Application-38-Service,EndDevice-38,Application-38-Service,35100
13469,Application-19,M_Req,missing_destination,44,Application-19-Service,EndDevice-19,Application-19-Service,35100
13470,Application-42,M_Req,missing_destination,67,Application-42-Service,EndDevice-42,Application-42-Service,35100
13472,Application-27,M_Req,missing_destination,52,Application-27-Service,EndDevice-27,Application-27-Service,35100
13473,Application-6,M_Req,missing_destination,31,Application-6-Service,EndDevice-6,Application-6-Service,35100
13474,Application-8,M_Req,missing_destination,33,Application-8-Service,EndDevice-8,Application-8-Service,35100
13476,Application-3,M_Req,missing_destination,28,Application-3-Service,EndDevice-3,Application-3-Service,35100
13478,Application-39,M_Req,missing_destination,64,Application-39-Service,EndDevice-39,Application-39-Service,35100
13481,Application-44,M_Req,missing_destination,69,Application-44-Service,EndDevice-44,Application-44-Service,35100
13489,Application-37,M_Req,missing_destination,62,Application-37-Service,EndDevice-37,Application-37-Service,35200
13511,Application-38,M_Req,missing_destination,63,Application-38-Service,EndDevice-38,Application-38-Service,35200
13518,Application-48,M_Req,missing_destination,73,Application-48-Service,EndDevice-48,Application-48-Service,35300
13519,Application-39,M_Req,missing_destination,64,Application-39-Service,EndDevice-39,Application-39-Service,35300
13530,Application-16,M_Req,missing_destination,41,Application-16-Service,EndDevice-16,Application-16-Service,35300
13536,Application-45,M_Req,missing_destination,70,Application-45-Service,EndDevice-45,Application-45-Service,35300
13537,Application-37,M_Req,missing_destination,62,Application-37-Service,EndDevice-37,Application-37-Service,35300
13538,Application-47,M_Req,missing_destination,72,Application-47-Service,EndDevice-47,Application-47-Service,35300
13544,Application-15,M_Req,missing_destination,40,Application-15-Service,EndDevice-15,Application-15-Service,35300
13548,Application-46,M_Req,missing_destination,71,Application-46-Service,EndDevice-46,Application-46-Service,35300
13552,Application-13,M_Req,missing_destination,38,Application-13-Service,EndDevice-13,Application-13-Service,35300
13555,Application-20,M_Req,missing_destination,45,Application-20-Service,EndDevice-20,Application-20-Service,35300
13558,Application-14,M_Req,missing_destination,39,Application-14-Service,EndDevice-14,Application-14-Service,35300
13559,Application-38,M_Req,missing_destination,63,Application-38-Service,EndDevice-38,Application-38-Service,35300
13565,Application-48,M_Req,missing_destination,73,Application-48-Service,EndDevice-48,Application-48-Service,35400
13574,Application-16,M_Req,missing_destination,41,Application-16-Service,EndDevice-16,Application-16-Service,35400
13580,Application-45,M_Req,missing_destination,70,Application-45-Service,EndDevice-45,Application-45-Service,35400
13581,Application-37,M_Req,missing_destination,62,Application-37-Service,EndDevice-37,Application-37-Service,35400
13582,Application-47,M_Req,missing_destination,72,Application-47-Service,EndDevice-47,Application-47-Service,35400
13587,Application-15,M_Req,missing_destination,40,Application-15-Service,EndDevice-15,Application-15-Service,35400
13622,Application-16,M_Req,missing_destination,41,Application-16-Service,EndDevice-16,Application-16-Service,35500
13629,Application-37,M_Req,missing_destination,62,Application-37-Service,EndDevice-37,Application-37-Service,35500
13635,Application-15,M_Req,missing_destination,40,Application-15-Service,EndDevice-15,Application-15-Service,35500
13637,Application-43,M_Req,missing_destination,68,Application-43-Service,EndDevice-43,Application-43-Service,35600
13638,Application-46,M_Req,missing_destination,71,Application-46-Service,EndDevice-46,Application-46-Service,35600
13641,Application-13,M_Req,missing_destination,38,Application-13-Service,EndDevice-13,Application-13-Service,35600
13644,Application-41,M_Req,missing_destination,66,Application-41-Service,EndDevice-41,Application-41-Service,35600
13646,Application-38,M_Req,missing_destination,63,Application-38-Service,EndDevice-38,Application-38-Service,35600
13651,Application-34,M_Req,missing_destination,59,Application-34-Service,EndDevice-34,Application-34-Service,35600
13659,Application-6,M_Req,missing_destination,31,Application-6-Service,EndDevice-6,Application-6-Service,35600
13661,Application-44,M_Req,missing_destination,69,Application-44-Service,EndDevice-44,Application-44-Service,35600
13664,Application-16,M_Req,missing_destination,41,Application-16-Service,EndDevice-16,Application-16-Service,35600
13673,Application-5,M_Req,missing_destination,30,Application-5-Service,EndDevice-5,Application-5-Service,35700
13685,Application-43,M_Req,missing_destination,68,Application-43-Service,EndDevice-43,Application-43-Service,35700
13686,Application-46,M_Req,missing_destination,71,Application-46-Service,EndDevice-46,Application-46-Service,35700
13689,Application-13,M_Req,missing_destination,38,Application-13-Service,EndDevice-13,Application-13-Service,35700
13692,Application-41,M_Req,missing_destination,66,Application-41-Service,EndDevice-41,Application-41-Service,35700
13694,Application-38,M_Req,missing_destination,63,Application-38-Service,EndDevice-38,Application-38-Service,35700
13699,Application-34,M_Req,missing_destination,59,Application-34-Service,EndDevice-34,Application-34-Service,35700
13707,Application-6,M_Req,missing_destination,31,Application-6-Service,EndDevice-6,Application-6-Service,35700
13709,Application-44,M_Req,missing_destination,69,Application-44-Service,EndDevice-44,Application-44-Service,35700
13712,Application-16,M_Req,missing_destination,41,Application-16-Service,EndDevice-16,Application-16-Service,35700
13718,Application-5,M_Req,missing_destination,30,Application-5-Service,EndDevice-5,Application-5-Service,35800
13728,Application-46,M_Req,missing_destination,71,Application-46-Service,EndDevice-46,Application-46-Service,35800
13732,Application-41,M_Req,missing_destination,66,Application-41-Service,EndDevice-41,Application-41-Service,35800
13734,Application-38,M_Req,missing_destination,63,Application-38-Service,EndDevice-38,Application-38-Service,35800
13739,Application-34,M_Req,missing_destination,59,Application-34-Service,EndDevice-34,Application-34-Service,35800
13755,Application-30,M_Req,missing_destination,55,Application-30-Service,EndDevice-30,Application-30-Service,35900
13758,Application-43,M_Req,missing_destination,68,Application-43-Service,EndDevice-43,Application-43-Service,35900
13761,Application-31,M_Req,missing_destination,56,Application-31-Service,EndDevice-31,Application-31-Service,35900
13763,Application-45,M_Req,missing_destination,70,Application-45-Service,EndDevice-45,Application-45-Service,35900
13765,Application-47,M_Req,missing_destination,72,Application-47-Service,EndDevice-47,Application-47-Service,35900
13766,Application-5,M_Req,missing_destination,30,Application-5-Service,EndDevice-5,Application-5-Service,35900
13774,Application-48,M_Req,missing_destination,73,Application-48-Service,EndDevice-48,Application-48-Service,35900
13776,Application-46,M_Req,missing_destination,71,Application-46-Service,EndDevice-46,Application-46-Service,35900
13778,Application-29,M_Req,missing_destination,54,Application-29-Service,EndDevice-29,Application-29-Service,35900
13780,Application-41,M_Req,missing_destination,66,Application-41-Service,EndDevice-41,Application-41-Service,35900
13782,Application-38,M_Req,missing_destination,63,Application-38-Service,EndDevice-38,Application-38-Service,35900
13787,Application-34,M_Req,missing_destination,59,Application-34-Service,EndDevice-34,Application-34-Service,35900
13788,Application-32,M_Req,missing_destination,57,Application-32-Service,EndDevice-32,Application-32-Service,35900
13801,Application-30,M_Req,missing_destination,55,Application-30-Service,EndDevice-30,Application-30-Service,36000
13804,Application-43,M_Req,missing_destination,68,Application-43-Service,EndDevice-43,Application-43-Service,36000
13806,Application-31,M_Req,missing_destination,56,Application-31-Service,EndDevice-31,Application-31-Service,36000
13807,Application-45,M_Req,missing_destination,70,Application-45-Service,EndDevice-45,Application-45-Service,36000
13809,Application-47,M_Req,missing_destination,72,Application-47-Service,EndDevice-47,Application-47-Service,36000
13810,Application-5,M_Req,missing_destination,30,Application-5-Service,EndDevice-5,Application-5-Service,36000
13817,Application-48,M_Req,missing_destination,73,Application-48-Service,EndDevice-48,Application-48-Service,36000
13855,Application-45,M_Req,missing_destination,70,Application-45-Service,EndDevice-45,Application-45-Service,36100
13857,Application-47,M_Req,missing_destination,72,Application-47-Service,EndDevice-47,Application-47-Service,36100
13865,Application-48,M_Req,missing_destination,73,Application-48-Service,EndDevice-48,Application-48-Service,36100
13869,Application-20,M_Req,missing_destination,45,Application-20-Service,EndDevice-20,Application-20-Service,36200
13873,Application-34,M_Req,missing_destination,59,Application-34-Service,EndDevice-34,Application-34-Service,36200
13879,Application-17,M_Req,missing_destination,42,Application-17-Service,EndDevice-17,Application-17-Service,36200
13884,Application-18,M_Req,missing_destination,43,Application-18-Service,EndDevice-18,Application-18-Service,36200
13888,Application-16,M_Req,missing_destination,41,Application-16-Service,EndDevice-16,Application-16-Service,36200
13897,Application-45,M_Req,missing_destination,70,Application-45-Service,EndDevice-45,Application-45-Service,36300
13917,Application-20,M_Req,missing_destination,45,Application-20-Service,EndDevice-20,Application-20-Service,36300
13921,Application-34,M_Req,missing_destination,59,Application-34-Service,EndDevice-34,Application-34-Service,36300
13927,Application-17,M_Req,missing_destination,42,Application-17-Service,EndDevice-17,Application-17-Service,36300
13932,Application-18,M_Req,missing_destination,43,Application-18-Service,EndDevice-18,Application-18-Service,36300
13936,Application-16,M_Req,missing_destination,41,Application-16-Service,EndDevice-16,Application-16-Service,36300
13961,Application-20,M_Req,missing_destination,45,Application-20-Service,EndDevice-20,Application-20-Service,36400
13970,Application-17,M_Req,missing_destination,42,Application-17-Service,EndDevice-17,Application-17-Service,36400
13978,Application-7,M_Req,missing_destination,32,Application-7-Service,EndDevice-7,Application-7-Service,36500
13985,Application-40,M_Req,missing_destination,65,Application-40-Service,EndDevice-40,Application-40-Service,36500
13990,Application-6,M_Req,missing_destination,31,Application-6-Service,EndDevice-6,Application-6-Service,36500
13993,Application-37,M_Req,missing_destination,62,Application-37-Service,EndDevice-37,Application-37-Service,36500
13995,Application-5,M_Req,missing_destination,30,Application-5-Service,EndDevice-5,Application-5-Service,36500
13999,Application-39,M_Req,missing_destination,64,Application-39-Service,EndDevice-39,Application-39-Service,36500
14000,Application-48,M_Req,missing_destination,73,Application-48-Service,EndDevice-48,Application-48-Service,36500
14004,Application-43,M_Req,missing_destination,68,Application-43-Service,EndDevice-43,Application-43-Service,36500
14007,Application-46,M_Req,missing_destination,71,Application-46-Service,EndDevice-46,Application-46-Service,36500
14009,Application-20,M_Req,missing_destination,45,Application-20-Service,EndDevice-20,Application-20-Service,36500
14010,Application-38,M_Req,missing_destination,63,Application-38-Service,EndDevice-38,Application-38-Service,36500
14018,Application-17,M_Req,missing_destination,42,Application-17-Service,EndDevice-17,Application-17-Service,36500
14031,Application-40,M_Req,missing_destination,65,Application-40-Service,EndDevice-40,Application-40-Service,36600
14035,Application-6,M_Req,missing_destination,31,Application-6-Service,EndDevice-6,Application-6-Service,36600
14037,Application-37,M_Req,missing_destination,62,Application-37-Service,EndDevice-37,Application-37-Service,36600
14039,Application-5,M_Req,missing_destination,30,Application-5-Service,EndDevice-5,Application-5-Service,36600
14043,Application-48,M_Req,missing_destination,73,Application-48-Service,EndDevice-48,Application-48-Service,36600
14079,Application-40,M_Req,missing_destination,65,Application-40-Service,EndDevice-40,Application-40-Service,36700
14085,Application-37,M_Req,missing_destination,62,Application-37-Service,EndDevice-37,Application-37-Service,36700
14096,Application-46,M_Req,missing_destination,71,Application-46-Service,EndDevice-46,Application-46-Service,36800
14097,Application-21,M_Req,missing_destination,46,Application-21-Service,EndDevice-21,Application-21-Service,36800
14100,Application-24,M_Req,missing_destination,49,Application-24-Service,EndDevice-24,Application-24-Service,36800
14106,Application-23,M_Req,missing_destination,48,Application-23-Service,EndDevice-23,Application-23-Service,36800
14119,Application-22,M_Req,missing_destination,47,Application-22-Service,EndDevice-22,Application-22-Service,36800
14122,Application-6,M_Req,missing_destination,31,Application-6-Service,EndDevice-6,Application-6-Service,36800
14126,Application-5,M_Req,missing_destination,30,Application-5-Service,EndDevice-5,Application-5-Service,36900
14144,Application-46,M_Req,missing_destination,71,Application-46-Service,EndDevice-46,Application-46-Service,36900
14145,Application-21,M_Req,missing_destination,46,Application-21-Service,EndDevice-21,Application-21-Service,36900
14148,Application-24,M_Req,missing_destination,49,Application-24-Service,EndDevice-24,Application-24-Service,36900
14154,Application-23,M_Req,missing_destination,48,Application-23-Service,EndDevice-23,Application-23-Service,36900
14167,Application-22,M_Req,missing_destination,47,Application-22-Service,EndDevice-22,Application-22-Service,36900
14170,Application-6,M_Req,missing_destination,31,Application-6-Service,EndDevice-6,Application-6-Service,36900
14206,Application-19,M_Req,missing_destination,44,Application-19-Service,EndDevice-19,Application-19-Service,37100
14212,Application-8,M_Req,missing_destination,33,Application-8-Service,EndDevice-8,Application-8-Service,37100
14215,Application-48,M_Req,missing_destination,73,Application-48-Service,EndDevice-48,Application-48-Service,37100
14217,Application-46,M_Req,missing_destination,71,Application-46-Service,EndDevice-46,Application-46-Service,37100
14218,Application-39,M_Req,missing_destination,64,Application-39-Service,EndDevice-39,Application-39-Service,37100
14219,Application-45,M_Req,missing_destination,70,Application-45-Service,EndDevice-45,Application-45-Service,37100
14221,Application-47,M_Req,missing_destination,72,Application-47-Service,EndDevice-47,Application-47-Service,37100
14222,Application-5,M_Req,missing_destination,30,Application-5-Service,EndDevice-5,Application-5-Service,37100
14253,Application-19,M_Req,missing_destination,44,Application-19-Service,EndDevice-19,Application-19-Service,37200
14257,Application-8,M_Req,missing_destination,33,Application-8-Service,EndDevice-8,Application-8-Service,37200
14259,Application-48,M_Req,missing_destination,73,Application-48-Service,EndDevice-48,Application-48-Service,37200
14261,Application-39,M_Req,missing_destination,64,Application-39-Service,EndDevice-39,Application-39-Service,37200
14262,Application-45,M_Req,missing_destination,70,Application-45-Service,EndDevice-45,Application-45-Service,37200
14264,Application-47,M_Req,missing_destination,72,Application-47-Service,EndDevice-47,Application-47-Service,37200
14265,Application-5,M_Req,missing_destination,30,Application-5-Service,EndDevice-5,Application-5-Service,37200
14325,Application-21,M_Req,missing_destination,46,Application-21-Service,EndDevice-21,Application-21-Service,37400
14326,Application-24,M_Req,missing_destination,49,Application-24-Service,EndDevice-24,Application-24-Service,37400
14329,Application-23,M_Req,missing_destination,48,Application-23-Service,EndDevice-23,Application-23-Service,37400
14339,Application-22,M_Req,missing_destination,47,Application-22-Service,EndDevice-22,Application-22-Service,37400
14345,Application-19,M_Req,missing_destination,44,Application-19-Service,EndDevice-19,Application-19-Service,37400
14350,Application-48,M_Req,missing_destination,73,Application-48-Service,EndDevice-48,Application-48-Service,37400
14352,Application-39,M_Req,missing_destination,64,Application-39-Service,EndDevice-39,Application-39-Service,37400
14353,Application-45,M_Req,missing_destination,70,Application-45-Service,EndDevice-45,Application-45-Service,37500
14354,Application-47,M_Req,missing_destination,72,Application-47-Service,EndDevice-47,Application-47-Service,37500
14373,Application-21,M_Req,missing_destination,46,Application-21-Service,EndDevice-21,Application-21-Service,37500
14374,Application-24,M_Req,missing_destination,49,Application-24-Service,EndDevice-24,Application-24-Service,37500
14377,Application-23,M_Req,missing_destination,48,Application-23-Service,EndDevice-23,Application-23-Service,37500
14387,Application-22,M_Req,missing_destination,47,Application-22-Service,EndDevice-22,Application-22-Service,37500
14393,Application-19,M_Req,missing_destination,44,Application-19-Service,EndDevice-19,Application-19-Service,37500
14398,Application-48,M_Req,missing_destination,73,Application-48-Service,EndDevice-48,Application-48-Service,37500
14400,Application-39,M_Req,missing_destination,64,Application-39-Service,EndDevice-39,Application-39-Service,37500
14419,Application-21,M_Req,missing_destination,46,Application-21-Service,EndDevice-21,Application-21-Service,37600
14420,Application-24,M_Req,missing_destination,49,Application-24-Service,EndDevice-24,Application-24-Service,37600
14422,Application-23,M_Req,missing_destination,48,Application-23-Service,EndDevice-23,Application-23-Service,37600
14430,Application-22,M_Req,missing_destination,47,Application-22-Service,EndDevice-22,Application-22-Service,37600
14433,Application-30,M_Req,missing_destination,55,Application-30-Service,EndDevice-30,Application-30-Service,37700
14435,Application-31,M_Req,missing_destination,56,Application-31-Service,EndDevice-31,Application-31-Service,37700
14438,Application-48,M_Req,missing_destination,73,Application-48-Service,EndDevice-48,Application-48-Service,37700
14439,Application-3,M_Req,missing_destination,28,Application-3-Service,EndDevice-3,Application-3-Service,37700
14460,Application-32,M_Req,missing_destination,57,Application-32-Service,EndDevice-32,Application-32-Service,37700
14462,Application-2,M_Req,missing_destination,27,Application-2-Service,EndDevice-2,Application-2-Service,37700
14463,Application-1,M_Req,missing_destination,26,Application-1-Service,EndDevice-1,Application-1-Service,37700
14466,Application-18,M_Req,missing_destination,43,Application-18-Service,EndDevice-18,Application-18-Service,37700
14467,Application-21,M_Req,missing_destination,46,Application-21-Service,EndDevice-21,Application-21-Service,37700
14468,Application-24,M_Req,missing_destination,49,Application-24-Service,EndDevice-24,Application-24-Service,37700
14470,Application-23,M_Req,missing_destination,48,Application-23-Service,EndDevice-23,Application-23-Service,37700
14471,Application-4,M_Req,missing_destination,29,Application-4-Service,EndDevice-4,Application-4-Service,37700
14473,Application-29,M_Req,missing_destination,54,Application-29-Service,EndDevice-29,Application-29-Service,37700
14475,Application-38,M_Req,missing_destination,63,Application-38-Service,EndDevice-38,Application-38-Service,37700
14476,Application-46,M_Req,missing_destination,71,Application-46-Service,EndDevice-46,Application-46-Service,37700
14478,Application-22,M_Req,missing_destination,47,Application-22-Service,EndDevice-22,Application-22-Service,37700
14480,Application-30,M_Req,missing_destination,55,Application-30-Service,EndDevice-30,Application-30-Service,37800
14484,Application-3,M_Req,missing_destination,28,Application-3-Service,EndDevice-3,Application-3-Service,37800
14501,Application-32,M_Req,missing_destination,57,Application-32-Service,EndDevice-32,Application-32-Service,37800
14503,Application-2,M_Req,missing_destination,27,Application-2-Service,EndDevice-2,Application-2-Service,37800
14504,Application-1,M_Req,missing_destination,26,Application-1-Service,EndDevice-1,Application-1-Service,37800
14507,Application-18,M_Req,missing_destination,43,Application-18-Service,EndDevice-18,Application-18-Service,37800
14528,Application-30,M_Req,missing_destination,55,Application-30-Service,EndDevice-30,Application-30-Service,37900
14532,Application-3,M_Req,missing_destination,28,Application-3-Service,EndDevice-3,Application-3-Service,37900
14549,Application-32,M_Req,missing_destination,57,Application-32-Service,EndDevice-32,Application-32-Service,37900
14551,Application-2,M_Req,missing_destination,27,Application-2-Service,EndDevice-2,Application-2-Service,37900
14552,Application-1,M_Req,missing_destination,26,Application-1-Service,EndDevice-1,Application-1-Service,37900
14555,Application-18,M_Req,missing_destination,43,Application-18-Service,EndDevice-18,Application-18-Service,37900
14562,Application-38,M_Req,missing_destination,63,Application-38-Service,EndDevice-38,Application-38-Service,38000
14564,Application-22,M_Req,missing_destination,47,Application-22-Service,EndDevice-22,Application-22-Service,38000
14566,Application-24,M_Req,missing_destination,49,Application-24-Service,EndDevice-24,Application-24-Service,38000
14572,Application-30,M_Req,missing_destination,55,Application-30-Service,EndDevice-30,Application-30-Service,38000
14574,Application-26,M_Req,missing_destination,51,Application-26-Service,EndDevice-26,Application-26-Service,38000
14575,Application-3,M_Req,missing_destination,28,Application-3-Service,EndDevice-3,Application-3-Service,38000
14586,Application-27,M_Req,missing_destination,52,Application-27-Service,EndDevice-27,Application-27-Service,38100
14591,Application-2,M_Req,missing_destination,27,Application-2-Service,EndDevice-2,Application-2-Service,38100
14592,Application-1,M_Req,missing_destination,26,Application-1-Service,EndDevice-1,Application-1-Service,38100
14610,Application-38,M_Req,missing_destination,63,Application-38-Service,EndDevice-38,Application-38-Service,38100
14612,Application-22,M_Req,missing_destination,47,Application-22-Service,EndDevice-22,Application-22-Service,38100
14614,Application-24,M_Req,missing_destination,49,Application-24-Service,EndDevice-24,Application-24-Service,38100
14620,Application-30,M_Req,missing_destination,55,Application-30-Service,EndDevice-30,Application-30-Service,38100
14622,Application-26,M_Req,missing_destination,51,Application-26-Service,EndDevice-26,Application-26-Service,38100
14623,Application-3,M_Req,missing_destination,28,Application-3-Service,EndDevice-3,Application-3-Service,38100
14633,Application-27,M_Req,missing_destination,52,Application-27-Service,EndDevice-27,Application-27-Service,38200
14638,Application-1,M_Req,missing_destination,26,Application-1-Service,EndDevice-1,Application-1-Service,38200
14653,Application-38,M_Req,missing_destination,63,Application-38-Service,EndDevice-38,Application-38-Service,38200
14655,Application-22,M_Req,missing_destination,47,Application-22-Service,EndDevice-22,Application-22-Service,38200
14657,Application-24,M_Req,missing_destination,49,Application-24-Service,EndDevice-24,Application-24-Service,38200
14661,Application-16,M_Req,missing_destination,41,Application-16-Service,EndDevice-16,Application-16-Service,38300
14669,Application-33,M_Req,missing_destination,58,Application-33-Service,EndDevice-33,Application-33-Service,38300
14679,Application-36,M_Req,missing_destination,61,Application-36-Service,EndDevice-36,Application-36-Service,38300
14680,Application-15,M_Req,missing_destination,40,Application-15-Service,EndDevice-15,Application-15-Service,38300
14681,Application-27,M_Req,missing_destination,52,Application-27-Service,EndDevice-27,Application-27-Service,38300
14682,Application-35,M_Req,missing_destination,60,Application-35-Service,EndDevice-35,Application-35-Service,38300
14685,Application-13,M_Req,missing_destination,38,Application-13-Service,EndDevice-13,Application-13-Service,38300
14686,Application-1,M_Req,missing_destination,26,Application-1-Service,EndDevice-1,Application-1-Service,38300
14690,Application-14,M_Req,missing_destination,39,Application-14-Service,EndDevice-14,Application-14-Service,38300
14695,Application-28,M_Req,missing_destination,53,Application-28-Service,EndDevice-28,Application-28-Service,38300
14697,Application-34,M_Req,missing_destination,59,Application-34-Service,EndDevice-34,Application-34-Service,38300
14699,Application-4,M_Req,missing_destination,29,Application-4-Service,EndDevice-4,Application-4-Service,38300
14700,Application-29,M_Req,missing_destination,54,Application-29-Service,EndDevice-29,Application-29-Service,38300
14701,Application-38,M_Req,missing_destination,63,Application-38-Service,EndDevice-38,Application-38-Service,38300
14703,Application-22,M_Req,missing_destination,47,Application-22-Service,EndDevice-22,Application-22-Service,38300
14705,Application-24,M_Req,missing_destination,49,Application-24-Service,EndDevice-24,Application-24-Service,38300
14715,Application-33,M_Req,missing_destination,58,Application-33-Service,EndDevice-33,Application-33-Service,38400
14722,Application-36,M_Req,missing_destination,61,Application-36-Service,EndDevice-36,Application-36-Service,38400
14723,Application-27,M_Req,missing_destination,52,Application-27-Service,EndDevice-27,Application-27-Service,38400
14724,Application-35,M_Req,missing_destination,60,Application-35-Service,EndDevice-35,Application-35-Service,38400
14727,Application-13,M_Req,missing_destination,38,Application-13-Service,EndDevice-13,Application-13-Service,38400
14728,Application-1,M_Req,missing_destination,26,Application-1-Service,EndDevice-1,Application-1-Service,38400
14732,Application-14,M_Req,missing_destination,39,Application-14-Service,EndDevice-14,Application-14-Service,38400
14736,Application-28,M_Req,missing_destination,53,Application-28-Service,EndDevice-28,Application-28-Service,38400
14763,Application-33,M_Req,missing_destination,58,Application-33-Service,EndDevice-33,Application-33-Service,38500
14770,Application-36,M_Req,missing_destination,61,Application-36-Service,EndDevice-36,Application-36-Service,38500
14772,Application-35,M_Req,missing_destination,60,Application-35-Service,EndDevice-35,Application-35-Service,38500
14775,Application-13,M_Req,missing_destination,38,Application-13-Service,EndDevice-13,Application-13-Service,38500
14780,Application-14,M_Req,missing_destination,39,Application-14-Service,EndDevice-14,Application-14-Service,38500
14784,Application-28,M_Req,missing_destination,53,Application-28-Service,EndDevice-28,Application-28-Service,38500
14786,Application-23,M_Req,missing_destination,48,Application-23-Service,EndDevice-23,Application-23-Service,38600
14790,Application-24,M_Req,missing_destination,49,Application-24-Service,EndDevice-24,Application-24-Service,38600
14791,Application-9,M_Req,missing_destination,34,Application-9-Service,EndDevice-9,Application-9-Service,38600
14795,Application-42,M_Req,missing_destination,67,Application-42-Service,EndDevice-42,Application-42-Service,38600
14797,Application-41,M_Req,missing_destination,66,Application-41-Service,EndDevice-41,Application-41-Service,38600
14798,Application-10,M_Req,missing_destination,35,Application-10-Service,EndDevice-10,Application-10-Service,38600
14800,Application-12,M_Req,missing_destination,37,Application-12-Service,EndDevice-12,Application-12-Service,38600
14802,Application-30,M_Req,missing_destination,55,Application-30-Service,EndDevice-30,Application-30-Service,38600
14804,Application-33,M_Req,missing_destination,58,Application-33-Service,EndDevice-33,Application-33-Service,38600
14806,Application-11,M_Req,missing_destination,36,Application-11-Service,EndDevice-11,Application-11-Service,38600
14809,Application-43,M_Req,missing_destination,68,Application-43-Service,EndDevice-43,Application-43-Service,38600
14834,Application-23,M_Req,missing_destination,48,Application-23-Service,EndDevice-23,Application-23-Service,38700
14838,Application-24,M_Req,missing_destination,49,Application-24-Service,EndDevice-24,Application-24-Service,38700
14839,Application-9,M_Req,missing_destination,34,Application-9-Service,EndDevice-9,Application-9-Service,38700
14843,Application-42,M_Req,missing_destination,67,Application-42-Service,EndDevice-42,Application-42-Service,38700
14845,Application-41,M_Req,missing_destination,66,Application-41-Service,EndDevice-41,Application-41-Service,38700
14846,Application-10,M_Req,missing_destination,35,Application-10-Service,EndDevice-10,Application-10-Service,38700
14848,Application-12,M_Req,missing_destination,37,Application-12-Service,EndDevice-12,Application-12-Service,38700
14850,Application-30,M_Req,missing_destination,55,Application-30-Service,EndDevice-30,Application-30-Service,38700
14852,Application-33,M_Req,missing_destination,58,Application-33-Service,EndDevice-33,Application-33-Service,38700
14854,Application-11,M_Req,missing_destination,36,Application-11-Service,EndDevice-11,Application-11-Service,38700
14857,Application-43,M_Req,missing_destination,68,Application-43-Service,EndDevice-43,Application-43-Service,38700
14883,Application-9,M_Req,missing_destination,34,Application-9-Service,EndDevice-9,Application-9-Service,38800
14890,Application-12,M_Req,missing_destination,37,Application-12-Service,EndDevice-12,Application-12-Service,38800
14909,Application-7,M_Req,missing_destination,32,Application-7-Service,EndDevice-7,Application-7-Service,38900
14911,Application-13,M_Req,missing_destination,38,Application-13-Service,EndDevice-13,Application-13-Service,38900
14916,Application-6,M_Req,missing_destination,31,Application-6-Service,EndDevice-6,Application-6-Service,38900
14921,Application-8,M_Req,missing_destination,33,Application-8-Service,EndDevice-8,Application-8-Service,38900
14922,Application-44,M_Req,missing_destination,69,Application-44-Service,EndDevice-44,Application-44-Service,38900
14924,Application-21,M_Req,missing_destination,46,Application-21-Service,EndDevice-21,Application-21-Service,38900
14931,Application-9,M_Req,missing_destination,34,Application-9-Service,EndDevice-9,Application-9-Service,38900
14933,Application-5,M_Req,missing_destination,30,Application-5-Service,EndDevice-5,Application-5-Service,38900
14938,Application-12,M_Req,missing_destination,37,Application-12-Service,EndDevice-12,Application-12-Service,38900
14954,Application-7,M_Req,missing_destination,32,Application-7-Service,EndDevice-7,Application-7-Service,39000
14962,Application-8,M_Req,missing_destination,33,Application-8-Service,EndDevice-8,Application-8-Service,39000
14963,Application-44,M_Req,missing_destination,69,Application-44-Service,EndDevice-44,Application-44-Service,39000
14965,Application-21,M_Req,missing_destination,46,Application-21-Service,EndDevice-21,Application-21-Service,39000
15002,Application-7,M_Req,missing_destination,32,Application-7-Service,EndDevice-7,Application-7-Service,39100
15010,Application-8,M_Req,missing_destination,33,Application-8-Service,EndDevice-8,Application-8-Service,39100
15025,Application-13,M_Req,missing_destination,38,Application-13-Service,EndDevice-13,Application-13-Service,39200
15035,Application-43,M_Req,missing_destination,68,Application-43-Service,EndDevice-43,Application-43-Service,39200
15041,Application-3,M_Req,missing_destination,28,Application-3-Service,EndDevice-3,Application-3-Service,39200
15044,Application-1,M_Req,missing_destination,26,Application-1-Service,EndDevice-1,Application-1-Service,39300
15073,Application-13,M_Req,missing_destination,38,Application-13-Service,EndDevice-13,Application-13-Service,39300
15083,Application-43,M_Req,missing_destination,68,Application-43-Service,EndDevice-43,Application-43-Service,39300
15089,Application-3,M_Req,missing_destination,28,Application-3-Service,EndDevice-3,Application-3-Service,39300
15113,Application-13,M_Req,missing_destination,38,Application-13-Service,EndDevice-13,Application-13-Service,39400
15122,Application-40,M_Req,missing_destination,65,Application-40-Service,EndDevice-40,Application-40-Service,39500
15127,Application-37,M_Req,missing_destination,62,Application-37-Service,EndDevice-37,Application-37-Service,39500
15129,Application-23,M_Req,missing_destination,48,Application-23-Service,EndDevice-23,Application-23-Service,39500
15136,Application-39,M_Req,missing_destination,64,Application-39-Service,EndDevice-39,Application-39-Service,39500
15139,Application-7,M_Req,missing_destination,32,Application-7-Service,EndDevice-7,Application-7-Service,39500
15146,Application-21,M_Req,missing_destination,46,Application-21-Service,EndDevice-21,Application-21-Service,39500
15151,Application-11,M_Req,missing_destination,36,Application-11-Service,EndDevice-11,Application-11-Service,39500
15157,Application-38,M_Req,missing_destination,63,Application-38-Service,EndDevice-38,Application-38-Service,39500
15161,Application-13,M_Req,missing_destination,38,Application-13-Service,EndDevice-13,Application-13-Service,39500
15162,Application-10,M_Req,missing_destination,35,Application-10-Service,EndDevice-10,Application-10-Service,39500
15170,Application-40,M_Req,missing_destination,65,Application-40-Service,EndDevice-40,Application-40-Service,39600
15175,Application-37,M_Req,missing_destination,62,Application-37-Service,EndDevice-37,Application-37-Service,39600
15183,Application-39,M_Req,missing_destination,64,Application-39-Service,EndDevice-39,Application-39-Service,39600
15185,Application-7,M_Req,missing_destination,32,Application-7-Service,EndDevice-7,Application-7-Service,39600
15191,Application-21,M_Req,missing_destination,46,Application-21-Service,EndDevice-21,Application-21-Service,39600
15195,Application-11,M_Req,missing_destination,36,Application-11-Service,EndDevice-11,Application-11-Service,39600
15239,Application-21,M_Req,missing_destination,46,Application-21-Service,EndDevice-21,Application-21-Service,39700
15243,Application-11,M_Req,missing_destination,36,Application-11-Service,EndDevice-11,Application-11-Service,39700
15245,Application-42,M_Req,missing_destination,67,Application-42-Service,EndDevice-42,Application-42-Service,39800
15264,Application-43,M_Req,missing_destination,68,Application-43-Service,EndDevice-43,Application-43-Service,39800
15267,Application-19,M_Req,missing_destination,44,Application-19-Service,EndDevice-19,Application-19-Service,39800
15269,Application-3,M_Req,missing_destination,28,Application-3-Service,EndDevice-3,Application-3-Service,39800
15270,Application-4,M_Req,missing_destination,29,Application-4-Service,EndDevice-4,Application-4-Service,39800
15273,Application-20,M_Req,missing_destination,45,Application-20-Service,EndDevice-20,Application-20-Service,39800
15275,Application-18,M_Req,missing_destination,43,Application-18-Service,EndDevice-18,Application-18-Service,39900
15278,Application-44,M_Req,missing_destination,69,Application-44-Service,EndDevice-44,Application-44-Service,39900
15293,Application-42,M_Req,missing_destination,67,Application-42-Service,EndDevice-42,Application-42-Service,39900
15312,Application-43,M_Req,missing_destination,68,Application-43-Service,EndDevice-43,Application-43-Service,39900
15315,Application-19,M_Req,missing_destination,44,Application-19-Service,EndDevice-19,Application-19-Service,39900
15317,Application-3,M_Req,missing_destination,28,Application-3-Service,EndDevice-3,Application-3-Service,39900
15318,Application-4,M_Req,missing_destination,29,Application-4-Service,EndDevice-4,Application-4-Service,39900
15321,Application-20,M_Req,missing_destination,45,Application-20-Service,EndDevice-20,Application-20-Service,39900
15326,Application-44,M_Req,missing_destination,69,Application-44-Service,EndDevice-44,Application-44-Service,40000
15337,Application-42,M_Req,missing_destination,67,Application-42-Service,EndDevice-42,Application-42-Service,40000
15353,Application-43,M_Req,missing_destination,68,Application-43-Service,EndDevice-43,Application-43-Service,40100
15354,Application-25,M_Req,missing_destination,50,Application-25-Service,EndDevice-25,Application-25-Service,40100
15360,Application-20,M_Req,missing_destination,45,Application-20-Service,EndDevice-20,Application-20-Service,40100
15366,Application-15,M_Req,missing_destination,40,Application-15-Service,EndDevice-15,Application-15-Service,40100
15372,Application-28,M_Req,missing_destination,53,Application-28-Service,EndDevice-28,Application-28-Service,40100
15374,Application-44,M_Req,missing_destination,69,Application-44-Service,EndDevice-44,Application-44-Service,40100
15375,Application-26,M_Req,missing_destination,51,Application-26-Service,EndDevice-26,Application-26-Service,40100
15378,Application-17,M_Req,missing_destination,42,Application-17-Service,EndDevice-17,Application-17-Service,40100
15382,Application-41,M_Req,missing_destination,66,Application-41-Service,EndDevice-41,Application-41-Service,40100
15385,Application-42,M_Req,missing_destination,67,Application-42-Service,EndDevice-42,Application-42-Service,40100
15386,Application-12,M_Req,missing_destination,37,Application-12-Service,EndDevice-12,Application-12-Service,40100
15387,Application-14,M_Req,missing_destination,39,Application-14-Service,EndDevice-14,Application-14-Service,40100
15388,Application-27,M_Req,missing_destination,52,Application-27-Service,EndDevice-27,Application-27-Service,40100
15390,Application-9,M_Req,missing_destination,34,Application-9-Service,EndDevice-9,Application-9-Service,40100
15391,Application-16,M_Req,missing_destination,41,Application-16-Service,EndDevice-16,Application-16-Service,40100
15393,Application-13,M_Req,missing_destination,38,Application-13-Service,EndDevice-13,Application-13-Service,40100
15395,Application-22,M_Req,missing_destination,47,Application-22-Service,EndDevice-22,Application-22-Service,40100
15396,Application-10,M_Req,missing_destination,35,Application-10-Service,EndDevice-10,Application-10-Service,40100
15397,Application-38,M_Req,missing_destination,63,Application-38-Service,EndDevice-38,Application-38-Service,40100
15399,Application-23,M_Req,missing_destination,48,Application-23-Service,EndDevice-23,Application-23-Service,40100
15401,Application-43,M_Req,missing_destination,68,Application-43-Service,EndDevice-43,Application-43-Service,40200
15402,Application-25,M_Req,missing_destination,50,Application-25-Service,EndDevice-25,Application-25-Service,40200
15407,Application-20,M_Req,missing_destination,45,Application-20-Service,EndDevice-20,Application-20-Service,40200
15416,Application-28,M_Req,missing_destination,53,Application-28-Service,EndDevice-28,Application-28-Service,40200
15418,Application-44,M_Req,missing_destination,69,Application-44-Service,EndDevice-44,Application-44-Service,40200
15419,Application-26,M_Req,missing_destination,51,Application-26-Service,EndDevice-26,Application-26-Service,40200
15424,Application-41,M_Req,missing_destination,66,Application-41-Service,EndDevice-41,Application-41-Service,40200
15449,Application-43,M_Req,missing_destination,68,Application-43-Service,EndDevice-43,Application-43-Service,40300
15450,Application-25,M_Req,missing_destination,50,Application-25-Service,EndDevice-25,Application-25-Service,40300
15455,Application-20,M_Req,missing_destination,45,Application-20-Service,EndDevice-20,Application-20-Service,40300
15464,Application-28,M_Req,missing_destination,53,Application-28-Service,EndDevice-28,Application-28-Service,40300
15467,Application-26,M_Req,missing_destination,51,Application-26-Service,EndDevice-26,Application-26-Service,40300
15472,Application-41,M_Req,missing_destination,66,Application-41-Service,EndDevice-41,Application-41-Service,40300
15489,Application-35,M_Req,missing_destination,60,Application-35-Service,EndDevice-35,Application-35-Service,40400
15495,Application-43,M_Req,missing_destination,68,Application-43-Service,EndDevice-43,Application-43-Service,40400
15500,Application-20,M_Req,missing_destination,45,Application-20-Service,EndDevice-20,Application-20-Service,40400
15501,Application-33,M_Req,missing_destination,58,Application-33-Service,EndDevice-33,Application-33-Service,40400
15512,Application-36,M_Req,missing_destination,61,Application-36-Service,EndDevice-36,Application-36-Service,40500
15513,Application-24,M_Req,missing_destination,49,Application-24-Service,EndDevice-24,Application-24-Service,40500
15537,Application-35,M_Req,missing_destination,60,Application-35-Service,EndDevice-35,Application-35-Service,40500
15543,Application-43,M_Req,missing_destination,68,Application-43-Service,EndDevice-43,Application-43-Service,40500
15548,Application-20,M_Req,missing_destination,45,Application-20-Service,EndDevice-20,Application-20-Service,40500
15549,Application-33,M_Req,missing_destination,58,Application-33-Service,EndDevice-33,Application-33-Service,40500
15557,Application-36,M_Req,missing_destination,61,Application-36-Service,EndDevice-36,Application-36-Service,40600
15578,Application-35,M_Req,missing_destination,60,Application-35-Service,EndDevice-35,Application-35-Service,40600
15582,Application-40,M_Req,missing_destination,65,Application-40-Service,EndDevice-40,Application-40-Service,40700
15585,Application-37,M_Req,missing_destination,62,Application-37-Service,EndDevice-37,Application-37-Service,40700
15586,Application-3,M_Req,missing_destination,28,Application-3-Service,EndDevice-3,Application-3-Service,40700
15587,Application-4,M_Req,missing_destination,29,Application-4-Service,EndDevice-4,Application-4-Service,40700
15594,Application-1,M_Req,missing_destination,26,Application-1-Service,EndDevice-1,Application-1-Service,40700
15596,Application-39,M_Req,missing_destination,64,Application-39-Service,EndDevice-39,Application-39-Service,40700
15599,Application-33,M_Req,missing_destination,58,Application-33-Service,EndDevice-33,Application-33-Service,40700
15605,Application-36,M_Req,missing_destination,61,Application-36-Service,EndDevice-36,Application-36-Service,40700
15622,Application-38,M_Req,missing_destination,63,Application-38-Service,EndDevice-38,Application-38-Service,40700
15623,Application-23,M_Req,missing_destination,48,Application-23-Service,EndDevice-23,Application-23-Service,40700
15624,Application-2,M_Req,missing_destination,27,Application-2-Service,EndDevice-2,Application-2-Service,40700
15626,Application-35,M_Req,missing_destination,60,Application-35-Service,EndDevice-35,Application-35-Service,40700
15630,Application-40,M_Req,missing_destination,65,Application-40-Service,EndDevice-40,Application-40-Service,40800
15633,Application-37,M_Req,missing_destination,62,Application-37-Service,EndDevice-37,Application-37-Service,40800
15634,Application-3,M_Req,missing_destination,28,Application-3-Service,EndDevice-3,Application-3-Service,40800
15635,Application-4,M_Req,missing_destination,29,Application-4-Service,EndDevice-4,Application-4-Service,40800
15642,Application-1,M_Req,missing_destination,26,Application-1-Service,EndDevice-1,Application-1-Service,40800
15643,Application-39,M_Req,missing_destination,64,Application-39-Service,EndDevice-39,Application-39-Service,40800
15648,Application-36,M_Req,missing_destination,61,Application-36-Service,EndDevice-36,Application-36-Service,40800
15682,Application-3,M_Req,missing_destination,28,Application-3-Service,EndDevice-3,Application-3-Service,40900
15683,Application-4,M_Req,missing_destination,29,Application-4-Service,EndDevice-4,Application-4-Service,40900
15690,Application-1,M_Req,missing_destination,26,Application-1-Service,EndDevice-1,Application-1-Service,40900
15705,Application-32,M_Req,missing_destination,57,Application-32-Service,EndDevice-32,Application-32-Service,41000
15706,Application-13,M_Req,missing_destination,38,Application-13-Service,EndDevice-13,Application-13-Service,41000
15710,Application-38,M_Req,missing_destination,63,Application-38-Service,EndDevice-38,Application-38-Service,41000
15713,Application-15,M_Req,missing_destination,40,Application-15-Service,EndDevice-15,Application-15-Service,41000
15715,Application-29,M_Req,missing_destination,54,Application-29-Service,EndDevice-29,Application-29-Service,41000
15718,Application-16,M_Req,missing_destination,41,Application-16-Service,EndDevice-16,Application-16-Service,41000
15720,Application-28,M_Req,missing_destination,53,Application-28-Service,EndDevice-28,Application-28-Service,41000
15722,Application-31,M_Req,missing_destination,56,Application-31-Service,EndDevice-31,Application-31-Service,41000
15726,Application-4,M_Req,missing_destination,29,Application-4-Service,EndDevice-4,Application-4-Service,41000
15732,Application-1,M_Req,missing_destination,26,Application-1-Service,EndDevice-1,Application-1-Service,41000
15734,Application-14,M_Req,missing_destination,39,Application-14-Service,EndDevice-14,Application-14-Service,41000
15742,Application-30,M_Req,missing_destination,55,Application-30-Service,EndDevice-30,Application-30-Service,41100
15753,Application-32,M_Req,missing_destination,57,Application-32-Service,EndDevice-32,Application-32-Service,41100
15754,Application-13,M_Req,missing_destination,38,Application-13-Service,EndDevice-13,Application-13-Service,41100
15758,Application-38,M_Req,missing_destination,63,Application-38-Service,EndDevice-38,Application-38-Service,41100
15761,Application-15,M_Req,missing_destination,40,Application-15-Service,EndDevice-15,Application-15-Service,41100
15763,Application-29,M_Req,missing_destination,54,Application-29-Service,EndDevice-29,Application-29-Service,41100
15766,Application-16,M_Req,missing_destination,41,Application-16-Service,EndDevice-16,Application-16-Service,41100
15768,Application-28,M_Req,missing_destination,53,Application-28-Service,EndDevice-28,Application-28-Service,41100
15770,Application-31,M_Req,missing_destination,56,Application-31-Service,EndDevice-31,Application-31-Service,41100
15774,Application-4,M_Req,missing_destination,29,Application-4-Service,EndDevice-4,Application-4-Service,41100
15780,Application-1,M_Req,missing_destination,26,Application-1-Service,EndDevice-1,Application-1-Service,41100
15782,Application-14,M_Req,missing_destination,39,Application-14-Service,EndDevice-14,Application-14-Service,41100
15789,Application-30,M_Req,missing_destination,55,Application-30-Service,EndDevice-30,Application-30-Service,41200
15798,Application-32,M_Req,missing_destination,57,Application-32-Service,EndDevice-32,Application-32-Service,41200
15799,Application-13,M_Req,missing_destination,38,Application-13-Service,EndDevice-13,Application-13-Service,41200
15803,Application-38,M_Req,missing_destination,63,Application-38-Service,EndDevice-38,Application-38-Service,41200
15805,Application-15,M_Req,missing_destination,40,Application-15-Service,EndDevice-15,Application-15-Service,41200
15807,Application-29,M_Req,missing_destination,54,Application-29-Service,EndDevice-29,Application-29-Service,41200
15809,Application-16,M_Req,missing_destination,41,Application-16-Service,EndDevice-16,Application-16-Service,41200
15810,Application-28,M_Req,missing_destination,53,Application-28-Service,EndDevice-28,Application-28-Service,41200
15812,Application-31,M_Req,missing_destination,56,Application-31-Service,EndDevice-31,Application-31-Service,41200
15819,Application-5,M_Req,missing_destination,30,Application-5-Service,EndDevice-5,Application-5-Service,41300
15825,Application-7,M_Req,missing_destination,32,Application-7-Service,EndDevice-7,Application-7-Service,41300
15827,Application-14,M_Req,missing_destination,39,Application-14-Service,EndDevice-14,Application-14-Service,41300
15828,Application-21,M_Req,missing_destination,46,Application-21-Service,EndDevice-21,Application-21-Service,41300
15831,Application-6,M_Req,missing_destination,31,Application-6-Service,EndDevice-6,Application-6-Service,41300
15835,Application-8,M_Req,missing_destination,33,Application-8-Service,EndDevice-8,Application-8-Service,41300
15837,Application-30,M_Req,missing_destination,55,Application-30-Service,EndDevice-30,Application-30-Service,41300
15840,Application-3,M_Req,missing_destination,28,Application-3-Service,EndDevice-3,Application-3-Service,41300
15843,Application-24,M_Req,missing_destination,49,Application-24-Service,EndDevice-24,Application-24-Service,41300
15846,Application-32,M_Req,missing_destination,57,Application-32-Service,EndDevice-32,Application-32-Service,41300
15847,Application-13,M_Req,missing_destination,38,Application-13-Service,EndDevice-13,Application-13-Service,41300
15849,Application-22,M_Req,missing_destination,47,Application-22-Service,EndDevice-22,Application-22-Service,41300
15851,Application-38,M_Req,missing_destination,63,Application-38-Service,EndDevice-38,Application-38-Service,41300
15852,Application-23,M_Req,missing_destination,48,Application-23-Service,EndDevice-23,Application-23-Service,41300
15853,Application-15,M_Req,missing_destination,40,Application-15-Service,EndDevice-15,Application-15-Service,41300
15855,Application-29,M_Req,missing_destination,54,Application-29-Service,EndDevice-29,Application-29-Service,41300
15857,Application-16,M_Req,missing_destination,41,Application-16-Service,EndDevice-16,Application-16-Service,41300
15858,Application-28,M_Req,missing_destination,53,Application-28-Service,EndDevice-28,Application-28-Service,41300
15860,Application-31,M_Req,missing_destination,56,Application-31-Service,EndDevice-31,Application-31-Service,41300
15866,Application-5,M_Req,missing_destination,30,Application-5-Service,EndDevice-5,Application-5-Service,41400
15871,Application-7,M_Req,missing_destination,32,Application-7-Service,EndDevice-7,Application-7-Service,41400
15873,Application-14,M_Req,missing_destination,39,Application-14-Service,EndDevice-14,Application-14-Service,41400
15874,Application-21,M_Req,missing_destination,46,Application-21-Service,EndDevice-21,Application-21-Service,41400
15876,Application-6,M_Req,missing_destination,31,Application-6-Service,EndDevice-6,Application-6-Service,41400
15879,Application-30,M_Req,missing_destination,55,Application-30-Service,EndDevice-30,Application-30-Service,41400
15882,Application-3,M_Req,missing_destination,28,Application-3-Service,EndDevice-3,Application-3-Service,41400
15885,Application-24,M_Req,missing_destination,49,Application-24-Service,EndDevice-24,Application-24-Service,41400
15921,Application-14,M_Req,missing_destination,39,Application-14-Service,EndDevice-14,Application-14-Service,41500
15922,Application-21,M_Req,missing_destination,46,Application-21-Service,EndDevice-21,Application-21-Service,41500
15927,Application-30,M_Req,missing_destination,55,Application-30-Service,EndDevice-30,Application-30-Service,41500
15930,Application-3,M_Req,missing_destination,28,Application-3-Service,EndDevice-3,Application-3-Service,41500
15933,Application-24,M_Req,missing_destination,49,Application-24-Service,EndDevice-24,Application-24-Service,41500
15935,Application-32,M_Req,missing_destination,57,Application-32-Service,EndDevice-32,Application-32-Service,41600
15941,Application-9,M_Req,missing_destination,34,Application-9-Service,EndDevice-9,Application-9-Service,41600
15943,Application-41,M_Req,missing_destination,66,Application-41-Service,EndDevice-41,Application-41-Service,41600
15945,Application-11,M_Req,missing_destination,36,Application-11-Service,EndDevice-11,Application-11-Service,41600
15949,Application-22,M_Req,missing_destination,47,Application-22-Service,EndDevice-22,Application-22-Service,41600
15951,Application-10,M_Req,missing_destination,35,Application-10-Service,EndDevice-10,Application-10-Service,41600
15962,Application-14,M_Req,missing_destination,39,Application-14-Service,EndDevice-14,Application-14-Service,41600
15963,Application-21,M_Req,missing_destination,46,Application-21-Service,EndDevice-21,Application-21-Service,41600
15967,Application-44,M_Req,missing_destination,69,Application-44-Service,EndDevice-44,Application-44-Service,41700
15969,Application-43,M_Req,missing_destination,68,Application-43-Service,EndDevice-43,Application-43-Service,41700
15983,Application-32,M_Req,missing_destination,57,Application-32-Service,EndDevice-32,Application-32-Service,41700
15989,Application-9,M_Req,missing_destination,34,Application-9-Service,EndDevice-9,Application-9-Service,41700
15991,Application-41,M_Req,missing_destination,66,Application-41-Service,EndDevice-41,Application-41-Service,41700
15993,Application-11,M_Req,missing_destination,36,Application-11-Service,EndDevice-11,Application-11-Service,41700
15997,Application-22,M_Req,missing_destination,47,Application-22-Service,EndDevice-22,Application-22-Service,41700
15999,Application-10,M_Req,missing_destination,35,Application-10-Service,EndDevice-10,Application-10-Service,41700
16010,Application-14,M_Req,missing_destination,39,Application-14-Service,EndDevice-14,Application-14-Service,41700
16011,Application-21,M_Req,missing_destination,46,Application-21-Service,EndDevice-21,Application-21-Service,41700
16015,Application-44,M_Req,missing_destination,69,Application-44-Service,EndDevice-44,Application-44-Service,41800
16017,Application-43,M_Req,missing_destination,68,Application-43-Service,EndDevice-43,Application-43-Service,41800
16028,Application-32,M_Req,missing_destination,57,Application-32-Service,EndDevice-32,Application-32-Service,41800
16035,Application-41,M_Req,missing_destination,66,Application-41-Service,EndDevice-41,Application-41-Service,41800
16040,Application-22,M_Req,missing_destination,47,Application-22-Service,EndDevice-22,Application-22-Service,41800
16043,Application-48,M_Req,missing_destination,73,Application-48-Service,EndDevice-48,Application-48-Service,41900
16052,Application-47,M_Req,missing_destination,72,Application-47-Service,EndDevice-47,Application-47-Service,41900
16058,Application-33,M_Req,missing_destination,58,Application-33-Service,EndDevice-33,Application-33-Service,41900
16062,Application-36,M_Req,missing_destination,61,Application-36-Service,EndDevice-36,Application-36-Service,41900
16063,Application-44,M_Req,missing_destination,69,Application-44-Service,EndDevice-44,Application-44-Service,41900
16065,Application-43,M_Req,missing_destination,68,Application-43-Service,EndDevice-43,Application-43-Service,41900
16066,Application-46,M_Req,missing_destination,71,Application-46-Service,EndDevice-46,Application-46-Service,41900
16074,Application-34,M_Req,missing_destination,59,Application-34-Service,EndDevice-34,Application-34-Service,41900
16075,Application-29,M_Req,missing_destination,54,Application-29-Service,EndDevice-29,Application-29-Service,41900
16076,Application-32,M_Req,missing_destination,57,Application-32-Service,EndDevice-32,Application-32-Service,41900
16078,Application-45,M_Req,missing_destination,70,Application-45-Service,EndDevice-45,Application-45-Service,41900
16080,Application-35,M_Req,missing_destination,60,Application-35-Service,EndDevice-35,Application-35-Service,41900
16083,Application-41,M_Req,missing_destination,66,Application-41-Service,EndDevice-41,Application-41-Service,41900
16084,Application-31,M_Req,missing_destination,56,Application-31-Service,EndDevice-31,Application-31-Service,41900
16087,Application-8,M_Req,missing_destination,33,Application-8-Service,EndDevice-8,Application-8-Service,41900
16088,Application-22,M_Req,missing_destination,47,Application-22-Service,EndDevice-22,Application-22-Service,41900
16091,Application-48,M_Req,missing_destination,73,Application-48-Service,EndDevice-48,Application-48-Service,42000
16098,Application-47,M_Req,missing_destination,72,Application-47-Service,EndDevice-47,Application-47-Service,42000
16102,Application-33,M_Req,missing_destination,58,Application-33-Service,EndDevice-33,Application-33-Service,42000
16105,Application-36,M_Req,missing_destination,61,Application-36-Service,EndDevice-36,Application-36-Service,42000
16106,Application-44,M_Req,missing_destination,69,Application-44-Service,EndDevice-44,Application-44-Service,42000
16108,Application-43,M_Req,missing_destination,68,Application-43-Service,EndDevice-43,Application-43-Service,42000
16109,Application-46,M_Req,missing_destination,71,Application-46-Service,EndDevice-46,Application-46-Service,42000
16139,Application-48,M_Req,missing_destination,73,Application-48-Service,EndDevice-48,Application-48-Service,42100
16146,Application-47,M_Req,missing_destination,72,Application-47-Service,EndDevice-47,Application-47-Service,42100
16154,Application-44,M_Req,missing_destination,69,Application-44-Service,EndDevice-44,Application-44-Service,42100
16156,Application-43,M_Req,missing_destination,68,Application-43-Service,EndDevice-43,Application-43-Service,42100
16157,Application-46,M_Req,missing_destination,71,Application-46-Service,EndDevice-46,Application-46-Service,42100
16166,Application-13,M_Req,missing_destination,38,Application-13-Service,EndDevice-13,Application-13-Service,42200
16168,Application-15,M_Req,missing_destination,40,Application-15-Service,EndDevice-15,Application-15-Service,42200
16170,Application-41,M_Req,missing_destination,66,Application-41-Service,EndDevice-41,Application-41-Service,42200
16177,Application-34,M_Req,missing_destination,59,Application-34-Service,EndDevice-34,Application-34-Service,42200
16183,Application-48,M_Req,missing_destination,73,Application-48-Service,EndDevice-48,Application-48-Service,42200
16184,Application-5,M_Req,missing_destination,30,Application-5-Service,EndDevice-5,Application-5-Service,42200
16187,Application-7,M_Req,missing_destination,32,Application-7-Service,EndDevice-7,Application-7-Service,42200
16188,Application-14,M_Req,missing_destination,39,Application-14-Service,EndDevice-14,Application-14-Service,42200
16189,Application-21,M_Req,missing_destination,46,Application-21-Service,EndDevice-21,Application-21-Service,42200
16190,Application-47,M_Req,missing_destination,72,Application-47-Service,EndDevice-47,Application-47-Service,42200
16192,Application-16,M_Req,missing_destination,41,Application-16-Service,EndDevice-16,Application-16-Service,42200
16196,Application-44,M_Req,missing_destination,69,Application-44-Service,EndDevice-44,Application-44-Service,42300
16214,Application-13,M_Req,missing_destination,38,Application-13-Service,EndDevice-13,Application-13-Service,42300
16216,Application-15,M_Req,missing_destination,40,Application-15-Service,EndDevice-15,Application-15-Service,42300
16218,Application-41,M_Req,missing_destination,66,Application-41-Service,EndDevice-41,Application-41-Service,42300
16225,Application-34,M_Req,missing_destination,59,Application-34-Service,EndDevice-34,Application-34-Service,42300
16231,Application-48,M_Req,missing_destination,73,Application-48-Service,EndDevice-48,Application-48-Service,42300
16232,Application-5,M_Req,missing_destination,30,Application-5-Service,EndDevice-5,Application-5-Service,42300
16235,Application-7,M_Req,missing_destination,32,Application-7-Service,EndDevice-7,Application-7-Service,42300
16236,Application-14,M_Req,missing_destination,39,Application-14-Service,EndDevice-14,Application-14-Service,42300
16237,Application-21,M_Req,missing_destination,46,Application-21-Service,EndDevice-21,Application-21-Service,42300
16238,Application-47,M_Req,missing_destination,72,Application-47-Service,EndDevice-47,Application-47-Service,42300
16240,Application-16,M_Req,missing_destination,41,Application-16-Service,EndDevice-16,Application-16-Service,42300
16244,Application-44,M_Req,missing_destination,69,Application-44-Service,EndDevice-44,Application-44-Service,42400
16259,Application-13,M_Req,missing_destination,38,Application-13-Service,EndDevice-13,Application-13-Service,42400
16261,Application-15,M_Req,missing_destination,40,Application-15-Service,EndDevice-15,Application-15-Service,42400
16263,Application-41,M_Req,missing_destination,66,Application-41-Service,EndDevice-41,Application-41-Service,42400
16268,Application-34,M_Req,missing_destination,59,Application-34-Service,EndDevice-34,Application-34-Service,42400
16275,Application-40,M_Req,missing_destination,65,Application-40-Service,EndDevice-40,Application-40-Service,42500
16284,Application-16,M_Req,missing_destination,41,Application-16-Service,EndDevice-16,Application-16-Service,42500
16285,Application-38,M_Req,missing_destination,63,Application-38-Service,EndDevice-38,Application-38-Service,42500
16286,Application-19,M_Req,missing_destination,44,Application-19-Service,EndDevice-19,Application-19-Service,42500
16292,Application-44,M_Req,missing_destination,69,Application-44-Service,EndDevice-44,Application-44-Service,42500
16299,Application-17,M_Req,missing_destination,42,Application-17-Service,EndDevice-17,Application-17-Service,42500
16303,Application-8,M_Req,missing_destination,33,Application-8-Service,EndDevice-8,Application-8-Service,42500
16304,Application-37,M_Req,missing_destination,62,Application-37-Service,EndDevice-37,Application-37-Service,42500
16307,Application-13,M_Req,missing_destination,38,Application-13-Service,EndDevice-13,Application-13-Service,42500
16309,Application-15,M_Req,missing_destination,40,Application-15-Service,EndDevice-15,Application-15-Service,42500
16311,Application-41,M_Req,missing_destination,66,Application-41-Service,EndDevice-41,Application-41-Service,42500
16316,Application-34,M_Req,missing_destination,59,Application-34-Service,EndDevice-34,Application-34-Service,42500
16317,Application-18,M_Req,missing_destination,43,Application-18-Service,EndDevice-18,Application-18-Service,42500
16318,Application-20,M_Req,missing_destination,45,Application-20-Service,EndDevice-20,Application-20-Service,42500
16319,Application-39,M_Req,missing_destination,64,Application-39-Service,EndDevice-39,Application-39-Service,42500
16322,Application-40,M_Req,missing_destination,65,Application-40-Service,EndDevice-40,Application-40-Service,42600
16331,Application-16,M_Req,missing_destination,41,Application-16-Service,EndDevice-16,Application-16-Service,42600
16332,Application-38,M_Req,missing_destination,63,Application-38-Service,EndDevice-38,Application-38-Service,42600
16333,Application-19,M_Req,missing_destination,44,Application-19-Service,EndDevice-19,Application-19-Service,42600
16338,Application-44,M_Req,missing_destination,69,Application-44-Service,EndDevice-44,Application-44-Service,42600
16345,Application-17,M_Req,missing_destination,42,Application-17-Service,EndDevice-17,Application-17-Service,42600
16347,Application-8,M_Req,missing_destination,33,Application-8-Service,EndDevice-8,Application-8-Service,42600
16386,Application-44,M_Req,missing_destination,69,Application-44-Service,EndDevice-44,Application-44-Service,42700
16397,Application-32,M_Req,missing_destination,57,Application-32-Service,EndDevice-32,Application-32-Service,42800
16399,Application-15,M_Req,missing_destination,40,Application-15-Service,EndDevice-15,Application-15-Service,42800
16406,Application-45,M_Req,missing_destination,70,Application-45-Service,EndDevice-45,Application-45-Service,42800
16411,Application-37,M_Req,missing_destination,62,Application-37-Service,EndDevice-37,Application-37-Service,42800
16420,Application-31,M_Req,missing_destination,56,Application-31-Service,EndDevice-31,Application-31-Service,42800
16429,Application-30,M_Req,missing_destination,55,Application-30-Service,EndDevice-30,Application-30-Service,42900
16445,Application-32,M_Req,missing_destination,57,Application-32-Service,EndDevice-32,Application-32-Service,42900
16447,Application-15,M_Req,missing_destination,40,Application-15-Service,EndDevice-15,Application-15-Service,42900
16454,Application-45,M_Req,missing_destination,70,Application-45-Service,EndDevice-45,Application-45-Service,42900
16459,Application-37,M_Req,missing_destination,62,Application-37-Service,EndDevice-37,Application-37-Service,42900
16468,Application-31,M_Req,missing_destination,56,Application-31-Service,EndDevice-31,Application-31-Service,42900
16496,Application-45,M_Req,missing_destination,70,Application-45-Service,EndDevice-45,Application-45-Service,43000
16502,Application-48,M_Req,missing_destination,73,Application-48-Service,EndDevice-48,Application-48-Service,43100
16506,Application-47,M_Req,missing_destination,72,Application-47-Service,EndDevice-47,Application-47-Service,43100
16507,Application-23,M_Req,missing_destination,48,Application-23-Service,EndDevice-23,Application-23-Service,43100
16519,Application-46,M_Req,missing_destination,71,Application-46-Service,EndDevice-46,Application-46-Service,43100
16524,Application-44,M_Req,missing_destination,69,Application-44-Service,EndDevice-44,Application-44-Service,43100
16525,Application-43,M_Req,missing_destination,68,Application-43-Service,EndDevice-43,Application-43-Service,43100
16530,Application-21,M_Req,missing_destination,46,Application-21-Service,EndDevice-21,Application-21-Service,43100
16534,Application-42,M_Req,missing_destination,67,Application-42-Service,EndDevice-42,Application-42-Service,43100
16536,Application-13,M_Req,missing_destination,38,Application-13-Service,EndDevice-13,Application-13-Service,43100
16539,Application-22,M_Req,missing_destination,47,Application-22-Service,EndDevice-22,Application-22-Service,43100
16544,Application-45,M_Req,missing_destination,70,Application-45-Service,EndDevice-45,Application-45-Service,43100
16547,Application-24,M_Req,missing_destination,49,Application-24-Service,EndDevice-24,Application-24-Service,43100
16548,Application-41,M_Req,missing_destination,66,Application-41-Service,EndDevice-41,Application-41-Service,43100
16550,Application-48,M_Req,missing_destination,73,Application-48-Service,EndDevice-48,Application-48-Service,43200
16554,Application-47,M_Req,missing_destination,72,Application-47-Service,EndDevice-47,Application-47-Service,43200
16555,Application-23,M_Req,missing_destination,48,Application-23-Service,EndDevice-23,Application-23-Service,43200
16563,Application-46,M_Req,missing_destination,71,Application-46-Service,EndDevice-46,Application-46-Service,43200
16566,Application-44,M_Req,missing_destination,69,Application-44-Service,EndDevice-44,Application-44-Service,43200
16567,Application-43,M_Req,missing_destination,68,Application-43-Service,EndDevice-43,Application-43-Service,43200
16572,Application-21,M_Req,missing_destination,46,Application-21-Service,EndDevice-21,Application-21-Service,43200
16576,Application-42,M_Req,missing_destination,67,Application-42-Service,EndDevice-42,Application-42-Service,43200
16602,Application-47,M_Req,missing_destination,72,Application-47-Service,EndDevice-47,Application-47-Service,43300
16603,Application-23,M_Req,missing_destination,48,Application-23-Service,EndDevice-23,Application-23-Service,43300
16611,Application-46,M_Req,missing_destination,71,Application-46-Service,EndDevice-46,Application-46-Service,43300
16620,Application-21,M_Req,missing_destination,46,Application-21-Service,EndDevice-21,Application-21-Service,43300
16634,Application-34,M_Req,missing_destination,59,Application-34-Service,EndDevice-34,Application-34-Service,43400
16635,Application-36,M_Req,missing_destination,61,Application-36-Service,EndDevice-36,Application-36-Service,43400
16639,Application-48,M_Req,missing_destination,73,Application-48-Service,EndDevice-48,Application-48-Service,43400
16643,Application-47,M_Req,missing_destination,72,Application-47-Service,EndDevice-47,Application-47-Service,43400
16644,Application-23,M_Req,missing_destination,48,Application-23-Service,EndDevice-23,Application-23-Service,43400
16650,Application-46,M_Req,missing_destination,71,Application-46-Service,EndDevice-46,Application-46-Service,43400
16653,Application-44,M_Req,missing_destination,69,Application-44-Service,EndDevice-44,Application-44-Service,43500
16654,Application-43,M_Req,missing_destination,68,Application-43-Service,EndDevice-43,Application-43-Service,43500
16663,Application-42,M_Req,missing_destination,67,Application-42-Service,EndDevice-42,Application-42-Service,43500
16682,Application-34,M_Req,missing_destination,59,Application-34-Service,EndDevice-34,Application-34-Service,43500
16683,Application-36,M_Req,missing_destination,61,Application-36-Service,EndDevice-36,Application-36-Service,43500
16687,Application-48,M_Req,missing_destination,73,Application-48-Service,EndDevice-48,Application-48-Service,43500
16691,Application-47,M_Req,missing_destination,72,Application-47-Service,EndDevice-47,Application-47-Service,43500
16692,Application-23,M_Req,missing_destination,48,Application-23-Service,EndDevice-23,Application-23-Service,43500
16698,Application-46,M_Req,missing_destination,71,Application-46-Service,EndDevice-46,Application-46-Service,43500
16725,Application-36,M_Req,missing_destination,61,Application-36-Service,EndDevice-36,Application-36-Service,43600
16730,Application-5,M_Req,missing_destination,30,Application-5-Service,EndDevice-5,Application-5-Service,43700
16731,Application-7,M_Req,missing_destination,32,Application-7-Service,EndDevice-7,Application-7-Service,43700
16732,Application-47,M_Req,missing_destination,72,Application-47-Service,EndDevice-47,Application-47-Service,43700
16735,Application-4,M_Req,missing_destination,29,Application-4-Service,EndDevice-4,Application-4-Service,43700
16738,Application-8,M_Req,missing_destination,33,Application-8-Service,EndDevice-8,Application-8-Service,43700
16746,Application-34,M_Req,missing_destination,59,Application-34-Service,EndDevice-34,Application-34-Service,43700
16747,Application-2,M_Req,missing_destination,27,Application-2-Service,EndDevice-2,Application-2-Service,43700
16754,Application-6,M_Req,missing_destination,31,Application-6-Service,EndDevice-6,Application-6-Service,43700
16756,Application-3,M_Req,missing_destination,28,Application-3-Service,EndDevice-3,Application-3-Service,43700
16757,Application-1,M_Req,missing_destination,26,Application-1-Service,EndDevice-1,Application-1-Service,43700
16763,Application-45,M_Req,missing_destination,70,Application-45-Service,EndDevice-45,Application-45-Service,43700
16765,Application-41,M_Req,missing_destination,66,Application-41-Service,EndDevice-41,Application-41-Service,43700
16766,Application-13,M_Req,missing_destination,38,Application-13-Service,EndDevice-13,Application-13-Service,43700
16771,Application-24,M_Req,missing_destination,49,Application-24-Service,EndDevice-24,Application-24-Service,43700
16773,Application-36,M_Req,missing_destination,61,Application-36-Service,EndDevice-36,Application-36-Service,43700
16778,Application-5,M_Req,missing_destination,30,Application-5-Service,EndDevice-5,Application-5-Service,43800
16779,Application-7,M_Req,missing_destination,32,Application-7-Service,EndDevice-7,Application-7-Service,43800
16783,Application-8,M_Req,missing_destination,33,Application-8-Service,EndDevice-8,Application-8-Service,43800
16790,Application-34,M_Req,missing_destination,59,Application-34-Service,EndDevice-34,Application-34-Service,43800
16791,Application-2,M_Req,missing_destination,27,Application-2-Service,EndDevice-2,Application-2-Service,43800
16796,Application-6,M_Req,missing_destination,31,Application-6-Service,EndDevice-6,Application-6-Service,43800
16798,Application-3,M_Req,missing_destination,28,Application-3-Service,EndDevice-3,Application-3-Service,43800
16799,Application-1,M_Req,missing_destination,26,Application-1-Service,EndDevice-1,Application-1-Service,43800
16805,Application-45,M_Req,missing_destination,70,Application-45-Service,EndDevice-45,Application-45-Service,43800
16807,Application-41,M_Req,missing_destination,66,Application-41-Service,EndDevice-41,Application-41-Service,43800
16857,Application-9,M_Req,missing_destination,34,Application-9-Service,EndDevice-9,Application-9-Service,44000
16864,Application-10,M_Req,missing_destination,35,Application-10-Service,EndDevice-10,Application-10-Service,44000
16866,Application-4,M_Req,missing_destination,29,Application-4-Service,EndDevice-4,Application-4-Service,44000
16868,Application-29,M_Req,missing_destination,54,Application-29-Service,EndDevice-29,Application-29-Service,44000
16869,Application-31,M_Req,missing_destination,56,Application-31-Service,EndDevice-31,Application-31-Service,44000
16870,Application-48,M_Req,missing_destination,73,Application-48-Service,EndDevice-48,Application-48-Service,44000
16873,Application-11,M_Req,missing_destination,36,Application-11-Service,EndDevice-11,Application-11-Service,44000
16877,Application-32,M_Req,missing_destination,57,Application-32-Service,EndDevice-32,Application-32-Service,44000
16880,Application-30,M_Req,missing_destination,55,Application-30-Service,EndDevice-30,Application-30-Service,44000
16890,Application-35,M_Req,missing_destination,60,Application-35-Service,EndDevice-35,Application-35-Service,44100
16905,Application-9,M_Req,missing_destination,34,Application-9-Service,EndDevice-9,Application-9-Service,44100
16912,Application-10,M_Req,missing_destination,35,Application-10-Service,EndDevice-10,Application-10-Service,44100
16914,Application-4,M_Req,missing_destination,29,Application-4-Service,EndDevice-4,Application-4-Service,44100
16916,Application-29,M_Req,missing_destination,54,Application-29-Service,EndDevice-29,Application-29-Service,44100
16917,Application-31,M_Req,missing_destination,56,Application-31-Service,EndDevice-31,Application-31-Service,44100
16918,Application-48,M_Req,missing_destination,73,Application-48-Service,EndDevice-48,Application-48-Service,44100
16921,Application-11,M_Req,missing_destination,36,Application-11-Service,EndDevice-11,Application-11-Service,44100
16925,Application-32,M_Req,missing_destination,57,Application-32-Service,EndDevice-32,Application-32-Service,44100
16928,Application-30,M_Req,missing_destination,55,Application-30-Service,EndDevice-30,Application-30-Service,44100
16965,Application-32,M_Req,missing_destination,57,Application-32-Service,EndDevice-32,Application-32-Service,44300
16977,Application-35,M_Req,missing_destination,60,Application-35-Service,EndDevice-35,Application-35-Service,44300
16981,Application-21,M_Req,missing_destination,46,Application-21-Service,EndDevice-21,Application-21-Service,44300
16984,Application-16,M_Req,missing_destination,41,Application-16-Service,EndDevice-16,Application-16-Service,44300
16985,Application-15,M_Req,missing_destination,40,Application-15-Service,EndDevice-15,Application-15-Service,44300
16987,Application-28,M_Req,missing_destination,53,Application-28-Service,EndDevice-28,Application-28-Service,44300
16990,Application-12,M_Req,missing_destination,37,Application-12-Service,EndDevice-12,Application-12-Service,44300
16991,Application-14,M_Req,missing_destination,39,Application-14-Service,EndDevice-14,Application-14-Service,44300
16993,Application-25,M_Req,missing_destination,50,Application-25-Service,EndDevice-25,Application-25-Service,44300
16994,Application-13,M_Req,missing_destination,38,Application-13-Service,EndDevice-13,Application-13-Service,44300
16997,Application-26,M_Req,missing_destination,51,Application-26-Service,EndDevice-26,Application-26-Service,44300
17001,Application-27,M_Req,missing_destination,52,Application-27-Service,EndDevice-27,Application-27-Service,44300
17012,Application-32,M_Req,missing_destination,57,Application-32-Service,EndDevice-32,Application-32-Service,44400
17021,Application-35,M_Req,missing_destination,60,Application-35-Service,EndDevice-35,Application-35-Service,44400
17024,Application-21,M_Req,missing_destination,46,Application-21-Service,EndDevice-21,Application-21-Service,44400
17027,Application-16,M_Req,missing_destination,41,Application-16-Service,EndDevice-16,Application-16-Service,44400
17028,Application-15,M_Req,missing_destination,40,Application-15-Service,EndDevice-15,Application-15-Service,44400
17029,Application-28,M_Req,missing_destination,53,Application-28-Service,EndDevice-28,Application-28-Service,44400
17032,Application-14,M_Req,missing_destination,39,Application-14-Service,EndDevice-14,Application-14-Service,44400
17034,Application-25,M_Req,missing_destination,50,Application-25-Service,EndDevice-25,Application-25-Service,44400
17069,Application-35,M_Req,missing_destination,60,Application-35-Service,EndDevice-35,Application-35-Service,44500
17072,Application-21,M_Req,missing_destination,46,Application-21-Service,EndDevice-21,Application-21-Service,44500
17077,Application-28,M_Req,missing_destination,53,Application-28-Service,EndDevice-28,Application-28-Service,44500
17082,Application-25,M_Req,missing_destination,50,Application-25-Service,EndDevice-25,Application-25-Service,44500
17091,Application-8,M_Req,missing_destination,33,Application-8-Service,EndDevice-8,Application-8-Service,44600
17100,Application-5,M_Req,missing_destination,30,Application-5-Service,EndDevice-5,Application-5-Service,44600
17101,Application-7,M_Req,missing_destination,32,Application-7-Service,EndDevice-7,Application-7-Service,44600
17106,Application-34,M_Req,missing_destination,59,Application-34-Service,EndDevice-34,Application-34-Service,44600
17112,Application-35,M_Req,missing_destination,60,Application-35-Service,EndDevice-35,Application-35-Service,44600
17114,Application-6,M_Req,missing_destination,31,Application-6-Service,EndDevice-6,Application-6-Service,44700
17121,Application-33,M_Req,missing_destination,58,Application-33-Service,EndDevice-33,Application-33-Service,44700
17139,Application-8,M_Req,missing_destination,33,Application-8-Service,EndDevice-8,Application-8-Service,44700
17148,Application-5,M_Req,missing_destination,30,Application-5-Service,EndDevice-5,Application-5-Service,44700
17149,Application-7,M_Req,missing_destination,32,Application-7-Service,EndDevice-7,Application-7-Service,44700
17154,Application-34,M_Req,missing_destination,59,Application-34-Service,EndDevice-34,Application-34-Service,44700
17160,Application-35,M_Req,missing_destination,60,Application-35-Service,EndDevice-35,Application-35-Service,44700
17162,Application-6,M_Req,missing_destination,31,Application-6-Service,EndDevice-6,Application-6-Service,44800
17195,Application-2,M_Req,missing_destination,27,Application-2-Service,EndDevice-2,Application-2-Service,44900
17203,Application-1,M_Req,missing_destination,26,Application-1-Service,EndDevice-1,Application-1-Service,44900
17204,Application-36,M_Req,missing_destination,61,Application-36-Service,EndDevice-36,Application-36-Service,44900
17210,Application-6,M_Req,missing_destination,31,Application-6-Service,EndDevice-6,Application-6-Service,44900
17211,Application-3,M_Req,missing_destination,28,Application-3-Service,EndDevice-3,Application-3-Service,44900
17216,Application-33,M_Req,missing_destination,58,Application-33-Service,EndDevice-33,Application-33-Service,44900
17228,Application-4,M_Req,missing_destination,29,Application-4-Service,EndDevice-4,Application-4-Service,44900
17234,Application-13,M_Req,missing_destination,38,Application-13-Service,EndDevice-13,Application-13-Service,44900
17243,Application-2,M_Req,missing_destination,27,Application-2-Service,EndDevice-2,Application-2-Service,45000
17251,Application-1,M_Req,missing_destination,26,Application-1-Service,EndDevice-1,Application-1-Service,45000
17252,Application-36,M_Req,missing_destination,61,Application-36-Service,EndDevice-36,Application-36-Service,45000
17257,Application-6,M_Req,missing_destination,31,Application-6-Service,EndDevice-6,Application-6-Service,45000
17258,Application-3,M_Req,missing_destination,28,Application-3-Service,EndDevice-3,Application-3-Service,45000
17261,Application-33,M_Req,missing_destination,58,Application-33-Service,EndDevice-33,Application-33-Service,45000
17291,Application-2,M_Req,missing_destination,27,Application-2-Service,EndDevice-2,Application-2-Service,45100
17299,Application-1,M_Req,missing_destination,26,Application-1-Service,EndDevice-1,Application-1-Service,45100
17305,Application-6,M_Req,missing_destination,31,Application-6-Service,EndDevice-6,Application-6-Service,45100
17306,Application-3,M_Req,missing_destination,28,Application-3-Service,EndDevice-3,Application-3-Service,45100
17315,Application-27,M_Req,missing_destination,52,Application-27-Service,EndDevice-27,Application-27-Service,45200
17318,Application-31,M_Req,missing_destination,56,Application-31-Service,EndDevice-31,Application-31-Service,45200
17336,Application-17,M_Req,missing_destination,42,Application-17-Service,EndDevice-17,Application-17-Service,45200
17339,Application-1,M_Req,missing_destination,26,Application-1-Service,EndDevice-1,Application-1-Service,45200
17341,Application-20,M_Req,missing_destination,45,Application-20-Service,EndDevice-20,Application-20-Service,45200
17342,Application-29,M_Req,missing_destination,54,Application-29-Service,EndDevice-29,Application-29-Service,45200
17344,Application-30,M_Req,missing_destination,55,Application-30-Service,EndDevice-30,Application-30-Service,45200
17346,Application-3,M_Req,missing_destination,28,Application-3-Service,EndDevice-3,Application-3-Service,45300
17348,Application-18,M_Req,missing_destination,43,Application-18-Service,EndDevice-18,Application-18-Service,45300
17363,Application-27,M_Req,missing_destination,52,Application-27-Service,EndDevice-27,Application-27-Service,45300
17366,Application-31,M_Req,missing_destination,56,Application-31-Service,EndDevice-31,Application-31-Service,45300
17384,Application-17,M_Req,missing_destination,42,Application-17-Service,EndDevice-17,Application-17-Service,45300
17387,Application-1,M_Req,missing_destination,26,Application-1-Service,EndDevice-1,Application-1-Service,45300
17389,Application-20,M_Req,missing_destination,45,Application-20-Service,EndDevice-20,Application-20-Service,45300
17390,Application-29,M_Req,missing_destination,54,Application-29-Service,EndDevice-29,Application-29-Service,45300
17392,Application-30,M_Req,missing_destination,55,Application-30-Service,EndDevice-30,Application-30-Service,45300
17394,Application-3,M_Req,missing_destination,28,Application-3-Service,EndDevice-3,Application-3-Service,45400
17395,Application-18,M_Req,missing_destination,43,Application-18-Service,EndDevice-18,Application-18-Service,45400
17407,Application-27,M_Req,missing_destination,52,Application-27-Service,EndDevice-27,Application-27-Service,45400
17421,Application-46,M_Req,missing_destination,71,Application-46-Service,EndDevice-46,Application-46-Service,45500
17423,Application-22,M_Req,missing_destination,47,Application-22-Service,EndDevice-22,Application-22-Service,45500
17426,Application-1,M_Req,missing_destination,26,Application-1-Service,EndDevice-1,Application-1-Service,45500
17428,Application-20,M_Req,missing_destination,45,Application-20-Service,EndDevice-20,Application-20-Service,45500
17434,Application-47,M_Req,missing_destination,72,Application-47-Service,EndDevice-47,Application-47-Service,45500
17438,Application-23,M_Req,missing_destination,48,Application-23-Service,EndDevice-23,Application-23-Service,45500
17442,Application-3,M_Req,missing_destination,28,Application-3-Service,EndDevice-3,Application-3-Service,45500
17443,Application-18,M_Req,missing_destination,43,Application-18-Service,EndDevice-18,Application-18-Service,45500
17446,Application-21,M_Req,missing_destination,46,Application-21-Service,EndDevice-21,Application-21-Service,45500
17453,Application-32,M_Req,missing_destination,57,Application-32-Service,EndDevice-32,Application-32-Service,45500
17454,Application-26,M_Req,missing_destination,51,Application-26-Service,EndDevice-26,Application-26-Service,45500
17455,Application-27,M_Req,missing_destination,52,Application-27-Service,EndDevice-27,Application-27-Service,45500
17460,Application-45,M_Req,missing_destination,70,Application-45-Service,EndDevice-45,Application-45-Service,45500
17464,Application-24,M_Req,missing_destination,49,Application-24-Service,EndDevice-24,Application-24-Service,45500
17465,Application-48,M_Req,missing_destination,73,Application-48-Service,EndDevice-48,Application-48-Service,45500
17469,Application-46,M_Req,missing_destination,71,Application-46-Service,EndDevice-46,Application-46-Service,45600
17471,Application-22,M_Req,missing_destination,47,Application-22-Service,EndDevice-22,Application-22-Service,45600
17474,Application-1,M_Req,missing_destination,26,Application-1-Service,EndDevice-1,Application-1-Service,45600
17476,Application-20,M_Req,missing_destination,45,Application-20-Service,EndDevice-20,Application-20-Service,45600
17482,Application-47,M_Req,missing_destination,72,Application-47-Service,EndDevice-47,Application-47-Service,45600
17486,Application-23,M_Req,missing_destination,48,Application-23-Service,EndDevice-23,Application-23-Service,45600
17488,Application-3,M_Req,missing_destination,28,Application-3-Service,EndDevice-3,Application-3-Service,45600
17489,Application-18,M_Req,missing_destination,43,Application-18-Service,EndDevice-18,Application-18-Service,45600
17495,Application-32,M_Req,missing_destination,57,Application-32-Service,EndDevice-32,Application-32-Service,45600
17517,Application-46,M_Req,missing_destination,71,Application-46-Service,EndDevice-46,Application-46-Service,45700
17530,Application-47,M_Req,missing_destination,72,Application-47-Service,EndDevice-47,Application-47-Service,45700
17547,Application-31,M_Req,missing_destination,56,Application-31-Service,EndDevice-31,Application-31-Service,45800
17550,Application-45,M_Req,missing_destination,70,Application-45-Service,EndDevice-45,Application-45-Service,45800
17557,Application-38,M_Req,missing_destination,63,Application-38-Service,EndDevice-38,Application-38-Service,45800
17559,Application-7,M_Req,missing_destination,32,Application-7-Service,EndDevice-7,Application-7-Service,45800
17560,Application-46,M_Req,missing_destination,71,Application-46-Service,EndDevice-46,Application-46-Service,45800
17562,Application-40,M_Req,missing_destination,65,Application-40-Service,EndDevice-40,Application-40-Service,45800
17563,Application-39,M_Req,missing_destination,64,Application-39-Service,EndDevice-39,Application-39-Service,45800
17570,Application-19,M_Req,missing_destination,44,Application-19-Service,EndDevice-19,Application-19-Service,45800
17572,Application-47,M_Req,missing_destination,72,Application-47-Service,EndDevice-47,Application-47-Service,45800
17582,Application-37,M_Req,missing_destination,62,Application-37-Service,EndDevice-37,Application-37-Service,45900
17595,Application-31,M_Req,missing_destination,56,Application-31-Service,EndDevice-31,Application-31-Service,45900
17598,Application-45,M_Req,missing_destination,70,Application-45-Service,EndDevice-45,Application-45-Service,45900
17605,Application-38,M_Req,missing_destination,63,Application-38-Service,EndDevice-38,Application-38-Service,45900
17607,Application-7,M_Req,missing_destination,32,Application-7-Service,EndDevice-7,Application-7-Service,45900
17608,Application-46,M_Req,missing_destination,71,Application-46-Service,EndDevice-46,Application-46-Service,45900
17610,Application-40,M_Req,missing_destination,65,Application-40-Service,EndDevice-40,Application-40-Service,45900
17611,Application-39,M_Req,missing_destination,64,Application-39-Service,EndDevice-39,Application-39-Service,45900
17618,Application-19,M_Req,missing_destination,44,Application-19-Service,EndDevice-19,Application-19-Service,45900
17620,Application-47,M_Req,missing_destination,72,Application-47-Service,EndDevice-47,Application-47-Service,45900
17646,Application-38,M_Req,missing_destination,63,Application-38-Service,EndDevice-38,Application-38-Service,46000
17651,Application-39,M_Req,missing_destination,64,Application-39-Service,EndDevice-39,Application-39-Service,46100
17653,Application-36,M_Req,missing_destination,61,Application-36-Service,EndDevice-36,Application-36-Service,46100
17656,Application-25,M_Req,missing_destination,50,Application-25-Service,EndDevice-25,Application-25-Service,46100
17666,Application-35,M_Req,missing_destination,60,Application-35-Service,EndDevice-35,Application-35-Service,46100
17672,Application-33,M_Req,missing_destination,58,Application-33-Service,EndDevice-33,Application-33-Service,46100
17679,Application-34,M_Req,missing_destination,59,Application-34-Service,EndDevice-34,Application-34-Service,46100
17680,Application-28,M_Req,missing_destination,53,Application-28-Service,EndDevice-28,Application-28-Service,46100
17683,Application-26,M_Req,missing_destination,51,Application-26-Service,EndDevice-26,Application-26-Service,46100
17684,Application-27,M_Req,missing_destination,52,Application-27-Service,EndDevice-27,Application-27-Service,46100
17690,Application-8,M_Req,missing_destination,33,Application-8-Service,EndDevice-8,Application-8-Service,46100
17694,Application-38,M_Req,missing_destination,63,Application-38-Service,EndDevice-38,Application-38-Service,46100
17699,Application-36,M_Req,missing_destination,61,Application-36-Service,EndDevice-36,Application-36-Service,46200
17702,Application-25,M_Req,missing_destination,50,Application-25-Service,EndDevice-25,Application-25-Service,46200
17711,Application-35,M_Req,missing_destination,60,Application-35-Service,EndDevice-35,Application-35-Service,46200
17716,Application-33,M_Req,missing_destination,58,Application-33-Service,EndDevice-33,Application-33-Service,46200
17721,Application-34,M_Req,missing_destination,59,Application-34-Service,EndDevice-34,Application-34-Service,46200
17750,Application-25,M_Req,missing_destination,50,Application-25-Service,EndDevice-25,Application-25-Service,46300
17774,Application-31,M_Req,missing_destination,56,Application-31-Service,EndDevice-31,Application-31-Service,46400
17776,Application-45,M_Req,missing_destination,70,Application-45-Service,EndDevice-45,Application-45-Service,46400
17782,Application-30,M_Req,missing_destination,55,Application-30-Service,EndDevice-30,Application-30-Service,46400
17787,Application-5,M_Req,missing_destination,30,Application-5-Service,EndDevice-5,Application-5-Service,46400
17788,Application-46,M_Req,missing_destination,71,Application-46-Service,EndDevice-46,Application-46-Service,46400
17790,Application-40,M_Req,missing_destination,65,Application-40-Service,EndDevice-40,Application-40-Service,46400
17791,Application-20,M_Req,missing_destination,45,Application-20-Service,EndDevice-20,Application-20-Service,46400
17793,Application-25,M_Req,missing_destination,50,Application-25-Service,EndDevice-25,Application-25-Service,46400
17802,Application-17,M_Req,missing_destination,42,Application-17-Service,EndDevice-17,Application-17-Service,46400
17803,Application-37,M_Req,missing_destination,62,Application-37-Service,EndDevice-37,Application-37-Service,46400
17806,Application-32,M_Req,missing_destination,57,Application-32-Service,EndDevice-32,Application-32-Service,46500
17822,Application-31,M_Req,missing_destination,56,Application-31-Service,EndDevice-31,Application-31-Service,46500
17824,Application-45,M_Req,missing_destination,70,Application-45-Service,EndDevice-45,Application-45-Service,46500
17830,Application-30,M_Req,missing_destination,55,Application-30-Service,EndDevice-30,Application-30-Service,46500
17835,Application-5,M_Req,missing_destination,30,Application-5-Service,EndDevice-5,Application-5-Service,46500
17836,Application-46,M_Req,missing_destination,71,Application-46-Service,EndDevice-46,Application-46-Service,46500
17838,Application-40,M_Req,missing_destination,65,Application-40-Service,EndDevice-40,Application-40-Service,46500
17839,Application-20,M_Req,missing_destination,45,Application-20-Service,EndDevice-20,Application-20-Service,46500
17841,Application-25,M_Req,missing_destination,50,Application-25-Service,EndDevice-25,Application-25-Service,46500
17850,Application-17,M_Req,missing_destination,42,Application-17-Service,EndDevice-17,Application-17-Service,46500
17851,Application-37,M_Req,missing_destination,62,Application-37-Service,EndDevice-37,Application-37-Service,46500
17878,Application-5,M_Req,missing_destination,30,Application-5-Service,EndDevice-5,Application-5-Service,46700
17887,Application-7,M_Req,missing_destination,32,Application-7-Service,EndDevice-7,Application-7-Service,46700
17888,Application-35,M_Req,missing_destination,60,Application-35-Service,EndDevice-35,Application-35-Service,46700
17891,Application-33,M_Req,missing_destination,58,Application-33-Service,EndDevice-33,Application-33-Service,46700
17904,Application-34,M_Req,missing_destination,59,Application-34-Service,EndDevice-34,Application-34-Service,46700
17909,Application-28,M_Req,missing_destination,53,Application-28-Service,EndDevice-28,Application-28-Service,46700
17911,Application-6,M_Req,missing_destination,31,Application-6-Service,EndDevice-6,Application-6-Service,46700
17912,Application-36,M_Req,missing_destination,61,Application-36-Service,EndDevice-36,Application-36-Service,46700
17918,Application-8,M_Req,missing_destination,33,Application-8-Service,EndDevice-8,Application-8-Service,46700
17926,Application-5,M_Req,missing_destination,30,Application-5-Service,EndDevice-5,Application-5-Service,46800
17932,Application-7,M_Req,missing_destination,32,Application-7-Service,EndDevice-7,Application-7-Service,46800
17933,Application-35,M_Req,missing_destination,60,Application-35-Service,EndDevice-35,Application-35-Service,46800
17936,Application-33,M_Req,missing_destination,58,Application-33-Service,EndDevice-33,Application-33-Service,46800
17946,Application-34,M_Req,missing_destination,59,Application-34-Service,EndDevice-34,Application-34-Service,46800
17950,Application-28,M_Req,missing_destination,53,Application-28-Service,EndDevice-28,Application-28-Service,46800
17952,Application-6,M_Req,missing_destination,31,Application-6-Service,EndDevice-6,Application-6-Service,46800
17953,Application-36,M_Req,missing_destination,61,Application-36-Service,EndDevice-36,Application-36-Service,46800
17981,Application-35,M_Req,missing_destination,60,Application-35-Service,EndDevice-35,Application-35-Service,46900
17984,Application-33,M_Req,missing_destination,58,Application-33-Service,EndDevice-33,Application-33-Service,46900
17994,Application-34,M_Req,missing_destination,59,Application-34-Service,EndDevice-34,Application-34-Service,46900
18001,Application-36,M_Req,missing_destination,61,Application-36-Service,EndDevice-36,Application-36-Service,46900
18009,Application-1,M_Req,missing_destination,26,Application-1-Service,EndDevice-1,Application-1-Service,47000
18010,Application-16,M_Req,missing_destination,41,Application-16-Service,EndDevice-16,Application-16-Service,47000
18011,Application-3,M_Req,missing_destination,28,Application-3-Service,EndDevice-3,Application-3-Service,47000
18014,Application-14,M_Req,missing_destination,39,Application-14-Service,EndDevice-14,Application-14-Service,47000
18018,Application-46,M_Req,missing_destination,71,Application-46-Service,EndDevice-46,Application-46-Service,47000
18020,Application-20,M_Req,missing_destination,45,Application-20-Service,EndDevice-20,Application-20-Service,47000
18021,Application-4,M_Req,missing_destination,29,Application-4-Service,EndDevice-4,Application-4-Service,47000
18024,Application-35,M_Req,missing_destination,60,Application-35-Service,EndDevice-35,Application-35-Service,47000
18025,Application-15,M_Req,missing_destination,40,Application-15-Service,EndDevice-15,Application-15-Service,47000
18026,Application-33,M_Req,missing_destination,58,Application-33-Service,EndDevice-33,Application-33-Service,47000
18032,Application-2,M_Req,missing_destination,27,Application-2-Service,EndDevice-2,Application-2-Service,47000
18035,Application-18,M_Req,missing_destination,43,Application-18-Service,EndDevice-18,Application-18-Service,47100
18057,Application-1,M_Req,missing_destination,26,Application-1-Service,EndDevice-1,Application-1-Service,47100
18058,Application-16,M_Req,missing_destination,41,Application-16-Service,EndDevice-16,Application-16-Service,47100
18059,Application-3,M_Req,missing_destination,28,Application-3-Service,EndDevice-3,Application-3-Service,47100
18062,Application-14,M_Req,missing_destination,39,Application-14-Service,EndDevice-14,Application-14-Service,47100
18066,Application-46,M_Req,missing_destination,71,Application-46-Service,EndDevice-46,Application-46-Service,47100
18068,Application-20,M_Req,missing_destination,45,Application-20-Service,EndDevice-20,Application-20-Service,47100
18069,Application-4,M_Req,missing_destination,29,Application-4-Service,EndDevice-4,Application-4-Service,47100
18072,Application-35,M_Req,missing_destination,60,Application-35-Service,EndDevice-35,Application-35-Service,47100
18073,Application-15,M_Req,missing_destination,40,Application-15-Service,EndDevice-15,Application-15-Service,47100
18074,Application-33,M_Req,missing_destination,58,Application-33-Service,EndDevice-33,Application-33-Service,47100
18080,Application-2,M_Req,missing_destination,27,Application-2-Service,EndDevice-2,Application-2-Service,47100
18102,Application-1,M_Req,missing_destination,26,Application-1-Service,EndDevice-1,Application-1-Service,47200
18103,Application-3,M_Req,missing_destination,28,Application-3-Service,EndDevice-3,Application-3-Service,47200
18114,Application-35,M_Req,missing_destination,60,Application-35-Service,EndDevice-35,Application-35-Service,47300
18117,Application-29,M_Req,missing_destination,54,Application-29-Service,EndDevice-29,Application-29-Service,47300
18120,Application-7,M_Req,missing_destination,32,Application-7-Service,EndDevice-7,Application-7-Service,47300
18124,Application-8,M_Req,missing_destination,33,Application-8-Service,EndDevice-8,Application-8-Service,47300
18129,Application-34,M_Req,missing_destination,59,Application-34-Service,EndDevice-34,Application-34-Service,47300
18135,Application-6,M_Req,missing_destination,31,Application-6-Service,EndDevice-6,Application-6-Service,47300
18138,Application-17,M_Req,missing_destination,42,Application-17-Service,EndDevice-17,Application-17-Service,47300
18139,Application-5,M_Req,missing_destination,30,Application-5-Service,EndDevice-5,Application-5-Service,47300
18140,Application-30,M_Req,missing_destination,55,Application-30-Service,EndDevice-30,Application-30-Service,47300
18141,Application-32,M_Req,missing_destination,57,Application-32-Service,EndDevice-32,Application-32-Service,47300
18145,Application-31,M_Req,missing_destination,56,Application-31-Service,EndDevice-31,Application-31-Service,47300
18150,Application-1,M_Req,missing_destination,26,Application-1-Service,EndDevice-1,Application-1-Service,47300
18151,Application-3,M_Req,missing_destination,28,Application-3-Service,EndDevice-3,Application-3-Service,47300
18161,Application-35,M_Req,missing_destination,60,Application-35-Service,EndDevice-35,Application-35-Service,47400
18164,Application-29,M_Req,missing_destination,54,Application-29-Service,EndDevice-29,Application-29-Service,47400
18166,Application-7,M_Req,missing_destination,32,Application-7-Service,EndDevice-7,Application-7-Service,47400
18169,Application-8,M_Req,missing_destination,33,Application-8-Service,EndDevice-8,Application-8-Service,47400
18178,Application-6,M_Req,missing_destination,31,Application-6-Service,EndDevice-6,Application-6-Service,47400
18180,Application-5,M_Req,missing_destination,30,Application-5-Service,EndDevice-5,Application-5-Service,47400
18181,Application-30,M_Req,missing_destination,55,Application-30-Service,EndDevice-30,Application-30-Service,47400
18182,Application-32,M_Req,missing_destination,57,Application-32-Service,EndDevice-32,Application-32-Service,47400
18239,Application-9,M_Req,missing_destination,34,Application-9-Service,EndDevice-9,Application-9-Service,47600
18242,Application-11,M_Req,missing_destination,36,Application-11-Service,EndDevice-11,Application-11-Service,47600
18244,Application-12,M_Req,missing_destination,37,Application-12-Service,EndDevice-12,Application-12-Service,47600
18251,Application-4,M_Req,missing_destination,29,Application-4-Service,EndDevice-4,Application-4-Service,47600
18256,Application-7,M_Req,missing_destination,32,Application-7-Service,EndDevice-7,Application-7-Service,47600
18259,Application-8,M_Req,missing_destination,33,Application-8-Service,EndDevice-8,Application-8-Service,47600
18262,Application-10,M_Req,missing_destination,35,Application-10-Service,EndDevice-10,Application-10-Service,47700
18266,Application-6,M_Req,missing_destination,31,Application-6-Service,EndDevice-6,Application-6-Service,47700
18267,Application-36,M_Req,missing_destination,61,Application-36-Service,EndDevice-36,Application-36-Service,47700
18268,Application-5,M_Req,missing_destination,30,Application-5-Service,EndDevice-5,Application-5-Service,47700
18287,Application-9,M_Req,missing_destination,34,Application-9-Service,EndDevice-9,Application-9-Service,47700
18290,Application-11,M_Req,missing_destination,36,Application-11-Service,EndDevice-11,Application-11-Service,47700
18292,Application-12,M_Req,missing_destination,37,Application-12-Service,EndDevice-12,Application-12-Service,47700
18299,Application-4,M_Req,missing_destination,29,Application-4-Service,EndDevice-4,Application-4-Service,47700
18304,Application-7,M_Req,missing_destination,32,Application-7-Service,EndDevice-7,Application-7-Service,47700
18307,Application-8,M_Req,missing_destination,33,Application-8-Service,EndDevice-8,Application-8-Service,47700
18310,Application-10,M_Req,missing_destination,35,Application-10-Service,EndDevice-10,Application-10-Service,47800
18314,Application-36,M_Req,missing_destination,61,Application-36-Service,EndDevice-36,Application-36-Service,47800
18332,Application-9,M_Req,missing_destination,34,Application-9-Service,EndDevice-9,Application-9-Service,47800
18333,Application-11,M_Req,missing_destination,36,Application-11-Service,EndDevice-11,Application-11-Service,47800
18335,Application-12,M_Req,missing_destination,37,Application-12-Service,EndDevice-12,Application-12-Service,47800
18349,Application-6,M_Req,missing_destination,31,Application-6-Service,EndDevice-6,Application-6-Service,47900
18358,Application-10,M_Req,missing_destination,35,Application-10-Service,EndDevice-10,Application-10-Service,47900
18362,Application-36,M_Req,missing_destination,61,Application-36-Service,EndDevice-36,Application-36-Service,47900
18363,Application-5,M_Req,missing_destination,30,Application-5-Service,EndDevice-5,Application-5-Service,47900
18380,Application-9,M_Req,missing_destination,34,Application-9-Service,EndDevice-9,Application-9-Service,47900
18381,Application-11,M_Req,missing_destination,36,Application-11-Service,EndDevice-11,Application-11-Service,47900
18383,Application-12,M_Req,missing_destination,37,Application-12-Service,EndDevice-12,Application-12-Service,47900
18396,Application-6,M_Req,missing_destination,31,Application-6-Service,EndDevice-6,Application-6-Service,48000
18404,Application-10,M_Req,missing_destination,35,Application-10-Service,EndDevice-10,Application-10-Service,48000
18407,Application-36,M_Req,missing_destination,61,Application-36-Service,EndDevice-36,Application-36-Service,48000
18408,Application-5,M_Req,missing_destination,30,Application-5-Service,EndDevice-5,Application-5-Service,48000
18452,Application-10,M_Req,missing_destination,35,Application-10-Service,EndDevice-10,Application-10-Service,48100
18455,Application-36,M_Req,missing_destination,61,Application-36-Service,EndDevice-36,Application-36-Service,48100
18465,Application-44,M_Req,missing_destination,69,Application-44-Service,EndDevice-44,Application-44-Service,48200
18469,Application-1,M_Req,missing_destination,26,Application-1-Service,EndDevice-1,Application-1-Service,48200
18470,Application-20,M_Req,missing_destination,45,Application-20-Service,EndDevice-20,Application-20-Service,48200
18472,Application-34,M_Req,missing_destination,59,Application-34-Service,EndDevice-34,Application-34-Service,48200
18473,Application-17,M_Req,missing_destination,42,Application-17-Service,EndDevice-17,Application-17-Service,48200
18479,Application-42,M_Req,missing_destination,67,Application-42-Service,EndDevice-42,Application-42-Service,48200
18481,Application-11,M_Req,missing_destination,36,Application-11-Service,EndDevice-11,Application-11-Service,48200
18489,Application-8,M_Req,missing_destination,33,Application-8-Service,EndDevice-8,Application-8-Service,48200
18493,Application-41,M_Req,missing_destination,66,Application-41-Service,EndDevice-41,Application-41-Service,48200
18496,Application-10,M_Req,missing_destination,35,Application-10-Service,EndDevice-10,Application-10-Service,48300
18497,Application-19,M_Req,missing_destination,44,Application-19-Service,EndDevice-19,Application-19-Service,48300
18513,Application-44,M_Req,missing_destination,69,Application-44-Service,EndDevice-44,Application-44-Service,48300
18517,Application-1,M_Req,missing_destination,26,Application-1-Service,EndDevice-1,Application-1-Service,48300
18518,Application-20,M_Req,missing_destination,45,Application-20-Service,EndDevice-20,Application-20-Service,48300
18520,Application-34,M_Req,missing_destination,59,Application-34-Service,EndDevice-34,Application-34-Service,48300
18521,Application-17,M_Req,missing_destination,42,Application-17-Service,EndDevice-17,Application-17-Service,48300
18527,Application-42,M_Req,missing_destination,67,Application-42-Service,EndDevice-42,Application-42-Service,48300
18529,Application-11,M_Req,missing_destination,36,Application-11-Service,EndDevice-11,Application-11-Service,48300
18537,Application-8,M_Req,missing_destination,33,Application-8-Service,EndDevice-8,Application-8-Service,48300
18541,Application-41,M_Req,missing_destination,66,Application-41-Service,EndDevice-41,Application-41-Service,48300
18573,Application-29,M_Req,missing_destination,54,Application-29-Service,EndDevice-29,Application-29-Service,48500
18582,Application-30,M_Req,missing_destination,55,Application-30-Service,EndDevice-30,Application-30-Service,48500
18590,Application-44,M_Req,missing_destination,69,Application-44-Service,EndDevice-44,Application-44-Service,48500
18592,Application-10,M_Req,missing_destination,35,Application-10-Service,EndDevice-10,Application-10-Service,48500
18597,Application-33,M_Req,missing_destination,58,Application-33-Service,EndDevice-33,Application-33-Service,48500
18598,Application-32,M_Req,missing_destination,57,Application-32-Service,EndDevice-32,Application-32-Service,48500
18606,Application-31,M_Req,missing_destination,56,Application-31-Service,EndDevice-31,Application-31-Service,48500
18617,Application-42,M_Req,missing_destination,67,Application-42-Service,EndDevice-42,Application-42-Service,48500
18618,Application-11,M_Req,missing_destination,36,Application-11-Service,EndDevice-11,Application-11-Service,48500
18621,Application-29,M_Req,missing_destination,54,Application-29-Service,EndDevice-29,Application-29-Service,48600
18629,Application-30,M_Req,missing_destination,55,Application-30-Service,EndDevice-30,Application-30-Service,48600
18635,Application-44,M_Req,missing_destination,69,Application-44-Service,EndDevice-44,Application-44-Service,48600
18637,Application-10,M_Req,missing_destination,35,Application-10-Service,EndDevice-10,Application-10-Service,48600
18640,Application-33,M_Req,missing_destination,58,Application-33-Service,EndDevice-33,Application-33-Service,48600
18641,Application-32,M_Req,missing_destination,57,Application-32-Service,EndDevice-32,Application-32-Service,48600
18669,Application-29,M_Req,missing_destination,54,Application-29-Service,EndDevice-29,Application-29-Service,48700
18677,Application-30,M_Req,missing_destination,55,Application-30-Service,EndDevice-30,Application-30-Service,48700
18688,Application-33,M_Req,missing_destination,58,Application-33-Service,EndDevice-33,Application-33-Service,48700
18689,Application-32,M_Req,missing_destination,57,Application-32-Service,EndDevice-32,Application-32-Service,48700
18699,Application-22,M_Req,missing_destination,47,Application-22-Service,EndDevice-22,Application-22-Service,48800
18713,Application-29,M_Req,missing_destination,54,Application-29-Service,EndDevice-29,Application-29-Service,48800
18720,Application-30,M_Req,missing_destination,55,Application-30-Service,EndDevice-30,Application-30-Service,48800
18723,Application-24,M_Req,missing_destination,49,Application-24-Service,EndDevice-24,Application-24-Service,48800
18724,Application-21,M_Req,missing_destination,46,Application-21-Service,EndDevice-21,Application-21-Service,48800
18725,Application-44,M_Req,missing_destination,69,Application-44-Service,EndDevice-44,Application-44-Service,48800
18728,Application-23,M_Req,missing_destination,48,Application-23-Service,EndDevice-23,Application-23-Service,48900
18729,Application-33,M_Req,missing_destination,58,Application-33-Service,EndDevice-33,Application-33-Service,48900
18731,Application-43,M_Req,missing_destination,68,Application-43-Service,EndDevice-43,Application-43-Service,48900
18747,Application-22,M_Req,missing_destination,47,Application-22-Service,EndDevice-22,Application-22-Service,48900
18761,Application-29,M_Req,missing_destination,54,Application-29-Service,EndDevice-29,Application-29-Service,48900
18768,Application-30,M_Req,missing_destination,55,Application-30-Service,EndDevice-30,Application-30-Service,48900
18771,Application-24,M_Req,missing_destination,49,Application-24-Service,EndDevice-24,Application-24-Service,48900
18772,Application-21,M_Req,missing_destination,46,Application-21-Service,EndDevice-21,Application-21-Service,48900
18773,Application-44,M_Req,missing_destination,69,Application-44-Service,EndDevice-44,Application-44-Service,48900
18775,Application-33,M_Req,missing_destination,58,Application-33-Service,EndDevice-33,Application-33-Service,49000
18777,Application-43,M_Req,missing_destination,68,Application-43-Service,EndDevice-43,Application-43-Service,49000
18802,Application-35,M_Req,missing_destination,60,Application-35-Service,EndDevice-35,Application-35-Service,49100
18808,Application-41,M_Req,missing_destination,66,Application-41-Service,EndDevice-41,Application-41-Service,49100
18810,Application-38,M_Req,missing_destination,63,Application-38-Service,EndDevice-38,Application-38-Service,49100
18811,Application-24,M_Req,missing_destination,49,Application-24-Service,EndDevice-24,Application-24-Service,49100
18814,Application-47,M_Req,missing_destination,72,Application-47-Service,EndDevice-47,Application-47-Service,49100
18817,Application-37,M_Req,missing_destination,62,Application-37-Service,EndDevice-37,Application-37-Service,49100
18819,Application-40,M_Req,missing_destination,65,Application-40-Service,EndDevice-40,Application-40-Service,49100
18823,Application-33,M_Req,missing_destination,58,Application-33-Service,EndDevice-33,Application-33-Service,49100
18825,Application-43,M_Req,missing_destination,68,Application-43-Service,EndDevice-43,Application-43-Service,49100
18829,Application-39,M_Req,missing_destination,64,Application-39-Service,EndDevice-39,Application-39-Service,49100
18834,Application-46,M_Req,missing_destination,71,Application-46-Service,EndDevice-46,Application-46-Service,49100
18837,Application-45,M_Req,missing_destination,70,Application-45-Service,EndDevice-45,Application-45-Service,49100
18838,Application-48,M_Req,missing_destination,73,Application-48-Service,EndDevice-48,Application-48-Service,49100
18850,Application-35,M_Req,missing_destination,60,Application-35-Service,EndDevice-35,Application-35-Service,49200
18856,Application-41,M_Req,missing_destination,66,Application-41-Service,EndDevice-41,Application-41-Service,49200
18858,Application-24,M_Req,missing_destination,49,Application-24-Service,EndDevice-24,Application-24-Service,49200
18860,Application-37,M_Req,missing_destination,62,Application-37-Service,EndDevice-37,Application-37-Service,49200
18862,Application-40,M_Req,missing_destination,65,Application-40-Service,EndDevice-40,Application-40-Service,49200
18865,Application-33,M_Req,missing_destination,58,Application-33-Service,EndDevice-33,Application-33-Service,49200
18866,Application-43,M_Req,missing_destination,68,Application-43-Service,EndDevice-43,Application-43-Service,49200
18870,Application-39,M_Req,missing_destination,64,Application-39-Service,EndDevice-39,Application-39-Service,49200
18874,Application-46,M_Req,missing_destination,71,Application-46-Service,EndDevice-46,Application-46-Service,49200
18898,Application-35,M_Req,missing_destination,60,Application-35-Service,EndDevice-35,Application-35-Service,49300
18906,Application-24,M_Req,missing_destination,49,Application-24-Service,EndDevice-24,Application-24-Service,49300
18922,Application-46,M_Req,missing_destination,71,Application-46-Service,EndDevice-46,Application-46-Service,49300
18929,Application-26,M_Req,missing_destination,51,Application-26-Service,EndDevice-26,Application-26-Service,49400
18931,Application-4,M_Req,missing_destination,29,Application-4-Service,EndDevice-4,Application-4-Service,49400
18934,Application-1,M_Req,missing_destination,26,Application-1-Service,EndDevice-1,Application-1-Service,49400
18939,Application-28,M_Req,missing_destination,53,Application-28-Service,EndDevice-28,Application-28-Service,49400
18940,Application-35,M_Req,missing_destination,60,Application-35-Service,EndDevice-35,Application-35-Service,49400
18941,Application-29,M_Req,missing_destination,54,Application-29-Service,EndDevice-29,Application-29-Service,49400
18944,Application-25,M_Req,missing_destination,50,Application-25-Service,EndDevice-25,Application-25-Service,49400
18946,Application-24,M_Req,missing_destination,49,Application-24-Service,EndDevice-24,Application-24-Service,49400
18954,Application-27,M_Req,missing_destination,52,Application-27-Service,EndDevice-27,Application-27-Service,49500
18956,Application-2,M_Req,missing_destination,27,Application-2-Service,EndDevice-2,Application-2-Service,49500
18960,Application-3,M_Req,missing_destination,28,Application-3-Service,EndDevice-3,Application-3-Service,49500
18977,Application-26,M_Req,missing_destination,51,Application-26-Service,EndDevice-26,Application-26-Service,49500
18979,Application-4,M_Req,missing_destination,29,Application-4-Service,EndDevice-4,Application-4-Service,49500
18982,Application-1,M_Req,missing_destination,26,Application-1-Service,EndDevice-1,Application-1-Service,49500
18987,Application-28,M_Req,missing_destination,53,Application-28-Service,EndDevice-28,Application-28-Service,49500
18988,Application-35,M_Req,missing_destination,60,Application-35-Service,EndDevice-35,Application-35-Service,49500
18989,Application-29,M_Req,missing_destination,54,Application-29-Service,EndDevice-29,Application-29-Service,49500
18992,Application-25,M_Req,missing_destination,50,Application-25-Service,EndDevice-25,Application-25-Service,49500
18994,Application-24,M_Req,missing_destination,49,Application-24-Service,EndDevice-24,Application-24-Service,49500
19002,Application-27,M_Req,missing_destination,52,Application-27-Service,EndDevice-27,Application-27-Service,49600
19028,Application-28,M_Req,missing_destination,53,Application-28-Service,EndDevice-28,Application-28-Service,49600
19036,Application-37,M_Req,missing_destination,62,Application-37-Service,EndDevice-37,Application-37-Service,49700
19038,Application-40,M_Req,missing_destination,65,Application-40-Service,EndDevice-40,Application-40-Service,49700
19039,Application-17,M_Req,missing_destination,42,Application-17-Service,EndDevice-17,Application-17-Service,49700
19050,Application-27,M_Req,missing_destination,52,Application-27-Service,EndDevice-27,Application-27-Service,49700
19051,Application-18,M_Req,missing_destination,43,Application-18-Service,EndDevice-18,Application-18-Service,49700
19053,Application-39,M_Req,missing_destination,64,Application-39-Service,EndDevice-39,Application-39-Service,49700
19056,Application-46,M_Req,missing_destination,71,Application-46-Service,EndDevice-46,Application-46-Service,49700
19060,Application-38,M_Req,missing_destination,63,Application-38-Service,EndDevice-38,Application-38-Service,49700
19066,Application-20,M_Req,missing_destination,45,Application-20-Service,EndDevice-20,Application-20-Service,49700
19070,Application-19,M_Req,missing_destination,44,Application-19-Service,EndDevice-19,Application-19-Service,49700
19076,Application-28,M_Req,missing_destination,53,Application-28-Service,EndDevice-28,Application-28-Service,49700
19084,Application-37,M_Req,missing_destination,62,Application-37-Service,EndDevice-37,Application-37-Service,49800
19086,Application-40,M_Req,missing_destination,65,Application-40-Service,EndDevice-40,Application-40-Service,49800
19087,Application-17,M_Req,missing_destination,42,Application-17-Service,EndDevice-17,Application-17-Service,49800
19096,Application-27,M_Req,missing_destination,52,Application-27-Service,EndDevice-27,Application-27-Service,49800
19097,Application-18,M_Req,missing_destination,43,Application-18-Service,EndDevice-18,Application-18-Service,49800
19099,Application-39,M_Req,missing_destination,64,Application-39-Service,EndDevice-39,Application-39-Service,49800
19101,Application-46,M_Req,missing_destination,71,Application-46-Service,EndDevice-46,Application-46-Service,49800
19103,Application-38,M_Req,missing_destination,63,Application-38-Service,EndDevice-38,Application-38-Service,49800
19132,Application-37,M_Req,missing_destination,62,Application-37-Service,EndDevice-37,Application-37-Service,49900
19134,Application-40,M_Req,missing_destination,65,Application-40-Service,EndDevice-40,Application-40-Service,49900
19135,Application-17,M_Req,missing_destination,42,Application-17-Service,EndDevice-17,Application-17-Service,49900
19145,Application-18,M_Req,missing_destination,43,Application-18-Service,EndDevice-18,Application-18-Service,49900
19147,Application-39,M_Req,missing_destination,64,Application-39-Service,EndDevice-39,Application-39-Service,49900
19149,Application-46,M_Req,missing_destination,71,Application-46-Service,EndDevice-46,Application-46-Service,49900
19151,Application-38,M_Req,missing_destination,63,Application-38-Service,EndDevice-38,Application-38-Service,49900
19156,Application-42,M_Req,missing_destination,67,Application-42-Service,EndDevice-42,Application-42-Service,50000
19159,Application-23,M_Req,missing_destination,48,Application-23-Service,EndDevice-23,Application-23-Service,50000
19164,Application-44,M_Req,missing_destination,69,Application-44-Service,EndDevice-44,Application-44-Service,50000
19167,Application-22,M_Req,missing_destination,47,Application-22-Service,EndDevice-22,Application-22-Service,50000
19172,Application-24,M_Req,missing_destination,49,Application-24-Service,EndDevice-24,Application-24-Service,50000
19173,Application-37,M_Req,missing_destination,62,Application-37-Service,EndDevice-37,Application-37-Service,50000
19174,Application-21,M_Req,missing_destination,46,Application-21-Service,EndDevice-21,Application-21-Service,50000
19175,Application-40,M_Req,missing_destination,65,Application-40-Service,EndDevice-40,Application-40-Service,50000
19176,Application-17,M_Req,missing_destination,42,Application-17-Service,EndDevice-17,Application-17-Service,50000
19189,Application-43,M_Req,missing_destination,68,Application-43-Service,EndDevice-43,Application-43-Service,50100
19204,Application-42,M_Req,missing_destination,67,Application-42-Service,EndDevice-42,Application-42-Service,50100
19207,Application-23,M_Req,missing_destination,48,Application-23-Service,EndDevice-23,Application-23-Service,50100
19212,Application-44,M_Req,missing_destination,69,Application-44-Service,EndDevice-44,Application-44-Service,50100
19215,Application-22,M_Req,missing_destination,47,Application-22-Service,EndDevice-22,Application-22-Service,50100
19220,Application-24,M_Req,missing_destination,49,Application-24-Service,EndDevice-24,Application-24-Service,50100
19221,Application-37,M_Req,missing_destination,62,Application-37-Service,EndDevice-37,Application-37-Service,50100
19222,Application-21,M_Req,missing_destination,46,Application-21-Service,EndDevice-21,Application-21-Service,50100
19223,Application-40,M_Req,missing_destination,65,Application-40-Service,EndDevice-40,Application-40-Service,50100
19224,Application-17,M_Req,missing_destination,42,Application-17-Service,EndDevice-17,Application-17-Service,50100
19236,Application-43,M_Req,missing_destination,68,Application-43-Service,EndDevice-43,Application-43-Service,50200
19249,Application-42,M_Req,missing_destination,67,Application-42-Service,EndDevice-42,Application-42-Service,50200
19255,Application-44,M_Req,missing_destination,69,Application-44-Service,EndDevice-44,Application-44-Service,50200
19268,Application-3,M_Req,missing_destination,28,Application-3-Service,EndDevice-3,Application-3-Service,50300
19269,Application-4,M_Req,missing_destination,29,Application-4-Service,EndDevice-4,Application-4-Service,50300
19281,Application-2,M_Req,missing_destination,27,Application-2-Service,EndDevice-2,Application-2-Service,50300
19284,Application-43,M_Req,missing_destination,68,Application-43-Service,EndDevice-43,Application-43-Service,50300
19294,Application-9,M_Req,missing_destination,34,Application-9-Service,EndDevice-9,Application-9-Service,50300
19297,Application-42,M_Req,missing_destination,67,Application-42-Service,EndDevice-42,Application-42-Service,50300
19301,Application-12,M_Req,missing_destination,37,Application-12-Service,EndDevice-12,Application-12-Service,50300
19302,Application-1,M_Req,missing_destination,26,Application-1-Service,EndDevice-1,Application-1-Service,50300
19303,Application-44,M_Req,missing_destination,69,Application-44-Service,EndDevice-44,Application-44-Service,50300
19304,Application-11,M_Req,missing_destination,36,Application-11-Service,EndDevice-11,Application-11-Service,50300
19305,Application-10,M_Req,missing_destination,35,Application-10-Service,EndDevice-10,Application-10-Service,50300
19315,Application-4,M_Req,missing_destination,29,Application-4-Service,EndDevice-4,Application-4-Service,50400
19325,Application-2,M_Req,missing_destination,27,Application-2-Service,EndDevice-2,Application-2-Service,50400
19328,Application-43,M_Req,missing_destination,68,Application-43-Service,EndDevice-43,Application-43-Service,50400
19334,Application-9,M_Req,missing_destination,34,Application-9-Service,EndDevice-9,Application-9-Service,50400
19363,Application-4,M_Req,missing_destination,29,Application-4-Service,EndDevice-4,Application-4-Service,50500
19373,Application-2,M_Req,missing_destination,27,Application-2-Service,EndDevice-2,Application-2-Service,50500
19388,Application-11,M_Req,missing_destination,36,Application-11-Service,EndDevice-11,Application-11-Service,50600
19396,Application-34,M_Req,missing_destination,59,Application-34-Service,EndDevice-34,Application-34-Service,50600
19400,Application-35,M_Req,missing_destination,60,Application-35-Service,EndDevice-35,Application-35-Service,50600
19405,Application-4,M_Req,missing_destination,29,Application-4-Service,EndDevice-4,Application-4-Service,50600
19409,Application-36,M_Req,missing_destination,61,Application-36-Service,EndDevice-36,Application-36-Service,50600
19413,Application-18,M_Req,missing_destination,43,Application-18-Service,EndDevice-18,Application-18-Service,50700
19421,Application-9,M_Req,missing_destination,34,Application-9-Service,EndDevice-9,Application-9-Service,50700
19422,Application-33,M_Req,missing_destination,58,Application-33-Service,EndDevice-33,Application-33-Service,50700
19436,Application-11,M_Req,missing_destination,36,Application-11-Service,EndDevice-11,Application-11-Service,50700
19444,Application-34,M_Req,missing_destination,59,Application-34-Service,EndDevice-34,Application-34-Service,50700
19448,Application-35,M_Req,missing_destination,60,Application-35-Service,EndDevice-35,Application-35-Service,50700
19453,Application-4,M_Req,missing_destination,29,Application-4-Service,EndDevice-4,Application-4-Service,50700
19457,Application-36,M_Req,missing_destination,61,Application-36-Service,EndDevice-36,Application-36-Service,50700
19467,Application-9,M_Req,missing_destination,34,Application-9-Service,EndDevice-9,Application-9-Service,50800
19489,Application-37,M_Req,missing_destination,62,Application-37-Service,EndDevice-37,Application-37-Service,50900
19490,Application-48,M_Req,missing_destination,73,Application-48-Service,EndDevice-48,Application-48-Service,50900
19492,Application-4,M_Req,missing_destination,29,Application-4-Service,EndDevice-4,Application-4-Service,50900
19496,Application-36,M_Req,missing_destination,61,Application-36-Service,EndDevice-36,Application-36-Service,50900
19500,Application-45,M_Req,missing_destination,70,Application-45-Service,EndDevice-45,Application-45-Service,50900
19505,Application-40,M_Req,missing_destination,65,Application-40-Service,EndDevice-40,Application-40-Service,50900
19510,Application-46,M_Req,missing_destination,71,Application-46-Service,EndDevice-46,Application-46-Service,50900
19512,Application-38,M_Req,missing_destination,63,Application-38-Service,EndDevice-38,Application-38-Service,50900
19515,Application-9,M_Req,missing_destination,34,Application-9-Service,EndDevice-9,Application-9-Service,50900
19520,Application-47,M_Req,missing_destination,72,Application-47-Service,EndDevice-47,Application-47-Service,50900
19524,Application-1,M_Req,missing_destination,26,Application-1-Service,EndDevice-1,Application-1-Service,50900
19530,Application-20,M_Req,missing_destination,45,Application-20-Service,EndDevice-20,Application-20-Service,50900
19531,Application-3,M_Req,missing_destination,28,Application-3-Service,EndDevice-3,Application-3-Service,50900
19532,Application-39,M_Req,missing_destination,64,Application-39-Service,EndDevice-39,Application-39-Service,50900
19536,Application-48,M_Req,missing_destination,73,Application-48-Service,EndDevice-48,Application-48-Service,51000
19538,Application-4,M_Req,missing_destination,29,Application-4-Service,EndDevice-4,Application-4-Service,51000
19545,Application-45,M_Req,missing_destination,70,Application-45-Service,EndDevice-45,Application-45-Service,51000
19548,Application-40,M_Req,missing_destination,65,Application-40-Service,EndDevice-40,Application-40-Service,51000
19552,Application-46,M_Req,missing_destination,71,Application-46-Service,EndDevice-46,Application-46-Service,51000
19554,Application-38,M_Req,missing_destination,63,Application-38-Service,EndDevice-38,Application-38-Service,51000
19557,Application-9,M_Req,missing_destination,34,Application-9-Service,EndDevice-9,Application-9-Service,51000
19562,Application-47,M_Req,missing_destination,72,Application-47-Service,EndDevice-47,Application-47-Service,51000
19586,Application-4,M_Req,missing_destination,29,Application-4-Service,EndDevice-4,Application-4-Service,51100
19596,Application-40,M_Req,missing_destination,65,Application-40-Service,EndDevice-40,Application-40-Service,51100
19602,Application-38,M_Req,missing_destination,63,Application-38-Service,EndDevice-38,Application-38-Service,51100
19615,Application-10,M_Req,missing_destination,35,Application-10-Service,EndDevice-10,Application-10-Service,51200
19623,Application-39,M_Req,missing_destination,64,Application-39-Service,EndDevice-39,Application-39-Service,51200
19624,Application-41,M_Req,missing_destination,66,Application-41-Service,EndDevice-41,Application-41-Service,51200
19634,Application-19,M_Req,missing_destination,44,Application-19-Service,EndDevice-19,Application-19-Service,51200
19637,Application-18,M_Req,missing_destination,43,Application-18-Service,EndDevice-18,Application-18-Service,51200
19638,Application-42,M_Req,missing_destination,67,Application-42-Service,EndDevice-42,Application-42-Service,51200
19639,Application-40,M_Req,missing_destination,65,Application-40-Service,EndDevice-40,Application-40-Service,51200
19644,Application-43,M_Req,missing_destination,68,Application-43-Service,EndDevice-43,Application-43-Service,51300
19646,Application-6,M_Req,missing_destination,31,Application-6-Service,EndDevice-6,Application-6-Service,51300
19648,Application-8,M_Req,missing_destination,33,Application-8-Service,EndDevice-8,Application-8-Service,51300
19663,Application-10,M_Req,missing_destination,35,Application-10-Service,EndDevice-10,Application-10-Service,51300
19671,Application-39,M_Req,missing_destination,64,Application-39-Service,EndDevice-39,Application-39-Service,51300
19672,Application-41,M_Req,missing_destination,66,Application-41-Service,EndDevice-41,Application-41-Service,51300
19682,Application-19,M_Req,missing_destination,44,Application-19-Service,EndDevice-19,Application-19-Service,51300
19685,Application-18,M_Req,missing_destination,43,Application-18-Service,EndDevice-18,Application-18-Service,51300
19686,Application-42,M_Req,missing_destination,67,Application-42-Service,EndDevice-42,Application-42-Service,51300
19687,Application-40,M_Req,missing_destination,65,Application-40-Service,EndDevice-40,Application-40-Service,51300
19692,Application-43,M_Req,missing_destination,68,Application-43-Service,EndDevice-43,Application-43-Service,51400
19694,Application-8,M_Req,missing_destination,33,Application-8-Service,EndDevice-8,Application-8-Service,51400
19706,Application-10,M_Req,missing_destination,35,Application-10-Service,EndDevice-10,Application-10-Service,51400
19713,Application-39,M_Req,missing_destination,64,Application-39-Service,EndDevice-39,Application-39-Service,51400
19714,Application-41,M_Req,missing_destination,66,Application-41-Service,EndDevice-41,Application-41-Service,51400
19717,Application-48,M_Req,missing_destination,73,Application-48-Service,EndDevice-48,Application-48-Service,51500
19720,Application-17,M_Req,missing_destination,42,Application-17-Service,EndDevice-17,Application-17-Service,51500
19723,Application-45,M_Req,missing_destination,70,Application-45-Service,EndDevice-45,Application-45-Service,51500
19735,Application-6,M_Req,missing_destination,31,Application-6-Service,EndDevice-6,Application-6-Service,51500
19739,Application-46,M_Req,missing_destination,71,Application-46-Service,EndDevice-46,Application-46-Service,51500
19740,Application-43,M_Req,missing_destination,68,Application-43-Service,EndDevice-43,Application-43-Service,51500
19741,Application-33,M_Req,missing_destination,58,Application-33-Service,EndDevice-33,Application-33-Service,51500
19742,Application-8,M_Req,missing_destination,33,Application-8-Service,EndDevice-8,Application-8-Service,51500
19743,Application-47,M_Req,missing_destination,72,Application-47-Service,EndDevice-47,Application-47-Service,51500
19754,Application-10,M_Req,missing_destination,35,Application-10-Service,EndDevice-10,Application-10-Service,51500
19759,Application-34,M_Req,missing_destination,59,Application-34-Service,EndDevice-34,Application-34-Service,51500
19761,Application-39,M_Req,missing_destination,64,Application-39-Service,EndDevice-39,Application-39-Service,51500
19762,Application-41,M_Req,missing_destination,66,Application-41-Service,EndDevice-41,Application-41-Service,51500
19763,Application-36,M_Req,missing_destination,61,Application-36-Service,EndDevice-36,Application-36-Service,51500
19764,Application-35,M_Req,missing_destination,60,Application-35-Service,EndDevice-35,Application-35-Service,51500
19765,Application-48,M_Req,missing_destination,73,Application-48-Service,EndDevice-48,Application-48-Service,51600
19768,Application-17,M_Req,missing_destination,42,Application-17-Service,EndDevice-17,Application-17-Service,51600
19771,Application-45,M_Req,missing_destination,70,Application-45-Service,EndDevice-45,Application-45-Service,51600
19780,Application-6,M_Req,missing_destination,31,Application-6-Service,EndDevice-6,Application-6-Service,51600
19783,Application-46,M_Req,missing_destination,71,Application-46-Service,EndDevice-46,Application-46-Service,51600
19784,Application-33,M_Req,missing_destination,58,Application-33-Service,EndDevice-33,Application-33-Service,51600
19785,Application-8,M_Req,missing_destination,33,Application-8-Service,EndDevice-8,Application-8-Service,51600
19813,Application-48,M_Req,missing_destination,73,Application-48-Service,EndDevice-48,Application-48-Service,51700
19819,Application-45,M_Req,missing_destination,70,Application-45-Service,EndDevice-45,Application-45-Service,51700
19831,Application-46,M_Req,missing_destination,71,Application-46-Service,EndDevice-46,Application-46-Service,51700
19833,Application-8,M_Req,missing_destination,33,Application-8-Service,EndDevice-8,Application-8-Service,51700
19845,Application-13,M_Req,missing_destination,38,Application-13-Service,EndDevice-13,Application-13-Service,51800
19847,Application-34,M_Req,missing_destination,59,Application-34-Service,EndDevice-34,Application-34-Service,51800
19852,Application-15,M_Req,missing_destination,40,Application-15-Service,EndDevice-15,Application-15-Service,51800
19854,Application-18,M_Req,missing_destination,43,Application-18-Service,EndDevice-18,Application-18-Service,51800
19857,Application-14,M_Req,missing_destination,39,Application-14-Service,EndDevice-14,Application-14-Service,51800
19860,Application-48,M_Req,missing_destination,73,Application-48-Service,EndDevice-48,Application-48-Service,51800
19865,Application-20,M_Req,missing_destination,45,Application-20-Service,EndDevice-20,Application-20-Service,51800
19867,Application-44,M_Req,missing_destination,69,Application-44-Service,EndDevice-44,Application-44-Service,51800
19874,Application-16,M_Req,missing_destination,41,Application-16-Service,EndDevice-16,Application-16-Service,51900
19893,Application-13,M_Req,missing_destination,38,Application-13-Service,EndDevice-13,Application-13-Service,51900
19895,Application-34,M_Req,missing_destination,59,Application-34-Service,EndDevice-34,Application-34-Service,51900
19900,Application-15,M_Req,missing_destination,40,Application-15-Service,EndDevice-15,Application-15-Service,51900
19902,Application-18,M_Req,missing_destination,43,Application-18-Service,EndDevice-18,Application-18-Service,51900
19905,Application-14,M_Req,missing_destination,39,Application-14-Service,EndDevice-14,Application-14-Service,51900
19908,Application-48,M_Req,missing_destination,73,Application-48-Service,EndDevice-48,Application-48-Service,51900
19913,Application-20,M_Req,missing_destination,45,Application-20-Service,EndDevice-20,Application-20-Service,51900
19915,Application-44,M_Req,missing_destination,69,Application-44-Service,EndDevice-44,Application-44-Service,51900
19921,Application-16,M_Req,missing_destination,41,Application-16-Service,EndDevice-16,Application-16-Service,52000
19935,Application-13,M_Req,missing_destination,38,Application-13-Service,EndDevice-13,Application-13-Service,52000
19937,Application-34,M_Req,missing_destination,59,Application-34-Service,EndDevice-34,Application-34-Service,52000
19942,Application-15,M_Req,missing_destination,40,Application-15-Service,EndDevice-15,Application-15-Service,52000
19949,Application-26,M_Req,missing_destination,51,Application-26-Service,EndDevice-26,Application-26-Service,52100
19958,Application-28,M_Req,missing_destination,53,Application-28-Service,EndDevice-28,Application-28-Service,52100
19964,Application-18,M_Req,missing_destination,43,Application-18-Service,EndDevice-18,Application-18-Service,52100
19966,Application-27,M_Req,missing_destination,52,Application-27-Service,EndDevice-27,Application-27-Service,52100
19969,Application-16,M_Req,missing_destination,41,Application-16-Service,EndDevice-16,Application-16-Service,52100
19979,Application-45,M_Req,missing_destination,70,Application-45-Service,EndDevice-45,Application-45-Service,52100
19983,Application-13,M_Req,missing_destination,38,Application-13-Service,EndDevice-13,Application-13-Service,52100
19985,Application-34,M_Req,missing_destination,59,Application-34-Service,EndDevice-34,Application-34-Service,52100
19990,Application-15,M_Req,missing_destination,40,Application-15-Service,EndDevice-15,Application-15-Service,52100
19991,Application-25,M_Req,missing_destination,50,Application-25-Service,EndDevice-25,Application-25-Service,52100
19992,Application-36,M_Req,missing_destination,61,Application-36-Service,EndDevice-36,Application-36-Service,52100
19997,Application-26,M_Req,missing_destination,51,Application-26-Service,EndDevice-26,Application-26-Service,52200
20005,Application-28,M_Req,missing_destination,53,Application-28-Service,EndDevice-28,Application-28-Service,52200
20009,Application-18,M_Req,missing_destination,43,Application-18-Service,EndDevice-18,Application-18-Service,52200
20013,Application-16,M_Req,missing_destination,41,Application-16-Service,EndDevice-16,Application-16-Service,52200
20061,Application-16,M_Req,missing_destination,41,Application-16-Service,EndDevice-16,Application-16-Service,52300
20080,Application-45,M_Req,missing_destination,70,Application-45-Service,EndDevice-45,Application-45-Service,52400
20082,Application-27,M_Req,missing_destination,52,Application-27-Service,EndDevice-27,Application-27-Service,52400
20087,Application-26,M_Req,missing_destination,51,Application-26-Service,EndDevice-26,Application-26-Service,52400
20090,Application-2,M_Req,missing_destination,27,Application-2-Service,EndDevice-2,Application-2-Service,52400
20094,Application-28,M_Req,missing_destination,53,Application-28-Service,EndDevice-28,Application-28-Service,52400
20098,Application-18,M_Req,missing_destination,43,Application-18-Service,EndDevice-18,Application-18-Service,52400
20099,Application-1,M_Req,missing_destination,26,Application-1-Service,EndDevice-1,Application-1-Service,52400
20103,Application-4,M_Req,missing_destination,29,Application-4-Service,EndDevice-4,Application-4-Service,52500
20128,Application-45,M_Req,missing_destination,70,Application-45-Service,EndDevice-45,Application-45-Service,52500
20130,Application-27,M_Req,missing_destination,52,Application-27-Service,EndDevice-27,Application-27-Service,52500
20135,Application-26,M_Req,missing_destination,51,Application-26-Service,EndDevice-26,Application-26-Service,52500
20138,Application-2,M_Req,missing_destination,27,Application-2-Service,EndDevice-2,Application-2-Service,52500
20142,Application-28,M_Req,missing_destination,53,Application-28-Service,EndDevice-28,Application-28-Service,52500
20146,Application-18,M_Req,missing_destination,43,Application-18-Service,EndDevice-18,Application-18-Service,52500
20147,Application-1,M_Req,missing_destination,26,Application-1-Service,EndDevice-1,Application-1-Service,52500
20175,Application-29,M_Req,missing_destination,54,Application-29-Service,EndDevice-29,Application-29-Service,52700
20181,Application-28,M_Req,missing_destination,53,Application-28-Service,EndDevice-28,Application-28-Service,52700
20183,Application-14,M_Req,missing_destination,39,Application-14-Service,EndDevice-14,Application-14-Service,52700
20184,Application-19,M_Req,missing_destination,44,Application-19-Service,EndDevice-19,Application-19-Service,52700
20186,Application-1,M_Req,missing_destination,26,Application-1-Service,EndDevice-1,Application-1-Service,52700
20187,Application-36,M_Req,missing_destination,61,Application-36-Service,EndDevice-36,Application-36-Service,52700
20188,Application-35,M_Req,missing_destination,60,Application-35-Service,EndDevice-35,Application-35-Service,52700
20192,Application-16,M_Req,missing_destination,41,Application-16-Service,EndDevice-16,Application-16-Service,52700
20194,Application-31,M_Req,missing_destination,56,Application-31-Service,EndDevice-31,Application-31-Service,52700
20201,Application-33,M_Req,missing_destination,58,Application-33-Service,EndDevice-33,Application-33-Service,52700
20206,Application-32,M_Req,missing_destination,57,Application-32-Service,EndDevice-32,Application-32-Service,52700
20214,Application-47,M_Req,missing_destination,72,Application-47-Service,EndDevice-47,Application-47-Service,52700
20220,Application-30,M_Req,missing_destination,55,Application-30-Service,EndDevice-30,Application-30-Service,52700
20221,Application-34,M_Req,missing_destination,59,Application-34-Service,EndDevice-34,Application-34-Service,52700
20222,Application-29,M_Req,missing_destination,54,Application-29-Service,EndDevice-29,Application-29-Service,52800
20229,Application-14,M_Req,missing_destination,39,Application-14-Service,EndDevice-14,Application-14-Service,52800
20230,Application-19,M_Req,missing_destination,44,Application-19-Service,EndDevice-19,Application-19-Service,52800
20232,Application-1,M_Req,missing_destination,26,Application-1-Service,EndDevice-1,Application-1-Service,52800
20233,Application-36,M_Req,missing_destination,61,Application-36-Service,EndDevice-36,Application-36-Service,52800
20236,Application-16,M_Req,missing_destination,41,Application-16-Service,EndDevice-16,Application-16-Service,52800
20237,Application-31,M_Req,missing_destination,56,Application-31-Service,EndDevice-31,Application-31-Service,52800
20243,Application-33,M_Req,missing_destination,58,Application-33-Service,EndDevice-33,Application-33-Service,52800
20247,Application-32,M_Req,missing_destination,57,Application-32-Service,EndDevice-32,Application-32-Service,52800
20277,Application-14,M_Req,missing_destination,39,Application-14-Service,EndDevice-14,Application-14-Service,52900
20281,Application-36,M_Req,missing_destination,61,Application-36-Service,EndDevice-36,Application-36-Service,52900
20291,Application-33,M_Req,missing_destination,58,Application-33-Service,EndDevice-33,Application-33-Service,52900
20301,Application-12,M_Req,missing_destination,37,Application-12-Service,EndDevice-12,Application-12-Service,53000
20304,Application-10,M_Req,missing_destination,35,Application-10-Service,EndDevice-10,Application-10-Service,53000
20312,Application-29,M_Req,missing_destination,54,Application-29-Service,EndDevice-29,Application-29-Service,53000
20318,Application-14,M_Req,missing_destination,39,Application-14-Service,EndDevice-14,Application-14-Service,53000
20319,Application-19,M_Req,missing_destination,44,Application-19-Service,EndDevice-19,Application-19-Service,53000
20321,Application-1,M_Req,missing_destination,26,Application-1-Service,EndDevice-1,Application-1-Service,53000
20322,Application-36,M_Req,missing_destination,61,Application-36-Service,EndDevice-36,Application-36-Service,53000
20325,Application-16,M_Req,missing_destination,41,Application-16-Service,EndDevice-16,Application-16-Service,53000
20326,Application-31,M_Req,missing_destination,56,Application-31-Service,EndDevice-31,Application-31-Service,53000
20334,Application-32,M_Req,missing_destination,57,Application-32-Service,EndDevice-32,Application-32-Service,53100
20349,Application-12,M_Req,missing_destination,37,Application-12-Service,EndDevice-12,Application-12-Service,53100
20352,Application-10,M_Req,missing_destination,35,Application-10-Service,EndDevice-10,Application-10-Service,53100
20360,Application-29,M_Req,missing_destination,54,Application-29-Service,EndDevice-29,Application-29-Service,53100
20366,Application-14,M_Req,missing_destination,39,Application-14-Service,EndDevice-14,Application-14-Service,53100
20367,Application-19,M_Req,missing_destination,44,Application-19-Service,EndDevice-19,Application-19-Service,53100
20369,Application-1,M_Req,missing_destination,26,Application-1-Service,EndDevice-1,Application-1-Service,53100
20370,Application-36,M_Req,missing_destination,61,Application-36-Service,EndDevice-36,Application-36-Service,53100
20373,Application-16,M_Req,missing_destination,41,Application-16-Service,EndDevice-16,Application-16-Service,53100
20374,Application-31,M_Req,missing_destination,56,Application-31-Service,EndDevice-31,Application-31-Service,53100
20380,Application-32,M_Req,missing_destination,57,Application-32-Service,EndDevice-32,Application-32-Service,53200
20394,Application-10,M_Req,missing_destination,35,Application-10-Service,EndDevice-10,Application-10-Service,53200
20404,Application-20,M_Req,missing_destination,45,Application-20-Service,EndDevice-20,Application-20-Service,53300
20407,Application-19,M_Req,missing_destination,44,Application-19-Service,EndDevice-19,Application-19-Service,53300
20408,Application-18,M_Req,missing_destination,43,Application-18-Service,EndDevice-18,Application-18-Service,53300
20411,Application-13,M_Req,missing_destination,38,Application-13-Service,EndDevice-13,Application-13-Service,53300
20412,Application-16,M_Req,missing_destination,41,Application-16-Service,EndDevice-16,Application-16-Service,53300
20415,Application-29,M_Req,missing_destination,54,Application-29-Service,EndDevice-29,Application-29-Service,53300
20417,Application-34,M_Req,missing_destination,59,Application-34-Service,EndDevice-34,Application-34-Service,53300
20419,Application-36,M_Req,missing_destination,61,Application-36-Service,EndDevice-36,Application-36-Service,53300
20428,Application-32,M_Req,missing_destination,57,Application-32-Service,EndDevice-32,Application-32-Service,53300
20442,Application-10,M_Req,missing_destination,35,Application-10-Service,EndDevice-10,Application-10-Service,53300
20443,Application-30,M_Req,missing_destination,55,Application-30-Service,EndDevice-30,Application-30-Service,53300
20445,Application-17,M_Req,missing_destination,42,Application-17-Service,EndDevice-17,Application-17-Service,53300
20446,Application-28,M_Req,missing_destination,53,Application-28-Service,EndDevice-28,Application-28-Service,53300
20451,Application-20,M_Req,missing_destination,45,Application-20-Service,EndDevice-20,Application-20-Service,53400
20453,Application-19,M_Req,missing_destination,44,Application-19-Service,EndDevice-19,Application-19-Service,53400
20454,Application-18,M_Req,missing_destination,43,Application-18-Service,EndDevice-18,Application-18-Service,53400
20457,Application-13,M_Req,missing_destination,38,Application-13-Service,EndDevice-13,Application-13-Service,53400
20458,Application-16,M_Req,missing_destination,41,Application-16-Service,EndDevice-16,Application-16-Service,53400
20461,Application-29,M_Req,missing_destination,54,Application-29-Service,EndDevice-29,Application-29-Service,53400
20463,Application-34,M_Req,missing_destination,59,Application-34-Service,EndDevice-34,Application-34-Service,53400
20465,Application-36,M_Req,missing_destination,61,Application-36-Service,EndDevice-36,Application-36-Service,53400
20473,Application-32,M_Req,missing_destination,57,Application-32-Service,EndDevice-32,Application-32-Service,53400
20499,Application-20,M_Req,missing_destination,45,Application-20-Service,EndDevice-20,Application-20-Service,53500
20501,Application-19,M_Req,missing_destination,44,Application-19-Service,EndDevice-19,Application-19-Service,53500
20502,Application-18,M_Req,missing_destination,43,Application-18-Service,EndDevice-18,Application-18-Service,53500
20505,Application-13,M_Req,missing_destination,38,Application-13-Service,EndDevice-13,Application-13-Service,53500
20506,Application-16,M_Req,missing_destination,41,Application-16-Service,EndDevice-16,Application-16-Service,53500
20521,Application-32,M_Req,missing_destination,57,Application-32-Service,EndDevice-32,Application-32-Service,53500
20528,Application-25,M_Req,missing_destination,50,Application-25-Service,EndDevice-25,Application-25-Service,53600
20530,Application-27,M_Req,missing_destination,52,Application-27-Service,EndDevice-27,Application-27-Service,53600
20532,Application-26,M_Req,missing_destination,51,Application-26-Service,EndDevice-26,Application-26-Service,53600
20536,Application-4,M_Req,missing_destination,29,Application-4-Service,EndDevice-4,Application-4-Service,53600
20542,Application-9,M_Req,missing_destination,34,Application-9-Service,EndDevice-9,Application-9-Service,53600
20544,Application-2,M_Req,missing_destination,27,Application-2-Service,EndDevice-2,Application-2-Service,53600
20545,Application-20,M_Req,missing_destination,45,Application-20-Service,EndDevice-20,Application-20-Service,53600
20546,Application-19,M_Req,missing_destination,44,Application-19-Service,EndDevice-19,Application-19-Service,53600
20547,Application-18,M_Req,missing_destination,43,Application-18-Service,EndDevice-18,Application-18-Service,53600
20548,Application-1,M_Req,missing_destination,26,Application-1-Service,EndDevice-1,Application-1-Service,53600
20549,Application-3,M_Req,missing_destination,28,Application-3-Service,EndDevice-3,Application-3-Service,53600
20550,Application-16,M_Req,missing_destination,41,Application-16-Service,EndDevice-16,Application-16-Service,53600
20576,Application-25,M_Req,missing_destination,50,Application-25-Service,EndDevice-25,Application-25-Service,53700
20578,Application-27,M_Req,missing_destination,52,Application-27-Service,EndDevice-27,Application-27-Service,53700
20580,Application-26,M_Req,missing_destination,51,Application-26-Service,EndDevice-26,Application-26-Service,53700
20584,Application-4,M_Req,missing_destination,29,Application-4-Service,EndDevice-4,Application-4-Service,53700
20590,Application-9,M_Req,missing_destination,34,Application-9-Service,EndDevice-9,Application-9-Service,53700
20592,Application-2,M_Req,missing_destination,27,Application-2-Service,EndDevice-2,Application-2-Service,53700
20593,Application-20,M_Req,missing_destination,45,Application-20-Service,EndDevice-20,Application-20-Service,53700
20594,Application-19,M_Req,missing_destination,44,Application-19-Service,EndDevice-19,Application-19-Service,53700
20595,Application-18,M_Req,missing_destination,43,Application-18-Service,EndDevice-18,Application-18-Service,53700
20596,Application-1,M_Req,missing_destination,26,Application-1-Service,EndDevice-1,Application-1-Service,53700
20597,Application-3,M_Req,missing_destination,28,Application-3-Service,EndDevice-3,Application-3-Service,53700
20598,Application-16,M_Req,missing_destination,41,Application-16-Service,EndDevice-16,Application-16-Service,53700
20619,Application-25,M_Req,missing_destination,50,Application-25-Service,EndDevice-25,Application-25-Service,53800
20621,Application-27,M_Req,missing_destination,52,Application-27-Service,EndDevice-27,Application-27-Service,53800
20623,Application-26,M_Req,missing_destination,51,Application-26-Service,EndDevice-26,Application-26-Service,53800
20631,Application-9,M_Req,missing_destination,34,Application-9-Service,EndDevice-9,Application-9-Service,53800
20637,Application-1,M_Req,missing_destination,26,Application-1-Service,EndDevice-1,Application-1-Service,53900
20640,Application-12,M_Req,missing_destination,37,Application-12-Service,EndDevice-12,Application-12-Service,53900
20641,Application-46,M_Req,missing_destination,71,Application-46-Service,EndDevice-46,Application-46-Service,53900
20658,Application-48,M_Req,missing_destination,73,Application-48-Service,EndDevice-48,Application-48-Service,53900
20662,Application-47,M_Req,missing_destination,72,Application-47-Service,EndDevice-47,Application-47-Service,53900
20667,Application-25,M_Req,missing_destination,50,Application-25-Service,EndDevice-25,Application-25-Service,53900
20668,Application-45,M_Req,missing_destination,70,Application-45-Service,EndDevice-45,Application-45-Service,53900
20669,Application-27,M_Req,missing_destination,52,Application-27-Service,EndDevice-27,Application-27-Service,53900
20671,Application-26,M_Req,missing_destination,51,Application-26-Service,EndDevice-26,Application-26-Service,53900
20679,Application-9,M_Req,missing_destination,34,Application-9-Service,EndDevice-9,Application-9-Service,53900
20684,Application-1,M_Req,missing_destination,26,Application-1-Service,EndDevice-1,Application-1-Service,54000
20687,Application-12,M_Req,missing_destination,37,Application-12-Service,EndDevice-12,Application-12-Service,54000
20688,Application-46,M_Req,missing_destination,71,Application-46-Service,EndDevice-46,Application-46-Service,54000
20700,Application-48,M_Req,missing_destination,73,Application-48-Service,EndDevice-48,Application-48-Service,54000
20736,Application-46,M_Req,missing_destination,71,Application-46-Service,EndDevice-46,Application-46-Service,54100
20748,Application-48,M_Req,missing_destination,73,Application-48-Service,EndDevice-48,Application-48-Service,54100
20759,Application-35,M_Req,missing_destination,60,Application-35-Service,EndDevice-35,Application-35-Service,54200
20770,Application-47,M_Req,missing_destination,72,Application-47-Service,EndDevice-47,Application-47-Service,54200
20774,Application-19,M_Req,missing_destination,44,Application-19-Service,EndDevice-19,Application-19-Service,54200
20775,Application-18,M_Req,missing_destination,43,Application-18-Service,EndDevice-18,Application-18-Service,54200
20780,Application-8,M_Req,missing_destination,33,Application-8-Service,EndDevice-8,Application-8-Service,54200
20781,Application-6,M_Req,missing_destination,31,Application-6-Service,EndDevice-6,Application-6-Service,54200
20782,Application-4,M_Req,missing_destination,29,Application-4-Service,EndDevice-4,Application-4-Service,54200
20787,Application-7,M_Req,missing_destination,32,Application-7-Service,EndDevice-7,Application-7-Service,54300
20788,Application-33,M_Req,missing_destination,58,Application-33-Service,EndDevice-33,Application-33-Service,54300
20791,Application-36,M_Req,missing_destination,61,Application-36-Service,EndDevice-36,Application-36-Service,54300
20807,Application-35,M_Req,missing_destination,60,Application-35-Service,EndDevice-35,Application-35-Service,54300
20818,Application-47,M_Req,missing_destination,72,Application-47-Service,EndDevice-47,Application-47-Service,54300
20822,Application-19,M_Req,missing_destination,44,Application-19-Service,EndDevice-19,Application-19-Service,54300
20823,Application-18,M_Req,missing_destination,43,Application-18-Service,EndDevice-18,Application-18-Service,54300
20828,Application-8,M_Req,missing_destination,33,Application-8-Service,EndDevice-8,Application-8-Service,54300
20829,Application-6,M_Req,missing_destination,31,Application-6-Service,EndDevice-6,Application-6-Service,54300
20830,Application-4,M_Req,missing_destination,29,Application-4-Service,EndDevice-4,Application-4-Service,54300
20835,Application-7,M_Req,missing_destination,32,Application-7-Service,EndDevice-7,Application-7-Service,54400
20836,Application-33,M_Req,missing_destination,58,Application-33-Service,EndDevice-33,Application-33-Service,54400
20838,Application-36,M_Req,missing_destination,61,Application-36-Service,EndDevice-36,Application-36-Service,54400
20849,Application-35,M_Req,missing_destination,60,Application-35-Service,EndDevice-35,Application-35-Service,54400
20868,Application-6,M_Req,missing_destination,31,Application-6-Service,EndDevice-6,Application-6-Service,54500
20874,Application-38,M_Req,missing_destination,63,Application-38-Service,EndDevice-38,Application-38-Service,54500
20875,Application-5,M_Req,missing_destination,30,Application-5-Service,EndDevice-5,Application-5-Service,54500
20878,Application-21,M_Req,missing_destination,46,Application-21-Service,EndDevice-21,Application-21-Service,54500
20881,Application-37,M_Req,missing_destination,62,Application-37-Service,EndDevice-37,Application-37-Service,54500
20883,Application-7,M_Req,missing_destination,32,Application-7-Service,EndDevice-7,Application-7-Service,54500
20884,Application-33,M_Req,missing_destination,58,Application-33-Service,EndDevice-33,Application-33-Service,54500
20885,Application-28,M_Req,missing_destination,53,Application-28-Service,EndDevice-28,Application-28-Service,54500
20886,Application-36,M_Req,missing_destination,61,Application-36-Service,EndDevice-36,Application-36-Service,54500
20891,Application-48,M_Req,missing_destination,73,Application-48-Service,EndDevice-48,Application-48-Service,54500
20892,Application-46,M_Req,missing_destination,71,Application-46-Service,EndDevice-46,Application-46-Service,54500
20894,Application-22,M_Req,missing_destination,47,Application-22-Service,EndDevice-22,Application-22-Service,54500
20896,Application-40,M_Req,missing_destination,65,Application-40-Service,EndDevice-40,Application-40-Service,54500
20897,Application-35,M_Req,missing_destination,60,Application-35-Service,EndDevice-35,Application-35-Service,54500
20898,Application-11,M_Req,missing_destination,36,Application-11-Service,EndDevice-11,Application-11-Service,54500
20901,Application-39,M_Req,missing_destination,64,Application-39-Service,EndDevice-39,Application-39-Service,54500
20904,Application-23,M_Req,missing_destination,48,Application-23-Service,EndDevice-23,Application-23-Service,54500
20906,Application-45,M_Req,missing_destination,70,Application-45-Service,EndDevice-45,Application-45-Service,54500
20908,Application-24,M_Req,missing_destination,49,Application-24-Service,EndDevice-24,Application-24-Service,54500
20913,Application-6,M_Req,missing_destination,31,Application-6-Service,EndDevice-6,Application-6-Service,54600
20918,Application-38,M_Req,missing_destination,63,Application-38-Service,EndDevice-38,Application-38-Service,54600
20919,Application-5,M_Req,missing_destination,30,Application-5-Service,EndDevice-5,Application-5-Service,54600
20922,Application-21,M_Req,missing_destination,46,Application-21-Service,EndDevice-21,Application-21-Service,54600
20925,Application-7,M_Req,missing_destination,32,Application-7-Service,EndDevice-7,Application-7-Service,54600
20926,Application-33,M_Req,missing_destination,58,Application-33-Service,EndDevice-33,Application-33-Service,54600
20927,Application-28,M_Req,missing_destination,53,Application-28-Service,EndDevice-28,Application-28-Service,54600
20931,Application-48,M_Req,missing_destination,73,Application-48-Service,EndDevice-48,Application-48-Service,54600
20932,Application-46,M_Req,missing_destination,71,Application-46-Service,EndDevice-46,Application-46-Service,54600
20966,Application-38,M_Req,missing_destination,63,Application-38-Service,EndDevice-38,Application-38-Service,54700
20973,Application-7,M_Req,missing_destination,32,Application-7-Service,EndDevice-7,Application-7-Service,54700
20980,Application-46,M_Req,missing_destination,71,Application-46-Service,EndDevice-46,Application-46-Service,54700
20984,Application-35,M_Req,missing_destination,60,Application-35-Service,EndDevice-35,Application-35-Service,54800
20989,Application-14,M_Req,missing_destination,39,Application-14-Service,EndDevice-14,Application-14-Service,54800
20992,Application-45,M_Req,missing_destination,70,Application-45-Service,EndDevice-45,Application-45-Service,54800
20995,Application-22,M_Req,missing_destination,47,Application-22-Service,EndDevice-22,Application-22-Service,54800
21002,Application-16,M_Req,missing_destination,41,Application-16-Service,EndDevice-16,Application-16-Service,54800
21006,Application-13,M_Req,missing_destination,38,Application-13-Service,EndDevice-13,Application-13-Service,54800
21008,Application-38,M_Req,missing_destination,63,Application-38-Service,EndDevice-38,Application-38-Service,54800
21010,Application-47,M_Req,missing_destination,72,Application-47-Service,EndDevice-47,Application-47-Service,54800
21017,Application-15,M_Req,missing_destination,40,Application-15-Service,EndDevice-15,Application-15-Service,54900
21019,Application-46,M_Req,missing_destination,71,Application-46-Service,EndDevice-46,Application-46-Service,54900
21032,Application-35,M_Req,missing_destination,60,Application-35-Service,EndDevice-35,Application-35-Service,54900
21037,Application-14,M_Req,missing_destination,39,Application-14-Service,EndDevice-14,Application-14-Service,54900
21040,Application-45,M_Req,missing_destination,70,Application-45-Service,EndDevice-45,Application-45-Service,54900
21043,Application-22,M_Req,missing_destination,47,Application-22-Service,EndDevice-22,Application-22-Service,54900
21050,Application-16,M_Req,missing_destination,41,Application-16-Service,EndDevice-16,Application-16-Service,54900
21054,Application-13,M_Req,missing_destination,38,Application-13-Service,EndDevice-13,Application-13-Service,54900
21056,Application-38,M_Req,missing_destination,63,Application-38-Service,EndDevice-38,Application-38-Service,54900
21058,Application-47,M_Req,missing_destination,72,Application-47-Service,EndDevice-47,Application-47-Service,54900
21065,Application-15,M_Req,missing_destination,40,Application-15-Service,EndDevice-15,Application-15-Service,55000
21067,Application-46,M_Req,missing_destination,71,Application-46-Service,EndDevice-46,Application-46-Service,55000
21080,Application-35,M_Req,missing_destination,60,Application-35-Service,EndDevice-35,Application-35-Service,55000
21084,Application-14,M_Req,missing_destination,39,Application-14-Service,EndDevice-14,Application-14-Service,55000
21086,Application-45,M_Req,missing_destination,70,Application-45-Service,EndDevice-45,Application-45-Service,55000
21089,Application-22,M_Req,missing_destination,47,Application-22-Service,EndDevice-22,Application-22-Service,55000
21093,Application-1,M_Req,missing_destination,26,Application-1-Service,EndDevice-1,Application-1-Service,55100
21097,Application-5,M_Req,missing_destination,30,Application-5-Service,EndDevice-5,Application-5-Service,55100
21098,Application-2,M_Req,missing_destination,27,Application-2-Service,EndDevice-2,Application-2-Service,55100
21102,Application-19,M_Req,missing_destination,44,Application-19-Service,EndDevice-19,Application-19-Service,55100
21103,Application-47,M_Req,missing_destination,72,Application-47-Service,EndDevice-47,Application-47-Service,55100
21104,Application-4,M_Req,missing_destination,29,Application-4-Service,EndDevice-4,Application-4-Service,55100
21110,Application-7,M_Req,missing_destination,32,Application-7-Service,EndDevice-7,Application-7-Service,55100
21113,Application-15,M_Req,missing_destination,40,Application-15-Service,EndDevice-15,Application-15-Service,55100
21115,Application-46,M_Req,missing_destination,71,Application-46-Service,EndDevice-46,Application-46-Service,55100
21117,Application-3,M_Req,missing_destination,28,Application-3-Service,EndDevice-3,Application-3-Service,55100
21122,Application-18,M_Req,missing_destination,43,Application-18-Service,EndDevice-18,Application-18-Service,55100
21124,Application-17,M_Req,missing_destination,42,Application-17-Service,EndDevice-17,Application-17-Service,55100
21127,Application-40,M_Req,missing_destination,65,Application-40-Service,EndDevice-40,Application-40-Service,55100
21128,Application-35,M_Req,missing_destination,60,Application-35-Service,EndDevice-35,Application-35-Service,55100
21132,Application-14,M_Req,missing_destination,39,Application-14-Service,EndDevice-14,Application-14-Service,55100
21134,Application-45,M_Req,missing_destination,70,Application-45-Service,EndDevice-45,Application-45-Service,55100
21135,Application-20,M_Req,missing_destination,45,Application-20-Service,EndDevice-20,Application-20-Service,55100
21137,Application-22,M_Req,missing_destination,47,Application-22-Service,EndDevice-22,Application-22-Service,55100
21140,Application-37,M_Req,missing_destination,62,Application-37-Service,EndDevice-37,Application-37-Service,55100
21141,Application-1,M_Req,missing_destination,26,Application-1-Service,EndDevice-1,Application-1-Service,55200
21145,Application-5,M_Req,missing_destination,30,Application-5-Service,EndDevice-5,Application-5-Service,55200
21146,Application-2,M_Req,missing_destination,27,Application-2-Service,EndDevice-2,Application-2-Service,55200
21148,Application-19,M_Req,missing_destination,44,Application-19-Service,EndDevice-19,Application-19-Service,55200
21149,Application-4,M_Req,missing_destination,29,Application-4-Service,EndDevice-4,Application-4-Service,55200
21155,Application-7,M_Req,missing_destination,32,Application-7-Service,EndDevice-7,Application-7-Service,55200
21158,Application-15,M_Req,missing_destination,40,Application-15-Service,EndDevice-15,Application-15-Service,55200
21160,Application-46,M_Req,missing_destination,71,Application-46-Service,EndDevice-46,Application-46-Service,55200
21162,Application-3,M_Req,missing_destination,28,Application-3-Service,EndDevice-3,Application-3-Service,55200
21166,Application-18,M_Req,missing_destination,43,Application-18-Service,EndDevice-18,Application-18-Service,55200
21167,Application-17,M_Req,missing_destination,42,Application-17-Service,EndDevice-17,Application-17-Service,55200
21189,Application-1,M_Req,missing_destination,26,Application-1-Service,EndDevice-1,Application-1-Service,55300
21194,Application-2,M_Req,missing_destination,27,Application-2-Service,EndDevice-2,Application-2-Service,55300
21197,Application-4,M_Req,missing_destination,29,Application-4-Service,EndDevice-4,Application-4-Service,55300
21206,Application-15,M_Req,missing_destination,40,Application-15-Service,EndDevice-15,Application-15-Service,55300
21210,Application-3,M_Req,missing_destination,28,Application-3-Service,EndDevice-3,Application-3-Service,55300
21222,Application-20,M_Req,missing_destination,45,Application-20-Service,EndDevice-20,Application-20-Service,55400
21228,Application-11,M_Req,missing_destination,36,Application-11-Service,EndDevice-11,Application-11-Service,55400
21233,Application-1,M_Req,missing_destination,26,Application-1-Service,EndDevice-1,Application-1-Service,55400
21238,Application-2,M_Req,missing_destination,27,Application-2-Service,EndDevice-2,Application-2-Service,55400
21239,Application-10,M_Req,missing_destination,35,Application-10-Service,EndDevice-10,Application-10-Service,55400
21241,Application-4,M_Req,missing_destination,29,Application-4-Service,EndDevice-4,Application-4-Service,55400
21243,Application-9,M_Req,missing_destination,34,Application-9-Service,EndDevice-9,Application-9-Service,55400
21246,Application-15,M_Req,missing_destination,40,Application-15-Service,EndDevice-15,Application-15-Service,55500
21251,Application-48,M_Req,missing_destination,73,Application-48-Service,EndDevice-48,Application-48-Service,55500
21270,Application-20,M_Req,missing_destination,45,Application-20-Service,EndDevice-20,Application-20-Service,55500
21276,Application-11,M_Req,missing_destination,36,Application-11-Service,EndDevice-11,Application-11-Service,55500
21281,Application-1,M_Req,missing_destination,26,Application-1-Service,EndDevice-1,Application-1-Service,55500
21286,Application-2,M_Req,missing_destination,27,Application-2-Service,EndDevice-2,Application-2-Service,55500
21287,Application-10,M_Req,missing_destination,35,Application-10-Service,EndDevice-10,Application-10-Service,55500
21289,Application-4,M_Req,missing_destination,29,Application-4-Service,EndDevice-4,Application-4-Service,55500
21291,Application-9,M_Req,missing_destination,34,Application-9-Service,EndDevice-9,Application-9-Service,55500
21294,Application-15,M_Req,missing_destination,40,Application-15-Service,EndDevice-15,Application-15-Service,55600
21313,Application-20,M_Req,missing_destination,45,Application-20-Service,EndDevice-20,Application-20-Service,55600
21318,Application-11,M_Req,missing_destination,36,Application-11-Service,EndDevice-11,Application-11-Service,55600
21329,Application-32,M_Req,missing_destination,57,Application-32-Service,EndDevice-32,Application-32-Service,55700
21335,Application-48,M_Req,missing_destination,73,Application-48-Service,EndDevice-48,Application-48-Service,55700
21339,Application-13,M_Req,missing_destination,38,Application-13-Service,EndDevice-13,Application-13-Service,55700
21342,Application-15,M_Req,missing_destination,40,Application-15-Service,EndDevice-15,Application-15-Service,55700
21344,Application-29,M_Req,missing_destination,54,Application-29-Service,EndDevice-29,Application-29-Service,55700
21345,Application-3,M_Req,missing_destination,28,Application-3-Service,EndDevice-3,Application-3-Service,55700
21361,Application-20,M_Req,missing_destination,45,Application-20-Service,EndDevice-20,Application-20-Service,55700
21363,Application-30,M_Req,missing_destination,55,Application-30-Service,EndDevice-30,Application-30-Service,55700
21366,Application-11,M_Req,missing_destination,36,Application-11-Service,EndDevice-11,Application-11-Service,55700
21368,Application-31,M_Req,missing_destination,56,Application-31-Service,EndDevice-31,Application-31-Service,55700
21369,Application-47,M_Req,missing_destination,72,Application-47-Service,EndDevice-47,Application-47-Service,55700
21376,Application-32,M_Req,missing_destination,57,Application-32-Service,EndDevice-32,Application-32-Service,55800
21379,Application-48,M_Req,missing_destination,73,Application-48-Service,EndDevice-48,Application-48-Service,55800
21383,Application-13,M_Req,missing_destination,38,Application-13-Service,EndDevice-13,Application-13-Service,55800
21386,Application-15,M_Req,missing_destination,40,Application-15-Service,EndDevice-15,Application-15-Service,55800
21388,Application-29,M_Req,missing_destination,54,Application-29-Service,EndDevice-29,Application-29-Service,55800
21389,Application-3,M_Req,missing_destination,28,Application-3-Service,EndDevice-3,Application-3-Service,55800
21434,Application-15,M_Req,missing_destination,40,Application-15-Service,EndDevice-15,Application-15-Service,55900
21449,Application-35,M_Req,missing_destination,60,Application-35-Service,EndDevice-35,Application-35-Service,56000
21464,Application-6,M_Req,missing_destination,31,Application-6-Service,EndDevice-6,Application-6-Service,56000
21465,Application-5,M_Req,missing_destination,30,Application-5-Service,EndDevice-5,Application-5-Service,56000
21474,Application-8,M_Req,missing_destination,33,Application-8-Service,EndDevice-8,Application-8-Service,56000
21475,Application-15,M_Req,missing_destination,40,Application-15-Service,EndDevice-15,Application-15-Service,56100
21476,Application-34,M_Req,missing_destination,59,Application-34-Service,EndDevice-34,Application-34-Service,56100
21478,Application-36,M_Req,missing_destination,61,Application-36-Service,EndDevice-36,Application-36-Service,56100
21482,Application-33,M_Req,missing_destination,58,Application-33-Service,EndDevice-33,Application-33-Service,56100
21484,Application-7,M_Req,missing_destination,32,Application-7-Service,EndDevice-7,Application-7-Service,56100
21497,Application-35,M_Req,missing_destination,60,Application-35-Service,EndDevice-35,Application-35-Service,56100
21512,Application-6,M_Req,missing_destination,31,Application-6-Service,EndDevice-6,Application-6-Service,56100
21513,Application-5,M_Req,missing_destination,30,Application-5-Service,EndDevice-5,Application-5-Service,56100
21522,Application-8,M_Req,missing_destination,33,Application-8-Service,EndDevice-8,Application-8-Service,56100
21523,Application-15,M_Req,missing_destination,40,Application-15-Service,EndDevice-15,Application-15-Service,56200
21524,Application-34,M_Req,missing_destination,59,Application-34-Service,EndDevice-34,Application-34-Service,56200
21525,Application-36,M_Req,missing_destination,61,Application-36-Service,EndDevice-36,Application-36-Service,56200
21527,Application-33,M_Req,missing_destination,58,Application-33-Service,EndDevice-33,Application-33-Service,56200
21540,Application-35,M_Req,missing_destination,60,Application-35-Service,EndDevice-35,Application-35-Service,56200
21558,Application-48,M_Req,missing_destination,73,Application-48-Service,EndDevice-48,Application-48-Service,56300
21559,Application-24,M_Req,missing_destination,49,Application-24-Service,EndDevice-24,Application-24-Service,56300
21560,Application-13,M_Req,missing_destination,38,Application-13-Service,EndDevice-13,Application-13-Service,56300
21562,Application-47,M_Req,missing_destination,72,Application-47-Service,EndDevice-47,Application-47-Service,56300
21564,Application-21,M_Req,missing_destination,46,Application-21-Service,EndDevice-21,Application-21-Service,56300
21566,Application-12,M_Req,missing_destination,37,Application-12-Service,EndDevice-12,Application-12-Service,56300
21569,Application-23,M_Req,missing_destination,48,Application-23-Service,EndDevice-23,Application-23-Service,56300
21571,Application-15,M_Req,missing_destination,40,Application-15-Service,EndDevice-15,Application-15-Service,56300
21572,Application-34,M_Req,missing_destination,59,Application-34-Service,EndDevice-34,Application-34-Service,56300
21573,Application-36,M_Req,missing_destination,61,Application-36-Service,EndDevice-36,Application-36-Service,56300
21575,Application-33,M_Req,missing_destination,58,Application-33-Service,EndDevice-33,Application-33-Service,56300
21581,Application-46,M_Req,missing_destination,71,Application-46-Service,EndDevice-46,Application-46-Service,56300
21585,Application-11,M_Req,missing_destination,36,Application-11-Service,EndDevice-11,Application-11-Service,56300
21588,Application-35,M_Req,missing_destination,60,Application-35-Service,EndDevice-35,Application-35-Service,56300
21590,Application-22,M_Req,missing_destination,47,Application-22-Service,EndDevice-22,Application-22-Service,56300
21606,Application-24,M_Req,missing_destination,49,Application-24-Service,EndDevice-24,Application-24-Service,56400
21608,Application-47,M_Req,missing_destination,72,Application-47-Service,EndDevice-47,Application-47-Service,56400
21610,Application-21,M_Req,missing_destination,46,Application-21-Service,EndDevice-21,Application-21-Service,56400
21614,Application-23,M_Req,missing_destination,48,Application-23-Service,EndDevice-23,Application-23-Service,56400
21616,Application-15,M_Req,missing_destination,40,Application-15-Service,EndDevice-15,Application-15-Service,56400
21617,Application-34,M_Req,missing_destination,59,Application-34-Service,EndDevice-34,Application-34-Service,56400
21618,Application-36,M_Req,missing_destination,61,Application-36-Service,EndDevice-36,Application-36-Service,56400
21620,Application-33,M_Req,missing_destination,58,Application-33-Service,EndDevice-33,Application-33-Service,56400
21625,Application-46,M_Req,missing_destination,71,Application-46-Service,EndDevice-46,Application-46-Service,56400
21628,Application-11,M_Req,missing_destination,36,Application-11-Service,EndDevice-11,Application-11-Service,56400
21656,Application-47,M_Req,missing_destination,72,Application-47-Service,EndDevice-47,Application-47-Service,56500
21664,Application-15,M_Req,missing_destination,40,Application-15-Service,EndDevice-15,Application-15-Service,56500
21665,Application-34,M_Req,missing_destination,59,Application-34-Service,EndDevice-34,Application-34-Service,56500
21666,Application-36,M_Req,missing_destination,61,Application-36-Service,EndDevice-36,Application-36-Service,56500
21668,Application-33,M_Req,missing_destination,58,Application-33-Service,EndDevice-33,Application-33-Service,56500
21673,Application-46,M_Req,missing_destination,71,Application-46-Service,EndDevice-46,Application-46-Service,56500
21678,Application-35,M_Req,missing_destination,60,Application-35-Service,EndDevice-35,Application-35-Service,56600
21685,Application-40,M_Req,missing_destination,65,Application-40-Service,EndDevice-40,Application-40-Service,56600
21688,Application-48,M_Req,missing_destination,73,Application-48-Service,EndDevice-48,Application-48-Service,56600
21690,Application-19,M_Req,missing_destination,44,Application-19-Service,EndDevice-19,Application-19-Service,56600
21692,Application-20,M_Req,missing_destination,45,Application-20-Service,EndDevice-20,Application-20-Service,56600
21693,Application-6,M_Req,missing_destination,31,Application-6-Service,EndDevice-6,Application-6-Service,56600
21696,Application-39,M_Req,missing_destination,64,Application-39-Service,EndDevice-39,Application-39-Service,56600
21698,Application-8,M_Req,missing_destination,33,Application-8-Service,EndDevice-8,Application-8-Service,56600
21699,Application-47,M_Req,missing_destination,72,Application-47-Service,EndDevice-47,Application-47-Service,56600
21701,Application-18,M_Req,missing_destination,43,Application-18-Service,EndDevice-18,Application-18-Service,56600
21704,Application-34,M_Req,missing_destination,59,Application-34-Service,EndDevice-34,Application-34-Service,56700
21706,Application-37,M_Req,missing_destination,62,Application-37-Service,EndDevice-37,Application-37-Service,56700
21714,Application-38,M_Req,missing_destination,63,Application-38-Service,EndDevice-38,Application-38-Service,56700
21726,Application-35,M_Req,missing_destination,60,Application-35-Service,EndDevice-35,Application-35-Service,56700
21733,Application-40,M_Req,missing_destination,65,Application-40-Service,EndDevice-40,Application-40-Service,56700
21736,Application-48,M_Req,missing_destination,73,Application-48-Service,EndDevice-48,Application-48-Service,56700
21738,Application-19,M_Req,missing_destination,44,Application-19-Service,EndDevice-19,Application-19-Service,56700
21740,Application-20,M_Req,missing_destination,45,Application-20-Service,EndDevice-20,Application-20-Service,56700
21741,Application-6,M_Req,missing_destination,31,Application-6-Service,EndDevice-6,Application-6-Service,56700
21744,Application-39,M_Req,missing_destination,64,Application-39-Service,EndDevice-39,Application-39-Service,56700
21746,Application-8,M_Req,missing_destination,33,Application-8-Service,EndDevice-8,Application-8-Service,56700
21747,Application-47,M_Req,missing_destination,72,Application-47-Service,EndDevice-47,Application-47-Service,56700
21749,Application-18,M_Req,missing_destination,43,Application-18-Service,EndDevice-18,Application-18-Service,56700
21754,Application-37,M_Req,missing_destination,62,Application-37-Service,EndDevice-37,Application-37-Service,56800
21760,Application-38,M_Req,missing_destination,63,Application-38-Service,EndDevice-38,Application-38-Service,56800
21775,Application-40,M_Req,missing_destination,65,Application-40-Service,EndDevice-40,Application-40-Service,56800
21788,Application-18,M_Req,missing_destination,43,Application-18-Service,EndDevice-18,Application-18-Service,56900
21791,Application-42,M_Req,missing_destination,67,Application-42-Service,EndDevice-42,Application-42-Service,56900
21801,Application-36,M_Req,missing_destination,61,Application-36-Service,EndDevice-36,Application-36-Service,56900
21802,Application-37,M_Req,missing_destination,62,Application-37-Service,EndDevice-37,Application-37-Service,56900
21805,Application-44,M_Req,missing_destination,69,Application-44-Service,EndDevice-44,Application-44-Service,56900
21806,Application-9,M_Req,missing_destination,34,Application-9-Service,EndDevice-9,Application-9-Service,56900
21808,Application-38,M_Req,missing_destination,63,Application-38-Service,EndDevice-38,Application-38-Service,56900
21809,Application-11,M_Req,missing_destination,36,Application-11-Service,EndDevice-11,Application-11-Service,56900
21810,Application-43,M_Req,missing_destination,68,Application-43-Service,EndDevice-43,Application-43-Service,56900
21814,Application-10,M_Req,missing_destination,35,Application-10-Service,EndDevice-10,Application-10-Service,56900
21819,Application-41,M_Req,missing_destination,66,Application-41-Service,EndDevice-41,Application-41-Service,56900
21823,Application-40,M_Req,missing_destination,65,Application-40-Service,EndDevice-40,Application-40-Service,56900
21835,Application-18,M_Req,missing_destination,43,Application-18-Service,EndDevice-18,Application-18-Service,57000
21838,Application-42,M_Req,missing_destination,67,Application-42-Service,EndDevice-42,Application-42-Service,57000
21844,Application-37,M_Req,missing_destination,62,Application-37-Service,EndDevice-37,Application-37-Service,57000
21847,Application-44,M_Req,missing_destination,69,Application-44-Service,EndDevice-44,Application-44-Service,57000
21849,Application-38,M_Req,missing_destination,63,Application-38-Service,EndDevice-38,Application-38-Service,57000
21850,Application-11,M_Req,missing_destination,36,Application-11-Service,EndDevice-11,Application-11-Service,57000
21851,Application-43,M_Req,missing_destination,68,Application-43-Service,EndDevice-43,Application-43-Service,57000
21854,Application-10,M_Req,missing_destination,35,Application-10-Service,EndDevice-10,Application-10-Service,57000
21898,Application-11,M_Req,missing_destination,36,Application-11-Service,EndDevice-11,Application-11-Service,57100
21902,Application-10,M_Req,missing_destination,35,Application-10-Service,EndDevice-10,Application-10-Service,57100
21909,Application-40,M_Req,missing_destination,65,Application-40-Service,EndDevice-40,Application-40-Service,57200
21910,Application-30,M_Req,missing_destination,55,Application-30-Service,EndDevice-30,Application-30-Service,57200
21917,Application-22,M_Req,missing_destination,47,Application-22-Service,EndDevice-22,Application-22-Service,57200
21921,Application-24,M_Req,missing_destination,49,Application-24-Service,EndDevice-24,Application-24-Service,57200
21928,Application-32,M_Req,missing_destination,57,Application-32-Service,EndDevice-32,Application-32-Service,57200
21929,Application-29,M_Req,missing_destination,54,Application-29-Service,EndDevice-29,Application-29-Service,57200
21937,Application-11,M_Req,missing_destination,36,Application-11-Service,EndDevice-11,Application-11-Service,57300
21939,Application-23,M_Req,missing_destination,48,Application-23-Service,EndDevice-23,Application-23-Service,57300
21940,Application-21,M_Req,missing_destination,46,Application-21-Service,EndDevice-21,Application-21-Service,57300
21944,Application-31,M_Req,missing_destination,56,Application-31-Service,EndDevice-31,Application-31-Service,57300
21957,Application-40,M_Req,missing_destination,65,Application-40-Service,EndDevice-40,Application-40-Service,57300
21958,Application-30,M_Req,missing_destination,55,Application-30-Service,EndDevice-30,Application-30-Service,57300
21965,Application-22,M_Req,missing_destination,47,Application-22-Service,EndDevice-22,Application-22-Service,57300
21969,Application-24,M_Req,missing_destination,49,Application-24-Service,EndDevice-24,Application-24-Service,57300
21976,Application-32,M_Req,missing_destination,57,Application-32-Service,EndDevice-32,Application-32-Service,57300
21977,Application-29,M_Req,missing_destination,54,Application-29-Service,EndDevice-29,Application-29-Service,57300
21987,Application-23,M_Req,missing_destination,48,Application-23-Service,EndDevice-23,Application-23-Service,57400
21988,Application-21,M_Req,missing_destination,46,Application-21-Service,EndDevice-21,Application-21-Service,57400
21998,Application-40,M_Req,missing_destination,65,Application-40-Service,EndDevice-40,Application-40-Service,57400
22006,Application-22,M_Req,missing_destination,47,Application-22-Service,EndDevice-22,Application-22-Service,57400
22010,Application-8,M_Req,missing_destination,33,Application-8-Service,EndDevice-8,Application-8-Service,57500
22019,Application-7,M_Req,missing_destination,32,Application-7-Service,EndDevice-7,Application-7-Service,57500
22021,Application-39,M_Req,missing_destination,64,Application-39-Service,EndDevice-39,Application-39-Service,57500
22024,Application-35,M_Req,missing_destination,60,Application-35-Service,EndDevice-35,Application-35-Service,57500
22029,Application-37,M_Req,missing_destination,62,Application-37-Service,EndDevice-37,Application-37-Service,57500
22032,Application-38,M_Req,missing_destination,63,Application-38-Service,EndDevice-38,Application-38-Service,57500
22035,Application-23,M_Req,missing_destination,48,Application-23-Service,EndDevice-23,Application-23-Service,57500
22036,Application-21,M_Req,missing_destination,46,Application-21-Service,EndDevice-21,Application-21-Service,57500
22041,Application-5,M_Req,missing_destination,30,Application-5-Service,EndDevice-5,Application-5-Service,57500
22043,Application-41,M_Req,missing_destination,66,Application-41-Service,EndDevice-41,Application-41-Service,57500
22046,Application-40,M_Req,missing_destination,65,Application-40-Service,EndDevice-40,Application-40-Service,57500
22051,Application-6,M_Req,missing_destination,31,Application-6-Service,EndDevice-6,Application-6-Service,57500
22052,Application-36,M_Req,missing_destination,61,Application-36-Service,EndDevice-36,Application-36-Service,57500
22053,Application-9,M_Req,missing_destination,34,Application-9-Service,EndDevice-9,Application-9-Service,57500
22054,Application-22,M_Req,missing_destination,47,Application-22-Service,EndDevice-22,Application-22-Service,57500
22058,Application-8,M_Req,missing_destination,33,Application-8-Service,EndDevice-8,Application-8-Service,57600
22066,Application-7,M_Req,missing_destination,32,Application-7-Service,EndDevice-7,Application-7-Service,57600
22068,Application-39,M_Req,missing_destination,64,Application-39-Service,EndDevice-39,Application-39-Service,57600
22071,Application-35,M_Req,missing_destination,60,Application-35-Service,EndDevice-35,Application-35-Service,57600
22075,Application-37,M_Req,missing_destination,62,Application-37-Service,EndDevice-37,Application-37-Service,57600
22078,Application-38,M_Req,missing_destination,63,Application-38-Service,EndDevice-38,Application-38-Service,57600
22081,Application-21,M_Req,missing_destination,46,Application-21-Service,EndDevice-21,Application-21-Service,57600
22085,Application-5,M_Req,missing_destination,30,Application-5-Service,EndDevice-5,Application-5-Service,57600
22106,Application-8,M_Req,missing_destination,33,Application-8-Service,EndDevice-8,Application-8-Service,57700
22114,Application-7,M_Req,missing_destination,32,Application-7-Service,EndDevice-7,Application-7-Service,57700
22129,Application-21,M_Req,missing_destination,46,Application-21-Service,EndDevice-21,Application-21-Service,57700
22133,Application-5,M_Req,missing_destination,30,Application-5-Service,EndDevice-5,Application-5-Service,57700
22135,Application-26,M_Req,missing_destination,51,Application-26-Service,EndDevice-26,Application-26-Service,57800
22141,Application-20,M_Req,missing_destination,45,Application-20-Service,EndDevice-20,Application-20-Service,57800
22143,Application-19,M_Req,missing_destination,44,Application-19-Service,EndDevice-19,Application-19-Service,57800
22148,Application-23,M_Req,missing_destination,48,Application-23-Service,EndDevice-23,Application-23-Service,57800
22151,Application-8,M_Req,missing_destination,33,Application-8-Service,EndDevice-8,Application-8-Service,57800
22156,Application-7,M_Req,missing_destination,32,Application-7-Service,EndDevice-7,Application-7-Service,57800
22157,Application-28,M_Req,missing_destination,53,Application-28-Service,EndDevice-28,Application-28-Service,57800
22159,Application-27,M_Req,missing_destination,52,Application-27-Service,EndDevice-27,Application-27-Service,57800
22171,Application-17,M_Req,missing_destination,42,Application-17-Service,EndDevice-17,Application-17-Service,57900
22183,Application-26,M_Req,missing_destination,51,Application-26-Service,EndDevice-26,Application-26-Service,57900
22189,Application-20,M_Req,missing_destination,45,Application-20-Service,EndDevice-20,Application-20-Service,57900
22191,Application-19,M_Req,missing_destination,44,Application-19-Service,EndDevice-19,Application-19-Service,57900
22196,Application-23,M_Req,missing_destination,48,Application-23-Service,EndDevice-23,Application-23-Service,57900
22199,Application-8,M_Req,missing_destination,33,Application-8-Service,EndDevice-8,Application-8-Service,57900
22204,Application-7,M_Req,missing_destination,32,Application-7-Service,EndDevice-7,Application-7-Service,57900
22205,Application-28,M_Req,missing_destination,53,Application-28-Service,EndDevice-28,Application-28-Service,57900
22207,Application-27,M_Req,missing_destination,52,Application-27-Service,EndDevice-27,Application-27-Service,57900
22229,Application-26,M_Req,missing_destination,51,Application-26-Service,EndDevice-26,Application-26-Service,58000
22240,Application-23,M_Req,missing_destination,48,Application-23-Service,EndDevice-23,Application-23-Service,58000
22250,Application-10,M_Req,missing_destination,35,Application-10-Service,EndDevice-10,Application-10-Service,58100
22264,Application-11,M_Req,missing_destination,36,Application-11-Service,EndDevice-11,Application-11-Service,58100
22266,Application-17,M_Req,missing_destination,42,Application-17-Service,EndDevice-17,Application-17-Service,58100
22277,Application-26,M_Req,missing_destination,51,Application-26-Service,EndDevice-26,Application-26-Service,58100
22281,Application-9,M_Req,missing_destination,34,Application-9-Service,EndDevice-9,Application-9-Service,58100
22283,Application-20,M_Req,missing_destination,45,Application-20-Service,EndDevice-20,Application-20-Service,58100
22284,Application-19,M_Req,missing_destination,44,Application-19-Service,EndDevice-19,Application-19-Service,58100
22287,Application-12,M_Req,missing_destination,37,Application-12-Service,EndDevice-12,Application-12-Service,58100
22288,Application-23,M_Req,missing_destination,48,Application-23-Service,EndDevice-23,Application-23-Service,58100
22297,Application-10,M_Req,missing_destination,35,Application-10-Service,EndDevice-10,Application-10-Service,58200
22309,Application-11,M_Req,missing_destination,36,Application-11-Service,EndDevice-11,Application-11-Service,58200
22311,Application-17,M_Req,missing_destination,42,Application-17-Service,EndDevice-17,Application-17-Service,58200
22345,Application-10,M_Req,missing_destination,35,Application-10-Service,EndDevice-10,Application-10-Service,58300
22357,Application-11,M_Req,missing_destination,36,Application-11-Service,EndDevice-11,Application-11-Service,58300
22375,Application-13,M_Req,missing_destination,38,Application-13-Service,EndDevice-13,Application-13-Service,58400
22380,Application-20,M_Req,missing_destination,45,Application-20-Service,EndDevice-20,Application-20-Service,58400
22381,Application-26,M_Req,missing_destination,51,Application-26-Service,EndDevice-26,Application-26-Service,58400
22382,Application-15,M_Req,missing_destination,40,Application-15-Service,EndDevice-15,Application-15-Service,58400
22384,Application-24,M_Req,missing_destination,49,Application-24-Service,EndDevice-24,Application-24-Service,58400
22387,Application-7,M_Req,missing_destination,32,Application-7-Service,EndDevice-7,Application-7-Service,58400
22389,Application-10,M_Req,missing_destination,35,Application-10-Service,EndDevice-10,Application-10-Service,58400
22391,Application-14,M_Req,missing_destination,39,Application-14-Service,EndDevice-14,Application-14-Service,58400
22395,Application-42,M_Req,missing_destination,67,Application-42-Service,EndDevice-42,Application-42-Service,58400
22396,Application-21,M_Req,missing_destination,46,Application-21-Service,EndDevice-21,Application-21-Service,58400
22399,Application-44,M_Req,missing_destination,69,Application-44-Service,EndDevice-44,Application-44-Service,58500
22405,Application-16,M_Req,missing_destination,41,Application-16-Service,EndDevice-16,Application-16-Service,58500
22423,Application-13,M_Req,missing_destination,38,Application-13-Service,EndDevice-13,Application-13-Service,58500
22428,Application-20,M_Req,missing_destination,45,Application-20-Service,EndDevice-20,Application-20-Service,58500
22429,Application-26,M_Req,missing_destination,51,Application-26-Service,EndDevice-26,Application-26-Service,58500
22430,Application-15,M_Req,missing_destination,40,Application-15-Service,EndDevice-15,Application-15-Service,58500
22432,Application-24,M_Req,missing_destination,49,Application-24-Service,EndDevice-24,Application-24-Service,58500
22435,Application-7,M_Req,missing_destination,32,Application-7-Service,EndDevice-7,Application-7-Service,58500
22437,Application-10,M_Req,missing_destination,35,Application-10-Service,EndDevice-10,Application-10-Service,58500
22439,Application-14,M_Req,missing_destination,39,Application-14-Service,EndDevice-14,Application-14-Service,58500
22443,Application-42,M_Req,missing_destination,67,Application-42-Service,EndDevice-42,Application-42-Service,58500
22444,Application-21,M_Req,missing_destination,46,Application-21-Service,EndDevice-21,Application-21-Service,58500
22447,Application-44,M_Req,missing_destination,69,Application-44-Service,EndDevice-44,Application-44-Service,58600
22470,Application-26,M_Req,missing_destination,51,Application-26-Service,EndDevice-26,Application-26-Service,58600
22473,Application-24,M_Req,missing_destination,49,Application-24-Service,EndDevice-24,Application-24-Service,58700
22474,Application-29,M_Req,missing_destination,54,Application-29-Service,EndDevice-29,Application-29-Service,58700
22477,Application-31,M_Req,missing_destination,56,Application-31-Service,EndDevice-31,Application-31-Service,58700
22490,Application-48,M_Req,missing_destination,73,Application-48-Service,EndDevice-48,Application-48-Service,58700
22495,Application-44,M_Req,missing_destination,69,Application-44-Service,EndDevice-44,Application-44-Service,58700
22496,Application-45,M_Req,missing_destination,70,Application-45-Service,EndDevice-45,Application-45-Service,58700
22501,Application-47,M_Req,missing_destination,72,Application-47-Service,EndDevice-47,Application-47-Service,58700
22502,Application-43,M_Req,missing_destination,68,Application-43-Service,EndDevice-43,Application-43-Service,58700
22506,Application-9,M_Req,missing_destination,34,Application-9-Service,EndDevice-9,Application-9-Service,58700
22508,Application-32,M_Req,missing_destination,57,Application-32-Service,EndDevice-32,Application-32-Service,58700
22509,Application-30,M_Req,missing_destination,55,Application-30-Service,EndDevice-30,Application-30-Service,58700
22512,Application-12,M_Req,missing_destination,37,Application-12-Service,EndDevice-12,Application-12-Service,58700
22516,Application-46,M_Req,missing_destination,71,Application-46-Service,EndDevice-46,Application-46-Service,58700
22518,Application-26,M_Req,missing_destination,51,Application-26-Service,EndDevice-26,Application-26-Service,58700
22521,Application-29,M_Req,missing_destination,54,Application-29-Service,EndDevice-29,Application-29-Service,58800
22533,Application-48,M_Req,missing_destination,73,Application-48-Service,EndDevice-48,Application-48-Service,58800
22538,Application-44,M_Req,missing_destination,69,Application-44-Service,EndDevice-44,Application-44-Service,58800
22539,Application-45,M_Req,missing_destination,70,Application-45-Service,EndDevice-45,Application-45-Service,58800
22544,Application-47,M_Req,missing_destination,72,Application-47-Service,EndDevice-47,Application-47-Service,58800
22545,Application-43,M_Req,missing_destination,68,Application-43-Service,EndDevice-43,Application-43-Service,58800
22549,Application-9,M_Req,missing_destination,34,Application-9-Service,EndDevice-9,Application-9-Service,58800
22551,Application-32,M_Req,missing_destination,57,Application-32-Service,EndDevice-32,Application-32-Service,58800
22569,Application-29,M_Req,missing_destination,54,Application-29-Service,EndDevice-29,Application-29-Service,58900
22581,Application-48,M_Req,missing_destination,73,Application-48-Service,EndDevice-48,Application-48-Service,58900
22587,Application-45,M_Req,missing_destination,70,Application-45-Service,EndDevice-45,Application-45-Service,58900
22592,Application-47,M_Req,missing_destination,72,Application-47-Service,EndDevice-47,Application-47-Service,58900
22593,Application-43,M_Req,missing_destination,68,Application-43-Service,EndDevice-43,Application-43-Service,58900
22597,Application-9,M_Req,missing_destination,34,Application-9-Service,EndDevice-9,Application-9-Service,58900
22599,Application-32,M_Req,missing_destination,57,Application-32-Service,EndDevice-32,Application-32-Service,58900
22600,Application-30,M_Req,missing_destination,55,Application-30-Service,EndDevice-30,Application-30-Service,59000
22613,Application-29,M_Req,missing_destination,54,Application-29-Service,EndDevice-29,Application-29-Service,59000
22616,Application-40,M_Req,missing_destination,65,Application-40-Service,EndDevice-40,Application-40-Service,59000
22620,Application-48,M_Req,missing_destination,73,Application-48-Service,EndDevice-48,Application-48-Service,59000
22621,Application-22,M_Req,missing_destination,47,Application-22-Service,EndDevice-22,Application-22-Service,59000
22627,Application-37,M_Req,missing_destination,62,Application-37-Service,EndDevice-37,Application-37-Service,59100
22648,Application-30,M_Req,missing_destination,55,Application-30-Service,EndDevice-30,Application-30-Service,59100
22661,Application-29,M_Req,missing_destination,54,Application-29-Service,EndDevice-29,Application-29-Service,59100
22664,Application-40,M_Req,missing_destination,65,Application-40-Service,EndDevice-40,Application-40-Service,59100
22668,Application-48,M_Req,missing_destination,73,Application-48-Service,EndDevice-48,Application-48-Service,59100
22669,Application-22,M_Req,missing_destination,47,Application-22-Service,EndDevice-22,Application-22-Service,59100
22704,Application-36,M_Req,missing_destination,61,Application-36-Service,EndDevice-36,Application-36-Service,59300
22713,Application-16,M_Req,missing_destination,41,Application-16-Service,EndDevice-16,Application-16-Service,59300
22719,Application-33,M_Req,missing_destination,58,Application-33-Service,EndDevice-33,Application-33-Service,59300
22729,Application-35,M_Req,missing_destination,60,Application-35-Service,EndDevice-35,Application-35-Service,59300
22730,Application-32,M_Req,missing_destination,57,Application-32-Service,EndDevice-32,Application-32-Service,59300
22733,Application-34,M_Req,missing_destination,59,Application-34-Service,EndDevice-34,Application-34-Service,59300
22735,Application-13,M_Req,missing_destination,38,Application-13-Service,EndDevice-13,Application-13-Service,59300
22737,Application-23,M_Req,missing_destination,48,Application-23-Service,EndDevice-23,Application-23-Service,59300
22744,Application-14,M_Req,missing_destination,39,Application-14-Service,EndDevice-14,Application-14-Service,59300
22745,Application-15,M_Req,missing_destination,40,Application-15-Service,EndDevice-15,Application-15-Service,59300
22752,Application-36,M_Req,missing_destination,61,Application-36-Service,EndDevice-36,Application-36-Service,59400
22758,Application-16,M_Req,missing_destination,41,Application-16-Service,EndDevice-16,Application-16-Service,59400
22764,Application-33,M_Req,missing_destination,58,Application-33-Service,EndDevice-33,Application-33-Service,59400
22771,Application-35,M_Req,missing_destination,60,Application-35-Service,EndDevice-35,Application-35-Service,59400
22772,Application-32,M_Req,missing_destination,57,Application-32-Service,EndDevice-32,Application-32-Service,59400
22775,Application-34,M_Req,missing_destination,59,Application-34-Service,EndDevice-34,Application-34-Service,59400
22777,Application-13,M_Req,missing_destination,38,Application-13-Service,EndDevice-13,Application-13-Service,59400
22779,Application-23,M_Req,missing_destination,48,Application-23-Service,EndDevice-23,Application-23-Service,59400
22806,Application-16,M_Req,missing_destination,41,Application-16-Service,EndDevice-16,Application-16-Service,59500
22820,Application-32,M_Req,missing_destination,57,Application-32-Service,EndDevice-32,Application-32-Service,59500
22825,Application-13,M_Req,missing_destination,38,Application-13-Service,EndDevice-13,Application-13-Service,59500
22827,Application-23,M_Req,missing_destination,48,Application-23-Service,EndDevice-23,Application-23-Service,59500
22833,Application-3,M_Req,missing_destination,28,Application-3-Service,EndDevice-3,Application-3-Service,59600
22835,Application-2,M_Req,missing_destination,27,Application-2-Service,EndDevice-2,Application-2-Service,59600
22840,Application-4,M_Req,missing_destination,29,Application-4-Service,EndDevice-4,Application-4-Service,59600
22849,Application-16,M_Req,missing_destination,41,Application-16-Service,EndDevice-16,Application-16-Service,59600
22860,Application-1,M_Req,missing_destination,26,Application-1-Service,EndDevice-1,Application-1-Service,59700
22863,Application-38,M_Req,missing_destination,63,Application-38-Service,EndDevice-38,Application-38-Service,59700
22865,Application-39,M_Req,missing_destination,64,Application-39-Service,EndDevice-39,Application-39-Service,59700
22881,Application-3,M_Req,missing_destination,28,Application-3-Service,EndDevice-3,Application-3-Service,59700
22883,Application-2,M_Req,missing_destination,27,Application-2-Service,EndDevice-2,Application-2-Service,59700
22888,Application-4,M_Req,missing_destination,29,Application-4-Service,EndDevice-4,Application-4-Service,59700
22897,Application-16,M_Req,missing_destination,41,Application-16-Service,EndDevice-16,Application-16-Service,59700
22908,Application-1,M_Req,missing_destination,26,Application-1-Service,EndDevice-1,Application-1-Service,59800
22910,Application-38,M_Req,missing_destination,63,Application-38-Service,EndDevice-38,Application-38-Service,59800
22912,Application-39,M_Req,missing_destination,64,Application-39-Service,EndDevice-39,Application-39-Service,59800
22923,Application-3,M_Req,missing_destination,28,Application-3-Service,EndDevice-3,Application-3-Service,59800
22924,Application-2,M_Req,missing_destination,27,Application-2-Service,EndDevice-2,Application-2-Service,59800
22930,Application-8,M_Req,missing_destination,33,Application-8-Service,EndDevice-8,Application-8-Service,59900
22932,Application-42,M_Req,missing_destination,67,Application-42-Service,EndDevice-42,Application-42-Service,59900
22947,Application-40,M_Req,missing_destination,65,Application-40-Service,EndDevice-40,Application-40-Service,59900
22950,Application-7,M_Req,missing_destination,32,Application-7-Service,EndDevice-7,Application-7-Service,59900
22953,Application-44,M_Req,missing_destination,69,Application-44-Service,EndDevice-44,Application-44-Service,59900
22956,Application-1,M_Req,missing_destination,26,Application-1-Service,EndDevice-1,Application-1-Service,59900
22957,Application-43,M_Req,missing_destination,68,Application-43-Service,EndDevice-43,Application-43-Service,59900
22958,Application-38,M_Req,missing_destination,63,Application-38-Service,EndDevice-38,Application-38-Service,59900
22960,Application-39,M_Req,missing_destination,64,Application-39-Service,EndDevice-39,Application-39-Service,59900
22970,Application-5,M_Req,missing_destination,30,Application-5-Service,EndDevice-5,Application-5-Service,59900
22971,Application-3,M_Req,missing_destination,28,Application-3-Service,EndDevice-3,Application-3-Service,59900
22972,Application-2,M_Req,missing_destination,27,Application-2-Service,EndDevice-2,Application-2-Service,59900
22974,Application-6,M_Req,missing_destination,31,Application-6-Service,EndDevice-6,Application-6-Service,59900
22975,Application-41,M_Req,missing_destination,66,Application-41-Service,EndDevice-41,Application-41-Service,59900
22977,Application-8,M_Req,missing_destination,33,Application-8-Service,EndDevice-8,Application-8-Service,60000
22979,Application-42,M_Req,missing_destination,67,Application-42-Service,EndDevice-42,Application-42-Service,60000
22992,Application-40,M_Req,missing_destination,65,Application-40-Service,EndDevice-40,Application-40-Service,60000
22995,Application-7,M_Req,missing_destination,32,Application-7-Service,EndDevice-7,Application-7-Service,60000
22997,Application-44,M_Req,missing_destination,69,Application-44-Service,EndDevice-44,Application-44-Service,60000
23000,Application-1,M_Req,missing_destination,26,Application-1-Service,EndDevice-1,Application-1-Service,60000
23001,Application-38,M_Req,missing_destination,63,Application-38-Service,EndDevice-38,Application-38-Service,60000
23003,Application-39,M_Req,missing_destination,64,Application-39-Service,EndDevice-39,Application-39-Service,60000
23025,Application-8,M_Req,missing_destination,33,Application-8-Service,EndDevice-8,Application-8-Service,60100
23040,Application-40,M_Req,missing_destination,65,Application-40-Service,EndDevice-40,Application-40-Service,60100
23043,Application-7,M_Req,missing_destination,32,Application-7-Service,EndDevice-7,Application-7-Service,60100
23048,Application-1,M_Req,missing_destination,26,Application-1-Service,EndDevice-1,Application-1-Service,60100
23068,Application-4,M_Req,missing_destination,29,Application-4-Service,EndDevice-4,Application-4-Service,60200
23069,Application-8,M_Req,missing_destination,33,Application-8-Service,EndDevice-8,Application-8-Service,60200
23073,Application-21,M_Req,missing_destination,46,Application-21-Service,EndDevice-21,Application-21-Service,60200
23080,Application-40,M_Req,missing_destination,65,Application-40-Service,EndDevice-40,Application-40-Service,60200
23083,Application-7,M_Req,missing_destination,32,Application-7-Service,EndDevice-7,Application-7-Service,60200
23088,Application-38,M_Req,missing_destination,63,Application-38-Service,EndDevice-38,Application-38-Service,60300
23090,Application-39,M_Req,missing_destination,64,Application-39-Service,EndDevice-39,Application-39-Service,60300
23091,Application-23,M_Req,missing_destination,48,Application-23-Service,EndDevice-23,Application-23-Service,60300
23116,Application-4,M_Req,missing_destination,29,Application-4-Service,EndDevice-4,Application-4-Service,60300
23117,Application-8,M_Req,missing_destination,33,Application-8-Service,EndDevice-8,Application-8-Service,60300
23121,Application-21,M_Req,missing_destination,46,Application-21-Service,EndDevice-21,Application-21-Service,60300
23128,Application-40,M_Req,missing_destination,65,Application-40-Service,EndDevice-40,Application-40-Service,60300
23131,Application-7,M_Req,missing_destination,32,Application-7-Service,EndDevice-7,Application-7-Service,60300
23136,Application-38,M_Req,missing_destination,63,Application-38-Service,EndDevice-38,Application-38-Service,60400
23138,Application-39,M_Req,missing_destination,64,Application-39-Service,EndDevice-39,Application-39-Service,60400
23164,Application-9,M_Req,missing_destination,34,Application-9-Service,EndDevice-9,Application-9-Service,60500
23172,Application-12,M_Req,missing_destination,37,Application-12-Service,EndDevice-12,Application-12-Service,60500
23174,Application-40,M_Req,missing_destination,65,Application-40-Service,EndDevice-40,Application-40-Service,60500
23177,Application-11,M_Req,missing_destination,36,Application-11-Service,EndDevice-11,Application-11-Service,60500
23184,Application-38,M_Req,missing_destination,63,Application-38-Service,EndDevice-38,Application-38-Service,60500
23186,Application-39,M_Req,missing_destination,64,Application-39-Service,EndDevice-39,Application-39-Service,60500
23187,Application-23,M_Req,missing_destination,48,Application-23-Service,EndDevice-23,Application-23-Service,60500
23191,Application-24,M_Req,missing_destination,49,Application-24-Service,EndDevice-24,Application-24-Service,60500
23198,Application-37,M_Req,missing_destination,62,Application-37-Service,EndDevice-37,Application-37-Service,60500
23204,Application-10,M_Req,missing_destination,35,Application-10-Service,EndDevice-10,Application-10-Service,60500
23210,Application-9,M_Req,missing_destination,34,Application-9-Service,EndDevice-9,Application-9-Service,60600
23218,Application-12,M_Req,missing_destination,37,Application-12-Service,EndDevice-12,Application-12-Service,60600
23219,Application-40,M_Req,missing_destination,65,Application-40-Service,EndDevice-40,Application-40-Service,60600
23222,Application-11,M_Req,missing_destination,36,Application-11-Service,EndDevice-11,Application-11-Service,60600
23228,Application-38,M_Req,missing_destination,63,Application-38-Service,EndDevice-38,Application-38-Service,60600
23229,Application-39,M_Req,missing_destination,64,Application-39-Service,EndDevice-39,Application-39-Service,60600
23232,Application-24,M_Req,missing_destination,49,Application-24-Service,EndDevice-24,Application-24-Service,60600
23239,Application-37,M_Req,missing_destination,62,Application-37-Service,EndDevice-37,Application-37-Service,60600
23258,Application-9,M_Req,missing_destination,34,Application-9-Service,EndDevice-9,Application-9-Service,60700
23266,Application-12,M_Req,missing_destination,37,Application-12-Service,EndDevice-12,Application-12-Service,60700
23267,Application-40,M_Req,missing_destination,65,Application-40-Service,EndDevice-40,Application-40-Service,60700
23270,Application-11,M_Req,missing_destination,36,Application-11-Service,EndDevice-11,Application-11-Service,60700
23280,Application-24,M_Req,missing_destination,49,Application-24-Service,EndDevice-24,Application-24-Service,60700
23287,Application-37,M_Req,missing_destination,62,Application-37-Service,EndDevice-37,Application-37-Service,60700
23303,Application-9,M_Req,missing_destination,34,Application-9-Service,EndDevice-9,Application-9-Service,60800
23311,Application-12,M_Req,missing_destination,37,Application-12-Service,EndDevice-12,Application-12-Service,60800
23313,Application-11,M_Req,missing_destination,36,Application-11-Service,EndDevice-11,Application-11-Service,60800
23318,Application-1,M_Req,missing_destination,26,Application-1-Service,EndDevice-1,Application-1-Service,60900
23319,Application-39,M_Req,missing_destination,64,Application-39-Service,EndDevice-39,Application-39-Service,60900
23351,Application-9,M_Req,missing_destination,34,Application-9-Service,EndDevice-9,Application-9-Service,60900
23359,Application-12,M_Req,missing_destination,37,Application-12-Service,EndDevice-12,Application-12-Service,60900
23361,Application-11,M_Req,missing_destination,36,Application-11-Service,EndDevice-11,Application-11-Service,60900
23366,Application-1,M_Req,missing_destination,26,Application-1-Service,EndDevice-1,Application-1-Service,61000
23391,Application-36,M_Req,missing_destination,61,Application-36-Service,EndDevice-36,Application-36-Service,61100
23402,Application-35,M_Req,missing_destination,60,Application-35-Service,EndDevice-35,Application-35-Service,61100
23404,Application-2,M_Req,missing_destination,27,Application-2-Service,EndDevice-2,Application-2-Service,61100
23406,Application-16,M_Req,missing_destination,41,Application-16-Service,EndDevice-16,Application-16-Service,61100
23407,Application-23,M_Req,missing_destination,48,Application-23-Service,EndDevice-23,Application-23-Service,61100
23408,Application-13,M_Req,missing_destination,38,Application-13-Service,EndDevice-13,Application-13-Service,61100
23414,Application-1,M_Req,missing_destination,26,Application-1-Service,EndDevice-1,Application-1-Service,61100
23420,Application-22,M_Req,missing_destination,47,Application-22-Service,EndDevice-22,Application-22-Service,61100
23421,Application-15,M_Req,missing_destination,40,Application-15-Service,EndDevice-15,Application-15-Service,61100
23422,Application-14,M_Req,missing_destination,39,Application-14-Service,EndDevice-14,Application-14-Service,61100
23424,Application-33,M_Req,missing_destination,58,Application-33-Service,EndDevice-33,Application-33-Service,61100
23426,Application-38,M_Req,missing_destination,63,Application-38-Service,EndDevice-38,Application-38-Service,61100
23427,Application-37,M_Req,missing_destination,62,Application-37-Service,EndDevice-37,Application-37-Service,61100
23433,Application-34,M_Req,missing_destination,59,Application-34-Service,EndDevice-34,Application-34-Service,61100
23438,Application-36,M_Req,missing_destination,61,Application-36-Service,EndDevice-36,Application-36-Service,61200
23449,Application-2,M_Req,missing_destination,27,Application-2-Service,EndDevice-2,Application-2-Service,61200
23451,Application-16,M_Req,missing_destination,41,Application-16-Service,EndDevice-16,Application-16-Service,61200
23452,Application-23,M_Req,missing_destination,48,Application-23-Service,EndDevice-23,Application-23-Service,61200
23453,Application-13,M_Req,missing_destination,38,Application-13-Service,EndDevice-13,Application-13-Service,61200
23458,Application-1,M_Req,missing_destination,26,Application-1-Service,EndDevice-1,Application-1-Service,61200
23461,Application-22,M_Req,missing_destination,47,Application-22-Service,EndDevice-22,Application-22-Service,61200
23462,Application-15,M_Req,missing_destination,40,Application-15-Service,EndDevice-15,Application-15-Service,61200
23463,Application-14,M_Req,missing_destination,39,Application-14-Service,EndDevice-14,Application-14-Service,61200
23464,Application-33,M_Req,missing_destination,58,Application-33-Service,EndDevice-33,Application-33-Service,61200
23466,Application-38,M_Req,missing_destination,63,Application-38-Service,EndDevice-38,Application-38-Service,61200
23467,Application-37,M_Req,missing_destination,62,Application-37-Service,EndDevice-37,Application-37-Service,61200
23486,Application-36,M_Req,missing_destination,61,Application-36-Service,EndDevice-36,Application-36-Service,61300
23500,Application-23,M_Req,missing_destination,48,Application-23-Service,EndDevice-23,Application-23-Service,61300
23506,Application-1,M_Req,missing_destination,26,Application-1-Service,EndDevice-1,Application-1-Service,61300
23512,Application-33,M_Req,missing_destination,58,Application-33-Service,EndDevice-33,Application-33-Service,61300
23518,Application-3,M_Req,missing_destination,28,Application-3-Service,EndDevice-3,Application-3-Service,61400
23524,Application-46,M_Req,missing_destination,71,Application-46-Service,EndDevice-46,Application-46-Service,61400
23526,Application-45,M_Req,missing_destination,70,Application-45-Service,EndDevice-45,Application-45-Service,61400
23531,Application-47,M_Req,missing_destination,72,Application-47-Service,EndDevice-47,Application-47-Service,61400
23532,Application-36,M_Req,missing_destination,61,Application-36-Service,EndDevice-36,Application-36-Service,61400
23533,Application-9,M_Req,missing_destination,34,Application-9-Service,EndDevice-9,Application-9-Service,61400
23538,Application-43,M_Req,missing_destination,68,Application-43-Service,EndDevice-43,Application-43-Service,61400
23544,Application-23,M_Req,missing_destination,48,Application-23-Service,EndDevice-23,Application-23-Service,61400
23548,Application-44,M_Req,missing_destination,69,Application-44-Service,EndDevice-44,Application-44-Service,61500
23566,Application-3,M_Req,missing_destination,28,Application-3-Service,EndDevice-3,Application-3-Service,61500
23572,Application-46,M_Req,missing_destination,71,Application-46-Service,EndDevice-46,Application-46-Service,61500
23574,Application-45,M_Req,missing_destination,70,Application-45-Service,EndDevice-45,Application-45-Service,61500
23579,Application-47,M_Req,missing_destination,72,Application-47-Service,EndDevice-47,Application-47-Service,61500
23580,Application-36,M_Req,missing_destination,61,Application-36-Service,EndDevice-36,Application-36-Service,61500
23581,Application-9,M_Req,missing_destination,34,Application-9-Service,EndDevice-9,Application-9-Service,61500
23586,Application-43,M_Req,missing_destination,68,Application-43-Service,EndDevice-43,Application-43-Service,61500
23592,Application-23,M_Req,missing_destination,48,Application-23-Service,EndDevice-23,Application-23-Service,61500
23596,Application-44,M_Req,missing_destination,69,Application-44-Service,EndDevice-44,Application-44-Service,61600
23611,Application-3,M_Req,missing_destination,28,Application-3-Service,EndDevice-3,Application-3-Service,61600
23625,Application-19,M_Req,missing_destination,44,Application-19-Service,EndDevice-19,Application-19-Service,61700
23631,Application-16,M_Req,missing_destination,41,Application-16-Service,EndDevice-16,Application-16-Service,61700
23633,Application-13,M_Req,missing_destination,38,Application-13-Service,EndDevice-13,Application-13-Service,61700
23644,Application-44,M_Req,missing_destination,69,Application-44-Service,EndDevice-44,Application-44-Service,61700
23647,Application-20,M_Req,missing_destination,45,Application-20-Service,EndDevice-20,Application-20-Service,61700
23652,Application-15,M_Req,missing_destination,40,Application-15-Service,EndDevice-15,Application-15-Service,61700
23654,Application-14,M_Req,missing_destination,39,Application-14-Service,EndDevice-14,Application-14-Service,61700
23655,Application-48,M_Req,missing_destination,73,Application-48-Service,EndDevice-48,Application-48-Service,61700
23656,Application-18,M_Req,missing_destination,43,Application-18-Service,EndDevice-18,Application-18-Service,61700
23659,Application-3,M_Req,missing_destination,28,Application-3-Service,EndDevice-3,Application-3-Service,61700
23665,Application-17,M_Req,missing_destination,42,Application-17-Service,EndDevice-17,Application-17-Service,61700
23672,Application-19,M_Req,missing_destination,44,Application-19-Service,EndDevice-19,Application-19-Service,61800
23678,Application-16,M_Req,missing_destination,41,Application-16-Service,EndDevice-16,Application-16-Service,61800
23680,Application-13,M_Req,missing_destination,38,Application-13-Service,EndDevice-13,Application-13-Service,61800
23688,Application-44,M_Req,missing_destination,69,Application-44-Service,EndDevice-44,Application-44-Service,61800
23690,Application-20,M_Req,missing_destination,45,Application-20-Service,EndDevice-20,Application-20-Service,61800
23695,Application-15,M_Req,missing_destination,40,Application-15-Service,EndDevice-15,Application-15-Service,61800
23697,Application-14,M_Req,missing_destination,39,Application-14-Service,EndDevice-14,Application-14-Service,61800
23698,Application-48,M_Req,missing_destination,73,Application-48-Service,EndDevice-48,Application-48-Service,61800
23699,Application-18,M_Req,missing_destination,43,Application-18-Service,EndDevice-18,Application-18-Service,61800
23720,Application-19,M_Req,missing_destination,44,Application-19-Service,EndDevice-19,Application-19-Service,61900
23736,Application-44,M_Req,missing_destination,69,Application-44-Service,EndDevice-44,Application-44-Service,61900
23738,Application-20,M_Req,missing_destination,45,Application-20-Service,EndDevice-20,Application-20-Service,61900
23747,Application-18,M_Req,missing_destination,43,Application-18-Service,EndDevice-18,Application-18-Service,61900
23749,Application-3,M_Req,missing_destination,28,Application-3-Service,EndDevice-3,Application-3-Service,62000
23753,Application-21,M_Req,missing_destination,46,Application-21-Service,EndDevice-21,Application-21-Service,62000
23754,Application-17,M_Req,missing_destination,42,Application-17-Service,EndDevice-17,Application-17-Service,62000
23764,Application-19,M_Req,missing_destination,44,Application-19-Service,EndDevice-19,Application-19-Service,62000
23769,Application-23,M_Req,missing_destination,48,Application-23-Service,EndDevice-23,Application-23-Service,62000
23770,Application-13,M_Req,missing_destination,38,Application-13-Service,EndDevice-13,Application-13-Service,62000
23772,Application-24,M_Req,missing_destination,49,Application-24-Service,EndDevice-24,Application-24-Service,62000
23778,Application-20,M_Req,missing_destination,45,Application-20-Service,EndDevice-20,Application-20-Service,62100
23782,Application-22,M_Req,missing_destination,47,Application-22-Service,EndDevice-22,Application-22-Service,62100
23783,Application-15,M_Req,missing_destination,40,Application-15-Service,EndDevice-15,Application-15-Service,62100
23785,Application-14,M_Req,missing_destination,39,Application-14-Service,EndDevice-14,Application-14-Service,62100
23797,Application-3,M_Req,missing_destination,28,Application-3-Service,EndDevice-3,Application-3-Service,62100
23801,Application-21,M_Req,missing_destination,46,Application-21-Service,EndDevice-21,Application-21-Service,62100
23802,Application-17,M_Req,missing_destination,42,Application-17-Service,EndDevice-17,Application-17-Service,62100
23812,Application-19,M_Req,missing_destination,44,Application-19-Service,EndDevice-19,Application-19-Service,62100
23817,Application-23,M_Req,missing_destination,48,Application-23-Service,EndDevice-23,Application-23-Service,62100
23818,Application-13,M_Req,missing_destination,38,Application-13-Service,EndDevice-13,Application-13-Service,62100
23820,Application-24,M_Req,missing_destination,49,Application-24-Service,EndDevice-24,Application-24-Service,62100
23829,Application-22,M_Req,missing_destination,47,Application-22-Service,EndDevice-22,Application-22-Service,62200
23843,Application-3,M_Req,missing_destination,28,Application-3-Service,EndDevice-3,Application-3-Service,62200
23846,Application-21,M_Req,missing_destination,46,Application-21-Service,EndDevice-21,Application-21-Service,62200
23847,Application-17,M_Req,missing_destination,42,Application-17-Service,EndDevice-17,Application-17-Service,62200
23855,Application-19,M_Req,missing_destination,44,Application-19-Service,EndDevice-19,Application-19-Service,62300
23867,Application-26,M_Req,missing_destination,51,Application-26-Service,EndDevice-26,Application-26-Service,62300
23871,Application-20,M_Req,missing_destination,45,Application-20-Service,EndDevice-20,Application-20-Service,62300
23877,Application-22,M_Req,missing_destination,47,Application-22-Service,EndDevice-22,Application-22-Service,62300
23881,Application-18,M_Req,missing_destination,43,Application-18-Service,EndDevice-18,Application-18-Service,62300
23885,Application-28,M_Req,missing_destination,53,Application-28-Service,EndDevice-28,Application-28-Service,62300
23887,Application-27,M_Req,missing_destination,52,Application-27-Service,EndDevice-27,Application-27-Service,62300
23891,Application-3,M_Req,missing_destination,28,Application-3-Service,EndDevice-3,Application-3-Service,62300
23893,Application-25,M_Req,missing_destination,50,Application-25-Service,EndDevice-25,Application-25-Service,62300
23894,Application-21,M_Req,missing_destination,46,Application-21-Service,EndDevice-21,Application-21-Service,62300
23895,Application-17,M_Req,missing_destination,42,Application-17-Service,EndDevice-17,Application-17-Service,62300
23903,Application-19,M_Req,missing_destination,44,Application-19-Service,EndDevice-19,Application-19-Service,62400
23914,Application-26,M_Req,missing_destination,51,Application-26-Service,EndDevice-26,Application-26-Service,62400
23917,Application-20,M_Req,missing_destination,45,Application-20-Service,EndDevice-20,Application-20-Service,62400
23925,Application-18,M_Req,missing_destination,43,Application-18-Service,EndDevice-18,Application-18-Service,62400
23929,Application-27,M_Req,missing_destination,52,Application-27-Service,EndDevice-27,Application-27-Service,62400
23951,Application-19,M_Req,missing_destination,44,Application-19-Service,EndDevice-19,Application-19-Service,62500
23962,Application-26,M_Req,missing_destination,51,Application-26-Service,EndDevice-26,Application-26-Service,62500
23973,Application-18,M_Req,missing_destination,43,Application-18-Service,EndDevice-18,Application-18-Service,62500
23977,Application-27,M_Req,missing_destination,52,Application-27-Service,EndDevice-27,Application-27-Service,62500
23992,Application-8,M_Req,missing_destination,33,Application-8-Service,EndDevice-8,Application-8-Service,62600
23993,Application-19,M_Req,missing_destination,44,Application-19-Service,EndDevice-19,Application-19-Service,62600
23997,Application-5,M_Req,missing_destination,30,Application-5-Service,EndDevice-5,Application-5-Service,62600
24002,Application-26,M_Req,missing_destination,51,Application-26-Service,EndDevice-26,Application-26-Service,62600
24006,Application-44,M_Req,missing_destination,69,Application-44-Service,EndDevice-44,Application-44-Service,62700
24013,Application-7,M_Req,missing_destination,32,Application-7-Service,EndDevice-7,Application-7-Service,62700
24040,Application-8,M_Req,missing_destination,33,Application-8-Service,EndDevice-8,Application-8-Service,62700
24041,Application-19,M_Req,missing_destination,44,Application-19-Service,EndDevice-19,Application-19-Service,62700
24045,Application-5,M_Req,missing_destination,30,Application-5-Service,EndDevice-5,Application-5-Service,62700
24050,Application-26,M_Req,missing_destination,51,Application-26-Service,EndDevice-26,Application-26-Service,62700
24058,Application-7,M_Req,missing_destination,32,Application-7-Service,EndDevice-7,Application-7-Service,62800
24084,Application-8,M_Req,missing_destination,33,Application-8-Service,EndDevice-8,Application-8-Service,62800
24085,Application-12,M_Req,missing_destination,37,Application-12-Service,EndDevice-12,Application-12-Service,62900
24088,Application-10,M_Req,missing_destination,35,Application-10-Service,EndDevice-10,Application-10-Service,62900
24092,Application-20,M_Req,missing_destination,45,Application-20-Service,EndDevice-20,Application-20-Service,62900
24093,Application-19,M_Req,missing_destination,44,Application-19-Service,EndDevice-19,Application-19-Service,62900
24096,Application-26,M_Req,missing_destination,51,Application-26-Service,EndDevice-26,Application-26-Service,62900
24097,Application-18,M_Req,missing_destination,43,Application-18-Service,EndDevice-18,Application-18-Service,62900
24106,Application-7,M_Req,missing_destination,32,Application-7-Service,EndDevice-7,Application-7-Service,62900
24111,Application-11,M_Req,missing_destination,36,Application-11-Service,EndDevice-11,Application-11-Service,62900
24119,Application-6,M_Req,missing_destination,31,Application-6-Service,EndDevice-6,Application-6-Service,62900
24127,Application-9,M_Req,missing_destination,34,Application-9-Service,EndDevice-9,Application-9-Service,62900
24132,Application-8,M_Req,missing_destination,33,Application-8-Service,EndDevice-8,Application-8-Service,62900
24133,Application-12,M_Req,missing_destination,37,Application-12-Service,EndDevice-12,Application-12-Service,63000
24137,Application-20,M_Req,missing_destination,45,Application-20-Service,EndDevice-20,Application-20-Service,63000
24138,Application-19,M_Req,missing_destination,44,Application-19-Service,EndDevice-19,Application-19-Service,63000
24141,Application-26,M_Req,missing_destination,51,Application-26-Service,EndDevice-26,Application-26-Service,63000
24142,Application-18,M_Req,missing_destination,43,Application-18-Service,EndDevice-18,Application-18-Service,63000
24149,Application-7,M_Req,missing_destination,32,Application-7-Service,EndDevice-7,Application-7-Service,63000
24154,Application-11,M_Req,missing_destination,36,Application-11-Service,EndDevice-11,Application-11-Service,63000
24160,Application-6,M_Req,missing_destination,31,Application-6-Service,EndDevice-6,Application-6-Service,63000
24197,Application-7,M_Req,missing_destination,32,Application-7-Service,EndDevice-7,Application-7-Service,63100
24216,Application-28,M_Req,missing_destination,53,Application-28-Service,EndDevice-28,Application-28-Service,63200
24222,Application-14,M_Req,missing_destination,39,Application-14-Service,EndDevice-14,Application-14-Service,63200
24225,Application-13,M_Req,missing_destination,38,Application-13-Service,EndDevice-13,Application-13-Service,63200
24236,Application-15,M_Req,missing_destination,40,Application-15-Service,EndDevice-15,Application-15-Service,63300
24240,Application-4,M_Req,missing_destination,29,Application-4-Service,EndDevice-4,Application-4-Service,63300
24245,Application-3,M_Req,missing_destination,28,Application-3-Service,EndDevice-3,Application-3-Service,63300
24246,Application-2,M_Req,missing_destination,27,Application-2-Service,EndDevice-2,Application-2-Service,63300
24264,Application-28,M_Req,missing_destination,53,Application-28-Service,EndDevice-28,Application-28-Service,63300
24270,Application-14,M_Req,missing_destination,39,Application-14-Service,EndDevice-14,Application-14-Service,63300
24273,Application-13,M_Req,missing_destination,38,Application-13-Service,EndDevice-13,Application-13-Service,63300
24287,Application-4,M_Req,missing_destination,29,Application-4-Service,EndDevice-4,Application-4-Service,63400
24292,Application-2,M_Req,missing_destination,27,Application-2-Service,EndDevice-2,Application-2-Service,63400
24306,Application-28,M_Req,missing_destination,53,Application-28-Service,EndDevice-28,Application-28-Service,63400
24327,Application-6,M_Req,missing_destination,31,Application-6-Service,EndDevice-6,Application-6-Service,63500
24333,Application-47,M_Req,missing_destination,72,Application-47-Service,EndDevice-47,Application-47-Service,63500
24335,Application-4,M_Req,missing_destination,29,Application-4-Service,EndDevice-4,Application-4-Service,63500
24336,Application-48,M_Req,missing_destination,73,Application-48-Service,EndDevice-48,Application-48-Service,63500
24340,Application-2,M_Req,missing_destination,27,Application-2-Service,EndDevice-2,Application-2-Service,63500
24346,Application-5,M_Req,missing_destination,30,Application-5-Service,EndDevice-5,Application-5-Service,63500
24351,Application-46,M_Req,missing_destination,71,Application-46-Service,EndDevice-46,Application-46-Service,63500
24352,Application-45,M_Req,missing_destination,70,Application-45-Service,EndDevice-45,Application-45-Service,63500
24354,Application-28,M_Req,missing_destination,53,Application-28-Service,EndDevice-28,Application-28-Service,63500
24356,Application-8,M_Req,missing_destination,33,Application-8-Service,EndDevice-8,Application-8-Service,63500
24373,Application-6,M_Req,missing_destination,31,Application-6-Service,EndDevice-6,Application-6-Service,63600
24378,Application-48,M_Req,missing_destination,73,Application-48-Service,EndDevice-48,Application-48-Service,63600
24382,Application-2,M_Req,missing_destination,27,Application-2-Service,EndDevice-2,Application-2-Service,63600
24387,Application-5,M_Req,missing_destination,30,Application-5-Service,EndDevice-5,Application-5-Service,63600
24421,Application-6,M_Req,missing_destination,31,Application-6-Service,EndDevice-6,Application-6-Service,63700
24426,Application-48,M_Req,missing_destination,73,Application-48-Service,EndDevice-48,Application-48-Service,63700
24435,Application-5,M_Req,missing_destination,30,Application-5-Service,EndDevice-5,Application-5-Service,63700
24440,Application-46,M_Req,missing_destination,71,Application-46-Service,EndDevice-46,Application-46-Service,63800
24446,Application-39,M_Req,missing_destination,64,Application-39-Service,EndDevice-39,Application-39-Service,63800
24449,Application-27,M_Req,missing_destination,52,Application-27-Service,EndDevice-27,Application-27-Service,63800
24450,Application-40,M_Req,missing_destination,65,Application-40-Service,EndDevice-40,Application-40-Service,63800
24451,Application-15,M_Req,missing_destination,40,Application-15-Service,EndDevice-15,Application-15-Service,63800
24452,Application-16,M_Req,missing_destination,41,Application-16-Service,EndDevice-16,Application-16-Service,63800
24454,Application-13,M_Req,missing_destination,38,Application-13-Service,EndDevice-13,Application-13-Service,63800
24461,Application-38,M_Req,missing_destination,63,Application-38-Service,EndDevice-38,Application-38-Service,63800
24464,Application-6,M_Req,missing_destination,31,Application-6-Service,EndDevice-6,Application-6-Service,63800
24466,Application-14,M_Req,missing_destination,39,Application-14-Service,EndDevice-14,Application-14-Service,63800
24471,Application-37,M_Req,missing_destination,62,Application-37-Service,EndDevice-37,Application-37-Service,63900
24488,Application-46,M_Req,missing_destination,71,Application-46-Service,EndDevice-46,Application-46-Service,63900
24494,Application-39,M_Req,missing_destination,64,Application-39-Service,EndDevice-39,Application-39-Service,63900
24497,Application-27,M_Req,missing_destination,52,Application-27-Service,EndDevice-27,Application-27-Service,63900
24498,Application-40,M_Req,missing_destination,65,Application-40-Service,EndDevice-40,Application-40-Service,63900
24499,Application-15,M_Req,missing_destination,40,Application-15-Service,EndDevice-15,Application-15-Service,63900
24500,Application-16,M_Req,missing_destination,41,Application-16-Service,EndDevice-16,Application-16-Service,63900
24502,Application-13,M_Req,missing_destination,38,Application-13-Service,EndDevice-13,Application-13-Service,63900
24509,Application-38,M_Req,missing_destination,63,Application-38-Service,EndDevice-38,Application-38-Service,63900
24512,Application-6,M_Req,missing_destination,31,Application-6-Service,EndDevice-6,Application-6-Service,63900
24514,Application-14,M_Req,missing_destination,39,Application-14-Service,EndDevice-14,Application-14-Service,63900
24547,Application-44,M_Req,missing_destination,69,Application-44-Service,EndDevice-44,Application-44-Service,64100
24558,Application-41,M_Req,missing_destination,66,Application-41-Service,EndDevice-41,Application-41-Service,64100
24560,Application-43,M_Req,missing_destination,68,Application-43-Service,EndDevice-43,Application-43-Service,64100
24563,Application-11,M_Req,missing_destination,36,Application-11-Service,EndDevice-11,Application-11-Service,64100
24567,Application-10,M_Req,missing_destination,35,Application-10-Service,EndDevice-10,Application-10-Service,64100
24569,Application-42,M_Req,missing_destination,67,Application-42-Service,EndDevice-42,Application-42-Service,64100
24572,Application-12,M_Req,missing_destination,37,Application-12-Service,EndDevice-12,Application-12-Service,64100
24576,Application-47,M_Req,missing_destination,72,Application-47-Service,EndDevice-47,Application-47-Service,64100
24583,Application-45,M_Req,missing_destination,70,Application-45-Service,EndDevice-45,Application-45-Service,64100
24584,Application-9,M_Req,missing_destination,34,Application-9-Service,EndDevice-9,Application-9-Service,64100
24593,Application-44,M_Req,missing_destination,69,Application-44-Service,EndDevice-44,Application-44-Service,64200
24603,Application-41,M_Req,missing_destination,66,Application-41-Service,EndDevice-41,Application-41-Service,64200
24605,Application-43,M_Req,missing_destination,68,Application-43-Service,EndDevice-43,Application-43-Service,64200
24610,Application-10,M_Req,missing_destination,35,Application-10-Service,EndDevice-10,Application-10-Service,64200
24614,Application-12,M_Req,missing_destination,37,Application-12-Service,EndDevice-12,Application-12-Service,64200
24618,Application-47,M_Req,missing_destination,72,Application-47-Service,EndDevice-47,Application-47-Service,64200
24641,Application-44,M_Req,missing_destination,69,Application-44-Service,EndDevice-44,Application-44-Service,64300
24651,Application-41,M_Req,missing_destination,66,Application-41-Service,EndDevice-41,Application-41-Service,64300
24653,Application-43,M_Req,missing_destination,68,Application-43-Service,EndDevice-43,Application-43-Service,64300
24658,Application-10,M_Req,missing_destination,35,Application-10-Service,EndDevice-10,Application-10-Service,64300
24662,Application-12,M_Req,missing_destination,37,Application-12-Service,EndDevice-12,Application-12-Service,64300
24666,Application-47,M_Req,missing_destination,72,Application-47-Service,EndDevice-47,Application-47-Service,64300
24677,Application-11,M_Req,missing_destination,36,Application-11-Service,EndDevice-11,Application-11-Service,64400
24679,Application-29,M_Req,missing_destination,54,Application-29-Service,EndDevice-29,Application-29-Service,64400
24681,Application-30,M_Req,missing_destination,55,Application-30-Service,EndDevice-30,Application-30-Service,64400
24685,Application-44,M_Req,missing_destination,69,Application-44-Service,EndDevice-44,Application-44-Service,64400
24686,Application-32,M_Req,missing_destination,57,Application-32-Service,EndDevice-32,Application-32-Service,64400
24688,Application-38,M_Req,missing_destination,63,Application-38-Service,EndDevice-38,Application-38-Service,64400
24692,Application-31,M_Req,missing_destination,56,Application-31-Service,EndDevice-31,Application-31-Service,64400
24695,Application-41,M_Req,missing_destination,66,Application-41-Service,EndDevice-41,Application-41-Service,64400
24697,Application-43,M_Req,missing_destination,68,Application-43-Service,EndDevice-43,Application-43-Service,64400
24698,Application-1,M_Req,missing_destination,26,Application-1-Service,EndDevice-1,Application-1-Service,64400
24699,Application-2,M_Req,missing_destination,27,Application-2-Service,EndDevice-2,Application-2-Service,64500
24701,Application-3,M_Req,missing_destination,28,Application-3-Service,EndDevice-3,Application-3-Service,64500
24725,Application-11,M_Req,missing_destination,36,Application-11-Service,EndDevice-11,Application-11-Service,64500
24727,Application-29,M_Req,missing_destination,54,Application-29-Service,EndDevice-29,Application-29-Service,64500
24729,Application-30,M_Req,missing_destination,55,Application-30-Service,EndDevice-30,Application-30-Service,64500
24733,Application-44,M_Req,missing_destination,69,Application-44-Service,EndDevice-44,Application-44-Service,64500
24734,Application-32,M_Req,missing_destination,57,Application-32-Service,EndDevice-32,Application-32-Service,64500
24736,Application-38,M_Req,missing_destination,63,Application-38-Service,EndDevice-38,Application-38-Service,64500
24740,Application-31,M_Req,missing_destination,56,Application-31-Service,EndDevice-31,Application-31-Service,64500
24743,Application-41,M_Req,missing_destination,66,Application-41-Service,EndDevice-41,Application-41-Service,64500
24745,Application-43,M_Req,missing_destination,68,Application-43-Service,EndDevice-43,Application-43-Service,64500
24746,Application-1,M_Req,missing_destination,26,Application-1-Service,EndDevice-1,Application-1-Service,64500
24747,Application-2,M_Req,missing_destination,27,Application-2-Service,EndDevice-2,Application-2-Service,64600
24748,Application-3,M_Req,missing_destination,28,Application-3-Service,EndDevice-3,Application-3-Service,64600
24767,Application-11,M_Req,missing_destination,36,Application-11-Service,EndDevice-11,Application-11-Service,64600
24775,Application-44,M_Req,missing_destination,69,Application-44-Service,EndDevice-44,Application-44-Service,64700
24782,Application-18,M_Req,missing_destination,43,Application-18-Service,EndDevice-18,Application-18-Service,64700
24788,Application-46,M_Req,missing_destination,71,Application-46-Service,EndDevice-46,Application-46-Service,64700
24793,Application-17,M_Req,missing_destination,42,Application-17-Service,EndDevice-17,Application-17-Service,64700
24795,Application-2,M_Req,missing_destination,27,Application-2-Service,EndDevice-2,Application-2-Service,64700
24796,Application-3,M_Req,missing_destination,28,Application-3-Service,EndDevice-3,Application-3-Service,64700
24797,Application-48,M_Req,missing_destination,73,Application-48-Service,EndDevice-48,Application-48-Service,64700
24799,Application-20,M_Req,missing_destination,45,Application-20-Service,EndDevice-20,Application-20-Service,64700
24800,Application-47,M_Req,missing_destination,72,Application-47-Service,EndDevice-47,Application-47-Service,64700
24805,Application-45,M_Req,missing_destination,70,Application-45-Service,EndDevice-45,Application-45-Service,64700
24815,Application-11,M_Req,missing_destination,36,Application-11-Service,EndDevice-11,Application-11-Service,64700
24821,Application-19,M_Req,missing_destination,44,Application-19-Service,EndDevice-19,Application-19-Service,64700
24823,Application-44,M_Req,missing_destination,69,Application-44-Service,EndDevice-44,Application-44-Service,64800
24833,Application-46,M_Req,missing_destination,71,Application-46-Service,EndDevice-46,Application-46-Service,64800
24836,Application-17,M_Req,missing_destination,42,Application-17-Service,EndDevice-17,Application-17-Service,64800
24838,Application-2,M_Req,missing_destination,27,Application-2-Service,EndDevice-2,Application-2-Service,64800
24839,Application-3,M_Req,missing_destination,28,Application-3-Service,EndDevice-3,Application-3-Service,64800
24840,Application-48,M_Req,missing_destination,73,Application-48-Service,EndDevice-48,Application-48-Service,64800
24842,Application-20,M_Req,missing_destination,45,Application-20-Service,EndDevice-20,Application-20-Service,64800
24843,Application-47,M_Req,missing_destination,72,Application-47-Service,EndDevice-47,Application-47-Service,64800
24846,Application-45,M_Req,missing_destination,70,Application-45-Service,EndDevice-45,Application-45-Service,64800
24881,Application-46,M_Req,missing_destination,71,Application-46-Service,EndDevice-46,Application-46-Service,64900
24888,Application-48,M_Req,missing_destination,73,Application-48-Service,EndDevice-48,Application-48-Service,64900
24891,Application-47,M_Req,missing_destination,72,Application-47-Service,EndDevice-47,Application-47-Service,64900
24894,Application-45,M_Req,missing_destination,70,Application-45-Service,EndDevice-45,Application-45-Service,64900
24904,Application-29,M_Req,missing_destination,54,Application-29-Service,EndDevice-29,Application-29-Service,65000
24906,Application-30,M_Req,missing_destination,55,Application-30-Service,EndDevice-30,Application-30-Service,65000
24908,Application-16,M_Req,missing_destination,41,Application-16-Service,EndDevice-16,Application-16-Service,65000
24911,Application-15,M_Req,missing_destination,40,Application-15-Service,EndDevice-15,Application-15-Service,65000
24914,Application-14,M_Req,missing_destination,39,Application-14-Service,EndDevice-14,Application-14-Service,65000
24917,Application-32,M_Req,missing_destination,57,Application-32-Service,EndDevice-32,Application-32-Service,65000
24924,Application-46,M_Req,missing_destination,71,Application-46-Service,EndDevice-46,Application-46-Service,65000
24925,Application-1,M_Req,missing_destination,26,Application-1-Service,EndDevice-1,Application-1-Service,65000
24930,Application-48,M_Req,missing_destination,73,Application-48-Service,EndDevice-48,Application-48-Service,65100
24952,Application-29,M_Req,missing_destination,54,Application-29-Service,EndDevice-29,Application-29-Service,65100
24954,Application-30,M_Req,missing_destination,55,Application-30-Service,EndDevice-30,Application-30-Service,65100
24956,Application-16,M_Req,missing_destination,41,Application-16-Service,EndDevice-16,Application-16-Service,65100
24959,Application-15,M_Req,missing_destination,40,Application-15-Service,EndDevice-15,Application-15-Service,65100
24962,Application-14,M_Req,missing_destination,39,Application-14-Service,EndDevice-14,Application-14-Service,65100
24965,Application-32,M_Req,missing_destination,57,Application-32-Service,EndDevice-32,Application-32-Service,65100
24972,Application-46,M_Req,missing_destination,71,Application-46-Service,EndDevice-46,Application-46-Service,65100
24973,Application-1,M_Req,missing_destination,26,Application-1-Service,EndDevice-1,Application-1-Service,65100
24978,Application-48,M_Req,missing_destination,73,Application-48-Service,EndDevice-48,Application-48-Service,65200
24996,Application-29,M_Req,missing_destination,54,Application-29-Service,EndDevice-29,Application-29-Service,65200
24998,Application-30,M_Req,missing_destination,55,Application-30-Service,EndDevice-30,Application-30-Service,65200
24999,Application-16,M_Req,missing_destination,41,Application-16-Service,EndDevice-16,Application-16-Service,65200
25004,Application-14,M_Req,missing_destination,39,Application-14-Service,EndDevice-14,Application-14-Service,65200
25009,Application-6,M_Req,missing_destination,31,Application-6-Service,EndDevice-6,Application-6-Service,65300
25011,Application-10,M_Req,missing_destination,35,Application-10-Service,EndDevice-10,Application-10-Service,65300
25014,Application-5,M_Req,missing_destination,30,Application-5-Service,EndDevice-5,Application-5-Service,65300
25018,Application-31,M_Req,missing_destination,56,Application-31-Service,EndDevice-31,Application-31-Service,65300
25020,Application-17,M_Req,missing_destination,42,Application-17-Service,EndDevice-17,Application-17-Service,65300
25026,Application-48,M_Req,missing_destination,73,Application-48-Service,EndDevice-48,Application-48-Service,65300
25028,Application-20,M_Req,missing_destination,45,Application-20-Service,EndDevice-20,Application-20-Service,65300
25033,Application-45,M_Req,missing_destination,70,Application-45-Service,EndDevice-45,Application-45-Service,65300
25034,Application-7,M_Req,missing_destination,32,Application-7-Service,EndDevice-7,Application-7-Service,65300
25042,Application-8,M_Req,missing_destination,33,Application-8-Service,EndDevice-8,Application-8-Service,65300
25044,Application-29,M_Req,missing_destination,54,Application-29-Service,EndDevice-29,Application-29-Service,65300
25046,Application-30,M_Req,missing_destination,55,Application-30-Service,EndDevice-30,Application-30-Service,65300
25047,Application-16,M_Req,missing_destination,41,Application-16-Service,EndDevice-16,Application-16-Service,65300
25052,Application-14,M_Req,missing_destination,39,Application-14-Service,EndDevice-14,Application-14-Service,65300
25057,Application-10,M_Req,missing_destination,35,Application-10-Service,EndDevice-10,Application-10-Service,65400
25060,Application-5,M_Req,missing_destination,30,Application-5-Service,EndDevice-5,Application-5-Service,65400
25064,Application-31,M_Req,missing_destination,56,Application-31-Service,EndDevice-31,Application-31-Service,65400
25066,Application-17,M_Req,missing_destination,42,Application-17-Service,EndDevice-17,Application-17-Service,65400
25069,Application-48,M_Req,missing_destination,73,Application-48-Service,EndDevice-48,Application-48-Service,65400
25071,Application-20,M_Req,missing_destination,45,Application-20-Service,EndDevice-20,Application-20-Service,65400
25076,Application-45,M_Req,missing_destination,70,Application-45-Service,EndDevice-45,Application-45-Service,65400
25077,Application-7,M_Req,missing_destination,32,Application-7-Service,EndDevice-7,Application-7-Service,65400
25105,Application-10,M_Req,missing_destination,35,Application-10-Service,EndDevice-10,Application-10-Service,65500
25108,Application-5,M_Req,missing_destination,30,Application-5-Service,EndDevice-5,Application-5-Service,65500
25112,Application-31,M_Req,missing_destination,56,Application-31-Service,EndDevice-31,Application-31-Service,65500
25114,Application-17,M_Req,missing_destination,42,Application-17-Service,EndDevice-17,Application-17-Service,65500
25119,Application-20,M_Req,missing_destination,45,Application-20-Service,EndDevice-20,Application-20-Service,65500
25124,Application-45,M_Req,missing_destination,70,Application-45-Service,EndDevice-45,Application-45-Service,65500
25125,Application-7,M_Req,missing_destination,32,Application-7-Service,EndDevice-7,Application-7-Service,65500
25132,Application-8,M_Req,missing_destination,33,Application-8-Service,EndDevice-8,Application-8-Service,65600
25145,Application-22,M_Req,missing_destination,47,Application-22-Service,EndDevice-22,Application-22-Service,65600
25151,Application-23,M_Req,missing_destination,48,Application-23-Service,EndDevice-23,Application-23-Service,65600
25153,Application-10,M_Req,missing_destination,35,Application-10-Service,EndDevice-10,Application-10-Service,65600
25154,Application-5,M_Req,missing_destination,30,Application-5-Service,EndDevice-5,Application-5-Service,65600
25156,Application-17,M_Req,missing_destination,42,Application-17-Service,EndDevice-17,Application-17-Service,65600
25158,Application-24,M_Req,missing_destination,49,Application-24-Service,EndDevice-24,Application-24-Service,65600
25166,Application-21,M_Req,missing_destination,46,Application-21-Service,EndDevice-21,Application-21-Service,65700
25180,Application-8,M_Req,missing_destination,33,Application-8-Service,EndDevice-8,Application-8-Service,65700
25193,Application-22,M_Req,missing_destination,47,Application-22-Service,EndDevice-22,Application-22-Service,65700
25199,Application-23,M_Req,missing_destination,48,Application-23-Service,EndDevice-23,Application-23-Service,65700
25201,Application-10,M_Req,missing_destination,35,Application-10-Service,EndDevice-10,Application-10-Service,65700
25202,Application-5,M_Req,missing_destination,30,Application-5-Service,EndDevice-5,Application-5-Service,65700
25204,Application-17,M_Req,missing_destination,42,Application-17-Service,EndDevice-17,Application-17-Service,65700
25206,Application-24,M_Req,missing_destination,49,Application-24-Service,EndDevice-24,Application-24-Service,65700
25251,Application-48,M_Req,missing_destination,73,Application-48-Service,EndDevice-48,Application-48-Service,65900
25254,Application-45,M_Req,missing_destination,70,Application-45-Service,EndDevice-45,Application-45-Service,65900
25255,Application-33,M_Req,missing_destination,58,Application-33-Service,EndDevice-33,Application-33-Service,65900
25256,Application-47,M_Req,missing_destination,72,Application-47-Service,EndDevice-47,Application-47-Service,65900
25264,Application-46,M_Req,missing_destination,71,Application-46-Service,EndDevice-46,Application-46-Service,65900
25266,Application-20,M_Req,missing_destination,45,Application-20-Service,EndDevice-20,Application-20-Service,65900
25272,Application-35,M_Req,missing_destination,60,Application-35-Service,EndDevice-35,Application-35-Service,65900
25274,Application-29,M_Req,missing_destination,54,Application-29-Service,EndDevice-29,Application-29-Service,65900
25276,Application-19,M_Req,missing_destination,44,Application-19-Service,EndDevice-19,Application-19-Service,65900
25279,Application-18,M_Req,missing_destination,43,Application-18-Service,EndDevice-18,Application-18-Service,65900
25280,Application-34,M_Req,missing_destination,59,Application-34-Service,EndDevice-34,Application-34-Service,65900
25288,Application-36,M_Req,missing_destination,61,Application-36-Service,EndDevice-36,Application-36-Service,65900
25297,Application-48,M_Req,missing_destination,73,Application-48-Service,EndDevice-48,Application-48-Service,66000
25300,Application-45,M_Req,missing_destination,70,Application-45-Service,EndDevice-45,Application-45-Service,66000
25301,Application-33,M_Req,missing_destination,58,Application-33-Service,EndDevice-33,Application-33-Service,66000
25302,Application-47,M_Req,missing_destination,72,Application-47-Service,EndDevice-47,Application-47-Service,66000
25364,Application-9,M_Req,missing_destination,34,Application-9-Service,EndDevice-9,Application-9-Service,66200
25367,Application-30,M_Req,missing_destination,55,Application-30-Service,EndDevice-30,Application-30-Service,66200
25368,Application-6,M_Req,missing_destination,31,Application-6-Service,EndDevice-6,Application-6-Service,66200
25378,Application-11,M_Req,missing_destination,36,Application-11-Service,EndDevice-11,Application-11-Service,66200
25386,Application-43,M_Req,missing_destination,68,Application-43-Service,EndDevice-43,Application-43-Service,66200
25387,Application-10,M_Req,missing_destination,35,Application-10-Service,EndDevice-10,Application-10-Service,66200
25394,Application-12,M_Req,missing_destination,37,Application-12-Service,EndDevice-12,Application-12-Service,66300
25401,Application-42,M_Req,missing_destination,67,Application-42-Service,EndDevice-42,Application-42-Service,66300
25412,Application-9,M_Req,missing_destination,34,Application-9-Service,EndDevice-9,Application-9-Service,66300
25415,Application-30,M_Req,missing_destination,55,Application-30-Service,EndDevice-30,Application-30-Service,66300
25416,Application-6,M_Req,missing_destination,31,Application-6-Service,EndDevice-6,Application-6-Service,66300
25426,Application-11,M_Req,missing_destination,36,Application-11-Service,EndDevice-11,Application-11-Service,66300
25434,Application-43,M_Req,missing_destination,68,Application-43-Service,EndDevice-43,Application-43-Service,66300
25435,Application-10,M_Req,missing_destination,35,Application-10-Service,EndDevice-10,Application-10-Service,66300
25477,Application-16,M_Req,missing_destination,41,Application-16-Service,EndDevice-16,Application-16-Service,66500
25478,Application-13,M_Req,missing_destination,38,Application-13-Service,EndDevice-13,Application-13-Service,66500
25483,Application-30,M_Req,missing_destination,55,Application-30-Service,EndDevice-30,Application-30-Service,66500
25488,Application-33,M_Req,missing_destination,58,Application-33-Service,EndDevice-33,Application-33-Service,66500
25492,Application-7,M_Req,missing_destination,32,Application-7-Service,EndDevice-7,Application-7-Service,66500
25496,Application-15,M_Req,missing_destination,40,Application-15-Service,EndDevice-15,Application-15-Service,66500
25516,Application-14,M_Req,missing_destination,39,Application-14-Service,EndDevice-14,Application-14-Service,66500
25523,Application-16,M_Req,missing_destination,41,Application-16-Service,EndDevice-16,Application-16-Service,66600
25524,Application-13,M_Req,missing_destination,38,Application-13-Service,EndDevice-13,Application-13-Service,66600
25529,Application-30,M_Req,missing_destination,55,Application-30-Service,EndDevice-30,Application-30-Service,66600
25539,Application-15,M_Req,missing_destination,40,Application-15-Service,EndDevice-15,Application-15-Service,66600
25571,Application-16,M_Req,missing_destination,41,Application-16-Service,EndDevice-16,Application-16-Service,66700
25572,Application-13,M_Req,missing_destination,38,Application-13-Service,EndDevice-13,Application-13-Service,66700
25587,Application-15,M_Req,missing_destination,40,Application-15-Service,EndDevice-15,Application-15-Service,66700
25595,Application-34,M_Req,missing_destination,59,Application-34-Service,EndDevice-34,Application-34-Service,66800
25596,Application-3,M_Req,missing_destination,28,Application-3-Service,EndDevice-3,Application-3-Service,66800
25597,Application-2,M_Req,missing_destination,27,Application-2-Service,EndDevice-2,Application-2-Service,66800
25598,Application-4,M_Req,missing_destination,29,Application-4-Service,EndDevice-4,Application-4-Service,66800
25606,Application-45,M_Req,missing_destination,70,Application-45-Service,EndDevice-45,Application-45-Service,66800
25615,Application-16,M_Req,missing_destination,41,Application-16-Service,EndDevice-16,Application-16-Service,66800
25616,Application-13,M_Req,missing_destination,38,Application-13-Service,EndDevice-13,Application-13-Service,66800
25621,Application-46,M_Req,missing_destination,71,Application-46-Service,EndDevice-46,Application-46-Service,66800
25623,Application-47,M_Req,missing_destination,72,Application-47-Service,EndDevice-47,Application-47-Service,66900
25626,Application-1,M_Req,missing_destination,26,Application-1-Service,EndDevice-1,Application-1-Service,66900
25632,Application-48,M_Req,missing_destination,73,Application-48-Service,EndDevice-48,Application-48-Service,66900
25643,Application-34,M_Req,missing_destination,59,Application-34-Service,EndDevice-34,Application-34-Service,66900
25644,Application-3,M_Req,missing_destination,28,Application-3-Service,EndDevice-3,Application-3-Service,66900
25645,Application-2,M_Req,missing_destination,27,Application-2-Service,EndDevice-2,Application-2-Service,66900
25646,Application-4,M_Req,missing_destination,29,Application-4-Service,EndDevice-4,Application-4-Service,66900
25654,Application-45,M_Req,missing_destination,70,Application-45-Service,EndDevice-45,Application-45-Service,66900
25663,Application-16,M_Req,missing_destination,41,Application-16-Service,EndDevice-16,Application-16-Service,66900
25664,Application-13,M_Req,missing_destination,38,Application-13-Service,EndDevice-13,Application-13-Service,66900
25669,Application-46,M_Req,missing_destination,71,Application-46-Service,EndDevice-46,Application-46-Service,66900
25671,Application-47,M_Req,missing_destination,72,Application-47-Service,EndDevice-47,Application-47-Service,67000
25678,Application-48,M_Req,missing_destination,73,Application-48-Service,EndDevice-48,Application-48-Service,67000
25696,Application-45,M_Req,missing_destination,70,Application-45-Service,EndDevice-45,Application-45-Service,67000
25701,Application-27,M_Req,missing_destination,52,Application-27-Service,EndDevice-27,Application-27-Service,67100
25704,Application-13,M_Req,missing_destination,38,Application-13-Service,EndDevice-13,Application-13-Service,67100
25709,Application-46,M_Req,missing_destination,71,Application-46-Service,EndDevice-46,Application-46-Service,67100
25714,Application-37,M_Req,missing_destination,62,Application-37-Service,EndDevice-37,Application-37-Service,67100
25717,Application-26,M_Req,missing_destination,51,Application-26-Service,EndDevice-26,Application-26-Service,67100
25719,Application-47,M_Req,missing_destination,72,Application-47-Service,EndDevice-47,Application-47-Service,67100
25721,Application-38,M_Req,missing_destination,63,Application-38-Service,EndDevice-38,Application-38-Service,67100
25725,Application-39,M_Req,missing_destination,64,Application-39-Service,EndDevice-39,Application-39-Service,67100
25726,Application-48,M_Req,missing_destination,73,Application-48-Service,EndDevice-48,Application-48-Service,67100
25733,Application-28,M_Req,missing_destination,53,Application-28-Service,EndDevice-28,Application-28-Service,67100
25739,Application-36,M_Req,missing_destination,61,Application-36-Service,EndDevice-36,Application-36-Service,67100
25740,Application-35,M_Req,missing_destination,60,Application-35-Service,EndDevice-35,Application-35-Service,67100
25741,Application-29,M_Req,missing_destination,54,Application-29-Service,EndDevice-29,Application-29-Service,67100
25744,Application-45,M_Req,missing_destination,70,Application-45-Service,EndDevice-45,Application-45-Service,67100
25746,Application-40,M_Req,missing_destination,65,Application-40-Service,EndDevice-40,Application-40-Service,67100
25748,Application-25,M_Req,missing_destination,50,Application-25-Service,EndDevice-25,Application-25-Service,67100
25749,Application-27,M_Req,missing_destination,52,Application-27-Service,EndDevice-27,Application-27-Service,67200
25752,Application-13,M_Req,missing_destination,38,Application-13-Service,EndDevice-13,Application-13-Service,67200
25756,Application-46,M_Req,missing_destination,71,Application-46-Service,EndDevice-46,Application-46-Service,67200
25761,Application-37,M_Req,missing_destination,62,Application-37-Service,EndDevice-37,Application-37-Service,67200
25763,Application-26,M_Req,missing_destination,51,Application-26-Service,EndDevice-26,Application-26-Service,67200
25766,Application-38,M_Req,missing_destination,63,Application-38-Service,EndDevice-38,Application-38-Service,67200
25769,Application-48,M_Req,missing_destination,73,Application-48-Service,EndDevice-48,Application-48-Service,67200
25773,Application-28,M_Req,missing_destination,53,Application-28-Service,EndDevice-28,Application-28-Service,67200
25817,Application-48,M_Req,missing_destination,73,Application-48-Service,EndDevice-48,Application-48-Service,67300
25822,Application-18,M_Req,missing_destination,43,Application-18-Service,EndDevice-18,Application-18-Service,67400
25823,Application-34,M_Req,missing_destination,59,Application-34-Service,EndDevice-34,Application-34-Service,67400
25827,Application-36,M_Req,missing_destination,61,Application-36-Service,EndDevice-36,Application-36-Service,67400
25828,Application-35,M_Req,missing_destination,60,Application-35-Service,EndDevice-35,Application-35-Service,67400
25832,Application-40,M_Req,missing_destination,65,Application-40-Service,EndDevice-40,Application-40-Service,67400
25833,Application-33,M_Req,missing_destination,58,Application-33-Service,EndDevice-33,Application-33-Service,67400
25841,Application-16,M_Req,missing_destination,41,Application-16-Service,EndDevice-16,Application-16-Service,67400
25848,Application-20,M_Req,missing_destination,45,Application-20-Service,EndDevice-20,Application-20-Service,67400
25870,Application-18,M_Req,missing_destination,43,Application-18-Service,EndDevice-18,Application-18-Service,67500
25871,Application-34,M_Req,missing_destination,59,Application-34-Service,EndDevice-34,Application-34-Service,67500
25875,Application-36,M_Req,missing_destination,61,Application-36-Service,EndDevice-36,Application-36-Service,67500
25876,Application-35,M_Req,missing_destination,60,Application-35-Service,EndDevice-35,Application-35-Service,67500
25880,Application-40,M_Req,missing_destination,65,Application-40-Service,EndDevice-40,Application-40-Service,67500
25881,Application-33,M_Req,missing_destination,58,Application-33-Service,EndDevice-33,Application-33-Service,67500
25889,Application-16,M_Req,missing_destination,41,Application-16-Service,EndDevice-16,Application-16-Service,67500
25896,Application-20,M_Req,missing_destination,45,Application-20-Service,EndDevice-20,Application-20-Service,67500
25914,Application-18,M_Req,missing_destination,43,Application-18-Service,EndDevice-18,Application-18-Service,67600
25915,Application-34,M_Req,missing_destination,59,Application-34-Service,EndDevice-34,Application-34-Service,67600
25919,Application-36,M_Req,missing_destination,61,Application-36-Service,EndDevice-36,Application-36-Service,67600
25920,Application-35,M_Req,missing_destination,60,Application-35-Service,EndDevice-35,Application-35-Service,67600
25924,Application-40,M_Req,missing_destination,65,Application-40-Service,EndDevice-40,Application-40-Service,67600
25925,Application-33,M_Req,missing_destination,58,Application-33-Service,EndDevice-33,Application-33-Service,67600
25933,Application-22,M_Req,missing_destination,47,Application-22-Service,EndDevice-22,Application-22-Service,67700
25934,Application-46,M_Req,missing_destination,71,Application-46-Service,EndDevice-46,Application-46-Service,67700
25936,Application-37,M_Req,missing_destination,62,Application-37-Service,EndDevice-37,Application-37-Service,67700
25949,Application-38,M_Req,missing_destination,63,Application-38-Service,EndDevice-38,Application-38-Service,67700
25950,Application-15,M_Req,missing_destination,40,Application-15-Service,EndDevice-15,Application-15-Service,67700
25952,Application-48,M_Req,missing_destination,73,Application-48-Service,EndDevice-48,Application-48-Service,67700
25954,Application-21,M_Req,missing_destination,46,Application-21-Service,EndDevice-21,Application-21-Service,67700
25956,Application-23,M_Req,missing_destination,48,Application-23-Service,EndDevice-23,Application-23-Service,67700
25960,Application-17,M_Req,missing_destination,42,Application-17-Service,EndDevice-17,Application-17-Service,67700
25962,Application-18,M_Req,missing_destination,43,Application-18-Service,EndDevice-18,Application-18-Service,67700
25963,Application-34,M_Req,missing_destination,59,Application-34-Service,EndDevice-34,Application-34-Service,67700
25967,Application-36,M_Req,missing_destination,61,Application-36-Service,EndDevice-36,Application-36-Service,67700
25968,Application-35,M_Req,missing_destination,60,Application-35-Service,EndDevice-35,Application-35-Service,67700
25972,Application-40,M_Req,missing_destination,65,Application-40-Service,EndDevice-40,Application-40-Service,67700
25973,Application-33,M_Req,missing_destination,58,Application-33-Service,EndDevice-33,Application-33-Service,67700
25974,Application-24,M_Req,missing_destination,49,Application-24-Service,EndDevice-24,Application-24-Service,67700
25981,Application-22,M_Req,missing_destination,47,Application-22-Service,EndDevice-22,Application-22-Service,67800
25982,Application-46,M_Req,missing_destination,71,Application-46-Service,EndDevice-46,Application-46-Service,67800
25984,Application-37,M_Req,missing_destination,62,Application-37-Service,EndDevice-37,Application-37-Service,67800
25992,Application-38,M_Req,missing_destination,63,Application-38-Service,EndDevice-38,Application-38-Service,67800
25993,Application-15,M_Req,missing_destination,40,Application-15-Service,EndDevice-15,Application-15-Service,67800
25995,Application-48,M_Req,missing_destination,73,Application-48-Service,EndDevice-48,Application-48-Service,67800
25997,Application-21,M_Req,missing_destination,46,Application-21-Service,EndDevice-21,Application-21-Service,67800
25999,Application-23,M_Req,missing_destination,48,Application-23-Service,EndDevice-23,Application-23-Service,67800
26003,Application-17,M_Req,missing_destination,42,Application-17-Service,EndDevice-17,Application-17-Service,67800
26032,Application-37,M_Req,missing_destination,62,Application-37-Service,EndDevice-37,Application-37-Service,67900
26040,Application-38,M_Req,missing_destination,63,Application-38-Service,EndDevice-38,Application-38-Service,67900
26041,Application-15,M_Req,missing_destination,40,Application-15-Service,EndDevice-15,Application-15-Service,67900
26051,Application-17,M_Req,missing_destination,42,Application-17-Service,EndDevice-17,Application-17-Service,67900
26053,Application-18,M_Req,missing_destination,43,Application-18-Service,EndDevice-18,Application-18-Service,68000
26061,Application-39,M_Req,missing_destination,64,Application-39-Service,EndDevice-39,Application-39-Service,68000
26068,Application-6,M_Req,missing_destination,31,Application-6-Service,EndDevice-6,Application-6-Service,68000
26070,Application-24,M_Req,missing_destination,49,Application-24-Service,EndDevice-24,Application-24-Service,68000
26071,Application-25,M_Req,missing_destination,50,Application-25-Service,EndDevice-25,Application-25-Service,68000
26072,Application-27,M_Req,missing_destination,52,Application-27-Service,EndDevice-27,Application-27-Service,68000
26076,Application-37,M_Req,missing_destination,62,Application-37-Service,EndDevice-37,Application-37-Service,68000
26077,Application-26,M_Req,missing_destination,51,Application-26-Service,EndDevice-26,Application-26-Service,68000
26078,Application-5,M_Req,missing_destination,30,Application-5-Service,EndDevice-5,Application-5-Service,68000
26081,Application-38,M_Req,missing_destination,63,Application-38-Service,EndDevice-38,Application-38-Service,68100
26086,Application-28,M_Req,missing_destination,53,Application-28-Service,EndDevice-28,Application-28-Service,68100
26090,Application-17,M_Req,missing_destination,42,Application-17-Service,EndDevice-17,Application-17-Service,68100
26101,Application-18,M_Req,missing_destination,43,Application-18-Service,EndDevice-18,Application-18-Service,68100
26109,Application-39,M_Req,missing_destination,64,Application-39-Service,EndDevice-39,Application-39-Service,68100
26116,Application-6,M_Req,missing_destination,31,Application-6-Service,EndDevice-6,Application-6-Service,68100
26118,Application-24,M_Req,missing_destination,49,Application-24-Service,EndDevice-24,Application-24-Service,68100
26119,Application-25,M_Req,missing_destination,50,Application-25-Service,EndDevice-25,Application-25-Service,68100
26120,Application-27,M_Req,missing_destination,52,Application-27-Service,EndDevice-27,Application-27-Service,68100
26124,Application-37,M_Req,missing_destination,62,Application-37-Service,EndDevice-37,Application-37-Service,68100
26125,Application-26,M_Req,missing_destination,51,Application-26-Service,EndDevice-26,Application-26-Service,68100
26126,Application-5,M_Req,missing_destination,30,Application-5-Service,EndDevice-5,Application-5-Service,68100
26137,Application-17,M_Req,missing_destination,42,Application-17-Service,EndDevice-17,Application-17-Service,68200
26160,Application-24,M_Req,missing_destination,49,Application-24-Service,EndDevice-24,Application-24-Service,68200
26161,Application-25,M_Req,missing_destination,50,Application-25-Service,EndDevice-25,Application-25-Service,68200
26164,Application-26,M_Req,missing_destination,51,Application-26-Service,EndDevice-26,Application-26-Service,68300
26165,Application-5,M_Req,missing_destination,30,Application-5-Service,EndDevice-5,Application-5-Service,68300
26172,Application-28,M_Req,missing_destination,53,Application-28-Service,EndDevice-28,Application-28-Service,68300
26173,Application-27,M_Req,missing_destination,52,Application-27-Service,EndDevice-27,Application-27-Service,68300
26184,Application-1,M_Req,missing_destination,26,Application-1-Service,EndDevice-1,Application-1-Service,68300
26185,Application-17,M_Req,missing_destination,42,Application-17-Service,EndDevice-17,Application-17-Service,68300
26186,Application-10,M_Req,missing_destination,35,Application-10-Service,EndDevice-10,Application-10-Service,68300
26190,Application-12,M_Req,missing_destination,37,Application-12-Service,EndDevice-12,Application-12-Service,68300
26194,Application-4,M_Req,missing_destination,29,Application-4-Service,EndDevice-4,Application-4-Service,68300
26195,Application-34,M_Req,missing_destination,59,Application-34-Service,EndDevice-34,Application-34-Service,68300
26196,Application-2,M_Req,missing_destination,27,Application-2-Service,EndDevice-2,Application-2-Service,68300
26197,Application-9,M_Req,missing_destination,34,Application-9-Service,EndDevice-9,Application-9-Service,68300
26199,Application-33,M_Req,missing_destination,58,Application-33-Service,EndDevice-33,Application-33-Service,68300
26200,Application-11,M_Req,missing_destination,36,Application-11-Service,EndDevice-11,Application-11-Service,68300
26205,Application-3,M_Req,missing_destination,28,Application-3-Service,EndDevice-3,Application-3-Service,68300
26208,Application-24,M_Req,missing_destination,49,Application-24-Service,EndDevice-24,Application-24-Service,68300
26209,Application-25,M_Req,missing_destination,50,Application-25-Service,EndDevice-25,Application-25-Service,68300
26212,Application-26,M_Req,missing_destination,51,Application-26-Service,EndDevice-26,Application-26-Service,68400
26213,Application-5,M_Req,missing_destination,30,Application-5-Service,EndDevice-5,Application-5-Service,68400
26219,Application-28,M_Req,missing_destination,53,Application-28-Service,EndDevice-28,Application-28-Service,68400
26220,Application-27,M_Req,missing_destination,52,Application-27-Service,EndDevice-27,Application-27-Service,68400
26228,Application-1,M_Req,missing_destination,26,Application-1-Service,EndDevice-1,Application-1-Service,68400
26229,Application-17,M_Req,missing_destination,42,Application-17-Service,EndDevice-17,Application-17-Service,68400
26230,Application-10,M_Req,missing_destination,35,Application-10-Service,EndDevice-10,Application-10-Service,68400
26234,Application-12,M_Req,missing_destination,37,Application-12-Service,EndDevice-12,Application-12-Service,68400
26236,Application-4,M_Req,missing_destination,29,Application-4-Service,EndDevice-4,Application-4-Service,68400
26261,Application-5,M_Req,missing_destination,30,Application-5-Service,EndDevice-5,Application-5-Service,68500
26277,Application-17,M_Req,missing_destination,42,Application-17-Service,EndDevice-17,Application-17-Service,68500
26278,Application-10,M_Req,missing_destination,35,Application-10-Service,EndDevice-10,Application-10-Service,68500
26282,Application-12,M_Req,missing_destination,37,Application-12-Service,EndDevice-12,Application-12-Service,68500
26286,Application-45,M_Req,missing_destination,70,Application-45-Service,EndDevice-45,Application-45-Service,68600
26288,Application-11,M_Req,missing_destination,36,Application-11-Service,EndDevice-11,Application-11-Service,68600
26291,Application-3,M_Req,missing_destination,28,Application-3-Service,EndDevice-3,Application-3-Service,68600
26292,Application-6,M_Req,missing_destination,31,Application-6-Service,EndDevice-6,Application-6-Service,68600
26295,Application-25,M_Req,missing_destination,50,Application-25-Service,EndDevice-25,Application-25-Service,68600
26296,Application-7,M_Req,missing_destination,32,Application-7-Service,EndDevice-7,Application-7-Service,68600
26301,Application-8,M_Req,missing_destination,33,Application-8-Service,EndDevice-8,Application-8-Service,68600
26303,Application-5,M_Req,missing_destination,30,Application-5-Service,EndDevice-5,Application-5-Service,68600
26305,Application-20,M_Req,missing_destination,45,Application-20-Service,EndDevice-20,Application-20-Service,68600
26311,Application-46,M_Req,missing_destination,71,Application-46-Service,EndDevice-46,Application-46-Service,68600
26318,Application-47,M_Req,missing_destination,72,Application-47-Service,EndDevice-47,Application-47-Service,68700
26334,Application-45,M_Req,missing_destination,70,Application-45-Service,EndDevice-45,Application-45-Service,68700
26336,Application-11,M_Req,missing_destination,36,Application-11-Service,EndDevice-11,Application-11-Service,68700
26339,Application-3,M_Req,missing_destination,28,Application-3-Service,EndDevice-3,Application-3-Service,68700
26340,Application-6,M_Req,missing_destination,31,Application-6-Service,EndDevice-6,Application-6-Service,68700
26343,Application-25,M_Req,missing_destination,50,Application-25-Service,EndDevice-25,Application-25-Service,68700
26344,Application-7,M_Req,missing_destination,32,Application-7-Service,EndDevice-7,Application-7-Service,68700
26349,Application-8,M_Req,missing_destination,33,Application-8-Service,EndDevice-8,Application-8-Service,68700
26351,Application-5,M_Req,missing_destination,30,Application-5-Service,EndDevice-5,Application-5-Service,68700
26353,Application-20,M_Req,missing_destination,45,Application-20-Service,EndDevice-20,Application-20-Service,68700
26359,Application-46,M_Req,missing_destination,71,Application-46-Service,EndDevice-46,Application-46-Service,68700
26378,Application-45,M_Req,missing_destination,70,Application-45-Service,EndDevice-45,Application-45-Service,68800
26380,Application-11,M_Req,missing_destination,36,Application-11-Service,EndDevice-11,Application-11-Service,68800
26383,Application-3,M_Req,missing_destination,28,Application-3-Service,EndDevice-3,Application-3-Service,68800
26384,Application-6,M_Req,missing_destination,31,Application-6-Service,EndDevice-6,Application-6-Service,68800
26389,Application-8,M_Req,missing_destination,33,Application-8-Service,EndDevice-8,Application-8-Service,68800
26397,Application-35,M_Req,missing_destination,60,Application-35-Service,EndDevice-35,Application-35-Service,68900
26398,Application-46,M_Req,missing_destination,71,Application-46-Service,EndDevice-46,Application-46-Service,68900
26401,Application-47,M_Req,missing_destination,72,Application-47-Service,EndDevice-47,Application-47-Service,68900
26413,Application-1,M_Req,missing_destination,26,Application-1-Service,EndDevice-1,Application-1-Service,68900
26417,Application-4,M_Req,missing_destination,29,Application-4-Service,EndDevice-4,Application-4-Service,68900
26426,Application-45,M_Req,missing_destination,70,Application-45-Service,EndDevice-45,Application-45-Service,68900
26427,Application-33,M_Req,missing_destination,58,Application-33-Service,EndDevice-33,Application-33-Service,68900
26428,Application-11,M_Req,missing_destination,36,Application-11-Service,EndDevice-11,Application-11-Service,68900
26429,Application-39,M_Req,missing_destination,64,Application-39-Service,EndDevice-39,Application-39-Service,68900
26431,Application-3,M_Req,missing_destination,28,Application-3-Service,EndDevice-3,Application-3-Service,68900
26432,Application-6,M_Req,missing_destination,31,Application-6-Service,EndDevice-6,Application-6-Service,68900
26434,Application-34,M_Req,missing_destination,59,Application-34-Service,EndDevice-34,Application-34-Service,68900
26436,Application-36,M_Req,missing_destination,61,Application-36-Service,EndDevice-36,Application-36-Service,68900
26437,Application-8,M_Req,missing_destination,33,Application-8-Service,EndDevice-8,Application-8-Service,68900
26444,Application-35,M_Req,missing_destination,60,Application-35-Service,EndDevice-35,Application-35-Service,69000
26445,Application-46,M_Req,missing_destination,71,Application-46-Service,EndDevice-46,Application-46-Service,69000
26447,Application-47,M_Req,missing_destination,72,Application-47-Service,EndDevice-47,Application-47-Service,69000
26457,Application-1,M_Req,missing_destination,26,Application-1-Service,EndDevice-1,Application-1-Service,69000
26460,Application-4,M_Req,missing_destination,29,Application-4-Service,EndDevice-4,Application-4-Service,69000
26518,Application-19,M_Req,missing_destination,44,Application-19-Service,EndDevice-19,Application-19-Service,69200
26521,Application-36,M_Req,missing_destination,61,Application-36-Service,EndDevice-36,Application-36-Service,69200
26531,Application-20,M_Req,missing_destination,45,Application-20-Service,EndDevice-20,Application-20-Service,69200
26538,Application-24,M_Req,missing_destination,49,Application-24-Service,EndDevice-24,Application-24-Service,69200
26539,Application-7,M_Req,missing_destination,32,Application-7-Service,EndDevice-7,Application-7-Service,69200
26542,Application-23,M_Req,missing_destination,48,Application-23-Service,EndDevice-23,Application-23-Service,69200
26547,Application-22,M_Req,missing_destination,47,Application-22-Service,EndDevice-22,Application-22-Service,69300
26552,Application-18,M_Req,missing_destination,43,Application-18-Service,EndDevice-18,Application-18-Service,69300
26566,Application-19,M_Req,missing_destination,44,Application-19-Service,EndDevice-19,Application-19-Service,69300
26569,Application-36,M_Req,missing_destination,61,Application-36-Service,EndDevice-36,Application-36-Service,69300
26579,Application-20,M_Req,missing_destination,45,Application-20-Service,EndDevice-20,Application-20-Service,69300
26586,Application-24,M_Req,missing_destination,49,Application-24-Service,EndDevice-24,Application-24-Service,69300
26587,Application-7,M_Req,missing_destination,32,Application-7-Service,EndDevice-7,Application-7-Service,69300
26590,Application-23,M_Req,missing_destination,48,Application-23-Service,EndDevice-23,Application-23-Service,69300
26625,Application-47,M_Req,missing_destination,72,Application-47-Service,EndDevice-47,Application-47-Service,69500
26633,Application-8,M_Req,missing_destination,33,Application-8-Service,EndDevice-8,Application-8-Service,69500
26642,Application-22,M_Req,missing_destination,47,Application-22-Service,EndDevice-22,Application-22-Service,69500
26653,Application-10,M_Req,missing_destination,35,Application-10-Service,EndDevice-10,Application-10-Service,69500
26657,Application-11,M_Req,missing_destination,36,Application-11-Service,EndDevice-11,Application-11-Service,69500
26662,Application-36,M_Req,missing_destination,61,Application-36-Service,EndDevice-36,Application-36-Service,69500
26663,Application-9,M_Req,missing_destination,34,Application-9-Service,EndDevice-9,Application-9-Service,69500
26664,Application-12,M_Req,missing_destination,37,Application-12-Service,EndDevice-12,Application-12-Service,69500
26673,Application-47,M_Req,missing_destination,72,Application-47-Service,EndDevice-47,Application-47-Service,69600
26677,Application-8,M_Req,missing_destination,33,Application-8-Service,EndDevice-8,Application-8-Service,69600
26684,Application-22,M_Req,missing_destination,47,Application-22-Service,EndDevice-22,Application-22-Service,69600
26695,Application-10,M_Req,missing_destination,35,Application-10-Service,EndDevice-10,Application-10-Service,69600
26721,Application-47,M_Req,missing_destination,72,Application-47-Service,EndDevice-47,Application-47-Service,69700
26743,Application-10,M_Req,missing_destination,35,Application-10-Service,EndDevice-10,Application-10-Service,69700
26748,Application-39,M_Req,missing_destination,64,Application-39-Service,EndDevice-39,Application-39-Service,69800
26775,Application-48,M_Req,missing_destination,73,Application-48-Service,EndDevice-48,Application-48-Service,69900
26780,Application-37,M_Req,missing_destination,62,Application-37-Service,EndDevice-37,Application-37-Service,69900
26781,Application-45,M_Req,missing_destination,70,Application-45-Service,EndDevice-45,Application-45-Service,69900
26796,Application-39,M_Req,missing_destination,64,Application-39-Service,EndDevice-39,Application-39-Service,69900
26824,Application-37,M_Req,missing_destination,62,Application-37-Service,EndDevice-37,Application-37-Service,70000
26825,Application-45,M_Req,missing_destination,70,Application-45-Service,EndDevice-45,Application-45-Service,70000
26838,Application-39,M_Req,missing_destination,64,Application-39-Service,EndDevice-39,Application-39-Service,70000
26858,Application-35,M_Req,missing_destination,60,Application-35-Service,EndDevice-35,Application-35-Service,70100
26862,Application-11,M_Req,missing_destination,36,Application-11-Service,EndDevice-11,Application-11-Service,70100
26872,Application-37,M_Req,missing_destination,62,Application-37-Service,EndDevice-37,Application-37-Service,70100
26873,Application-45,M_Req,missing_destination,70,Application-45-Service,EndDevice-45,Application-45-Service,70100
26885,Application-33,M_Req,missing_destination,58,Application-33-Service,EndDevice-33,Application-33-Service,70100
26886,Application-39,M_Req,missing_destination,64,Application-39-Service,EndDevice-39,Application-39-Service,70100
26889,Application-36,M_Req,missing_destination,61,Application-36-Service,EndDevice-36,Application-36-Service,70100
26892,Application-23,M_Req,missing_destination,48,Application-23-Service,EndDevice-23,Application-23-Service,70100
26894,Application-34,M_Req,missing_destination,59,Application-34-Service,EndDevice-34,Application-34-Service,70100
26895,Application-24,M_Req,missing_destination,49,Application-24-Service,EndDevice-24,Application-24-Service,70100
26904,Application-35,M_Req,missing_destination,60,Application-35-Service,EndDevice-35,Application-35-Service,70200
26908,Application-11,M_Req,missing_destination,36,Application-11-Service,EndDevice-11,Application-11-Service,70200
26916,Application-37,M_Req,missing_destination,62,Application-37-Service,EndDevice-37,Application-37-Service,70200
26917,Application-45,M_Req,missing_destination,70,Application-45-Service,EndDevice-45,Application-45-Service,70200
26952,Application-35,M_Req,missing_destination,60,Application-35-Service,EndDevice-35,Application-35-Service,70300
26956,Application-11,M_Req,missing_destination,36,Application-11-Service,EndDevice-11,Application-11-Service,70300
26979,Application-12,M_Req,missing_destination,37,Application-12-Service,EndDevice-12,Application-12-Service,70400
26980,Application-23,M_Req,missing_destination,48,Application-23-Service,EndDevice-23,Application-23-Service,70400
26981,Application-24,M_Req,missing_destination,49,Application-24-Service,EndDevice-24,Application-24-Service,70400
26994,Application-35,M_Req,missing_destination,60,Application-35-Service,EndDevice-35,Application-35-Service,70400
26997,Application-11,M_Req,missing_destination,36,Application-11-Service,EndDevice-11,Application-11-Service,70400
27002,Application-22,M_Req,missing_destination,47,Application-22-Service,EndDevice-22,Application-22-Service,70500
27005,Application-37,M_Req,missing_destination,62,Application-37-Service,EndDevice-37,Application-37-Service,70500
27007,Application-10,M_Req,missing_destination,35,Application-10-Service,EndDevice-10,Application-10-Service,70500
27013,Application-38,M_Req,missing_destination,63,Application-38-Service,EndDevice-38,Application-38-Service,70500
27027,Application-12,M_Req,missing_destination,37,Application-12-Service,EndDevice-12,Application-12-Service,70500
27028,Application-23,M_Req,missing_destination,48,Application-23-Service,EndDevice-23,Application-23-Service,70500
27029,Application-24,M_Req,missing_destination,49,Application-24-Service,EndDevice-24,Application-24-Service,70500
27042,Application-35,M_Req,missing_destination,60,Application-35-Service,EndDevice-35,Application-35-Service,70500
27045,Application-11,M_Req,missing_destination,36,Application-11-Service,EndDevice-11,Application-11-Service,70500
27059,Application-38,M_Req,missing_destination,63,Application-38-Service,EndDevice-38,Application-38-Service,70600
27088,Application-27,M_Req,missing_destination,52,Application-27-Service,EndDevice-27,Application-27-Service,70700
27095,Application-48,M_Req,missing_destination,73,Application-48-Service,EndDevice-48,Application-48-Service,70700
27101,Application-45,M_Req,missing_destination,70,Application-45-Service,EndDevice-45,Application-45-Service,70700
27104,Application-47,M_Req,missing_destination,72,Application-47-Service,EndDevice-47,Application-47-Service,70700
27105,Application-25,M_Req,missing_destination,50,Application-25-Service,EndDevice-25,Application-25-Service,70700
27107,Application-38,M_Req,missing_destination,63,Application-38-Service,EndDevice-38,Application-38-Service,70700
27108,Application-26,M_Req,missing_destination,51,Application-26-Service,EndDevice-26,Application-26-Service,70700
27113,Application-28,M_Req,missing_destination,53,Application-28-Service,EndDevice-28,Application-28-Service,70700
27114,Application-34,M_Req,missing_destination,59,Application-34-Service,EndDevice-34,Application-34-Service,70700
27116,Application-40,M_Req,missing_destination,65,Application-40-Service,EndDevice-40,Application-40-Service,70700
27117,Application-36,M_Req,missing_destination,61,Application-36-Service,EndDevice-36,Application-36-Service,70700
27134,Application-27,M_Req,missing_destination,52,Application-27-Service,EndDevice-27,Application-27-Service,70800
27144,Application-45,M_Req,missing_destination,70,Application-45-Service,EndDevice-45,Application-45-Service,70800
27147,Application-47,M_Req,missing_destination,72,Application-47-Service,EndDevice-47,Application-47-Service,70800
27148,Application-25,M_Req,missing_destination,50,Application-25-Service,EndDevice-25,Application-25-Service,70800
27150,Application-38,M_Req,missing_destination,63,Application-38-Service,EndDevice-38,Application-38-Service,70800
27151,Application-26,M_Req,missing_destination,51,Application-26-Service,EndDevice-26,Application-26-Service,70800
27155,Application-34,M_Req,missing_destination,59,Application-34-Service,EndDevice-34,Application-34-Service,70800
27156,Application-40,M_Req,missing_destination,65,Application-40-Service,EndDevice-40,Application-40-Service,70800
27182,Application-27,M_Req,missing_destination,52,Application-27-Service,EndDevice-27,Application-27-Service,70900
27196,Application-25,M_Req,missing_destination,50,Application-25-Service,EndDevice-25,Application-25-Service,70900
27198,Application-38,M_Req,missing_destination,63,Application-38-Service,EndDevice-38,Application-38-Service,70900
27199,Application-26,M_Req,missing_destination,51,Application-26-Service,EndDevice-26,Application-26-Service,70900
27203,Application-34,M_Req,missing_destination,59,Application-34-Service,EndDevice-34,Application-34-Service,70900
27206,Application-12,M_Req,missing_destination,37,Application-12-Service,EndDevice-12,Application-12-Service,71000
27209,Application-46,M_Req,missing_destination,71,Application-46-Service,EndDevice-46,Application-46-Service,71000
27211,Application-8,M_Req,missing_destination,33,Application-8-Service,EndDevice-8,Application-8-Service,71000
27220,Application-7,M_Req,missing_destination,32,Application-7-Service,EndDevice-7,Application-7-Service,71000
27226,Application-27,M_Req,missing_destination,52,Application-27-Service,EndDevice-27,Application-27-Service,71000
27227,Application-11,M_Req,missing_destination,36,Application-11-Service,EndDevice-11,Application-11-Service,71000
27233,Application-10,M_Req,missing_destination,35,Application-10-Service,EndDevice-10,Application-10-Service,71100
27234,Application-6,M_Req,missing_destination,31,Application-6-Service,EndDevice-6,Application-6-Service,71100
27238,Application-26,M_Req,missing_destination,51,Application-26-Service,EndDevice-26,Application-26-Service,71100
27239,Application-5,M_Req,missing_destination,30,Application-5-Service,EndDevice-5,Application-5-Service,71100
27254,Application-12,M_Req,missing_destination,37,Application-12-Service,EndDevice-12,Application-12-Service,71100
27257,Application-46,M_Req,missing_destination,71,Application-46-Service,EndDevice-46,Application-46-Service,71100
27259,Application-8,M_Req,missing_destination,33,Application-8-Service,EndDevice-8,Application-8-Service,71100
27268,Application-7,M_Req,missing_destination,32,Application-7-Service,EndDevice-7,Application-7-Service,71100
27274,Application-27,M_Req,missing_destination,52,Application-27-Service,EndDevice-27,Application-27-Service,71100
27275,Application-11,M_Req,missing_destination,36,Application-11-Service,EndDevice-11,Application-11-Service,71100
27281,Application-6,M_Req,missing_destination,31,Application-6-Service,EndDevice-6,Application-6-Service,71200
27284,Application-26,M_Req,missing_destination,51,Application-26-Service,EndDevice-26,Application-26-Service,71200
27285,Application-5,M_Req,missing_destination,30,Application-5-Service,EndDevice-5,Application-5-Service,71200
27300,Application-46,M_Req,missing_destination,71,Application-46-Service,EndDevice-46,Application-46-Service,71200
27302,Application-8,M_Req,missing_destination,33,Application-8-Service,EndDevice-8,Application-8-Service,71200
27307,Application-13,M_Req,missing_destination,38,Application-13-Service,EndDevice-13,Application-13-Service,71300
27308,Application-7,M_Req,missing_destination,32,Application-7-Service,EndDevice-7,Application-7-Service,71300
27316,Application-14,M_Req,missing_destination,39,Application-14-Service,EndDevice-14,Application-14-Service,71300
27318,Application-15,M_Req,missing_destination,40,Application-15-Service,EndDevice-15,Application-15-Service,71300
27322,Application-16,M_Req,missing_destination,41,Application-16-Service,EndDevice-16,Application-16-Service,71300
27324,Application-18,M_Req,missing_destination,43,Application-18-Service,EndDevice-18,Application-18-Service,71300
27329,Application-6,M_Req,missing_destination,31,Application-6-Service,EndDevice-6,Application-6-Service,71300
27332,Application-26,M_Req,missing_destination,51,Application-26-Service,EndDevice-26,Application-26-Service,71300
27333,Application-5,M_Req,missing_destination,30,Application-5-Service,EndDevice-5,Application-5-Service,71300
27334,Application-19,M_Req,missing_destination,44,Application-19-Service,EndDevice-19,Application-19-Service,71300
27338,Application-25,M_Req,missing_destination,50,Application-25-Service,EndDevice-25,Application-25-Service,71300
27339,Application-37,M_Req,missing_destination,62,Application-37-Service,EndDevice-37,Application-37-Service,71300
27342,Application-39,M_Req,missing_destination,64,Application-39-Service,EndDevice-39,Application-39-Service,71300
27344,Application-17,M_Req,missing_destination,42,Application-17-Service,EndDevice-17,Application-17-Service,71300
27345,Application-36,M_Req,missing_destination,61,Application-36-Service,EndDevice-36,Application-36-Service,71300
27348,Application-46,M_Req,missing_destination,71,Application-46-Service,EndDevice-46,Application-46-Service,71300
27350,Application-8,M_Req,missing_destination,33,Application-8-Service,EndDevice-8,Application-8-Service,71300
27352,Application-48,M_Req,missing_destination,73,Application-48-Service,EndDevice-48,Application-48-Service,71300
27353,Application-20,M_Req,missing_destination,45,Application-20-Service,EndDevice-20,Application-20-Service,71300
27355,Application-13,M_Req,missing_destination,38,Application-13-Service,EndDevice-13,Application-13-Service,71400
27356,Application-7,M_Req,missing_destination,32,Application-7-Service,EndDevice-7,Application-7-Service,71400
27362,Application-14,M_Req,missing_destination,39,Application-14-Service,EndDevice-14,Application-14-Service,71400
27364,Application-15,M_Req,missing_destination,40,Application-15-Service,EndDevice-15,Application-15-Service,71400
27367,Application-16,M_Req,missing_destination,41,Application-16-Service,EndDevice-16,Application-16-Service,71400
27373,Application-6,M_Req,missing_destination,31,Application-6-Service,EndDevice-6,Application-6-Service,71400
27374,Application-26,M_Req,missing_destination,51,Application-26-Service,EndDevice-26,Application-26-Service,71400
27375,Application-5,M_Req,missing_destination,30,Application-5-Service,EndDevice-5,Application-5-Service,71400
27376,Application-19,M_Req,missing_destination,44,Application-19-Service,EndDevice-19,Application-19-Service,71400
27379,Application-25,M_Req,missing_destination,50,Application-25-Service,EndDevice-25,Application-25-Service,71400
27380,Application-37,M_Req,missing_destination,62,Application-37-Service,EndDevice-37,Application-37-Service,71400
27403,Application-13,M_Req,missing_destination,38,Application-13-Service,EndDevice-13,Application-13-Service,71500
27404,Application-7,M_Req,missing_destination,32,Application-7-Service,EndDevice-7,Application-7-Service,71500
27410,Application-14,M_Req,missing_destination,39,Application-14-Service,EndDevice-14,Application-14-Service,71500
27412,Application-15,M_Req,missing_destination,40,Application-15-Service,EndDevice-15,Application-15-Service,71500
27415,Application-16,M_Req,missing_destination,41,Application-16-Service,EndDevice-16,Application-16-Service,71500
27424,Application-19,M_Req,missing_destination,44,Application-19-Service,EndDevice-19,Application-19-Service,71500
27427,Application-25,M_Req,missing_destination,50,Application-25-Service,EndDevice-25,Application-25-Service,71500
27428,Application-37,M_Req,missing_destination,62,Application-37-Service,EndDevice-37,Application-37-Service,71500
27433,Application-23,M_Req,missing_destination,48,Application-23-Service,EndDevice-23,Application-23-Service,71600
27435,Application-21,M_Req,missing_destination,46,Application-21-Service,EndDevice-21,Application-21-Service,71600
27436,Application-48,M_Req,missing_destination,73,Application-48-Service,EndDevice-48,Application-48-Service,71600
27439,Application-11,M_Req,missing_destination,36,Application-11-Service,EndDevice-11,Application-11-Service,71600
27444,Application-47,M_Req,missing_destination,72,Application-47-Service,EndDevice-47,Application-47-Service,71600
27448,Application-13,M_Req,missing_destination,38,Application-13-Service,EndDevice-13,Application-13-Service,71600
27449,Application-7,M_Req,missing_destination,32,Application-7-Service,EndDevice-7,Application-7-Service,71600
27454,Application-14,M_Req,missing_destination,39,Application-14-Service,EndDevice-14,Application-14-Service,71600
27456,Application-15,M_Req,missing_destination,40,Application-15-Service,EndDevice-15,Application-15-Service,71600
27457,Application-10,M_Req,missing_destination,35,Application-10-Service,EndDevice-10,Application-10-Service,71600
27470,Application-45,M_Req,missing_destination,70,Application-45-Service,EndDevice-45,Application-45-Service,71700
27481,Application-23,M_Req,missing_destination,48,Application-23-Service,EndDevice-23,Application-23-Service,71700
27483,Application-21,M_Req,missing_destination,46,Application-21-Service,EndDevice-21,Application-21-Service,71700
27484,Application-48,M_Req,missing_destination,73,Application-48-Service,EndDevice-48,Application-48-Service,71700
27487,Application-11,M_Req,missing_destination,36,Application-11-Service,EndDevice-11,Application-11-Service,71700
27492,Application-47,M_Req,missing_destination,72,Application-47-Service,EndDevice-47,Application-47-Service,71700
27496,Application-13,M_Req,missing_destination,38,Application-13-Service,EndDevice-13,Application-13-Service,71700
27497,Application-7,M_Req,missing_destination,32,Application-7-Service,EndDevice-7,Application-7-Service,71700
27502,Application-14,M_Req,missing_destination,39,Application-14-Service,EndDevice-14,Application-14-Service,71700
27504,Application-15,M_Req,missing_destination,40,Application-15-Service,EndDevice-15,Application-15-Service,71700
27505,Application-10,M_Req,missing_destination,35,Application-10-Service,EndDevice-10,Application-10-Service,71700
27517,Application-45,M_Req,missing_destination,70,Application-45-Service,EndDevice-45,Application-45-Service,71800
27528,Application-48,M_Req,missing_destination,73,Application-48-Service,EndDevice-48,Application-48-Service,71800
27531,Application-11,M_Req,missing_destination,36,Application-11-Service,EndDevice-11,Application-11-Service,71800
27538,Application-35,M_Req,missing_destination,60,Application-35-Service,EndDevice-35,Application-35-Service,71900
27551,Application-36,M_Req,missing_destination,61,Application-36-Service,EndDevice-36,Application-36-Service,71900
27556,Application-41,M_Req,missing_destination,66,Application-41-Service,EndDevice-41,Application-41-Service,71900
27557,Application-42,M_Req,missing_destination,67,Application-42-Service,EndDevice-42,Application-42-Service,71900
27562,Application-33,M_Req,missing_destination,58,Application-33-Service,EndDevice-33,Application-33-Service,71900
27565,Application-45,M_Req,missing_destination,70,Application-45-Service,EndDevice-45,Application-45-Service,71900
27569,Application-44,M_Req,missing_destination,69,Application-44-Service,EndDevice-44,Application-44-Service,71900
27572,Application-43,M_Req,missing_destination,68,Application-43-Service,EndDevice-43,Application-43-Service,71900
27576,Application-48,M_Req,missing_destination,73,Application-48-Service,EndDevice-48,Application-48-Service,71900
27579,Application-11,M_Req,missing_destination,36,Application-11-Service,EndDevice-11,Application-11-Service,71900
27583,Application-34,M_Req,missing_destination,59,Application-34-Service,EndDevice-34,Application-34-Service,71900
27584,Application-18,M_Req,missing_destination,43,Application-18-Service,EndDevice-18,Application-18-Service,71900
27600,Application-41,M_Req,missing_destination,66,Application-41-Service,EndDevice-41,Application-41-Service,72000
27604,Application-33,M_Req,missing_destination,58,Application-33-Service,EndDevice-33,Application-33-Service,72000
27606,Application-45,M_Req,missing_destination,70,Application-45-Service,EndDevice-45,Application-45-Service,72000
27652,Application-33,M_Req,missing_destination,58,Application-33-Service,EndDevice-33,Application-33-Service,72100
27660,Application-23,M_Req,missing_destination,48,Application-23-Service,EndDevice-23,Application-23-Service,72200
27662,Application-20,M_Req,missing_destination,45,Application-20-Service,EndDevice-20,Application-20-Service,72200
27671,Application-42,M_Req,missing_destination,67,Application-42-Service,EndDevice-42,Application-42-Service,72200
27675,Application-13,M_Req,missing_destination,38,Application-13-Service,EndDevice-13,Application-13-Service,72200
27677,Application-14,M_Req,missing_destination,39,Application-14-Service,EndDevice-14,Application-14-Service,72200
27693,Application-37,M_Req,missing_destination,62,Application-37-Service,EndDevice-37,Application-37-Service,72300
27695,Application-40,M_Req,missing_destination,65,Application-40-Service,EndDevice-40,Application-40-Service,72300
27698,Application-22,M_Req,missing_destination,47,Application-22-Service,EndDevice-22,Application-22-Service,72300
27708,Application-23,M_Req,missing_destination,48,Application-23-Service,EndDevice-23,Application-23-Service,72300
27710,Application-20,M_Req,missing_destination,45,Application-20-Service,EndDevice-20,Application-20-Service,72300
27719,Application-42,M_Req,missing_destination,67,Application-42-Service,EndDevice-42,Application-42-Service,72300
27723,Application-13,M_Req,missing_destination,38,Application-13-Service,EndDevice-13,Application-13-Service,72300
27725,Application-14,M_Req,missing_destination,39,Application-14-Service,EndDevice-14,Application-14-Service,72300
27754,Application-23,M_Req,missing_destination,48,Application-23-Service,EndDevice-23,Application-23-Service,72400
27768,Application-32,M_Req,missing_destination,57,Application-32-Service,EndDevice-32,Application-32-Service,72500
27789,Application-37,M_Req,missing_destination,62,Application-37-Service,EndDevice-37,Application-37-Service,72500
27790,Application-40,M_Req,missing_destination,65,Application-40-Service,EndDevice-40,Application-40-Service,72500
27795,Application-30,M_Req,missing_destination,55,Application-30-Service,EndDevice-30,Application-30-Service,72500
27796,Application-29,M_Req,missing_destination,54,Application-29-Service,EndDevice-29,Application-29-Service,72500
27799,Application-24,M_Req,missing_destination,49,Application-24-Service,EndDevice-24,Application-24-Service,72500
27801,Application-39,M_Req,missing_destination,64,Application-39-Service,EndDevice-39,Application-39-Service,72500
27802,Application-23,M_Req,missing_destination,48,Application-23-Service,EndDevice-23,Application-23-Service,72500
27803,Application-48,M_Req,missing_destination,73,Application-48-Service,EndDevice-48,Application-48-Service,72500
27804,Application-20,M_Req,missing_destination,45,Application-20-Service,EndDevice-20,Application-20-Service,72500
27811,Application-42,M_Req,missing_destination,67,Application-42-Service,EndDevice-42,Application-42-Service,72500
27813,Application-31,M_Req,missing_destination,56,Application-31-Service,EndDevice-31,Application-31-Service,72500
27815,Application-32,M_Req,missing_destination,57,Application-32-Service,EndDevice-32,Application-32-Service,72600
27832,Application-37,M_Req,missing_destination,62,Application-37-Service,EndDevice-37,Application-37-Service,72600
27833,Application-40,M_Req,missing_destination,65,Application-40-Service,EndDevice-40,Application-40-Service,72600
27838,Application-29,M_Req,missing_destination,54,Application-29-Service,EndDevice-29,Application-29-Service,72600
27841,Application-24,M_Req,missing_destination,49,Application-24-Service,EndDevice-24,Application-24-Service,72600
27843,Application-39,M_Req,missing_destination,64,Application-39-Service,EndDevice-39,Application-39-Service,72600
27880,Application-37,M_Req,missing_destination,62,Application-37-Service,EndDevice-37,Application-37-Service,72700
27881,Application-40,M_Req,missing_destination,65,Application-40-Service,EndDevice-40,Application-40-Service,72700
27893,Application-9,M_Req,missing_destination,34,Application-9-Service,EndDevice-9,Application-9-Service,72800
27906,Application-12,M_Req,missing_destination,37,Application-12-Service,EndDevice-12,Application-12-Service,72800
27910,Application-17,M_Req,missing_destination,42,Application-17-Service,EndDevice-17,Application-17-Service,72800
27911,Application-41,M_Req,missing_destination,66,Application-41-Service,EndDevice-41,Application-41-Service,72800
27914,Application-43,M_Req,missing_destination,68,Application-43-Service,EndDevice-43,Application-43-Service,72800
27916,Application-11,M_Req,missing_destination,36,Application-11-Service,EndDevice-11,Application-11-Service,72800
27921,Application-40,M_Req,missing_destination,65,Application-40-Service,EndDevice-40,Application-40-Service,72900
27941,Application-9,M_Req,missing_destination,34,Application-9-Service,EndDevice-9,Application-9-Service,72900
27954,Application-12,M_Req,missing_destination,37,Application-12-Service,EndDevice-12,Application-12-Service,72900
27958,Application-17,M_Req,missing_destination,42,Application-17-Service,EndDevice-17,Application-17-Service,72900
27959,Application-41,M_Req,missing_destination,66,Application-41-Service,EndDevice-41,Application-41-Service,72900
27962,Application-43,M_Req,missing_destination,68,Application-43-Service,EndDevice-43,Application-43-Service,72900
27964,Application-11,M_Req,missing_destination,36,Application-11-Service,EndDevice-11,Application-11-Service,72900
27996,Application-25,M_Req,missing_destination,50,Application-25-Service,EndDevice-25,Application-25-Service,73100
27999,Application-22,M_Req,missing_destination,47,Application-22-Service,EndDevice-22,Application-22-Service,73100
28001,Application-43,M_Req,missing_destination,68,Application-43-Service,EndDevice-43,Application-43-Service,73100
28004,Application-24,M_Req,missing_destination,49,Application-24-Service,EndDevice-24,Application-24-Service,73100
28005,Application-41,M_Req,missing_destination,66,Application-41-Service,EndDevice-41,Application-41-Service,73100
28011,Application-28,M_Req,missing_destination,53,Application-28-Service,EndDevice-28,Application-28-Service,73100
28019,Application-27,M_Req,missing_destination,52,Application-27-Service,EndDevice-27,Application-27-Service,73100
28021,Application-39,M_Req,missing_destination,64,Application-39-Service,EndDevice-39,Application-39-Service,73100
28022,Application-21,M_Req,missing_destination,46,Application-21-Service,EndDevice-21,Application-21-Service,73100
28028,Application-23,M_Req,missing_destination,48,Application-23-Service,EndDevice-23,Application-23-Service,73100
28030,Application-26,M_Req,missing_destination,51,Application-26-Service,EndDevice-26,Application-26-Service,73100
28043,Application-25,M_Req,missing_destination,50,Application-25-Service,EndDevice-25,Application-25-Service,73200
28045,Application-22,M_Req,missing_destination,47,Application-22-Service,EndDevice-22,Application-22-Service,73200
28046,Application-43,M_Req,missing_destination,68,Application-43-Service,EndDevice-43,Application-43-Service,73200
28048,Application-24,M_Req,missing_destination,49,Application-24-Service,EndDevice-24,Application-24-Service,73200
28049,Application-41,M_Req,missing_destination,66,Application-41-Service,EndDevice-41,Application-41-Service,73200
28062,Application-39,M_Req,missing_destination,64,Application-39-Service,EndDevice-39,Application-39-Service,73200
28063,Application-21,M_Req,missing_destination,46,Application-21-Service,EndDevice-21,Application-21-Service,73200
28091,Application-25,M_Req,missing_destination,50,Application-25-Service,EndDevice-25,Application-25-Service,73300
28093,Application-22,M_Req,missing_destination,47,Application-22-Service,EndDevice-22,Application-22-Service,73300
28094,Application-43,M_Req,missing_destination,68,Application-43-Service,EndDevice-43,Application-43-Service,73300
28096,Application-24,M_Req,missing_destination,49,Application-24-Service,EndDevice-24,Application-24-Service,73300
28097,Application-41,M_Req,missing_destination,66,Application-41-Service,EndDevice-41,Application-41-Service,73300
28110,Application-39,M_Req,missing_destination,64,Application-39-Service,EndDevice-39,Application-39-Service,73300
28111,Application-21,M_Req,missing_destination,46,Application-21-Service,EndDevice-21,Application-21-Service,73300
28118,Application-9,M_Req,missing_destination,34,Application-9-Service,EndDevice-9,Application-9-Service,73400
28124,Application-4,M_Req,missing_destination,29,Application-4-Service,EndDevice-4,Application-4-Service,73400
28125,Application-11,M_Req,missing_destination,36,Application-11-Service,EndDevice-11,Application-11-Service,73400
28127,Application-1,M_Req,missing_destination,26,Application-1-Service,EndDevice-1,Application-1-Service,73400
28131,Application-3,M_Req,missing_destination,28,Application-3-Service,EndDevice-3,Application-3-Service,73400
28134,Application-25,M_Req,missing_destination,50,Application-25-Service,EndDevice-25,Application-25-Service,73400
28136,Application-22,M_Req,missing_destination,47,Application-22-Service,EndDevice-22,Application-22-Service,73400
28137,Application-2,M_Req,missing_destination,27,Application-2-Service,EndDevice-2,Application-2-Service,73400
28138,Application-24,M_Req,missing_destination,49,Application-24-Service,EndDevice-24,Application-24-Service,73400
28139,Application-41,M_Req,missing_destination,66,Application-41-Service,EndDevice-41,Application-41-Service,73400
28155,Application-10,M_Req,missing_destination,35,Application-10-Service,EndDevice-10,Application-10-Service,73500
28166,Application-9,M_Req,missing_destination,34,Application-9-Service,EndDevice-9,Application-9-Service,73500
28172,Application-4,M_Req,missing_destination,29,Application-4-Service,EndDevice-4,Application-4-Service,73500
28173,Application-11,M_Req,missing_destination,36,Application-11-Service,EndDevice-11,Application-11-Service,73500
28175,Application-1,M_Req,missing_destination,26,Application-1-Service,EndDevice-1,Application-1-Service,73500
28179,Application-3,M_Req,missing_destination,28,Application-3-Service,EndDevice-3,Application-3-Service,73500
28182,Application-25,M_Req,missing_destination,50,Application-25-Service,EndDevice-25,Application-25-Service,73500
28184,Application-22,M_Req,missing_destination,47,Application-22-Service,EndDevice-22,Application-22-Service,73500
28185,Application-2,M_Req,missing_destination,27,Application-2-Service,EndDevice-2,Application-2-Service,73500
28186,Application-24,M_Req,missing_destination,49,Application-24-Service,EndDevice-24,Application-24-Service,73500
28187,Application-41,M_Req,missing_destination,66,Application-41-Service,EndDevice-41,Application-41-Service,73500
28214,Application-4,M_Req,missing_destination,29,Application-4-Service,EndDevice-4,Application-4-Service,73600
28217,Application-1,M_Req,missing_destination,26,Application-1-Service,EndDevice-1,Application-1-Service,73600
28221,Application-3,M_Req,missing_destination,28,Application-3-Service,EndDevice-3,Application-3-Service,73600
28224,Application-25,M_Req,missing_destination,50,Application-25-Service,EndDevice-25,Application-25-Service,73700
28227,Application-41,M_Req,missing_destination,66,Application-41-Service,EndDevice-41,Application-41-Service,73700
28232,Application-29,M_Req,missing_destination,54,Application-29-Service,EndDevice-29,Application-29-Service,73700
28235,Application-32,M_Req,missing_destination,57,Application-32-Service,EndDevice-32,Application-32-Service,73700
28245,Application-44,M_Req,missing_destination,69,Application-44-Service,EndDevice-44,Application-44-Service,73700
28246,Application-42,M_Req,missing_destination,67,Application-42-Service,EndDevice-42,Application-42-Service,73700
28254,Application-43,M_Req,missing_destination,68,Application-43-Service,EndDevice-43,Application-43-Service,73700
28262,Application-4,M_Req,missing_destination,29,Application-4-Service,EndDevice-4,Application-4-Service,73700
28265,Application-1,M_Req,missing_destination,26,Application-1-Service,EndDevice-1,Application-1-Service,73700
28266,Application-30,M_Req,missing_destination,55,Application-30-Service,EndDevice-30,Application-30-Service,73700
28267,Application-31,M_Req,missing_destination,56,Application-31-Service,EndDevice-31,Application-31-Service,73700
28269,Application-3,M_Req,missing_destination,28,Application-3-Service,EndDevice-3,Application-3-Service,73700
28271,Application-25,M_Req,missing_destination,50,Application-25-Service,EndDevice-25,Application-25-Service,73800
28274,Application-41,M_Req,missing_destination,66,Application-41-Service,EndDevice-41,Application-41-Service,73800
28279,Application-29,M_Req,missing_destination,54,Application-29-Service,EndDevice-29,Application-29-Service,73800
28282,Application-32,M_Req,missing_destination,57,Application-32-Service,EndDevice-32,Application-32-Service,73800
28290,Application-42,M_Req,missing_destination,67,Application-42-Service,EndDevice-42,Application-42-Service,73800
28296,Application-43,M_Req,missing_destination,68,Application-43-Service,EndDevice-43,Application-43-Service,73800
28345,Application-9,M_Req,missing_destination,34,Application-9-Service,EndDevice-9,Application-9-Service,74000
28349,Application-15,M_Req,missing_destination,40,Application-15-Service,EndDevice-15,Application-15-Service,74000
28350,Application-11,M_Req,missing_destination,36,Application-11-Service,EndDevice-11,Application-11-Service,74000
28353,Application-28,M_Req,missing_destination,53,Application-28-Service,EndDevice-28,Application-28-Service,74000
28354,Application-16,M_Req,missing_destination,41,Application-16-Service,EndDevice-16,Application-16-Service,74000
28356,Application-10,M_Req,missing_destination,35,Application-10-Service,EndDevice-10,Application-10-Service,74000
28366,Application-13,M_Req,missing_destination,38,Application-13-Service,EndDevice-13,Application-13-Service,74000
28393,Application-9,M_Req,missing_destination,34,Application-9-Service,EndDevice-9,Application-9-Service,74100
28397,Application-15,M_Req,missing_destination,40,Application-15-Service,EndDevice-15,Application-15-Service,74100
28398,Application-11,M_Req,missing_destination,36,Application-11-Service,EndDevice-11,Application-11-Service,74100
28401,Application-28,M_Req,missing_destination,53,Application-28-Service,EndDevice-28,Application-28-Service,74100
28402,Application-16,M_Req,missing_destination,41,Application-16-Service,EndDevice-16,Application-16-Service,74100
28404,Application-10,M_Req,missing_destination,35,Application-10-Service,EndDevice-10,Application-10-Service,74100
28414,Application-13,M_Req,missing_destination,38,Application-13-Service,EndDevice-13,Application-13-Service,74100
28442,Application-15,M_Req,missing_destination,40,Application-15-Service,EndDevice-15,Application-15-Service,74200
28446,Application-16,M_Req,missing_destination,41,Application-16-Service,EndDevice-16,Application-16-Service,74200
28451,Application-25,M_Req,missing_destination,50,Application-25-Service,EndDevice-25,Application-25-Service,74300
28452,Application-22,M_Req,missing_destination,47,Application-22-Service,EndDevice-22,Application-22-Service,74300
28453,Application-2,M_Req,missing_destination,27,Application-2-Service,EndDevice-2,Application-2-Service,74300
28457,Application-24,M_Req,missing_destination,49,Application-24-Service,EndDevice-24,Application-24-Service,74300
28460,Application-21,M_Req,missing_destination,46,Application-21-Service,EndDevice-21,Application-21-Service,74300
28461,Application-23,M_Req,missing_destination,48,Application-23-Service,EndDevice-23,Application-23-Service,74300
28464,Application-32,M_Req,missing_destination,57,Application-32-Service,EndDevice-32,Application-32-Service,74300
28468,Application-29,M_Req,missing_destination,54,Application-29-Service,EndDevice-29,Application-29-Service,74300
28484,Application-30,M_Req,missing_destination,55,Application-30-Service,EndDevice-30,Application-30-Service,74300
28490,Application-15,M_Req,missing_destination,40,Application-15-Service,EndDevice-15,Application-15-Service,74300
28494,Application-16,M_Req,missing_destination,41,Application-16-Service,EndDevice-16,Application-16-Service,74300
28499,Application-25,M_Req,missing_destination,50,Application-25-Service,EndDevice-25,Application-25-Service,74400
28500,Application-22,M_Req,missing_destination,47,Application-22-Service,EndDevice-22,Application-22-Service,74400
28501,Application-2,M_Req,missing_destination,27,Application-2-Service,EndDevice-2,Application-2-Service,74400
28504,Application-24,M_Req,missing_destination,49,Application-24-Service,EndDevice-24,Application-24-Service,74400
28506,Application-21,M_Req,missing_destination,46,Application-21-Service,EndDevice-21,Application-21-Service,74400
28508,Application-32,M_Req,missing_destination,57,Application-32-Service,EndDevice-32,Application-32-Service,74400
28525,Application-30,M_Req,missing_destination,55,Application-30-Service,EndDevice-30,Application-30-Service,74400
28547,Application-25,M_Req,missing_destination,50,Application-25-Service,EndDevice-25,Application-25-Service,74500
28556,Application-32,M_Req,missing_destination,57,Application-32-Service,EndDevice-32,Application-32-Service,74500
28573,Application-30,M_Req,missing_destination,55,Application-30-Service,EndDevice-30,Application-30-Service,74500
28577,Application-48,M_Req,missing_destination,73,Application-48-Service,EndDevice-48,Application-48-Service,74600
28583,Application-3,M_Req,missing_destination,28,Application-3-Service,EndDevice-3,Application-3-Service,74600
28584,Application-23,M_Req,missing_destination,48,Application-23-Service,EndDevice-23,Application-23-Service,74600
28585,Application-45,M_Req,missing_destination,70,Application-45-Service,EndDevice-45,Application-45-Service,74600
28592,Application-12,M_Req,missing_destination,37,Application-12-Service,EndDevice-12,Application-12-Service,74600
28593,Application-22,M_Req,missing_destination,47,Application-22-Service,EndDevice-22,Application-22-Service,74600
28594,Application-2,M_Req,missing_destination,27,Application-2-Service,EndDevice-2,Application-2-Service,74600
28597,Application-24,M_Req,missing_destination,49,Application-24-Service,EndDevice-24,Application-24-Service,74600
28599,Application-21,M_Req,missing_destination,46,Application-21-Service,EndDevice-21,Application-21-Service,74600
28601,Application-32,M_Req,missing_destination,57,Application-32-Service,EndDevice-32,Application-32-Service,74600
28606,Application-46,M_Req,missing_destination,71,Application-46-Service,EndDevice-46,Application-46-Service,74700
28625,Application-48,M_Req,missing_destination,73,Application-48-Service,EndDevice-48,Application-48-Service,74700
28631,Application-3,M_Req,missing_destination,28,Application-3-Service,EndDevice-3,Application-3-Service,74700
28632,Application-23,M_Req,missing_destination,48,Application-23-Service,EndDevice-23,Application-23-Service,74700
28633,Application-45,M_Req,missing_destination,70,Application-45-Service,EndDevice-45,Application-45-Service,74700
28640,Application-12,M_Req,missing_destination,37,Application-12-Service,EndDevice-12,Application-12-Service,74700
28641,Application-22,M_Req,missing_destination,47,Application-22-Service,EndDevice-22,Application-22-Service,74700
28642,Application-2,M_Req,missing_destination,27,Application-2-Service,EndDevice-2,Application-2-Service,74700
28645,Application-24,M_Req,missing_destination,49,Application-24-Service,EndDevice-24,Application-24-Service,74700
28647,Application-21,M_Req,missing_destination,46,Application-21-Service,EndDevice-21,Application-21-Service,74700
28649,Application-32,M_Req,missing_destination,57,Application-32-Service,EndDevice-32,Application-32-Service,74700
28654,Application-46,M_Req,missing_destination,71,Application-46-Service,EndDevice-46,Application-46-Service,74800
28670,Application-48,M_Req,missing_destination,73,Application-48-Service,EndDevice-48,Application-48-Service,74800
28675,Application-3,M_Req,missing_destination,28,Application-3-Service,EndDevice-3,Application-3-Service,74800
28676,Application-45,M_Req,missing_destination,70,Application-45-Service,EndDevice-45,Application-45-Service,74800
28687,Application-21,M_Req,missing_destination,46,Application-21-Service,EndDevice-21,Application-21-Service,74900
28694,Application-9,M_Req,missing_destination,34,Application-9-Service,EndDevice-9,Application-9-Service,74900
28696,Application-10,M_Req,missing_destination,35,Application-10-Service,EndDevice-10,Application-10-Service,74900
28699,Application-12,M_Req,missing_destination,37,Application-12-Service,EndDevice-12,Application-12-Service,74900
28702,Application-46,M_Req,missing_destination,71,Application-46-Service,EndDevice-46,Application-46-Service,74900
28713,Application-30,M_Req,missing_destination,55,Application-30-Service,EndDevice-30,Application-30-Service,74900
28718,Application-48,M_Req,missing_destination,73,Application-48-Service,EndDevice-48,Application-48-Service,74900
28719,Application-11,M_Req,missing_destination,36,Application-11-Service,EndDevice-11,Application-11-Service,74900
28721,Application-31,M_Req,missing_destination,56,Application-31-Service,EndDevice-31,Application-31-Service,74900
28723,Application-3,M_Req,missing_destination,28,Application-3-Service,EndDevice-3,Application-3-Service,74900
28724,Application-45,M_Req,missing_destination,70,Application-45-Service,EndDevice-45,Application-45-Service,74900
28733,Application-21,M_Req,missing_destination,46,Application-21-Service,EndDevice-21,Application-21-Service,75000
28738,Application-9,M_Req,missing_destination,34,Application-9-Service,EndDevice-9,Application-9-Service,75000
28740,Application-10,M_Req,missing_destination,35,Application-10-Service,EndDevice-10,Application-10-Service,75000
28743,Application-12,M_Req,missing_destination,37,Application-12-Service,EndDevice-12,Application-12-Service,75000
28754,Application-30,M_Req,missing_destination,55,Application-30-Service,EndDevice-30,Application-30-Service,75000
28824,Application-21,M_Req,missing_destination,46,Application-21-Service,EndDevice-21,Application-21-Service,75200
28826,Application-5,M_Req,missing_destination,30,Application-5-Service,EndDevice-5,Application-5-Service,75200
28830,Application-10,M_Req,missing_destination,35,Application-10-Service,EndDevice-10,Application-10-Service,75200
28833,Application-6,M_Req,missing_destination,31,Application-6-Service,EndDevice-6,Application-6-Service,75200
28837,Application-7,M_Req,missing_destination,32,Application-7-Service,EndDevice-7,Application-7-Service,75300
28838,Application-14,M_Req,missing_destination,39,Application-14-Service,EndDevice-14,Application-14-Service,75300
28844,Application-8,M_Req,missing_destination,33,Application-8-Service,EndDevice-8,Application-8-Service,75300
28872,Application-21,M_Req,missing_destination,46,Application-21-Service,EndDevice-21,Application-21-Service,75300
28874,Application-5,M_Req,missing_destination,30,Application-5-Service,EndDevice-5,Application-5-Service,75300
28878,Application-10,M_Req,missing_destination,35,Application-10-Service,EndDevice-10,Application-10-Service,75300
28881,Application-6,M_Req,missing_destination,31,Application-6-Service,EndDevice-6,Application-6-Service,75300
28885,Application-7,M_Req,missing_destination,32,Application-7-Service,EndDevice-7,Application-7-Service,75400
28891,Application-8,M_Req,missing_destination,33,Application-8-Service,EndDevice-8,Application-8-Service,75400
28921,Application-4,M_Req,missing_destination,29,Application-4-Service,EndDevice-4,Application-4-Service,75500
28925,Application-1,M_Req,missing_destination,26,Application-1-Service,EndDevice-1,Application-1-Service,75500
28933,Application-7,M_Req,missing_destination,32,Application-7-Service,EndDevice-7,Application-7-Service,75500
28939,Application-8,M_Req,missing_destination,33,Application-8-Service,EndDevice-8,Application-8-Service,75500
28940,Application-2,M_Req,missing_destination,27,Application-2-Service,EndDevice-2,Application-2-Service,75500
28950,Application-3,M_Req,missing_destination,28,Application-3-Service,EndDevice-3,Application-3-Service,75500
28958,Application-32,M_Req,missing_destination,57,Application-32-Service,EndDevice-32,Application-32-Service,75500
28959,Application-46,M_Req,missing_destination,71,Application-46-Service,EndDevice-46,Application-46-Service,75500
28969,Application-4,M_Req,missing_destination,29,Application-4-Service,EndDevice-4,Application-4-Service,75600
28972,Application-1,M_Req,missing_destination,26,Application-1-Service,EndDevice-1,Application-1-Service,75600
28979,Application-7,M_Req,missing_destination,32,Application-7-Service,EndDevice-7,Application-7-Service,75600
28985,Application-8,M_Req,missing_destination,33,Application-8-Service,EndDevice-8,Application-8-Service,75600
28986,Application-2,M_Req,missing_destination,27,Application-2-Service,EndDevice-2,Application-2-Service,75600
29027,Application-7,M_Req,missing_destination,32,Application-7-Service,EndDevice-7,Application-7-Service,75700
29033,Application-8,M_Req,missing_destination,33,Application-8-Service,EndDevice-8,Application-8-Service,75700
29042,Application-15,M_Req,missing_destination,40,Application-15-Service,EndDevice-15,Application-15-Service,75800
29045,Application-46,M_Req,missing_destination,71,Application-46-Service,EndDevice-46,Application-46-Service,75800
29047,Application-45,M_Req,missing_destination,70,Application-45-Service,EndDevice-45,Application-45-Service,75800
29053,Application-5,M_Req,missing_destination,30,Application-5-Service,EndDevice-5,Application-5-Service,75800
29059,Application-4,M_Req,missing_destination,29,Application-4-Service,EndDevice-4,Application-4-Service,75800
29062,Application-1,M_Req,missing_destination,26,Application-1-Service,EndDevice-1,Application-1-Service,75800
29069,Application-47,M_Req,missing_destination,72,Application-47-Service,EndDevice-47,Application-47-Service,75900
29074,Application-2,M_Req,missing_destination,27,Application-2-Service,EndDevice-2,Application-2-Service,75900
29090,Application-15,M_Req,missing_destination,40,Application-15-Service,EndDevice-15,Application-15-Service,75900
29093,Application-46,M_Req,missing_destination,71,Application-46-Service,EndDevice-46,Application-46-Service,75900
29095,Application-45,M_Req,missing_destination,70,Application-45-Service,EndDevice-45,Application-45-Service,75900
29101,Application-5,M_Req,missing_destination,30,Application-5-Service,EndDevice-5,Application-5-Service,75900
29107,Application-4,M_Req,missing_destination,29,Application-4-Service,EndDevice-4,Application-4-Service,75900
29110,Application-1,M_Req,missing_destination,26,Application-1-Service,EndDevice-1,Application-1-Service,75900
29120,Application-2,M_Req,missing_destination,27,Application-2-Service,EndDevice-2,Application-2-Service,76000
29141,Application-21,M_Req,missing_destination,46,Application-21-Service,EndDevice-21,Application-21-Service,76100
29144,Application-23,M_Req,missing_destination,48,Application-23-Service,EndDevice-23,Application-23-Service,76100
29148,Application-24,M_Req,missing_destination,49,Application-24-Service,EndDevice-24,Application-24-Service,76100
29155,Application-22,M_Req,missing_destination,47,Application-22-Service,EndDevice-22,Application-22-Service,76100
29158,Application-7,M_Req,missing_destination,32,Application-7-Service,EndDevice-7,Application-7-Service,76100
29168,Application-2,M_Req,missing_destination,27,Application-2-Service,EndDevice-2,Application-2-Service,76100
29180,Application-3,M_Req,missing_destination,28,Application-3-Service,EndDevice-3,Application-3-Service,76100
29184,Application-32,M_Req,missing_destination,57,Application-32-Service,EndDevice-32,Application-32-Service,76100
29189,Application-21,M_Req,missing_destination,46,Application-21-Service,EndDevice-21,Application-21-Service,76200
29193,Application-24,M_Req,missing_destination,49,Application-24-Service,EndDevice-24,Application-24-Service,76200
29198,Application-22,M_Req,missing_destination,47,Application-22-Service,EndDevice-22,Application-22-Service,76200
29237,Application-21,M_Req,missing_destination,46,Application-21-Service,EndDevice-21,Application-21-Service,76300
29241,Application-24,M_Req,missing_destination,49,Application-24-Service,EndDevice-24,Application-24-Service,76300
29246,Application-22,M_Req,missing_destination,47,Application-22-Service,EndDevice-22,Application-22-Service,76300
29268,Application-33,M_Req,missing_destination,58,Application-33-Service,EndDevice-33,Application-33-Service,76400
29278,Application-36,M_Req,missing_destination,61,Application-36-Service,EndDevice-36,Application-36-Service,76400
29282,Application-5,M_Req,missing_destination,30,Application-5-Service,EndDevice-5,Application-5-Service,76400
29284,Application-1,M_Req,missing_destination,26,Application-1-Service,EndDevice-1,Application-1-Service,76400
29288,Application-22,M_Req,missing_destination,47,Application-22-Service,EndDevice-22,Application-22-Service,76400
29289,Application-4,M_Req,missing_destination,29,Application-4-Service,EndDevice-4,Application-4-Service,76400
29294,Application-34,M_Req,missing_destination,59,Application-34-Service,EndDevice-34,Application-34-Service,76500
29296,Application-35,M_Req,missing_destination,60,Application-35-Service,EndDevice-35,Application-35-Service,76500
29316,Application-33,M_Req,missing_destination,58,Application-33-Service,EndDevice-33,Application-33-Service,76500
29326,Application-36,M_Req,missing_destination,61,Application-36-Service,EndDevice-36,Application-36-Service,76500
29330,Application-5,M_Req,missing_destination,30,Application-5-Service,EndDevice-5,Application-5-Service,76500
29332,Application-1,M_Req,missing_destination,26,Application-1-Service,EndDevice-1,Application-1-Service,76500
29336,Application-22,M_Req,missing_destination,47,Application-22-Service,EndDevice-22,Application-22-Service,76500
29337,Application-4,M_Req,missing_destination,29,Application-4-Service,EndDevice-4,Application-4-Service,76500
29343,Application-35,M_Req,missing_destination,60,Application-35-Service,EndDevice-35,Application-35-Service,76600
29360,Application-33,M_Req,missing_destination,58,Application-33-Service,EndDevice-33,Application-33-Service,76600
29369,Application-36,M_Req,missing_destination,61,Application-36-Service,EndDevice-36,Application-36-Service,76600
29372,Application-5,M_Req,missing_destination,30,Application-5-Service,EndDevice-5,Application-5-Service,76700
29376,Application-4,M_Req,missing_destination,29,Application-4-Service,EndDevice-4,Application-4-Service,76700
29377,Application-39,M_Req,missing_destination,64,Application-39-Service,EndDevice-39,Application-39-Service,76700
29378,Application-38,M_Req,missing_destination,63,Application-38-Service,EndDevice-38,Application-38-Service,76700
29379,Application-40,M_Req,missing_destination,65,Application-40-Service,EndDevice-40,Application-40-Service,76700
29383,Application-37,M_Req,missing_destination,62,Application-37-Service,EndDevice-37,Application-37-Service,76700
29385,Application-8,M_Req,missing_destination,33,Application-8-Service,EndDevice-8,Application-8-Service,76700
29386,Application-34,M_Req,missing_destination,59,Application-34-Service,EndDevice-34,Application-34-Service,76700
29391,Application-35,M_Req,missing_destination,60,Application-35-Service,EndDevice-35,Application-35-Service,76700
29395,Application-31,M_Req,missing_destination,56,Application-31-Service,EndDevice-31,Application-31-Service,76700
29404,Application-30,M_Req,missing_destination,55,Application-30-Service,EndDevice-30,Application-30-Service,76700
29408,Application-33,M_Req,missing_destination,58,Application-33-Service,EndDevice-33,Application-33-Service,76700
29413,Application-29,M_Req,missing_destination,54,Application-29-Service,EndDevice-29,Application-29-Service,76700
29414,Application-23,M_Req,missing_destination,48,Application-23-Service,EndDevice-23,Application-23-Service,76700
29417,Application-36,M_Req,missing_destination,61,Application-36-Service,EndDevice-36,Application-36-Service,76700
29419,Application-2,M_Req,missing_destination,27,Application-2-Service,EndDevice-2,Application-2-Service,76700
29420,Application-5,M_Req,missing_destination,30,Application-5-Service,EndDevice-5,Application-5-Service,76800
29424,Application-4,M_Req,missing_destination,29,Application-4-Service,EndDevice-4,Application-4-Service,76800
29425,Application-40,M_Req,missing_destination,65,Application-40-Service,EndDevice-40,Application-40-Service,76800
29429,Application-8,M_Req,missing_destination,33,Application-8-Service,EndDevice-8,Application-8-Service,76800
29430,Application-34,M_Req,missing_destination,59,Application-34-Service,EndDevice-34,Application-34-Service,76800
29435,Application-35,M_Req,missing_destination,60,Application-35-Service,EndDevice-35,Application-35-Service,76800
29445,Application-30,M_Req,missing_destination,55,Application-30-Service,EndDevice-30,Application-30-Service,76800
29477,Application-8,M_Req,missing_destination,33,Application-8-Service,EndDevice-8,Application-8-Service,76900
29483,Application-35,M_Req,missing_destination,60,Application-35-Service,EndDevice-35,Application-35-Service,76900
29493,Application-30,M_Req,missing_destination,55,Application-30-Service,EndDevice-30,Application-30-Service,76900
29500,Application-26,M_Req,missing_destination,51,Application-26-Service,EndDevice-26,Application-26-Service,77000
29510,Application-7,M_Req,missing_destination,32,Application-7-Service,EndDevice-7,Application-7-Service,77000
29511,Application-5,M_Req,missing_destination,30,Application-5-Service,EndDevice-5,Application-5-Service,77000
29513,Application-4,M_Req,missing_destination,29,Application-4-Service,EndDevice-4,Application-4-Service,77000
29514,Application-40,M_Req,missing_destination,65,Application-40-Service,EndDevice-40,Application-40-Service,77000
29518,Application-8,M_Req,missing_destination,33,Application-8-Service,EndDevice-8,Application-8-Service,77000
29519,Application-34,M_Req,missing_destination,59,Application-34-Service,EndDevice-34,Application-34-Service,77000
29523,Application-27,M_Req,missing_destination,52,Application-27-Service,EndDevice-27,Application-27-Service,77100
29548,Application-26,M_Req,missing_destination,51,Application-26-Service,EndDevice-26,Application-26-Service,77100
29558,Application-7,M_Req,missing_destination,32,Application-7-Service,EndDevice-7,Application-7-Service,77100
29559,Application-5,M_Req,missing_destination,30,Application-5-Service,EndDevice-5,Application-5-Service,77100
29561,Application-4,M_Req,missing_destination,29,Application-4-Service,EndDevice-4,Application-4-Service,77100
29562,Application-40,M_Req,missing_destination,65,Application-40-Service,EndDevice-40,Application-40-Service,77100
29566,Application-8,M_Req,missing_destination,33,Application-8-Service,EndDevice-8,Application-8-Service,77100
29567,Application-34,M_Req,missing_destination,59,Application-34-Service,EndDevice-34,Application-34-Service,77100
29570,Application-27,M_Req,missing_destination,52,Application-27-Service,EndDevice-27,Application-27-Service,77200
29589,Application-26,M_Req,missing_destination,51,Application-26-Service,EndDevice-26,Application-26-Service,77200
29599,Application-7,M_Req,missing_destination,32,Application-7-Service,EndDevice-7,Application-7-Service,77200
29601,Application-4,M_Req,missing_destination,29,Application-4-Service,EndDevice-4,Application-4-Service,77300
29604,Application-1,M_Req,missing_destination,26,Application-1-Service,EndDevice-1,Application-1-Service,77300
29611,Application-3,M_Req,missing_destination,28,Application-3-Service,EndDevice-3,Application-3-Service,77300
29617,Application-47,M_Req,missing_destination,72,Application-47-Service,EndDevice-47,Application-47-Service,77300
29618,Application-27,M_Req,missing_destination,52,Application-27-Service,EndDevice-27,Application-27-Service,77300
29623,Application-45,M_Req,missing_destination,70,Application-45-Service,EndDevice-45,Application-45-Service,77300
29625,Application-30,M_Req,missing_destination,55,Application-30-Service,EndDevice-30,Application-30-Service,77300
29629,Application-28,M_Req,missing_destination,53,Application-28-Service,EndDevice-28,Application-28-Service,77300
29630,Application-33,M_Req,missing_destination,58,Application-33-Service,EndDevice-33,Application-33-Service,77300
29636,Application-46,M_Req,missing_destination,71,Application-46-Service,EndDevice-46,Application-46-Service,77300
29637,Application-26,M_Req,missing_destination,51,Application-26-Service,EndDevice-26,Application-26-Service,77300
29640,Application-2,M_Req,missing_destination,27,Application-2-Service,EndDevice-2,Application-2-Service,77300
29642,Application-48,M_Req,missing_destination,73,Application-48-Service,EndDevice-48,Application-48-Service,77300
29645,Application-39,M_Req,missing_destination,64,Application-39-Service,EndDevice-39,Application-39-Service,77300
29647,Application-7,M_Req,missing_destination,32,Application-7-Service,EndDevice-7,Application-7-Service,77300
29649,Application-4,M_Req,missing_destination,29,Application-4-Service,EndDevice-4,Application-4-Service,77400
29652,Application-1,M_Req,missing_destination,26,Application-1-Service,EndDevice-1,Application-1-Service,77400
29658,Application-3,M_Req,missing_destination,28,Application-3-Service,EndDevice-3,Application-3-Service,77400
29664,Application-27,M_Req,missing_destination,52,Application-27-Service,EndDevice-27,Application-27-Service,77400
29668,Application-45,M_Req,missing_destination,70,Application-45-Service,EndDevice-45,Application-45-Service,77400
29670,Application-30,M_Req,missing_destination,55,Application-30-Service,EndDevice-30,Application-30-Service,77400
29674,Application-28,M_Req,missing_destination,53,Application-28-Service,EndDevice-28,Application-28-Service,77400
29675,Application-33,M_Req,missing_destination,58,Application-33-Service,EndDevice-33,Application-33-Service,77400
29716,Application-45,M_Req,missing_destination,70,Application-45-Service,EndDevice-45,Application-45-Service,77500
29723,Application-33,M_Req,missing_destination,58,Application-33-Service,EndDevice-33,Application-33-Service,77500
29729,Application-26,M_Req,missing_destination,51,Application-26-Service,EndDevice-26,Application-26-Service,77600
29731,Application-2,M_Req,missing_destination,27,Application-2-Service,EndDevice-2,Application-2-Service,77600
29744,Application-34,M_Req,missing_destination,59,Application-34-Service,EndDevice-34,Application-34-Service,77600
29749,Application-6,M_Req,missing_destination,31,Application-6-Service,EndDevice-6,Application-6-Service,77600
29753,Application-27,M_Req,missing_destination,52,Application-27-Service,EndDevice-27,Application-27-Service,77700
29761,Application-28,M_Req,missing_destination,53,Application-28-Service,EndDevice-28,Application-28-Service,77700
29777,Application-26,M_Req,missing_destination,51,Application-26-Service,EndDevice-26,Application-26-Service,77700
29779,Application-2,M_Req,missing_destination,27,Application-2-Service,EndDevice-2,Application-2-Service,77700
29792,Application-34,M_Req,missing_destination,59,Application-34-Service,EndDevice-34,Application-34-Service,77700
29797,Application-6,M_Req,missing_destination,31,Application-6-Service,EndDevice-6,Application-6-Service,77700
29801,Application-27,M_Req,missing_destination,52,Application-27-Service,EndDevice-27,Application-27-Service,77800
29846,Application-13,M_Req,missing_destination,38,Application-13-Service,EndDevice-13,Application-13-Service,77900
29849,Application-27,M_Req,missing_destination,52,Application-27-Service,EndDevice-27,Application-27-Service,77900
29851,Application-14,M_Req,missing_destination,39,Application-14-Service,EndDevice-14,Application-14-Service,77900
29865,Application-15,M_Req,missing_destination,40,Application-15-Service,EndDevice-15,Application-15-Service,77900
29868,Application-26,M_Req,missing_destination,51,Application-26-Service,EndDevice-26,Application-26-Service,77900
29870,Application-2,M_Req,missing_destination,27,Application-2-Service,EndDevice-2,Application-2-Service,77900
29871,Application-16,M_Req,missing_destination,41,Application-16-Service,EndDevice-16,Application-16-Service,77900
29890,Application-13,M_Req,missing_destination,38,Application-13-Service,EndDevice-13,Application-13-Service,78000
29893,Application-27,M_Req,missing_destination,52,Application-27-Service,EndDevice-27,Application-27-Service,78000
29895,Application-14,M_Req,missing_destination,39,Application-14-Service,EndDevice-14,Application-14-Service,78000
29941,Application-27,M_Req,missing_destination,52,Application-27-Service,EndDevice-27,Application-27-Service,78100
29960,Application-9,M_Req,missing_destination,34,Application-9-Service,EndDevice-9,Application-9-Service,78200
29979,Application-11,M_Req,missing_destination,36,Application-11-Service,EndDevice-11,Application-11-Service,78200
29982,Application-13,M_Req,missing_destination,38,Application-13-Service,EndDevice-13,Application-13-Service,78200
29986,Application-14,M_Req,missing_destination,39,Application-14-Service,EndDevice-14,Application-14-Service,78300
29988,Application-38,M_Req,missing_destination,63,Application-38-Service,EndDevice-38,Application-38-Service,78300
30008,Application-9,M_Req,missing_destination,34,Application-9-Service,EndDevice-9,Application-9-Service,78300
30027,Application-11,M_Req,missing_destination,36,Application-11-Service,EndDevice-11,Application-11-Service,78300
30030,Application-13,M_Req,missing_destination,38,Application-13-Service,EndDevice-13,Application-13-Service,78300
30034,Application-14,M_Req,missing_destination,39,Application-14-Service,EndDevice-14,Application-14-Service,78400
30060,Application-43,M_Req,missing_destination,68,Application-43-Service,EndDevice-43,Application-43-Service,78500
30065,Application-42,M_Req,missing_destination,67,Application-42-Service,EndDevice-42,Application-42-Service,78500
30069,Application-13,M_Req,missing_destination,38,Application-13-Service,EndDevice-13,Application-13-Service,78500
30077,Application-20,M_Req,missing_destination,45,Application-20-Service,EndDevice-20,Application-20-Service,78500
30081,Application-44,M_Req,missing_destination,69,Application-44-Service,EndDevice-44,Application-44-Service,78500
30082,Application-14,M_Req,missing_destination,39,Application-14-Service,EndDevice-14,Application-14-Service,78500
30086,Application-18,M_Req,missing_destination,43,Application-18-Service,EndDevice-18,Application-18-Service,78500
30102,Application-17,M_Req,missing_destination,42,Application-17-Service,EndDevice-17,Application-17-Service,78500
30104,Application-41,M_Req,missing_destination,66,Application-41-Service,EndDevice-41,Application-41-Service,78500
30105,Application-19,M_Req,missing_destination,44,Application-19-Service,EndDevice-19,Application-19-Service,78500
30108,Application-43,M_Req,missing_destination,68,Application-43-Service,EndDevice-43,Application-43-Service,78600
30112,Application-42,M_Req,missing_destination,67,Application-42-Service,EndDevice-42,Application-42-Service,78600
30115,Application-13,M_Req,missing_destination,38,Application-13-Service,EndDevice-13,Application-13-Service,78600
30122,Application-20,M_Req,missing_destination,45,Application-20-Service,EndDevice-20,Application-20-Service,78600
30125,Application-44,M_Req,missing_destination,69,Application-44-Service,EndDevice-44,Application-44-Service,78600
30126,Application-14,M_Req,missing_destination,39,Application-14-Service,EndDevice-14,Application-14-Service,78600
30129,Application-18,M_Req,missing_destination,43,Application-18-Service,EndDevice-18,Application-18-Service,78600
30174,Application-14,M_Req,missing_destination,39,Application-14-Service,EndDevice-14,Application-14-Service,78700
30186,Application-9,M_Req,missing_destination,34,Application-9-Service,EndDevice-9,Application-9-Service,78800
30187,Application-37,M_Req,missing_destination,62,Application-37-Service,EndDevice-37,Application-37-Service,78800
30189,Application-35,M_Req,missing_destination,60,Application-35-Service,EndDevice-35,Application-35-Service,78800
30201,Application-34,M_Req,missing_destination,59,Application-34-Service,EndDevice-34,Application-34-Service,78800
30215,Application-14,M_Req,missing_destination,39,Application-14-Service,EndDevice-14,Application-14-Service,78900
30216,Application-33,M_Req,missing_destination,58,Application-33-Service,EndDevice-33,Application-33-Service,78900
30217,Application-36,M_Req,missing_destination,61,Application-36-Service,EndDevice-36,Application-36-Service,78900
30221,Application-10,M_Req,missing_destination,35,Application-10-Service,EndDevice-10,Application-10-Service,78900
30234,Application-9,M_Req,missing_destination,34,Application-9-Service,EndDevice-9,Application-9-Service,78900
30235,Application-37,M_Req,missing_destination,62,Application-37-Service,EndDevice-37,Application-37-Service,78900
30237,Application-35,M_Req,missing_destination,60,Application-35-Service,EndDevice-35,Application-35-Service,78900
30249,Application-34,M_Req,missing_destination,59,Application-34-Service,EndDevice-34,Application-34-Service,78900
30301,Application-34,M_Req,missing_destination,59,Application-34-Service,EndDevice-34,Application-34-Service,79100
30303,Application-36,M_Req,missing_destination,61,Application-36-Service,EndDevice-36,Application-36-Service,79100
30305,Application-14,M_Req,missing_destination,39,Application-14-Service,EndDevice-14,Application-14-Service,79100
30311,Application-33,M_Req,missing_destination,58,Application-33-Service,EndDevice-33,Application-33-Service,79100
30315,Application-10,M_Req,missing_destination,35,Application-10-Service,EndDevice-10,Application-10-Service,79100
30325,Application-9,M_Req,missing_destination,34,Application-9-Service,EndDevice-9,Application-9-Service,79100
30326,Application-37,M_Req,missing_destination,62,Application-37-Service,EndDevice-37,Application-37-Service,79100
30328,Application-35,M_Req,missing_destination,60,Application-35-Service,EndDevice-35,Application-35-Service,79100
30347,Application-34,M_Req,missing_destination,59,Application-34-Service,EndDevice-34,Application-34-Service,79200
30350,Application-14,M_Req,missing_destination,39,Application-14-Service,EndDevice-14,Application-14-Service,79200
30355,Application-33,M_Req,missing_destination,58,Application-33-Service,EndDevice-33,Application-33-Service,79200
30395,Application-34,M_Req,missing_destination,59,Application-34-Service,EndDevice-34,Application-34-Service,79300
30403,Application-33,M_Req,missing_destination,58,Application-33-Service,EndDevice-33,Application-33-Service,79300
30414,Application-35,M_Req,missing_destination,60,Application-35-Service,EndDevice-35,Application-35-Service,79400
30416,Application-19,M_Req,missing_destination,44,Application-19-Service,EndDevice-19,Application-19-Service,79400
30422,Application-38,M_Req,missing_destination,63,Application-38-Service,EndDevice-38,Application-38-Service,79400
30424,Application-10,M_Req,missing_destination,35,Application-10-Service,EndDevice-10,Application-10-Service,79400
30426,Application-36,M_Req,missing_destination,61,Application-36-Service,EndDevice-36,Application-36-Service,79400
30435,Application-25,M_Req,missing_destination,50,Application-25-Service,EndDevice-25,Application-25-Service,79400
30437,Application-34,M_Req,missing_destination,59,Application-34-Service,EndDevice-34,Application-34-Service,79400
30439,Application-17,M_Req,missing_destination,42,Application-17-Service,EndDevice-17,Application-17-Service,79400
30440,Application-28,M_Req,missing_destination,53,Application-28-Service,EndDevice-28,Application-28-Service,79400
30443,Application-18,M_Req,missing_destination,43,Application-18-Service,EndDevice-18,Application-18-Service,79500
30462,Application-35,M_Req,missing_destination,60,Application-35-Service,EndDevice-35,Application-35-Service,79500
30464,Application-19,M_Req,missing_destination,44,Application-19-Service,EndDevice-19,Application-19-Service,79500
30470,Application-38,M_Req,missing_destination,63,Application-38-Service,EndDevice-38,Application-38-Service,79500
30472,Application-10,M_Req,missing_destination,35,Application-10-Service,EndDevice-10,Application-10-Service,79500
30474,Application-36,M_Req,missing_destination,61,Application-36-Service,EndDevice-36,Application-36-Service,79500
30483,Application-25,M_Req,missing_destination,50,Application-25-Service,EndDevice-25,Application-25-Service,79500
30485,Application-34,M_Req,missing_destination,59,Application-34-Service,EndDevice-34,Application-34-Service,79500
30487,Application-17,M_Req,missing_destination,42,Application-17-Service,EndDevice-17,Application-17-Service,79500
30488,Application-28,M_Req,missing_destination,53,Application-28-Service,EndDevice-28,Application-28-Service,79500
30515,Application-36,M_Req,missing_destination,61,Application-36-Service,EndDevice-36,Application-36-Service,79600
30518,Application-43,M_Req,missing_destination,68,Application-43-Service,EndDevice-43,Application-43-Service,79700
30520,Application-42,M_Req,missing_destination,67,Application-42-Service,EndDevice-42,Application-42-Service,79700
30522,Application-13,M_Req,missing_destination,38,Application-13-Service,EndDevice-13,Application-13-Service,79700
30525,Application-34,M_Req,missing_destination,59,Application-34-Service,EndDevice-34,Application-34-Service,79700
30537,Application-44,M_Req,missing_destination,69,Application-44-Service,EndDevice-44,Application-44-Service,79700
30543,Application-41,M_Req,missing_destination,66,Application-41-Service,EndDevice-41,Application-41-Service,79700
30544,Application-48,M_Req,missing_destination,73,Application-48-Service,EndDevice-48,Application-48-Service,79700
30552,Application-46,M_Req,missing_destination,71,Application-46-Service,EndDevice-46,Application-46-Service,79700
30553,Application-47,M_Req,missing_destination,72,Application-47-Service,EndDevice-47,Application-47-Service,79700
30558,Application-45,M_Req,missing_destination,70,Application-45-Service,EndDevice-45,Application-45-Service,79700
30560,Application-9,M_Req,missing_destination,34,Application-9-Service,EndDevice-9,Application-9-Service,79700
30563,Application-36,M_Req,missing_destination,61,Application-36-Service,EndDevice-36,Application-36-Service,79700
30566,Application-43,M_Req,missing_destination,68,Application-43-Service,EndDevice-43,Application-43-Service,79800
30568,Application-42,M_Req,missing_destination,67,Application-42-Service,EndDevice-42,Application-42-Service,79800
30570,Application-13,M_Req,missing_destination,38,Application-13-Service,EndDevice-13,Application-13-Service,79800
30581,Application-44,M_Req,missing_destination,69,Application-44-Service,EndDevice-44,Application-44-Service,79800
30587,Application-41,M_Req,missing_destination,66,Application-41-Service,EndDevice-41,Application-41-Service,79800
30588,Application-48,M_Req,missing_destination,73,Application-48-Service,EndDevice-48,Application-48-Service,79800
30614,Application-43,M_Req,missing_destination,68,Application-43-Service,EndDevice-43,Application-43-Service,79900
30616,Application-42,M_Req,missing_destination,67,Application-42-Service,EndDevice-42,Application-42-Service,79900
30629,Application-44,M_Req,missing_destination,69,Application-44-Service,EndDevice-44,Application-44-Service,79900
30635,Application-41,M_Req,missing_destination,66,Application-41-Service,EndDevice-41,Application-41-Service,79900
30646,Application-45,M_Req,missing_destination,70,Application-45-Service,EndDevice-45,Application-45-Service,80000
30655,Application-17,M_Req,missing_destination,42,Application-17-Service,EndDevice-17,Application-17-Service,80000
30656,Application-19,M_Req,missing_destination,44,Application-19-Service,EndDevice-19,Application-19-Service,80000
30660,Application-42,M_Req,missing_destination,67,Application-42-Service,EndDevice-42,Application-42-Service,80000
30664,Application-4,M_Req,missing_destination,29,Application-4-Service,EndDevice-4,Application-4-Service,80000
30665,Application-14,M_Req,missing_destination,39,Application-14-Service,EndDevice-14,Application-14-Service,80000
30668,Application-1,M_Req,missing_destination,26,Application-1-Service,EndDevice-1,Application-1-Service,80000
30674,Application-2,M_Req,missing_destination,27,Application-2-Service,EndDevice-2,Application-2-Service,80100
30681,Application-3,M_Req,missing_destination,28,Application-3-Service,EndDevice-3,Application-3-Service,80100
30694,Application-45,M_Req,missing_destination,70,Application-45-Service,EndDevice-45,Application-45-Service,80100
30703,Application-17,M_Req,missing_destination,42,Application-17-Service,EndDevice-17,Application-17-Service,80100
30704,Application-19,M_Req,missing_destination,44,Application-19-Service,EndDevice-19,Application-19-Service,80100
30708,Application-42,M_Req,missing_destination,67,Application-42-Service,EndDevice-42,Application-42-Service,80100
30712,Application-4,M_Req,missing_destination,29,Application-4-Service,EndDevice-4,Application-4-Service,80100
30713,Application-14,M_Req,missing_destination,39,Application-14-Service,EndDevice-14,Application-14-Service,80100
30716,Application-1,M_Req,missing_destination,26,Application-1-Service,EndDevice-1,Application-1-Service,80100
30722,Application-2,M_Req,missing_destination,27,Application-2-Service,EndDevice-2,Application-2-Service,80200
30727,Application-3,M_Req,missing_destination,28,Application-3-Service,EndDevice-3,Application-3-Service,80200
30759,Application-21,M_Req,missing_destination,46,Application-21-Service,EndDevice-21,Application-21-Service,80300
30764,Application-19,M_Req,missing_destination,44,Application-19-Service,EndDevice-19,Application-19-Service,80300
30770,Application-2,M_Req,missing_destination,27,Application-2-Service,EndDevice-2,Application-2-Service,80300
30775,Application-3,M_Req,missing_destination,28,Application-3-Service,EndDevice-3,Application-3-Service,80300
30780,Application-24,M_Req,missing_destination,49,Application-24-Service,EndDevice-24,Application-24-Service,80300
30786,Application-23,M_Req,missing_destination,48,Application-23-Service,EndDevice-23,Application-23-Service,80300
30787,Application-22,M_Req,missing_destination,47,Application-22-Service,EndDevice-22,Application-22-Service,80300
30792,Application-46,M_Req,missing_destination,71,Application-46-Service,EndDevice-46,Application-46-Service,80300
30793,Application-17,M_Req,missing_destination,42,Application-17-Service,EndDevice-17,Application-17-Service,80300
30808,Application-19,M_Req,missing_destination,44,Application-19-Service,EndDevice-19,Application-19-Service,80400
30813,Application-2,M_Req,missing_destination,27,Application-2-Service,EndDevice-2,Application-2-Service,80400
30818,Application-3,M_Req,missing_destination,28,Application-3-Service,EndDevice-3,Application-3-Service,80400
30822,Application-24,M_Req,missing_destination,49,Application-24-Service,EndDevice-24,Application-24-Service,80400
30856,Application-19,M_Req,missing_destination,44,Application-19-Service,EndDevice-19,Application-19-Service,80500
30874,Application-35,M_Req,missing_destination,60,Application-35-Service,EndDevice-35,Application-35-Service,80600
30879,Application-36,M_Req,missing_destination,61,Application-36-Service,EndDevice-36,Application-36-Service,80600
30881,Application-34,M_Req,missing_destination,59,Application-34-Service,EndDevice-34,Application-34-Service,80600
30885,Application-21,M_Req,missing_destination,46,Application-21-Service,EndDevice-21,Application-21-Service,80600
30886,Application-41,M_Req,missing_destination,66,Application-41-Service,EndDevice-41,Application-41-Service,80600
30887,Application-18,M_Req,missing_destination,43,Application-18-Service,EndDevice-18,Application-18-Service,80600
30889,Application-29,M_Req,missing_destination,54,Application-29-Service,EndDevice-29,Application-29-Service,80600
30894,Application-30,M_Req,missing_destination,55,Application-30-Service,EndDevice-30,Application-30-Service,80600
30897,Application-42,M_Req,missing_destination,67,Application-42-Service,EndDevice-42,Application-42-Service,80600
30898,Application-19,M_Req,missing_destination,44,Application-19-Service,EndDevice-19,Application-19-Service,80600
30901,Application-33,M_Req,missing_destination,58,Application-33-Service,EndDevice-33,Application-33-Service,80700
30905,Application-32,M_Req,missing_destination,57,Application-32-Service,EndDevice-32,Application-32-Service,80700
30922,Application-35,M_Req,missing_destination,60,Application-35-Service,EndDevice-35,Application-35-Service,80700
30927,Application-36,M_Req,missing_destination,61,Application-36-Service,EndDevice-36,Application-36-Service,80700
30929,Application-34,M_Req,missing_destination,59,Application-34-Service,EndDevice-34,Application-34-Service,80700
30933,Application-21,M_Req,missing_destination,46,Application-21-Service,EndDevice-21,Application-21-Service,80700
30934,Application-41,M_Req,missing_destination,66,Application-41-Service,EndDevice-41,Application-41-Service,80700
30935,Application-18,M_Req,missing_destination,43,Application-18-Service,EndDevice-18,Application-18-Service,80700
30937,Application-29,M_Req,missing_destination,54,Application-29-Service,EndDevice-29,Application-29-Service,80700
30942,Application-30,M_Req,missing_destination,55,Application-30-Service,EndDevice-30,Application-30-Service,80700
30945,Application-42,M_Req,missing_destination,67,Application-42-Service,EndDevice-42,Application-42-Service,80700
30946,Application-19,M_Req,missing_destination,44,Application-19-Service,EndDevice-19,Application-19-Service,80700
30949,Application-33,M_Req,missing_destination,58,Application-33-Service,EndDevice-33,Application-33-Service,80800
30966,Application-35,M_Req,missing_destination,60,Application-35-Service,EndDevice-35,Application-35-Service,80800
30971,Application-34,M_Req,missing_destination,59,Application-34-Service,EndDevice-34,Application-34-Service,80800
30979,Application-28,M_Req,missing_destination,53,Application-28-Service,EndDevice-28,Application-28-Service,80900
30986,Application-26,M_Req,missing_destination,51,Application-26-Service,EndDevice-26,Application-26-Service,80900
30997,Application-33,M_Req,missing_destination,58,Application-33-Service,EndDevice-33,Application-33-Service,80900
31000,Application-32,M_Req,missing_destination,57,Application-32-Service,EndDevice-32,Application-32-Service,80900
31008,Application-27,M_Req,missing_destination,52,Application-27-Service,EndDevice-27,Application-27-Service,80900
31014,Application-35,M_Req,missing_destination,60,Application-35-Service,EndDevice-35,Application-35-Service,80900
31019,Application-34,M_Req,missing_destination,59,Application-34-Service,EndDevice-34,Application-34-Service,80900
31021,Application-25,M_Req,missing_destination,50,Application-25-Service,EndDevice-25,Application-25-Service,80900
31022,Application-21,M_Req,missing_destination,46,Application-21-Service,EndDevice-21,Application-21-Service,80900
31023,Application-41,M_Req,missing_destination,66,Application-41-Service,EndDevice-41,Application-41-Service,80900
31024,Application-18,M_Req,missing_destination,43,Application-18-Service,EndDevice-18,Application-18-Service,80900
31027,Application-28,M_Req,missing_destination,53,Application-28-Service,EndDevice-28,Application-28-Service,81000
31033,Application-26,M_Req,missing_destination,51,Application-26-Service,EndDevice-26,Application-26-Service,81000
31042,Application-32,M_Req,missing_destination,57,Application-32-Service,EndDevice-32,Application-32-Service,81000
31048,Application-27,M_Req,missing_destination,52,Application-27-Service,EndDevice-27,Application-27-Service,81000
31090,Application-32,M_Req,missing_destination,57,Application-32-Service,EndDevice-32,Application-32-Service,81100
31105,Application-40,M_Req,missing_destination,65,Application-40-Service,EndDevice-40,Application-40-Service,81200
31109,Application-41,M_Req,missing_destination,66,Application-41-Service,EndDevice-41,Application-41-Service,81200
31111,Application-17,M_Req,missing_destination,42,Application-17-Service,EndDevice-17,Application-17-Service,81200
31112,Application-39,M_Req,missing_destination,64,Application-39-Service,EndDevice-39,Application-39-Service,81200
31115,Application-25,M_Req,missing_destination,50,Application-25-Service,EndDevice-25,Application-25-Service,81200
31121,Application-38,M_Req,missing_destination,63,Application-38-Service,EndDevice-38,Application-38-Service,81200
31123,Application-30,M_Req,missing_destination,55,Application-30-Service,EndDevice-30,Application-30-Service,81200
31131,Application-32,M_Req,missing_destination,57,Application-32-Service,EndDevice-32,Application-32-Service,81300
31137,Application-44,M_Req,missing_destination,69,Application-44-Service,EndDevice-44,Application-44-Service,81300
31139,Application-31,M_Req,missing_destination,56,Application-31-Service,EndDevice-31,Application-31-Service,81300
31153,Application-40,M_Req,missing_destination,65,Application-40-Service,EndDevice-40,Application-40-Service,81300
31157,Application-41,M_Req,missing_destination,66,Application-41-Service,EndDevice-41,Application-41-Service,81300
31159,Application-17,M_Req,missing_destination,42,Application-17-Service,EndDevice-17,Application-17-Service,81300
31160,Application-39,M_Req,missing_destination,64,Application-39-Service,EndDevice-39,Application-39-Service,81300
31163,Application-25,M_Req,missing_destination,50,Application-25-Service,EndDevice-25,Application-25-Service,81300
31169,Application-38,M_Req,missing_destination,63,Application-38-Service,EndDevice-38,Application-38-Service,81300
31171,Application-30,M_Req,missing_destination,55,Application-30-Service,EndDevice-30,Application-30-Service,81300
31195,Application-40,M_Req,missing_destination,65,Application-40-Service,EndDevice-40,Application-40-Service,81400
31199,Application-41,M_Req,missing_destination,66,Application-41-Service,EndDevice-41,Application-41-Service,81400
31201,Application-17,M_Req,missing_destination,42,Application-17-Service,EndDevice-17,Application-17-Service,81400
31202,Application-39,M_Req,missing_destination,64,Application-39-Service,EndDevice-39,Application-39-Service,81400
31205,Application-25,M_Req,missing_destination,50,Application-25-Service,EndDevice-25,Application-25-Service,81400
31212,Application-42,M_Req,missing_destination,67,Application-42-Service,EndDevice-42,Application-42-Service,81500
31214,Application-13,M_Req,missing_destination,38,Application-13-Service,EndDevice-13,Application-13-Service,81500
31216,Application-16,M_Req,missing_destination,41,Application-16-Service,EndDevice-16,Application-16-Service,81500
31217,Application-15,M_Req,missing_destination,40,Application-15-Service,EndDevice-15,Application-15-Service,81500
31227,Application-8,M_Req,missing_destination,33,Application-8-Service,EndDevice-8,Application-8-Service,81500
31232,Application-14,M_Req,missing_destination,39,Application-14-Service,EndDevice-14,Application-14-Service,81500
31233,Application-6,M_Req,missing_destination,31,Application-6-Service,EndDevice-6,Application-6-Service,81500
31236,Application-7,M_Req,missing_destination,32,Application-7-Service,EndDevice-7,Application-7-Service,81500
31238,Application-43,M_Req,missing_destination,68,Application-43-Service,EndDevice-43,Application-43-Service,81500
31243,Application-40,M_Req,missing_destination,65,Application-40-Service,EndDevice-40,Application-40-Service,81500
31247,Application-41,M_Req,missing_destination,66,Application-41-Service,EndDevice-41,Application-41-Service,81500
31248,Application-18,M_Req,missing_destination,43,Application-18-Service,EndDevice-18,Application-18-Service,81500
31249,Application-17,M_Req,missing_destination,42,Application-17-Service,EndDevice-17,Application-17-Service,81500
31250,Application-39,M_Req,missing_destination,64,Application-39-Service,EndDevice-39,Application-39-Service,81500
31251,Application-5,M_Req,missing_destination,30,Application-5-Service,EndDevice-5,Application-5-Service,81500
31253,Application-25,M_Req,missing_destination,50,Application-25-Service,EndDevice-25,Application-25-Service,81500
31258,Application-42,M_Req,missing_destination,67,Application-42-Service,EndDevice-42,Application-42-Service,81600
31260,Application-13,M_Req,missing_destination,38,Application-13-Service,EndDevice-13,Application-13-Service,81600
31262,Application-16,M_Req,missing_destination,41,Application-16-Service,EndDevice-16,Application-16-Service,81600
31263,Application-15,M_Req,missing_destination,40,Application-15-Service,EndDevice-15,Application-15-Service,81600
31271,Application-8,M_Req,missing_destination,33,Application-8-Service,EndDevice-8,Application-8-Service,81600
31275,Application-14,M_Req,missing_destination,39,Application-14-Service,EndDevice-14,Application-14-Service,81600
31276,Application-6,M_Req,missing_destination,31,Application-6-Service,EndDevice-6,Application-6-Service,81600
31278,Application-7,M_Req,missing_destination,32,Application-7-Service,EndDevice-7,Application-7-Service,81600
31319,Application-8,M_Req,missing_destination,33,Application-8-Service,EndDevice-8,Application-8-Service,81700
31324,Application-6,M_Req,missing_destination,31,Application-6-Service,EndDevice-6,Application-6-Service,81700
31326,Application-7,M_Req,missing_destination,32,Application-7-Service,EndDevice-7,Application-7-Service,81700
31330,Application-35,M_Req,missing_destination,60,Application-35-Service,EndDevice-35,Application-35-Service,81800
31331,Application-34,M_Req,missing_destination,59,Application-34-Service,EndDevice-34,Application-34-Service,81800
31335,Application-5,M_Req,missing_destination,30,Application-5-Service,EndDevice-5,Application-5-Service,81800
31339,Application-1,M_Req,missing_destination,26,Application-1-Service,EndDevice-1,Application-1-Service,81800
31344,Application-33,M_Req,missing_destination,58,Application-33-Service,EndDevice-33,Application-33-Service,81800
31347,Application-30,M_Req,missing_destination,55,Application-30-Service,EndDevice-30,Application-30-Service,81800
31352,Application-36,M_Req,missing_destination,61,Application-36-Service,EndDevice-36,Application-36-Service,81800
31356,Application-2,M_Req,missing_destination,27,Application-2-Service,EndDevice-2,Application-2-Service,81800
31360,Application-4,M_Req,missing_destination,29,Application-4-Service,EndDevice-4,Application-4-Service,81900
31378,Application-35,M_Req,missing_destination,60,Application-35-Service,EndDevice-35,Application-35-Service,81900
31379,Application-34,M_Req,missing_destination,59,Application-34-Service,EndDevice-34,Application-34-Service,81900
31383,Application-5,M_Req,missing_destination,30,Application-5-Service,EndDevice-5,Application-5-Service,81900
31387,Application-1,M_Req,missing_destination,26,Application-1-Service,EndDevice-1,Application-1-Service,81900
31392,Application-33,M_Req,missing_destination,58,Application-33-Service,EndDevice-33,Application-33-Service,81900
31395,Application-30,M_Req,missing_destination,55,Application-30-Service,EndDevice-30,Application-30-Service,81900
31400,Application-36,M_Req,missing_destination,61,Application-36-Service,EndDevice-36,Application-36-Service,81900
31404,Application-2,M_Req,missing_destination,27,Application-2-Service,EndDevice-2,Application-2-Service,81900
31408,Application-4,M_Req,missing_destination,29,Application-4-Service,EndDevice-4,Application-4-Service,82000
31429,Application-1,M_Req,missing_destination,26,Application-1-Service,EndDevice-1,Application-1-Service,82000
31438,Application-24,M_Req,missing_destination,49,Application-24-Service,EndDevice-24,Application-24-Service,82100
31446,Application-23,M_Req,missing_destination,48,Application-23-Service,EndDevice-23,Application-23-Service,82100
31449,Application-10,M_Req,missing_destination,35,Application-10-Service,EndDevice-10,Application-10-Service,82100
31450,Application-9,M_Req,missing_destination,34,Application-9-Service,EndDevice-9,Application-9-Service,82100
31456,Application-4,M_Req,missing_destination,29,Application-4-Service,EndDevice-4,Application-4-Service,82100
31461,Application-22,M_Req,missing_destination,47,Application-22-Service,EndDevice-22,Application-22-Service,82100
31470,Application-21,M_Req,missing_destination,46,Application-21-Service,EndDevice-21,Application-21-Service,82100
31475,Application-12,M_Req,missing_destination,37,Application-12-Service,EndDevice-12,Application-12-Service,82100
31476,Application-11,M_Req,missing_destination,36,Application-11-Service,EndDevice-11,Application-11-Service,82100
31477,Application-1,M_Req,missing_destination,26,Application-1-Service,EndDevice-1,Application-1-Service,82100
31491,Application-23,M_Req,missing_destination,48,Application-23-Service,EndDevice-23,Application-23-Service,82200
31494,Application-10,M_Req,missing_destination,35,Application-10-Service,EndDevice-10,Application-10-Service,82200
31500,Application-4,M_Req,missing_destination,29,Application-4-Service,EndDevice-4,Application-4-Service,82200
31539,Application-23,M_Req,missing_destination,48,Application-23-Service,EndDevice-23,Application-23-Service,82300
31542,Application-10,M_Req,missing_destination,35,Application-10-Service,EndDevice-10,Application-10-Service,82300
31562,Application-5,M_Req,missing_destination,30,Application-5-Service,EndDevice-5,Application-5-Service,82400
31566,Application-43,M_Req,missing_destination,68,Application-43-Service,EndDevice-43,Application-43-Service,82400
31572,Application-24,M_Req,missing_destination,49,Application-24-Service,EndDevice-24,Application-24-Service,82400
31576,Application-7,M_Req,missing_destination,32,Application-7-Service,EndDevice-7,Application-7-Service,82400
31578,Application-13,M_Req,missing_destination,38,Application-13-Service,EndDevice-13,Application-13-Service,82400
31583,Application-23,M_Req,missing_destination,48,Application-23-Service,EndDevice-23,Application-23-Service,82400
31584,Application-15,M_Req,missing_destination,40,Application-15-Service,EndDevice-15,Application-15-Service,82400
31585,Application-10,M_Req,missing_destination,35,Application-10-Service,EndDevice-10,Application-10-Service,82400
31587,Application-8,M_Req,missing_destination,33,Application-8-Service,EndDevice-8,Application-8-Service,82500
31589,Application-14,M_Req,missing_destination,39,Application-14-Service,EndDevice-14,Application-14-Service,82500
31590,Application-6,M_Req,missing_destination,31,Application-6-Service,EndDevice-6,Application-6-Service,82500
31596,Application-16,M_Req,missing_destination,41,Application-16-Service,EndDevice-16,Application-16-Service,82500
31610,Application-5,M_Req,missing_destination,30,Application-5-Service,EndDevice-5,Application-5-Service,82500
31614,Application-43,M_Req,missing_destination,68,Application-43-Service,EndDevice-43,Application-43-Service,82500
31620,Application-24,M_Req,missing_destination,49,Application-24-Service,EndDevice-24,Application-24-Service,82500
31624,Application-7,M_Req,missing_destination,32,Application-7-Service,EndDevice-7,Application-7-Service,82500
31626,Application-13,M_Req,missing_destination,38,Application-13-Service,EndDevice-13,Application-13-Service,82500
31631,Application-23,M_Req,missing_destination,48,Application-23-Service,EndDevice-23,Application-23-Service,82500
31632,Application-15,M_Req,missing_destination,40,Application-15-Service,EndDevice-15,Application-15-Service,82500
31633,Application-10,M_Req,missing_destination,35,Application-10-Service,EndDevice-10,Application-10-Service,82500
31636,Application-14,M_Req,missing_destination,39,Application-14-Service,EndDevice-14,Application-14-Service,82600
31643,Application-16,M_Req,missing_destination,41,Application-16-Service,EndDevice-16,Application-16-Service,82600
31674,Application-36,M_Req,missing_destination,61,Application-36-Service,EndDevice-36,Application-36-Service,82700
31675,Application-15,M_Req,missing_destination,40,Application-15-Service,EndDevice-15,Application-15-Service,82700
31682,Application-34,M_Req,missing_destination,59,Application-34-Service,EndDevice-34,Application-34-Service,82700
31683,Application-8,M_Req,missing_destination,33,Application-8-Service,EndDevice-8,Application-8-Service,82700
31684,Application-14,M_Req,missing_destination,39,Application-14-Service,EndDevice-14,Application-14-Service,82700
31685,Application-6,M_Req,missing_destination,31,Application-6-Service,EndDevice-6,Application-6-Service,82700
31691,Application-16,M_Req,missing_destination,41,Application-16-Service,EndDevice-16,Application-16-Service,82700
31702,Application-5,M_Req,missing_destination,30,Application-5-Service,EndDevice-5,Application-5-Service,82700
31704,Application-11,M_Req,missing_destination,36,Application-11-Service,EndDevice-11,Application-11-Service,82700
31705,Application-33,M_Req,missing_destination,58,Application-33-Service,EndDevice-33,Application-33-Service,82700
31711,Application-35,M_Req,missing_destination,60,Application-35-Service,EndDevice-35,Application-35-Service,82700
31712,Application-7,M_Req,missing_destination,32,Application-7-Service,EndDevice-7,Application-7-Service,82700
31713,Application-9,M_Req,missing_destination,34,Application-9-Service,EndDevice-9,Application-9-Service,82700
31720,Application-36,M_Req,missing_destination,61,Application-36-Service,EndDevice-36,Application-36-Service,82800
31726,Application-34,M_Req,missing_destination,59,Application-34-Service,EndDevice-34,Application-34-Service,82800
31727,Application-8,M_Req,missing_destination,33,Application-8-Service,EndDevice-8,Application-8-Service,82800
31728,Application-14,M_Req,missing_destination,39,Application-14-Service,EndDevice-14,Application-14-Service,82800
31729,Application-6,M_Req,missing_destination,31,Application-6-Service,EndDevice-6,Application-6-Service,82800
31734,Application-16,M_Req,missing_destination,41,Application-16-Service,EndDevice-16,Application-16-Service,82800
31776,Application-14,M_Req,missing_destination,39,Application-14-Service,EndDevice-14,Application-14-Service,82900
31782,Application-16,M_Req,missing_destination,41,Application-16-Service,EndDevice-16,Application-16-Service,82900
31792,Application-22,M_Req,missing_destination,47,Application-22-Service,EndDevice-22,Application-22-Service,83000
31808,Application-32,M_Req,missing_destination,57,Application-32-Service,EndDevice-32,Application-32-Service,83000
31812,Application-29,M_Req,missing_destination,54,Application-29-Service,EndDevice-29,Application-29-Service,83000
31814,Application-17,M_Req,missing_destination,42,Application-17-Service,EndDevice-17,Application-17-Service,83000
31820,Application-20,M_Req,missing_destination,45,Application-20-Service,EndDevice-20,Application-20-Service,83100
31822,Application-16,M_Req,missing_destination,41,Application-16-Service,EndDevice-16,Application-16-Service,83100
31824,Application-31,M_Req,missing_destination,56,Application-31-Service,EndDevice-31,Application-31-Service,83100
31825,Application-30,M_Req,missing_destination,55,Application-30-Service,EndDevice-30,Application-30-Service,83100
31840,Application-22,M_Req,missing_destination,47,Application-22-Service,EndDevice-22,Application-22-Service,83100
31856,Application-32,M_Req,missing_destination,57,Application-32-Service,EndDevice-32,Application-32-Service,83100
31860,Application-29,M_Req,missing_destination,54,Application-29-Service,EndDevice-29,Application-29-Service,83100
31862,Application-17,M_Req,missing_destination,42,Application-17-Service,EndDevice-17,Application-17-Service,83100
31867,Application-20,M_Req,missing_destination,45,Application-20-Service,EndDevice-20,Application-20-Service,83200
31899,Application-46,M_Req,missing_destination,71,Application-46-Service,EndDevice-46,Application-46-Service,83300
31904,Application-29,M_Req,missing_destination,54,Application-29-Service,EndDevice-29,Application-29-Service,83300
31912,Application-32,M_Req,missing_destination,57,Application-32-Service,EndDevice-32,Application-32-Service,83300
31915,Application-20,M_Req,missing_destination,45,Application-20-Service,EndDevice-20,Application-20-Service,83300
31916,Application-45,M_Req,missing_destination,70,Application-45-Service,EndDevice-45,Application-45-Service,83300
31917,Application-16,M_Req,missing_destination,41,Application-16-Service,EndDevice-16,Application-16-Service,83300
31919,Application-31,M_Req,missing_destination,56,Application-31-Service,EndDevice-31,Application-31-Service,83300
31920,Application-30,M_Req,missing_destination,55,Application-30-Service,EndDevice-30,Application-30-Service,83300
31923,Application-47,M_Req,missing_destination,72,Application-47-Service,EndDevice-47,Application-47-Service,83300
31926,Application-18,M_Req,missing_destination,43,Application-18-Service,EndDevice-18,Application-18-Service,83300
31931,Application-22,M_Req,missing_destination,47,Application-22-Service,EndDevice-22,Application-22-Service,83300
31935,Application-15,M_Req,missing_destination,40,Application-15-Service,EndDevice-15,Application-15-Service,83300
31940,Application-48,M_Req,missing_destination,73,Application-48-Service,EndDevice-48,Application-48-Service,83300
31947,Application-46,M_Req,missing_destination,71,Application-46-Service,EndDevice-46,Application-46-Service,83400
31950,Application-29,M_Req,missing_destination,54,Application-29-Service,EndDevice-29,Application-29-Service,83400
31959,Application-20,M_Req,missing_destination,45,Application-20-Service,EndDevice-20,Application-20-Service,83400
31960,Application-45,M_Req,missing_destination,70,Application-45-Service,EndDevice-45,Application-45-Service,83400
31961,Application-16,M_Req,missing_destination,41,Application-16-Service,EndDevice-16,Application-16-Service,83400
31963,Application-31,M_Req,missing_destination,56,Application-31-Service,EndDevice-31,Application-31-Service,83400
31964,Application-30,M_Req,missing_destination,55,Application-30-Service,EndDevice-30,Application-30-Service,83400
31966,Application-47,M_Req,missing_destination,72,Application-47-Service,EndDevice-47,Application-47-Service,83400
31969,Application-18,M_Req,missing_destination,43,Application-18-Service,EndDevice-18,Application-18-Service,83400
31998,Application-29,M_Req,missing_destination,54,Application-29-Service,EndDevice-29,Application-29-Service,83500
32009,Application-16,M_Req,missing_destination,41,Application-16-Service,EndDevice-16,Application-16-Service,83500
32011,Application-31,M_Req,missing_destination,56,Application-31-Service,EndDevice-31,Application-31-Service,83500
32012,Application-30,M_Req,missing_destination,55,Application-30-Service,EndDevice-30,Application-30-Service,83500
32020,Application-12,M_Req,missing_destination,37,Application-12-Service,EndDevice-12,Application-12-Service,83600
32028,Application-9,M_Req,missing_destination,34,Application-9-Service,EndDevice-9,Application-9-Service,83600
32029,Application-7,M_Req,missing_destination,32,Application-7-Service,EndDevice-7,Application-7-Service,83600
32036,Application-23,M_Req,missing_destination,48,Application-23-Service,EndDevice-23,Application-23-Service,83600
32041,Application-11,M_Req,missing_destination,36,Application-11-Service,EndDevice-11,Application-11-Service,83600
32043,Application-10,M_Req,missing_destination,35,Application-10-Service,EndDevice-10,Application-10-Service,83600
32045,Application-5,M_Req,missing_destination,30,Application-5-Service,EndDevice-5,Application-5-Service,83600
32046,Application-8,M_Req,missing_destination,33,Application-8-Service,EndDevice-8,Application-8-Service,83700
32047,Application-6,M_Req,missing_destination,31,Application-6-Service,EndDevice-6,Application-6-Service,83700
32068,Application-12,M_Req,missing_destination,37,Application-12-Service,EndDevice-12,Application-12-Service,83700
32076,Application-9,M_Req,missing_destination,34,Application-9-Service,EndDevice-9,Application-9-Service,83700
32077,Application-7,M_Req,missing_destination,32,Application-7-Service,EndDevice-7,Application-7-Service,83700
32084,Application-23,M_Req,missing_destination,48,Application-23-Service,EndDevice-23,Application-23-Service,83700
32089,Application-11,M_Req,missing_destination,36,Application-11-Service,EndDevice-11,Application-11-Service,83700
32091,Application-10,M_Req,missing_destination,35,Application-10-Service,EndDevice-10,Application-10-Service,83700
32093,Application-5,M_Req,missing_destination,30,Application-5-Service,EndDevice-5,Application-5-Service,83700
32094,Application-8,M_Req,missing_destination,33,Application-8-Service,EndDevice-8,Application-8-Service,83800
32095,Application-6,M_Req,missing_destination,31,Application-6-Service,EndDevice-6,Application-6-Service,83800
32118,Application-7,M_Req,missing_destination,32,Application-7-Service,EndDevice-7,Application-7-Service,83800
32126,Application-17,M_Req,missing_destination,42,Application-17-Service,EndDevice-17,Application-17-Service,83900
32132,Application-5,M_Req,missing_destination,30,Application-5-Service,EndDevice-5,Application-5-Service,83900
32136,Application-48,M_Req,missing_destination,73,Application-48-Service,EndDevice-48,Application-48-Service,83900
32141,Application-46,M_Req,missing_destination,71,Application-46-Service,EndDevice-46,Application-46-Service,83900
32142,Application-8,M_Req,missing_destination,33,Application-8-Service,EndDevice-8,Application-8-Service,83900
32143,Application-6,M_Req,missing_destination,31,Application-6-Service,EndDevice-6,Application-6-Service,83900
32144,Application-20,M_Req,missing_destination,45,Application-20-Service,EndDevice-20,Application-20-Service,83900
32145,Application-45,M_Req,missing_destination,70,Application-45-Service,EndDevice-45,Application-45-Service,83900
32147,Application-30,M_Req,missing_destination,55,Application-30-Service,EndDevice-30,Application-30-Service,83900
32149,Application-47,M_Req,missing_destination,72,Application-47-Service,EndDevice-47,Application-47-Service,83900
32151,Application-19,M_Req,missing_destination,44,Application-19-Service,EndDevice-19,Application-19-Service,83900
32159,Application-18,M_Req,missing_destination,43,Application-18-Service,EndDevice-18,Application-18-Service,83900
32166,Application-7,M_Req,missing_destination,32,Application-7-Service,EndDevice-7,Application-7-Service,83900
32174,Application-17,M_Req,missing_destination,42,Application-17-Service,EndDevice-17,Application-17-Service,84000
32185,Application-8,M_Req,missing_destination,33,Application-8-Service,EndDevice-8,Application-8-Service,84000
32186,Application-20,M_Req,missing_destination,45,Application-20-Service,EndDevice-20,Application-20-Service,84000
32187,Application-45,M_Req,missing_destination,70,Application-45-Service,EndDevice-45,Application-45-Service,84000
32190,Application-47,M_Req,missing_destination,72,Application-47-Service,EndDevice-47,Application-47-Service,84000
32192,Application-19,M_Req,missing_destination,44,Application-19-Service,EndDevice-19,Application-19-Service,84000
32200,Application-18,M_Req,missing_destination,43,Application-18-Service,EndDevice-18,Application-18-Service,84000
32235,Application-45,M_Req,missing_destination,70,Application-45-Service,EndDevice-45,Application-45-Service,84100
32238,Application-47,M_Req,missing_destination,72,Application-47-Service,EndDevice-47,Application-47-Service,84100
32262,Application-6,M_Req,missing_destination,31,Application-6-Service,EndDevice-6,Application-6-Service,84200
32270,Application-9,M_Req,missing_destination,34,Application-9-Service,EndDevice-9,Application-9-Service,84200
32273,Application-12,M_Req,missing_destination,37,Application-12-Service,EndDevice-12,Application-12-Service,84200
32287,Application-18,M_Req,missing_destination,43,Application-18-Service,EndDevice-18,Application-18-Service,84300
32310,Application-6,M_Req,missing_destination,31,Application-6-Service,EndDevice-6,Application-6-Service,84300
32318,Application-9,M_Req,missing_destination,34,Application-9-Service,EndDevice-9,Application-9-Service,84300
32321,Application-12,M_Req,missing_destination,37,Application-12-Service,EndDevice-12,Application-12-Service,84300
32354,Application-40,M_Req,missing_destination,65,Application-40-Service,EndDevice-40,Application-40-Service,84500
32357,Application-14,M_Req,missing_destination,39,Application-14-Service,EndDevice-14,Application-14-Service,84500
32360,Application-12,M_Req,missing_destination,37,Application-12-Service,EndDevice-12,Application-12-Service,84500
32364,Application-26,M_Req,missing_destination,51,Application-26-Service,EndDevice-26,Application-26-Service,84500
32370,Application-28,M_Req,missing_destination,53,Application-28-Service,EndDevice-28,Application-28-Service,84500
32374,Application-39,M_Req,missing_destination,64,Application-39-Service,EndDevice-39,Application-39-Service,84500
32378,Application-37,M_Req,missing_destination,62,Application-37-Service,EndDevice-37,Application-37-Service,84500
32384,Application-47,M_Req,missing_destination,72,Application-47-Service,EndDevice-47,Application-47-Service,84500
32386,Application-27,M_Req,missing_destination,52,Application-27-Service,EndDevice-27,Application-27-Service,84500
32387,Application-25,M_Req,missing_destination,50,Application-25-Service,EndDevice-25,Application-25-Service,84500
32391,Application-38,M_Req,missing_destination,63,Application-38-Service,EndDevice-38,Application-38-Service,84500
32392,Application-7,M_Req,missing_destination,32,Application-7-Service,EndDevice-7,Application-7-Service,84500
32398,Application-5,M_Req,missing_destination,30,Application-5-Service,EndDevice-5,Application-5-Service,84500
32402,Application-40,M_Req,missing_destination,65,Application-40-Service,EndDevice-40,Application-40-Service,84600
32404,Application-14,M_Req,missing_destination,39,Application-14-Service,EndDevice-14,Application-14-Service,84600
32405,Application-12,M_Req,missing_destination,37,Application-12-Service,EndDevice-12,Application-12-Service,84600
32409,Application-26,M_Req,missing_destination,51,Application-26-Service,EndDevice-26,Application-26-Service,84600
32414,Application-28,M_Req,missing_destination,53,Application-28-Service,EndDevice-28,Application-28-Service,84600
32417,Application-39,M_Req,missing_destination,64,Application-39-Service,EndDevice-39,Application-39-Service,84600
32420,Application-37,M_Req,missing_destination,62,Application-37-Service,EndDevice-37,Application-37-Service,84600
32425,Application-47,M_Req,missing_destination,72,Application-47-Service,EndDevice-47,Application-47-Service,84600
32427,Application-27,M_Req,missing_destination,52,Application-27-Service,EndDevice-27,Application-27-Service,84600
32428,Application-25,M_Req,missing_destination,50,Application-25-Service,EndDevice-25,Application-25-Service,84600
32452,Application-14,M_Req,missing_destination,39,Application-14-Service,EndDevice-14,Application-14-Service,84700
32457,Application-26,M_Req,missing_destination,51,Application-26-Service,EndDevice-26,Application-26-Service,84700
32462,Application-28,M_Req,missing_destination,53,Application-28-Service,EndDevice-28,Application-28-Service,84700
32475,Application-27,M_Req,missing_destination,52,Application-27-Service,EndDevice-27,Application-27-Service,84700
32476,Application-25,M_Req,missing_destination,50,Application-25-Service,EndDevice-25,Application-25-Service,84700
32478,Application-33,M_Req,missing_destination,58,Application-33-Service,EndDevice-33,Application-33-Service,84800
32479,Application-34,M_Req,missing_destination,59,Application-34-Service,EndDevice-34,Application-34-Service,84800
32493,Application-40,M_Req,missing_destination,65,Application-40-Service,EndDevice-40,Application-40-Service,84800
32495,Application-14,M_Req,missing_destination,39,Application-14-Service,EndDevice-14,Application-14-Service,84800
32496,Application-12,M_Req,missing_destination,37,Application-12-Service,EndDevice-12,Application-12-Service,84800
32498,Application-36,M_Req,missing_destination,61,Application-36-Service,EndDevice-36,Application-36-Service,84800
32499,Application-48,M_Req,missing_destination,73,Application-48-Service,EndDevice-48,Application-48-Service,84800
32500,Application-26,M_Req,missing_destination,51,Application-26-Service,EndDevice-26,Application-26-Service,84800
32504,Application-28,M_Req,missing_destination,53,Application-28-Service,EndDevice-28,Application-28-Service,84800
32509,Application-37,M_Req,missing_destination,62,Application-37-Service,EndDevice-37,Application-37-Service,84900
32515,Application-27,M_Req,missing_destination,52,Application-27-Service,EndDevice-27,Application-27-Service,84900
32526,Application-33,M_Req,missing_destination,58,Application-33-Service,EndDevice-33,Application-33-Service,84900
32527,Application-34,M_Req,missing_destination,59,Application-34-Service,EndDevice-34,Application-34-Service,84900
32541,Application-40,M_Req,missing_destination,65,Application-40-Service,EndDevice-40,Application-40-Service,84900
32543,Application-14,M_Req,missing_destination,39,Application-14-Service,EndDevice-14,Application-14-Service,84900
32544,Application-12,M_Req,missing_destination,37,Application-12-Service,EndDevice-12,Application-12-Service,84900
32546,Application-36,M_Req,missing_destination,61,Application-36-Service,EndDevice-36,Application-36-Service,84900
32547,Application-48,M_Req,missing_destination,73,Application-48-Service,EndDevice-48,Application-48-Service,84900
32548,Application-26,M_Req,missing_destination,51,Application-26-Service,EndDevice-26,Application-26-Service,84900
32552,Application-28,M_Req,missing_destination,53,Application-28-Service,EndDevice-28,Application-28-Service,84900
32589,Application-23,M_Req,missing_destination,48,Application-23-Service,EndDevice-23,Application-23-Service,85100
32596,Application-24,M_Req,missing_destination,49,Application-24-Service,EndDevice-24,Application-24-Service,85100
32598,Application-26,M_Req,missing_destination,51,Application-26-Service,EndDevice-26,Application-26-Service,85100
32603,Application-37,M_Req,missing_destination,62,Application-37-Service,EndDevice-37,Application-37-Service,85100
32619,Application-21,M_Req,missing_destination,46,Application-21-Service,EndDevice-21,Application-21-Service,85100
32620,Application-46,M_Req,missing_destination,71,Application-46-Service,EndDevice-46,Application-46-Service,85100
32622,Application-22,M_Req,missing_destination,47,Application-22-Service,EndDevice-22,Application-22-Service,85100
32635,Application-23,M_Req,missing_destination,48,Application-23-Service,EndDevice-23,Application-23-Service,85200
32642,Application-24,M_Req,missing_destination,49,Application-24-Service,EndDevice-24,Application-24-Service,85200
32648,Application-37,M_Req,missing_destination,62,Application-37-Service,EndDevice-37,Application-37-Service,85200
32683,Application-23,M_Req,missing_destination,48,Application-23-Service,EndDevice-23,Application-23-Service,85300
32690,Application-24,M_Req,missing_destination,49,Application-24-Service,EndDevice-24,Application-24-Service,85300
32696,Application-37,M_Req,missing_destination,62,Application-37-Service,EndDevice-37,Application-37-Service,85300
32719,Application-26,M_Req,missing_destination,51,Application-26-Service,EndDevice-26,Application-26-Service,85400
32725,Application-43,M_Req,missing_destination,68,Application-43-Service,EndDevice-43,Application-43-Service,85400
32732,Application-24,M_Req,missing_destination,49,Application-24-Service,EndDevice-24,Application-24-Service,85400
32737,Application-37,M_Req,missing_destination,62,Application-37-Service,EndDevice-37,Application-37-Service,85500
32742,Application-27,M_Req,missing_destination,52,Application-27-Service,EndDevice-27,Application-27-Service,85500
32744,Application-44,M_Req,missing_destination,69,Application-44-Service,EndDevice-44,Application-44-Service,85500
32767,Application-26,M_Req,missing_destination,51,Application-26-Service,EndDevice-26,Application-26-Service,85500
32773,Application-43,M_Req,missing_destination,68,Application-43-Service,EndDevice-43,Application-43-Service,85500
32780,Application-24,M_Req,missing_destination,49,Application-24-Service,EndDevice-24,Application-24-Service,85500
32791,Application-44,M_Req,missing_destination,69,Application-44-Service,EndDevice-44,Application-44-Service,85600
32809,Application-26,M_Req,missing_destination,51,Application-26-Service,EndDevice-26,Application-26-Service,85600
32818,Application-34,M_Req,missing_destination,59,Application-34-Service,EndDevice-34,Application-34-Service,85700
32823,Application-29,M_Req,missing_destination,54,Application-29-Service,EndDevice-29,Application-29-Service,85700
32824,Application-30,M_Req,missing_destination,55,Application-30-Service,EndDevice-30,Application-30-Service,85700
32825,Application-37,M_Req,missing_destination,62,Application-37-Service,EndDevice-37,Application-37-Service,85700
32828,Application-36,M_Req,missing_destination,61,Application-36-Service,EndDevice-36,Application-36-Service,85700
32839,Application-44,M_Req,missing_destination,69,Application-44-Service,EndDevice-44,Application-44-Service,85700
32847,Application-33,M_Req,missing_destination,58,Application-33-Service,EndDevice-33,Application-33-Service,85700
32853,Application-31,M_Req,missing_destination,56,Application-31-Service,EndDevice-31,Application-31-Service,85700
32856,Application-32,M_Req,missing_destination,57,Application-32-Service,EndDevice-32,Application-32-Service,85700
32857,Application-26,M_Req,missing_destination,51,Application-26-Service,EndDevice-26,Application-26-Service,85700
32858,Application-35,M_Req,missing_destination,60,Application-35-Service,EndDevice-35,Application-35-Service,85700
32864,Application-34,M_Req,missing_destination,59,Application-34-Service,EndDevice-34,Application-34-Service,85800
32869,Application-29,M_Req,missing_destination,54,Application-29-Service,EndDevice-29,Application-29-Service,85800
32870,Application-30,M_Req,missing_destination,55,Application-30-Service,EndDevice-30,Application-30-Service,85800
32871,Application-37,M_Req,missing_destination,62,Application-37-Service,EndDevice-37,Application-37-Service,85800
32873,Application-36,M_Req,missing_destination,61,Application-36-Service,EndDevice-36,Application-36-Service,85800
32888,Application-33,M_Req,missing_destination,58,Application-33-Service,EndDevice-33,Application-33-Service,85800
32912,Application-34,M_Req,missing_destination,59,Application-34-Service,EndDevice-34,Application-34-Service,85900
32917,Application-29,M_Req,missing_destination,54,Application-29-Service,EndDevice-29,Application-29-Service,85900
32918,Application-30,M_Req,missing_destination,55,Application-30-Service,EndDevice-30,Application-30-Service,85900
32919,Application-37,M_Req,missing_destination,62,Application-37-Service,EndDevice-37,Application-37-Service,85900
32921,Application-36,M_Req,missing_destination,61,Application-36-Service,EndDevice-36,Application-36-Service,85900
32936,Application-33,M_Req,missing_destination,58,Application-33-Service,EndDevice-33,Application-33-Service,85900
32947,Application-48,M_Req,missing_destination,73,Application-48-Service,EndDevice-48,Application-48-Service,86000
32951,Application-46,M_Req,missing_destination,71,Application-46-Service,EndDevice-46,Application-46-Service,86000
32956,Application-34,M_Req,missing_destination,59,Application-34-Service,EndDevice-34,Application-34-Service,86000
32958,Application-8,M_Req,missing_destination,33,Application-8-Service,EndDevice-8,Application-8-Service,86000
32959,Application-6,M_Req,missing_destination,31,Application-6-Service,EndDevice-6,Application-6-Service,86000
32960,Application-7,M_Req,missing_destination,32,Application-7-Service,EndDevice-7,Application-7-Service,86000
32961,Application-29,M_Req,missing_destination,54,Application-29-Service,EndDevice-29,Application-29-Service,86000
32962,Application-30,M_Req,missing_destination,55,Application-30-Service,EndDevice-30,Application-30-Service,86000
32963,Application-37,M_Req,missing_destination,62,Application-37-Service,EndDevice-37,Application-37-Service,86000
32964,Application-5,M_Req,missing_destination,30,Application-5-Service,EndDevice-5,Application-5-Service,86000
32965,Application-36,M_Req,missing_destination,61,Application-36-Service,EndDevice-36,Application-36-Service,86000
32968,Application-47,M_Req,missing_destination,72,Application-47-Service,EndDevice-47,Application-47-Service,86100
32974,Application-45,M_Req,missing_destination,70,Application-45-Service,EndDevice-45,Application-45-Service,86100
32995,Application-48,M_Req,missing_destination,73,Application-48-Service,EndDevice-48,Application-48-Service,86100
32999,Application-46,M_Req,missing_destination,71,Application-46-Service,EndDevice-46,Application-46-Service,86100
33004,Application-34,M_Req,missing_destination,59,Application-34-Service,EndDevice-34,Application-34-Service,86100
33006,Application-8,M_Req,missing_destination,33,Application-8-Service,EndDevice-8,Application-8-Service,86100
33007,Application-6,M_Req,missing_destination,31,Application-6-Service,EndDevice-6,Application-6-Service,86100
33008,Application-7,M_Req,missing_destination,32,Application-7-Service,EndDevice-7,Application-7-Service,86100
33009,Application-29,M_Req,missing_destination,54,Application-29-Service,EndDevice-29,Application-29-Service,86100
33010,Application-30,M_Req,missing_destination,55,Application-30-Service,EndDevice-30,Application-30-Service,86100
33011,Application-37,M_Req,missing_destination,62,Application-37-Service,EndDevice-37,Application-37-Service,86100
33012,Application-5,M_Req,missing_destination,30,Application-5-Service,EndDevice-5,Application-5-Service,86100
33013,Application-36,M_Req,missing_destination,61,Application-36-Service,EndDevice-36,Application-36-Service,86100
33045,Application-1,M_Req,missing_destination,26,Application-1-Service,EndDevice-1,Application-1-Service,86300
33048,Application-7,M_Req,missing_destination,32,Application-7-Service,EndDevice-7,Application-7-Service,86300
33052,Application-36,M_Req,missing_destination,61,Application-36-Service,EndDevice-36,Application-36-Service,86300
33054,Application-2,M_Req,missing_destination,27,Application-2-Service,EndDevice-2,Application-2-Service,86300
33056,Application-41,M_Req,missing_destination,66,Application-41-Service,EndDevice-41,Application-41-Service,86300
33059,Application-43,M_Req,missing_destination,68,Application-43-Service,EndDevice-43,Application-43-Service,86300
33060,Application-5,M_Req,missing_destination,30,Application-5-Service,EndDevice-5,Application-5-Service,86300
33063,Application-4,M_Req,missing_destination,29,Application-4-Service,EndDevice-4,Application-4-Service,86300
33065,Application-42,M_Req,missing_destination,67,Application-42-Service,EndDevice-42,Application-42-Service,86300
33076,Application-44,M_Req,missing_destination,69,Application-44-Service,EndDevice-44,Application-44-Service,86300
33081,Application-31,M_Req,missing_destination,56,Application-31-Service,EndDevice-31,Application-31-Service,86300
33083,Application-3,M_Req,missing_destination,28,Application-3-Service,EndDevice-3,Application-3-Service,86300
33085,Application-35,M_Req,missing_destination,60,Application-35-Service,EndDevice-35,Application-35-Service,86300
33093,Application-1,M_Req,missing_destination,26,Application-1-Service,EndDevice-1,Application-1-Service,86400
33096,Application-7,M_Req,missing_destination,32,Application-7-Service,EndDevice-7,Application-7-Service,86400
33100,Application-36,M_Req,missing_destination,61,Application-36-Service,EndDevice-36,Application-36-Service,86400
33103,Application-41,M_Req,missing_destination,66,Application-41-Service,EndDevice-41,Application-41-Service,86400
33105,Application-43,M_Req,missing_destination,68,Application-43-Service,EndDevice-43,Application-43-Service,86400
33106,Application-5,M_Req,missing_destination,30,Application-5-Service,EndDevice-5,Application-5-Service,86400
33108,Application-4,M_Req,missing_destination,29,Application-4-Service,EndDevice-4,Application-4-Service,86400
33110,Application-42,M_Req,missing_destination,67,Application-42-Service,EndDevice-42,Application-42-Service,86400
33141,Application-1,M_Req,missing_destination,26,Application-1-Service,EndDevice-1,Application-1-Service,86500
33156,Application-4,M_Req,missing_destination,29,Application-4-Service,EndDevice-4,Application-4-Service,86500
33173,Application-48,M_Req,missing_destination,73,Application-48-Service,EndDevice-48,Application-48-Service,86600
33175,Application-25,M_Req,missing_destination,50,Application-25-Service,EndDevice-25,Application-25-Service,86600
33176,Application-46,M_Req,missing_destination,71,Application-46-Service,EndDevice-46,Application-46-Service,86600
33185,Application-1,M_Req,missing_destination,26,Application-1-Service,EndDevice-1,Application-1-Service,86600
33186,Application-8,M_Req,missing_destination,33,Application-8-Service,EndDevice-8,Application-8-Service,86600
33189,Application-30,M_Req,missing_destination,55,Application-30-Service,EndDevice-30,Application-30-Service,86600
33192,Application-47,M_Req,missing_destination,72,Application-47-Service,EndDevice-47,Application-47-Service,86600
33197,Application-28,M_Req,missing_destination,53,Application-28-Service,EndDevice-28,Application-28-Service,86600
33198,Application-4,M_Req,missing_destination,29,Application-4-Service,EndDevice-4,Application-4-Service,86700
33199,Application-27,M_Req,missing_destination,52,Application-27-Service,EndDevice-27,Application-27-Service,86700
33221,Application-48,M_Req,missing_destination,73,Application-48-Service,EndDevice-48,Application-48-Service,86700
33223,Application-25,M_Req,missing_destination,50,Application-25-Service,EndDevice-25,Application-25-Service,86700
33224,Application-46,M_Req,missing_destination,71,Application-46-Service,EndDevice-46,Application-46-Service,86700
33233,Application-1,M_Req,missing_destination,26,Application-1-Service,EndDevice-1,Application-1-Service,86700
33234,Application-8,M_Req,missing_destination,33,Application-8-Service,EndDevice-8,Application-8-Service,86700
33237,Application-30,M_Req,missing_destination,55,Application-30-Service,EndDevice-30,Application-30-Service,86700
33240,Application-47,M_Req,missing_destination,72,Application-47-Service,EndDevice-47,Application-47-Service,86700
33245,Application-28,M_Req,missing_destination,53,Application-28-Service,EndDevice-28,Application-28-Service,86700
33268,Application-46,M_Req,missing_destination,71,Application-46-Service,EndDevice-46,Application-46-Service,86800
33277,Application-8,M_Req,missing_destination,33,Application-8-Service,EndDevice-8,Application-8-Service,86900
33283,Application-5,M_Req,missing_destination,30,Application-5-Service,EndDevice-5,Application-5-Service,86900
33288,Application-3,M_Req,missing_destination,28,Application-3-Service,EndDevice-3,Application-3-Service,86900
33292,Application-6,M_Req,missing_destination,31,Application-6-Service,EndDevice-6,Application-6-Service,86900
33310,Application-7,M_Req,missing_destination,32,Application-7-Service,EndDevice-7,Application-7-Service,86900
33316,Application-46,M_Req,missing_destination,71,Application-46-Service,EndDevice-46,Application-46-Service,86900
33325,Application-8,M_Req,missing_destination,33,Application-8-Service,EndDevice-8,Application-8-Service,87000
33328,Application-5,M_Req,missing_destination,30,Application-5-Service,EndDevice-5,Application-5-Service,87000
33333,Application-3,M_Req,missing_destination,28,Application-3-Service,EndDevice-3,Application-3-Service,87000
33337,Application-6,M_Req,missing_destination,31,Application-6-Service,EndDevice-6,Application-6-Service,87000
33350,Application-7,M_Req,missing_destination,32,Application-7-Service,EndDevice-7,Application-7-Service,87000
33381,Application-3,M_Req,missing_destination,28,Application-3-Service,EndDevice-3,Application-3-Service,87100
33414,Application-27,M_Req,missing_destination,52,Application-27-Service,EndDevice-27,Application-27-Service,87200
33424,Application-3,M_Req,missing_destination,28,Application-3-Service,EndDevice-3,Application-3-Service,87200
33427,Application-25,M_Req,missing_destination,50,Application-25-Service,EndDevice-25,Application-25-Service,87200
33437,Application-26,M_Req,missing_destination,51,Application-26-Service,EndDevice-26,Application-26-Service,87300
33462,Application-27,M_Req,missing_destination,52,Application-27-Service,EndDevice-27,Application-27-Service,87300
33472,Application-3,M_Req,missing_destination,28,Application-3-Service,EndDevice-3,Application-3-Service,87300
33475,Application-25,M_Req,missing_destination,50,Application-25-Service,EndDevice-25,Application-25-Service,87300
33510,Application-28,M_Req,missing_destination,53,Application-28-Service,EndDevice-28,Application-28-Service,87500
33518,Application-20,M_Req,missing_destination,45,Application-20-Service,EndDevice-20,Application-20-Service,87500
33519,Application-19,M_Req,missing_destination,44,Application-19-Service,EndDevice-19,Application-19-Service,87500
33521,Application-2,M_Req,missing_destination,27,Application-2-Service,EndDevice-2,Application-2-Service,87500
33526,Application-11,M_Req,missing_destination,36,Application-11-Service,EndDevice-11,Application-11-Service,87500
33528,Application-18,M_Req,missing_destination,43,Application-18-Service,EndDevice-18,Application-18-Service,87500
33530,Application-12,M_Req,missing_destination,37,Application-12-Service,EndDevice-12,Application-12-Service,87500
33542,Application-10,M_Req,missing_destination,35,Application-10-Service,EndDevice-10,Application-10-Service,87500
33545,Application-17,M_Req,missing_destination,42,Application-17-Service,EndDevice-17,Application-17-Service,87500
33547,Application-9,M_Req,missing_destination,34,Application-9-Service,EndDevice-9,Application-9-Service,87500
33550,Application-33,M_Req,missing_destination,58,Application-33-Service,EndDevice-33,Application-33-Service,87500
33552,Application-36,M_Req,missing_destination,61,Application-36-Service,EndDevice-36,Application-36-Service,87500
33555,Application-28,M_Req,missing_destination,53,Application-28-Service,EndDevice-28,Application-28-Service,87600
33563,Application-20,M_Req,missing_destination,45,Application-20-Service,EndDevice-20,Application-20-Service,87600
33564,Application-19,M_Req,missing_destination,44,Application-19-Service,EndDevice-19,Application-19-Service,87600
33566,Application-2,M_Req,missing_destination,27,Application-2-Service,EndDevice-2,Application-2-Service,87600
33569,Application-11,M_Req,missing_destination,36,Application-11-Service,EndDevice-11,Application-11-Service,87600
33571,Application-18,M_Req,missing_destination,43,Application-18-Service,EndDevice-18,Application-18-Service,87600
33573,Application-12,M_Req,missing_destination,37,Application-12-Service,EndDevice-12,Application-12-Service,87600
33603,Application-28,M_Req,missing_destination,53,Application-28-Service,EndDevice-28,Application-28-Service,87700
33611,Application-20,M_Req,missing_destination,45,Application-20-Service,EndDevice-20,Application-20-Service,87700
33612,Application-19,M_Req,missing_destination,44,Application-19-Service,EndDevice-19,Application-19-Service,87700
33614,Application-2,M_Req,missing_destination,27,Application-2-Service,EndDevice-2,Application-2-Service,87700
33617,Application-11,M_Req,missing_destination,36,Application-11-Service,EndDevice-11,Application-11-Service,87700
33619,Application-18,M_Req,missing_destination,43,Application-18-Service,EndDevice-18,Application-18-Service,87700
33621,Application-12,M_Req,missing_destination,37,Application-12-Service,EndDevice-12,Application-12-Service,87700
33630,Application-10,M_Req,missing_destination,35,Application-10-Service,EndDevice-10,Application-10-Service,87800
33635,Application-31,M_Req,missing_destination,56,Application-31-Service,EndDevice-31,Application-31-Service,87800
33637,Application-33,M_Req,missing_destination,58,Application-33-Service,EndDevice-33,Application-33-Service,87800
33638,Application-36,M_Req,missing_destination,61,Application-36-Service,EndDevice-36,Application-36-Service,87800
33640,Application-29,M_Req,missing_destination,54,Application-29-Service,EndDevice-29,Application-29-Service,87800
33642,Application-35,M_Req,missing_destination,60,Application-35-Service,EndDevice-35,Application-35-Service,87800
33645,Application-30,M_Req,missing_destination,55,Application-30-Service,EndDevice-30,Application-30-Service,87800
33649,Application-28,M_Req,missing_destination,53,Application-28-Service,EndDevice-28,Application-28-Service,87800
33652,Application-47,M_Req,missing_destination,72,Application-47-Service,EndDevice-47,Application-47-Service,87800
33656,Application-19,M_Req,missing_destination,44,Application-19-Service,EndDevice-19,Application-19-Service,87800
33658,Application-2,M_Req,missing_destination,27,Application-2-Service,EndDevice-2,Application-2-Service,87800
33659,Application-34,M_Req,missing_destination,59,Application-34-Service,EndDevice-34,Application-34-Service,87800
33662,Application-32,M_Req,missing_destination,57,Application-32-Service,EndDevice-32,Application-32-Service,87900
33663,Application-12,M_Req,missing_destination,37,Application-12-Service,EndDevice-12,Application-12-Service,87900
33678,Application-10,M_Req,missing_destination,35,Application-10-Service,EndDevice-10,Application-10-Service,87900
33683,Application-31,M_Req,missing_destination,56,Application-31-Service,EndDevice-31,Application-31-Service,87900
33685,Application-33,M_Req,missing_destination,58,Application-33-Service,EndDevice-33,Application-33-Service,87900
33686,Application-36,M_Req,missing_destination,61,Application-36-Service,EndDevice-36,Application-36-Service,87900
33688,Application-29,M_Req,missing_destination,54,Application-29-Service,EndDevice-29,Application-29-Service,87900
33690,Application-35,M_Req,missing_destination,60,Application-35-Service,EndDevice-35,Application-35-Service,87900
33693,Application-30,M_Req,missing_destination,55,Application-30-Service,EndDevice-30,Application-30-Service,87900
33697,Application-28,M_Req,missing_destination,53,Application-28-Service,EndDevice-28,Application-28-Service,87900
33700,Application-47,M_Req,missing_destination,72,Application-47-Service,EndDevice-47,Application-47-Service,87900
33704,Application-19,M_Req,missing_destination,44,Application-19-Service,EndDevice-19,Application-19-Service,87900
33706,Application-2,M_Req,missing_destination,27,Application-2-Service,EndDevice-2,Application-2-Service,87900
33707,Application-34,M_Req,missing_destination,59,Application-34-Service,EndDevice-34,Application-34-Service,87900
33749,Application-5,M_Req,missing_destination,30,Application-5-Service,EndDevice-5,Application-5-Service,88100
33751,Application-31,M_Req,missing_destination,56,Application-31-Service,EndDevice-31,Application-31-Service,88100
33758,Application-32,M_Req,missing_destination,57,Application-32-Service,EndDevice-32,Application-32-Service,88100
33767,Application-7,M_Req,missing_destination,32,Application-7-Service,EndDevice-7,Application-7-Service,88100
33769,Application-6,M_Req,missing_destination,31,Application-6-Service,EndDevice-6,Application-6-Service,88100
33772,Application-10,M_Req,missing_destination,35,Application-10-Service,EndDevice-10,Application-10-Service,88100
33775,Application-17,M_Req,missing_destination,42,Application-17-Service,EndDevice-17,Application-17-Service,88100
33781,Application-29,M_Req,missing_destination,54,Application-29-Service,EndDevice-29,Application-29-Service,88100
33784,Application-30,M_Req,missing_destination,55,Application-30-Service,EndDevice-30,Application-30-Service,88100
33785,Application-8,M_Req,missing_destination,33,Application-8-Service,EndDevice-8,Application-8-Service,88100
33796,Application-5,M_Req,missing_destination,30,Application-5-Service,EndDevice-5,Application-5-Service,88200
33798,Application-31,M_Req,missing_destination,56,Application-31-Service,EndDevice-31,Application-31-Service,88200
33803,Application-32,M_Req,missing_destination,57,Application-32-Service,EndDevice-32,Application-32-Service,88200
33811,Application-7,M_Req,missing_destination,32,Application-7-Service,EndDevice-7,Application-7-Service,88200
33812,Application-6,M_Req,missing_destination,31,Application-6-Service,EndDevice-6,Application-6-Service,88200
33844,Application-5,M_Req,missing_destination,30,Application-5-Service,EndDevice-5,Application-5-Service,88300
33859,Application-7,M_Req,missing_destination,32,Application-7-Service,EndDevice-7,Application-7-Service,88300
33860,Application-6,M_Req,missing_destination,31,Application-6-Service,EndDevice-6,Application-6-Service,88300
33868,Application-22,M_Req,missing_destination,47,Application-22-Service,EndDevice-22,Application-22-Service,88400
33874,Application-21,M_Req,missing_destination,46,Application-21-Service,EndDevice-21,Application-21-Service,88400
33879,Application-23,M_Req,missing_destination,48,Application-23-Service,EndDevice-23,Application-23-Service,88400
33884,Application-25,M_Req,missing_destination,50,Application-25-Service,EndDevice-25,Application-25-Service,88400
33888,Application-27,M_Req,missing_destination,52,Application-27-Service,EndDevice-27,Application-27-Service,88400
33894,Application-26,M_Req,missing_destination,51,Application-26-Service,EndDevice-26,Application-26-Service,88500
33916,Application-22,M_Req,missing_destination,47,Application-22-Service,EndDevice-22,Application-22-Service,88500
33922,Application-21,M_Req,missing_destination,46,Application-21-Service,EndDevice-21,Application-21-Service,88500
33927,Application-23,M_Req,missing_destination,48,Application-23-Service,EndDevice-23,Application-23-Service,88500
33932,Application-25,M_Req,missing_destination,50,Application-25-Service,EndDevice-25,Application-25-Service,88500
33936,Application-27,M_Req,missing_destination,52,Application-27-Service,EndDevice-27,Application-27-Service,88500
33961,Application-22,M_Req,missing_destination,47,Application-22-Service,EndDevice-22,Application-22-Service,88600
33965,Application-21,M_Req,missing_destination,46,Application-21-Service,EndDevice-21,Application-21-Service,88600
33969,Application-23,M_Req,missing_destination,48,Application-23-Service,EndDevice-23,Application-23-Service,88600
33980,Application-20,M_Req,missing_destination,45,Application-20-Service,EndDevice-20,Application-20-Service,88700
33989,Application-26,M_Req,missing_destination,51,Application-26-Service,EndDevice-26,Application-26-Service,88700
34009,Application-22,M_Req,missing_destination,47,Application-22-Service,EndDevice-22,Application-22-Service,88700
34013,Application-21,M_Req,missing_destination,46,Application-21-Service,EndDevice-21,Application-21-Service,88700
34017,Application-23,M_Req,missing_destination,48,Application-23-Service,EndDevice-23,Application-23-Service,88700
34026,Application-20,M_Req,missing_destination,45,Application-20-Service,EndDevice-20,Application-20-Service,88800
34033,Application-26,M_Req,missing_destination,51,Application-26-Service,EndDevice-26,Application-26-Service,88800
34081,Application-26,M_Req,missing_destination,51,Application-26-Service,EndDevice-26,Application-26-Service,88900
34096,Application-30,M_Req,missing_destination,55,Application-30-Service,EndDevice-30,Application-30-Service,89000
34099,Application-29,M_Req,missing_destination,54,Application-29-Service,EndDevice-29,Application-29-Service,89000
34100,Application-9,M_Req,missing_destination,34,Application-9-Service,EndDevice-9,Application-9-Service,89000
34111,Application-25,M_Req,missing_destination,50,Application-25-Service,EndDevice-25,Application-25-Service,89000
34114,Application-32,M_Req,missing_destination,57,Application-32-Service,EndDevice-32,Application-32-Service,89000
34120,Application-12,M_Req,missing_destination,37,Application-12-Service,EndDevice-12,Application-12-Service,89100
34121,Application-26,M_Req,missing_destination,51,Application-26-Service,EndDevice-26,Application-26-Service,89100
34144,Application-30,M_Req,missing_destination,55,Application-30-Service,EndDevice-30,Application-30-Service,89100
34147,Application-29,M_Req,missing_destination,54,Application-29-Service,EndDevice-29,Application-29-Service,89100
34148,Application-9,M_Req,missing_destination,34,Application-9-Service,EndDevice-9,Application-9-Service,89100
34159,Application-25,M_Req,missing_destination,50,Application-25-Service,EndDevice-25,Application-25-Service,89100
34162,Application-32,M_Req,missing_destination,57,Application-32-Service,EndDevice-32,Application-32-Service,89100
34169,Application-26,M_Req,missing_destination,51,Application-26-Service,EndDevice-26,Application-26-Service,89200
34188,Application-30,M_Req,missing_destination,55,Application-30-Service,EndDevice-30,Application-30-Service,89200
34190,Application-29,M_Req,missing_destination,54,Application-29-Service,EndDevice-29,Application-29-Service,89200
34202,Application-1,M_Req,missing_destination,26,Application-1-Service,EndDevice-1,Application-1-Service,89300
34204,Application-32,M_Req,missing_destination,57,Application-32-Service,EndDevice-32,Application-32-Service,89300
34208,Application-14,M_Req,missing_destination,39,Application-14-Service,EndDevice-14,Application-14-Service,89300
34209,Application-3,M_Req,missing_destination,28,Application-3-Service,EndDevice-3,Application-3-Service,89300
34217,Application-26,M_Req,missing_destination,51,Application-26-Service,EndDevice-26,Application-26-Service,89300
34218,Application-16,M_Req,missing_destination,41,Application-16-Service,EndDevice-16,Application-16-Service,89300
34219,Application-4,M_Req,missing_destination,29,Application-4-Service,EndDevice-4,Application-4-Service,89300
34220,Application-15,M_Req,missing_destination,40,Application-15-Service,EndDevice-15,Application-15-Service,89300
34226,Application-2,M_Req,missing_destination,27,Application-2-Service,EndDevice-2,Application-2-Service,89300
34227,Application-13,M_Req,missing_destination,38,Application-13-Service,EndDevice-13,Application-13-Service,89300
34236,Application-30,M_Req,missing_destination,55,Application-30-Service,EndDevice-30,Application-30-Service,89300
34238,Application-29,M_Req,missing_destination,54,Application-29-Service,EndDevice-29,Application-29-Service,89300
34244,Application-24,M_Req,missing_destination,49,Application-24-Service,EndDevice-24,Application-24-Service,89300
34249,Application-1,M_Req,missing_destination,26,Application-1-Service,EndDevice-1,Application-1-Service,89400
34254,Application-14,M_Req,missing_destination,39,Application-14-Service,EndDevice-14,Application-14-Service,89400
34255,Application-3,M_Req,missing_destination,28,Application-3-Service,EndDevice-3,Application-3-Service,89400
34262,Application-26,M_Req,missing_destination,51,Application-26-Service,EndDevice-26,Application-26-Service,89400
34263,Application-16,M_Req,missing_destination,41,Application-16-Service,EndDevice-16,Application-16-Service,89400
34264,Application-4,M_Req,missing_destination,29,Application-4-Service,EndDevice-4,Application-4-Service,89400
34265,Application-15,M_Req,missing_destination,40,Application-15-Service,EndDevice-15,Application-15-Service,89400
34271,Application-2,M_Req,missing_destination,27,Application-2-Service,EndDevice-2,Application-2-Service,89400
34272,Application-13,M_Req,missing_destination,38,Application-13-Service,EndDevice-13,Application-13-Service,89400
34297,Application-1,M_Req,missing_destination,26,Application-1-Service,EndDevice-1,Application-1-Service,89500
34303,Application-3,M_Req,missing_destination,28,Application-3-Service,EndDevice-3,Application-3-Service,89500
34310,Application-26,M_Req,missing_destination,51,Application-26-Service,EndDevice-26,Application-26-Service,89500
34312,Application-4,M_Req,missing_destination,29,Application-4-Service,EndDevice-4,Application-4-Service,89500
34319,Application-2,M_Req,missing_destination,27,Application-2-Service,EndDevice-2,Application-2-Service,89500
34325,Application-17,M_Req,missing_destination,42,Application-17-Service,EndDevice-17,Application-17-Service,89600
34327,Application-23,M_Req,missing_destination,48,Application-23-Service,EndDevice-23,Application-23-Service,89600
34336,Application-30,M_Req,missing_destination,55,Application-30-Service,EndDevice-30,Application-30-Service,89600
34342,Application-1,M_Req,missing_destination,26,Application-1-Service,EndDevice-1,Application-1-Service,89600
34343,Application-27,M_Req,missing_destination,52,Application-27-Service,EndDevice-27,Application-27-Service,89600
34346,Application-3,M_Req,missing_destination,28,Application-3-Service,EndDevice-3,Application-3-Service,89600
34349,Application-18,M_Req,missing_destination,43,Application-18-Service,EndDevice-18,Application-18-Service,89700
34351,Application-26,M_Req,missing_destination,51,Application-26-Service,EndDevice-26,Application-26-Service,89700
34355,Application-19,M_Req,missing_destination,44,Application-19-Service,EndDevice-19,Application-19-Service,89700
34356,Application-28,M_Req,missing_destination,53,Application-28-Service,EndDevice-28,Application-28-Service,89700
34358,Application-2,M_Req,missing_destination,27,Application-2-Service,EndDevice-2,Application-2-Service,89700
34373,Application-17,M_Req,missing_destination,42,Application-17-Service,EndDevice-17,Application-17-Service,89700
34375,Application-23,M_Req,missing_destination,48,Application-23-Service,EndDevice-23,Application-23-Service,89700
34384,Application-30,M_Req,missing_destination,55,Application-30-Service,EndDevice-30,Application-30-Service,89700
34390,Application-1,M_Req,missing_destination,26,Application-1-Service,EndDevice-1,Application-1-Service,89700
34391,Application-27,M_Req,missing_destination,52,Application-27-Service,EndDevice-27,Application-27-Service,89700
34394,Application-3,M_Req,missing_destination,28,Application-3-Service,EndDevice-3,Application-3-Service,89700
34397,Application-18,M_Req,missing_destination,43,Application-18-Service,EndDevice-18,Application-18-Service,89800
34418,Application-17,M_Req,missing_destination,42,Application-17-Service,EndDevice-17,Application-17-Service,89800
34420,Application-23,M_Req,missing_destination,48,Application-23-Service,EndDevice-23,Application-23-Service,89800
34427,Application-30,M_Req,missing_destination,55,Application-30-Service,EndDevice-30,Application-30-Service,89800
34445,Application-18,M_Req,missing_destination,43,Application-18-Service,EndDevice-18,Application-18-Service,89900
34448,Application-16,M_Req,missing_destination,41,Application-16-Service,EndDevice-16,Application-16-Service,89900
34450,Application-15,M_Req,missing_destination,40,Application-15-Service,EndDevice-15,Application-15-Service,89900
34453,Application-13,M_Req,missing_destination,38,Application-13-Service,EndDevice-13,Application-13-Service,89900
34457,Application-33,M_Req,missing_destination,58,Application-33-Service,EndDevice-33,Application-33-Service,89900
34460,Application-20,M_Req,missing_destination,45,Application-20-Service,EndDevice-20,Application-20-Service,89900
34465,Application-14,M_Req,missing_destination,39,Application-14-Service,EndDevice-14,Application-14-Service,89900
34466,Application-17,M_Req,missing_destination,42,Application-17-Service,EndDevice-17,Application-17-Service,89900
34468,Application-23,M_Req,missing_destination,48,Application-23-Service,EndDevice-23,Application-23-Service,89900
34470,Application-35,M_Req,missing_destination,60,Application-35-Service,EndDevice-35,Application-35-Service,89900
34472,Application-34,M_Req,missing_destination,59,Application-34-Service,EndDevice-34,Application-34-Service,89900
34475,Application-30,M_Req,missing_destination,55,Application-30-Service,EndDevice-30,Application-30-Service,89900
34478,Application-36,M_Req,missing_destination,61,Application-36-Service,EndDevice-36,Application-36-Service,89900
34490,Application-18,M_Req,missing_destination,43,Application-18-Service,EndDevice-18,Application-18-Service,90000
34492,Application-16,M_Req,missing_destination,41,Application-16-Service,EndDevice-16,Application-16-Service,90000
34494,Application-15,M_Req,missing_destination,40,Application-15-Service,EndDevice-15,Application-15-Service,90000
34496,Application-13,M_Req,missing_destination,38,Application-13-Service,EndDevice-13,Application-13-Service,90000
34502,Application-20,M_Req,missing_destination,45,Application-20-Service,EndDevice-20,Application-20-Service,90000
34507,Application-14,M_Req,missing_destination,39,Application-14-Service,EndDevice-14,Application-14-Service,90000
34556,Application-17,M_Req,missing_destination,42,Application-17-Service,EndDevice-17,Application-17-Service,90200
34563,Application-47,M_Req,missing_destination,72,Application-47-Service,EndDevice-47,Application-47-Service,90200
34565,Application-36,M_Req,missing_destination,61,Application-36-Service,EndDevice-36,Application-36-Service,90200
34566,Application-28,M_Req,missing_destination,53,Application-28-Service,EndDevice-28,Application-28-Service,90200
34567,Application-19,M_Req,missing_destination,44,Application-19-Service,EndDevice-19,Application-19-Service,90200
34568,Application-46,M_Req,missing_destination,71,Application-46-Service,EndDevice-46,Application-46-Service,90200
34570,Application-34,M_Req,missing_destination,59,Application-34-Service,EndDevice-34,Application-34-Service,90200
34582,Application-48,M_Req,missing_destination,73,Application-48-Service,EndDevice-48,Application-48-Service,90200
34584,Application-26,M_Req,missing_destination,51,Application-26-Service,EndDevice-26,Application-26-Service,90300
34586,Application-45,M_Req,missing_destination,70,Application-45-Service,EndDevice-45,Application-45-Service,90300
34604,Application-17,M_Req,missing_destination,42,Application-17-Service,EndDevice-17,Application-17-Service,90300
34611,Application-47,M_Req,missing_destination,72,Application-47-Service,EndDevice-47,Application-47-Service,90300
34613,Application-36,M_Req,missing_destination,61,Application-36-Service,EndDevice-36,Application-36-Service,90300
34614,Application-28,M_Req,missing_destination,53,Application-28-Service,EndDevice-28,Application-28-Service,90300
34615,Application-19,M_Req,missing_destination,44,Application-19-Service,EndDevice-19,Application-19-Service,90300
34616,Application-46,M_Req,missing_destination,71,Application-46-Service,EndDevice-46,Application-46-Service,90300
34618,Application-34,M_Req,missing_destination,59,Application-34-Service,EndDevice-34,Application-34-Service,90300
34630,Application-48,M_Req,missing_destination,73,Application-48-Service,EndDevice-48,Application-48-Service,90300
34632,Application-26,M_Req,missing_destination,51,Application-26-Service,EndDevice-26,Application-26-Service,90400
34657,Application-28,M_Req,missing_destination,53,Application-28-Service,EndDevice-28,Application-28-Service,90400
34658,Application-19,M_Req,missing_destination,44,Application-19-Service,EndDevice-19,Application-19-Service,90400
34660,Application-34,M_Req,missing_destination,59,Application-34-Service,EndDevice-34,Application-34-Service,90400
34677,Application-16,M_Req,missing_destination,41,Application-16-Service,EndDevice-16,Application-16-Service,90500
34679,Application-18,M_Req,missing_destination,43,Application-18-Service,EndDevice-18,Application-18-Service,90500
34680,Application-26,M_Req,missing_destination,51,Application-26-Service,EndDevice-26,Application-26-Service,90500
34681,Application-15,M_Req,missing_destination,40,Application-15-Service,EndDevice-15,Application-15-Service,90500
34683,Application-13,M_Req,missing_destination,38,Application-13-Service,EndDevice-13,Application-13-Service,90500
34688,Application-14,M_Req,missing_destination,39,Application-14-Service,EndDevice-14,Application-14-Service,90500
34689,Application-27,M_Req,missing_destination,52,Application-27-Service,EndDevice-27,Application-27-Service,90500
34690,Application-20,M_Req,missing_destination,45,Application-20-Service,EndDevice-20,Application-20-Service,90500
34705,Application-28,M_Req,missing_destination,53,Application-28-Service,EndDevice-28,Application-28-Service,90500
34706,Application-19,M_Req,missing_destination,44,Application-19-Service,EndDevice-19,Application-19-Service,90500
34708,Application-34,M_Req,missing_destination,59,Application-34-Service,EndDevice-34,Application-34-Service,90500
34722,Application-16,M_Req,missing_destination,41,Application-16-Service,EndDevice-16,Application-16-Service,90600
34724,Application-18,M_Req,missing_destination,43,Application-18-Service,EndDevice-18,Application-18-Service,90600
34725,Application-26,M_Req,missing_destination,51,Application-26-Service,EndDevice-26,Application-26-Service,90600
34726,Application-15,M_Req,missing_destination,40,Application-15-Service,EndDevice-15,Application-15-Service,90600
34728,Application-13,M_Req,missing_destination,38,Application-13-Service,EndDevice-13,Application-13-Service,90600
34732,Application-14,M_Req,missing_destination,39,Application-14-Service,EndDevice-14,Application-14-Service,90600
34733,Application-27,M_Req,missing_destination,52,Application-27-Service,EndDevice-27,Application-27-Service,90600
34734,Application-20,M_Req,missing_destination,45,Application-20-Service,EndDevice-20,Application-20-Service,90600
34772,Application-18,M_Req,missing_destination,43,Application-18-Service,EndDevice-18,Application-18-Service,90700
34773,Application-26,M_Req,missing_destination,51,Application-26-Service,EndDevice-26,Application-26-Service,90700
34782,Application-20,M_Req,missing_destination,45,Application-20-Service,EndDevice-20,Application-20-Service,90700
34788,Application-8,M_Req,missing_destination,33,Application-8-Service,EndDevice-8,Application-8-Service,90800
34797,Application-2,M_Req,missing_destination,27,Application-2-Service,EndDevice-2,Application-2-Service,90800
34805,Application-1,M_Req,missing_destination,26,Application-1-Service,EndDevice-1,Application-1-Service,90800
34810,Application-3,M_Req,missing_destination,28,Application-3-Service,EndDevice-3,Application-3-Service,90800
34821,Application-7,M_Req,missing_destination,32,Application-7-Service,EndDevice-7,Application-7-Service,90900
34822,Application-5,M_Req,missing_destination,30,Application-5-Service,EndDevice-5,Application-5-Service,90900
34824,Application-4,M_Req,missing_destination,29,Application-4-Service,EndDevice-4,Application-4-Service,90900
34836,Application-8,M_Req,missing_destination,33,Application-8-Service,EndDevice-8,Application-8-Service,90900
34845,Application-2,M_Req,missing_destination,27,Application-2-Service,EndDevice-2,Application-2-Service,90900
34853,Application-1,M_Req,missing_destination,26,Application-1-Service,EndDevice-1,Application-1-Service,90900
34858,Application-3,M_Req,missing_destination,28,Application-3-Service,EndDevice-3,Application-3-Service,90900
34868,Application-7,M_Req,missing_destination,32,Application-7-Service,EndDevice-7,Application-7-Service,91000
34869,Application-5,M_Req,missing_destination,30,Application-5-Service,EndDevice-5,Application-5-Service,91000
34871,Application-4,M_Req,missing_destination,29,Application-4-Service,EndDevice-4,Application-4-Service,91000
34880,Application-8,M_Req,missing_destination,33,Application-8-Service,EndDevice-8,Application-8-Service,91000
34888,Application-2,M_Req,missing_destination,27,Application-2-Service,EndDevice-2,Application-2-Service,91000
34900,Application-10,M_Req,missing_destination,35,Application-10-Service,EndDevice-10,Application-10-Service,91100
34901,Application-16,M_Req,missing_destination,41,Application-16-Service,EndDevice-16,Application-16-Service,91100
34902,Application-13,M_Req,missing_destination,38,Application-13-Service,EndDevice-13,Application-13-Service,91100
34913,Application-15,M_Req,missing_destination,40,Application-15-Service,EndDevice-15,Application-15-Service,91100
34916,Application-7,M_Req,missing_destination,32,Application-7-Service,EndDevice-7,Application-7-Service,91100
34917,Application-5,M_Req,missing_destination,30,Application-5-Service,EndDevice-5,Application-5-Service,91100
34918,Application-14,M_Req,missing_destination,39,Application-14-Service,EndDevice-14,Application-14-Service,91100
34919,Application-4,M_Req,missing_destination,29,Application-4-Service,EndDevice-4,Application-4-Service,91100
34920,Application-9,M_Req,missing_destination,34,Application-9-Service,EndDevice-9,Application-9-Service,91100
34928,Application-8,M_Req,missing_destination,33,Application-8-Service,EndDevice-8,Application-8-Service,91100
34930,Application-11,M_Req,missing_destination,36,Application-11-Service,EndDevice-11,Application-11-Service,91100
34933,Application-12,M_Req,missing_destination,37,Application-12-Service,EndDevice-12,Application-12-Service,91100
34936,Application-2,M_Req,missing_destination,27,Application-2-Service,EndDevice-2,Application-2-Service,91100
34946,Application-10,M_Req,missing_destination,35,Application-10-Service,EndDevice-10,Application-10-Service,91200
34947,Application-13,M_Req,missing_destination,38,Application-13-Service,EndDevice-13,Application-13-Service,91200
34958,Application-7,M_Req,missing_destination,32,Application-7-Service,EndDevice-7,Application-7-Service,91200
34959,Application-4,M_Req,missing_destination,29,Application-4-Service,EndDevice-4,Application-4-Service,91200
34960,Application-9,M_Req,missing_destination,34,Application-9-Service,EndDevice-9,Application-9-Service,91200
34995,Application-13,M_Req,missing_destination,38,Application-13-Service,EndDevice-13,Application-13-Service,91300
35007,Application-4,M_Req,missing_destination,29,Application-4-Service,EndDevice-4,Application-4-Service,91300
35015,Application-8,M_Req,missing_destination,33,Application-8-Service,EndDevice-8,Application-8-Service,91400
35017,Application-28,M_Req,missing_destination,53,Application-28-Service,EndDevice-28,Application-28-Service,91400
35022,Application-2,M_Req,missing_destination,27,Application-2-Service,EndDevice-2,Application-2-Service,91400
35027,Application-16,M_Req,missing_destination,41,Application-16-Service,EndDevice-16,Application-16-Service,91400
35031,Application-14,M_Req,missing_destination,39,Application-14-Service,EndDevice-14,Application-14-Service,91400
35032,Application-15,M_Req,missing_destination,40,Application-15-Service,EndDevice-15,Application-15-Service,91400
35034,Application-1,M_Req,missing_destination,26,Application-1-Service,EndDevice-1,Application-1-Service,91400
35036,Application-48,M_Req,missing_destination,73,Application-48-Service,EndDevice-48,Application-48-Service,91400
35039,Application-13,M_Req,missing_destination,38,Application-13-Service,EndDevice-13,Application-13-Service,91400
35041,Application-46,M_Req,missing_destination,71,Application-46-Service,EndDevice-46,Application-46-Service,91400
35042,Application-27,M_Req,missing_destination,52,Application-27-Service,EndDevice-27,Application-27-Service,91400
35044,Application-25,M_Req,missing_destination,50,Application-25-Service,EndDevice-25,Application-25-Service,91400
35046,Application-26,M_Req,missing_destination,51,Application-26-Service,EndDevice-26,Application-26-Service,91500
35063,Application-8,M_Req,missing_destination,33,Application-8-Service,EndDevice-8,Application-8-Service,91500
35065,Application-28,M_Req,missing_destination,53,Application-28-Service,EndDevice-28,Application-28-Service,91500
35070,Application-2,M_Req,missing_destination,27,Application-2-Service,EndDevice-2,Application-2-Service,91500
35075,Application-16,M_Req,missing_destination,41,Application-16-Service,EndDevice-16,Application-16-Service,91500
35079,Application-14,M_Req,missing_destination,39,Application-14-Service,EndDevice-14,Application-14-Service,91500
35080,Application-15,M_Req,missing_destination,40,Application-15-Service,EndDevice-15,Application-15-Service,91500
35082,Application-1,M_Req,missing_destination,26,Application-1-Service,EndDevice-1,Application-1-Service,91500
35084,Application-48,M_Req,missing_destination,73,Application-48-Service,EndDevice-48,Application-48-Service,91500
35087,Application-13,M_Req,missing_destination,38,Application-13-Service,EndDevice-13,Application-13-Service,91500
35089,Application-46,M_Req,missing_destination,71,Application-46-Service,EndDevice-46,Application-46-Service,91500
35090,Application-27,M_Req,missing_destination,52,Application-27-Service,EndDevice-27,Application-27-Service,91500
35092,Application-25,M_Req,missing_destination,50,Application-25-Service,EndDevice-25,Application-25-Service,91500
35138,Application-48,M_Req,missing_destination,73,Application-48-Service,EndDevice-48,Application-48-Service,91700
35140,Application-21,M_Req,missing_destination,46,Application-21-Service,EndDevice-21,Application-21-Service,91700
35149,Application-24,M_Req,missing_destination,49,Application-24-Service,EndDevice-24,Application-24-Service,91700
35155,Application-22,M_Req,missing_destination,47,Application-22-Service,EndDevice-22,Application-22-Service,91700
35159,Application-23,M_Req,missing_destination,48,Application-23-Service,EndDevice-23,Application-23-Service,91700
35163,Application-2,M_Req,missing_destination,27,Application-2-Service,EndDevice-2,Application-2-Service,91700
35169,Application-14,M_Req,missing_destination,39,Application-14-Service,EndDevice-14,Application-14-Service,91700
35183,Application-48,M_Req,missing_destination,73,Application-48-Service,EndDevice-48,Application-48-Service,91800
35185,Application-21,M_Req,missing_destination,46,Application-21-Service,EndDevice-21,Application-21-Service,91800
35192,Application-24,M_Req,missing_destination,49,Application-24-Service,EndDevice-24,Application-24-Service,91800
35198,Application-22,M_Req,missing_destination,47,Application-22-Service,EndDevice-22,Application-22-Service,91800
35231,Application-48,M_Req,missing_destination,73,Application-48-Service,EndDevice-48,Application-48-Service,91900
35248,Application-11,M_Req,missing_destination,36,Application-11-Service,EndDevice-11,Application-11-Service,92000
35260,Application-27,M_Req,missing_destination,52,Application-27-Service,EndDevice-27,Application-27-Service,92000
35264,Application-10,M_Req,missing_destination,35,Application-10-Service,EndDevice-10,Application-10-Service,92000
35275,Application-26,M_Req,missing_destination,51,Application-26-Service,EndDevice-26,Application-26-Service,92100
35284,Application-9,M_Req,missing_destination,34,Application-9-Service,EndDevice-9,Application-9-Service,92100
35296,Application-11,M_Req,missing_destination,36,Application-11-Service,EndDevice-11,Application-11-Service,92100
35308,Application-27,M_Req,missing_destination,52,Application-27-Service,EndDevice-27,Application-27-Service,92100
35312,Application-10,M_Req,missing_destination,35,Application-10-Service,EndDevice-10,Application-10-Service,92100
35323,Application-26,M_Req,missing_destination,51,Application-26-Service,EndDevice-26,Application-26-Service,92200
35349,Application-27,M_Req,missing_destination,52,Application-27-Service,EndDevice-27,Application-27-Service,92200
35351,Application-1,M_Req,missing_destination,26,Application-1-Service,EndDevice-1,Application-1-Service,92300
35352,Application-10,M_Req,missing_destination,35,Application-10-Service,EndDevice-10,Application-10-Service,92300
35357,Application-35,M_Req,missing_destination,60,Application-35-Service,EndDevice-35,Application-35-Service,92300
35365,Application-45,M_Req,missing_destination,70,Application-45-Service,EndDevice-45,Application-45-Service,92300
35367,Application-3,M_Req,missing_destination,28,Application-3-Service,EndDevice-3,Application-3-Service,92300
35371,Application-26,M_Req,missing_destination,51,Application-26-Service,EndDevice-26,Application-26-Service,92300
35377,Application-4,M_Req,missing_destination,29,Application-4-Service,EndDevice-4,Application-4-Service,92300
35378,Application-47,M_Req,missing_destination,72,Application-47-Service,EndDevice-47,Application-47-Service,92300
35381,Application-36,M_Req,missing_destination,61,Application-36-Service,EndDevice-36,Application-36-Service,92300
35383,Application-28,M_Req,missing_destination,53,Application-28-Service,EndDevice-28,Application-28-Service,92300
35385,Application-12,M_Req,missing_destination,37,Application-12-Service,EndDevice-12,Application-12-Service,92300
35390,Application-33,M_Req,missing_destination,58,Application-33-Service,EndDevice-33,Application-33-Service,92300
35391,Application-34,M_Req,missing_destination,59,Application-34-Service,EndDevice-34,Application-34-Service,92300
35397,Application-27,M_Req,missing_destination,52,Application-27-Service,EndDevice-27,Application-27-Service,92300
35399,Application-1,M_Req,missing_destination,26,Application-1-Service,EndDevice-1,Application-1-Service,92400
35400,Application-10,M_Req,missing_destination,35,Application-10-Service,EndDevice-10,Application-10-Service,92400
35405,Application-35,M_Req,missing_destination,60,Application-35-Service,EndDevice-35,Application-35-Service,92400
35410,Application-45,M_Req,missing_destination,70,Application-45-Service,EndDevice-45,Application-45-Service,92400
35415,Application-26,M_Req,missing_destination,51,Application-26-Service,EndDevice-26,Application-26-Service,92400
35420,Application-4,M_Req,missing_destination,29,Application-4-Service,EndDevice-4,Application-4-Service,92400
35421,Application-47,M_Req,missing_destination,72,Application-47-Service,EndDevice-47,Application-47-Service,92400
35422,Application-36,M_Req,missing_destination,61,Application-36-Service,EndDevice-36,Application-36-Service,92400
35424,Application-28,M_Req,missing_destination,53,Application-28-Service,EndDevice-28,Application-28-Service,92400
35447,Application-1,M_Req,missing_destination,26,Application-1-Service,EndDevice-1,Application-1-Service,92500
35448,Application-10,M_Req,missing_destination,35,Application-10-Service,EndDevice-10,Application-10-Service,92500
35453,Application-35,M_Req,missing_destination,60,Application-35-Service,EndDevice-35,Application-35-Service,92500
35458,Application-45,M_Req,missing_destination,70,Application-45-Service,EndDevice-45,Application-45-Service,92500
35468,Application-4,M_Req,missing_destination,29,Application-4-Service,EndDevice-4,Application-4-Service,92500
35469,Application-47,M_Req,missing_destination,72,Application-47-Service,EndDevice-47,Application-47-Service,92500
35470,Application-36,M_Req,missing_destination,61,Application-36-Service,EndDevice-36,Application-36-Service,92500
35472,Application-28,M_Req,missing_destination,53,Application-28-Service,EndDevice-28,Application-28-Service,92500
35490,Application-1,M_Req,missing_destination,26,Application-1-Service,EndDevice-1,Application-1-Service,92600
35495,Application-35,M_Req,missing_destination,60,Application-35-Service,EndDevice-35,Application-35-Service,92600
35500,Application-45,M_Req,missing_destination,70,Application-45-Service,EndDevice-45,Application-45-Service,92600
35505,Application-26,M_Req,missing_destination,51,Application-26-Service,EndDevice-26,Application-26-Service,92700
35510,Application-47,M_Req,missing_destination,72,Application-47-Service,EndDevice-47,Application-47-Service,92700
35512,Application-28,M_Req,missing_destination,53,Application-28-Service,EndDevice-28,Application-28-Service,92700
35538,Application-1,M_Req,missing_destination,26,Application-1-Service,EndDevice-1,Application-1-Service,92700
35543,Application-35,M_Req,missing_destination,60,Application-35-Service,EndDevice-35,Application-35-Service,92700
35548,Application-45,M_Req,missing_destination,70,Application-45-Service,EndDevice-45,Application-45-Service,92700
35558,Application-28,M_Req,missing_destination,53,Application-28-Service,EndDevice-28,Application-28-Service,92800
35586,Application-38,M_Req,missing_destination,63,Application-38-Service,EndDevice-38,Application-38-Service,92900
35588,Application-40,M_Req,missing_destination,65,Application-40-Service,EndDevice-40,Application-40-Service,92900
35605,Application-47,M_Req,missing_destination,72,Application-47-Service,EndDevice-47,Application-47-Service,92900
35606,Application-28,M_Req,missing_destination,53,Application-28-Service,EndDevice-28,Application-28-Service,92900
35610,Application-37,M_Req,missing_destination,62,Application-37-Service,EndDevice-37,Application-37-Service,92900
35624,Application-39,M_Req,missing_destination,64,Application-39-Service,EndDevice-39,Application-39-Service,92900
35633,Application-38,M_Req,missing_destination,63,Application-38-Service,EndDevice-38,Application-38-Service,93000
35635,Application-40,M_Req,missing_destination,65,Application-40-Service,EndDevice-40,Application-40-Service,93000
35648,Application-47,M_Req,missing_destination,72,Application-47-Service,EndDevice-47,Application-47-Service,93000
35713,Application-24,M_Req,missing_destination,49,Application-24-Service,EndDevice-24,Application-24-Service,93200
35718,Application-46,M_Req,missing_destination,71,Application-46-Service,EndDevice-46,Application-46-Service,93200
35723,Application-25,M_Req,missing_destination,50,Application-25-Service,EndDevice-25,Application-25-Service,93200
35726,Application-32,M_Req,missing_destination,57,Application-32-Service,EndDevice-32,Application-32-Service,93200
35727,Application-23,M_Req,missing_destination,48,Application-23-Service,EndDevice-23,Application-23-Service,93200
35732,Application-31,M_Req,missing_destination,56,Application-31-Service,EndDevice-31,Application-31-Service,93200
35733,Application-21,M_Req,missing_destination,46,Application-21-Service,EndDevice-21,Application-21-Service,93200
35734,Application-26,M_Req,missing_destination,51,Application-26-Service,EndDevice-26,Application-26-Service,93200
35740,Application-30,M_Req,missing_destination,55,Application-30-Service,EndDevice-30,Application-30-Service,93300
35761,Application-24,M_Req,missing_destination,49,Application-24-Service,EndDevice-24,Application-24-Service,93300
35766,Application-46,M_Req,missing_destination,71,Application-46-Service,EndDevice-46,Application-46-Service,93300
35771,Application-25,M_Req,missing_destination,50,Application-25-Service,EndDevice-25,Application-25-Service,93300
35774,Application-32,M_Req,missing_destination,57,Application-32-Service,EndDevice-32,Application-32-Service,93300
35775,Application-23,M_Req,missing_destination,48,Application-23-Service,EndDevice-23,Application-23-Service,93300
35780,Application-31,M_Req,missing_destination,56,Application-31-Service,EndDevice-31,Application-31-Service,93300
35781,Application-21,M_Req,missing_destination,46,Application-21-Service,EndDevice-21,Application-21-Service,93300
35782,Application-26,M_Req,missing_destination,51,Application-26-Service,EndDevice-26,Application-26-Service,93300
35787,Application-30,M_Req,missing_destination,55,Application-30-Service,EndDevice-30,Application-30-Service,93400
35809,Application-46,M_Req,missing_destination,71,Application-46-Service,EndDevice-46,Application-46-Service,93500
35815,Application-40,M_Req,missing_destination,65,Application-40-Service,EndDevice-40,Application-40-Service,93500
35823,Application-38,M_Req,missing_destination,63,Application-38-Service,EndDevice-38,Application-38-Service,93500
35824,Application-48,M_Req,missing_destination,73,Application-48-Service,EndDevice-48,Application-48-Service,93500
35832,Application-47,M_Req,missing_destination,72,Application-47-Service,EndDevice-47,Application-47-Service,93500
35835,Application-30,M_Req,missing_destination,55,Application-30-Service,EndDevice-30,Application-30-Service,93500
35836,Application-29,M_Req,missing_destination,54,Application-29-Service,EndDevice-29,Application-29-Service,93500
35840,Application-45,M_Req,missing_destination,70,Application-45-Service,EndDevice-45,Application-45-Service,93500
35843,Application-39,M_Req,missing_destination,64,Application-39-Service,EndDevice-39,Application-39-Service,93500
35861,Application-40,M_Req,missing_destination,65,Application-40-Service,EndDevice-40,Application-40-Service,93600
35868,Application-38,M_Req,missing_destination,63,Application-38-Service,EndDevice-38,Application-38-Service,93600
35876,Application-47,M_Req,missing_destination,72,Application-47-Service,EndDevice-47,Application-47-Service,93600
35878,Application-30,M_Req,missing_destination,55,Application-30-Service,EndDevice-30,Application-30-Service,93600
35879,Application-29,M_Req,missing_destination,54,Application-29-Service,EndDevice-29,Application-29-Service,93600
35885,Application-39,M_Req,missing_destination,64,Application-39-Service,EndDevice-39,Application-39-Service,93600
35909,Application-40,M_Req,missing_destination,65,Application-40-Service,EndDevice-40,Application-40-Service,93700
35916,Application-38,M_Req,missing_destination,63,Application-38-Service,EndDevice-38,Application-38-Service,93700
35926,Application-30,M_Req,missing_destination,55,Application-30-Service,EndDevice-30,Application-30-Service,93700
35933,Application-39,M_Req,missing_destination,64,Application-39-Service,EndDevice-39,Application-39-Service,93700
35935,Application-34,M_Req,missing_destination,59,Application-34-Service,EndDevice-34,Application-34-Service,93800
35938,Application-37,M_Req,missing_destination,62,Application-37-Service,EndDevice-37,Application-37-Service,93800
35940,Application-33,M_Req,missing_destination,58,Application-33-Service,EndDevice-33,Application-33-Service,93800
35947,Application-24,M_Req,missing_destination,49,Application-24-Service,EndDevice-24,Application-24-Service,93800
35949,Application-32,M_Req,missing_destination,57,Application-32-Service,EndDevice-32,Application-32-Service,93800
35952,Application-35,M_Req,missing_destination,60,Application-35-Service,EndDevice-35,Application-35-Service,93800
35954,Application-40,M_Req,missing_destination,65,Application-40-Service,EndDevice-40,Application-40-Service,93800
35959,Application-36,M_Req,missing_destination,61,Application-36-Service,EndDevice-36,Application-36-Service,93800
35960,Application-4,M_Req,missing_destination,29,Application-4-Service,EndDevice-4,Application-4-Service,93800
35961,Application-21,M_Req,missing_destination,46,Application-21-Service,EndDevice-21,Application-21-Service,93800
35971,Application-22,M_Req,missing_destination,47,Application-22-Service,EndDevice-22,Application-22-Service,93900
35983,Application-34,M_Req,missing_destination,59,Application-34-Service,EndDevice-34,Application-34-Service,93900
35986,Application-37,M_Req,missing_destination,62,Application-37-Service,EndDevice-37,Application-37-Service,93900
35988,Application-33,M_Req,missing_destination,58,Application-33-Service,EndDevice-33,Application-33-Service,93900
35995,Application-24,M_Req,missing_destination,49,Application-24-Service,EndDevice-24,Application-24-Service,93900
35997,Application-32,M_Req,missing_destination,57,Application-32-Service,EndDevice-32,Application-32-Service,93900
36000,Application-35,M_Req,missing_destination,60,Application-35-Service,EndDevice-35,Application-35-Service,93900
36002,Application-40,M_Req,missing_destination,65,Application-40-Service,EndDevice-40,Application-40-Service,93900
36007,Application-36,M_Req,missing_destination,61,Application-36-Service,EndDevice-36,Application-36-Service,93900
36008,Application-4,M_Req,missing_destination,29,Application-4-Service,EndDevice-4,Application-4-Service,93900
36009,Application-21,M_Req,missing_destination,46,Application-21-Service,EndDevice-21,Application-21-Service,93900
36028,Application-34,M_Req,missing_destination,59,Application-34-Service,EndDevice-34,Application-34-Service,94000
36039,Application-32,M_Req,missing_destination,57,Application-32-Service,EndDevice-32,Application-32-Service,94000
36047,Application-36,M_Req,missing_destination,61,Application-36-Service,EndDevice-36,Application-36-Service,94100
36051,Application-11,M_Req,missing_destination,36,Application-11-Service,EndDevice-11,Application-11-Service,94100
36052,Application-9,M_Req,missing_destination,34,Application-9-Service,EndDevice-9,Application-9-Service,94100
36055,Application-16,M_Req,missing_destination,41,Application-16-Service,EndDevice-16,Application-16-Service,94100
36056,Application-12,M_Req,missing_destination,37,Application-12-Service,EndDevice-12,Application-12-Service,94100
36067,Application-14,M_Req,missing_destination,39,Application-14-Service,EndDevice-14,Application-14-Service,94100
36074,Application-13,M_Req,missing_destination,38,Application-13-Service,EndDevice-13,Application-13-Service,94100
36076,Application-34,M_Req,missing_destination,59,Application-34-Service,EndDevice-34,Application-34-Service,94100
36083,Application-10,M_Req,missing_destination,35,Application-10-Service,EndDevice-10,Application-10-Service,94100
36085,Application-15,M_Req,missing_destination,40,Application-15-Service,EndDevice-15,Application-15-Service,94100
36087,Application-32,M_Req,missing_destination,57,Application-32-Service,EndDevice-32,Application-32-Service,94100
36095,Application-36,M_Req,missing_destination,61,Application-36-Service,EndDevice-36,Application-36-Service,94200
36100,Application-16,M_Req,missing_destination,41,Application-16-Service,EndDevice-16,Application-16-Service,94200
36101,Application-12,M_Req,missing_destination,37,Application-12-Service,EndDevice-12,Application-12-Service,94200
36108,Application-14,M_Req,missing_destination,39,Application-14-Service,EndDevice-14,Application-14-Service,94200
36115,Application-13,M_Req,missing_destination,38,Application-13-Service,EndDevice-13,Application-13-Service,94200
36148,Application-16,M_Req,missing_destination,41,Application-16-Service,EndDevice-16,Application-16-Service,94300
36156,Application-14,M_Req,missing_destination,39,Application-14-Service,EndDevice-14,Application-14-Service,94300
36163,Application-13,M_Req,missing_destination,38,Application-13-Service,EndDevice-13,Application-13-Service,94300
36173,Application-32,M_Req,missing_destination,57,Application-32-Service,EndDevice-32,Application-32-Service,94400
36181,Application-29,M_Req,missing_destination,54,Application-29-Service,EndDevice-29,Application-29-Service,94400
36187,Application-36,M_Req,missing_destination,61,Application-36-Service,EndDevice-36,Application-36-Service,94400
36190,Application-16,M_Req,missing_destination,41,Application-16-Service,EndDevice-16,Application-16-Service,94400
36191,Application-12,M_Req,missing_destination,37,Application-12-Service,EndDevice-12,Application-12-Service,94400
36194,Application-30,M_Req,missing_destination,55,Application-30-Service,EndDevice-30,Application-30-Service,94500
36221,Application-32,M_Req,missing_destination,57,Application-32-Service,EndDevice-32,Application-32-Service,94500
36229,Application-29,M_Req,missing_destination,54,Application-29-Service,EndDevice-29,Application-29-Service,94500
36235,Application-36,M_Req,missing_destination,61,Application-36-Service,EndDevice-36,Application-36-Service,94500
36238,Application-16,M_Req,missing_destination,41,Application-16-Service,EndDevice-16,Application-16-Service,94500
36239,Application-12,M_Req,missing_destination,37,Application-12-Service,EndDevice-12,Application-12-Service,94500
36272,Application-18,M_Req,missing_destination,43,Application-18-Service,EndDevice-18,Application-18-Service,94700
36277,Application-16,M_Req,missing_destination,41,Application-16-Service,EndDevice-16,Application-16-Service,94700
36286,Application-3,M_Req,missing_destination,28,Application-3-Service,EndDevice-3,Application-3-Service,94700
36294,Application-20,M_Req,missing_destination,45,Application-20-Service,EndDevice-20,Application-20-Service,94700
36295,Application-19,M_Req,missing_destination,44,Application-19-Service,EndDevice-19,Application-19-Service,94700
36297,Application-1,M_Req,missing_destination,26,Application-1-Service,EndDevice-1,Application-1-Service,94700
36298,Application-17,M_Req,missing_destination,42,Application-17-Service,EndDevice-17,Application-17-Service,94700
36303,Application-2,M_Req,missing_destination,27,Application-2-Service,EndDevice-2,Application-2-Service,94700
36304,Application-4,M_Req,missing_destination,29,Application-4-Service,EndDevice-4,Application-4-Service,94700
36308,Application-10,M_Req,missing_destination,35,Application-10-Service,EndDevice-10,Application-10-Service,94700
36320,Application-18,M_Req,missing_destination,43,Application-18-Service,EndDevice-18,Application-18-Service,94800
36324,Application-16,M_Req,missing_destination,41,Application-16-Service,EndDevice-16,Application-16-Service,94800
36332,Application-3,M_Req,missing_destination,28,Application-3-Service,EndDevice-3,Application-3-Service,94800
36338,Application-20,M_Req,missing_destination,45,Application-20-Service,EndDevice-20,Application-20-Service,94800
36340,Application-17,M_Req,missing_destination,42,Application-17-Service,EndDevice-17,Application-17-Service,94800
36345,Application-2,M_Req,missing_destination,27,Application-2-Service,EndDevice-2,Application-2-Service,94800
36346,Application-4,M_Req,missing_destination,29,Application-4-Service,EndDevice-4,Application-4-Service,94800
36372,Application-16,M_Req,missing_destination,41,Application-16-Service,EndDevice-16,Application-16-Service,94900
36380,Application-3,M_Req,missing_destination,28,Application-3-Service,EndDevice-3,Application-3-Service,94900
36393,Application-2,M_Req,missing_destination,27,Application-2-Service,EndDevice-2,Application-2-Service,94900
36394,Application-4,M_Req,missing_destination,29,Application-4-Service,EndDevice-4,Application-4-Service,94900
36397,Application-45,M_Req,missing_destination,70,Application-45-Service,EndDevice-45,Application-45-Service,95000
36404,Application-47,M_Req,missing_destination,72,Application-47-Service,EndDevice-47,Application-47-Service,95000
36408,Application-24,M_Req,missing_destination,49,Application-24-Service,EndDevice-24,Application-24-Service,95000
36411,Application-48,M_Req,missing_destination,73,Application-48-Service,EndDevice-48,Application-48-Service,95000
36412,Application-35,M_Req,missing_destination,60,Application-35-Service,EndDevice-35,Application-35-Service,95000
36417,Application-16,M_Req,missing_destination,41,Application-16-Service,EndDevice-16,Application-16-Service,95000
36418,Application-12,M_Req,missing_destination,37,Application-12-Service,EndDevice-12,Application-12-Service,95000
36420,Application-23,M_Req,missing_destination,48,Application-23-Service,EndDevice-23,Application-23-Service,95000
36422,Application-46,M_Req,missing_destination,71,Application-46-Service,EndDevice-46,Application-46-Service,95000
36445,Application-45,M_Req,missing_destination,70,Application-45-Service,EndDevice-45,Application-45-Service,95100
36452,Application-47,M_Req,missing_destination,72,Application-47-Service,EndDevice-47,Application-47-Service,95100
36456,Application-24,M_Req,missing_destination,49,Application-24-Service,EndDevice-24,Application-24-Service,95100
36459,Application-48,M_Req,missing_destination,73,Application-48-Service,EndDevice-48,Application-48-Service,95100
36460,Application-35,M_Req,missing_destination,60,Application-35-Service,EndDevice-35,Application-35-Service,95100
36465,Application-16,M_Req,missing_destination,41,Application-16-Service,EndDevice-16,Application-16-Service,95100
36466,Application-12,M_Req,missing_destination,37,Application-12-Service,EndDevice-12,Application-12-Service,95100
36468,Application-23,M_Req,missing_destination,48,Application-23-Service,EndDevice-23,Application-23-Service,95100
36470,Application-46,M_Req,missing_destination,71,Application-46-Service,EndDevice-46,Application-46-Service,95100
36489,Application-45,M_Req,missing_destination,70,Application-45-Service,EndDevice-45,Application-45-Service,95200
36500,Application-48,M_Req,missing_destination,73,Application-48-Service,EndDevice-48,Application-48-Service,95200
36505,Application-12,M_Req,missing_destination,37,Application-12-Service,EndDevice-12,Application-12-Service,95300
36506,Application-9,M_Req,missing_destination,34,Application-9-Service,EndDevice-9,Application-9-Service,95300
36507,Application-23,M_Req,missing_destination,48,Application-23-Service,EndDevice-23,Application-23-Service,95300
36508,Application-41,M_Req,missing_destination,66,Application-41-Service,EndDevice-41,Application-41-Service,95300
36511,Application-43,M_Req,missing_destination,68,Application-43-Service,EndDevice-43,Application-43-Service,95300
36516,Application-28,M_Req,missing_destination,53,Application-28-Service,EndDevice-28,Application-28-Service,95300
36518,Application-26,M_Req,missing_destination,51,Application-26-Service,EndDevice-26,Application-26-Service,95300
36521,Application-25,M_Req,missing_destination,50,Application-25-Service,EndDevice-25,Application-25-Service,95300
36527,Application-22,M_Req,missing_destination,47,Application-22-Service,EndDevice-22,Application-22-Service,95300
36531,Application-42,M_Req,missing_destination,67,Application-42-Service,EndDevice-42,Application-42-Service,95300
36537,Application-45,M_Req,missing_destination,70,Application-45-Service,EndDevice-45,Application-45-Service,95300
36539,Application-44,M_Req,missing_destination,69,Application-44-Service,EndDevice-44,Application-44-Service,95300
36542,Application-27,M_Req,missing_destination,52,Application-27-Service,EndDevice-27,Application-27-Service,95300
36548,Application-48,M_Req,missing_destination,73,Application-48-Service,EndDevice-48,Application-48-Service,95300
36551,Application-12,M_Req,missing_destination,37,Application-12-Service,EndDevice-12,Application-12-Service,95400
36552,Application-9,M_Req,missing_destination,34,Application-9-Service,EndDevice-9,Application-9-Service,95400
36553,Application-23,M_Req,missing_destination,48,Application-23-Service,EndDevice-23,Application-23-Service,95400
36554,Application-41,M_Req,missing_destination,66,Application-41-Service,EndDevice-41,Application-41-Service,95400
36557,Application-43,M_Req,missing_destination,68,Application-43-Service,EndDevice-43,Application-43-Service,95400
36563,Application-26,M_Req,missing_destination,51,Application-26-Service,EndDevice-26,Application-26-Service,95400
36566,Application-25,M_Req,missing_destination,50,Application-25-Service,EndDevice-25,Application-25-Service,95400
36572,Application-22,M_Req,missing_destination,47,Application-22-Service,EndDevice-22,Application-22-Service,95400
36576,Application-42,M_Req,missing_destination,67,Application-42-Service,EndDevice-42,Application-42-Service,95400
36602,Application-41,M_Req,missing_destination,66,Application-41-Service,EndDevice-41,Application-41-Service,95500
36605,Application-43,M_Req,missing_destination,68,Application-43-Service,EndDevice-43,Application-43-Service,95500
36624,Application-42,M_Req,missing_destination,67,Application-42-Service,EndDevice-42,Application-42-Service,95500
36628,Application-11,M_Req,missing_destination,36,Application-11-Service,EndDevice-11,Application-11-Service,95600
36631,Application-27,M_Req,missing_destination,52,Application-27-Service,EndDevice-27,Application-27-Service,95600
36634,Application-19,M_Req,missing_destination,44,Application-19-Service,EndDevice-19,Application-19-Service,95600
36641,Application-18,M_Req,missing_destination,43,Application-18-Service,EndDevice-18,Application-18-Service,95600
36645,Application-41,M_Req,missing_destination,66,Application-41-Service,EndDevice-41,Application-41-Service,95600
36648,Application-43,M_Req,missing_destination,68,Application-43-Service,EndDevice-43,Application-43-Service,95600
36653,Application-2,M_Req,missing_destination,27,Application-2-Service,EndDevice-2,Application-2-Service,95600
36657,Application-20,M_Req,missing_destination,45,Application-20-Service,EndDevice-20,Application-20-Service,95700
36659,Application-17,M_Req,missing_destination,42,Application-17-Service,EndDevice-17,Application-17-Service,95700
36676,Application-11,M_Req,missing_destination,36,Application-11-Service,EndDevice-11,Application-11-Service,95700
36679,Application-27,M_Req,missing_destination,52,Application-27-Service,EndDevice-27,Application-27-Service,95700
36682,Application-19,M_Req,missing_destination,44,Application-19-Service,EndDevice-19,Application-19-Service,95700
36689,Application-18,M_Req,missing_destination,43,Application-18-Service,EndDevice-18,Application-18-Service,95700
36693,Application-41,M_Req,missing_destination,66,Application-41-Service,EndDevice-41,Application-41-Service,95700
36696,Application-43,M_Req,missing_destination,68,Application-43-Service,EndDevice-43,Application-43-Service,95700
36701,Application-2,M_Req,missing_destination,27,Application-2-Service,EndDevice-2,Application-2-Service,95700
36719,Application-11,M_Req,missing_destination,36,Application-11-Service,EndDevice-11,Application-11-Service,95800
36730,Application-18,M_Req,missing_destination,43,Application-18-Service,EndDevice-18,Application-18-Service,95900
36732,Application-41,M_Req,missing_destination,66,Application-41-Service,EndDevice-41,Application-41-Service,95900
36734,Application-30,M_Req,missing_destination,55,Application-30-Service,EndDevice-30,Application-30-Service,95900
36736,Application-32,M_Req,missing_destination,57,Application-32-Service,EndDevice-32,Application-32-Service,95900
36739,Application-47,M_Req,missing_destination,72,Application-47-Service,EndDevice-47,Application-47-Service,95900
36745,Application-31,M_Req,missing_destination,56,Application-31-Service,EndDevice-31,Application-31-Service,95900
36750,Application-39,M_Req,missing_destination,64,Application-39-Service,EndDevice-39,Application-39-Service,95900
36755,Application-37,M_Req,missing_destination,62,Application-37-Service,EndDevice-37,Application-37-Service,95900
36760,Application-12,M_Req,missing_destination,37,Application-12-Service,EndDevice-12,Application-12-Service,95900
36767,Application-11,M_Req,missing_destination,36,Application-11-Service,EndDevice-11,Application-11-Service,95900
36769,Application-29,M_Req,missing_destination,54,Application-29-Service,EndDevice-29,Application-29-Service,95900
36771,Application-40,M_Req,missing_destination,65,Application-40-Service,EndDevice-40,Application-40-Service,95900
36773,Application-28,M_Req,missing_destination,53,Application-28-Service,EndDevice-28,Application-28-Service,95900
36777,Application-38,M_Req,missing_destination,63,Application-38-Service,EndDevice-38,Application-38-Service,95900
36778,Application-18,M_Req,missing_destination,43,Application-18-Service,EndDevice-18,Application-18-Service,96000
36780,Application-41,M_Req,missing_destination,66,Application-41-Service,EndDevice-41,Application-41-Service,96000
36782,Application-30,M_Req,missing_destination,55,Application-30-Service,EndDevice-30,Application-30-Service,96000
36783,Application-32,M_Req,missing_destination,57,Application-32-Service,EndDevice-32,Application-32-Service,96000
36786,Application-47,M_Req,missing_destination,72,Application-47-Service,EndDevice-47,Application-47-Service,96000
36791,Application-31,M_Req,missing_destination,56,Application-31-Service,EndDevice-31,Application-31-Service,96000
36796,Application-39,M_Req,missing_destination,64,Application-39-Service,EndDevice-39,Application-39-Service,96000
36800,Application-37,M_Req,missing_destination,62,Application-37-Service,EndDevice-37,Application-37-Service,96000
36826,Application-18,M_Req,missing_destination,43,Application-18-Service,EndDevice-18,Application-18-Service,96100
36828,Application-41,M_Req,missing_destination,66,Application-41-Service,EndDevice-41,Application-41-Service,96100
36844,Application-39,M_Req,missing_destination,64,Application-39-Service,EndDevice-39,Application-39-Service,96100
36848,Application-37,M_Req,missing_destination,62,Application-37-Service,EndDevice-37,Application-37-Service,96100
36859,Application-40,M_Req,missing_destination,65,Application-40-Service,EndDevice-40,Application-40-Service,96200
36861,Application-8,M_Req,missing_destination,33,Application-8-Service,EndDevice-8,Application-8-Service,96200
36862,Application-5,M_Req,missing_destination,30,Application-5-Service,EndDevice-5,Application-5-Service,96200
36870,Application-4,M_Req,missing_destination,29,Application-4-Service,EndDevice-4,Application-4-Service,96200
36873,Application-41,M_Req,missing_destination,66,Application-41-Service,EndDevice-41,Application-41-Service,96200
36878,Application-2,M_Req,missing_destination,27,Application-2-Service,EndDevice-2,Application-2-Service,96200
36883,Application-7,M_Req,missing_destination,32,Application-7-Service,EndDevice-7,Application-7-Service,96200
36887,Application-6,M_Req,missing_destination,31,Application-6-Service,EndDevice-6,Application-6-Service,96300
36890,Application-3,M_Req,missing_destination,28,Application-3-Service,EndDevice-3,Application-3-Service,96300
36891,Application-1,M_Req,missing_destination,26,Application-1-Service,EndDevice-1,Application-1-Service,96300
36893,Application-10,M_Req,missing_destination,35,Application-10-Service,EndDevice-10,Application-10-Service,96300
36907,Application-40,M_Req,missing_destination,65,Application-40-Service,EndDevice-40,Application-40-Service,96300
36909,Application-8,M_Req,missing_destination,33,Application-8-Service,EndDevice-8,Application-8-Service,96300
36910,Application-5,M_Req,missing_destination,30,Application-5-Service,EndDevice-5,Application-5-Service,96300
36918,Application-4,M_Req,missing_destination,29,Application-4-Service,EndDevice-4,Application-4-Service,96300
36921,Application-41,M_Req,missing_destination,66,Application-41-Service,EndDevice-41,Application-41-Service,96300
36926,Application-2,M_Req,missing_destination,27,Application-2-Service,EndDevice-2,Application-2-Service,96300
36931,Application-7,M_Req,missing_destination,32,Application-7-Service,EndDevice-7,Application-7-Service,96300
36936,Application-3,M_Req,missing_destination,28,Application-3-Service,EndDevice-3,Application-3-Service,96400
36937,Application-1,M_Req,missing_destination,26,Application-1-Service,EndDevice-1,Application-1-Service,96400
36939,Application-10,M_Req,missing_destination,35,Application-10-Service,EndDevice-10,Application-10-Service,96400
36960,Application-4,M_Req,missing_destination,29,Application-4-Service,EndDevice-4,Application-4-Service,96400
36971,Application-25,M_Req,missing_destination,50,Application-25-Service,EndDevice-25,Application-25-Service,96500
36975,Application-39,M_Req,missing_destination,64,Application-39-Service,EndDevice-39,Application-39-Service,96500
36984,Application-3,M_Req,missing_destination,28,Application-3-Service,EndDevice-3,Application-3-Service,96500
36985,Application-1,M_Req,missing_destination,26,Application-1-Service,EndDevice-1,Application-1-Service,96500
36986,Application-26,M_Req,missing_destination,51,Application-26-Service,EndDevice-26,Application-26-Service,96500
36987,Application-10,M_Req,missing_destination,35,Application-10-Service,EndDevice-10,Application-10-Service,96500
36997,Application-27,M_Req,missing_destination,52,Application-27-Service,EndDevice-27,Application-27-Service,96500
37002,Application-38,M_Req,missing_destination,63,Application-38-Service,EndDevice-38,Application-38-Service,96500
37005,Application-28,M_Req,missing_destination,53,Application-28-Service,EndDevice-28,Application-28-Service,96500
37008,Application-4,M_Req,missing_destination,29,Application-4-Service,EndDevice-4,Application-4-Service,96500
37017,Application-25,M_Req,missing_destination,50,Application-25-Service,EndDevice-25,Application-25-Service,96600
37029,Application-3,M_Req,missing_destination,28,Application-3-Service,EndDevice-3,Application-3-Service,96600
37030,Application-1,M_Req,missing_destination,26,Application-1-Service,EndDevice-1,Application-1-Service,96600
37031,Application-10,M_Req,missing_destination,35,Application-10-Service,EndDevice-10,Application-10-Service,96600
37065,Application-25,M_Req,missing_destination,50,Application-25-Service,EndDevice-25,Application-25-Service,96700
37088,Application-27,M_Req,missing_destination,52,Application-27-Service,EndDevice-27,Application-27-Service,96800
37090,Application-20,M_Req,missing_destination,45,Application-20-Service,EndDevice-20,Application-20-Service,96800
37091,Application-15,M_Req,missing_destination,40,Application-15-Service,EndDevice-15,Application-15-Service,96800
37096,Application-40,M_Req,missing_destination,65,Application-40-Service,EndDevice-40,Application-40-Service,96800
37104,Application-13,M_Req,missing_destination,38,Application-13-Service,EndDevice-13,Application-13-Service,96800
37108,Application-16,M_Req,missing_destination,41,Application-16-Service,EndDevice-16,Application-16-Service,96800
37112,Application-17,M_Req,missing_destination,42,Application-17-Service,EndDevice-17,Application-17-Service,96900
37121,Application-18,M_Req,missing_destination,43,Application-18-Service,EndDevice-18,Application-18-Service,96900
37123,Application-14,M_Req,missing_destination,39,Application-14-Service,EndDevice-14,Application-14-Service,96900
37136,Application-27,M_Req,missing_destination,52,Application-27-Service,EndDevice-27,Application-27-Service,96900
37138,Application-20,M_Req,missing_destination,45,Application-20-Service,EndDevice-20,Application-20-Service,96900
37139,Application-15,M_Req,missing_destination,40,Application-15-Service,EndDevice-15,Application-15-Service,96900
37144,Application-40,M_Req,missing_destination,65,Application-40-Service,EndDevice-40,Application-40-Service,96900
37152,Application-13,M_Req,missing_destination,38,Application-13-Service,EndDevice-13,Application-13-Service,96900
37156,Application-16,M_Req,missing_destination,41,Application-16-Service,EndDevice-16,Application-16-Service,96900
37167,Application-18,M_Req,missing_destination,43,Application-18-Service,EndDevice-18,Application-18-Service,97000
37180,Application-20,M_Req,missing_destination,45,Application-20-Service,EndDevice-20,Application-20-Service,97000
37189,Application-46,M_Req,missing_destination,71,Application-46-Service,EndDevice-46,Application-46-Service,97100
37190,Application-47,M_Req,missing_destination,72,Application-47-Service,EndDevice-47,Application-47-Service,97100
37196,Application-45,M_Req,missing_destination,70,Application-45-Service,EndDevice-45,Application-45-Service,97100
37200,Application-4,M_Req,missing_destination,29,Application-4-Service,EndDevice-4,Application-4-Service,97100
37201,Application-2,M_Req,missing_destination,27,Application-2-Service,EndDevice-2,Application-2-Service,97100
37208,Application-37,M_Req,missing_destination,62,Application-37-Service,EndDevice-37,Application-37-Service,97100
37210,Application-3,M_Req,missing_destination,28,Application-3-Service,EndDevice-3,Application-3-Service,97100
37211,Application-1,M_Req,missing_destination,26,Application-1-Service,EndDevice-1,Application-1-Service,97100
37215,Application-18,M_Req,missing_destination,43,Application-18-Service,EndDevice-18,Application-18-Service,97100
37218,Application-48,M_Req,missing_destination,73,Application-48-Service,EndDevice-48,Application-48-Service,97100
37228,Application-20,M_Req,missing_destination,45,Application-20-Service,EndDevice-20,Application-20-Service,97100
37237,Application-46,M_Req,missing_destination,71,Application-46-Service,EndDevice-46,Application-46-Service,97200
37242,Application-45,M_Req,missing_destination,70,Application-45-Service,EndDevice-45,Application-45-Service,97200
37246,Application-4,M_Req,missing_destination,29,Application-4-Service,EndDevice-4,Application-4-Service,97200
37247,Application-2,M_Req,missing_destination,27,Application-2-Service,EndDevice-2,Application-2-Service,97200
37252,Application-37,M_Req,missing_destination,62,Application-37-Service,EndDevice-37,Application-37-Service,97200
37254,Application-1,M_Req,missing_destination,26,Application-1-Service,EndDevice-1,Application-1-Service,97200
37260,Application-48,M_Req,missing_destination,73,Application-48-Service,EndDevice-48,Application-48-Service,97200
37294,Application-4,M_Req,missing_destination,29,Application-4-Service,EndDevice-4,Application-4-Service,97300
37295,Application-2,M_Req,missing_destination,27,Application-2-Service,EndDevice-2,Application-2-Service,97300
37302,Application-1,M_Req,missing_destination,26,Application-1-Service,EndDevice-1,Application-1-Service,97300
37313,Application-11,M_Req,missing_destination,36,Application-11-Service,EndDevice-11,Application-11-Service,97400
37314,Application-38,M_Req,missing_destination,63,Application-38-Service,EndDevice-38,Application-38-Service,97400
37315,Application-20,M_Req,missing_destination,45,Application-20-Service,EndDevice-20,Application-20-Service,97400
37319,Application-40,M_Req,missing_destination,65,Application-40-Service,EndDevice-40,Application-40-Service,97400
37327,Application-3,M_Req,missing_destination,28,Application-3-Service,EndDevice-3,Application-3-Service,97400
37330,Application-41,M_Req,missing_destination,66,Application-41-Service,EndDevice-41,Application-41-Service,97400
37332,Application-9,M_Req,missing_destination,34,Application-9-Service,EndDevice-9,Application-9-Service,97400
37336,Application-42,M_Req,missing_destination,67,Application-42-Service,EndDevice-42,Application-42-Service,97400
37337,Application-17,M_Req,missing_destination,42,Application-17-Service,EndDevice-17,Application-17-Service,97400
37338,Application-2,M_Req,missing_destination,27,Application-2-Service,EndDevice-2,Application-2-Service,97400
37343,Application-1,M_Req,missing_destination,26,Application-1-Service,EndDevice-1,Application-1-Service,97500
37345,Application-12,M_Req,missing_destination,37,Application-12-Service,EndDevice-12,Application-12-Service,97500
37346,Application-44,M_Req,missing_destination,69,Application-44-Service,EndDevice-44,Application-44-Service,97500
37349,Application-43,M_Req,missing_destination,68,Application-43-Service,EndDevice-43,Application-43-Service,97500
37350,Application-19,M_Req,missing_destination,44,Application-19-Service,EndDevice-19,Application-19-Service,97500
37361,Application-11,M_Req,missing_destination,36,Application-11-Service,EndDevice-11,Application-11-Service,97500
37362,Application-38,M_Req,missing_destination,63,Application-38-Service,EndDevice-38,Application-38-Service,97500
37363,Application-20,M_Req,missing_destination,45,Application-20-Service,EndDevice-20,Application-20-Service,97500
37367,Application-40,M_Req,missing_destination,65,Application-40-Service,EndDevice-40,Application-40-Service,97500
37375,Application-3,M_Req,missing_destination,28,Application-3-Service,EndDevice-3,Application-3-Service,97500
37378,Application-41,M_Req,missing_destination,66,Application-41-Service,EndDevice-41,Application-41-Service,97500
37380,Application-9,M_Req,missing_destination,34,Application-9-Service,EndDevice-9,Application-9-Service,97500
37384,Application-42,M_Req,missing_destination,67,Application-42-Service,EndDevice-42,Application-42-Service,97500
37385,Application-17,M_Req,missing_destination,42,Application-17-Service,EndDevice-17,Application-17-Service,97500
37386,Application-2,M_Req,missing_destination,27,Application-2-Service,EndDevice-2,Application-2-Service,97500
37417,Application-23,M_Req,missing_destination,48,Application-23-Service,EndDevice-23,Application-23-Service,97700
37418,Application-41,M_Req,missing_destination,66,Application-41-Service,EndDevice-41,Application-41-Service,97700
37422,Application-21,M_Req,missing_destination,46,Application-21-Service,EndDevice-21,Application-21-Service,97700
37427,Application-6,M_Req,missing_destination,31,Application-6-Service,EndDevice-6,Application-6-Service,97700
37434,Application-3,M_Req,missing_destination,28,Application-3-Service,EndDevice-3,Application-3-Service,97700
37438,Application-22,M_Req,missing_destination,47,Application-22-Service,EndDevice-22,Application-22-Service,97700
37448,Application-24,M_Req,missing_destination,49,Application-24-Service,EndDevice-24,Application-24-Service,97700
37449,Application-8,M_Req,missing_destination,33,Application-8-Service,EndDevice-8,Application-8-Service,97700
37459,Application-7,M_Req,missing_destination,32,Application-7-Service,EndDevice-7,Application-7-Service,97700
37463,Application-5,M_Req,missing_destination,30,Application-5-Service,EndDevice-5,Application-5-Service,97700
37465,Application-23,M_Req,missing_destination,48,Application-23-Service,EndDevice-23,Application-23-Service,97800
37466,Application-41,M_Req,missing_destination,66,Application-41-Service,EndDevice-41,Application-41-Service,97800
37469,Application-21,M_Req,missing_destination,46,Application-21-Service,EndDevice-21,Application-21-Service,97800
37474,Application-6,M_Req,missing_destination,31,Application-6-Service,EndDevice-6,Application-6-Service,97800
37480,Application-3,M_Req,missing_destination,28,Application-3-Service,EndDevice-3,Application-3-Service,97800
37483,Application-22,M_Req,missing_destination,47,Application-22-Service,EndDevice-22,Application-22-Service,97800
37491,Application-24,M_Req,missing_destination,49,Application-24-Service,EndDevice-24,Application-24-Service,97800
37492,Application-8,M_Req,missing_destination,33,Application-8-Service,EndDevice-8,Application-8-Service,97800
37514,Application-41,M_Req,missing_destination,66,Application-41-Service,EndDevice-41,Application-41-Service,97900
37522,Application-6,M_Req,missing_destination,31,Application-6-Service,EndDevice-6,Application-6-Service,97900
37528,Application-3,M_Req,missing_destination,28,Application-3-Service,EndDevice-3,Application-3-Service,97900
37540,Application-8,M_Req,missing_destination,33,Application-8-Service,EndDevice-8,Application-8-Service,97900
37548,Application-26,M_Req,missing_destination,51,Application-26-Service,EndDevice-26,Application-26-Service,98000
37551,Application-27,M_Req,missing_destination,52,Application-27-Service,EndDevice-27,Application-27-Service,98000
37555,Application-25,M_Req,missing_destination,50,Application-25-Service,EndDevice-25,Application-25-Service,98000
37557,Application-44,M_Req,missing_destination,69,Application-44-Service,EndDevice-44,Application-44-Service,98000
37560,Application-41,M_Req,missing_destination,66,Application-41-Service,EndDevice-41,Application-41-Service,98000
37561,Application-9,M_Req,missing_destination,34,Application-9-Service,EndDevice-9,Application-9-Service,98000
37567,Application-28,M_Req,missing_destination,53,Application-28-Service,EndDevice-28,Application-28-Service,98000
37572,Application-3,M_Req,missing_destination,28,Application-3-Service,EndDevice-3,Application-3-Service,98000
37575,Application-1,M_Req,missing_destination,26,Application-1-Service,EndDevice-1,Application-1-Service,98100
37577,Application-43,M_Req,missing_destination,68,Application-43-Service,EndDevice-43,Application-43-Service,98100
37596,Application-26,M_Req,missing_destination,51,Application-26-Service,EndDevice-26,Application-26-Service,98100
37599,Application-27,M_Req,missing_destination,52,Application-27-Service,EndDevice-27,Application-27-Service,98100
37603,Application-25,M_Req,missing_destination,50,Application-25-Service,EndDevice-25,Application-25-Service,98100
37605,Application-44,M_Req,missing_destination,69,Application-44-Service,EndDevice-44,Application-44-Service,98100
37608,Application-41,M_Req,missing_destination,66,Application-41-Service,EndDevice-41,Application-41-Service,98100
37609,Application-9,M_Req,missing_destination,34,Application-9-Service,EndDevice-9,Application-9-Service,98100
37615,Application-28,M_Req,missing_destination,53,Application-28-Service,EndDevice-28,Application-28-Service,98100
37620,Application-3,M_Req,missing_destination,28,Application-3-Service,EndDevice-3,Application-3-Service,98100
37640,Application-26,M_Req,missing_destination,51,Application-26-Service,EndDevice-26,Application-26-Service,98200
37645,Application-25,M_Req,missing_destination,50,Application-25-Service,EndDevice-25,Application-25-Service,98200
37653,Application-17,M_Req,missing_destination,42,Application-17-Service,EndDevice-17,Application-17-Service,98300
37655,Application-20,M_Req,missing_destination,45,Application-20-Service,EndDevice-20,Application-20-Service,98300
37658,Application-18,M_Req,missing_destination,43,Application-18-Service,EndDevice-18,Application-18-Service,98300
37665,Application-41,M_Req,missing_destination,66,Application-41-Service,EndDevice-41,Application-41-Service,98300
37668,Application-19,M_Req,missing_destination,44,Application-19-Service,EndDevice-19,Application-19-Service,98300
37669,Application-42,M_Req,missing_destination,67,Application-42-Service,EndDevice-42,Application-42-Service,98300
37671,Application-1,M_Req,missing_destination,26,Application-1-Service,EndDevice-1,Application-1-Service,98300
37673,Application-43,M_Req,missing_destination,68,Application-43-Service,EndDevice-43,Application-43-Service,98300
37688,Application-26,M_Req,missing_destination,51,Application-26-Service,EndDevice-26,Application-26-Service,98300
37693,Application-25,M_Req,missing_destination,50,Application-25-Service,EndDevice-25,Application-25-Service,98300
37694,Application-44,M_Req,missing_destination,69,Application-44-Service,EndDevice-44,Application-44-Service,98300
37699,Application-17,M_Req,missing_destination,42,Application-17-Service,EndDevice-17,Application-17-Service,98400
37701,Application-20,M_Req,missing_destination,45,Application-20-Service,EndDevice-20,Application-20-Service,98400
37704,Application-18,M_Req,missing_destination,43,Application-18-Service,EndDevice-18,Application-18-Service,98400
37709,Application-41,M_Req,missing_destination,66,Application-41-Service,EndDevice-41,Application-41-Service,98400
37710,Application-19,M_Req,missing_destination,44,Application-19-Service,EndDevice-19,Application-19-Service,98400
37711,Application-42,M_Req,missing_destination,67,Application-42-Service,EndDevice-42,Application-42-Service,98400
37713,Application-1,M_Req,missing_destination,26,Application-1-Service,EndDevice-1,Application-1-Service,98400
37715,Application-43,M_Req,missing_destination,68,Application-43-Service,EndDevice-43,Application-43-Service,98400
37747,Application-17,M_Req,missing_destination,42,Application-17-Service,EndDevice-17,Application-17-Service,98500
37749,Application-20,M_Req,missing_destination,45,Application-20-Service,EndDevice-20,Application-20-Service,98500
37752,Application-18,M_Req,missing_destination,43,Application-18-Service,EndDevice-18,Application-18-Service,98500
37758,Application-19,M_Req,missing_destination,44,Application-19-Service,EndDevice-19,Application-19-Service,98500
37777,Application-32,M_Req,missing_destination,57,Application-32-Service,EndDevice-32,Application-32-Service,98600
37779,Application-25,M_Req,missing_destination,50,Application-25-Service,EndDevice-25,Application-25-Service,98600
37782,Application-31,M_Req,missing_destination,56,Application-31-Service,EndDevice-31,Application-31-Service,98600
37786,Application-3,M_Req,missing_destination,28,Application-3-Service,EndDevice-3,Application-3-Service,98600
37790,Application-17,M_Req,missing_destination,42,Application-17-Service,EndDevice-17,Application-17-Service,98600
37791,Application-28,M_Req,missing_destination,53,Application-28-Service,EndDevice-28,Application-28-Service,98600
37792,Application-20,M_Req,missing_destination,45,Application-20-Service,EndDevice-20,Application-20-Service,98600
37795,Application-18,M_Req,missing_destination,43,Application-18-Service,EndDevice-18,Application-18-Service,98600
37798,Application-2,M_Req,missing_destination,27,Application-2-Service,EndDevice-2,Application-2-Service,98600
37799,Application-27,M_Req,missing_destination,52,Application-27-Service,EndDevice-27,Application-27-Service,98600
37801,Application-19,M_Req,missing_destination,44,Application-19-Service,EndDevice-19,Application-19-Service,98600
37804,Application-1,M_Req,missing_destination,26,Application-1-Service,EndDevice-1,Application-1-Service,98700
37810,Application-29,M_Req,missing_destination,54,Application-29-Service,EndDevice-29,Application-29-Service,98700
37825,Application-32,M_Req,missing_destination,57,Application-32-Service,EndDevice-32,Application-32-Service,98700
37827,Application-25,M_Req,missing_destination,50,Application-25-Service,EndDevice-25,Application-25-Service,98700
37830,Application-31,M_Req,missing_destination,56,Application-31-Service,EndDevice-31,Application-31-Service,98700
37834,Application-3,M_Req,missing_destination,28,Application-3-Service,EndDevice-3,Application-3-Service,98700
37838,Application-17,M_Req,missing_destination,42,Application-17-Service,EndDevice-17,Application-17-Service,98700
37839,Application-28,M_Req,missing_destination,53,Application-28-Service,EndDevice-28,Application-28-Service,98700
37840,Application-20,M_Req,missing_destination,45,Application-20-Service,EndDevice-20,Application-20-Service,98700
37843,Application-18,M_Req,missing_destination,43,Application-18-Service,EndDevice-18,Application-18-Service,98700
37846,Application-2,M_Req,missing_destination,27,Application-2-Service,EndDevice-2,Application-2-Service,98700
37847,Application-27,M_Req,missing_destination,52,Application-27-Service,EndDevice-27,Application-27-Service,98700
37849,Application-19,M_Req,missing_destination,44,Application-19-Service,EndDevice-19,Application-19-Service,98700
37875,Application-23,M_Req,missing_destination,48,Application-23-Service,EndDevice-23,Application-23-Service,98900
37877,Application-35,M_Req,missing_destination,60,Application-35-Service,EndDevice-35,Application-35-Service,98900
37878,Application-17,M_Req,missing_destination,42,Application-17-Service,EndDevice-17,Application-17-Service,98900
37882,Application-36,M_Req,missing_destination,61,Application-36-Service,EndDevice-36,Application-36-Service,98900
37894,Application-22,M_Req,missing_destination,47,Application-22-Service,EndDevice-22,Application-22-Service,98900
37906,Application-30,M_Req,missing_destination,55,Application-30-Service,EndDevice-30,Application-30-Service,98900
37911,Application-34,M_Req,missing_destination,59,Application-34-Service,EndDevice-34,Application-34-Service,98900
37915,Application-33,M_Req,missing_destination,58,Application-33-Service,EndDevice-33,Application-33-Service,98900
37917,Application-26,M_Req,missing_destination,51,Application-26-Service,EndDevice-26,Application-26-Service,98900
37919,Application-21,M_Req,missing_destination,46,Application-21-Service,EndDevice-21,Application-21-Service,98900
37920,Application-24,M_Req,missing_destination,49,Application-24-Service,EndDevice-24,Application-24-Service,98900
37924,Application-35,M_Req,missing_destination,60,Application-35-Service,EndDevice-35,Application-35-Service,99000
37925,Application-17,M_Req,missing_destination,42,Application-17-Service,EndDevice-17,Application-17-Service,99000
37927,Application-36,M_Req,missing_destination,61,Application-36-Service,EndDevice-36,Application-36-Service,99000
37937,Application-22,M_Req,missing_destination,47,Application-22-Service,EndDevice-22,Application-22-Service,99000
37952,Application-34,M_Req,missing_destination,59,Application-34-Service,EndDevice-34,Application-34-Service,99000
37972,Application-35,M_Req,missing_destination,60,Application-35-Service,EndDevice-35,Application-35-Service,99100
37973,Application-17,M_Req,missing_destination,42,Application-17-Service,EndDevice-17,Application-17-Service,99100
37975,Application-36,M_Req,missing_destination,61,Application-36-Service,EndDevice-36,Application-36-Service,99100
38000,Application-34,M_Req,missing_destination,59,Application-34-Service,EndDevice-34,Application-34-Service,99100
38003,Application-26,M_Req,missing_destination,51,Application-26-Service,EndDevice-26,Application-26-Service,99200
38005,Application-21,M_Req,missing_destination,46,Application-21-Service,EndDevice-21,Application-21-Service,99200
38011,Application-4,M_Req,missing_destination,29,Application-4-Service,EndDevice-4,Application-4-Service,99200
38012,Application-20,M_Req,missing_destination,45,Application-20-Service,EndDevice-20,Application-20-Service,99200
38016,Application-13,M_Req,missing_destination,38,Application-13-Service,EndDevice-13,Application-13-Service,99200
38017,Application-35,M_Req,missing_destination,60,Application-35-Service,EndDevice-35,Application-35-Service,99200
38018,Application-17,M_Req,missing_destination,42,Application-17-Service,EndDevice-17,Application-17-Service,99200
38020,Application-36,M_Req,missing_destination,61,Application-36-Service,EndDevice-36,Application-36-Service,99200
38022,Application-14,M_Req,missing_destination,39,Application-14-Service,EndDevice-14,Application-14-Service,99200
38026,Application-3,M_Req,missing_destination,28,Application-3-Service,EndDevice-3,Application-3-Service,99200
38027,Application-16,M_Req,missing_destination,41,Application-16-Service,EndDevice-16,Application-16-Service,99200
38030,Application-1,M_Req,missing_destination,26,Application-1-Service,EndDevice-1,Application-1-Service,99300
38038,Application-15,M_Req,missing_destination,40,Application-15-Service,EndDevice-15,Application-15-Service,99300
38039,Application-34,M_Req,missing_destination,59,Application-34-Service,EndDevice-34,Application-34-Service,99300
38051,Application-26,M_Req,missing_destination,51,Application-26-Service,EndDevice-26,Application-26-Service,99300
38053,Application-21,M_Req,missing_destination,46,Application-21-Service,EndDevice-21,Application-21-Service,99300
38059,Application-4,M_Req,missing_destination,29,Application-4-Service,EndDevice-4,Application-4-Service,99300
38060,Application-20,M_Req,missing_destination,45,Application-20-Service,EndDevice-20,Application-20-Service,99300
38064,Application-13,M_Req,missing_destination,38,Application-13-Service,EndDevice-13,Application-13-Service,99300
38065,Application-35,M_Req,missing_destination,60,Application-35-Service,EndDevice-35,Application-35-Service,99300
38066,Application-17,M_Req,missing_destination,42,Application-17-Service,EndDevice-17,Application-17-Service,99300
38068,Application-36,M_Req,missing_destination,61,Application-36-Service,EndDevice-36,Application-36-Service,99300
38070,Application-14,M_Req,missing_destination,39,Application-14-Service,EndDevice-14,Application-14-Service,99300
38074,Application-3,M_Req,missing_destination,28,Application-3-Service,EndDevice-3,Application-3-Service,99300
38075,Application-16,M_Req,missing_destination,41,Application-16-Service,EndDevice-16,Application-16-Service,99300
38084,Application-15,M_Req,missing_destination,40,Application-15-Service,EndDevice-15,Application-15-Service,99400
38085,Application-34,M_Req,missing_destination,59,Application-34-Service,EndDevice-34,Application-34-Service,99400
38105,Application-35,M_Req,missing_destination,60,Application-35-Service,EndDevice-35,Application-35-Service,99500
38106,Application-17,M_Req,missing_destination,42,Application-17-Service,EndDevice-17,Application-17-Service,99500
38108,Application-36,M_Req,missing_destination,61,Application-36-Service,EndDevice-36,Application-36-Service,99500
38109,Application-18,M_Req,missing_destination,43,Application-18-Service,EndDevice-18,Application-18-Service,99500
38127,Application-12,M_Req,missing_destination,37,Application-12-Service,EndDevice-12,Application-12-Service,99500
38128,Application-29,M_Req,missing_destination,54,Application-29-Service,EndDevice-29,Application-29-Service,99500
38132,Application-15,M_Req,missing_destination,40,Application-15-Service,EndDevice-15,Application-15-Service,99500
38133,Application-34,M_Req,missing_destination,59,Application-34-Service,EndDevice-34,Application-34-Service,99500
38136,Application-10,M_Req,missing_destination,35,Application-10-Service,EndDevice-10,Application-10-Service,99500
38138,Application-31,M_Req,missing_destination,56,Application-31-Service,EndDevice-31,Application-31-Service,99500
38141,Application-33,M_Req,missing_destination,58,Application-33-Service,EndDevice-33,Application-33-Service,99500
38142,Application-32,M_Req,missing_destination,57,Application-32-Service,EndDevice-32,Application-32-Service,99500
38144,Application-9,M_Req,missing_destination,34,Application-9-Service,EndDevice-9,Application-9-Service,99500
38146,Application-11,M_Req,missing_destination,36,Application-11-Service,EndDevice-11,Application-11-Service,99500
38147,Application-28,M_Req,missing_destination,53,Application-28-Service,EndDevice-28,Application-28-Service,99500
38149,Application-30,M_Req,missing_destination,55,Application-30-Service,EndDevice-30,Application-30-Service,99500
38153,Application-35,M_Req,missing_destination,60,Application-35-Service,EndDevice-35,Application-35-Service,99600
38154,Application-17,M_Req,missing_destination,42,Application-17-Service,EndDevice-17,Application-17-Service,99600
38156,Application-36,M_Req,missing_destination,61,Application-36-Service,EndDevice-36,Application-36-Service,99600
38169,Application-12,M_Req,missing_destination,37,Application-12-Service,EndDevice-12,Application-12-Service,99600
38170,Application-29,M_Req,missing_destination,54,Application-29-Service,EndDevice-29,Application-29-Service,99600
38174,Application-15,M_Req,missing_destination,40,Application-15-Service,EndDevice-15,Application-15-Service,99600
38175,Application-34,M_Req,missing_destination,59,Application-34-Service,EndDevice-34,Application-34-Service,99600
38178,Application-10,M_Req,missing_destination,35,Application-10-Service,EndDevice-10,Application-10-Service,99600
38222,Application-15,M_Req,missing_destination,40,Application-15-Service,EndDevice-15,Application-15-Service,99700
38223,Application-34,M_Req,missing_destination,59,Application-34-Service,EndDevice-34,Application-34-Service,99700
38235,Application-28,M_Req,missing_destination,53,Application-28-Service,EndDevice-28,Application-28-Service,99800
38242,Application-25,M_Req,missing_destination,50,Application-25-Service,EndDevice-25,Application-25-Service,99800
38252,Application-27,M_Req,missing_destination,52,Application-27-Service,EndDevice-27,Application-27-Service,99800
38259,Application-26,M_Req,missing_destination,51,Application-26-Service,EndDevice-26,Application-26-Service,99800
38260,Application-12,M_Req,missing_destination,37,Application-12-Service,EndDevice-12,Application-12-Service,99900
38267,Application-10,M_Req,missing_destination,35,Application-10-Service,EndDevice-10,Application-10-Service,99900
38283,Application-28,M_Req,missing_destination,53,Application-28-Service,EndDevice-28,Application-28-Service,99900
38290,Application-25,M_Req,missing_destination,50,Application-25-Service,EndDevice-25,Application-25-Service,99900
38300,Application-27,M_Req,missing_destination,52,Application-27-Service,EndDevice-27,Application-27-Service,99900
38307,Application-26,M_Req,missing_destination,51,Application-26-Service,EndDevice-26,Application-26-Service,99900
