id,app,message,reason,TOPO.src,TOPO.dst,TOPO.srcLabel,TOPO.dstLabel,ctime
286,Application-9,M_Req,missing_destination,34,Application-9-Service,EndDevice-9,Application-9-Service,800
306,Application-33,M_Req,missing_destination,58,Application-33-Service,EndDevice-33,Application-33-Service,800
311,Application-10,M_Req,missing_destination,35,Application-10-Service,EndDevice-10,Application-10-Service,800
315,Application-36,M_Req,missing_destination,61,Application-36-Service,EndDevice-36,Application-36-Service,800
318,Application-12,M_Req,missing_destination,37,Application-12-Service,EndDevice-12,Application-12-Service,900
322,Application-35,M_Req,missing_destination,60,Application-35-Service,EndDevice-35,Application-35-Service,900
334,Application-9,M_Req,missing_destination,34,Application-9-Service,EndDevice-9,Application-9-Service,900
354,Application-33,M_Req,missing_destination,58,Application-33-Service,EndDevice-33,Application-33-Service,900
359,Application-10,M_Req,missing_destination,35,Application-10-Service,EndDevice-10,Application-10-Service,900
363,Application-36,M_Req,missing_destination,61,Application-36-Service,EndDevice-36,Application-36-Service,900
368,Application-35,M_Req,missing_destination,60,Application-35-Service,EndDevice-35,Application-35-Service,1000
395,Application-33,M_Req,missing_destination,58,Application-33-Service,EndDevice-33,Application-33-Service,1000
399,Application-10,M_Req,missing_destination,35,Application-10-Service,EndDevice-10,Application-10-Service,1000
401,Application-1,M_Req,missing_destination,26,Application-1-Service,EndDevice-1,Application-1-Service,1100
403,Application-2,M_Req,missing_destination,27,Application-2-Service,EndDevice-2,Application-2-Service,1100
412,Application-27,M_Req,missing_destination,52,Application-27-Service,EndDevice-27,Application-27-Service,1100
416,Application-35,M_Req,missing_destination,60,Application-35-Service,EndDevice-35,Application-35-Service,1100
418,Application-34,M_Req,missing_destination,59,Application-34-Service,EndDevice-34,Application-34-Service,1100
422,Application-11,M_Req,missing_destination,36,Application-11-Service,EndDevice-11,Application-11-Service,1100
423,Application-3,M_Req,missing_destination,28,Application-3-Service,EndDevice-3,Application-3-Service,1100
432,Application-25,M_Req,missing_destination,50,Application-25-Service,EndDevice-25,Application-25-Service,1100
433,Application-26,M_Req,missing_destination,51,Application-26-Service,EndDevice-26,Application-26-Service,1100
434,Application-28,M_Req,missing_destination,53,Application-28-Service,EndDevice-28,Application-28-Service,1100
443,Application-33,M_Req,missing_destination,58,Application-33-Service,EndDevice-33,Application-33-Service,1100
446,Application-4,M_Req,missing_destination,29,Application-4-Service,EndDevice-4,Application-4-Service,1100
447,Application-10,M_Req,missing_destination,35,Application-10-Service,EndDevice-10,Application-10-Service,1100
448,Application-1,M_Req,missing_destination,26,Application-1-Service,EndDevice-1,Application-1-Service,1200
450,Application-2,M_Req,missing_destination,27,Application-2-Service,EndDevice-2,Application-2-Service,1200
456,Application-27,M_Req,missing_destination,52,Application-27-Service,EndDevice-27,Application-27-Service,1200
460,Application-35,M_Req,missing_destination,60,Application-35-Service,EndDevice-35,Application-35-Service,1200
465,Application-11,M_Req,missing_destination,36,Application-11-Service,EndDevice-11,Application-11-Service,1200
466,Application-3,M_Req,missing_destination,28,Application-3-Service,EndDevice-3,Application-3-Service,1200
508,Application-35,M_Req,missing_destination,60,Application-35-Service,EndDevice-35,Application-35-Service,1300
523,Application-43,M_Req,missing_destination,68,Application-43-Service,EndDevice-43,Application-43-Service,1400
524,Application-44,M_Req,missing_destination,69,Application-44-Service,EndDevice-44,Application-44-Service,1400
532,Application-20,M_Req,missing_destination,45,Application-20-Service,EndDevice-20,Application-20-Service,1400
534,Application-34,M_Req,missing_destination,59,Application-34-Service,EndDevice-34,Application-34-Service,1400
536,Application-17,M_Req,missing_destination,42,Application-17-Service,EndDevice-17,Application-17-Service,1400
540,Application-18,M_Req,missing_destination,43,Application-18-Service,EndDevice-18,Application-18-Service,1400
541,Application-41,M_Req,missing_destination,66,Application-41-Service,EndDevice-41,Application-41-Service,1400
542,Application-19,M_Req,missing_destination,44,Application-19-Service,EndDevice-19,Application-19-Service,1400
571,Application-43,M_Req,missing_destination,68,Application-43-Service,EndDevice-43,Application-43-Service,1500
572,Application-44,M_Req,missing_destination,69,Application-44-Service,EndDevice-44,Application-44-Service,1500
580,Application-20,M_Req,missing_destination,45,Application-20-Service,EndDevice-20,Application-20-Service,1500
582,Application-34,M_Req,missing_destination,59,Application-34-Service,EndDevice-34,Application-34-Service,1500
584,Application-17,M_Req,missing_destination,42,Application-17-Service,EndDevice-17,Application-17-Service,1500
588,Application-18,M_Req,missing_destination,43,Application-18-Service,EndDevice-18,Application-18-Service,1500
589,Application-41,M_Req,missing_destination,66,Application-41-Service,EndDevice-41,Application-41-Service,1500
590,Application-19,M_Req,missing_destination,44,Application-19-Service,EndDevice-19,Application-19-Service,1500
623,Application-20,M_Req,missing_destination,45,Application-20-Service,EndDevice-20,Application-20-Service,1600
625,Application-17,M_Req,missing_destination,42,Application-17-Service,EndDevice-17,Application-17-Service,1600
626,Application-36,M_Req,missing_destination,61,Application-36-Service,EndDevice-36,Application-36-Service,1700
645,Application-40,M_Req,missing_destination,65,Application-40-Service,EndDevice-40,Application-40-Service,1700
646,Application-22,M_Req,missing_destination,47,Application-22-Service,EndDevice-22,Application-22-Service,1700
647,Application-38,M_Req,missing_destination,63,Application-38-Service,EndDevice-38,Application-38-Service,1700
648,Application-11,M_Req,missing_destination,36,Application-11-Service,EndDevice-11,Application-11-Service,1700
651,Application-37,M_Req,missing_destination,62,Application-37-Service,EndDevice-37,Application-37-Service,1700
652,Application-23,M_Req,missing_destination,48,Application-23-Service,EndDevice-23,Application-23-Service,1700
661,Application-21,M_Req,missing_destination,46,Application-21-Service,EndDevice-21,Application-21-Service,1700
664,Application-39,M_Req,missing_destination,64,Application-39-Service,EndDevice-39,Application-39-Service,1700
670,Application-24,M_Req,missing_destination,49,Application-24-Service,EndDevice-24,Application-24-Service,1700
671,Application-20,M_Req,missing_destination,45,Application-20-Service,EndDevice-20,Application-20-Service,1700
673,Application-17,M_Req,missing_destination,42,Application-17-Service,EndDevice-17,Application-17-Service,1700
674,Application-36,M_Req,missing_destination,61,Application-36-Service,EndDevice-36,Application-36-Service,1800
692,Application-40,M_Req,missing_destination,65,Application-40-Service,EndDevice-40,Application-40-Service,1800
693,Application-38,M_Req,missing_destination,63,Application-38-Service,EndDevice-38,Application-38-Service,1800
694,Application-11,M_Req,missing_destination,36,Application-11-Service,EndDevice-11,Application-11-Service,1800
695,Application-37,M_Req,missing_destination,62,Application-37-Service,EndDevice-37,Application-37-Service,1800
696,Application-23,M_Req,missing_destination,48,Application-23-Service,EndDevice-23,Application-23-Service,1800
752,Application-30,M_Req,missing_destination,55,Application-30-Service,EndDevice-30,Application-30-Service,2000
757,Application-10,M_Req,missing_destination,35,Application-10-Service,EndDevice-10,Application-10-Service,2000
769,Application-12,M_Req,missing_destination,37,Application-12-Service,EndDevice-12,Application-12-Service,2000
770,Application-18,M_Req,missing_destination,43,Application-18-Service,EndDevice-18,Application-18-Service,2000
780,Application-29,M_Req,missing_destination,54,Application-29-Service,EndDevice-29,Application-29-Service,2100
800,Application-30,M_Req,missing_destination,55,Application-30-Service,EndDevice-30,Application-30-Service,2100
805,Application-10,M_Req,missing_destination,35,Application-10-Service,EndDevice-10,Application-10-Service,2100
817,Application-12,M_Req,missing_destination,37,Application-12-Service,EndDevice-12,Application-12-Service,2100
818,Application-18,M_Req,missing_destination,43,Application-18-Service,EndDevice-18,Application-18-Service,2100
827,Application-29,M_Req,missing_destination,54,Application-29-Service,EndDevice-29,Application-29-Service,2200
844,Application-30,M_Req,missing_destination,55,Application-30-Service,EndDevice-30,Application-30-Service,2200
875,Application-29,M_Req,missing_destination,54,Application-29-Service,EndDevice-29,Application-29-Service,2300
891,Application-28,M_Req,missing_destination,53,Application-28-Service,EndDevice-28,Application-28-Service,2300
892,Application-30,M_Req,missing_destination,55,Application-30-Service,EndDevice-30,Application-30-Service,2300
919,Application-29,M_Req,missing_destination,54,Application-29-Service,EndDevice-29,Application-29-Service,2400
1668,Application-14,M_Req,missing_destination,39,Application-14-Service,EndDevice-14,Application-14-Service,4400
1678,Application-1,M_Req,missing_destination,26,Application-1-Service,EndDevice-1,Application-1-Service,4400
1681,Application-15,M_Req,missing_destination,40,Application-15-Service,EndDevice-15,Application-15-Service,4400
1683,Application-26,M_Req,missing_destination,51,Application-26-Service,EndDevice-26,Application-26-Service,4400
1684,Application-37,M_Req,missing_destination,62,Application-37-Service,EndDevice-37,Application-37-Service,4400
1685,Application-21,M_Req,missing_destination,46,Application-21-Service,EndDevice-21,Application-21-Service,4400
1689,Application-16,M_Req,missing_destination,41,Application-16-Service,EndDevice-16,Application-16-Service,4400
1690,Application-9,M_Req,missing_destination,34,Application-9-Service,EndDevice-9,Application-9-Service,4400
1695,Application-13,M_Req,missing_destination,38,Application-13-Service,EndDevice-13,Application-13-Service,4500
1701,Application-24,M_Req,missing_destination,49,Application-24-Service,EndDevice-24,Application-24-Service,4500
1716,Application-14,M_Req,missing_destination,39,Application-14-Service,EndDevice-14,Application-14-Service,4500
1726,Application-1,M_Req,missing_destination,26,Application-1-Service,EndDevice-1,Application-1-Service,4500
1729,Application-15,M_Req,missing_destination,40,Application-15-Service,EndDevice-15,Application-15-Service,4500
1731,Application-26,M_Req,missing_destination,51,Application-26-Service,EndDevice-26,Application-26-Service,4500
1732,Application-37,M_Req,missing_destination,62,Application-37-Service,EndDevice-37,Application-37-Service,4500
1733,Application-21,M_Req,missing_destination,46,Application-21-Service,EndDevice-21,Application-21-Service,4500
1737,Application-16,M_Req,missing_destination,41,Application-16-Service,EndDevice-16,Application-16-Service,4500
1738,Application-9,M_Req,missing_destination,34,Application-9-Service,EndDevice-9,Application-9-Service,4500
1743,Application-13,M_Req,missing_destination,38,Application-13-Service,EndDevice-13,Application-13-Service,4600
1767,Application-1,M_Req,missing_destination,26,Application-1-Service,EndDevice-1,Application-1-Service,4600
1791,Application-13,M_Req,missing_destination,38,Application-13-Service,EndDevice-13,Application-13-Service,4700
1797,Application-24,M_Req,missing_destination,49,Application-24-Service,EndDevice-24,Application-24-Service,4700
1815,Application-1,M_Req,missing_destination,26,Application-1-Service,EndDevice-1,Application-1-Service,4700
1836,Application-13,M_Req,missing_destination,38,Application-13-Service,EndDevice-13,Application-13-Service,4800
1841,Application-24,M_Req,missing_destination,49,Application-24-Service,EndDevice-24,Application-24-Service,4800
2001,Application-4,M_Req,missing_destination,29,Application-4-Service,EndDevice-4,Application-4-Service,5300
2004,Application-48,M_Req,missing_destination,73,Application-48-Service,EndDevice-48,Application-48-Service,5300
2007,Application-42,M_Req,missing_destination,67,Application-42-Service,EndDevice-42,Application-42-Service,5300
2012,Application-45,M_Req,missing_destination,70,Application-45-Service,EndDevice-45,Application-45-Service,5300
2016,Application-24,M_Req,missing_destination,49,Application-24-Service,EndDevice-24,Application-24-Service,5300
2025,Application-44,M_Req,missing_destination,69,Application-44-Service,EndDevice-44,Application-44-Service,5300
2027,Application-47,M_Req,missing_destination,72,Application-47-Service,EndDevice-47,Application-47-Service,5300
2039,Application-1,M_Req,missing_destination,26,Application-1-Service,EndDevice-1,Application-1-Service,5300
2041,Application-46,M_Req,missing_destination,71,Application-46-Service,EndDevice-46,Application-46-Service,5300
2044,Application-43,M_Req,missing_destination,68,Application-43-Service,EndDevice-43,Application-43-Service,5300
2045,Application-3,M_Req,missing_destination,28,Application-3-Service,EndDevice-3,Application-3-Service,5300
2046,Application-14,M_Req,missing_destination,39,Application-14-Service,EndDevice-14,Application-14-Service,5300
2053,Application-42,M_Req,missing_destination,67,Application-42-Service,EndDevice-42,Application-42-Service,5400
2057,Application-45,M_Req,missing_destination,70,Application-45-Service,EndDevice-45,Application-45-Service,5400
2059,Application-24,M_Req,missing_destination,49,Application-24-Service,EndDevice-24,Application-24-Service,5400
2068,Application-44,M_Req,missing_destination,69,Application-44-Service,EndDevice-44,Application-44-Service,5400
2070,Application-47,M_Req,missing_destination,72,Application-47-Service,EndDevice-47,Application-47-Service,5400
2816,Application-5,M_Req,missing_destination,30,Application-5-Service,EndDevice-5,Application-5-Service,7400
2818,Application-14,M_Req,missing_destination,39,Application-14-Service,EndDevice-14,Application-14-Service,7400
2819,Application-6,M_Req,missing_destination,31,Application-6-Service,EndDevice-6,Application-6-Service,7400
2820,Application-21,M_Req,missing_destination,46,Application-21-Service,EndDevice-21,Application-21-Service,7400
2827,Application-19,M_Req,missing_destination,44,Application-19-Service,EndDevice-19,Application-19-Service,7400
2830,Application-36,M_Req,missing_destination,61,Application-36-Service,EndDevice-36,Application-36-Service,7400
2831,Application-24,M_Req,missing_destination,49,Application-24-Service,EndDevice-24,Application-24-Service,7400
2832,Application-18,M_Req,missing_destination,43,Application-18-Service,EndDevice-18,Application-18-Service,7400
2833,Application-48,M_Req,missing_destination,73,Application-48-Service,EndDevice-48,Application-48-Service,7400
2834,Application-7,M_Req,missing_destination,32,Application-7-Service,EndDevice-7,Application-7-Service,7400
2835,Application-22,M_Req,missing_destination,47,Application-22-Service,EndDevice-22,Application-22-Service,7400
2838,Application-31,M_Req,missing_destination,56,Application-31-Service,EndDevice-31,Application-31-Service,7400
2839,Application-32,M_Req,missing_destination,57,Application-32-Service,EndDevice-32,Application-32-Service,7500
2841,Application-23,M_Req,missing_destination,48,Application-23-Service,EndDevice-23,Application-23-Service,7500
2847,Application-47,M_Req,missing_destination,72,Application-47-Service,EndDevice-47,Application-47-Service,7500
2864,Application-5,M_Req,missing_destination,30,Application-5-Service,EndDevice-5,Application-5-Service,7500
2866,Application-14,M_Req,missing_destination,39,Application-14-Service,EndDevice-14,Application-14-Service,7500
2867,Application-6,M_Req,missing_destination,31,Application-6-Service,EndDevice-6,Application-6-Service,7500
2868,Application-21,M_Req,missing_destination,46,Application-21-Service,EndDevice-21,Application-21-Service,7500
2875,Application-19,M_Req,missing_destination,44,Application-19-Service,EndDevice-19,Application-19-Service,7500
2878,Application-36,M_Req,missing_destination,61,Application-36-Service,EndDevice-36,Application-36-Service,7500
2879,Application-24,M_Req,missing_destination,49,Application-24-Service,EndDevice-24,Application-24-Service,7500
2880,Application-18,M_Req,missing_destination,43,Application-18-Service,EndDevice-18,Application-18-Service,7500
2881,Application-48,M_Req,missing_destination,73,Application-48-Service,EndDevice-48,Application-48-Service,7500
2882,Application-7,M_Req,missing_destination,32,Application-7-Service,EndDevice-7,Application-7-Service,7500
2883,Application-22,M_Req,missing_destination,47,Application-22-Service,EndDevice-22,Application-22-Service,7500
2886,Application-31,M_Req,missing_destination,56,Application-31-Service,EndDevice-31,Application-31-Service,7500
2894,Application-47,M_Req,missing_destination,72,Application-47-Service,EndDevice-47,Application-47-Service,7600
2909,Application-14,M_Req,missing_destination,39,Application-14-Service,EndDevice-14,Application-14-Service,7600
2910,Application-6,M_Req,missing_destination,31,Application-6-Service,EndDevice-6,Application-6-Service,7600
2916,Application-19,M_Req,missing_destination,44,Application-19-Service,EndDevice-19,Application-19-Service,7600
2937,Application-16,M_Req,missing_destination,41,Application-16-Service,EndDevice-16,Application-16-Service,7700
2942,Application-47,M_Req,missing_destination,72,Application-47-Service,EndDevice-47,Application-47-Service,7700
2946,Application-13,M_Req,missing_destination,38,Application-13-Service,EndDevice-13,Application-13-Service,7700
2957,Application-14,M_Req,missing_destination,39,Application-14-Service,EndDevice-14,Application-14-Service,7700
2958,Application-6,M_Req,missing_destination,31,Application-6-Service,EndDevice-6,Application-6-Service,7700
2964,Application-19,M_Req,missing_destination,44,Application-19-Service,EndDevice-19,Application-19-Service,7700
2965,Application-9,M_Req,missing_destination,34,Application-9-Service,EndDevice-9,Application-9-Service,7700
2982,Application-16,M_Req,missing_destination,41,Application-16-Service,EndDevice-16,Application-16-Service,7800
2988,Application-13,M_Req,missing_destination,38,Application-13-Service,EndDevice-13,Application-13-Service,7800
3059,Application-43,M_Req,missing_destination,68,Application-43-Service,EndDevice-43,Application-43-Service,8000
3070,Application-44,M_Req,missing_destination,69,Application-44-Service,EndDevice-44,Application-44-Service,8100
3107,Application-43,M_Req,missing_destination,68,Application-43-Service,EndDevice-43,Application-43-Service,8100
3118,Application-44,M_Req,missing_destination,69,Application-44-Service,EndDevice-44,Application-44-Service,8200
3166,Application-44,M_Req,missing_destination,69,Application-44-Service,EndDevice-44,Application-44-Service,8300
3171,Application-26,M_Req,missing_destination,51,Application-26-Service,EndDevice-26,Application-26-Service,8300
3185,Application-6,M_Req,missing_destination,31,Application-6-Service,EndDevice-6,Application-6-Service,8300
3187,Application-28,M_Req,missing_destination,53,Application-28-Service,EndDevice-28,Application-28-Service,8300
3188,Application-9,M_Req,missing_destination,34,Application-9-Service,EndDevice-9,Application-9-Service,8300
3190,Application-47,M_Req,missing_destination,72,Application-47-Service,EndDevice-47,Application-47-Service,8300
3191,Application-46,M_Req,missing_destination,71,Application-46-Service,EndDevice-46,Application-46-Service,8300
3192,Application-11,M_Req,missing_destination,36,Application-11-Service,EndDevice-11,Application-11-Service,8300
3193,Application-17,M_Req,missing_destination,42,Application-17-Service,EndDevice-17,Application-17-Service,8300
3195,Application-7,M_Req,missing_destination,32,Application-7-Service,EndDevice-7,Application-7-Service,8300
3209,Application-44,M_Req,missing_destination,69,Application-44-Service,EndDevice-44,Application-44-Service,8400
3840,Application-40,M_Req,missing_destination,65,Application-40-Service,EndDevice-40,Application-40-Service,10100
3851,Application-20,M_Req,missing_destination,45,Application-20-Service,EndDevice-20,Application-20-Service,10100
3854,Application-25,M_Req,missing_destination,50,Application-25-Service,EndDevice-25,Application-25-Service,10100
3862,Application-19,M_Req,missing_destination,44,Application-19-Service,EndDevice-19,Application-19-Service,10100
3866,Application-17,M_Req,missing_destination,42,Application-17-Service,EndDevice-17,Application-17-Service,10100
3868,Application-12,M_Req,missing_destination,37,Application-12-Service,EndDevice-12,Application-12-Service,10100
3869,Application-18,M_Req,missing_destination,43,Application-18-Service,EndDevice-18,Application-18-Service,10100
3872,Application-46,M_Req,missing_destination,71,Application-46-Service,EndDevice-46,Application-46-Service,10100
3873,Application-7,M_Req,missing_destination,32,Application-7-Service,EndDevice-7,Application-7-Service,10100
3876,Application-38,M_Req,missing_destination,63,Application-38-Service,EndDevice-38,Application-38-Service,10100
3881,Application-45,M_Req,missing_destination,70,Application-45-Service,EndDevice-45,Application-45-Service,10100
3899,Application-25,M_Req,missing_destination,50,Application-25-Service,EndDevice-25,Application-25-Service,10200
3905,Application-19,M_Req,missing_destination,44,Application-19-Service,EndDevice-19,Application-19-Service,10200
3908,Application-17,M_Req,missing_destination,42,Application-17-Service,EndDevice-17,Application-17-Service,10200
3910,Application-12,M_Req,missing_destination,37,Application-12-Service,EndDevice-12,Application-12-Service,10200
3911,Application-18,M_Req,missing_destination,43,Application-18-Service,EndDevice-18,Application-18-Service,10200
3947,Application-25,M_Req,missing_destination,50,Application-25-Service,EndDevice-25,Application-25-Service,10300
3958,Application-12,M_Req,missing_destination,37,Application-12-Service,EndDevice-12,Application-12-Service,10300
3985,Application-36,M_Req,missing_destination,61,Application-36-Service,EndDevice-36,Application-36-Service,10400
3986,Application-11,M_Req,missing_destination,36,Application-11-Service,EndDevice-11,Application-11-Service,10400
3988,Application-25,M_Req,missing_destination,50,Application-25-Service,EndDevice-25,Application-25-Service,10400
3989,Application-35,M_Req,missing_destination,60,Application-35-Service,EndDevice-35,Application-35-Service,10400
4033,Application-36,M_Req,missing_destination,61,Application-36-Service,EndDevice-36,Application-36-Service,10500
4034,Application-11,M_Req,missing_destination,36,Application-11-Service,EndDevice-11,Application-11-Service,10500
4036,Application-25,M_Req,missing_destination,50,Application-25-Service,EndDevice-25,Application-25-Service,10500
4037,Application-35,M_Req,missing_destination,60,Application-35-Service,EndDevice-35,Application-35-Service,10500
5573,Application-9,M_Req,missing_destination,34,Application-9-Service,EndDevice-9,Application-9-Service,14600
5591,Application-12,M_Req,missing_destination,37,Application-12-Service,EndDevice-12,Application-12-Service,14600
5592,Application-10,M_Req,missing_destination,35,Application-10-Service,EndDevice-10,Application-10-Service,14600
5593,Application-3,M_Req,missing_destination,28,Application-3-Service,EndDevice-3,Application-3-Service,14600
5621,Application-9,M_Req,missing_destination,34,Application-9-Service,EndDevice-9,Application-9-Service,14700
5639,Application-12,M_Req,missing_destination,37,Application-12-Service,EndDevice-12,Application-12-Service,14700
5640,Application-10,M_Req,missing_destination,35,Application-10-Service,EndDevice-10,Application-10-Service,14700
5641,Application-3,M_Req,missing_destination,28,Application-3-Service,EndDevice-3,Application-3-Service,14700
6049,Application-48,M_Req,missing_destination,73,Application-48-Service,EndDevice-48,Application-48-Service,15800
6050,Application-34,M_Req,missing_destination,59,Application-34-Service,EndDevice-34,Application-34-Service,15800
6061,Application-9,M_Req,missing_destination,34,Application-9-Service,EndDevice-9,Application-9-Service,15900
6097,Application-48,M_Req,missing_destination,73,Application-48-Service,EndDevice-48,Application-48-Service,15900
6098,Application-34,M_Req,missing_destination,59,Application-34-Service,EndDevice-34,Application-34-Service,15900
6154,Application-41,M_Req,missing_destination,66,Application-41-Service,EndDevice-41,Application-41-Service,16100
6159,Application-44,M_Req,missing_destination,69,Application-44-Service,EndDevice-44,Application-44-Service,16100
6168,Application-32,M_Req,missing_destination,57,Application-32-Service,EndDevice-32,Application-32-Service,16100
6174,Application-29,M_Req,missing_destination,54,Application-29-Service,EndDevice-29,Application-29-Service,16100
6196,Application-41,M_Req,missing_destination,66,Application-41-Service,EndDevice-41,Application-41-Service,16200
6200,Application-44,M_Req,missing_destination,69,Application-44-Service,EndDevice-44,Application-44-Service,16200
6244,Application-41,M_Req,missing_destination,66,Application-41-Service,EndDevice-41,Application-41-Service,16300
6248,Application-44,M_Req,missing_destination,69,Application-44-Service,EndDevice-44,Application-44-Service,16300
7634,Application-42,M_Req,missing_destination,67,Application-42-Service,EndDevice-42,Application-42-Service,20000
7659,Application-41,M_Req,missing_destination,66,Application-41-Service,EndDevice-41,Application-41-Service,20100
7669,Application-43,M_Req,missing_destination,68,Application-43-Service,EndDevice-43,Application-43-Service,20100
7682,Application-42,M_Req,missing_destination,67,Application-42-Service,EndDevice-42,Application-42-Service,20100
7736,Application-21,M_Req,missing_destination,46,Application-21-Service,EndDevice-21,Application-21-Service,20300
7737,Application-27,M_Req,missing_destination,52,Application-27-Service,EndDevice-27,Application-27-Service,20300
7738,Application-24,M_Req,missing_destination,49,Application-24-Service,EndDevice-24,Application-24-Service,20300
7739,Application-5,M_Req,missing_destination,30,Application-5-Service,EndDevice-5,Application-5-Service,20300
7741,Application-15,M_Req,missing_destination,40,Application-15-Service,EndDevice-15,Application-15-Service,20300
7743,Application-6,M_Req,missing_destination,31,Application-6-Service,EndDevice-6,Application-6-Service,20300
7744,Application-13,M_Req,missing_destination,38,Application-13-Service,EndDevice-13,Application-13-Service,20300
7745,Application-19,M_Req,missing_destination,44,Application-19-Service,EndDevice-19,Application-19-Service,20300
7749,Application-28,M_Req,missing_destination,53,Application-28-Service,EndDevice-28,Application-28-Service,20300
7753,Application-20,M_Req,missing_destination,45,Application-20-Service,EndDevice-20,Application-20-Service,20300
7755,Application-16,M_Req,missing_destination,41,Application-16-Service,EndDevice-16,Application-16-Service,20300
7756,Application-8,M_Req,missing_destination,33,Application-8-Service,EndDevice-8,Application-8-Service,20300
7758,Application-25,M_Req,missing_destination,50,Application-25-Service,EndDevice-25,Application-25-Service,20300
7759,Application-14,M_Req,missing_destination,39,Application-14-Service,EndDevice-14,Application-14-Service,20300
7761,Application-22,M_Req,missing_destination,47,Application-22-Service,EndDevice-22,Application-22-Service,20300
7763,Application-7,M_Req,missing_destination,32,Application-7-Service,EndDevice-7,Application-7-Service,20300
7764,Application-18,M_Req,missing_destination,43,Application-18-Service,EndDevice-18,Application-18-Service,20300
7766,Application-44,M_Req,missing_destination,69,Application-44-Service,EndDevice-44,Application-44-Service,20300
7777,Application-26,M_Req,missing_destination,51,Application-26-Service,EndDevice-26,Application-26-Service,20300
7781,Application-17,M_Req,missing_destination,42,Application-17-Service,EndDevice-17,Application-17-Service,20300
7783,Application-23,M_Req,missing_destination,48,Application-23-Service,EndDevice-23,Application-23-Service,20300
7784,Application-21,M_Req,missing_destination,46,Application-21-Service,EndDevice-21,Application-21-Service,20400
7785,Application-27,M_Req,missing_destination,52,Application-27-Service,EndDevice-27,Application-27-Service,20400
7786,Application-5,M_Req,missing_destination,30,Application-5-Service,EndDevice-5,Application-5-Service,20400
7788,Application-6,M_Req,missing_destination,31,Application-6-Service,EndDevice-6,Application-6-Service,20400
7789,Application-13,M_Req,missing_destination,38,Application-13-Service,EndDevice-13,Application-13-Service,20400
7790,Application-19,M_Req,missing_destination,44,Application-19-Service,EndDevice-19,Application-19-Service,20400
7794,Application-28,M_Req,missing_destination,53,Application-28-Service,EndDevice-28,Application-28-Service,20400
7797,Application-20,M_Req,missing_destination,45,Application-20-Service,EndDevice-20,Application-20-Service,20400
7799,Application-16,M_Req,missing_destination,41,Application-16-Service,EndDevice-16,Application-16-Service,20400
7800,Application-8,M_Req,missing_destination,33,Application-8-Service,EndDevice-8,Application-8-Service,20400
7801,Application-25,M_Req,missing_destination,50,Application-25-Service,EndDevice-25,Application-25-Service,20400
7802,Application-14,M_Req,missing_destination,39,Application-14-Service,EndDevice-14,Application-14-Service,20400
7804,Application-22,M_Req,missing_destination,47,Application-22-Service,EndDevice-22,Application-22-Service,20400
7805,Application-7,M_Req,missing_destination,32,Application-7-Service,EndDevice-7,Application-7-Service,20400
7806,Application-18,M_Req,missing_destination,43,Application-18-Service,EndDevice-18,Application-18-Service,20400
7847,Application-16,M_Req,missing_destination,41,Application-16-Service,EndDevice-16,Application-16-Service,20500
7850,Application-14,M_Req,missing_destination,39,Application-14-Service,EndDevice-14,Application-14-Service,20500
8092,Application-23,M_Req,missing_destination,48,Application-23-Service,EndDevice-23,Application-23-Service,21200
8104,Application-21,M_Req,missing_destination,46,Application-21-Service,EndDevice-21,Application-21-Service,21200
8106,Application-2,M_Req,missing_destination,27,Application-2-Service,EndDevice-2,Application-2-Service,21200
8108,Application-20,M_Req,missing_destination,45,Application-20-Service,EndDevice-20,Application-20-Service,21200
8112,Application-24,M_Req,missing_destination,49,Application-24-Service,EndDevice-24,Application-24-Service,21200
8140,Application-23,M_Req,missing_destination,48,Application-23-Service,EndDevice-23,Application-23-Service,21300
8152,Application-21,M_Req,missing_destination,46,Application-21-Service,EndDevice-21,Application-21-Service,21300
8154,Application-2,M_Req,missing_destination,27,Application-2-Service,EndDevice-2,Application-2-Service,21300
8156,Application-20,M_Req,missing_destination,45,Application-20-Service,EndDevice-20,Application-20-Service,21300
8160,Application-24,M_Req,missing_destination,49,Application-24-Service,EndDevice-24,Application-24-Service,21300
8236,Application-12,M_Req,missing_destination,37,Application-12-Service,EndDevice-12,Application-12-Service,21500
8237,Application-11,M_Req,missing_destination,36,Application-11-Service,EndDevice-11,Application-11-Service,21500
8319,Application-26,M_Req,missing_destination,51,Application-26-Service,EndDevice-26,Application-26-Service,21800
8320,Application-17,M_Req,missing_destination,42,Application-17-Service,EndDevice-17,Application-17-Service,21800
8323,Application-12,M_Req,missing_destination,37,Application-12-Service,EndDevice-12,Application-12-Service,21800
8324,Application-11,M_Req,missing_destination,36,Application-11-Service,EndDevice-11,Application-11-Service,21800
8329,Application-42,M_Req,missing_destination,67,Application-42-Service,EndDevice-42,Application-42-Service,21800
8331,Application-13,M_Req,missing_destination,38,Application-13-Service,EndDevice-13,Application-13-Service,21800
8333,Application-41,M_Req,missing_destination,66,Application-41-Service,EndDevice-41,Application-41-Service,21800
8334,Application-19,M_Req,missing_destination,44,Application-19-Service,EndDevice-19,Application-19-Service,21800
8335,Application-20,M_Req,missing_destination,45,Application-20-Service,EndDevice-20,Application-20-Service,21800
8336,Application-21,M_Req,missing_destination,46,Application-21-Service,EndDevice-21,Application-21-Service,21800
8339,Application-28,M_Req,missing_destination,53,Application-28-Service,EndDevice-28,Application-28-Service,21800
8341,Application-14,M_Req,missing_destination,39,Application-14-Service,EndDevice-14,Application-14-Service,21800
8344,Application-7,M_Req,missing_destination,32,Application-7-Service,EndDevice-7,Application-7-Service,21800
8345,Application-16,M_Req,missing_destination,41,Application-16-Service,EndDevice-16,Application-16-Service,21900
8346,Application-8,M_Req,missing_destination,33,Application-8-Service,EndDevice-8,Application-8-Service,21900
8348,Application-18,M_Req,missing_destination,43,Application-18-Service,EndDevice-18,Application-18-Service,21900
8350,Application-25,M_Req,missing_destination,50,Application-25-Service,EndDevice-25,Application-25-Service,21900
8352,Application-27,M_Req,missing_destination,52,Application-27-Service,EndDevice-27,Application-27-Service,21900
8354,Application-6,M_Req,missing_destination,31,Application-6-Service,EndDevice-6,Application-6-Service,21900
8356,Application-5,M_Req,missing_destination,30,Application-5-Service,EndDevice-5,Application-5-Service,21900
8367,Application-26,M_Req,missing_destination,51,Application-26-Service,EndDevice-26,Application-26-Service,21900
8368,Application-17,M_Req,missing_destination,42,Application-17-Service,EndDevice-17,Application-17-Service,21900
8371,Application-12,M_Req,missing_destination,37,Application-12-Service,EndDevice-12,Application-12-Service,21900
8372,Application-11,M_Req,missing_destination,36,Application-11-Service,EndDevice-11,Application-11-Service,21900
8377,Application-42,M_Req,missing_destination,67,Application-42-Service,EndDevice-42,Application-42-Service,21900
8379,Application-13,M_Req,missing_destination,38,Application-13-Service,EndDevice-13,Application-13-Service,21900
8381,Application-41,M_Req,missing_destination,66,Application-41-Service,EndDevice-41,Application-41-Service,21900
8382,Application-19,M_Req,missing_destination,44,Application-19-Service,EndDevice-19,Application-19-Service,21900
8383,Application-20,M_Req,missing_destination,45,Application-20-Service,EndDevice-20,Application-20-Service,21900
8384,Application-21,M_Req,missing_destination,46,Application-21-Service,EndDevice-21,Application-21-Service,21900
8387,Application-28,M_Req,missing_destination,53,Application-28-Service,EndDevice-28,Application-28-Service,21900
8389,Application-14,M_Req,missing_destination,39,Application-14-Service,EndDevice-14,Application-14-Service,21900
8392,Application-7,M_Req,missing_destination,32,Application-7-Service,EndDevice-7,Application-7-Service,21900
8393,Application-16,M_Req,missing_destination,41,Application-16-Service,EndDevice-16,Application-16-Service,22000
8394,Application-8,M_Req,missing_destination,33,Application-8-Service,EndDevice-8,Application-8-Service,22000
8396,Application-18,M_Req,missing_destination,43,Application-18-Service,EndDevice-18,Application-18-Service,22000
8398,Application-25,M_Req,missing_destination,50,Application-25-Service,EndDevice-25,Application-25-Service,22000
8399,Application-27,M_Req,missing_destination,52,Application-27-Service,EndDevice-27,Application-27-Service,22000
8401,Application-6,M_Req,missing_destination,31,Application-6-Service,EndDevice-6,Application-6-Service,22000
8402,Application-5,M_Req,missing_destination,30,Application-5-Service,EndDevice-5,Application-5-Service,22000
8410,Application-26,M_Req,missing_destination,51,Application-26-Service,EndDevice-26,Application-26-Service,22000
8411,Application-17,M_Req,missing_destination,42,Application-17-Service,EndDevice-17,Application-17-Service,22000
8414,Application-12,M_Req,missing_destination,37,Application-12-Service,EndDevice-12,Application-12-Service,22000
8415,Application-11,M_Req,missing_destination,36,Application-11-Service,EndDevice-11,Application-11-Service,22000
8419,Application-42,M_Req,missing_destination,67,Application-42-Service,EndDevice-42,Application-42-Service,22000
8422,Application-41,M_Req,missing_destination,66,Application-41-Service,EndDevice-41,Application-41-Service,22000
8423,Application-20,M_Req,missing_destination,45,Application-20-Service,EndDevice-20,Application-20-Service,22000
8441,Application-16,M_Req,missing_destination,41,Application-16-Service,EndDevice-16,Application-16-Service,22100
8442,Application-8,M_Req,missing_destination,33,Application-8-Service,EndDevice-8,Application-8-Service,22100
8444,Application-18,M_Req,missing_destination,43,Application-18-Service,EndDevice-18,Application-18-Service,22100
8446,Application-25,M_Req,missing_destination,50,Application-25-Service,EndDevice-25,Application-25-Service,22100
8447,Application-27,M_Req,missing_destination,52,Application-27-Service,EndDevice-27,Application-27-Service,22100
8448,Application-4,M_Req,missing_destination,29,Application-4-Service,EndDevice-4,Application-4-Service,22100
8449,Application-6,M_Req,missing_destination,31,Application-6-Service,EndDevice-6,Application-6-Service,22100
8450,Application-5,M_Req,missing_destination,30,Application-5-Service,EndDevice-5,Application-5-Service,22100
8452,Application-39,M_Req,missing_destination,64,Application-39-Service,EndDevice-39,Application-39-Service,22100
8453,Application-40,M_Req,missing_destination,65,Application-40-Service,EndDevice-40,Application-40-Service,22100
8458,Application-26,M_Req,missing_destination,51,Application-26-Service,EndDevice-26,Application-26-Service,22100
8459,Application-17,M_Req,missing_destination,42,Application-17-Service,EndDevice-17,Application-17-Service,22100
8462,Application-12,M_Req,missing_destination,37,Application-12-Service,EndDevice-12,Application-12-Service,22100
8463,Application-11,M_Req,missing_destination,36,Application-11-Service,EndDevice-11,Application-11-Service,22100
8464,Application-37,M_Req,missing_destination,62,Application-37-Service,EndDevice-37,Application-37-Service,22100
8467,Application-42,M_Req,missing_destination,67,Application-42-Service,EndDevice-42,Application-42-Service,22100
8470,Application-41,M_Req,missing_destination,66,Application-41-Service,EndDevice-41,Application-41-Service,22100
8471,Application-20,M_Req,missing_destination,45,Application-20-Service,EndDevice-20,Application-20-Service,22100
8485,Application-16,M_Req,missing_destination,41,Application-16-Service,EndDevice-16,Application-16-Service,22200
8486,Application-8,M_Req,missing_destination,33,Application-8-Service,EndDevice-8,Application-8-Service,22200
8488,Application-18,M_Req,missing_destination,43,Application-18-Service,EndDevice-18,Application-18-Service,22200
8490,Application-25,M_Req,missing_destination,50,Application-25-Service,EndDevice-25,Application-25-Service,22200
8491,Application-4,M_Req,missing_destination,29,Application-4-Service,EndDevice-4,Application-4-Service,22200
8492,Application-6,M_Req,missing_destination,31,Application-6-Service,EndDevice-6,Application-6-Service,22200
8494,Application-39,M_Req,missing_destination,64,Application-39-Service,EndDevice-39,Application-39-Service,22200
8495,Application-40,M_Req,missing_destination,65,Application-40-Service,EndDevice-40,Application-40-Service,22200
9923,Application-14,M_Req,missing_destination,39,Application-14-Service,EndDevice-14,Application-14-Service,26000
9926,Application-9,M_Req,missing_destination,34,Application-9-Service,EndDevice-9,Application-9-Service,26000
9927,Application-15,M_Req,missing_destination,40,Application-15-Service,EndDevice-15,Application-15-Service,26000
9928,Application-30,M_Req,missing_destination,55,Application-30-Service,EndDevice-30,Application-30-Service,26000
9929,Application-6,M_Req,missing_destination,31,Application-6-Service,EndDevice-6,Application-6-Service,26000
9934,Application-17,M_Req,missing_destination,42,Application-17-Service,EndDevice-17,Application-17-Service,26000
9936,Application-29,M_Req,missing_destination,54,Application-29-Service,EndDevice-29,Application-29-Service,26000
9937,Application-16,M_Req,missing_destination,41,Application-16-Service,EndDevice-16,Application-16-Service,26000
9938,Application-7,M_Req,missing_destination,32,Application-7-Service,EndDevice-7,Application-7-Service,26000
9940,Application-13,M_Req,missing_destination,38,Application-13-Service,EndDevice-13,Application-13-Service,26000
9941,Application-32,M_Req,missing_destination,57,Application-32-Service,EndDevice-32,Application-32-Service,26000
9942,Application-20,M_Req,missing_destination,45,Application-20-Service,EndDevice-20,Application-20-Service,26000
9948,Application-37,M_Req,missing_destination,62,Application-37-Service,EndDevice-37,Application-37-Service,26000
9949,Application-8,M_Req,missing_destination,33,Application-8-Service,EndDevice-8,Application-8-Service,26100
9953,Application-31,M_Req,missing_destination,56,Application-31-Service,EndDevice-31,Application-31-Service,26100
9958,Application-5,M_Req,missing_destination,30,Application-5-Service,EndDevice-5,Application-5-Service,26100
9971,Application-14,M_Req,missing_destination,39,Application-14-Service,EndDevice-14,Application-14-Service,26100
9974,Application-9,M_Req,missing_destination,34,Application-9-Service,EndDevice-9,Application-9-Service,26100
9975,Application-15,M_Req,missing_destination,40,Application-15-Service,EndDevice-15,Application-15-Service,26100
9976,Application-30,M_Req,missing_destination,55,Application-30-Service,EndDevice-30,Application-30-Service,26100
9977,Application-6,M_Req,missing_destination,31,Application-6-Service,EndDevice-6,Application-6-Service,26100
9982,Application-17,M_Req,missing_destination,42,Application-17-Service,EndDevice-17,Application-17-Service,26100
9984,Application-29,M_Req,missing_destination,54,Application-29-Service,EndDevice-29,Application-29-Service,26100
9985,Application-16,M_Req,missing_destination,41,Application-16-Service,EndDevice-16,Application-16-Service,26100
9986,Application-7,M_Req,missing_destination,32,Application-7-Service,EndDevice-7,Application-7-Service,26100
9988,Application-13,M_Req,missing_destination,38,Application-13-Service,EndDevice-13,Application-13-Service,26100
9989,Application-32,M_Req,missing_destination,57,Application-32-Service,EndDevice-32,Application-32-Service,26100
9990,Application-20,M_Req,missing_destination,45,Application-20-Service,EndDevice-20,Application-20-Service,26100
9996,Application-37,M_Req,missing_destination,62,Application-37-Service,EndDevice-37,Application-37-Service,26100
10167,Application-4,M_Req,missing_destination,29,Application-4-Service,EndDevice-4,Application-4-Service,26600
10170,Application-27,M_Req,missing_destination,52,Application-27-Service,EndDevice-27,Application-27-Service,26600
10176,Application-44,M_Req,missing_destination,69,Application-44-Service,EndDevice-44,Application-44-Service,26600
10215,Application-4,M_Req,missing_destination,29,Application-4-Service,EndDevice-4,Application-4-Service,26700
10218,Application-27,M_Req,missing_destination,52,Application-27-Service,EndDevice-27,Application-27-Service,26700
10224,Application-44,M_Req,missing_destination,69,Application-44-Service,EndDevice-44,Application-44-Service,26700
10281,Application-45,M_Req,missing_destination,70,Application-45-Service,EndDevice-45,Application-45-Service,26900
10303,Application-33,M_Req,missing_destination,58,Application-33-Service,EndDevice-33,Application-33-Service,26900
10324,Application-45,M_Req,missing_destination,70,Application-45-Service,EndDevice-45,Application-45-Service,27000
10527,Application-39,M_Req,missing_destination,64,Application-39-Service,EndDevice-39,Application-39-Service,27500
10533,Application-24,M_Req,missing_destination,49,Application-24-Service,EndDevice-24,Application-24-Service,27500
10613,Application-9,M_Req,missing_destination,34,Application-9-Service,EndDevice-9,Application-9-Service,27800
10627,Application-32,M_Req,missing_destination,57,Application-32-Service,EndDevice-32,Application-32-Service,27800
10628,Application-27,M_Req,missing_destination,52,Application-27-Service,EndDevice-27,Application-27-Service,27800
10630,Application-10,M_Req,missing_destination,35,Application-10-Service,EndDevice-10,Application-10-Service,27800
10631,Application-37,M_Req,missing_destination,62,Application-37-Service,EndDevice-37,Application-37-Service,27800
10632,Application-31,M_Req,missing_destination,56,Application-31-Service,EndDevice-31,Application-31-Service,27800
10633,Application-21,M_Req,missing_destination,46,Application-21-Service,EndDevice-21,Application-21-Service,27800
10634,Application-20,M_Req,missing_destination,45,Application-20-Service,EndDevice-20,Application-20-Service,27800
10635,Application-18,M_Req,missing_destination,43,Application-18-Service,EndDevice-18,Application-18-Service,27800
10638,Application-29,M_Req,missing_destination,54,Application-29-Service,EndDevice-29,Application-29-Service,27800
10661,Application-9,M_Req,missing_destination,34,Application-9-Service,EndDevice-9,Application-9-Service,27900
10675,Application-32,M_Req,missing_destination,57,Application-32-Service,EndDevice-32,Application-32-Service,27900
10676,Application-27,M_Req,missing_destination,52,Application-27-Service,EndDevice-27,Application-27-Service,27900
10678,Application-10,M_Req,missing_destination,35,Application-10-Service,EndDevice-10,Application-10-Service,27900
10679,Application-37,M_Req,missing_destination,62,Application-37-Service,EndDevice-37,Application-37-Service,27900
10680,Application-31,M_Req,missing_destination,56,Application-31-Service,EndDevice-31,Application-31-Service,27900
10681,Application-21,M_Req,missing_destination,46,Application-21-Service,EndDevice-21,Application-21-Service,27900
10682,Application-20,M_Req,missing_destination,45,Application-20-Service,EndDevice-20,Application-20-Service,27900
10683,Application-18,M_Req,missing_destination,43,Application-18-Service,EndDevice-18,Application-18-Service,27900
10686,Application-29,M_Req,missing_destination,54,Application-29-Service,EndDevice-29,Application-29-Service,27900
10705,Application-9,M_Req,missing_destination,34,Application-9-Service,EndDevice-9,Application-9-Service,28000
10720,Application-27,M_Req,missing_destination,52,Application-27-Service,EndDevice-27,Application-27-Service,28100
10741,Application-7,M_Req,missing_destination,32,Application-7-Service,EndDevice-7,Application-7-Service,28100
10749,Application-28,M_Req,missing_destination,53,Application-28-Service,EndDevice-28,Application-28-Service,28100
10753,Application-9,M_Req,missing_destination,34,Application-9-Service,EndDevice-9,Application-9-Service,28100
10754,Application-17,M_Req,missing_destination,42,Application-17-Service,EndDevice-17,Application-17-Service,28100
10755,Application-25,M_Req,missing_destination,50,Application-25-Service,EndDevice-25,Application-25-Service,28100
10756,Application-16,M_Req,missing_destination,41,Application-16-Service,EndDevice-16,Application-16-Service,28100
10759,Application-19,M_Req,missing_destination,44,Application-19-Service,EndDevice-19,Application-19-Service,28100
10760,Application-8,M_Req,missing_destination,33,Application-8-Service,EndDevice-8,Application-8-Service,28100
10761,Application-24,M_Req,missing_destination,49,Application-24-Service,EndDevice-24,Application-24-Service,28100
10762,Application-6,M_Req,missing_destination,31,Application-6-Service,EndDevice-6,Application-6-Service,28100
10763,Application-39,M_Req,missing_destination,64,Application-39-Service,EndDevice-39,Application-39-Service,28100
10766,Application-23,M_Req,missing_destination,48,Application-23-Service,EndDevice-23,Application-23-Service,28100
10768,Application-27,M_Req,missing_destination,52,Application-27-Service,EndDevice-27,Application-27-Service,28200
10785,Application-7,M_Req,missing_destination,32,Application-7-Service,EndDevice-7,Application-7-Service,28200
10790,Application-28,M_Req,missing_destination,53,Application-28-Service,EndDevice-28,Application-28-Service,28200
10865,Application-41,M_Req,missing_destination,66,Application-41-Service,EndDevice-41,Application-41-Service,28400
10913,Application-41,M_Req,missing_destination,66,Application-41-Service,EndDevice-41,Application-41-Service,28500
11786,Application-26,M_Req,missing_destination,51,Application-26-Service,EndDevice-26,Application-26-Service,30800
11789,Application-33,M_Req,missing_destination,58,Application-33-Service,EndDevice-33,Application-33-Service,30800
11834,Application-26,M_Req,missing_destination,51,Application-26-Service,EndDevice-26,Application-26-Service,30900
11837,Application-33,M_Req,missing_destination,58,Application-33-Service,EndDevice-33,Application-33-Service,30900
11988,Application-24,M_Req,missing_destination,49,Application-24-Service,EndDevice-24,Application-24-Service,31400
12003,Application-22,M_Req,missing_destination,47,Application-22-Service,EndDevice-22,Application-22-Service,31400
12014,Application-23,M_Req,missing_destination,48,Application-23-Service,EndDevice-23,Application-23-Service,31400
12023,Application-21,M_Req,missing_destination,46,Application-21-Service,EndDevice-21,Application-21-Service,31500
12036,Application-24,M_Req,missing_destination,49,Application-24-Service,EndDevice-24,Application-24-Service,31500
12051,Application-22,M_Req,missing_destination,47,Application-22-Service,EndDevice-22,Application-22-Service,31500
12062,Application-23,M_Req,missing_destination,48,Application-23-Service,EndDevice-23,Application-23-Service,31500
12241,Application-38,M_Req,missing_destination,63,Application-38-Service,EndDevice-38,Application-38-Service,32000
12289,Application-38,M_Req,missing_destination,63,Application-38-Service,EndDevice-38,Application-38-Service,32100
12450,Application-42,M_Req,missing_destination,67,Application-42-Service,EndDevice-42,Application-42-Service,32600
12451,Application-7,M_Req,missing_destination,32,Application-7-Service,EndDevice-7,Application-7-Service,32600
12452,Application-14,M_Req,missing_destination,39,Application-14-Service,EndDevice-14,Application-14-Service,32600
12453,Application-5,M_Req,missing_destination,30,Application-5-Service,EndDevice-5,Application-5-Service,32600
12454,Application-4,M_Req,missing_destination,29,Application-4-Service,EndDevice-4,Application-4-Service,32600
12456,Application-17,M_Req,missing_destination,42,Application-17-Service,EndDevice-17,Application-17-Service,32600
12457,Application-41,M_Req,missing_destination,66,Application-41-Service,EndDevice-41,Application-41-Service,32600
12458,Application-2,M_Req,missing_destination,27,Application-2-Service,EndDevice-2,Application-2-Service,32600
12461,Application-33,M_Req,missing_destination,58,Application-33-Service,EndDevice-33,Application-33-Service,32600
12462,Application-1,M_Req,missing_destination,26,Application-1-Service,EndDevice-1,Application-1-Service,32600
12463,Application-16,M_Req,missing_destination,41,Application-16-Service,EndDevice-16,Application-16-Service,32600
12465,Application-35,M_Req,missing_destination,60,Application-35-Service,EndDevice-35,Application-35-Service,32600
12471,Application-18,M_Req,missing_destination,43,Application-18-Service,EndDevice-18,Application-18-Service,32600
12473,Application-6,M_Req,missing_destination,31,Application-6-Service,EndDevice-6,Application-6-Service,32600
12483,Application-13,M_Req,missing_destination,38,Application-13-Service,EndDevice-13,Application-13-Service,32700
12484,Application-15,M_Req,missing_destination,40,Application-15-Service,EndDevice-15,Application-15-Service,32700
12498,Application-42,M_Req,missing_destination,67,Application-42-Service,EndDevice-42,Application-42-Service,32700
12499,Application-7,M_Req,missing_destination,32,Application-7-Service,EndDevice-7,Application-7-Service,32700
12500,Application-14,M_Req,missing_destination,39,Application-14-Service,EndDevice-14,Application-14-Service,32700
12501,Application-5,M_Req,missing_destination,30,Application-5-Service,EndDevice-5,Application-5-Service,32700
12502,Application-4,M_Req,missing_destination,29,Application-4-Service,EndDevice-4,Application-4-Service,32700
12504,Application-17,M_Req,missing_destination,42,Application-17-Service,EndDevice-17,Application-17-Service,32700
12505,Application-41,M_Req,missing_destination,66,Application-41-Service,EndDevice-41,Application-41-Service,32700
12506,Application-2,M_Req,missing_destination,27,Application-2-Service,EndDevice-2,Application-2-Service,32700
12509,Application-33,M_Req,missing_destination,58,Application-33-Service,EndDevice-33,Application-33-Service,32700
12510,Application-1,M_Req,missing_destination,26,Application-1-Service,EndDevice-1,Application-1-Service,32700
12511,Application-16,M_Req,missing_destination,41,Application-16-Service,EndDevice-16,Application-16-Service,32700
12513,Application-35,M_Req,missing_destination,60,Application-35-Service,EndDevice-35,Application-35-Service,32700
12519,Application-18,M_Req,missing_destination,43,Application-18-Service,EndDevice-18,Application-18-Service,32700
12521,Application-6,M_Req,missing_destination,31,Application-6-Service,EndDevice-6,Application-6-Service,32700
13391,Application-14,M_Req,missing_destination,39,Application-14-Service,EndDevice-14,Application-14-Service,35000
13404,Application-11,M_Req,missing_destination,36,Application-11-Service,EndDevice-11,Application-11-Service,35100
13439,Application-14,M_Req,missing_destination,39,Application-14-Service,EndDevice-14,Application-14-Service,35100
15687,Application-27,M_Req,missing_destination,52,Application-27-Service,EndDevice-27,Application-27-Service,41000
15698,Application-38,M_Req,missing_destination,63,Application-38-Service,EndDevice-38,Application-38-Service,41000
15704,Application-40,M_Req,missing_destination,65,Application-40-Service,EndDevice-40,Application-40-Service,41100
15735,Application-27,M_Req,missing_destination,52,Application-27-Service,EndDevice-27,Application-27-Service,41100
15746,Application-38,M_Req,missing_destination,63,Application-38-Service,EndDevice-38,Application-38-Service,41100
16017,Application-24,M_Req,missing_destination,49,Application-24-Service,EndDevice-24,Application-24-Service,41900
16022,Application-22,M_Req,missing_destination,47,Application-22-Service,EndDevice-22,Application-22-Service,41900
16025,Application-46,M_Req,missing_destination,71,Application-46-Service,EndDevice-46,Application-46-Service,41900
16047,Application-23,M_Req,missing_destination,48,Application-23-Service,EndDevice-23,Application-23-Service,41900
16068,Application-22,M_Req,missing_destination,47,Application-22-Service,EndDevice-22,Application-22-Service,42000
16070,Application-46,M_Req,missing_destination,71,Application-46-Service,EndDevice-46,Application-46-Service,42000
16617,Application-10,M_Req,missing_destination,35,Application-10-Service,EndDevice-10,Application-10-Service,43400
16618,Application-12,M_Req,missing_destination,37,Application-12-Service,EndDevice-12,Application-12-Service,43400
16665,Application-10,M_Req,missing_destination,35,Application-10-Service,EndDevice-10,Application-10-Service,43500
16666,Application-12,M_Req,missing_destination,37,Application-12-Service,EndDevice-12,Application-12-Service,43500
16713,Application-3,M_Req,missing_destination,28,Application-3-Service,EndDevice-3,Application-3-Service,43700
16717,Application-4,M_Req,missing_destination,29,Application-4-Service,EndDevice-4,Application-4-Service,43700
16735,Application-2,M_Req,missing_destination,27,Application-2-Service,EndDevice-2,Application-2-Service,43700
16755,Application-3,M_Req,missing_destination,28,Application-3-Service,EndDevice-3,Application-3-Service,43800
16759,Application-4,M_Req,missing_destination,29,Application-4-Service,EndDevice-4,Application-4-Service,43800
16922,Application-38,M_Req,missing_destination,63,Application-38-Service,EndDevice-38,Application-38-Service,44300
16924,Application-22,M_Req,missing_destination,47,Application-22-Service,EndDevice-22,Application-22-Service,44300
16926,Application-17,M_Req,missing_destination,42,Application-17-Service,EndDevice-17,Application-17-Service,44300
16928,Application-30,M_Req,missing_destination,55,Application-30-Service,EndDevice-30,Application-30-Service,44300
16930,Application-39,M_Req,missing_destination,64,Application-39-Service,EndDevice-39,Application-39-Service,44300
16933,Application-5,M_Req,missing_destination,30,Application-5-Service,EndDevice-5,Application-5-Service,44300
16935,Application-3,M_Req,missing_destination,28,Application-3-Service,EndDevice-3,Application-3-Service,44300
16942,Application-40,M_Req,missing_destination,65,Application-40-Service,EndDevice-40,Application-40-Service,44300
16943,Application-19,M_Req,missing_destination,44,Application-19-Service,EndDevice-19,Application-19-Service,44300
16945,Application-24,M_Req,missing_destination,49,Application-24-Service,EndDevice-24,Application-24-Service,44300
16947,Application-20,M_Req,missing_destination,45,Application-20-Service,EndDevice-20,Application-20-Service,44300
16949,Application-8,M_Req,missing_destination,33,Application-8-Service,EndDevice-8,Application-8-Service,44300
16952,Application-1,M_Req,missing_destination,26,Application-1-Service,EndDevice-1,Application-1-Service,44300
16953,Application-7,M_Req,missing_destination,32,Application-7-Service,EndDevice-7,Application-7-Service,44300
16954,Application-37,M_Req,missing_destination,62,Application-37-Service,EndDevice-37,Application-37-Service,44300
16956,Application-6,M_Req,missing_destination,31,Application-6-Service,EndDevice-6,Application-6-Service,44300
16970,Application-38,M_Req,missing_destination,63,Application-38-Service,EndDevice-38,Application-38-Service,44400
16972,Application-22,M_Req,missing_destination,47,Application-22-Service,EndDevice-22,Application-22-Service,44400
16973,Application-17,M_Req,missing_destination,42,Application-17-Service,EndDevice-17,Application-17-Service,44400
16975,Application-30,M_Req,missing_destination,55,Application-30-Service,EndDevice-30,Application-30-Service,44400
16977,Application-39,M_Req,missing_destination,64,Application-39-Service,EndDevice-39,Application-39-Service,44400
16981,Application-3,M_Req,missing_destination,28,Application-3-Service,EndDevice-3,Application-3-Service,44400
16986,Application-40,M_Req,missing_destination,65,Application-40-Service,EndDevice-40,Application-40-Service,44400
16987,Application-19,M_Req,missing_destination,44,Application-19-Service,EndDevice-19,Application-19-Service,44400
16989,Application-24,M_Req,missing_destination,49,Application-24-Service,EndDevice-24,Application-24-Service,44400
16991,Application-20,M_Req,missing_destination,45,Application-20-Service,EndDevice-20,Application-20-Service,44400
16993,Application-8,M_Req,missing_destination,33,Application-8-Service,EndDevice-8,Application-8-Service,44400
16996,Application-1,M_Req,missing_destination,26,Application-1-Service,EndDevice-1,Application-1-Service,44400
16997,Application-7,M_Req,missing_destination,32,Application-7-Service,EndDevice-7,Application-7-Service,44400
16998,Application-37,M_Req,missing_destination,62,Application-37-Service,EndDevice-37,Application-37-Service,44400
17187,Application-21,M_Req,missing_destination,46,Application-21-Service,EndDevice-21,Application-21-Service,44900
17190,Application-2,M_Req,missing_destination,27,Application-2-Service,EndDevice-2,Application-2-Service,44900
17192,Application-10,M_Req,missing_destination,35,Application-10-Service,EndDevice-10,Application-10-Service,44900
17193,Application-13,M_Req,missing_destination,38,Application-13-Service,EndDevice-13,Application-13-Service,44900
17194,Application-5,M_Req,missing_destination,30,Application-5-Service,EndDevice-5,Application-5-Service,44900
17197,Application-23,M_Req,missing_destination,48,Application-23-Service,EndDevice-23,Application-23-Service,44900
17198,Application-11,M_Req,missing_destination,36,Application-11-Service,EndDevice-11,Application-11-Service,44900
17199,Application-6,M_Req,missing_destination,31,Application-6-Service,EndDevice-6,Application-6-Service,44900
17200,Application-18,M_Req,missing_destination,43,Application-18-Service,EndDevice-18,Application-18-Service,44900
17296,Application-22,M_Req,missing_destination,47,Application-22-Service,EndDevice-22,Application-22-Service,45200
17297,Application-17,M_Req,missing_destination,42,Application-17-Service,EndDevice-17,Application-17-Service,45200
17298,Application-9,M_Req,missing_destination,34,Application-9-Service,EndDevice-9,Application-9-Service,45200
17299,Application-12,M_Req,missing_destination,37,Application-12-Service,EndDevice-12,Application-12-Service,45200
17301,Application-34,M_Req,missing_destination,59,Application-34-Service,EndDevice-34,Application-34-Service,45200
17302,Application-19,M_Req,missing_destination,44,Application-19-Service,EndDevice-19,Application-19-Service,45200
17307,Application-14,M_Req,missing_destination,39,Application-14-Service,EndDevice-14,Application-14-Service,45200
17344,Application-22,M_Req,missing_destination,47,Application-22-Service,EndDevice-22,Application-22-Service,45300
17345,Application-17,M_Req,missing_destination,42,Application-17-Service,EndDevice-17,Application-17-Service,45300
17346,Application-9,M_Req,missing_destination,34,Application-9-Service,EndDevice-9,Application-9-Service,45300
17347,Application-12,M_Req,missing_destination,37,Application-12-Service,EndDevice-12,Application-12-Service,45300
17349,Application-34,M_Req,missing_destination,59,Application-34-Service,EndDevice-34,Application-34-Service,45300
17350,Application-19,M_Req,missing_destination,44,Application-19-Service,EndDevice-19,Application-19-Service,45300
17355,Application-14,M_Req,missing_destination,39,Application-14-Service,EndDevice-14,Application-14-Service,45300
17384,Application-38,M_Req,missing_destination,63,Application-38-Service,EndDevice-38,Application-38-Service,45500
17395,Application-39,M_Req,missing_destination,64,Application-39-Service,EndDevice-39,Application-39-Service,45500
17432,Application-38,M_Req,missing_destination,63,Application-38-Service,EndDevice-38,Application-38-Service,45600
17442,Application-39,M_Req,missing_destination,64,Application-39-Service,EndDevice-39,Application-39-Service,45600
17480,Application-38,M_Req,missing_destination,63,Application-38-Service,EndDevice-38,Application-38-Service,45700
17490,Application-39,M_Req,missing_destination,64,Application-39-Service,EndDevice-39,Application-39-Service,45700
17524,Application-38,M_Req,missing_destination,63,Application-38-Service,EndDevice-38,Application-38-Service,45800
17526,Application-26,M_Req,missing_destination,51,Application-26-Service,EndDevice-26,Application-26-Service,45800
17529,Application-44,M_Req,missing_destination,69,Application-44-Service,EndDevice-44,Application-44-Service,45800
17531,Application-39,M_Req,missing_destination,64,Application-39-Service,EndDevice-39,Application-39-Service,45800
17572,Application-38,M_Req,missing_destination,63,Application-38-Service,EndDevice-38,Application-38-Service,45900
17574,Application-26,M_Req,missing_destination,51,Application-26-Service,EndDevice-26,Application-26-Service,45900
17577,Application-44,M_Req,missing_destination,69,Application-44-Service,EndDevice-44,Application-44-Service,45900
17579,Application-39,M_Req,missing_destination,64,Application-39-Service,EndDevice-39,Application-39-Service,45900
18778,Application-16,M_Req,missing_destination,41,Application-16-Service,EndDevice-16,Application-16-Service,49100
18781,Application-42,M_Req,missing_destination,67,Application-42-Service,EndDevice-42,Application-42-Service,49100
18787,Application-15,M_Req,missing_destination,40,Application-15-Service,EndDevice-15,Application-15-Service,49100
18788,Application-41,M_Req,missing_destination,66,Application-41-Service,EndDevice-41,Application-41-Service,49100
18799,Application-14,M_Req,missing_destination,39,Application-14-Service,EndDevice-14,Application-14-Service,49100
18801,Application-44,M_Req,missing_destination,69,Application-44-Service,EndDevice-44,Application-44-Service,49100
18807,Application-13,M_Req,missing_destination,38,Application-13-Service,EndDevice-13,Application-13-Service,49100
18820,Application-16,M_Req,missing_destination,41,Application-16-Service,EndDevice-16,Application-16-Service,49200
18823,Application-42,M_Req,missing_destination,67,Application-42-Service,EndDevice-42,Application-42-Service,49200
18828,Application-15,M_Req,missing_destination,40,Application-15-Service,EndDevice-15,Application-15-Service,49200
18829,Application-41,M_Req,missing_destination,66,Application-41-Service,EndDevice-41,Application-41-Service,49200
18868,Application-16,M_Req,missing_destination,41,Application-16-Service,EndDevice-16,Application-16-Service,49300
18876,Application-15,M_Req,missing_destination,40,Application-15-Service,EndDevice-15,Application-15-Service,49300
20057,Application-15,M_Req,missing_destination,40,Application-15-Service,EndDevice-15,Application-15-Service,52400
20058,Application-39,M_Req,missing_destination,64,Application-39-Service,EndDevice-39,Application-39-Service,52400
20059,Application-44,M_Req,missing_destination,69,Application-44-Service,EndDevice-44,Application-44-Service,52400
20060,Application-8,M_Req,missing_destination,33,Application-8-Service,EndDevice-8,Application-8-Service,52400
20062,Application-38,M_Req,missing_destination,63,Application-38-Service,EndDevice-38,Application-38-Service,52400
20063,Application-13,M_Req,missing_destination,38,Application-13-Service,EndDevice-13,Application-13-Service,52400
20064,Application-16,M_Req,missing_destination,41,Application-16-Service,EndDevice-16,Application-16-Service,52400
20066,Application-14,M_Req,missing_destination,39,Application-14-Service,EndDevice-14,Application-14-Service,52500
20105,Application-15,M_Req,missing_destination,40,Application-15-Service,EndDevice-15,Application-15-Service,52500
20106,Application-39,M_Req,missing_destination,64,Application-39-Service,EndDevice-39,Application-39-Service,52500
20107,Application-44,M_Req,missing_destination,69,Application-44-Service,EndDevice-44,Application-44-Service,52500
20108,Application-8,M_Req,missing_destination,33,Application-8-Service,EndDevice-8,Application-8-Service,52500
20110,Application-38,M_Req,missing_destination,63,Application-38-Service,EndDevice-38,Application-38-Service,52500
20111,Application-13,M_Req,missing_destination,38,Application-13-Service,EndDevice-13,Application-13-Service,52500
20112,Application-16,M_Req,missing_destination,41,Application-16-Service,EndDevice-16,Application-16-Service,52500
20145,Application-39,M_Req,missing_destination,64,Application-39-Service,EndDevice-39,Application-39-Service,52700
20147,Application-8,M_Req,missing_destination,33,Application-8-Service,EndDevice-8,Application-8-Service,52700
20149,Application-38,M_Req,missing_destination,63,Application-38-Service,EndDevice-38,Application-38-Service,52700
20150,Application-13,M_Req,missing_destination,38,Application-13-Service,EndDevice-13,Application-13-Service,52700
20151,Application-16,M_Req,missing_destination,41,Application-16-Service,EndDevice-16,Application-16-Service,52700
20172,Application-2,M_Req,missing_destination,27,Application-2-Service,EndDevice-2,Application-2-Service,52700
20173,Application-6,M_Req,missing_destination,31,Application-6-Service,EndDevice-6,Application-6-Service,52700
20174,Application-18,M_Req,missing_destination,43,Application-18-Service,EndDevice-18,Application-18-Service,52700
20175,Application-40,M_Req,missing_destination,65,Application-40-Service,EndDevice-40,Application-40-Service,52700
20177,Application-22,M_Req,missing_destination,47,Application-22-Service,EndDevice-22,Application-22-Service,52700
20193,Application-39,M_Req,missing_destination,64,Application-39-Service,EndDevice-39,Application-39-Service,52800
20195,Application-8,M_Req,missing_destination,33,Application-8-Service,EndDevice-8,Application-8-Service,52800
20197,Application-13,M_Req,missing_destination,38,Application-13-Service,EndDevice-13,Application-13-Service,52800
20213,Application-2,M_Req,missing_destination,27,Application-2-Service,EndDevice-2,Application-2-Service,52800
20214,Application-18,M_Req,missing_destination,43,Application-18-Service,EndDevice-18,Application-18-Service,52800
20215,Application-40,M_Req,missing_destination,65,Application-40-Service,EndDevice-40,Application-40-Service,52800
20216,Application-22,M_Req,missing_destination,47,Application-22-Service,EndDevice-22,Application-22-Service,52800
20287,Application-39,M_Req,missing_destination,64,Application-39-Service,EndDevice-39,Application-39-Service,53000
20289,Application-8,M_Req,missing_destination,33,Application-8-Service,EndDevice-8,Application-8-Service,53000
20335,Application-39,M_Req,missing_destination,64,Application-39-Service,EndDevice-39,Application-39-Service,53100
20337,Application-8,M_Req,missing_destination,33,Application-8-Service,EndDevice-8,Application-8-Service,53100
20377,Application-39,M_Req,missing_destination,64,Application-39-Service,EndDevice-39,Application-39-Service,53300
20390,Application-40,M_Req,missing_destination,65,Application-40-Service,EndDevice-40,Application-40-Service,53300
20395,Application-37,M_Req,missing_destination,62,Application-37-Service,EndDevice-37,Application-37-Service,53300
20396,Application-28,M_Req,missing_destination,53,Application-28-Service,EndDevice-28,Application-28-Service,53300
20425,Application-39,M_Req,missing_destination,64,Application-39-Service,EndDevice-39,Application-39-Service,53400
20436,Application-40,M_Req,missing_destination,65,Application-40-Service,EndDevice-40,Application-40-Service,53400
20441,Application-37,M_Req,missing_destination,62,Application-37-Service,EndDevice-37,Application-37-Service,53400
20442,Application-28,M_Req,missing_destination,53,Application-28-Service,EndDevice-28,Application-28-Service,53400
21655,Application-3,M_Req,missing_destination,28,Application-3-Service,EndDevice-3,Application-3-Service,56600
21663,Application-4,M_Req,missing_destination,29,Application-4-Service,EndDevice-4,Application-4-Service,56600
21668,Application-10,M_Req,missing_destination,35,Application-10-Service,EndDevice-10,Application-10-Service,56600
21669,Application-11,M_Req,missing_destination,36,Application-11-Service,EndDevice-11,Application-11-Service,56600
21677,Application-1,M_Req,missing_destination,26,Application-1-Service,EndDevice-1,Application-1-Service,56600
21703,Application-3,M_Req,missing_destination,28,Application-3-Service,EndDevice-3,Application-3-Service,56700
21711,Application-4,M_Req,missing_destination,29,Application-4-Service,EndDevice-4,Application-4-Service,56700
21716,Application-10,M_Req,missing_destination,35,Application-10-Service,EndDevice-10,Application-10-Service,56700
21717,Application-11,M_Req,missing_destination,36,Application-11-Service,EndDevice-11,Application-11-Service,56700
21725,Application-1,M_Req,missing_destination,26,Application-1-Service,EndDevice-1,Application-1-Service,56700
21767,Application-43,M_Req,missing_destination,68,Application-43-Service,EndDevice-43,Application-43-Service,56900
21772,Application-41,M_Req,missing_destination,66,Application-41-Service,EndDevice-41,Application-41-Service,56900
21812,Application-43,M_Req,missing_destination,68,Application-43-Service,EndDevice-43,Application-43-Service,57000
21816,Application-41,M_Req,missing_destination,66,Application-41-Service,EndDevice-41,Application-41-Service,57000
21860,Application-43,M_Req,missing_destination,68,Application-43-Service,EndDevice-43,Application-43-Service,57100
21864,Application-41,M_Req,missing_destination,66,Application-41-Service,EndDevice-41,Application-41-Service,57100
21901,Application-48,M_Req,missing_destination,73,Application-48-Service,EndDevice-48,Application-48-Service,57200
21902,Application-43,M_Req,missing_destination,68,Application-43-Service,EndDevice-43,Application-43-Service,57200
21906,Application-41,M_Req,missing_destination,66,Application-41-Service,EndDevice-41,Application-41-Service,57200
21949,Application-48,M_Req,missing_destination,73,Application-48-Service,EndDevice-48,Application-48-Service,57300
21950,Application-43,M_Req,missing_destination,68,Application-43-Service,EndDevice-43,Application-43-Service,57300
21954,Application-41,M_Req,missing_destination,66,Application-41-Service,EndDevice-41,Application-41-Service,57300
22107,Application-18,M_Req,missing_destination,43,Application-18-Service,EndDevice-18,Application-18-Service,57800
22108,Application-23,M_Req,missing_destination,48,Application-23-Service,EndDevice-23,Application-23-Service,57800
22109,Application-4,M_Req,missing_destination,29,Application-4-Service,EndDevice-4,Application-4-Service,57800
22110,Application-20,M_Req,missing_destination,45,Application-20-Service,EndDevice-20,Application-20-Service,57800
22111,Application-8,M_Req,missing_destination,33,Application-8-Service,EndDevice-8,Application-8-Service,57800
22112,Application-6,M_Req,missing_destination,31,Application-6-Service,EndDevice-6,Application-6-Service,57800
22114,Application-19,M_Req,missing_destination,44,Application-19-Service,EndDevice-19,Application-19-Service,57800
22115,Application-1,M_Req,missing_destination,26,Application-1-Service,EndDevice-1,Application-1-Service,57800
22117,Application-17,M_Req,missing_destination,42,Application-17-Service,EndDevice-17,Application-17-Service,57800
22118,Application-22,M_Req,missing_destination,47,Application-22-Service,EndDevice-22,Application-22-Service,57800
22120,Application-15,M_Req,missing_destination,40,Application-15-Service,EndDevice-15,Application-15-Service,57800
22132,Application-16,M_Req,missing_destination,41,Application-16-Service,EndDevice-16,Application-16-Service,57800
22138,Application-13,M_Req,missing_destination,38,Application-13-Service,EndDevice-13,Application-13-Service,57900
22155,Application-18,M_Req,missing_destination,43,Application-18-Service,EndDevice-18,Application-18-Service,57900
22156,Application-23,M_Req,missing_destination,48,Application-23-Service,EndDevice-23,Application-23-Service,57900
22157,Application-4,M_Req,missing_destination,29,Application-4-Service,EndDevice-4,Application-4-Service,57900
22158,Application-20,M_Req,missing_destination,45,Application-20-Service,EndDevice-20,Application-20-Service,57900
22159,Application-8,M_Req,missing_destination,33,Application-8-Service,EndDevice-8,Application-8-Service,57900
22160,Application-6,M_Req,missing_destination,31,Application-6-Service,EndDevice-6,Application-6-Service,57900
22162,Application-19,M_Req,missing_destination,44,Application-19-Service,EndDevice-19,Application-19-Service,57900
22163,Application-1,M_Req,missing_destination,26,Application-1-Service,EndDevice-1,Application-1-Service,57900
22165,Application-17,M_Req,missing_destination,42,Application-17-Service,EndDevice-17,Application-17-Service,57900
22166,Application-22,M_Req,missing_destination,47,Application-22-Service,EndDevice-22,Application-22-Service,57900
22168,Application-15,M_Req,missing_destination,40,Application-15-Service,EndDevice-15,Application-15-Service,57900
22180,Application-16,M_Req,missing_destination,41,Application-16-Service,EndDevice-16,Application-16-Service,57900
22375,Application-2,M_Req,missing_destination,27,Application-2-Service,EndDevice-2,Application-2-Service,58500
22441,Application-39,M_Req,missing_destination,64,Application-39-Service,EndDevice-39,Application-39-Service,58700
22477,Application-38,M_Req,missing_destination,63,Application-38-Service,EndDevice-38,Application-38-Service,58700
22518,Application-38,M_Req,missing_destination,63,Application-38-Service,EndDevice-38,Application-38-Service,58800
22566,Application-38,M_Req,missing_destination,63,Application-38-Service,EndDevice-38,Application-38-Service,58900
22585,Application-35,M_Req,missing_destination,60,Application-35-Service,EndDevice-35,Application-35-Service,59000
22633,Application-35,M_Req,missing_destination,60,Application-35-Service,EndDevice-35,Application-35-Service,59100
23263,Application-10,M_Req,missing_destination,35,Application-10-Service,EndDevice-10,Application-10-Service,60800
23264,Application-12,M_Req,missing_destination,37,Application-12-Service,EndDevice-12,Application-12-Service,60800
23280,Application-13,M_Req,missing_destination,38,Application-13-Service,EndDevice-13,Application-13-Service,60800
23282,Application-14,M_Req,missing_destination,39,Application-14-Service,EndDevice-14,Application-14-Service,60800
23311,Application-10,M_Req,missing_destination,35,Application-10-Service,EndDevice-10,Application-10-Service,60900
23312,Application-12,M_Req,missing_destination,37,Application-12-Service,EndDevice-12,Application-12-Service,60900
23328,Application-13,M_Req,missing_destination,38,Application-13-Service,EndDevice-13,Application-13-Service,60900
23330,Application-14,M_Req,missing_destination,39,Application-14-Service,EndDevice-14,Application-14-Service,60900
23383,Application-24,M_Req,missing_destination,49,Application-24-Service,EndDevice-24,Application-24-Service,61100
23396,Application-36,M_Req,missing_destination,61,Application-36-Service,EndDevice-36,Application-36-Service,61100
23397,Application-23,M_Req,missing_destination,48,Application-23-Service,EndDevice-23,Application-23-Service,61100
23399,Application-35,M_Req,missing_destination,60,Application-35-Service,EndDevice-35,Application-35-Service,61100
23427,Application-24,M_Req,missing_destination,49,Application-24-Service,EndDevice-24,Application-24-Service,61200
23486,Application-29,M_Req,missing_destination,54,Application-29-Service,EndDevice-29,Application-29-Service,61400
23497,Application-32,M_Req,missing_destination,57,Application-32-Service,EndDevice-32,Application-32-Service,61400
23498,Application-30,M_Req,missing_destination,55,Application-30-Service,EndDevice-30,Application-30-Service,61400
23534,Application-29,M_Req,missing_destination,54,Application-29-Service,EndDevice-29,Application-29-Service,61500
23545,Application-32,M_Req,missing_destination,57,Application-32-Service,EndDevice-32,Application-32-Service,61500
23546,Application-30,M_Req,missing_destination,55,Application-30-Service,EndDevice-30,Application-30-Service,61500
23588,Application-32,M_Req,missing_destination,57,Application-32-Service,EndDevice-32,Application-32-Service,61600
23589,Application-30,M_Req,missing_destination,55,Application-30-Service,EndDevice-30,Application-30-Service,61600
23591,Application-6,M_Req,missing_destination,31,Application-6-Service,EndDevice-6,Application-6-Service,61700
23595,Application-22,M_Req,missing_destination,47,Application-22-Service,EndDevice-22,Application-22-Service,61700
23596,Application-4,M_Req,missing_destination,29,Application-4-Service,EndDevice-4,Application-4-Service,61700
23597,Application-1,M_Req,missing_destination,26,Application-1-Service,EndDevice-1,Application-1-Service,61700
23599,Application-13,M_Req,missing_destination,38,Application-13-Service,EndDevice-13,Application-13-Service,61700
23600,Application-21,M_Req,missing_destination,46,Application-21-Service,EndDevice-21,Application-21-Service,61700
23601,Application-2,M_Req,missing_destination,27,Application-2-Service,EndDevice-2,Application-2-Service,61700
23611,Application-19,M_Req,missing_destination,44,Application-19-Service,EndDevice-19,Application-19-Service,61700
23613,Application-24,M_Req,missing_destination,49,Application-24-Service,EndDevice-24,Application-24-Service,61700
23614,Application-3,M_Req,missing_destination,28,Application-3-Service,EndDevice-3,Application-3-Service,61700
23618,Application-20,M_Req,missing_destination,45,Application-20-Service,EndDevice-20,Application-20-Service,61700
23619,Application-31,M_Req,missing_destination,56,Application-31-Service,EndDevice-31,Application-31-Service,61700
23621,Application-8,M_Req,missing_destination,33,Application-8-Service,EndDevice-8,Application-8-Service,61700
23627,Application-23,M_Req,missing_destination,48,Application-23-Service,EndDevice-23,Application-23-Service,61700
23628,Application-35,M_Req,missing_destination,60,Application-35-Service,EndDevice-35,Application-35-Service,61700
23632,Application-16,M_Req,missing_destination,41,Application-16-Service,EndDevice-16,Application-16-Service,61700
23634,Application-7,M_Req,missing_destination,32,Application-7-Service,EndDevice-7,Application-7-Service,61700
23635,Application-18,M_Req,missing_destination,43,Application-18-Service,EndDevice-18,Application-18-Service,61700
23636,Application-32,M_Req,missing_destination,57,Application-32-Service,EndDevice-32,Application-32-Service,61700
23637,Application-30,M_Req,missing_destination,55,Application-30-Service,EndDevice-30,Application-30-Service,61700
23639,Application-6,M_Req,missing_destination,31,Application-6-Service,EndDevice-6,Application-6-Service,61800
23642,Application-22,M_Req,missing_destination,47,Application-22-Service,EndDevice-22,Application-22-Service,61800
23643,Application-4,M_Req,missing_destination,29,Application-4-Service,EndDevice-4,Application-4-Service,61800
23644,Application-1,M_Req,missing_destination,26,Application-1-Service,EndDevice-1,Application-1-Service,61800
23646,Application-13,M_Req,missing_destination,38,Application-13-Service,EndDevice-13,Application-13-Service,61800
23647,Application-21,M_Req,missing_destination,46,Application-21-Service,EndDevice-21,Application-21-Service,61800
23648,Application-2,M_Req,missing_destination,27,Application-2-Service,EndDevice-2,Application-2-Service,61800
23655,Application-19,M_Req,missing_destination,44,Application-19-Service,EndDevice-19,Application-19-Service,61800
23657,Application-24,M_Req,missing_destination,49,Application-24-Service,EndDevice-24,Application-24-Service,61800
23660,Application-20,M_Req,missing_destination,45,Application-20-Service,EndDevice-20,Application-20-Service,61800
23662,Application-8,M_Req,missing_destination,33,Application-8-Service,EndDevice-8,Application-8-Service,61800
23744,Application-26,M_Req,missing_destination,51,Application-26-Service,EndDevice-26,Application-26-Service,62000
23747,Application-27,M_Req,missing_destination,52,Application-27-Service,EndDevice-27,Application-27-Service,62100
23792,Application-26,M_Req,missing_destination,51,Application-26-Service,EndDevice-26,Application-26-Service,62100
25896,Application-1,M_Req,missing_destination,26,Application-1-Service,EndDevice-1,Application-1-Service,67700
25905,Application-4,M_Req,missing_destination,29,Application-4-Service,EndDevice-4,Application-4-Service,67700
25940,Application-1,M_Req,missing_destination,26,Application-1-Service,EndDevice-1,Application-1-Service,67800
25947,Application-4,M_Req,missing_destination,29,Application-4-Service,EndDevice-4,Application-4-Service,67800
26034,Application-1,M_Req,missing_destination,26,Application-1-Service,EndDevice-1,Application-1-Service,68000
26047,Application-31,M_Req,missing_destination,56,Application-31-Service,EndDevice-31,Application-31-Service,68100
26048,Application-29,M_Req,missing_destination,54,Application-29-Service,EndDevice-29,Application-29-Service,68100
26082,Application-1,M_Req,missing_destination,26,Application-1-Service,EndDevice-1,Application-1-Service,68100
26093,Application-31,M_Req,missing_destination,56,Application-31-Service,EndDevice-31,Application-31-Service,68200
26094,Application-29,M_Req,missing_destination,54,Application-29-Service,EndDevice-29,Application-29-Service,68200
26141,Application-31,M_Req,missing_destination,56,Application-31-Service,EndDevice-31,Application-31-Service,68300
26142,Application-29,M_Req,missing_destination,54,Application-29-Service,EndDevice-29,Application-29-Service,68300
26184,Application-29,M_Req,missing_destination,54,Application-29-Service,EndDevice-29,Application-29-Service,68400
26799,Application-42,M_Req,missing_destination,67,Application-42-Service,EndDevice-42,Application-42-Service,70100
26812,Application-43,M_Req,missing_destination,68,Application-43-Service,EndDevice-43,Application-43-Service,70100
26820,Application-44,M_Req,missing_destination,69,Application-44-Service,EndDevice-44,Application-44-Service,70100
26839,Application-41,M_Req,missing_destination,66,Application-41-Service,EndDevice-41,Application-41-Service,70100
26840,Application-26,M_Req,missing_destination,51,Application-26-Service,EndDevice-26,Application-26-Service,70100
26846,Application-27,M_Req,missing_destination,52,Application-27-Service,EndDevice-27,Application-27-Service,70100
26847,Application-42,M_Req,missing_destination,67,Application-42-Service,EndDevice-42,Application-42-Service,70200
26864,Application-44,M_Req,missing_destination,69,Application-44-Service,EndDevice-44,Application-44-Service,70200
28636,Application-21,M_Req,missing_destination,46,Application-21-Service,EndDevice-21,Application-21-Service,74900
28637,Application-46,M_Req,missing_destination,71,Application-46-Service,EndDevice-46,Application-46-Service,74900
28638,Application-48,M_Req,missing_destination,73,Application-48-Service,EndDevice-48,Application-48-Service,74900
28641,Application-28,M_Req,missing_destination,53,Application-28-Service,EndDevice-28,Application-28-Service,74900
28642,Application-5,M_Req,missing_destination,30,Application-5-Service,EndDevice-5,Application-5-Service,74900
28646,Application-6,M_Req,missing_destination,31,Application-6-Service,EndDevice-6,Application-6-Service,74900
28650,Application-25,M_Req,missing_destination,50,Application-25-Service,EndDevice-25,Application-25-Service,74900
28651,Application-19,M_Req,missing_destination,44,Application-19-Service,EndDevice-19,Application-19-Service,74900
28653,Application-7,M_Req,missing_destination,32,Application-7-Service,EndDevice-7,Application-7-Service,74900
28654,Application-20,M_Req,missing_destination,45,Application-20-Service,EndDevice-20,Application-20-Service,74900
28655,Application-23,M_Req,missing_destination,48,Application-23-Service,EndDevice-23,Application-23-Service,74900
28657,Application-8,M_Req,missing_destination,33,Application-8-Service,EndDevice-8,Application-8-Service,74900
28659,Application-16,M_Req,missing_destination,41,Application-16-Service,EndDevice-16,Application-16-Service,74900
28661,Application-15,M_Req,missing_destination,40,Application-15-Service,EndDevice-15,Application-15-Service,74900
28663,Application-47,M_Req,missing_destination,72,Application-47-Service,EndDevice-47,Application-47-Service,74900
28664,Application-27,M_Req,missing_destination,52,Application-27-Service,EndDevice-27,Application-27-Service,74900
28667,Application-17,M_Req,missing_destination,42,Application-17-Service,EndDevice-17,Application-17-Service,74900
28669,Application-45,M_Req,missing_destination,70,Application-45-Service,EndDevice-45,Application-45-Service,74900
28670,Application-29,M_Req,missing_destination,54,Application-29-Service,EndDevice-29,Application-29-Service,74900
28672,Application-26,M_Req,missing_destination,51,Application-26-Service,EndDevice-26,Application-26-Service,74900
28674,Application-13,M_Req,missing_destination,38,Application-13-Service,EndDevice-13,Application-13-Service,74900
28675,Application-24,M_Req,missing_destination,49,Application-24-Service,EndDevice-24,Application-24-Service,74900
28681,Application-22,M_Req,missing_destination,47,Application-22-Service,EndDevice-22,Application-22-Service,74900
28682,Application-18,M_Req,missing_destination,43,Application-18-Service,EndDevice-18,Application-18-Service,74900
28684,Application-21,M_Req,missing_destination,46,Application-21-Service,EndDevice-21,Application-21-Service,75000
28685,Application-46,M_Req,missing_destination,71,Application-46-Service,EndDevice-46,Application-46-Service,75000
28686,Application-48,M_Req,missing_destination,73,Application-48-Service,EndDevice-48,Application-48-Service,75000
28688,Application-28,M_Req,missing_destination,53,Application-28-Service,EndDevice-28,Application-28-Service,75000
28689,Application-5,M_Req,missing_destination,30,Application-5-Service,EndDevice-5,Application-5-Service,75000
28695,Application-25,M_Req,missing_destination,50,Application-25-Service,EndDevice-25,Application-25-Service,75000
28696,Application-19,M_Req,missing_destination,44,Application-19-Service,EndDevice-19,Application-19-Service,75000
28698,Application-7,M_Req,missing_destination,32,Application-7-Service,EndDevice-7,Application-7-Service,75000
28699,Application-20,M_Req,missing_destination,45,Application-20-Service,EndDevice-20,Application-20-Service,75000
28700,Application-23,M_Req,missing_destination,48,Application-23-Service,EndDevice-23,Application-23-Service,75000
28703,Application-16,M_Req,missing_destination,41,Application-16-Service,EndDevice-16,Application-16-Service,75000
28705,Application-15,M_Req,missing_destination,40,Application-15-Service,EndDevice-15,Application-15-Service,75000
28707,Application-27,M_Req,missing_destination,52,Application-27-Service,EndDevice-27,Application-27-Service,75000
28710,Application-17,M_Req,missing_destination,42,Application-17-Service,EndDevice-17,Application-17-Service,75000
28869,Application-14,M_Req,missing_destination,39,Application-14-Service,EndDevice-14,Application-14-Service,75500
28882,Application-44,M_Req,missing_destination,69,Application-44-Service,EndDevice-44,Application-44-Service,75500
28888,Application-16,M_Req,missing_destination,41,Application-16-Service,EndDevice-16,Application-16-Service,75500
28890,Application-15,M_Req,missing_destination,40,Application-15-Service,EndDevice-15,Application-15-Service,75500
28917,Application-14,M_Req,missing_destination,39,Application-14-Service,EndDevice-14,Application-14-Service,75600
28933,Application-16,M_Req,missing_destination,41,Application-16-Service,EndDevice-16,Application-16-Service,75600
28935,Application-15,M_Req,missing_destination,40,Application-15-Service,EndDevice-15,Application-15-Service,75600
28965,Application-14,M_Req,missing_destination,39,Application-14-Service,EndDevice-14,Application-14-Service,75700
28981,Application-16,M_Req,missing_destination,41,Application-16-Service,EndDevice-16,Application-16-Service,75700
28983,Application-15,M_Req,missing_destination,40,Application-15-Service,EndDevice-15,Application-15-Service,75700
29005,Application-21,M_Req,missing_destination,46,Application-21-Service,EndDevice-21,Application-21-Service,75800
29010,Application-14,M_Req,missing_destination,39,Application-14-Service,EndDevice-14,Application-14-Service,75800
29018,Application-23,M_Req,missing_destination,48,Application-23-Service,EndDevice-23,Application-23-Service,75900
29053,Application-21,M_Req,missing_destination,46,Application-21-Service,EndDevice-21,Application-21-Service,75900
29058,Application-14,M_Req,missing_destination,39,Application-14-Service,EndDevice-14,Application-14-Service,75900
29450,Application-26,M_Req,missing_destination,51,Application-26-Service,EndDevice-26,Application-26-Service,77000
29456,Application-25,M_Req,missing_destination,50,Application-25-Service,EndDevice-25,Application-25-Service,77000
29482,Application-27,M_Req,missing_destination,52,Application-27-Service,EndDevice-27,Application-27-Service,77100
29498,Application-26,M_Req,missing_destination,51,Application-26-Service,EndDevice-26,Application-26-Service,77100
29504,Application-25,M_Req,missing_destination,50,Application-25-Service,EndDevice-25,Application-25-Service,77100
29803,Application-12,M_Req,missing_destination,37,Application-12-Service,EndDevice-12,Application-12-Service,77900
29827,Application-35,M_Req,missing_destination,60,Application-35-Service,EndDevice-35,Application-35-Service,77900
29832,Application-36,M_Req,missing_destination,61,Application-36-Service,EndDevice-36,Application-36-Service,77900
29850,Application-12,M_Req,missing_destination,37,Application-12-Service,EndDevice-12,Application-12-Service,78000
29928,Application-39,M_Req,missing_destination,64,Application-39-Service,EndDevice-39,Application-39-Service,78200
29932,Application-37,M_Req,missing_destination,62,Application-37-Service,EndDevice-37,Application-37-Service,78200
29939,Application-40,M_Req,missing_destination,65,Application-40-Service,EndDevice-40,Application-40-Service,78200
29976,Application-39,M_Req,missing_destination,64,Application-39-Service,EndDevice-39,Application-39-Service,78300
29980,Application-37,M_Req,missing_destination,62,Application-37-Service,EndDevice-37,Application-37-Service,78300
29987,Application-40,M_Req,missing_destination,65,Application-40-Service,EndDevice-40,Application-40-Service,78300
30035,Application-38,M_Req,missing_destination,63,Application-38-Service,EndDevice-38,Application-38-Service,78500
30080,Application-38,M_Req,missing_destination,63,Application-38-Service,EndDevice-38,Application-38-Service,78600
30128,Application-38,M_Req,missing_destination,63,Application-38-Service,EndDevice-38,Application-38-Service,78700
30172,Application-38,M_Req,missing_destination,63,Application-38-Service,EndDevice-38,Application-38-Service,78800
30220,Application-38,M_Req,missing_destination,63,Application-38-Service,EndDevice-38,Application-38-Service,78900
30834,Application-34,M_Req,missing_destination,59,Application-34-Service,EndDevice-34,Application-34-Service,80600
30849,Application-35,M_Req,missing_destination,60,Application-35-Service,EndDevice-35,Application-35-Service,80600
30859,Application-36,M_Req,missing_destination,61,Application-36-Service,EndDevice-36,Application-36-Service,80600
30866,Application-33,M_Req,missing_destination,58,Application-33-Service,EndDevice-33,Application-33-Service,80700
30882,Application-34,M_Req,missing_destination,59,Application-34-Service,EndDevice-34,Application-34-Service,80700
30897,Application-35,M_Req,missing_destination,60,Application-35-Service,EndDevice-35,Application-35-Service,80700
30907,Application-36,M_Req,missing_destination,61,Application-36-Service,EndDevice-36,Application-36-Service,80700
31634,Application-36,M_Req,missing_destination,61,Application-36-Service,EndDevice-36,Application-36-Service,82700
31644,Application-34,M_Req,missing_destination,59,Application-34-Service,EndDevice-34,Application-34-Service,82700
31653,Application-33,M_Req,missing_destination,58,Application-33-Service,EndDevice-33,Application-33-Service,82700
31655,Application-35,M_Req,missing_destination,60,Application-35-Service,EndDevice-35,Application-35-Service,82700
31680,Application-36,M_Req,missing_destination,61,Application-36-Service,EndDevice-36,Application-36-Service,82800
31687,Application-34,M_Req,missing_destination,59,Application-34-Service,EndDevice-34,Application-34-Service,82800
31695,Application-33,M_Req,missing_destination,58,Application-33-Service,EndDevice-33,Application-33-Service,82800
31697,Application-35,M_Req,missing_destination,60,Application-35-Service,EndDevice-35,Application-35-Service,82800
31775,Application-13,M_Req,missing_destination,38,Application-13-Service,EndDevice-13,Application-13-Service,83000
31823,Application-13,M_Req,missing_destination,38,Application-13-Service,EndDevice-13,Application-13-Service,83100
32001,Application-44,M_Req,missing_destination,69,Application-44-Service,EndDevice-44,Application-44-Service,83600
32049,Application-44,M_Req,missing_destination,69,Application-44-Service,EndDevice-44,Application-44-Service,83700
32575,Application-1,M_Req,missing_destination,26,Application-1-Service,EndDevice-1,Application-1-Service,85100
32576,Application-23,M_Req,missing_destination,48,Application-23-Service,EndDevice-23,Application-23-Service,85100
32578,Application-21,M_Req,missing_destination,46,Application-21-Service,EndDevice-21,Application-21-Service,85100
32579,Application-3,M_Req,missing_destination,28,Application-3-Service,EndDevice-3,Application-3-Service,85100
32583,Application-24,M_Req,missing_destination,49,Application-24-Service,EndDevice-24,Application-24-Service,85100
32599,Application-22,M_Req,missing_destination,47,Application-22-Service,EndDevice-22,Application-22-Service,85100
32618,Application-1,M_Req,missing_destination,26,Application-1-Service,EndDevice-1,Application-1-Service,85200
32620,Application-21,M_Req,missing_destination,46,Application-21-Service,EndDevice-21,Application-21-Service,85200
32621,Application-3,M_Req,missing_destination,28,Application-3-Service,EndDevice-3,Application-3-Service,85200
32624,Application-24,M_Req,missing_destination,49,Application-24-Service,EndDevice-24,Application-24-Service,85200
32668,Application-21,M_Req,missing_destination,46,Application-21-Service,EndDevice-21,Application-21-Service,85300
32672,Application-24,M_Req,missing_destination,49,Application-24-Service,EndDevice-24,Application-24-Service,85300
33620,Application-48,M_Req,missing_destination,73,Application-48-Service,EndDevice-48,Application-48-Service,87800
33627,Application-32,M_Req,missing_destination,57,Application-32-Service,EndDevice-32,Application-32-Service,87800
33631,Application-45,M_Req,missing_destination,70,Application-45-Service,EndDevice-45,Application-45-Service,87900
33668,Application-48,M_Req,missing_destination,73,Application-48-Service,EndDevice-48,Application-48-Service,87900
33675,Application-32,M_Req,missing_destination,57,Application-32-Service,EndDevice-32,Application-32-Service,87900
33678,Application-45,M_Req,missing_destination,70,Application-45-Service,EndDevice-45,Application-45-Service,88000
33725,Application-28,M_Req,missing_destination,53,Application-28-Service,EndDevice-28,Application-28-Service,88100
33726,Application-45,M_Req,missing_destination,70,Application-45-Service,EndDevice-45,Application-45-Service,88100
33754,Application-26,M_Req,missing_destination,51,Application-26-Service,EndDevice-26,Application-26-Service,88100
33769,Application-28,M_Req,missing_destination,53,Application-28-Service,EndDevice-28,Application-28-Service,88200
33770,Application-45,M_Req,missing_destination,70,Application-45-Service,EndDevice-45,Application-45-Service,88200
33818,Application-45,M_Req,missing_destination,70,Application-45-Service,EndDevice-45,Application-45-Service,88300
33952,Application-40,M_Req,missing_destination,65,Application-40-Service,EndDevice-40,Application-40-Service,88700
33976,Application-37,M_Req,missing_destination,62,Application-37-Service,EndDevice-37,Application-37-Service,88700
33980,Application-39,M_Req,missing_destination,64,Application-39-Service,EndDevice-39,Application-39-Service,88700
33982,Application-38,M_Req,missing_destination,63,Application-38-Service,EndDevice-38,Application-38-Service,88700
34537,Application-30,M_Req,missing_destination,55,Application-30-Service,EndDevice-30,Application-30-Service,90200
34541,Application-9,M_Req,missing_destination,34,Application-9-Service,EndDevice-9,Application-9-Service,90200
34585,Application-30,M_Req,missing_destination,55,Application-30-Service,EndDevice-30,Application-30-Service,90300
34589,Application-9,M_Req,missing_destination,34,Application-9-Service,EndDevice-9,Application-9-Service,90300
35688,Application-31,M_Req,missing_destination,56,Application-31-Service,EndDevice-31,Application-31-Service,93200
35694,Application-46,M_Req,missing_destination,71,Application-46-Service,EndDevice-46,Application-46-Service,93200
35707,Application-48,M_Req,missing_destination,73,Application-48-Service,EndDevice-48,Application-48-Service,93300
35736,Application-31,M_Req,missing_destination,56,Application-31-Service,EndDevice-31,Application-31-Service,93300
35742,Application-46,M_Req,missing_destination,71,Application-46-Service,EndDevice-46,Application-46-Service,93300
35784,Application-38,M_Req,missing_destination,63,Application-38-Service,EndDevice-38,Application-38-Service,93500
35792,Application-40,M_Req,missing_destination,65,Application-40-Service,EndDevice-40,Application-40-Service,93500
35794,Application-21,M_Req,missing_destination,46,Application-21-Service,EndDevice-21,Application-21-Service,93500
35796,Application-23,M_Req,missing_destination,48,Application-23-Service,EndDevice-23,Application-23-Service,93500
35799,Application-24,M_Req,missing_destination,49,Application-24-Service,EndDevice-24,Application-24-Service,93500
35801,Application-5,M_Req,missing_destination,30,Application-5-Service,EndDevice-5,Application-5-Service,93500
35806,Application-37,M_Req,missing_destination,62,Application-37-Service,EndDevice-37,Application-37-Service,93500
35809,Application-45,M_Req,missing_destination,70,Application-45-Service,EndDevice-45,Application-45-Service,93500
35811,Application-32,M_Req,missing_destination,57,Application-32-Service,EndDevice-32,Application-32-Service,93500
35813,Application-14,M_Req,missing_destination,39,Application-14-Service,EndDevice-14,Application-14-Service,93500
35814,Application-20,M_Req,missing_destination,45,Application-20-Service,EndDevice-20,Application-20-Service,93500
35815,Application-15,M_Req,missing_destination,40,Application-15-Service,EndDevice-15,Application-15-Service,93500
35817,Application-39,M_Req,missing_destination,64,Application-39-Service,EndDevice-39,Application-39-Service,93500
35821,Application-7,M_Req,missing_destination,32,Application-7-Service,EndDevice-7,Application-7-Service,93500
35823,Application-8,M_Req,missing_destination,33,Application-8-Service,EndDevice-8,Application-8-Service,93500
35824,Application-30,M_Req,missing_destination,55,Application-30-Service,EndDevice-30,Application-30-Service,93500
35825,Application-47,M_Req,missing_destination,72,Application-47-Service,EndDevice-47,Application-47-Service,93500
35830,Application-38,M_Req,missing_destination,63,Application-38-Service,EndDevice-38,Application-38-Service,93600
35837,Application-40,M_Req,missing_destination,65,Application-40-Service,EndDevice-40,Application-40-Service,93600
35839,Application-21,M_Req,missing_destination,46,Application-21-Service,EndDevice-21,Application-21-Service,93600
35841,Application-23,M_Req,missing_destination,48,Application-23-Service,EndDevice-23,Application-23-Service,93600
35843,Application-24,M_Req,missing_destination,49,Application-24-Service,EndDevice-24,Application-24-Service,93600
35845,Application-5,M_Req,missing_destination,30,Application-5-Service,EndDevice-5,Application-5-Service,93600
35849,Application-37,M_Req,missing_destination,62,Application-37-Service,EndDevice-37,Application-37-Service,93600
36029,Application-27,M_Req,missing_destination,52,Application-27-Service,EndDevice-27,Application-27-Service,94100
36030,Application-28,M_Req,missing_destination,53,Application-28-Service,EndDevice-28,Application-28-Service,94100
36031,Application-37,M_Req,missing_destination,62,Application-37-Service,EndDevice-37,Application-37-Service,94100
36070,Application-27,M_Req,missing_destination,52,Application-27-Service,EndDevice-27,Application-27-Service,94200
36071,Application-37,M_Req,missing_destination,62,Application-37-Service,EndDevice-37,Application-37-Service,94200
36119,Application-37,M_Req,missing_destination,62,Application-37-Service,EndDevice-37,Application-37-Service,94300
36150,Application-36,M_Req,missing_destination,61,Application-36-Service,EndDevice-36,Application-36-Service,94400
36152,Application-13,M_Req,missing_destination,38,Application-13-Service,EndDevice-13,Application-13-Service,94400
36198,Application-36,M_Req,missing_destination,61,Application-36-Service,EndDevice-36,Application-36-Service,94500
36200,Application-13,M_Req,missing_destination,38,Application-13-Service,EndDevice-13,Application-13-Service,94500
36593,Application-3,M_Req,missing_destination,28,Application-3-Service,EndDevice-3,Application-3-Service,95600
36600,Application-4,M_Req,missing_destination,29,Application-4-Service,EndDevice-4,Application-4-Service,95600
36606,Application-1,M_Req,missing_destination,26,Application-1-Service,EndDevice-1,Application-1-Service,95600
36609,Application-13,M_Req,missing_destination,38,Application-13-Service,EndDevice-13,Application-13-Service,95600
36611,Application-14,M_Req,missing_destination,39,Application-14-Service,EndDevice-14,Application-14-Service,95600
36622,Application-2,M_Req,missing_destination,27,Application-2-Service,EndDevice-2,Application-2-Service,95600
36623,Application-15,M_Req,missing_destination,40,Application-15-Service,EndDevice-15,Application-15-Service,95600
36641,Application-3,M_Req,missing_destination,28,Application-3-Service,EndDevice-3,Application-3-Service,95700
36648,Application-4,M_Req,missing_destination,29,Application-4-Service,EndDevice-4,Application-4-Service,95700
36654,Application-1,M_Req,missing_destination,26,Application-1-Service,EndDevice-1,Application-1-Service,95700
36657,Application-13,M_Req,missing_destination,38,Application-13-Service,EndDevice-13,Application-13-Service,95700
36659,Application-14,M_Req,missing_destination,39,Application-14-Service,EndDevice-14,Application-14-Service,95700
36670,Application-2,M_Req,missing_destination,27,Application-2-Service,EndDevice-2,Application-2-Service,95700
36671,Application-15,M_Req,missing_destination,40,Application-15-Service,EndDevice-15,Application-15-Service,95700
36722,Application-44,M_Req,missing_destination,69,Application-44-Service,EndDevice-44,Application-44-Service,95900
36734,Application-3,M_Req,missing_destination,28,Application-3-Service,EndDevice-3,Application-3-Service,95900
36740,Application-4,M_Req,missing_destination,29,Application-4-Service,EndDevice-4,Application-4-Service,95900
36766,Application-44,M_Req,missing_destination,69,Application-44-Service,EndDevice-44,Application-44-Service,96000
36814,Application-44,M_Req,missing_destination,69,Application-44-Service,EndDevice-44,Application-44-Service,96100
36932,Application-21,M_Req,missing_destination,46,Application-21-Service,EndDevice-21,Application-21-Service,96500
36951,Application-24,M_Req,missing_destination,49,Application-24-Service,EndDevice-24,Application-24-Service,96500
36952,Application-45,M_Req,missing_destination,70,Application-45-Service,EndDevice-45,Application-45-Service,96500
36953,Application-22,M_Req,missing_destination,47,Application-22-Service,EndDevice-22,Application-22-Service,96500
36962,Application-3,M_Req,missing_destination,28,Application-3-Service,EndDevice-3,Application-3-Service,96500
36964,Application-20,M_Req,missing_destination,45,Application-20-Service,EndDevice-20,Application-20-Service,96500
36966,Application-41,M_Req,missing_destination,66,Application-41-Service,EndDevice-41,Application-41-Service,96500
36967,Application-4,M_Req,missing_destination,29,Application-4-Service,EndDevice-4,Application-4-Service,96500
36968,Application-16,M_Req,missing_destination,41,Application-16-Service,EndDevice-16,Application-16-Service,96500
36969,Application-47,M_Req,missing_destination,72,Application-47-Service,EndDevice-47,Application-47-Service,96500
36971,Application-46,M_Req,missing_destination,71,Application-46-Service,EndDevice-46,Application-46-Service,96500
36975,Application-23,M_Req,missing_destination,48,Application-23-Service,EndDevice-23,Application-23-Service,96500
36977,Application-2,M_Req,missing_destination,27,Application-2-Service,EndDevice-2,Application-2-Service,96500
36995,Application-24,M_Req,missing_destination,49,Application-24-Service,EndDevice-24,Application-24-Service,96600
36996,Application-45,M_Req,missing_destination,70,Application-45-Service,EndDevice-45,Application-45-Service,96600
36997,Application-22,M_Req,missing_destination,47,Application-22-Service,EndDevice-22,Application-22-Service,96600
37296,Application-11,M_Req,missing_destination,36,Application-11-Service,EndDevice-11,Application-11-Service,97400
37300,Application-10,M_Req,missing_destination,35,Application-10-Service,EndDevice-10,Application-10-Service,97400
37344,Application-11,M_Req,missing_destination,36,Application-11-Service,EndDevice-11,Application-11-Service,97500
37348,Application-10,M_Req,missing_destination,35,Application-10-Service,EndDevice-10,Application-10-Service,97500
37433,Application-41,M_Req,missing_destination,66,Application-41-Service,EndDevice-41,Application-41-Service,97700
37435,Application-11,M_Req,missing_destination,36,Application-11-Service,EndDevice-11,Application-11-Service,97700
37634,Application-10,M_Req,missing_destination,35,Application-10-Service,EndDevice-10,Application-10-Service,98300
37635,Application-9,M_Req,missing_destination,34,Application-9-Service,EndDevice-9,Application-9-Service,98300
37639,Application-24,M_Req,missing_destination,49,Application-24-Service,EndDevice-24,Application-24-Service,98300
37679,Application-10,M_Req,missing_destination,35,Application-10-Service,EndDevice-10,Application-10-Service,98400
37680,Application-9,M_Req,missing_destination,34,Application-9-Service,EndDevice-9,Application-9-Service,98400
37683,Application-24,M_Req,missing_destination,49,Application-24-Service,EndDevice-24,Application-24-Service,98400
