id,app,message,reason,TOPO.src,TOPO.dst,TOPO.srcLabel,TOPO.dstLabel,ctime
293,Application-21,M_Req,missing_destination,46,Application-21-Service,EndDevice-21,Application-21-Service,800
294,Application-23,M_Req,missing_destination,48,Application-23-Service,EndDevice-23,Application-23-Service,800
295,Application-24,M_Req,missing_destination,49,Application-24-Service,EndDevice-24,Application-24-Service,800
296,Application-25,M_Req,missing_destination,50,Application-25-Service,EndDevice-25,Application-25-Service,800
297,Application-28,M_Req,missing_destination,53,Application-28-Service,EndDevice-28,Application-28-Service,800
307,Application-26,M_Req,missing_destination,51,Application-26-Service,EndDevice-26,Application-26-Service,800
341,Application-21,M_Req,missing_destination,46,Application-21-Service,EndDevice-21,Application-21-Service,900
342,Application-23,M_Req,missing_destination,48,Application-23-Service,EndDevice-23,Application-23-Service,900
343,Application-24,M_Req,missing_destination,49,Application-24-Service,EndDevice-24,Application-24-Service,900
344,Application-25,M_Req,missing_destination,50,Application-25-Service,EndDevice-25,Application-25-Service,900
345,Application-28,M_Req,missing_destination,53,Application-28-Service,EndDevice-28,Application-28-Service,900
355,Application-26,M_Req,missing_destination,51,Application-26-Service,EndDevice-26,Application-26-Service,900
383,Application-21,M_Req,missing_destination,46,Application-21-Service,EndDevice-21,Application-21-Service,1000
384,Application-23,M_Req,missing_destination,48,Application-23-Service,EndDevice-23,Application-23-Service,1000
385,Application-24,M_Req,missing_destination,49,Application-24-Service,EndDevice-24,Application-24-Service,1000
386,Application-25,M_Req,missing_destination,50,Application-25-Service,EndDevice-25,Application-25-Service,1000
387,Application-28,M_Req,missing_destination,53,Application-28-Service,EndDevice-28,Application-28-Service,1000
395,Application-26,M_Req,missing_destination,51,Application-26-Service,EndDevice-26,Application-26-Service,1000
402,Application-36,M_Req,missing_destination,61,Application-36-Service,EndDevice-36,Application-36-Service,1100
405,Application-35,M_Req,missing_destination,60,Application-35-Service,EndDevice-35,Application-35-Service,1100
406,Application-34,M_Req,missing_destination,59,Application-34-Service,EndDevice-34,Application-34-Service,1100
414,Application-37,M_Req,missing_destination,62,Application-37-Service,EndDevice-37,Application-37-Service,1100
419,Application-33,M_Req,missing_destination,58,Application-33-Service,EndDevice-33,Application-33-Service,1100
422,Application-22,M_Req,missing_destination,47,Application-22-Service,EndDevice-22,Application-22-Service,1100
431,Application-21,M_Req,missing_destination,46,Application-21-Service,EndDevice-21,Application-21-Service,1100
432,Application-23,M_Req,missing_destination,48,Application-23-Service,EndDevice-23,Application-23-Service,1100
433,Application-24,M_Req,missing_destination,49,Application-24-Service,EndDevice-24,Application-24-Service,1100
434,Application-25,M_Req,missing_destination,50,Application-25-Service,EndDevice-25,Application-25-Service,1100
435,Application-28,M_Req,missing_destination,53,Application-28-Service,EndDevice-28,Application-28-Service,1100
438,Application-39,M_Req,missing_destination,64,Application-39-Service,EndDevice-39,Application-39-Service,1100
443,Application-26,M_Req,missing_destination,51,Application-26-Service,EndDevice-26,Application-26-Service,1100
447,Application-40,M_Req,missing_destination,65,Application-40-Service,EndDevice-40,Application-40-Service,1100
448,Application-38,M_Req,missing_destination,63,Application-38-Service,EndDevice-38,Application-38-Service,1100
450,Application-36,M_Req,missing_destination,61,Application-36-Service,EndDevice-36,Application-36-Service,1200
453,Application-35,M_Req,missing_destination,60,Application-35-Service,EndDevice-35,Application-35-Service,1200
454,Application-34,M_Req,missing_destination,59,Application-34-Service,EndDevice-34,Application-34-Service,1200
465,Application-33,M_Req,missing_destination,58,Application-33-Service,EndDevice-33,Application-33-Service,1200
468,Application-22,M_Req,missing_destination,47,Application-22-Service,EndDevice-22,Application-22-Service,1200
516,Application-22,M_Req,missing_destination,47,Application-22-Service,EndDevice-22,Application-22-Service,1300
519,Application-13,M_Req,missing_destination,38,Application-13-Service,EndDevice-13,Application-13-Service,1400
520,Application-16,M_Req,missing_destination,41,Application-16-Service,EndDevice-16,Application-16-Service,1400
524,Application-29,M_Req,missing_destination,54,Application-29-Service,EndDevice-29,Application-29-Service,1400
525,Application-32,M_Req,missing_destination,57,Application-32-Service,EndDevice-32,Application-32-Service,1400
530,Application-40,M_Req,missing_destination,65,Application-40-Service,EndDevice-40,Application-40-Service,1400
538,Application-24,M_Req,missing_destination,49,Application-24-Service,EndDevice-24,Application-24-Service,1400
545,Application-14,M_Req,missing_destination,39,Application-14-Service,EndDevice-14,Application-14-Service,1400
549,Application-15,M_Req,missing_destination,40,Application-15-Service,EndDevice-15,Application-15-Service,1500
550,Application-31,M_Req,missing_destination,56,Application-31-Service,EndDevice-31,Application-31-Service,1500
551,Application-30,M_Req,missing_destination,55,Application-30-Service,EndDevice-30,Application-30-Service,1500
567,Application-13,M_Req,missing_destination,38,Application-13-Service,EndDevice-13,Application-13-Service,1500
568,Application-16,M_Req,missing_destination,41,Application-16-Service,EndDevice-16,Application-16-Service,1500
572,Application-29,M_Req,missing_destination,54,Application-29-Service,EndDevice-29,Application-29-Service,1500
573,Application-32,M_Req,missing_destination,57,Application-32-Service,EndDevice-32,Application-32-Service,1500
578,Application-40,M_Req,missing_destination,65,Application-40-Service,EndDevice-40,Application-40-Service,1500
586,Application-24,M_Req,missing_destination,49,Application-24-Service,EndDevice-24,Application-24-Service,1500
593,Application-14,M_Req,missing_destination,39,Application-14-Service,EndDevice-14,Application-14-Service,1500
597,Application-15,M_Req,missing_destination,40,Application-15-Service,EndDevice-15,Application-15-Service,1600
598,Application-31,M_Req,missing_destination,56,Application-31-Service,EndDevice-31,Application-31-Service,1600
599,Application-30,M_Req,missing_destination,55,Application-30-Service,EndDevice-30,Application-30-Service,1600
613,Application-13,M_Req,missing_destination,38,Application-13-Service,EndDevice-13,Application-13-Service,1600
614,Application-16,M_Req,missing_destination,41,Application-16-Service,EndDevice-16,Application-16-Service,1600
615,Application-29,M_Req,missing_destination,54,Application-29-Service,EndDevice-29,Application-29-Service,1600
625,Application-24,M_Req,missing_destination,49,Application-24-Service,EndDevice-24,Application-24-Service,1600
626,Application-36,M_Req,missing_destination,61,Application-36-Service,EndDevice-36,Application-36-Service,1700
629,Application-35,M_Req,missing_destination,60,Application-35-Service,EndDevice-35,Application-35-Service,1700
630,Application-34,M_Req,missing_destination,59,Application-34-Service,EndDevice-34,Application-34-Service,1700
636,Application-21,M_Req,missing_destination,46,Application-21-Service,EndDevice-21,Application-21-Service,1700
639,Application-23,M_Req,missing_destination,48,Application-23-Service,EndDevice-23,Application-23-Service,1700
645,Application-15,M_Req,missing_destination,40,Application-15-Service,EndDevice-15,Application-15-Service,1700
646,Application-31,M_Req,missing_destination,56,Application-31-Service,EndDevice-31,Application-31-Service,1700
647,Application-30,M_Req,missing_destination,55,Application-30-Service,EndDevice-30,Application-30-Service,1700
648,Application-33,M_Req,missing_destination,58,Application-33-Service,EndDevice-33,Application-33-Service,1700
661,Application-13,M_Req,missing_destination,38,Application-13-Service,EndDevice-13,Application-13-Service,1700
662,Application-16,M_Req,missing_destination,41,Application-16-Service,EndDevice-16,Application-16-Service,1700
663,Application-29,M_Req,missing_destination,54,Application-29-Service,EndDevice-29,Application-29-Service,1700
673,Application-24,M_Req,missing_destination,49,Application-24-Service,EndDevice-24,Application-24-Service,1700
674,Application-36,M_Req,missing_destination,61,Application-36-Service,EndDevice-36,Application-36-Service,1800
677,Application-35,M_Req,missing_destination,60,Application-35-Service,EndDevice-35,Application-35-Service,1800
678,Application-34,M_Req,missing_destination,59,Application-34-Service,EndDevice-34,Application-34-Service,1800
684,Application-21,M_Req,missing_destination,46,Application-21-Service,EndDevice-21,Application-21-Service,1800
687,Application-23,M_Req,missing_destination,48,Application-23-Service,EndDevice-23,Application-23-Service,1800
692,Application-15,M_Req,missing_destination,40,Application-15-Service,EndDevice-15,Application-15-Service,1800
693,Application-31,M_Req,missing_destination,56,Application-31-Service,EndDevice-31,Application-31-Service,1800
694,Application-30,M_Req,missing_destination,55,Application-30-Service,EndDevice-30,Application-30-Service,1800
732,Application-21,M_Req,missing_destination,46,Application-21-Service,EndDevice-21,Application-21-Service,1900
735,Application-23,M_Req,missing_destination,48,Application-23-Service,EndDevice-23,Application-23-Service,1900
740,Application-15,M_Req,missing_destination,40,Application-15-Service,EndDevice-15,Application-15-Service,1900
754,Application-29,M_Req,missing_destination,54,Application-29-Service,EndDevice-29,Application-29-Service,2000
775,Application-21,M_Req,missing_destination,46,Application-21-Service,EndDevice-21,Application-21-Service,2000
777,Application-23,M_Req,missing_destination,48,Application-23-Service,EndDevice-23,Application-23-Service,2000
782,Application-31,M_Req,missing_destination,56,Application-31-Service,EndDevice-31,Application-31-Service,2100
783,Application-30,M_Req,missing_destination,55,Application-30-Service,EndDevice-30,Application-30-Service,2100
786,Application-22,M_Req,missing_destination,47,Application-22-Service,EndDevice-22,Application-22-Service,2100
787,Application-9,M_Req,missing_destination,34,Application-9-Service,EndDevice-9,Application-9-Service,2100
802,Application-29,M_Req,missing_destination,54,Application-29-Service,EndDevice-29,Application-29-Service,2100
823,Application-21,M_Req,missing_destination,46,Application-21-Service,EndDevice-21,Application-21-Service,2100
825,Application-23,M_Req,missing_destination,48,Application-23-Service,EndDevice-23,Application-23-Service,2100
860,Application-2,M_Req,missing_destination,27,Application-2-Service,EndDevice-2,Application-2-Service,2300
861,Application-4,M_Req,missing_destination,29,Application-4-Service,EndDevice-4,Application-4-Service,2300
867,Application-40,M_Req,missing_destination,65,Application-40-Service,EndDevice-40,Application-40-Service,2300
871,Application-3,M_Req,missing_destination,28,Application-3-Service,EndDevice-3,Application-3-Service,2300
884,Application-37,M_Req,missing_destination,62,Application-37-Service,EndDevice-37,Application-37-Service,2300
897,Application-1,M_Req,missing_destination,26,Application-1-Service,EndDevice-1,Application-1-Service,2300
899,Application-38,M_Req,missing_destination,63,Application-38-Service,EndDevice-38,Application-38-Service,2300
901,Application-39,M_Req,missing_destination,64,Application-39-Service,EndDevice-39,Application-39-Service,2300
906,Application-4,M_Req,missing_destination,29,Application-4-Service,EndDevice-4,Application-4-Service,2400
912,Application-40,M_Req,missing_destination,65,Application-40-Service,EndDevice-40,Application-40-Service,2400
916,Application-3,M_Req,missing_destination,28,Application-3-Service,EndDevice-3,Application-3-Service,2400
926,Application-37,M_Req,missing_destination,62,Application-37-Service,EndDevice-37,Application-37-Service,2400
954,Application-4,M_Req,missing_destination,29,Application-4-Service,EndDevice-4,Application-4-Service,2500
960,Application-40,M_Req,missing_destination,65,Application-40-Service,EndDevice-40,Application-40-Service,2500
964,Application-3,M_Req,missing_destination,28,Application-3-Service,EndDevice-3,Application-3-Service,2500
974,Application-37,M_Req,missing_destination,62,Application-37-Service,EndDevice-37,Application-37-Service,2500
979,Application-18,M_Req,missing_destination,43,Application-18-Service,EndDevice-18,Application-18-Service,2600
986,Application-39,M_Req,missing_destination,64,Application-39-Service,EndDevice-39,Application-39-Service,2600
987,Application-2,M_Req,missing_destination,27,Application-2-Service,EndDevice-2,Application-2-Service,2600
989,Application-17,M_Req,missing_destination,42,Application-17-Service,EndDevice-17,Application-17-Service,2600
999,Application-21,M_Req,missing_destination,46,Application-21-Service,EndDevice-21,Application-21-Service,2600
1001,Application-47,M_Req,missing_destination,72,Application-47-Service,EndDevice-47,Application-47-Service,2600
1006,Application-3,M_Req,missing_destination,28,Application-3-Service,EndDevice-3,Application-3-Service,2600
1008,Application-48,M_Req,missing_destination,73,Application-48-Service,EndDevice-48,Application-48-Service,2600
1014,Application-37,M_Req,missing_destination,62,Application-37-Service,EndDevice-37,Application-37-Service,2700
1016,Application-46,M_Req,missing_destination,71,Application-46-Service,EndDevice-46,Application-46-Service,2700
1027,Application-18,M_Req,missing_destination,43,Application-18-Service,EndDevice-18,Application-18-Service,2700
1034,Application-39,M_Req,missing_destination,64,Application-39-Service,EndDevice-39,Application-39-Service,2700
1035,Application-2,M_Req,missing_destination,27,Application-2-Service,EndDevice-2,Application-2-Service,2700
1037,Application-17,M_Req,missing_destination,42,Application-17-Service,EndDevice-17,Application-17-Service,2700
1047,Application-21,M_Req,missing_destination,46,Application-21-Service,EndDevice-21,Application-21-Service,2700
1049,Application-47,M_Req,missing_destination,72,Application-47-Service,EndDevice-47,Application-47-Service,2700
1054,Application-3,M_Req,missing_destination,28,Application-3-Service,EndDevice-3,Application-3-Service,2700
1056,Application-48,M_Req,missing_destination,73,Application-48-Service,EndDevice-48,Application-48-Service,2700
1062,Application-37,M_Req,missing_destination,62,Application-37-Service,EndDevice-37,Application-37-Service,2800
1069,Application-18,M_Req,missing_destination,43,Application-18-Service,EndDevice-18,Application-18-Service,2800
1077,Application-2,M_Req,missing_destination,27,Application-2-Service,EndDevice-2,Application-2-Service,2800
1085,Application-43,M_Req,missing_destination,68,Application-43-Service,EndDevice-43,Application-43-Service,2900
1093,Application-3,M_Req,missing_destination,28,Application-3-Service,EndDevice-3,Application-3-Service,2900
1094,Application-42,M_Req,missing_destination,67,Application-42-Service,EndDevice-42,Application-42-Service,2900
1096,Application-12,M_Req,missing_destination,37,Application-12-Service,EndDevice-12,Application-12-Service,2900
1101,Application-11,M_Req,missing_destination,36,Application-11-Service,EndDevice-11,Application-11-Service,2900
1106,Application-19,M_Req,missing_destination,44,Application-19-Service,EndDevice-19,Application-19-Service,2900
1109,Application-41,M_Req,missing_destination,66,Application-41-Service,EndDevice-41,Application-41-Service,2900
1110,Application-37,M_Req,missing_destination,62,Application-37-Service,EndDevice-37,Application-37-Service,2900
1111,Application-10,M_Req,missing_destination,35,Application-10-Service,EndDevice-10,Application-10-Service,2900
1113,Application-9,M_Req,missing_destination,34,Application-9-Service,EndDevice-9,Application-9-Service,2900
1117,Application-18,M_Req,missing_destination,43,Application-18-Service,EndDevice-18,Application-18-Service,2900
1120,Application-1,M_Req,missing_destination,26,Application-1-Service,EndDevice-1,Application-1-Service,2900
1125,Application-2,M_Req,missing_destination,27,Application-2-Service,EndDevice-2,Application-2-Service,2900
1131,Application-44,M_Req,missing_destination,69,Application-44-Service,EndDevice-44,Application-44-Service,2900
1133,Application-43,M_Req,missing_destination,68,Application-43-Service,EndDevice-43,Application-43-Service,3000
1139,Application-3,M_Req,missing_destination,28,Application-3-Service,EndDevice-3,Application-3-Service,3000
1140,Application-42,M_Req,missing_destination,67,Application-42-Service,EndDevice-42,Application-42-Service,3000
1142,Application-12,M_Req,missing_destination,37,Application-12-Service,EndDevice-12,Application-12-Service,3000
1146,Application-11,M_Req,missing_destination,36,Application-11-Service,EndDevice-11,Application-11-Service,3000
1151,Application-19,M_Req,missing_destination,44,Application-19-Service,EndDevice-19,Application-19-Service,3000
1154,Application-41,M_Req,missing_destination,66,Application-41-Service,EndDevice-41,Application-41-Service,3000
1155,Application-37,M_Req,missing_destination,62,Application-37-Service,EndDevice-37,Application-37-Service,3000
1156,Application-10,M_Req,missing_destination,35,Application-10-Service,EndDevice-10,Application-10-Service,3000
1158,Application-9,M_Req,missing_destination,34,Application-9-Service,EndDevice-9,Application-9-Service,3000
1203,Application-37,M_Req,missing_destination,62,Application-37-Service,EndDevice-37,Application-37-Service,3100
1210,Application-38,M_Req,missing_destination,63,Application-38-Service,EndDevice-38,Application-38-Service,3200
1211,Application-39,M_Req,missing_destination,64,Application-39-Service,EndDevice-39,Application-39-Service,3200
1215,Application-31,M_Req,missing_destination,56,Application-31-Service,EndDevice-31,Application-31-Service,3200
1216,Application-44,M_Req,missing_destination,69,Application-44-Service,EndDevice-44,Application-44-Service,3200
1221,Application-30,M_Req,missing_destination,55,Application-30-Service,EndDevice-30,Application-30-Service,3200
1222,Application-40,M_Req,missing_destination,65,Application-40-Service,EndDevice-40,Application-40-Service,3200
1228,Application-29,M_Req,missing_destination,54,Application-29-Service,EndDevice-29,Application-29-Service,3200
1234,Application-32,M_Req,missing_destination,57,Application-32-Service,EndDevice-32,Application-32-Service,3200
1243,Application-37,M_Req,missing_destination,62,Application-37-Service,EndDevice-37,Application-37-Service,3300
1258,Application-38,M_Req,missing_destination,63,Application-38-Service,EndDevice-38,Application-38-Service,3300
1259,Application-39,M_Req,missing_destination,64,Application-39-Service,EndDevice-39,Application-39-Service,3300
1263,Application-31,M_Req,missing_destination,56,Application-31-Service,EndDevice-31,Application-31-Service,3300
1264,Application-44,M_Req,missing_destination,69,Application-44-Service,EndDevice-44,Application-44-Service,3300
1269,Application-30,M_Req,missing_destination,55,Application-30-Service,EndDevice-30,Application-30-Service,3300
1270,Application-40,M_Req,missing_destination,65,Application-40-Service,EndDevice-40,Application-40-Service,3300
1276,Application-29,M_Req,missing_destination,54,Application-29-Service,EndDevice-29,Application-29-Service,3300
1282,Application-32,M_Req,missing_destination,57,Application-32-Service,EndDevice-32,Application-32-Service,3300
1307,Application-31,M_Req,missing_destination,56,Application-31-Service,EndDevice-31,Application-31-Service,3400
1308,Application-44,M_Req,missing_destination,69,Application-44-Service,EndDevice-44,Application-44-Service,3400
1312,Application-30,M_Req,missing_destination,55,Application-30-Service,EndDevice-30,Application-30-Service,3400
1316,Application-34,M_Req,missing_destination,59,Application-34-Service,EndDevice-34,Application-34-Service,3500
1319,Application-29,M_Req,missing_destination,54,Application-29-Service,EndDevice-29,Application-29-Service,3500
1325,Application-11,M_Req,missing_destination,36,Application-11-Service,EndDevice-11,Application-11-Service,3500
1330,Application-35,M_Req,missing_destination,60,Application-35-Service,EndDevice-35,Application-35-Service,3500
1335,Application-36,M_Req,missing_destination,61,Application-36-Service,EndDevice-36,Application-36-Service,3500
1336,Application-12,M_Req,missing_destination,37,Application-12-Service,EndDevice-12,Application-12-Service,3500
1340,Application-10,M_Req,missing_destination,35,Application-10-Service,EndDevice-10,Application-10-Service,3500
1342,Application-9,M_Req,missing_destination,34,Application-9-Service,EndDevice-9,Application-9-Service,3500
1345,Application-20,M_Req,missing_destination,45,Application-20-Service,EndDevice-20,Application-20-Service,3500
1353,Application-2,M_Req,missing_destination,27,Application-2-Service,EndDevice-2,Application-2-Service,3500
1355,Application-31,M_Req,missing_destination,56,Application-31-Service,EndDevice-31,Application-31-Service,3500
1356,Application-44,M_Req,missing_destination,69,Application-44-Service,EndDevice-44,Application-44-Service,3500
1359,Application-33,M_Req,missing_destination,58,Application-33-Service,EndDevice-33,Application-33-Service,3500
1360,Application-30,M_Req,missing_destination,55,Application-30-Service,EndDevice-30,Application-30-Service,3500
1364,Application-34,M_Req,missing_destination,59,Application-34-Service,EndDevice-34,Application-34-Service,3600
1367,Application-29,M_Req,missing_destination,54,Application-29-Service,EndDevice-29,Application-29-Service,3600
1379,Application-36,M_Req,missing_destination,61,Application-36-Service,EndDevice-36,Application-36-Service,3600
1380,Application-12,M_Req,missing_destination,37,Application-12-Service,EndDevice-12,Application-12-Service,3600
1384,Application-10,M_Req,missing_destination,35,Application-10-Service,EndDevice-10,Application-10-Service,3600
1385,Application-9,M_Req,missing_destination,34,Application-9-Service,EndDevice-9,Application-9-Service,3600
1387,Application-20,M_Req,missing_destination,45,Application-20-Service,EndDevice-20,Application-20-Service,3600
1459,Application-29,M_Req,missing_destination,54,Application-29-Service,EndDevice-29,Application-29-Service,3800
1468,Application-13,M_Req,missing_destination,38,Application-13-Service,EndDevice-13,Application-13-Service,3800
1470,Application-12,M_Req,missing_destination,37,Application-12-Service,EndDevice-12,Application-12-Service,3800
1473,Application-9,M_Req,missing_destination,34,Application-9-Service,EndDevice-9,Application-9-Service,3900
1507,Application-29,M_Req,missing_destination,54,Application-29-Service,EndDevice-29,Application-29-Service,3900
1516,Application-13,M_Req,missing_destination,38,Application-13-Service,EndDevice-13,Application-13-Service,3900
1518,Application-12,M_Req,missing_destination,37,Application-12-Service,EndDevice-12,Application-12-Service,3900
1521,Application-9,M_Req,missing_destination,34,Application-9-Service,EndDevice-9,Application-9-Service,4000
1550,Application-4,M_Req,missing_destination,29,Application-4-Service,EndDevice-4,Application-4-Service,4100
1551,Application-17,M_Req,missing_destination,42,Application-17-Service,EndDevice-17,Application-17-Service,4100
1555,Application-19,M_Req,missing_destination,44,Application-19-Service,EndDevice-19,Application-19-Service,4100
1565,Application-29,M_Req,missing_destination,54,Application-29-Service,EndDevice-29,Application-29-Service,4100
1566,Application-13,M_Req,missing_destination,38,Application-13-Service,EndDevice-13,Application-13-Service,4100
1569,Application-9,M_Req,missing_destination,34,Application-9-Service,EndDevice-9,Application-9-Service,4100
1570,Application-20,M_Req,missing_destination,45,Application-20-Service,EndDevice-20,Application-20-Service,4100
1585,Application-18,M_Req,missing_destination,43,Application-18-Service,EndDevice-18,Application-18-Service,4100
1597,Application-4,M_Req,missing_destination,29,Application-4-Service,EndDevice-4,Application-4-Service,4200
1598,Application-17,M_Req,missing_destination,42,Application-17-Service,EndDevice-17,Application-17-Service,4200
1608,Application-29,M_Req,missing_destination,54,Application-29-Service,EndDevice-29,Application-29-Service,4200
1609,Application-13,M_Req,missing_destination,38,Application-13-Service,EndDevice-13,Application-13-Service,4200
1612,Application-9,M_Req,missing_destination,34,Application-9-Service,EndDevice-9,Application-9-Service,4200
1613,Application-20,M_Req,missing_destination,45,Application-20-Service,EndDevice-20,Application-20-Service,4200
1660,Application-9,M_Req,missing_destination,34,Application-9-Service,EndDevice-9,Application-9-Service,4300
1670,Application-2,M_Req,missing_destination,27,Application-2-Service,EndDevice-2,Application-2-Service,4400
1682,Application-3,M_Req,missing_destination,28,Application-3-Service,EndDevice-3,Application-3-Service,4400
1690,Application-4,M_Req,missing_destination,29,Application-4-Service,EndDevice-4,Application-4-Service,4400
1691,Application-17,M_Req,missing_destination,42,Application-17-Service,EndDevice-17,Application-17-Service,4400
1698,Application-29,M_Req,missing_destination,54,Application-29-Service,EndDevice-29,Application-29-Service,4400
1703,Application-1,M_Req,missing_destination,26,Application-1-Service,EndDevice-1,Application-1-Service,4500
1718,Application-2,M_Req,missing_destination,27,Application-2-Service,EndDevice-2,Application-2-Service,4500
1730,Application-3,M_Req,missing_destination,28,Application-3-Service,EndDevice-3,Application-3-Service,4500
1738,Application-4,M_Req,missing_destination,29,Application-4-Service,EndDevice-4,Application-4-Service,4500
1739,Application-17,M_Req,missing_destination,42,Application-17-Service,EndDevice-17,Application-17-Service,4500
1746,Application-29,M_Req,missing_destination,54,Application-29-Service,EndDevice-29,Application-29-Service,4500
1778,Application-43,M_Req,missing_destination,68,Application-43-Service,EndDevice-43,Application-43-Service,4700
1782,Application-41,M_Req,missing_destination,66,Application-41-Service,EndDevice-41,Application-41-Service,4700
1791,Application-3,M_Req,missing_destination,28,Application-3-Service,EndDevice-3,Application-3-Service,4700
1793,Application-44,M_Req,missing_destination,69,Application-44-Service,EndDevice-44,Application-44-Service,4700
1798,Application-1,M_Req,missing_destination,26,Application-1-Service,EndDevice-1,Application-1-Service,4700
1802,Application-42,M_Req,missing_destination,67,Application-42-Service,EndDevice-42,Application-42-Service,4700
1811,Application-2,M_Req,missing_destination,27,Application-2-Service,EndDevice-2,Application-2-Service,4700
1819,Application-12,M_Req,missing_destination,37,Application-12-Service,EndDevice-12,Application-12-Service,4700
1826,Application-43,M_Req,missing_destination,68,Application-43-Service,EndDevice-43,Application-43-Service,4800
1827,Application-41,M_Req,missing_destination,66,Application-41-Service,EndDevice-41,Application-41-Service,4800
1836,Application-3,M_Req,missing_destination,28,Application-3-Service,EndDevice-3,Application-3-Service,4800
1838,Application-44,M_Req,missing_destination,69,Application-44-Service,EndDevice-44,Application-44-Service,4800
1874,Application-43,M_Req,missing_destination,68,Application-43-Service,EndDevice-43,Application-43-Service,4900
1875,Application-41,M_Req,missing_destination,66,Application-41-Service,EndDevice-41,Application-41-Service,4900
1884,Application-3,M_Req,missing_destination,28,Application-3-Service,EndDevice-3,Application-3-Service,4900
1886,Application-44,M_Req,missing_destination,69,Application-44-Service,EndDevice-44,Application-44-Service,4900
1899,Application-2,M_Req,missing_destination,27,Application-2-Service,EndDevice-2,Application-2-Service,5000
1900,Application-18,M_Req,missing_destination,43,Application-18-Service,EndDevice-18,Application-18-Service,5000
1901,Application-40,M_Req,missing_destination,65,Application-40-Service,EndDevice-40,Application-40-Service,5000
1907,Application-19,M_Req,missing_destination,44,Application-19-Service,EndDevice-19,Application-19-Service,5000
1913,Application-1,M_Req,missing_destination,26,Application-1-Service,EndDevice-1,Application-1-Service,5000
1914,Application-4,M_Req,missing_destination,29,Application-4-Service,EndDevice-4,Application-4-Service,5000
1915,Application-20,M_Req,missing_destination,45,Application-20-Service,EndDevice-20,Application-20-Service,5000
1917,Application-17,M_Req,missing_destination,42,Application-17-Service,EndDevice-17,Application-17-Service,5000
1918,Application-43,M_Req,missing_destination,68,Application-43-Service,EndDevice-43,Application-43-Service,5000
1919,Application-41,M_Req,missing_destination,66,Application-41-Service,EndDevice-41,Application-41-Service,5000
1923,Application-29,M_Req,missing_destination,54,Application-29-Service,EndDevice-29,Application-29-Service,5000
1924,Application-30,M_Req,missing_destination,55,Application-30-Service,EndDevice-30,Application-30-Service,5000
1925,Application-3,M_Req,missing_destination,28,Application-3-Service,EndDevice-3,Application-3-Service,5000
1927,Application-44,M_Req,missing_destination,69,Application-44-Service,EndDevice-44,Application-44-Service,5000
1928,Application-9,M_Req,missing_destination,34,Application-9-Service,EndDevice-9,Application-9-Service,5000
1930,Application-37,M_Req,missing_destination,62,Application-37-Service,EndDevice-37,Application-37-Service,5100
1934,Application-38,M_Req,missing_destination,63,Application-38-Service,EndDevice-38,Application-38-Service,5100
1947,Application-2,M_Req,missing_destination,27,Application-2-Service,EndDevice-2,Application-2-Service,5100
1948,Application-18,M_Req,missing_destination,43,Application-18-Service,EndDevice-18,Application-18-Service,5100
1949,Application-40,M_Req,missing_destination,65,Application-40-Service,EndDevice-40,Application-40-Service,5100
1955,Application-19,M_Req,missing_destination,44,Application-19-Service,EndDevice-19,Application-19-Service,5100
1961,Application-1,M_Req,missing_destination,26,Application-1-Service,EndDevice-1,Application-1-Service,5100
1962,Application-4,M_Req,missing_destination,29,Application-4-Service,EndDevice-4,Application-4-Service,5100
1963,Application-20,M_Req,missing_destination,45,Application-20-Service,EndDevice-20,Application-20-Service,5100
1965,Application-17,M_Req,missing_destination,42,Application-17-Service,EndDevice-17,Application-17-Service,5100
1966,Application-43,M_Req,missing_destination,68,Application-43-Service,EndDevice-43,Application-43-Service,5100
1967,Application-41,M_Req,missing_destination,66,Application-41-Service,EndDevice-41,Application-41-Service,5100
1971,Application-29,M_Req,missing_destination,54,Application-29-Service,EndDevice-29,Application-29-Service,5100
1972,Application-30,M_Req,missing_destination,55,Application-30-Service,EndDevice-30,Application-30-Service,5100
1973,Application-3,M_Req,missing_destination,28,Application-3-Service,EndDevice-3,Application-3-Service,5100
1975,Application-44,M_Req,missing_destination,69,Application-44-Service,EndDevice-44,Application-44-Service,5100
1976,Application-9,M_Req,missing_destination,34,Application-9-Service,EndDevice-9,Application-9-Service,5100
2008,Application-43,M_Req,missing_destination,68,Application-43-Service,EndDevice-43,Application-43-Service,5300
2021,Application-44,M_Req,missing_destination,69,Application-44-Service,EndDevice-44,Application-44-Service,5300
2025,Application-22,M_Req,missing_destination,47,Application-22-Service,EndDevice-22,Application-22-Service,5300
2027,Application-15,M_Req,missing_destination,40,Application-15-Service,EndDevice-15,Application-15-Service,5300
2028,Application-13,M_Req,missing_destination,38,Application-13-Service,EndDevice-13,Application-13-Service,5300
2031,Application-23,M_Req,missing_destination,48,Application-23-Service,EndDevice-23,Application-23-Service,5300
2033,Application-21,M_Req,missing_destination,46,Application-21-Service,EndDevice-21,Application-21-Service,5300
2043,Application-24,M_Req,missing_destination,49,Application-24-Service,EndDevice-24,Application-24-Service,5300
2046,Application-12,M_Req,missing_destination,37,Application-12-Service,EndDevice-12,Application-12-Service,5300
2049,Application-14,M_Req,missing_destination,39,Application-14-Service,EndDevice-14,Application-14-Service,5300
2051,Application-16,M_Req,missing_destination,41,Application-16-Service,EndDevice-16,Application-16-Service,5300
2056,Application-43,M_Req,missing_destination,68,Application-43-Service,EndDevice-43,Application-43-Service,5400
2067,Application-44,M_Req,missing_destination,69,Application-44-Service,EndDevice-44,Application-44-Service,5400
2070,Application-22,M_Req,missing_destination,47,Application-22-Service,EndDevice-22,Application-22-Service,5400
2072,Application-15,M_Req,missing_destination,40,Application-15-Service,EndDevice-15,Application-15-Service,5400
2073,Application-13,M_Req,missing_destination,38,Application-13-Service,EndDevice-13,Application-13-Service,5400
2076,Application-23,M_Req,missing_destination,48,Application-23-Service,EndDevice-23,Application-23-Service,5400
2078,Application-21,M_Req,missing_destination,46,Application-21-Service,EndDevice-21,Application-21-Service,5400
2104,Application-43,M_Req,missing_destination,68,Application-43-Service,EndDevice-43,Application-43-Service,5500
2115,Application-44,M_Req,missing_destination,69,Application-44-Service,EndDevice-44,Application-44-Service,5500
2118,Application-22,M_Req,missing_destination,47,Application-22-Service,EndDevice-22,Application-22-Service,5500
2120,Application-15,M_Req,missing_destination,40,Application-15-Service,EndDevice-15,Application-15-Service,5500
2121,Application-13,M_Req,missing_destination,38,Application-13-Service,EndDevice-13,Application-13-Service,5500
2124,Application-23,M_Req,missing_destination,48,Application-23-Service,EndDevice-23,Application-23-Service,5500
2126,Application-21,M_Req,missing_destination,46,Application-21-Service,EndDevice-21,Application-21-Service,5500
2130,Application-7,M_Req,missing_destination,32,Application-7-Service,EndDevice-7,Application-7-Service,5600
2133,Application-35,M_Req,missing_destination,60,Application-35-Service,EndDevice-35,Application-35-Service,5600
2135,Application-36,M_Req,missing_destination,61,Application-36-Service,EndDevice-36,Application-36-Service,5600
2144,Application-4,M_Req,missing_destination,29,Application-4-Service,EndDevice-4,Application-4-Service,5600
2145,Application-5,M_Req,missing_destination,30,Application-5-Service,EndDevice-5,Application-5-Service,5600
2146,Application-6,M_Req,missing_destination,31,Application-6-Service,EndDevice-6,Application-6-Service,5600
2148,Application-2,M_Req,missing_destination,27,Application-2-Service,EndDevice-2,Application-2-Service,5600
2150,Application-43,M_Req,missing_destination,68,Application-43-Service,EndDevice-43,Application-43-Service,5600
2151,Application-41,M_Req,missing_destination,66,Application-41-Service,EndDevice-41,Application-41-Service,5600
2152,Application-33,M_Req,missing_destination,58,Application-33-Service,EndDevice-33,Application-33-Service,5600
2162,Application-8,M_Req,missing_destination,33,Application-8-Service,EndDevice-8,Application-8-Service,5700
2164,Application-34,M_Req,missing_destination,59,Application-34-Service,EndDevice-34,Application-34-Service,5700
2178,Application-7,M_Req,missing_destination,32,Application-7-Service,EndDevice-7,Application-7-Service,5700
2181,Application-35,M_Req,missing_destination,60,Application-35-Service,EndDevice-35,Application-35-Service,5700
2183,Application-36,M_Req,missing_destination,61,Application-36-Service,EndDevice-36,Application-36-Service,5700
2192,Application-4,M_Req,missing_destination,29,Application-4-Service,EndDevice-4,Application-4-Service,5700
2193,Application-5,M_Req,missing_destination,30,Application-5-Service,EndDevice-5,Application-5-Service,5700
2194,Application-6,M_Req,missing_destination,31,Application-6-Service,EndDevice-6,Application-6-Service,5700
2196,Application-2,M_Req,missing_destination,27,Application-2-Service,EndDevice-2,Application-2-Service,5700
2198,Application-43,M_Req,missing_destination,68,Application-43-Service,EndDevice-43,Application-43-Service,5700
2199,Application-41,M_Req,missing_destination,66,Application-41-Service,EndDevice-41,Application-41-Service,5700
2200,Application-33,M_Req,missing_destination,58,Application-33-Service,EndDevice-33,Application-33-Service,5700
2211,Application-34,M_Req,missing_destination,59,Application-34-Service,EndDevice-34,Application-34-Service,5800
2226,Application-36,M_Req,missing_destination,61,Application-36-Service,EndDevice-36,Application-36-Service,5800
2249,Application-35,M_Req,missing_destination,60,Application-35-Service,EndDevice-35,Application-35-Service,5900
2255,Application-37,M_Req,missing_destination,62,Application-37-Service,EndDevice-37,Application-37-Service,5900
2256,Application-38,M_Req,missing_destination,63,Application-38-Service,EndDevice-38,Application-38-Service,5900
2257,Application-8,M_Req,missing_destination,33,Application-8-Service,EndDevice-8,Application-8-Service,5900
2259,Application-34,M_Req,missing_destination,59,Application-34-Service,EndDevice-34,Application-34-Service,5900
2262,Application-39,M_Req,missing_destination,64,Application-39-Service,EndDevice-39,Application-39-Service,5900
2271,Application-7,M_Req,missing_destination,32,Application-7-Service,EndDevice-7,Application-7-Service,5900
2272,Application-40,M_Req,missing_destination,65,Application-40-Service,EndDevice-40,Application-40-Service,5900
2273,Application-24,M_Req,missing_destination,49,Application-24-Service,EndDevice-24,Application-24-Service,5900
2274,Application-36,M_Req,missing_destination,61,Application-36-Service,EndDevice-36,Application-36-Service,5900
2277,Application-16,M_Req,missing_destination,41,Application-16-Service,EndDevice-16,Application-16-Service,5900
2281,Application-4,M_Req,missing_destination,29,Application-4-Service,EndDevice-4,Application-4-Service,5900
2282,Application-5,M_Req,missing_destination,30,Application-5-Service,EndDevice-5,Application-5-Service,5900
2283,Application-6,M_Req,missing_destination,31,Application-6-Service,EndDevice-6,Application-6-Service,5900
2284,Application-2,M_Req,missing_destination,27,Application-2-Service,EndDevice-2,Application-2-Service,5900
2295,Application-35,M_Req,missing_destination,60,Application-35-Service,EndDevice-35,Application-35-Service,6000
2301,Application-37,M_Req,missing_destination,62,Application-37-Service,EndDevice-37,Application-37-Service,6000
2302,Application-38,M_Req,missing_destination,63,Application-38-Service,EndDevice-38,Application-38-Service,6000
2303,Application-8,M_Req,missing_destination,33,Application-8-Service,EndDevice-8,Application-8-Service,6000
2305,Application-34,M_Req,missing_destination,59,Application-34-Service,EndDevice-34,Application-34-Service,6000
2307,Application-39,M_Req,missing_destination,64,Application-39-Service,EndDevice-39,Application-39-Service,6000
2343,Application-35,M_Req,missing_destination,60,Application-35-Service,EndDevice-35,Application-35-Service,6100
2351,Application-8,M_Req,missing_destination,33,Application-8-Service,EndDevice-8,Application-8-Service,6100
2353,Application-34,M_Req,missing_destination,59,Application-34-Service,EndDevice-34,Application-34-Service,6100
2362,Application-24,M_Req,missing_destination,49,Application-24-Service,EndDevice-24,Application-24-Service,6200
2366,Application-42,M_Req,missing_destination,67,Application-42-Service,EndDevice-42,Application-42-Service,6200
2369,Application-5,M_Req,missing_destination,30,Application-5-Service,EndDevice-5,Application-5-Service,6200
2375,Application-41,M_Req,missing_destination,66,Application-41-Service,EndDevice-41,Application-41-Service,6200
2378,Application-43,M_Req,missing_destination,68,Application-43-Service,EndDevice-43,Application-43-Service,6200
2382,Application-44,M_Req,missing_destination,69,Application-44-Service,EndDevice-44,Application-44-Service,6200
2384,Application-35,M_Req,missing_destination,60,Application-35-Service,EndDevice-35,Application-35-Service,6200
2396,Application-27,M_Req,missing_destination,52,Application-27-Service,EndDevice-27,Application-27-Service,6300
2398,Application-25,M_Req,missing_destination,50,Application-25-Service,EndDevice-25,Application-25-Service,6300
2410,Application-24,M_Req,missing_destination,49,Application-24-Service,EndDevice-24,Application-24-Service,6300
2414,Application-42,M_Req,missing_destination,67,Application-42-Service,EndDevice-42,Application-42-Service,6300
2417,Application-5,M_Req,missing_destination,30,Application-5-Service,EndDevice-5,Application-5-Service,6300
2423,Application-41,M_Req,missing_destination,66,Application-41-Service,EndDevice-41,Application-41-Service,6300
2426,Application-43,M_Req,missing_destination,68,Application-43-Service,EndDevice-43,Application-43-Service,6300
2430,Application-44,M_Req,missing_destination,69,Application-44-Service,EndDevice-44,Application-44-Service,6300
2432,Application-35,M_Req,missing_destination,60,Application-35-Service,EndDevice-35,Application-35-Service,6300
2443,Application-27,M_Req,missing_destination,52,Application-27-Service,EndDevice-27,Application-27-Service,6400
2445,Application-25,M_Req,missing_destination,50,Application-25-Service,EndDevice-25,Application-25-Service,6400
2455,Application-24,M_Req,missing_destination,49,Application-24-Service,EndDevice-24,Application-24-Service,6400
2457,Application-42,M_Req,missing_destination,67,Application-42-Service,EndDevice-42,Application-42-Service,6400
2460,Application-5,M_Req,missing_destination,30,Application-5-Service,EndDevice-5,Application-5-Service,6400
2482,Application-41,M_Req,missing_destination,66,Application-41-Service,EndDevice-41,Application-41-Service,6500
2484,Application-7,M_Req,missing_destination,32,Application-7-Service,EndDevice-7,Application-7-Service,6500
2491,Application-27,M_Req,missing_destination,52,Application-27-Service,EndDevice-27,Application-27-Service,6500
2493,Application-25,M_Req,missing_destination,50,Application-25-Service,EndDevice-25,Application-25-Service,6500
2503,Application-24,M_Req,missing_destination,49,Application-24-Service,EndDevice-24,Application-24-Service,6500
2505,Application-42,M_Req,missing_destination,67,Application-42-Service,EndDevice-42,Application-42-Service,6500
2508,Application-5,M_Req,missing_destination,30,Application-5-Service,EndDevice-5,Application-5-Service,6500
2530,Application-7,M_Req,missing_destination,32,Application-7-Service,EndDevice-7,Application-7-Service,6600
2535,Application-27,M_Req,missing_destination,52,Application-27-Service,EndDevice-27,Application-27-Service,6600
2537,Application-25,M_Req,missing_destination,50,Application-25-Service,EndDevice-25,Application-25-Service,6600
2578,Application-7,M_Req,missing_destination,32,Application-7-Service,EndDevice-7,Application-7-Service,6700
2593,Application-17,M_Req,missing_destination,42,Application-17-Service,EndDevice-17,Application-17-Service,6800
2598,Application-12,M_Req,missing_destination,37,Application-12-Service,EndDevice-12,Application-12-Service,6800
2600,Application-42,M_Req,missing_destination,67,Application-42-Service,EndDevice-42,Application-42-Service,6800
2606,Application-28,M_Req,missing_destination,53,Application-28-Service,EndDevice-28,Application-28-Service,6800
2614,Application-20,M_Req,missing_destination,45,Application-20-Service,EndDevice-20,Application-20-Service,6800
2617,Application-10,M_Req,missing_destination,35,Application-10-Service,EndDevice-10,Application-10-Service,6800
2619,Application-18,M_Req,missing_destination,43,Application-18-Service,EndDevice-18,Application-18-Service,6800
2620,Application-11,M_Req,missing_destination,36,Application-11-Service,EndDevice-11,Application-11-Service,6800
2621,Application-19,M_Req,missing_destination,44,Application-19-Service,EndDevice-19,Application-19-Service,6800
2622,Application-7,M_Req,missing_destination,32,Application-7-Service,EndDevice-7,Application-7-Service,6800
2629,Application-9,M_Req,missing_destination,34,Application-9-Service,EndDevice-9,Application-9-Service,6900
2641,Application-17,M_Req,missing_destination,42,Application-17-Service,EndDevice-17,Application-17-Service,6900
2646,Application-12,M_Req,missing_destination,37,Application-12-Service,EndDevice-12,Application-12-Service,6900
2648,Application-42,M_Req,missing_destination,67,Application-42-Service,EndDevice-42,Application-42-Service,6900
2654,Application-28,M_Req,missing_destination,53,Application-28-Service,EndDevice-28,Application-28-Service,6900
2662,Application-20,M_Req,missing_destination,45,Application-20-Service,EndDevice-20,Application-20-Service,6900
2665,Application-10,M_Req,missing_destination,35,Application-10-Service,EndDevice-10,Application-10-Service,6900
2667,Application-18,M_Req,missing_destination,43,Application-18-Service,EndDevice-18,Application-18-Service,6900
2668,Application-11,M_Req,missing_destination,36,Application-11-Service,EndDevice-11,Application-11-Service,6900
2669,Application-19,M_Req,missing_destination,44,Application-19-Service,EndDevice-19,Application-19-Service,6900
2670,Application-7,M_Req,missing_destination,32,Application-7-Service,EndDevice-7,Application-7-Service,6900
2684,Application-17,M_Req,missing_destination,42,Application-17-Service,EndDevice-17,Application-17-Service,7000
2689,Application-42,M_Req,missing_destination,67,Application-42-Service,EndDevice-42,Application-42-Service,7000
2695,Application-28,M_Req,missing_destination,53,Application-28-Service,EndDevice-28,Application-28-Service,7000
2697,Application-3,M_Req,missing_destination,28,Application-3-Service,EndDevice-3,Application-3-Service,7100
2699,Application-44,M_Req,missing_destination,69,Application-44-Service,EndDevice-44,Application-44-Service,7100
2700,Application-47,M_Req,missing_destination,72,Application-47-Service,EndDevice-47,Application-47-Service,7100
2704,Application-1,M_Req,missing_destination,26,Application-1-Service,EndDevice-1,Application-1-Service,7100
2714,Application-45,M_Req,missing_destination,70,Application-45-Service,EndDevice-45,Application-45-Service,7100
2715,Application-48,M_Req,missing_destination,73,Application-48-Service,EndDevice-48,Application-48-Service,7100
2729,Application-4,M_Req,missing_destination,29,Application-4-Service,EndDevice-4,Application-4-Service,7100
2732,Application-17,M_Req,missing_destination,42,Application-17-Service,EndDevice-17,Application-17-Service,7100
2737,Application-42,M_Req,missing_destination,67,Application-42-Service,EndDevice-42,Application-42-Service,7100
2738,Application-2,M_Req,missing_destination,27,Application-2-Service,EndDevice-2,Application-2-Service,7100
2741,Application-46,M_Req,missing_destination,71,Application-46-Service,EndDevice-46,Application-46-Service,7100
2743,Application-28,M_Req,missing_destination,53,Application-28-Service,EndDevice-28,Application-28-Service,7100
2744,Application-3,M_Req,missing_destination,28,Application-3-Service,EndDevice-3,Application-3-Service,7200
2745,Application-44,M_Req,missing_destination,69,Application-44-Service,EndDevice-44,Application-44-Service,7200
2748,Application-1,M_Req,missing_destination,26,Application-1-Service,EndDevice-1,Application-1-Service,7200
2757,Application-45,M_Req,missing_destination,70,Application-45-Service,EndDevice-45,Application-45-Service,7200
2758,Application-48,M_Req,missing_destination,73,Application-48-Service,EndDevice-48,Application-48-Service,7200
2770,Application-4,M_Req,missing_destination,29,Application-4-Service,EndDevice-4,Application-4-Service,7200
2793,Application-44,M_Req,missing_destination,69,Application-44-Service,EndDevice-44,Application-44-Service,7300
2805,Application-45,M_Req,missing_destination,70,Application-45-Service,EndDevice-45,Application-45-Service,7300
2806,Application-48,M_Req,missing_destination,73,Application-48-Service,EndDevice-48,Application-48-Service,7300
2824,Application-2,M_Req,missing_destination,27,Application-2-Service,EndDevice-2,Application-2-Service,7400
2828,Application-43,M_Req,missing_destination,68,Application-43-Service,EndDevice-43,Application-43-Service,7400
2836,Application-44,M_Req,missing_destination,69,Application-44-Service,EndDevice-44,Application-44-Service,7400
2837,Application-22,M_Req,missing_destination,47,Application-22-Service,EndDevice-22,Application-22-Service,7400
2839,Application-23,M_Req,missing_destination,48,Application-23-Service,EndDevice-23,Application-23-Service,7400
2840,Application-18,M_Req,missing_destination,43,Application-18-Service,EndDevice-18,Application-18-Service,7400
2842,Application-16,M_Req,missing_destination,41,Application-16-Service,EndDevice-16,Application-16-Service,7400
2845,Application-45,M_Req,missing_destination,70,Application-45-Service,EndDevice-45,Application-45-Service,7400
2846,Application-15,M_Req,missing_destination,40,Application-15-Service,EndDevice-15,Application-15-Service,7400
2851,Application-21,M_Req,missing_destination,46,Application-21-Service,EndDevice-21,Application-21-Service,7500
2855,Application-13,M_Req,missing_destination,38,Application-13-Service,EndDevice-13,Application-13-Service,7500
2858,Application-24,M_Req,missing_destination,49,Application-24-Service,EndDevice-24,Application-24-Service,7500
2872,Application-2,M_Req,missing_destination,27,Application-2-Service,EndDevice-2,Application-2-Service,7500
2876,Application-43,M_Req,missing_destination,68,Application-43-Service,EndDevice-43,Application-43-Service,7500
2884,Application-44,M_Req,missing_destination,69,Application-44-Service,EndDevice-44,Application-44-Service,7500
2885,Application-22,M_Req,missing_destination,47,Application-22-Service,EndDevice-22,Application-22-Service,7500
2887,Application-23,M_Req,missing_destination,48,Application-23-Service,EndDevice-23,Application-23-Service,7500
2888,Application-18,M_Req,missing_destination,43,Application-18-Service,EndDevice-18,Application-18-Service,7500
2890,Application-16,M_Req,missing_destination,41,Application-16-Service,EndDevice-16,Application-16-Service,7500
2893,Application-45,M_Req,missing_destination,70,Application-45-Service,EndDevice-45,Application-45-Service,7500
2894,Application-15,M_Req,missing_destination,40,Application-15-Service,EndDevice-15,Application-15-Service,7500
2902,Application-13,M_Req,missing_destination,38,Application-13-Service,EndDevice-13,Application-13-Service,7600
2917,Application-2,M_Req,missing_destination,27,Application-2-Service,EndDevice-2,Application-2-Service,7600
2919,Application-43,M_Req,missing_destination,68,Application-43-Service,EndDevice-43,Application-43-Service,7600
2926,Application-1,M_Req,missing_destination,26,Application-1-Service,EndDevice-1,Application-1-Service,7700
2943,Application-3,M_Req,missing_destination,28,Application-3-Service,EndDevice-3,Application-3-Service,7700
2950,Application-13,M_Req,missing_destination,38,Application-13-Service,EndDevice-13,Application-13-Service,7700
2951,Application-41,M_Req,missing_destination,66,Application-41-Service,EndDevice-41,Application-41-Service,7700
2952,Application-4,M_Req,missing_destination,29,Application-4-Service,EndDevice-4,Application-4-Service,7700
2965,Application-2,M_Req,missing_destination,27,Application-2-Service,EndDevice-2,Application-2-Service,7700
2967,Application-43,M_Req,missing_destination,68,Application-43-Service,EndDevice-43,Application-43-Service,7700
2973,Application-1,M_Req,missing_destination,26,Application-1-Service,EndDevice-1,Application-1-Service,7800
2987,Application-3,M_Req,missing_destination,28,Application-3-Service,EndDevice-3,Application-3-Service,7800
2993,Application-41,M_Req,missing_destination,66,Application-41-Service,EndDevice-41,Application-41-Service,7800
2994,Application-4,M_Req,missing_destination,29,Application-4-Service,EndDevice-4,Application-4-Service,7800
3021,Application-1,M_Req,missing_destination,26,Application-1-Service,EndDevice-1,Application-1-Service,7900
3035,Application-3,M_Req,missing_destination,28,Application-3-Service,EndDevice-3,Application-3-Service,7900
3041,Application-41,M_Req,missing_destination,66,Application-41-Service,EndDevice-41,Application-41-Service,7900
3042,Application-4,M_Req,missing_destination,29,Application-4-Service,EndDevice-4,Application-4-Service,7900
3056,Application-35,M_Req,missing_destination,60,Application-35-Service,EndDevice-35,Application-35-Service,8000
3060,Application-26,M_Req,missing_destination,51,Application-26-Service,EndDevice-26,Application-26-Service,8000
3065,Application-1,M_Req,missing_destination,26,Application-1-Service,EndDevice-1,Application-1-Service,8000
3067,Application-27,M_Req,missing_destination,52,Application-27-Service,EndDevice-27,Application-27-Service,8000
3068,Application-34,M_Req,missing_destination,59,Application-34-Service,EndDevice-34,Application-34-Service,8000
3069,Application-45,M_Req,missing_destination,70,Application-45-Service,EndDevice-45,Application-45-Service,8000
3077,Application-3,M_Req,missing_destination,28,Application-3-Service,EndDevice-3,Application-3-Service,8000
3079,Application-33,M_Req,missing_destination,58,Application-33-Service,EndDevice-33,Application-33-Service,8100
3084,Application-36,M_Req,missing_destination,61,Application-36-Service,EndDevice-36,Application-36-Service,8100
3085,Application-28,M_Req,missing_destination,53,Application-28-Service,EndDevice-28,Application-28-Service,8100
3104,Application-35,M_Req,missing_destination,60,Application-35-Service,EndDevice-35,Application-35-Service,8100
3108,Application-26,M_Req,missing_destination,51,Application-26-Service,EndDevice-26,Application-26-Service,8100
3113,Application-1,M_Req,missing_destination,26,Application-1-Service,EndDevice-1,Application-1-Service,8100
3115,Application-27,M_Req,missing_destination,52,Application-27-Service,EndDevice-27,Application-27-Service,8100
3116,Application-34,M_Req,missing_destination,59,Application-34-Service,EndDevice-34,Application-34-Service,8100
3117,Application-45,M_Req,missing_destination,70,Application-45-Service,EndDevice-45,Application-45-Service,8100
3125,Application-3,M_Req,missing_destination,28,Application-3-Service,EndDevice-3,Application-3-Service,8100
3127,Application-33,M_Req,missing_destination,58,Application-33-Service,EndDevice-33,Application-33-Service,8200
3131,Application-36,M_Req,missing_destination,61,Application-36-Service,EndDevice-36,Application-36-Service,8200
3148,Application-35,M_Req,missing_destination,60,Application-35-Service,EndDevice-35,Application-35-Service,8200
3153,Application-1,M_Req,missing_destination,26,Application-1-Service,EndDevice-1,Application-1-Service,8300
3157,Application-45,M_Req,missing_destination,70,Application-45-Service,EndDevice-45,Application-45-Service,8300
3168,Application-47,M_Req,missing_destination,72,Application-47-Service,EndDevice-47,Application-47-Service,8300
3173,Application-26,M_Req,missing_destination,51,Application-26-Service,EndDevice-26,Application-26-Service,8300
3175,Application-33,M_Req,missing_destination,58,Application-33-Service,EndDevice-33,Application-33-Service,8300
3179,Application-36,M_Req,missing_destination,61,Application-36-Service,EndDevice-36,Application-36-Service,8300
3180,Application-28,M_Req,missing_destination,53,Application-28-Service,EndDevice-28,Application-28-Service,8300
3181,Application-48,M_Req,missing_destination,73,Application-48-Service,EndDevice-48,Application-48-Service,8300
3196,Application-35,M_Req,missing_destination,60,Application-35-Service,EndDevice-35,Application-35-Service,8300
3201,Application-1,M_Req,missing_destination,26,Application-1-Service,EndDevice-1,Application-1-Service,8400
3204,Application-45,M_Req,missing_destination,70,Application-45-Service,EndDevice-45,Application-45-Service,8400
3217,Application-26,M_Req,missing_destination,51,Application-26-Service,EndDevice-26,Application-26-Service,8400
3219,Application-33,M_Req,missing_destination,58,Application-33-Service,EndDevice-33,Application-33-Service,8400
3223,Application-36,M_Req,missing_destination,61,Application-36-Service,EndDevice-36,Application-36-Service,8400
3224,Application-28,M_Req,missing_destination,53,Application-28-Service,EndDevice-28,Application-28-Service,8400
3225,Application-48,M_Req,missing_destination,73,Application-48-Service,EndDevice-48,Application-48-Service,8400
3249,Application-1,M_Req,missing_destination,26,Application-1-Service,EndDevice-1,Application-1-Service,8500
3252,Application-45,M_Req,missing_destination,70,Application-45-Service,EndDevice-45,Application-45-Service,8500
3273,Application-48,M_Req,missing_destination,73,Application-48-Service,EndDevice-48,Application-48-Service,8500
3284,Application-31,M_Req,missing_destination,56,Application-31-Service,EndDevice-31,Application-31-Service,8600
3289,Application-37,M_Req,missing_destination,62,Application-37-Service,EndDevice-37,Application-37-Service,8600
3290,Application-27,M_Req,missing_destination,52,Application-27-Service,EndDevice-27,Application-27-Service,8600
3291,Application-32,M_Req,missing_destination,57,Application-32-Service,EndDevice-32,Application-32-Service,8600
3294,Application-1,M_Req,missing_destination,26,Application-1-Service,EndDevice-1,Application-1-Service,8600
3295,Application-16,M_Req,missing_destination,41,Application-16-Service,EndDevice-16,Application-16-Service,8600
3297,Application-45,M_Req,missing_destination,70,Application-45-Service,EndDevice-45,Application-45-Service,8600
3300,Application-39,M_Req,missing_destination,64,Application-39-Service,EndDevice-39,Application-39-Service,8600
3305,Application-29,M_Req,missing_destination,54,Application-29-Service,EndDevice-29,Application-29-Service,8600
3307,Application-30,M_Req,missing_destination,55,Application-30-Service,EndDevice-30,Application-30-Service,8600
3314,Application-48,M_Req,missing_destination,73,Application-48-Service,EndDevice-48,Application-48-Service,8700
3319,Application-40,M_Req,missing_destination,65,Application-40-Service,EndDevice-40,Application-40-Service,8700
3332,Application-31,M_Req,missing_destination,56,Application-31-Service,EndDevice-31,Application-31-Service,8700
3337,Application-37,M_Req,missing_destination,62,Application-37-Service,EndDevice-37,Application-37-Service,8700
3338,Application-27,M_Req,missing_destination,52,Application-27-Service,EndDevice-27,Application-27-Service,8700
3339,Application-32,M_Req,missing_destination,57,Application-32-Service,EndDevice-32,Application-32-Service,8700
3342,Application-1,M_Req,missing_destination,26,Application-1-Service,EndDevice-1,Application-1-Service,8700
3343,Application-16,M_Req,missing_destination,41,Application-16-Service,EndDevice-16,Application-16-Service,8700
3345,Application-45,M_Req,missing_destination,70,Application-45-Service,EndDevice-45,Application-45-Service,8700
3348,Application-39,M_Req,missing_destination,64,Application-39-Service,EndDevice-39,Application-39-Service,8700
3353,Application-29,M_Req,missing_destination,54,Application-29-Service,EndDevice-29,Application-29-Service,8700
3355,Application-30,M_Req,missing_destination,55,Application-30-Service,EndDevice-30,Application-30-Service,8700
3376,Application-31,M_Req,missing_destination,56,Application-31-Service,EndDevice-31,Application-31-Service,8800
3381,Application-32,M_Req,missing_destination,57,Application-32-Service,EndDevice-32,Application-32-Service,8800
3384,Application-16,M_Req,missing_destination,41,Application-16-Service,EndDevice-16,Application-16-Service,8900
3398,Application-1,M_Req,missing_destination,26,Application-1-Service,EndDevice-1,Application-1-Service,8900
3403,Application-4,M_Req,missing_destination,29,Application-4-Service,EndDevice-4,Application-4-Service,8900
3414,Application-15,M_Req,missing_destination,40,Application-15-Service,EndDevice-15,Application-15-Service,8900
3418,Application-14,M_Req,missing_destination,39,Application-14-Service,EndDevice-14,Application-14-Service,8900
3421,Application-2,M_Req,missing_destination,27,Application-2-Service,EndDevice-2,Application-2-Service,8900
3424,Application-31,M_Req,missing_destination,56,Application-31-Service,EndDevice-31,Application-31-Service,8900
3426,Application-13,M_Req,missing_destination,38,Application-13-Service,EndDevice-13,Application-13-Service,8900
3429,Application-32,M_Req,missing_destination,57,Application-32-Service,EndDevice-32,Application-32-Service,8900
3444,Application-1,M_Req,missing_destination,26,Application-1-Service,EndDevice-1,Application-1-Service,9000
3449,Application-4,M_Req,missing_destination,29,Application-4-Service,EndDevice-4,Application-4-Service,9000
3460,Application-14,M_Req,missing_destination,39,Application-14-Service,EndDevice-14,Application-14-Service,9000
3463,Application-2,M_Req,missing_destination,27,Application-2-Service,EndDevice-2,Application-2-Service,9000
3492,Application-1,M_Req,missing_destination,26,Application-1-Service,EndDevice-1,Application-1-Service,9100
3497,Application-4,M_Req,missing_destination,29,Application-4-Service,EndDevice-4,Application-4-Service,9100
3518,Application-28,M_Req,missing_destination,53,Application-28-Service,EndDevice-28,Application-28-Service,9200
3522,Application-31,M_Req,missing_destination,56,Application-31-Service,EndDevice-31,Application-31-Service,9200
3526,Application-34,M_Req,missing_destination,59,Application-34-Service,EndDevice-34,Application-34-Service,9200
3534,Application-1,M_Req,missing_destination,26,Application-1-Service,EndDevice-1,Application-1-Service,9200
3535,Application-27,M_Req,missing_destination,52,Application-27-Service,EndDevice-27,Application-27-Service,9200
3536,Application-26,M_Req,missing_destination,51,Application-26-Service,EndDevice-26,Application-26-Service,9200
3538,Application-36,M_Req,missing_destination,61,Application-36-Service,EndDevice-36,Application-36-Service,9200
3542,Application-25,M_Req,missing_destination,50,Application-25-Service,EndDevice-25,Application-25-Service,9300
3566,Application-28,M_Req,missing_destination,53,Application-28-Service,EndDevice-28,Application-28-Service,9300
3570,Application-31,M_Req,missing_destination,56,Application-31-Service,EndDevice-31,Application-31-Service,9300
3574,Application-34,M_Req,missing_destination,59,Application-34-Service,EndDevice-34,Application-34-Service,9300
3582,Application-1,M_Req,missing_destination,26,Application-1-Service,EndDevice-1,Application-1-Service,9300
3583,Application-27,M_Req,missing_destination,52,Application-27-Service,EndDevice-27,Application-27-Service,9300
3584,Application-26,M_Req,missing_destination,51,Application-26-Service,EndDevice-26,Application-26-Service,9300
3586,Application-36,M_Req,missing_destination,61,Application-36-Service,EndDevice-36,Application-36-Service,9300
3617,Application-29,M_Req,missing_destination,54,Application-29-Service,EndDevice-29,Application-29-Service,9500
3638,Application-21,M_Req,missing_destination,46,Application-21-Service,EndDevice-21,Application-21-Service,9500
3650,Application-23,M_Req,missing_destination,48,Application-23-Service,EndDevice-23,Application-23-Service,9500
3658,Application-22,M_Req,missing_destination,47,Application-22-Service,EndDevice-22,Application-22-Service,9500
3659,Application-24,M_Req,missing_destination,49,Application-24-Service,EndDevice-24,Application-24-Service,9500
3660,Application-31,M_Req,missing_destination,56,Application-31-Service,EndDevice-31,Application-31-Service,9500
3664,Application-29,M_Req,missing_destination,54,Application-29-Service,EndDevice-29,Application-29-Service,9600
3691,Application-23,M_Req,missing_destination,48,Application-23-Service,EndDevice-23,Application-23-Service,9600
3741,Application-37,M_Req,missing_destination,62,Application-37-Service,EndDevice-37,Application-37-Service,9800
3745,Application-24,M_Req,missing_destination,49,Application-24-Service,EndDevice-24,Application-24-Service,9800
3749,Application-45,M_Req,missing_destination,70,Application-45-Service,EndDevice-45,Application-45-Service,9800
3750,Application-31,M_Req,missing_destination,56,Application-31-Service,EndDevice-31,Application-31-Service,9800
3752,Application-40,M_Req,missing_destination,65,Application-40-Service,EndDevice-40,Application-40-Service,9800
3755,Application-34,M_Req,missing_destination,59,Application-34-Service,EndDevice-34,Application-34-Service,9800
3756,Application-3,M_Req,missing_destination,28,Application-3-Service,EndDevice-3,Application-3-Service,9800
3760,Application-39,M_Req,missing_destination,64,Application-39-Service,EndDevice-39,Application-39-Service,9800
3761,Application-36,M_Req,missing_destination,61,Application-36-Service,EndDevice-36,Application-36-Service,9800
3770,Application-48,M_Req,missing_destination,73,Application-48-Service,EndDevice-48,Application-48-Service,9900
3773,Application-38,M_Req,missing_destination,63,Application-38-Service,EndDevice-38,Application-38-Service,9900
3789,Application-37,M_Req,missing_destination,62,Application-37-Service,EndDevice-37,Application-37-Service,9900
3793,Application-24,M_Req,missing_destination,49,Application-24-Service,EndDevice-24,Application-24-Service,9900
3797,Application-45,M_Req,missing_destination,70,Application-45-Service,EndDevice-45,Application-45-Service,9900
3798,Application-31,M_Req,missing_destination,56,Application-31-Service,EndDevice-31,Application-31-Service,9900
3800,Application-40,M_Req,missing_destination,65,Application-40-Service,EndDevice-40,Application-40-Service,9900
3803,Application-34,M_Req,missing_destination,59,Application-34-Service,EndDevice-34,Application-34-Service,9900
3804,Application-3,M_Req,missing_destination,28,Application-3-Service,EndDevice-3,Application-3-Service,9900
3808,Application-39,M_Req,missing_destination,64,Application-39-Service,EndDevice-39,Application-39-Service,9900
3809,Application-36,M_Req,missing_destination,61,Application-36-Service,EndDevice-36,Application-36-Service,9900
3845,Application-6,M_Req,missing_destination,31,Application-6-Service,EndDevice-6,Application-6-Service,10100
3850,Application-5,M_Req,missing_destination,30,Application-5-Service,EndDevice-5,Application-5-Service,10100
3851,Application-16,M_Req,missing_destination,41,Application-16-Service,EndDevice-16,Application-16-Service,10100
3852,Application-15,M_Req,missing_destination,40,Application-15-Service,EndDevice-15,Application-15-Service,10100
3854,Application-4,M_Req,missing_destination,29,Application-4-Service,EndDevice-4,Application-4-Service,10100
3861,Application-14,M_Req,missing_destination,39,Application-14-Service,EndDevice-14,Application-14-Service,10100
3867,Application-7,M_Req,missing_destination,32,Application-7-Service,EndDevice-7,Application-7-Service,10100
3878,Application-46,M_Req,missing_destination,71,Application-46-Service,EndDevice-46,Application-46-Service,10100
3882,Application-32,M_Req,missing_destination,57,Application-32-Service,EndDevice-32,Application-32-Service,10100
3884,Application-8,M_Req,missing_destination,33,Application-8-Service,EndDevice-8,Application-8-Service,10100
3891,Application-13,M_Req,missing_destination,38,Application-13-Service,EndDevice-13,Application-13-Service,10100
3893,Application-6,M_Req,missing_destination,31,Application-6-Service,EndDevice-6,Application-6-Service,10200
3898,Application-5,M_Req,missing_destination,30,Application-5-Service,EndDevice-5,Application-5-Service,10200
3899,Application-16,M_Req,missing_destination,41,Application-16-Service,EndDevice-16,Application-16-Service,10200
3900,Application-15,M_Req,missing_destination,40,Application-15-Service,EndDevice-15,Application-15-Service,10200
3912,Application-7,M_Req,missing_destination,32,Application-7-Service,EndDevice-7,Application-7-Service,10200
3921,Application-46,M_Req,missing_destination,71,Application-46-Service,EndDevice-46,Application-46-Service,10200
3947,Application-16,M_Req,missing_destination,41,Application-16-Service,EndDevice-16,Application-16-Service,10300
3948,Application-15,M_Req,missing_destination,40,Application-15-Service,EndDevice-15,Application-15-Service,10300
3973,Application-35,M_Req,missing_destination,60,Application-35-Service,EndDevice-35,Application-35-Service,10400
3976,Application-31,M_Req,missing_destination,56,Application-31-Service,EndDevice-31,Application-31-Service,10400
3981,Application-4,M_Req,missing_destination,29,Application-4-Service,EndDevice-4,Application-4-Service,10400
3983,Application-44,M_Req,missing_destination,69,Application-44-Service,EndDevice-44,Application-44-Service,10400
3987,Application-34,M_Req,missing_destination,59,Application-34-Service,EndDevice-34,Application-34-Service,10400
3989,Application-39,M_Req,missing_destination,64,Application-39-Service,EndDevice-39,Application-39-Service,10400
3990,Application-36,M_Req,missing_destination,61,Application-36-Service,EndDevice-36,Application-36-Service,10400
3993,Application-16,M_Req,missing_destination,41,Application-16-Service,EndDevice-16,Application-16-Service,10400
3994,Application-15,M_Req,missing_destination,40,Application-15-Service,EndDevice-15,Application-15-Service,10400
3996,Application-42,M_Req,missing_destination,67,Application-42-Service,EndDevice-42,Application-42-Service,10400
4004,Application-33,M_Req,missing_destination,58,Application-33-Service,EndDevice-33,Application-33-Service,10500
4021,Application-35,M_Req,missing_destination,60,Application-35-Service,EndDevice-35,Application-35-Service,10500
4024,Application-31,M_Req,missing_destination,56,Application-31-Service,EndDevice-31,Application-31-Service,10500
4029,Application-4,M_Req,missing_destination,29,Application-4-Service,EndDevice-4,Application-4-Service,10500
4031,Application-44,M_Req,missing_destination,69,Application-44-Service,EndDevice-44,Application-44-Service,10500
4035,Application-34,M_Req,missing_destination,59,Application-34-Service,EndDevice-34,Application-34-Service,10500
4037,Application-39,M_Req,missing_destination,64,Application-39-Service,EndDevice-39,Application-39-Service,10500
4038,Application-36,M_Req,missing_destination,61,Application-36-Service,EndDevice-36,Application-36-Service,10500
4041,Application-16,M_Req,missing_destination,41,Application-16-Service,EndDevice-16,Application-16-Service,10500
4042,Application-15,M_Req,missing_destination,40,Application-15-Service,EndDevice-15,Application-15-Service,10500
4044,Application-42,M_Req,missing_destination,67,Application-42-Service,EndDevice-42,Application-42-Service,10500
4051,Application-33,M_Req,missing_destination,58,Application-33-Service,EndDevice-33,Application-33-Service,10600
4065,Application-35,M_Req,missing_destination,60,Application-35-Service,EndDevice-35,Application-35-Service,10600
4072,Application-4,M_Req,missing_destination,29,Application-4-Service,EndDevice-4,Application-4-Service,10600
4080,Application-25,M_Req,missing_destination,50,Application-25-Service,EndDevice-25,Application-25-Service,10700
4081,Application-16,M_Req,missing_destination,41,Application-16-Service,EndDevice-16,Application-16-Service,10700
4083,Application-27,M_Req,missing_destination,52,Application-27-Service,EndDevice-27,Application-27-Service,10700
4084,Application-3,M_Req,missing_destination,28,Application-3-Service,EndDevice-3,Application-3-Service,10700
4094,Application-1,M_Req,missing_destination,26,Application-1-Service,EndDevice-1,Application-1-Service,10700
4098,Application-2,M_Req,missing_destination,27,Application-2-Service,EndDevice-2,Application-2-Service,10700
4099,Application-33,M_Req,missing_destination,58,Application-33-Service,EndDevice-33,Application-33-Service,10700
4102,Application-29,M_Req,missing_destination,54,Application-29-Service,EndDevice-29,Application-29-Service,10700
4109,Application-26,M_Req,missing_destination,51,Application-26-Service,EndDevice-26,Application-26-Service,10700
4110,Application-28,M_Req,missing_destination,53,Application-28-Service,EndDevice-28,Application-28-Service,10700
4113,Application-35,M_Req,missing_destination,60,Application-35-Service,EndDevice-35,Application-35-Service,10700
4120,Application-4,M_Req,missing_destination,29,Application-4-Service,EndDevice-4,Application-4-Service,10700
4125,Application-25,M_Req,missing_destination,50,Application-25-Service,EndDevice-25,Application-25-Service,10800
4126,Application-16,M_Req,missing_destination,41,Application-16-Service,EndDevice-16,Application-16-Service,10800
4128,Application-27,M_Req,missing_destination,52,Application-27-Service,EndDevice-27,Application-27-Service,10800
4129,Application-3,M_Req,missing_destination,28,Application-3-Service,EndDevice-3,Application-3-Service,10800
4136,Application-1,M_Req,missing_destination,26,Application-1-Service,EndDevice-1,Application-1-Service,10800
4139,Application-2,M_Req,missing_destination,27,Application-2-Service,EndDevice-2,Application-2-Service,10800
4140,Application-33,M_Req,missing_destination,58,Application-33-Service,EndDevice-33,Application-33-Service,10800
4143,Application-29,M_Req,missing_destination,54,Application-29-Service,EndDevice-29,Application-29-Service,10800
4150,Application-26,M_Req,missing_destination,51,Application-26-Service,EndDevice-26,Application-26-Service,10800
4151,Application-28,M_Req,missing_destination,53,Application-28-Service,EndDevice-28,Application-28-Service,10800
4188,Application-33,M_Req,missing_destination,58,Application-33-Service,EndDevice-33,Application-33-Service,10900
4204,Application-19,M_Req,missing_destination,44,Application-19-Service,EndDevice-19,Application-19-Service,11000
4207,Application-14,M_Req,missing_destination,39,Application-14-Service,EndDevice-14,Application-14-Service,11000
4208,Application-17,M_Req,missing_destination,42,Application-17-Service,EndDevice-17,Application-17-Service,11000
4216,Application-25,M_Req,missing_destination,50,Application-25-Service,EndDevice-25,Application-25-Service,11000
4235,Application-18,M_Req,missing_destination,43,Application-18-Service,EndDevice-18,Application-18-Service,11100
4239,Application-20,M_Req,missing_destination,45,Application-20-Service,EndDevice-20,Application-20-Service,11100
4252,Application-19,M_Req,missing_destination,44,Application-19-Service,EndDevice-19,Application-19-Service,11100
4255,Application-14,M_Req,missing_destination,39,Application-14-Service,EndDevice-14,Application-14-Service,11100
4256,Application-17,M_Req,missing_destination,42,Application-17-Service,EndDevice-17,Application-17-Service,11100
4264,Application-25,M_Req,missing_destination,50,Application-25-Service,EndDevice-25,Application-25-Service,11100
4311,Application-42,M_Req,missing_destination,67,Application-42-Service,EndDevice-42,Application-42-Service,11300
4314,Application-45,M_Req,missing_destination,70,Application-45-Service,EndDevice-45,Application-45-Service,11300
4321,Application-47,M_Req,missing_destination,72,Application-47-Service,EndDevice-47,Application-47-Service,11300
4328,Application-46,M_Req,missing_destination,71,Application-46-Service,EndDevice-46,Application-46-Service,11300
4330,Application-41,M_Req,missing_destination,66,Application-41-Service,EndDevice-41,Application-41-Service,11300
4331,Application-43,M_Req,missing_destination,68,Application-43-Service,EndDevice-43,Application-43-Service,11300
4334,Application-28,M_Req,missing_destination,53,Application-28-Service,EndDevice-28,Application-28-Service,11300
4335,Application-44,M_Req,missing_destination,69,Application-44-Service,EndDevice-44,Application-44-Service,11300
4337,Application-48,M_Req,missing_destination,73,Application-48-Service,EndDevice-48,Application-48-Service,11300
4338,Application-27,M_Req,missing_destination,52,Application-27-Service,EndDevice-27,Application-27-Service,11300
4341,Application-26,M_Req,missing_destination,51,Application-26-Service,EndDevice-26,Application-26-Service,11300
4358,Application-42,M_Req,missing_destination,67,Application-42-Service,EndDevice-42,Application-42-Service,11400
4365,Application-47,M_Req,missing_destination,72,Application-47-Service,EndDevice-47,Application-47-Service,11400
4371,Application-46,M_Req,missing_destination,71,Application-46-Service,EndDevice-46,Application-46-Service,11400
4373,Application-41,M_Req,missing_destination,66,Application-41-Service,EndDevice-41,Application-41-Service,11400
4374,Application-43,M_Req,missing_destination,68,Application-43-Service,EndDevice-43,Application-43-Service,11400
4376,Application-28,M_Req,missing_destination,53,Application-28-Service,EndDevice-28,Application-28-Service,11400
4378,Application-48,M_Req,missing_destination,73,Application-48-Service,EndDevice-48,Application-48-Service,11400
4379,Application-27,M_Req,missing_destination,52,Application-27-Service,EndDevice-27,Application-27-Service,11400
4382,Application-26,M_Req,missing_destination,51,Application-26-Service,EndDevice-26,Application-26-Service,11400
4406,Application-42,M_Req,missing_destination,67,Application-42-Service,EndDevice-42,Application-42-Service,11500
4421,Application-41,M_Req,missing_destination,66,Application-41-Service,EndDevice-41,Application-41-Service,11500
4422,Application-43,M_Req,missing_destination,68,Application-43-Service,EndDevice-43,Application-43-Service,11500
4427,Application-27,M_Req,missing_destination,52,Application-27-Service,EndDevice-27,Application-27-Service,11500
4430,Application-26,M_Req,missing_destination,51,Application-26-Service,EndDevice-26,Application-26-Service,11500
4431,Application-8,M_Req,missing_destination,33,Application-8-Service,EndDevice-8,Application-8-Service,11600
4439,Application-37,M_Req,missing_destination,62,Application-37-Service,EndDevice-37,Application-37-Service,11600
4441,Application-5,M_Req,missing_destination,30,Application-5-Service,EndDevice-5,Application-5-Service,11600
4442,Application-6,M_Req,missing_destination,31,Application-6-Service,EndDevice-6,Application-6-Service,11600
4445,Application-16,M_Req,missing_destination,41,Application-16-Service,EndDevice-16,Application-16-Service,11600
4448,Application-40,M_Req,missing_destination,65,Application-40-Service,EndDevice-40,Application-40-Service,11600
4450,Application-39,M_Req,missing_destination,64,Application-39-Service,EndDevice-39,Application-39-Service,11600
4452,Application-25,M_Req,missing_destination,50,Application-25-Service,EndDevice-25,Application-25-Service,11600
4454,Application-7,M_Req,missing_destination,32,Application-7-Service,EndDevice-7,Application-7-Service,11700
4467,Application-38,M_Req,missing_destination,63,Application-38-Service,EndDevice-38,Application-38-Service,11700
4479,Application-8,M_Req,missing_destination,33,Application-8-Service,EndDevice-8,Application-8-Service,11700
4487,Application-37,M_Req,missing_destination,62,Application-37-Service,EndDevice-37,Application-37-Service,11700
4489,Application-5,M_Req,missing_destination,30,Application-5-Service,EndDevice-5,Application-5-Service,11700
4490,Application-6,M_Req,missing_destination,31,Application-6-Service,EndDevice-6,Application-6-Service,11700
4493,Application-16,M_Req,missing_destination,41,Application-16-Service,EndDevice-16,Application-16-Service,11700
4496,Application-40,M_Req,missing_destination,65,Application-40-Service,EndDevice-40,Application-40-Service,11700
4498,Application-39,M_Req,missing_destination,64,Application-39-Service,EndDevice-39,Application-39-Service,11700
4500,Application-25,M_Req,missing_destination,50,Application-25-Service,EndDevice-25,Application-25-Service,11700
4529,Application-5,M_Req,missing_destination,30,Application-5-Service,EndDevice-5,Application-5-Service,11800
4530,Application-6,M_Req,missing_destination,31,Application-6-Service,EndDevice-6,Application-6-Service,11800
4533,Application-16,M_Req,missing_destination,41,Application-16-Service,EndDevice-16,Application-16-Service,11900
4538,Application-39,M_Req,missing_destination,64,Application-39-Service,EndDevice-39,Application-39-Service,11900
4541,Application-7,M_Req,missing_destination,32,Application-7-Service,EndDevice-7,Application-7-Service,11900
4545,Application-34,M_Req,missing_destination,59,Application-34-Service,EndDevice-34,Application-34-Service,11900
4548,Application-13,M_Req,missing_destination,38,Application-13-Service,EndDevice-13,Application-13-Service,11900
4563,Application-36,M_Req,missing_destination,61,Application-36-Service,EndDevice-36,Application-36-Service,11900
4567,Application-42,M_Req,missing_destination,67,Application-42-Service,EndDevice-42,Application-42-Service,11900
4569,Application-27,M_Req,missing_destination,52,Application-27-Service,EndDevice-27,Application-27-Service,11900
4574,Application-35,M_Req,missing_destination,60,Application-35-Service,EndDevice-35,Application-35-Service,11900
4575,Application-44,M_Req,missing_destination,69,Application-44-Service,EndDevice-44,Application-44-Service,11900
4577,Application-5,M_Req,missing_destination,30,Application-5-Service,EndDevice-5,Application-5-Service,11900
4578,Application-6,M_Req,missing_destination,31,Application-6-Service,EndDevice-6,Application-6-Service,11900
4579,Application-33,M_Req,missing_destination,58,Application-33-Service,EndDevice-33,Application-33-Service,11900
4584,Application-39,M_Req,missing_destination,64,Application-39-Service,EndDevice-39,Application-39-Service,12000
4586,Application-7,M_Req,missing_destination,32,Application-7-Service,EndDevice-7,Application-7-Service,12000
4589,Application-34,M_Req,missing_destination,59,Application-34-Service,EndDevice-34,Application-34-Service,12000
4592,Application-13,M_Req,missing_destination,38,Application-13-Service,EndDevice-13,Application-13-Service,12000
4603,Application-36,M_Req,missing_destination,61,Application-36-Service,EndDevice-36,Application-36-Service,12000
4607,Application-42,M_Req,missing_destination,67,Application-42-Service,EndDevice-42,Application-42-Service,12000
4609,Application-27,M_Req,missing_destination,52,Application-27-Service,EndDevice-27,Application-27-Service,12000
4634,Application-7,M_Req,missing_destination,32,Application-7-Service,EndDevice-7,Application-7-Service,12100
4640,Application-13,M_Req,missing_destination,38,Application-13-Service,EndDevice-13,Application-13-Service,12100
4655,Application-42,M_Req,missing_destination,67,Application-42-Service,EndDevice-42,Application-42-Service,12100
4661,Application-44,M_Req,missing_destination,69,Application-44-Service,EndDevice-44,Application-44-Service,12200
4662,Application-37,M_Req,missing_destination,62,Application-37-Service,EndDevice-37,Application-37-Service,12200
4679,Application-7,M_Req,missing_destination,32,Application-7-Service,EndDevice-7,Application-7-Service,12200
4680,Application-8,M_Req,missing_destination,33,Application-8-Service,EndDevice-8,Application-8-Service,12200
4685,Application-13,M_Req,missing_destination,38,Application-13-Service,EndDevice-13,Application-13-Service,12200
4687,Application-23,M_Req,missing_destination,48,Application-23-Service,EndDevice-23,Application-23-Service,12300
4691,Application-38,M_Req,missing_destination,63,Application-38-Service,EndDevice-38,Application-38-Service,12300
4693,Application-24,M_Req,missing_destination,49,Application-24-Service,EndDevice-24,Application-24-Service,12300
4709,Application-44,M_Req,missing_destination,69,Application-44-Service,EndDevice-44,Application-44-Service,12300
4710,Application-37,M_Req,missing_destination,62,Application-37-Service,EndDevice-37,Application-37-Service,12300
4727,Application-7,M_Req,missing_destination,32,Application-7-Service,EndDevice-7,Application-7-Service,12300
4728,Application-8,M_Req,missing_destination,33,Application-8-Service,EndDevice-8,Application-8-Service,12300
4733,Application-13,M_Req,missing_destination,38,Application-13-Service,EndDevice-13,Application-13-Service,12300
4776,Application-9,M_Req,missing_destination,34,Application-9-Service,EndDevice-9,Application-9-Service,12500
4779,Application-29,M_Req,missing_destination,54,Application-29-Service,EndDevice-29,Application-29-Service,12500
4792,Application-30,M_Req,missing_destination,55,Application-30-Service,EndDevice-30,Application-30-Service,12500
4793,Application-11,M_Req,missing_destination,36,Application-11-Service,EndDevice-11,Application-11-Service,12500
4795,Application-12,M_Req,missing_destination,37,Application-12-Service,EndDevice-12,Application-12-Service,12500
4796,Application-21,M_Req,missing_destination,46,Application-21-Service,EndDevice-21,Application-21-Service,12500
4798,Application-14,M_Req,missing_destination,39,Application-14-Service,EndDevice-14,Application-14-Service,12500
4799,Application-32,M_Req,missing_destination,57,Application-32-Service,EndDevice-32,Application-32-Service,12500
4800,Application-35,M_Req,missing_destination,60,Application-35-Service,EndDevice-35,Application-35-Service,12500
4802,Application-5,M_Req,missing_destination,30,Application-5-Service,EndDevice-5,Application-5-Service,12500
4803,Application-6,M_Req,missing_destination,31,Application-6-Service,EndDevice-6,Application-6-Service,12500
4806,Application-16,M_Req,missing_destination,41,Application-16-Service,EndDevice-16,Application-16-Service,12500
4808,Application-10,M_Req,missing_destination,35,Application-10-Service,EndDevice-10,Application-10-Service,12500
4811,Application-31,M_Req,missing_destination,56,Application-31-Service,EndDevice-31,Application-31-Service,12500
4820,Application-9,M_Req,missing_destination,34,Application-9-Service,EndDevice-9,Application-9-Service,12600
4823,Application-29,M_Req,missing_destination,54,Application-29-Service,EndDevice-29,Application-29-Service,12600
4834,Application-30,M_Req,missing_destination,55,Application-30-Service,EndDevice-30,Application-30-Service,12600
4836,Application-21,M_Req,missing_destination,46,Application-21-Service,EndDevice-21,Application-21-Service,12600
4868,Application-9,M_Req,missing_destination,34,Application-9-Service,EndDevice-9,Application-9-Service,12700
4871,Application-29,M_Req,missing_destination,54,Application-29-Service,EndDevice-29,Application-29-Service,12700
4882,Application-30,M_Req,missing_destination,55,Application-30-Service,EndDevice-30,Application-30-Service,12700
4884,Application-21,M_Req,missing_destination,46,Application-21-Service,EndDevice-21,Application-21-Service,12700
4887,Application-5,M_Req,missing_destination,30,Application-5-Service,EndDevice-5,Application-5-Service,12800
4910,Application-9,M_Req,missing_destination,34,Application-9-Service,EndDevice-9,Application-9-Service,12800
4915,Application-23,M_Req,missing_destination,48,Application-23-Service,EndDevice-23,Application-23-Service,12900
4922,Application-22,M_Req,missing_destination,47,Application-22-Service,EndDevice-22,Application-22-Service,12900
4923,Application-21,M_Req,missing_destination,46,Application-21-Service,EndDevice-21,Application-21-Service,12900
4935,Application-5,M_Req,missing_destination,30,Application-5-Service,EndDevice-5,Application-5-Service,12900
4958,Application-9,M_Req,missing_destination,34,Application-9-Service,EndDevice-9,Application-9-Service,12900
4963,Application-23,M_Req,missing_destination,48,Application-23-Service,EndDevice-23,Application-23-Service,13000
4968,Application-22,M_Req,missing_destination,47,Application-22-Service,EndDevice-22,Application-22-Service,13000
4969,Application-21,M_Req,missing_destination,46,Application-21-Service,EndDevice-21,Application-21-Service,13000
4979,Application-5,M_Req,missing_destination,30,Application-5-Service,EndDevice-5,Application-5-Service,13000
4992,Application-7,M_Req,missing_destination,32,Application-7-Service,EndDevice-7,Application-7-Service,13100
4995,Application-42,M_Req,missing_destination,67,Application-42-Service,EndDevice-42,Application-42-Service,13100
4996,Application-40,M_Req,missing_destination,65,Application-40-Service,EndDevice-40,Application-40-Service,13100
4997,Application-9,M_Req,missing_destination,34,Application-9-Service,EndDevice-9,Application-9-Service,13100
4998,Application-38,M_Req,missing_destination,63,Application-38-Service,EndDevice-38,Application-38-Service,13100
5005,Application-41,M_Req,missing_destination,66,Application-41-Service,EndDevice-41,Application-41-Service,13100
5011,Application-23,M_Req,missing_destination,48,Application-23-Service,EndDevice-23,Application-23-Service,13100
5015,Application-30,M_Req,missing_destination,55,Application-30-Service,EndDevice-30,Application-30-Service,13100
5016,Application-22,M_Req,missing_destination,47,Application-22-Service,EndDevice-22,Application-22-Service,13100
5017,Application-21,M_Req,missing_destination,46,Application-21-Service,EndDevice-21,Application-21-Service,13100
5020,Application-8,M_Req,missing_destination,33,Application-8-Service,EndDevice-8,Application-8-Service,13100
5022,Application-37,M_Req,missing_destination,62,Application-37-Service,EndDevice-37,Application-37-Service,13100
5023,Application-44,M_Req,missing_destination,69,Application-44-Service,EndDevice-44,Application-44-Service,13100
5025,Application-24,M_Req,missing_destination,49,Application-24-Service,EndDevice-24,Application-24-Service,13100
5026,Application-14,M_Req,missing_destination,39,Application-14-Service,EndDevice-14,Application-14-Service,13100
5027,Application-5,M_Req,missing_destination,30,Application-5-Service,EndDevice-5,Application-5-Service,13100
5028,Application-6,M_Req,missing_destination,31,Application-6-Service,EndDevice-6,Application-6-Service,13100
5031,Application-16,M_Req,missing_destination,41,Application-16-Service,EndDevice-16,Application-16-Service,13100
5034,Application-43,M_Req,missing_destination,68,Application-43-Service,EndDevice-43,Application-43-Service,13100
5039,Application-39,M_Req,missing_destination,64,Application-39-Service,EndDevice-39,Application-39-Service,13100
5040,Application-7,M_Req,missing_destination,32,Application-7-Service,EndDevice-7,Application-7-Service,13200
5043,Application-42,M_Req,missing_destination,67,Application-42-Service,EndDevice-42,Application-42-Service,13200
5044,Application-40,M_Req,missing_destination,65,Application-40-Service,EndDevice-40,Application-40-Service,13200
5045,Application-9,M_Req,missing_destination,34,Application-9-Service,EndDevice-9,Application-9-Service,13200
5046,Application-38,M_Req,missing_destination,63,Application-38-Service,EndDevice-38,Application-38-Service,13200
5053,Application-41,M_Req,missing_destination,66,Application-41-Service,EndDevice-41,Application-41-Service,13200
5060,Application-30,M_Req,missing_destination,55,Application-30-Service,EndDevice-30,Application-30-Service,13200
5061,Application-22,M_Req,missing_destination,47,Application-22-Service,EndDevice-22,Application-22-Service,13200
5062,Application-21,M_Req,missing_destination,46,Application-21-Service,EndDevice-21,Application-21-Service,13200
5065,Application-8,M_Req,missing_destination,33,Application-8-Service,EndDevice-8,Application-8-Service,13200
5068,Application-24,M_Req,missing_destination,49,Application-24-Service,EndDevice-24,Application-24-Service,13200
5088,Application-7,M_Req,missing_destination,32,Application-7-Service,EndDevice-7,Application-7-Service,13300
5091,Application-42,M_Req,missing_destination,67,Application-42-Service,EndDevice-42,Application-42-Service,13300
5093,Application-9,M_Req,missing_destination,34,Application-9-Service,EndDevice-9,Application-9-Service,13300
5101,Application-41,M_Req,missing_destination,66,Application-41-Service,EndDevice-41,Application-41-Service,13300
5108,Application-30,M_Req,missing_destination,55,Application-30-Service,EndDevice-30,Application-30-Service,13300
5109,Application-22,M_Req,missing_destination,47,Application-22-Service,EndDevice-22,Application-22-Service,13300
5110,Application-21,M_Req,missing_destination,46,Application-21-Service,EndDevice-21,Application-21-Service,13300
5113,Application-8,M_Req,missing_destination,33,Application-8-Service,EndDevice-8,Application-8-Service,13300
5116,Application-24,M_Req,missing_destination,49,Application-24-Service,EndDevice-24,Application-24-Service,13300
5128,Application-44,M_Req,missing_destination,69,Application-44-Service,EndDevice-44,Application-44-Service,13400
5131,Application-7,M_Req,missing_destination,32,Application-7-Service,EndDevice-7,Application-7-Service,13400
5134,Application-42,M_Req,missing_destination,67,Application-42-Service,EndDevice-42,Application-42-Service,13400
5136,Application-9,M_Req,missing_destination,34,Application-9-Service,EndDevice-9,Application-9-Service,13400
5140,Application-11,M_Req,missing_destination,36,Application-11-Service,EndDevice-11,Application-11-Service,13400
5143,Application-41,M_Req,missing_destination,66,Application-41-Service,EndDevice-41,Application-41-Service,13400
5147,Application-32,M_Req,missing_destination,57,Application-32-Service,EndDevice-32,Application-32-Service,13400
5149,Application-30,M_Req,missing_destination,55,Application-30-Service,EndDevice-30,Application-30-Service,13500
5154,Application-29,M_Req,missing_destination,54,Application-29-Service,EndDevice-29,Application-29-Service,13500
5155,Application-31,M_Req,missing_destination,56,Application-31-Service,EndDevice-31,Application-31-Service,13500
5176,Application-44,M_Req,missing_destination,69,Application-44-Service,EndDevice-44,Application-44-Service,13500
5179,Application-7,M_Req,missing_destination,32,Application-7-Service,EndDevice-7,Application-7-Service,13500
5182,Application-42,M_Req,missing_destination,67,Application-42-Service,EndDevice-42,Application-42-Service,13500
5184,Application-9,M_Req,missing_destination,34,Application-9-Service,EndDevice-9,Application-9-Service,13500
5188,Application-11,M_Req,missing_destination,36,Application-11-Service,EndDevice-11,Application-11-Service,13500
5191,Application-41,M_Req,missing_destination,66,Application-41-Service,EndDevice-41,Application-41-Service,13500
5195,Application-32,M_Req,missing_destination,57,Application-32-Service,EndDevice-32,Application-32-Service,13500
5197,Application-30,M_Req,missing_destination,55,Application-30-Service,EndDevice-30,Application-30-Service,13600
5202,Application-29,M_Req,missing_destination,54,Application-29-Service,EndDevice-29,Application-29-Service,13600
5203,Application-31,M_Req,missing_destination,56,Application-31-Service,EndDevice-31,Application-31-Service,13600
5220,Application-44,M_Req,missing_destination,69,Application-44-Service,EndDevice-44,Application-44-Service,13600
5225,Application-40,M_Req,missing_destination,65,Application-40-Service,EndDevice-40,Application-40-Service,13700
5226,Application-9,M_Req,missing_destination,34,Application-9-Service,EndDevice-9,Application-9-Service,13700
5227,Application-38,M_Req,missing_destination,63,Application-38-Service,EndDevice-38,Application-38-Service,13700
5232,Application-41,M_Req,missing_destination,66,Application-41-Service,EndDevice-41,Application-41-Service,13700
5239,Application-3,M_Req,missing_destination,28,Application-3-Service,EndDevice-3,Application-3-Service,13700
5244,Application-4,M_Req,missing_destination,29,Application-4-Service,EndDevice-4,Application-4-Service,13700
5245,Application-30,M_Req,missing_destination,55,Application-30-Service,EndDevice-30,Application-30-Service,13700
5247,Application-21,M_Req,missing_destination,46,Application-21-Service,EndDevice-21,Application-21-Service,13700
5250,Application-29,M_Req,missing_destination,54,Application-29-Service,EndDevice-29,Application-29-Service,13700
5251,Application-31,M_Req,missing_destination,56,Application-31-Service,EndDevice-31,Application-31-Service,13700
5254,Application-1,M_Req,missing_destination,26,Application-1-Service,EndDevice-1,Application-1-Service,13700
5255,Application-39,M_Req,missing_destination,64,Application-39-Service,EndDevice-39,Application-39-Service,13700
5261,Application-2,M_Req,missing_destination,27,Application-2-Service,EndDevice-2,Application-2-Service,13700
5267,Application-37,M_Req,missing_destination,62,Application-37-Service,EndDevice-37,Application-37-Service,13700
5268,Application-44,M_Req,missing_destination,69,Application-44-Service,EndDevice-44,Application-44-Service,13700
5272,Application-40,M_Req,missing_destination,65,Application-40-Service,EndDevice-40,Application-40-Service,13800
5277,Application-41,M_Req,missing_destination,66,Application-41-Service,EndDevice-41,Application-41-Service,13800
5283,Application-3,M_Req,missing_destination,28,Application-3-Service,EndDevice-3,Application-3-Service,13800
5288,Application-4,M_Req,missing_destination,29,Application-4-Service,EndDevice-4,Application-4-Service,13800
5289,Application-30,M_Req,missing_destination,55,Application-30-Service,EndDevice-30,Application-30-Service,13800
5291,Application-21,M_Req,missing_destination,46,Application-21-Service,EndDevice-21,Application-21-Service,13800
5294,Application-29,M_Req,missing_destination,54,Application-29-Service,EndDevice-29,Application-29-Service,13800
5297,Application-1,M_Req,missing_destination,26,Application-1-Service,EndDevice-1,Application-1-Service,13800
5320,Application-40,M_Req,missing_destination,65,Application-40-Service,EndDevice-40,Application-40-Service,13900
5325,Application-41,M_Req,missing_destination,66,Application-41-Service,EndDevice-41,Application-41-Service,13900
5331,Application-3,M_Req,missing_destination,28,Application-3-Service,EndDevice-3,Application-3-Service,13900
5336,Application-4,M_Req,missing_destination,29,Application-4-Service,EndDevice-4,Application-4-Service,13900
5339,Application-21,M_Req,missing_destination,46,Application-21-Service,EndDevice-21,Application-21-Service,13900
5345,Application-1,M_Req,missing_destination,26,Application-1-Service,EndDevice-1,Application-1-Service,13900
5356,Application-36,M_Req,missing_destination,61,Application-36-Service,EndDevice-36,Application-36-Service,14000
5358,Application-42,M_Req,missing_destination,67,Application-42-Service,EndDevice-42,Application-42-Service,14000
5367,Application-40,M_Req,missing_destination,65,Application-40-Service,EndDevice-40,Application-40-Service,14000
5370,Application-41,M_Req,missing_destination,66,Application-41-Service,EndDevice-41,Application-41-Service,14000
5385,Application-33,M_Req,missing_destination,58,Application-33-Service,EndDevice-33,Application-33-Service,14100
5386,Application-34,M_Req,missing_destination,59,Application-34-Service,EndDevice-34,Application-34-Service,14100
5404,Application-36,M_Req,missing_destination,61,Application-36-Service,EndDevice-36,Application-36-Service,14100
5406,Application-42,M_Req,missing_destination,67,Application-42-Service,EndDevice-42,Application-42-Service,14100
5415,Application-40,M_Req,missing_destination,65,Application-40-Service,EndDevice-40,Application-40-Service,14100
5418,Application-41,M_Req,missing_destination,66,Application-41-Service,EndDevice-41,Application-41-Service,14100
5429,Application-33,M_Req,missing_destination,58,Application-33-Service,EndDevice-33,Application-33-Service,14200
5430,Application-34,M_Req,missing_destination,59,Application-34-Service,EndDevice-34,Application-34-Service,14200
5447,Application-36,M_Req,missing_destination,61,Application-36-Service,EndDevice-36,Application-36-Service,14200
5449,Application-42,M_Req,missing_destination,67,Application-42-Service,EndDevice-42,Application-42-Service,14200
5462,Application-19,M_Req,missing_destination,44,Application-19-Service,EndDevice-19,Application-19-Service,14300
5463,Application-25,M_Req,missing_destination,50,Application-25-Service,EndDevice-25,Application-25-Service,14300
5468,Application-28,M_Req,missing_destination,53,Application-28-Service,EndDevice-28,Application-28-Service,14300
5469,Application-20,M_Req,missing_destination,45,Application-20-Service,EndDevice-20,Application-20-Service,14300
5477,Application-33,M_Req,missing_destination,58,Application-33-Service,EndDevice-33,Application-33-Service,14300
5478,Application-34,M_Req,missing_destination,59,Application-34-Service,EndDevice-34,Application-34-Service,14300
5480,Application-35,M_Req,missing_destination,60,Application-35-Service,EndDevice-35,Application-35-Service,14300
5486,Application-17,M_Req,missing_destination,42,Application-17-Service,EndDevice-17,Application-17-Service,14300
5487,Application-18,M_Req,missing_destination,43,Application-18-Service,EndDevice-18,Application-18-Service,14300
5489,Application-26,M_Req,missing_destination,51,Application-26-Service,EndDevice-26,Application-26-Service,14300
5495,Application-36,M_Req,missing_destination,61,Application-36-Service,EndDevice-36,Application-36-Service,14300
5497,Application-42,M_Req,missing_destination,67,Application-42-Service,EndDevice-42,Application-42-Service,14300
5500,Application-27,M_Req,missing_destination,52,Application-27-Service,EndDevice-27,Application-27-Service,14300
5508,Application-19,M_Req,missing_destination,44,Application-19-Service,EndDevice-19,Application-19-Service,14400
5509,Application-25,M_Req,missing_destination,50,Application-25-Service,EndDevice-25,Application-25-Service,14400
5513,Application-28,M_Req,missing_destination,53,Application-28-Service,EndDevice-28,Application-28-Service,14400
5514,Application-20,M_Req,missing_destination,45,Application-20-Service,EndDevice-20,Application-20-Service,14400
5520,Application-33,M_Req,missing_destination,58,Application-33-Service,EndDevice-33,Application-33-Service,14400
5521,Application-34,M_Req,missing_destination,59,Application-34-Service,EndDevice-34,Application-34-Service,14400
5527,Application-17,M_Req,missing_destination,42,Application-17-Service,EndDevice-17,Application-17-Service,14400
5528,Application-18,M_Req,missing_destination,43,Application-18-Service,EndDevice-18,Application-18-Service,14400
5556,Application-19,M_Req,missing_destination,44,Application-19-Service,EndDevice-19,Application-19-Service,14500
5562,Application-20,M_Req,missing_destination,45,Application-20-Service,EndDevice-20,Application-20-Service,14500
5575,Application-17,M_Req,missing_destination,42,Application-17-Service,EndDevice-17,Application-17-Service,14500
5576,Application-18,M_Req,missing_destination,43,Application-18-Service,EndDevice-18,Application-18-Service,14500
5577,Application-2,M_Req,missing_destination,27,Application-2-Service,EndDevice-2,Application-2-Service,14600
5585,Application-27,M_Req,missing_destination,52,Application-27-Service,EndDevice-27,Application-27-Service,14600
5589,Application-31,M_Req,missing_destination,56,Application-31-Service,EndDevice-31,Application-31-Service,14600
5596,Application-32,M_Req,missing_destination,57,Application-32-Service,EndDevice-32,Application-32-Service,14600
5598,Application-19,M_Req,missing_destination,44,Application-19-Service,EndDevice-19,Application-19-Service,14600
5604,Application-20,M_Req,missing_destination,45,Application-20-Service,EndDevice-20,Application-20-Service,14600
5605,Application-1,M_Req,missing_destination,26,Application-1-Service,EndDevice-1,Application-1-Service,14600
5608,Application-30,M_Req,missing_destination,55,Application-30-Service,EndDevice-30,Application-30-Service,14700
5612,Application-29,M_Req,missing_destination,54,Application-29-Service,EndDevice-29,Application-29-Service,14700
5614,Application-3,M_Req,missing_destination,28,Application-3-Service,EndDevice-3,Application-3-Service,14700
5625,Application-2,M_Req,missing_destination,27,Application-2-Service,EndDevice-2,Application-2-Service,14700
5633,Application-27,M_Req,missing_destination,52,Application-27-Service,EndDevice-27,Application-27-Service,14700
5637,Application-31,M_Req,missing_destination,56,Application-31-Service,EndDevice-31,Application-31-Service,14700
5644,Application-32,M_Req,missing_destination,57,Application-32-Service,EndDevice-32,Application-32-Service,14700
5646,Application-19,M_Req,missing_destination,44,Application-19-Service,EndDevice-19,Application-19-Service,14700
5652,Application-20,M_Req,missing_destination,45,Application-20-Service,EndDevice-20,Application-20-Service,14700
5653,Application-1,M_Req,missing_destination,26,Application-1-Service,EndDevice-1,Application-1-Service,14700
5660,Application-3,M_Req,missing_destination,28,Application-3-Service,EndDevice-3,Application-3-Service,14800
5668,Application-2,M_Req,missing_destination,27,Application-2-Service,EndDevice-2,Application-2-Service,14800
5675,Application-27,M_Req,missing_destination,52,Application-27-Service,EndDevice-27,Application-27-Service,14800
5683,Application-45,M_Req,missing_destination,70,Application-45-Service,EndDevice-45,Application-45-Service,14900
5685,Application-47,M_Req,missing_destination,72,Application-47-Service,EndDevice-47,Application-47-Service,14900
5686,Application-19,M_Req,missing_destination,44,Application-19-Service,EndDevice-19,Application-19-Service,14900
5691,Application-20,M_Req,missing_destination,45,Application-20-Service,EndDevice-20,Application-20-Service,14900
5695,Application-30,M_Req,missing_destination,55,Application-30-Service,EndDevice-30,Application-30-Service,14900
5701,Application-29,M_Req,missing_destination,54,Application-29-Service,EndDevice-29,Application-29-Service,14900
5703,Application-46,M_Req,missing_destination,71,Application-46-Service,EndDevice-46,Application-46-Service,14900
5708,Application-3,M_Req,missing_destination,28,Application-3-Service,EndDevice-3,Application-3-Service,14900
5716,Application-2,M_Req,missing_destination,27,Application-2-Service,EndDevice-2,Application-2-Service,14900
5723,Application-27,M_Req,missing_destination,52,Application-27-Service,EndDevice-27,Application-27-Service,14900
5726,Application-31,M_Req,missing_destination,56,Application-31-Service,EndDevice-31,Application-31-Service,14900
5729,Application-48,M_Req,missing_destination,73,Application-48-Service,EndDevice-48,Application-48-Service,14900
5731,Application-45,M_Req,missing_destination,70,Application-45-Service,EndDevice-45,Application-45-Service,15000
5733,Application-47,M_Req,missing_destination,72,Application-47-Service,EndDevice-47,Application-47-Service,15000
5734,Application-19,M_Req,missing_destination,44,Application-19-Service,EndDevice-19,Application-19-Service,15000
5738,Application-20,M_Req,missing_destination,45,Application-20-Service,EndDevice-20,Application-20-Service,15000
5742,Application-30,M_Req,missing_destination,55,Application-30-Service,EndDevice-30,Application-30-Service,15000
5747,Application-29,M_Req,missing_destination,54,Application-29-Service,EndDevice-29,Application-29-Service,15000
5752,Application-3,M_Req,missing_destination,28,Application-3-Service,EndDevice-3,Application-3-Service,15000
5779,Application-45,M_Req,missing_destination,70,Application-45-Service,EndDevice-45,Application-45-Service,15100
5781,Application-47,M_Req,missing_destination,72,Application-47-Service,EndDevice-47,Application-47-Service,15100
5782,Application-19,M_Req,missing_destination,44,Application-19-Service,EndDevice-19,Application-19-Service,15100
5786,Application-20,M_Req,missing_destination,45,Application-20-Service,EndDevice-20,Application-20-Service,15100
5818,Application-2,M_Req,missing_destination,27,Application-2-Service,EndDevice-2,Application-2-Service,15200
5822,Application-45,M_Req,missing_destination,70,Application-45-Service,EndDevice-45,Application-45-Service,15200
5824,Application-47,M_Req,missing_destination,72,Application-47-Service,EndDevice-47,Application-47-Service,15200
5825,Application-19,M_Req,missing_destination,44,Application-19-Service,EndDevice-19,Application-19-Service,15200
5828,Application-20,M_Req,missing_destination,45,Application-20-Service,EndDevice-20,Application-20-Service,15200
5833,Application-36,M_Req,missing_destination,61,Application-36-Service,EndDevice-36,Application-36-Service,15200
5838,Application-33,M_Req,missing_destination,58,Application-33-Service,EndDevice-33,Application-33-Service,15300
5840,Application-3,M_Req,missing_destination,28,Application-3-Service,EndDevice-3,Application-3-Service,15300
5841,Application-18,M_Req,missing_destination,43,Application-18-Service,EndDevice-18,Application-18-Service,15300
5842,Application-35,M_Req,missing_destination,60,Application-35-Service,EndDevice-35,Application-35-Service,15300
5866,Application-2,M_Req,missing_destination,27,Application-2-Service,EndDevice-2,Application-2-Service,15300
5870,Application-45,M_Req,missing_destination,70,Application-45-Service,EndDevice-45,Application-45-Service,15300
5872,Application-47,M_Req,missing_destination,72,Application-47-Service,EndDevice-47,Application-47-Service,15300
5873,Application-19,M_Req,missing_destination,44,Application-19-Service,EndDevice-19,Application-19-Service,15300
5876,Application-20,M_Req,missing_destination,45,Application-20-Service,EndDevice-20,Application-20-Service,15300
5881,Application-36,M_Req,missing_destination,61,Application-36-Service,EndDevice-36,Application-36-Service,15300
5886,Application-33,M_Req,missing_destination,58,Application-33-Service,EndDevice-33,Application-33-Service,15400
5888,Application-18,M_Req,missing_destination,43,Application-18-Service,EndDevice-18,Application-18-Service,15400
5889,Application-35,M_Req,missing_destination,60,Application-35-Service,EndDevice-35,Application-35-Service,15400
5909,Application-2,M_Req,missing_destination,27,Application-2-Service,EndDevice-2,Application-2-Service,15400
5912,Application-45,M_Req,missing_destination,70,Application-45-Service,EndDevice-45,Application-45-Service,15500
5915,Application-19,M_Req,missing_destination,44,Application-19-Service,EndDevice-19,Application-19-Service,15500
5920,Application-8,M_Req,missing_destination,33,Application-8-Service,EndDevice-8,Application-8-Service,15500
5924,Application-6,M_Req,missing_destination,31,Application-6-Service,EndDevice-6,Application-6-Service,15500
5932,Application-24,M_Req,missing_destination,49,Application-24-Service,EndDevice-24,Application-24-Service,15500
5934,Application-33,M_Req,missing_destination,58,Application-33-Service,EndDevice-33,Application-33-Service,15500
5936,Application-18,M_Req,missing_destination,43,Application-18-Service,EndDevice-18,Application-18-Service,15500
5937,Application-35,M_Req,missing_destination,60,Application-35-Service,EndDevice-35,Application-35-Service,15500
5939,Application-22,M_Req,missing_destination,47,Application-22-Service,EndDevice-22,Application-22-Service,15500
5946,Application-5,M_Req,missing_destination,30,Application-5-Service,EndDevice-5,Application-5-Service,15500
5951,Application-7,M_Req,missing_destination,32,Application-7-Service,EndDevice-7,Application-7-Service,15500
5952,Application-31,M_Req,missing_destination,56,Application-31-Service,EndDevice-31,Application-31-Service,15500
5953,Application-23,M_Req,missing_destination,48,Application-23-Service,EndDevice-23,Application-23-Service,15500
5954,Application-4,M_Req,missing_destination,29,Application-4-Service,EndDevice-4,Application-4-Service,15500
5957,Application-2,M_Req,missing_destination,27,Application-2-Service,EndDevice-2,Application-2-Service,15500
5958,Application-21,M_Req,missing_destination,46,Application-21-Service,EndDevice-21,Application-21-Service,15500
5960,Application-45,M_Req,missing_destination,70,Application-45-Service,EndDevice-45,Application-45-Service,15600
5963,Application-19,M_Req,missing_destination,44,Application-19-Service,EndDevice-19,Application-19-Service,15600
5967,Application-8,M_Req,missing_destination,33,Application-8-Service,EndDevice-8,Application-8-Service,15600
5971,Application-6,M_Req,missing_destination,31,Application-6-Service,EndDevice-6,Application-6-Service,15600
5976,Application-24,M_Req,missing_destination,49,Application-24-Service,EndDevice-24,Application-24-Service,15600
5978,Application-18,M_Req,missing_destination,43,Application-18-Service,EndDevice-18,Application-18-Service,15600
5979,Application-35,M_Req,missing_destination,60,Application-35-Service,EndDevice-35,Application-35-Service,15600
5981,Application-22,M_Req,missing_destination,47,Application-22-Service,EndDevice-22,Application-22-Service,15600
6026,Application-18,M_Req,missing_destination,43,Application-18-Service,EndDevice-18,Application-18-Service,15700
6027,Application-35,M_Req,missing_destination,60,Application-35-Service,EndDevice-35,Application-35-Service,15700
6037,Application-38,M_Req,missing_destination,63,Application-38-Service,EndDevice-38,Application-38-Service,15800
6052,Application-45,M_Req,missing_destination,70,Application-45-Service,EndDevice-45,Application-45-Service,15800
6063,Application-40,M_Req,missing_destination,65,Application-40-Service,EndDevice-40,Application-40-Service,15800
6064,Application-39,M_Req,missing_destination,64,Application-39-Service,EndDevice-39,Application-39-Service,15800
6068,Application-22,M_Req,missing_destination,47,Application-22-Service,EndDevice-22,Application-22-Service,15900
6070,Application-37,M_Req,missing_destination,62,Application-37-Service,EndDevice-37,Application-37-Service,15900
6085,Application-38,M_Req,missing_destination,63,Application-38-Service,EndDevice-38,Application-38-Service,15900
6100,Application-45,M_Req,missing_destination,70,Application-45-Service,EndDevice-45,Application-45-Service,15900
6111,Application-40,M_Req,missing_destination,65,Application-40-Service,EndDevice-40,Application-40-Service,15900
6112,Application-39,M_Req,missing_destination,64,Application-39-Service,EndDevice-39,Application-39-Service,15900
6115,Application-22,M_Req,missing_destination,47,Application-22-Service,EndDevice-22,Application-22-Service,16000
6151,Application-40,M_Req,missing_destination,65,Application-40-Service,EndDevice-40,Application-40-Service,16100
6163,Application-22,M_Req,missing_destination,47,Application-22-Service,EndDevice-22,Application-22-Service,16100
6167,Application-2,M_Req,missing_destination,27,Application-2-Service,EndDevice-2,Application-2-Service,16100
6172,Application-1,M_Req,missing_destination,26,Application-1-Service,EndDevice-1,Application-1-Service,16100
6180,Application-4,M_Req,missing_destination,29,Application-4-Service,EndDevice-4,Application-4-Service,16100
6183,Application-21,M_Req,missing_destination,46,Application-21-Service,EndDevice-21,Application-21-Service,16100
6185,Application-3,M_Req,missing_destination,28,Application-3-Service,EndDevice-3,Application-3-Service,16100
6187,Application-33,M_Req,missing_destination,58,Application-33-Service,EndDevice-33,Application-33-Service,16100
6197,Application-40,M_Req,missing_destination,65,Application-40-Service,EndDevice-40,Application-40-Service,16200
6207,Application-22,M_Req,missing_destination,47,Application-22-Service,EndDevice-22,Application-22-Service,16200
6211,Application-2,M_Req,missing_destination,27,Application-2-Service,EndDevice-2,Application-2-Service,16200
6215,Application-1,M_Req,missing_destination,26,Application-1-Service,EndDevice-1,Application-1-Service,16200
6245,Application-40,M_Req,missing_destination,65,Application-40-Service,EndDevice-40,Application-40-Service,16300
6259,Application-2,M_Req,missing_destination,27,Application-2-Service,EndDevice-2,Application-2-Service,16300
6263,Application-1,M_Req,missing_destination,26,Application-1-Service,EndDevice-1,Application-1-Service,16300
6273,Application-15,M_Req,missing_destination,40,Application-15-Service,EndDevice-15,Application-15-Service,16400
6282,Application-20,M_Req,missing_destination,45,Application-20-Service,EndDevice-20,Application-20-Service,16400
6288,Application-13,M_Req,missing_destination,38,Application-13-Service,EndDevice-13,Application-13-Service,16400
6289,Application-40,M_Req,missing_destination,65,Application-40-Service,EndDevice-40,Application-40-Service,16400
6296,Application-22,M_Req,missing_destination,47,Application-22-Service,EndDevice-22,Application-22-Service,16500
6297,Application-16,M_Req,missing_destination,41,Application-16-Service,EndDevice-16,Application-16-Service,16500
6299,Application-14,M_Req,missing_destination,39,Application-14-Service,EndDevice-14,Application-14-Service,16500
6321,Application-15,M_Req,missing_destination,40,Application-15-Service,EndDevice-15,Application-15-Service,16500
6330,Application-20,M_Req,missing_destination,45,Application-20-Service,EndDevice-20,Application-20-Service,16500
6336,Application-13,M_Req,missing_destination,38,Application-13-Service,EndDevice-13,Application-13-Service,16500
6337,Application-40,M_Req,missing_destination,65,Application-40-Service,EndDevice-40,Application-40-Service,16500
6343,Application-22,M_Req,missing_destination,47,Application-22-Service,EndDevice-22,Application-22-Service,16600
6344,Application-16,M_Req,missing_destination,41,Application-16-Service,EndDevice-16,Application-16-Service,16600
6346,Application-14,M_Req,missing_destination,39,Application-14-Service,EndDevice-14,Application-14-Service,16600
6363,Application-15,M_Req,missing_destination,40,Application-15-Service,EndDevice-15,Application-15-Service,16600
6370,Application-20,M_Req,missing_destination,45,Application-20-Service,EndDevice-20,Application-20-Service,16600
6371,Application-32,M_Req,missing_destination,57,Application-32-Service,EndDevice-32,Application-32-Service,16700
6385,Application-30,M_Req,missing_destination,55,Application-30-Service,EndDevice-30,Application-30-Service,16700
6389,Application-23,M_Req,missing_destination,48,Application-23-Service,EndDevice-23,Application-23-Service,16700
6390,Application-18,M_Req,missing_destination,43,Application-18-Service,EndDevice-18,Application-18-Service,16700
6391,Application-22,M_Req,missing_destination,47,Application-22-Service,EndDevice-22,Application-22-Service,16700
6392,Application-16,M_Req,missing_destination,41,Application-16-Service,EndDevice-16,Application-16-Service,16700
6393,Application-11,M_Req,missing_destination,36,Application-11-Service,EndDevice-11,Application-11-Service,16700
6394,Application-14,M_Req,missing_destination,39,Application-14-Service,EndDevice-14,Application-14-Service,16700
6395,Application-9,M_Req,missing_destination,34,Application-9-Service,EndDevice-9,Application-9-Service,16700
6397,Application-1,M_Req,missing_destination,26,Application-1-Service,EndDevice-1,Application-1-Service,16700
6398,Application-10,M_Req,missing_destination,35,Application-10-Service,EndDevice-10,Application-10-Service,16700
6400,Application-12,M_Req,missing_destination,37,Application-12-Service,EndDevice-12,Application-12-Service,16700
6407,Application-31,M_Req,missing_destination,56,Application-31-Service,EndDevice-31,Application-31-Service,16700
6409,Application-21,M_Req,missing_destination,46,Application-21-Service,EndDevice-21,Application-21-Service,16700
6411,Application-15,M_Req,missing_destination,40,Application-15-Service,EndDevice-15,Application-15-Service,16700
6412,Application-29,M_Req,missing_destination,54,Application-29-Service,EndDevice-29,Application-29-Service,16700
6418,Application-20,M_Req,missing_destination,45,Application-20-Service,EndDevice-20,Application-20-Service,16700
6419,Application-32,M_Req,missing_destination,57,Application-32-Service,EndDevice-32,Application-32-Service,16800
6429,Application-30,M_Req,missing_destination,55,Application-30-Service,EndDevice-30,Application-30-Service,16800
6432,Application-23,M_Req,missing_destination,48,Application-23-Service,EndDevice-23,Application-23-Service,16800
6433,Application-22,M_Req,missing_destination,47,Application-22-Service,EndDevice-22,Application-22-Service,16800
6434,Application-16,M_Req,missing_destination,41,Application-16-Service,EndDevice-16,Application-16-Service,16800
6435,Application-11,M_Req,missing_destination,36,Application-11-Service,EndDevice-11,Application-11-Service,16800
6436,Application-14,M_Req,missing_destination,39,Application-14-Service,EndDevice-14,Application-14-Service,16800
6437,Application-9,M_Req,missing_destination,34,Application-9-Service,EndDevice-9,Application-9-Service,16800
6439,Application-1,M_Req,missing_destination,26,Application-1-Service,EndDevice-1,Application-1-Service,16800
6467,Application-32,M_Req,missing_destination,57,Application-32-Service,EndDevice-32,Application-32-Service,16900
6477,Application-30,M_Req,missing_destination,55,Application-30-Service,EndDevice-30,Application-30-Service,16900
6480,Application-23,M_Req,missing_destination,48,Application-23-Service,EndDevice-23,Application-23-Service,16900
6483,Application-11,M_Req,missing_destination,36,Application-11-Service,EndDevice-11,Application-11-Service,16900
6485,Application-9,M_Req,missing_destination,34,Application-9-Service,EndDevice-9,Application-9-Service,16900
6487,Application-1,M_Req,missing_destination,26,Application-1-Service,EndDevice-1,Application-1-Service,16900
6493,Application-42,M_Req,missing_destination,67,Application-42-Service,EndDevice-42,Application-42-Service,17000
6503,Application-44,M_Req,missing_destination,69,Application-44-Service,EndDevice-44,Application-44-Service,17000
6506,Application-43,M_Req,missing_destination,68,Application-43-Service,EndDevice-43,Application-43-Service,17000
6514,Application-32,M_Req,missing_destination,57,Application-32-Service,EndDevice-32,Application-32-Service,17000
6515,Application-41,M_Req,missing_destination,66,Application-41-Service,EndDevice-41,Application-41-Service,17000
6522,Application-13,M_Req,missing_destination,38,Application-13-Service,EndDevice-13,Application-13-Service,17000
6523,Application-23,M_Req,missing_destination,48,Application-23-Service,EndDevice-23,Application-23-Service,17000
6525,Application-16,M_Req,missing_destination,41,Application-16-Service,EndDevice-16,Application-16-Service,17100
6541,Application-42,M_Req,missing_destination,67,Application-42-Service,EndDevice-42,Application-42-Service,17100
6551,Application-44,M_Req,missing_destination,69,Application-44-Service,EndDevice-44,Application-44-Service,17100
6554,Application-43,M_Req,missing_destination,68,Application-43-Service,EndDevice-43,Application-43-Service,17100
6562,Application-32,M_Req,missing_destination,57,Application-32-Service,EndDevice-32,Application-32-Service,17100
6563,Application-41,M_Req,missing_destination,66,Application-41-Service,EndDevice-41,Application-41-Service,17100
6570,Application-13,M_Req,missing_destination,38,Application-13-Service,EndDevice-13,Application-13-Service,17100
6571,Application-23,M_Req,missing_destination,48,Application-23-Service,EndDevice-23,Application-23-Service,17100
6609,Application-35,M_Req,missing_destination,60,Application-35-Service,EndDevice-35,Application-35-Service,17300
6613,Application-46,M_Req,missing_destination,71,Application-46-Service,EndDevice-46,Application-46-Service,17300
6615,Application-47,M_Req,missing_destination,72,Application-47-Service,EndDevice-47,Application-47-Service,17300
6625,Application-45,M_Req,missing_destination,70,Application-45-Service,EndDevice-45,Application-45-Service,17300
6627,Application-48,M_Req,missing_destination,73,Application-48-Service,EndDevice-48,Application-48-Service,17300
6630,Application-36,M_Req,missing_destination,61,Application-36-Service,EndDevice-36,Application-36-Service,17300
6633,Application-34,M_Req,missing_destination,59,Application-34-Service,EndDevice-34,Application-34-Service,17300
6640,Application-15,M_Req,missing_destination,40,Application-15-Service,EndDevice-15,Application-15-Service,17300
6646,Application-33,M_Req,missing_destination,58,Application-33-Service,EndDevice-33,Application-33-Service,17300
6657,Application-35,M_Req,missing_destination,60,Application-35-Service,EndDevice-35,Application-35-Service,17400
6661,Application-46,M_Req,missing_destination,71,Application-46-Service,EndDevice-46,Application-46-Service,17400
6663,Application-47,M_Req,missing_destination,72,Application-47-Service,EndDevice-47,Application-47-Service,17400
6672,Application-45,M_Req,missing_destination,70,Application-45-Service,EndDevice-45,Application-45-Service,17400
6676,Application-36,M_Req,missing_destination,61,Application-36-Service,EndDevice-36,Application-36-Service,17400
6709,Application-46,M_Req,missing_destination,71,Application-46-Service,EndDevice-46,Application-46-Service,17500
6711,Application-47,M_Req,missing_destination,72,Application-47-Service,EndDevice-47,Application-47-Service,17500
6720,Application-45,M_Req,missing_destination,70,Application-45-Service,EndDevice-45,Application-45-Service,17500
6730,Application-38,M_Req,missing_destination,63,Application-38-Service,EndDevice-38,Application-38-Service,17600
6746,Application-40,M_Req,missing_destination,65,Application-40-Service,EndDevice-40,Application-40-Service,17600
6752,Application-37,M_Req,missing_destination,62,Application-37-Service,EndDevice-37,Application-37-Service,17600
6753,Application-46,M_Req,missing_destination,71,Application-46-Service,EndDevice-46,Application-46-Service,17600
6754,Application-39,M_Req,missing_destination,64,Application-39-Service,EndDevice-39,Application-39-Service,17600
6778,Application-38,M_Req,missing_destination,63,Application-38-Service,EndDevice-38,Application-38-Service,17700
6794,Application-40,M_Req,missing_destination,65,Application-40-Service,EndDevice-40,Application-40-Service,17700
6800,Application-37,M_Req,missing_destination,62,Application-37-Service,EndDevice-37,Application-37-Service,17700
6801,Application-46,M_Req,missing_destination,71,Application-46-Service,EndDevice-46,Application-46-Service,17700
6802,Application-39,M_Req,missing_destination,64,Application-39-Service,EndDevice-39,Application-39-Service,17700
6842,Application-13,M_Req,missing_destination,38,Application-13-Service,EndDevice-13,Application-13-Service,17900
6850,Application-16,M_Req,missing_destination,41,Application-16-Service,EndDevice-16,Application-16-Service,17900
6851,Application-6,M_Req,missing_destination,31,Application-6-Service,EndDevice-6,Application-6-Service,17900
6853,Application-7,M_Req,missing_destination,32,Application-7-Service,EndDevice-7,Application-7-Service,17900
6859,Application-14,M_Req,missing_destination,39,Application-14-Service,EndDevice-14,Application-14-Service,17900
6870,Application-5,M_Req,missing_destination,30,Application-5-Service,EndDevice-5,Application-5-Service,17900
6879,Application-15,M_Req,missing_destination,40,Application-15-Service,EndDevice-15,Application-15-Service,17900
6880,Application-8,M_Req,missing_destination,33,Application-8-Service,EndDevice-8,Application-8-Service,17900
6889,Application-13,M_Req,missing_destination,38,Application-13-Service,EndDevice-13,Application-13-Service,18000
6896,Application-16,M_Req,missing_destination,41,Application-16-Service,EndDevice-16,Application-16-Service,18000
6897,Application-6,M_Req,missing_destination,31,Application-6-Service,EndDevice-6,Application-6-Service,18000
6899,Application-7,M_Req,missing_destination,32,Application-7-Service,EndDevice-7,Application-7-Service,18000
6903,Application-14,M_Req,missing_destination,39,Application-14-Service,EndDevice-14,Application-14-Service,18000
6937,Application-13,M_Req,missing_destination,38,Application-13-Service,EndDevice-13,Application-13-Service,18100
6944,Application-16,M_Req,missing_destination,41,Application-16-Service,EndDevice-16,Application-16-Service,18100
6945,Application-6,M_Req,missing_destination,31,Application-6-Service,EndDevice-6,Application-6-Service,18100
6947,Application-7,M_Req,missing_destination,32,Application-7-Service,EndDevice-7,Application-7-Service,18100
6951,Application-14,M_Req,missing_destination,39,Application-14-Service,EndDevice-14,Application-14-Service,18100
6961,Application-4,M_Req,missing_destination,29,Application-4-Service,EndDevice-4,Application-4-Service,18200
6980,Application-13,M_Req,missing_destination,38,Application-13-Service,EndDevice-13,Application-13-Service,18200
6983,Application-1,M_Req,missing_destination,26,Application-1-Service,EndDevice-1,Application-1-Service,18200
6985,Application-16,M_Req,missing_destination,41,Application-16-Service,EndDevice-16,Application-16-Service,18200
6986,Application-6,M_Req,missing_destination,31,Application-6-Service,EndDevice-6,Application-6-Service,18200
6987,Application-7,M_Req,missing_destination,32,Application-7-Service,EndDevice-7,Application-7-Service,18200
6990,Application-3,M_Req,missing_destination,28,Application-3-Service,EndDevice-3,Application-3-Service,18300
7009,Application-4,M_Req,missing_destination,29,Application-4-Service,EndDevice-4,Application-4-Service,18300
7028,Application-13,M_Req,missing_destination,38,Application-13-Service,EndDevice-13,Application-13-Service,18300
7031,Application-1,M_Req,missing_destination,26,Application-1-Service,EndDevice-1,Application-1-Service,18300
7033,Application-16,M_Req,missing_destination,41,Application-16-Service,EndDevice-16,Application-16-Service,18300
7034,Application-6,M_Req,missing_destination,31,Application-6-Service,EndDevice-6,Application-6-Service,18300
7035,Application-7,M_Req,missing_destination,32,Application-7-Service,EndDevice-7,Application-7-Service,18300
7066,Application-37,M_Req,missing_destination,62,Application-37-Service,EndDevice-37,Application-37-Service,18500
7071,Application-39,M_Req,missing_destination,64,Application-39-Service,EndDevice-39,Application-39-Service,18500
7075,Application-15,M_Req,missing_destination,40,Application-15-Service,EndDevice-15,Application-15-Service,18500
7080,Application-2,M_Req,missing_destination,27,Application-2-Service,EndDevice-2,Application-2-Service,18500
7081,Application-38,M_Req,missing_destination,63,Application-38-Service,EndDevice-38,Application-38-Service,18500
7086,Application-3,M_Req,missing_destination,28,Application-3-Service,EndDevice-3,Application-3-Service,18500
7101,Application-4,M_Req,missing_destination,29,Application-4-Service,EndDevice-4,Application-4-Service,18500
7107,Application-40,M_Req,missing_destination,65,Application-40-Service,EndDevice-40,Application-40-Service,18500
7118,Application-39,M_Req,missing_destination,64,Application-39-Service,EndDevice-39,Application-39-Service,18600
7122,Application-15,M_Req,missing_destination,40,Application-15-Service,EndDevice-15,Application-15-Service,18600
7127,Application-2,M_Req,missing_destination,27,Application-2-Service,EndDevice-2,Application-2-Service,18600
7128,Application-38,M_Req,missing_destination,63,Application-38-Service,EndDevice-38,Application-38-Service,18600
7131,Application-3,M_Req,missing_destination,28,Application-3-Service,EndDevice-3,Application-3-Service,18600
7170,Application-15,M_Req,missing_destination,40,Application-15-Service,EndDevice-15,Application-15-Service,18700
7175,Application-2,M_Req,missing_destination,27,Application-2-Service,EndDevice-2,Application-2-Service,18700
7179,Application-3,M_Req,missing_destination,28,Application-3-Service,EndDevice-3,Application-3-Service,18700
7189,Application-42,M_Req,missing_destination,67,Application-42-Service,EndDevice-42,Application-42-Service,18800
7191,Application-43,M_Req,missing_destination,68,Application-43-Service,EndDevice-43,Application-43-Service,18800
7200,Application-44,M_Req,missing_destination,69,Application-44-Service,EndDevice-44,Application-44-Service,18800
7202,Application-25,M_Req,missing_destination,50,Application-25-Service,EndDevice-25,Application-25-Service,18800
7206,Application-28,M_Req,missing_destination,53,Application-28-Service,EndDevice-28,Application-28-Service,18800
7210,Application-16,M_Req,missing_destination,41,Application-16-Service,EndDevice-16,Application-16-Service,18800
7216,Application-2,M_Req,missing_destination,27,Application-2-Service,EndDevice-2,Application-2-Service,18800
7219,Application-26,M_Req,missing_destination,51,Application-26-Service,EndDevice-26,Application-26-Service,18900
7224,Application-41,M_Req,missing_destination,66,Application-41-Service,EndDevice-41,Application-41-Service,18900
7237,Application-42,M_Req,missing_destination,67,Application-42-Service,EndDevice-42,Application-42-Service,18900
7239,Application-43,M_Req,missing_destination,68,Application-43-Service,EndDevice-43,Application-43-Service,18900
7248,Application-44,M_Req,missing_destination,69,Application-44-Service,EndDevice-44,Application-44-Service,18900
7250,Application-25,M_Req,missing_destination,50,Application-25-Service,EndDevice-25,Application-25-Service,18900
7254,Application-28,M_Req,missing_destination,53,Application-28-Service,EndDevice-28,Application-28-Service,18900
7258,Application-16,M_Req,missing_destination,41,Application-16-Service,EndDevice-16,Application-16-Service,18900
7264,Application-2,M_Req,missing_destination,27,Application-2-Service,EndDevice-2,Application-2-Service,18900
7267,Application-26,M_Req,missing_destination,51,Application-26-Service,EndDevice-26,Application-26-Service,19000
7272,Application-41,M_Req,missing_destination,66,Application-41-Service,EndDevice-41,Application-41-Service,19000
7281,Application-42,M_Req,missing_destination,67,Application-42-Service,EndDevice-42,Application-42-Service,19000
7283,Application-43,M_Req,missing_destination,68,Application-43-Service,EndDevice-43,Application-43-Service,19000
7288,Application-44,M_Req,missing_destination,69,Application-44-Service,EndDevice-44,Application-44-Service,19000
7290,Application-25,M_Req,missing_destination,50,Application-25-Service,EndDevice-25,Application-25-Service,19000
7301,Application-47,M_Req,missing_destination,72,Application-47-Service,EndDevice-47,Application-47-Service,19100
7303,Application-2,M_Req,missing_destination,27,Application-2-Service,EndDevice-2,Application-2-Service,19100
7314,Application-45,M_Req,missing_destination,70,Application-45-Service,EndDevice-45,Application-45-Service,19100
7315,Application-26,M_Req,missing_destination,51,Application-26-Service,EndDevice-26,Application-26-Service,19100
7317,Application-9,M_Req,missing_destination,34,Application-9-Service,EndDevice-9,Application-9-Service,19100
7319,Application-11,M_Req,missing_destination,36,Application-11-Service,EndDevice-11,Application-11-Service,19100
7320,Application-41,M_Req,missing_destination,66,Application-41-Service,EndDevice-41,Application-41-Service,19100
7321,Application-12,M_Req,missing_destination,37,Application-12-Service,EndDevice-12,Application-12-Service,19100
7326,Application-46,M_Req,missing_destination,71,Application-46-Service,EndDevice-46,Application-46-Service,19100
7329,Application-42,M_Req,missing_destination,67,Application-42-Service,EndDevice-42,Application-42-Service,19100
7331,Application-43,M_Req,missing_destination,68,Application-43-Service,EndDevice-43,Application-43-Service,19100
7333,Application-40,M_Req,missing_destination,65,Application-40-Service,EndDevice-40,Application-40-Service,19100
7335,Application-48,M_Req,missing_destination,73,Application-48-Service,EndDevice-48,Application-48-Service,19100
7336,Application-44,M_Req,missing_destination,69,Application-44-Service,EndDevice-44,Application-44-Service,19100
7337,Application-10,M_Req,missing_destination,35,Application-10-Service,EndDevice-10,Application-10-Service,19100
7338,Application-25,M_Req,missing_destination,50,Application-25-Service,EndDevice-25,Application-25-Service,19100
7348,Application-47,M_Req,missing_destination,72,Application-47-Service,EndDevice-47,Application-47-Service,19200
7358,Application-45,M_Req,missing_destination,70,Application-45-Service,EndDevice-45,Application-45-Service,19200
7359,Application-26,M_Req,missing_destination,51,Application-26-Service,EndDevice-26,Application-26-Service,19200
7361,Application-9,M_Req,missing_destination,34,Application-9-Service,EndDevice-9,Application-9-Service,19200
7363,Application-11,M_Req,missing_destination,36,Application-11-Service,EndDevice-11,Application-11-Service,19200
7364,Application-41,M_Req,missing_destination,66,Application-41-Service,EndDevice-41,Application-41-Service,19200
7365,Application-12,M_Req,missing_destination,37,Application-12-Service,EndDevice-12,Application-12-Service,19200
7367,Application-46,M_Req,missing_destination,71,Application-46-Service,EndDevice-46,Application-46-Service,19200
7409,Application-9,M_Req,missing_destination,34,Application-9-Service,EndDevice-9,Application-9-Service,19300
7411,Application-11,M_Req,missing_destination,36,Application-11-Service,EndDevice-11,Application-11-Service,19300
7412,Application-41,M_Req,missing_destination,66,Application-41-Service,EndDevice-41,Application-41-Service,19300
7413,Application-12,M_Req,missing_destination,37,Application-12-Service,EndDevice-12,Application-12-Service,19300
7418,Application-42,M_Req,missing_destination,67,Application-42-Service,EndDevice-42,Application-42-Service,19400
7427,Application-5,M_Req,missing_destination,30,Application-5-Service,EndDevice-5,Application-5-Service,19400
7428,Application-14,M_Req,missing_destination,39,Application-14-Service,EndDevice-14,Application-14-Service,19400
7432,Application-13,M_Req,missing_destination,38,Application-13-Service,EndDevice-13,Application-13-Service,19400
7435,Application-6,M_Req,missing_destination,31,Application-6-Service,EndDevice-6,Application-6-Service,19400
7436,Application-7,M_Req,missing_destination,32,Application-7-Service,EndDevice-7,Application-7-Service,19400
7437,Application-30,M_Req,missing_destination,55,Application-30-Service,EndDevice-30,Application-30-Service,19400
7441,Application-8,M_Req,missing_destination,33,Application-8-Service,EndDevice-8,Application-8-Service,19400
7442,Application-15,M_Req,missing_destination,40,Application-15-Service,EndDevice-15,Application-15-Service,19400
7451,Application-41,M_Req,missing_destination,66,Application-41-Service,EndDevice-41,Application-41-Service,19500
7466,Application-42,M_Req,missing_destination,67,Application-42-Service,EndDevice-42,Application-42-Service,19500
7475,Application-5,M_Req,missing_destination,30,Application-5-Service,EndDevice-5,Application-5-Service,19500
7476,Application-14,M_Req,missing_destination,39,Application-14-Service,EndDevice-14,Application-14-Service,19500
7480,Application-13,M_Req,missing_destination,38,Application-13-Service,EndDevice-13,Application-13-Service,19500
7483,Application-6,M_Req,missing_destination,31,Application-6-Service,EndDevice-6,Application-6-Service,19500
7484,Application-7,M_Req,missing_destination,32,Application-7-Service,EndDevice-7,Application-7-Service,19500
7485,Application-30,M_Req,missing_destination,55,Application-30-Service,EndDevice-30,Application-30-Service,19500
7489,Application-8,M_Req,missing_destination,33,Application-8-Service,EndDevice-8,Application-8-Service,19500
7490,Application-15,M_Req,missing_destination,40,Application-15-Service,EndDevice-15,Application-15-Service,19500
7497,Application-41,M_Req,missing_destination,66,Application-41-Service,EndDevice-41,Application-41-Service,19600
7508,Application-42,M_Req,missing_destination,67,Application-42-Service,EndDevice-42,Application-42-Service,19600
7515,Application-5,M_Req,missing_destination,30,Application-5-Service,EndDevice-5,Application-5-Service,19600
7522,Application-17,M_Req,missing_destination,42,Application-17-Service,EndDevice-17,Application-17-Service,19700
7534,Application-11,M_Req,missing_destination,36,Application-11-Service,EndDevice-11,Application-11-Service,19700
7537,Application-20,M_Req,missing_destination,45,Application-20-Service,EndDevice-20,Application-20-Service,19700
7539,Application-9,M_Req,missing_destination,34,Application-9-Service,EndDevice-9,Application-9-Service,19700
7540,Application-43,M_Req,missing_destination,68,Application-43-Service,EndDevice-43,Application-43-Service,19700
7545,Application-41,M_Req,missing_destination,66,Application-41-Service,EndDevice-41,Application-41-Service,19700
7553,Application-18,M_Req,missing_destination,43,Application-18-Service,EndDevice-18,Application-18-Service,19700
7554,Application-10,M_Req,missing_destination,35,Application-10-Service,EndDevice-10,Application-10-Service,19700
7556,Application-42,M_Req,missing_destination,67,Application-42-Service,EndDevice-42,Application-42-Service,19700
7559,Application-48,M_Req,missing_destination,73,Application-48-Service,EndDevice-48,Application-48-Service,19700
7562,Application-19,M_Req,missing_destination,44,Application-19-Service,EndDevice-19,Application-19-Service,19700
7563,Application-5,M_Req,missing_destination,30,Application-5-Service,EndDevice-5,Application-5-Service,19700
7569,Application-17,M_Req,missing_destination,42,Application-17-Service,EndDevice-17,Application-17-Service,19800
7581,Application-20,M_Req,missing_destination,45,Application-20-Service,EndDevice-20,Application-20-Service,19800
7582,Application-9,M_Req,missing_destination,34,Application-9-Service,EndDevice-9,Application-9-Service,19800
7583,Application-43,M_Req,missing_destination,68,Application-43-Service,EndDevice-43,Application-43-Service,19800
7587,Application-41,M_Req,missing_destination,66,Application-41-Service,EndDevice-41,Application-41-Service,19800
7595,Application-10,M_Req,missing_destination,35,Application-10-Service,EndDevice-10,Application-10-Service,19800
7635,Application-41,M_Req,missing_destination,66,Application-41-Service,EndDevice-41,Application-41-Service,19900
7645,Application-4,M_Req,missing_destination,29,Application-4-Service,EndDevice-4,Application-4-Service,20000
7657,Application-42,M_Req,missing_destination,67,Application-42-Service,EndDevice-42,Application-42-Service,20000
7662,Application-2,M_Req,missing_destination,27,Application-2-Service,EndDevice-2,Application-2-Service,20000
7673,Application-9,M_Req,missing_destination,34,Application-9-Service,EndDevice-9,Application-9-Service,20000
7680,Application-1,M_Req,missing_destination,26,Application-1-Service,EndDevice-1,Application-1-Service,20100
7682,Application-10,M_Req,missing_destination,35,Application-10-Service,EndDevice-10,Application-10-Service,20100
7693,Application-4,M_Req,missing_destination,29,Application-4-Service,EndDevice-4,Application-4-Service,20100
7705,Application-42,M_Req,missing_destination,67,Application-42-Service,EndDevice-42,Application-42-Service,20100
7710,Application-2,M_Req,missing_destination,27,Application-2-Service,EndDevice-2,Application-2-Service,20100
7721,Application-9,M_Req,missing_destination,34,Application-9-Service,EndDevice-9,Application-9-Service,20100
7726,Application-1,M_Req,missing_destination,26,Application-1-Service,EndDevice-1,Application-1-Service,20200
7737,Application-4,M_Req,missing_destination,29,Application-4-Service,EndDevice-4,Application-4-Service,20200
7748,Application-42,M_Req,missing_destination,67,Application-42-Service,EndDevice-42,Application-42-Service,20200
7752,Application-2,M_Req,missing_destination,27,Application-2-Service,EndDevice-2,Application-2-Service,20200
7763,Application-28,M_Req,missing_destination,53,Application-28-Service,EndDevice-28,Application-28-Service,20300
7766,Application-7,M_Req,missing_destination,32,Application-7-Service,EndDevice-7,Application-7-Service,20300
7772,Application-27,M_Req,missing_destination,52,Application-27-Service,EndDevice-27,Application-27-Service,20300
7774,Application-1,M_Req,missing_destination,26,Application-1-Service,EndDevice-1,Application-1-Service,20300
7785,Application-4,M_Req,missing_destination,29,Application-4-Service,EndDevice-4,Application-4-Service,20300
7796,Application-42,M_Req,missing_destination,67,Application-42-Service,EndDevice-42,Application-42-Service,20300
7797,Application-26,M_Req,missing_destination,51,Application-26-Service,EndDevice-26,Application-26-Service,20300
7798,Application-25,M_Req,missing_destination,50,Application-25-Service,EndDevice-25,Application-25-Service,20300
7800,Application-2,M_Req,missing_destination,27,Application-2-Service,EndDevice-2,Application-2-Service,20300
7808,Application-28,M_Req,missing_destination,53,Application-28-Service,EndDevice-28,Application-28-Service,20400
7810,Application-7,M_Req,missing_destination,32,Application-7-Service,EndDevice-7,Application-7-Service,20400
7816,Application-27,M_Req,missing_destination,52,Application-27-Service,EndDevice-27,Application-27-Service,20400
7817,Application-1,M_Req,missing_destination,26,Application-1-Service,EndDevice-1,Application-1-Service,20400
7865,Application-1,M_Req,missing_destination,26,Application-1-Service,EndDevice-1,Application-1-Service,20500
7875,Application-4,M_Req,missing_destination,29,Application-4-Service,EndDevice-4,Application-4-Service,20600
7879,Application-14,M_Req,missing_destination,39,Application-14-Service,EndDevice-14,Application-14-Service,20600
7881,Application-33,M_Req,missing_destination,58,Application-33-Service,EndDevice-33,Application-33-Service,20600
7886,Application-2,M_Req,missing_destination,27,Application-2-Service,EndDevice-2,Application-2-Service,20600
7892,Application-35,M_Req,missing_destination,60,Application-35-Service,EndDevice-35,Application-35-Service,20600
7898,Application-16,M_Req,missing_destination,41,Application-16-Service,EndDevice-16,Application-16-Service,20600
7901,Application-15,M_Req,missing_destination,40,Application-15-Service,EndDevice-15,Application-15-Service,20600
7904,Application-13,M_Req,missing_destination,38,Application-13-Service,EndDevice-13,Application-13-Service,20600
7906,Application-1,M_Req,missing_destination,26,Application-1-Service,EndDevice-1,Application-1-Service,20700
7911,Application-36,M_Req,missing_destination,61,Application-36-Service,EndDevice-36,Application-36-Service,20700
7923,Application-4,M_Req,missing_destination,29,Application-4-Service,EndDevice-4,Application-4-Service,20700
7927,Application-14,M_Req,missing_destination,39,Application-14-Service,EndDevice-14,Application-14-Service,20700
7929,Application-33,M_Req,missing_destination,58,Application-33-Service,EndDevice-33,Application-33-Service,20700
7934,Application-2,M_Req,missing_destination,27,Application-2-Service,EndDevice-2,Application-2-Service,20700
7940,Application-35,M_Req,missing_destination,60,Application-35-Service,EndDevice-35,Application-35-Service,20700
7946,Application-16,M_Req,missing_destination,41,Application-16-Service,EndDevice-16,Application-16-Service,20700
7949,Application-15,M_Req,missing_destination,40,Application-15-Service,EndDevice-15,Application-15-Service,20700
7952,Application-13,M_Req,missing_destination,38,Application-13-Service,EndDevice-13,Application-13-Service,20700
7970,Application-14,M_Req,missing_destination,39,Application-14-Service,EndDevice-14,Application-14-Service,20800
7988,Application-7,M_Req,missing_destination,32,Application-7-Service,EndDevice-7,Application-7-Service,20900
7994,Application-6,M_Req,missing_destination,31,Application-6-Service,EndDevice-6,Application-6-Service,20900
7996,Application-5,M_Req,missing_destination,30,Application-5-Service,EndDevice-5,Application-5-Service,20900
8005,Application-36,M_Req,missing_destination,61,Application-36-Service,EndDevice-36,Application-36-Service,20900
8013,Application-8,M_Req,missing_destination,33,Application-8-Service,EndDevice-8,Application-8-Service,20900
8016,Application-4,M_Req,missing_destination,29,Application-4-Service,EndDevice-4,Application-4-Service,20900
8018,Application-14,M_Req,missing_destination,39,Application-14-Service,EndDevice-14,Application-14-Service,20900
8020,Application-33,M_Req,missing_destination,58,Application-33-Service,EndDevice-33,Application-33-Service,20900
8023,Application-2,M_Req,missing_destination,27,Application-2-Service,EndDevice-2,Application-2-Service,20900
8029,Application-35,M_Req,missing_destination,60,Application-35-Service,EndDevice-35,Application-35-Service,20900
8036,Application-7,M_Req,missing_destination,32,Application-7-Service,EndDevice-7,Application-7-Service,21000
8042,Application-6,M_Req,missing_destination,31,Application-6-Service,EndDevice-6,Application-6-Service,21000
8044,Application-5,M_Req,missing_destination,30,Application-5-Service,EndDevice-5,Application-5-Service,21000
8052,Application-36,M_Req,missing_destination,61,Application-36-Service,EndDevice-36,Application-36-Service,21000
8057,Application-8,M_Req,missing_destination,33,Application-8-Service,EndDevice-8,Application-8-Service,21000
8100,Application-36,M_Req,missing_destination,61,Application-36-Service,EndDevice-36,Application-36-Service,21100
8110,Application-33,M_Req,missing_destination,58,Application-33-Service,EndDevice-33,Application-33-Service,21200
8114,Application-38,M_Req,missing_destination,63,Application-38-Service,EndDevice-38,Application-38-Service,21200
8115,Application-22,M_Req,missing_destination,47,Application-22-Service,EndDevice-22,Application-22-Service,21200
8121,Application-40,M_Req,missing_destination,65,Application-40-Service,EndDevice-40,Application-40-Service,21200
8128,Application-15,M_Req,missing_destination,40,Application-15-Service,EndDevice-15,Application-15-Service,21200
8129,Application-21,M_Req,missing_destination,46,Application-21-Service,EndDevice-21,Application-21-Service,21200
8130,Application-13,M_Req,missing_destination,38,Application-13-Service,EndDevice-13,Application-13-Service,21200
8132,Application-37,M_Req,missing_destination,62,Application-37-Service,EndDevice-37,Application-37-Service,21200
8136,Application-39,M_Req,missing_destination,64,Application-39-Service,EndDevice-39,Application-39-Service,21300
8140,Application-24,M_Req,missing_destination,49,Application-24-Service,EndDevice-24,Application-24-Service,21300
8141,Application-23,M_Req,missing_destination,48,Application-23-Service,EndDevice-23,Application-23-Service,21300
8158,Application-33,M_Req,missing_destination,58,Application-33-Service,EndDevice-33,Application-33-Service,21300
8162,Application-38,M_Req,missing_destination,63,Application-38-Service,EndDevice-38,Application-38-Service,21300
8163,Application-22,M_Req,missing_destination,47,Application-22-Service,EndDevice-22,Application-22-Service,21300
8169,Application-40,M_Req,missing_destination,65,Application-40-Service,EndDevice-40,Application-40-Service,21300
8176,Application-15,M_Req,missing_destination,40,Application-15-Service,EndDevice-15,Application-15-Service,21300
8177,Application-21,M_Req,missing_destination,46,Application-21-Service,EndDevice-21,Application-21-Service,21300
8178,Application-13,M_Req,missing_destination,38,Application-13-Service,EndDevice-13,Application-13-Service,21300
8180,Application-37,M_Req,missing_destination,62,Application-37-Service,EndDevice-37,Application-37-Service,21300
8187,Application-24,M_Req,missing_destination,49,Application-24-Service,EndDevice-24,Application-24-Service,21400
8188,Application-23,M_Req,missing_destination,48,Application-23-Service,EndDevice-23,Application-23-Service,21400
8204,Application-33,M_Req,missing_destination,58,Application-33-Service,EndDevice-33,Application-33-Service,21400
8214,Application-28,M_Req,missing_destination,53,Application-28-Service,EndDevice-28,Application-28-Service,21500
8221,Application-31,M_Req,missing_destination,56,Application-31-Service,EndDevice-31,Application-31-Service,21500
8224,Application-22,M_Req,missing_destination,47,Application-22-Service,EndDevice-22,Application-22-Service,21500
8227,Application-29,M_Req,missing_destination,54,Application-29-Service,EndDevice-29,Application-29-Service,21500
8231,Application-27,M_Req,missing_destination,52,Application-27-Service,EndDevice-27,Application-27-Service,21500
8235,Application-24,M_Req,missing_destination,49,Application-24-Service,EndDevice-24,Application-24-Service,21500
8236,Application-23,M_Req,missing_destination,48,Application-23-Service,EndDevice-23,Application-23-Service,21500
8244,Application-25,M_Req,missing_destination,50,Application-25-Service,EndDevice-25,Application-25-Service,21500
8246,Application-1,M_Req,missing_destination,26,Application-1-Service,EndDevice-1,Application-1-Service,21500
8252,Application-33,M_Req,missing_destination,58,Application-33-Service,EndDevice-33,Application-33-Service,21500
8253,Application-26,M_Req,missing_destination,51,Application-26-Service,EndDevice-26,Application-26-Service,21500
8254,Application-30,M_Req,missing_destination,55,Application-30-Service,EndDevice-30,Application-30-Service,21500
8259,Application-32,M_Req,missing_destination,57,Application-32-Service,EndDevice-32,Application-32-Service,21500
8262,Application-28,M_Req,missing_destination,53,Application-28-Service,EndDevice-28,Application-28-Service,21600
8269,Application-31,M_Req,missing_destination,56,Application-31-Service,EndDevice-31,Application-31-Service,21600
8272,Application-22,M_Req,missing_destination,47,Application-22-Service,EndDevice-22,Application-22-Service,21600
8277,Application-27,M_Req,missing_destination,52,Application-27-Service,EndDevice-27,Application-27-Service,21600
8280,Application-23,M_Req,missing_destination,48,Application-23-Service,EndDevice-23,Application-23-Service,21600
8287,Application-25,M_Req,missing_destination,50,Application-25-Service,EndDevice-25,Application-25-Service,21600
8288,Application-1,M_Req,missing_destination,26,Application-1-Service,EndDevice-1,Application-1-Service,21600
8317,Application-31,M_Req,missing_destination,56,Application-31-Service,EndDevice-31,Application-31-Service,21700
8320,Application-22,M_Req,missing_destination,47,Application-22-Service,EndDevice-22,Application-22-Service,21700
8344,Application-12,M_Req,missing_destination,37,Application-12-Service,EndDevice-12,Application-12-Service,21800
8352,Application-29,M_Req,missing_destination,54,Application-29-Service,EndDevice-29,Application-29-Service,21800
8354,Application-30,M_Req,missing_destination,55,Application-30-Service,EndDevice-30,Application-30-Service,21800
8356,Application-9,M_Req,missing_destination,34,Application-9-Service,EndDevice-9,Application-9-Service,21800
8362,Application-31,M_Req,missing_destination,56,Application-31-Service,EndDevice-31,Application-31-Service,21800
8363,Application-2,M_Req,missing_destination,27,Application-2-Service,EndDevice-2,Application-2-Service,21800
8364,Application-36,M_Req,missing_destination,61,Application-36-Service,EndDevice-36,Application-36-Service,21800
8365,Application-22,M_Req,missing_destination,47,Application-22-Service,EndDevice-22,Application-22-Service,21800
8370,Application-3,M_Req,missing_destination,28,Application-3-Service,EndDevice-3,Application-3-Service,21900
8377,Application-1,M_Req,missing_destination,26,Application-1-Service,EndDevice-1,Application-1-Service,21900
8392,Application-12,M_Req,missing_destination,37,Application-12-Service,EndDevice-12,Application-12-Service,21900
8400,Application-29,M_Req,missing_destination,54,Application-29-Service,EndDevice-29,Application-29-Service,21900
8402,Application-30,M_Req,missing_destination,55,Application-30-Service,EndDevice-30,Application-30-Service,21900
8404,Application-9,M_Req,missing_destination,34,Application-9-Service,EndDevice-9,Application-9-Service,21900
8410,Application-31,M_Req,missing_destination,56,Application-31-Service,EndDevice-31,Application-31-Service,21900
8411,Application-2,M_Req,missing_destination,27,Application-2-Service,EndDevice-2,Application-2-Service,21900
8412,Application-36,M_Req,missing_destination,61,Application-36-Service,EndDevice-36,Application-36-Service,21900
8413,Application-22,M_Req,missing_destination,47,Application-22-Service,EndDevice-22,Application-22-Service,21900
8446,Application-21,M_Req,missing_destination,46,Application-21-Service,EndDevice-21,Application-21-Service,22100
8448,Application-42,M_Req,missing_destination,67,Application-42-Service,EndDevice-42,Application-42-Service,22100
8450,Application-2,M_Req,missing_destination,27,Application-2-Service,EndDevice-2,Application-2-Service,22100
8451,Application-36,M_Req,missing_destination,61,Application-36-Service,EndDevice-36,Application-36-Service,22100
8452,Application-22,M_Req,missing_destination,47,Application-22-Service,EndDevice-22,Application-22-Service,22100
8454,Application-44,M_Req,missing_destination,69,Application-44-Service,EndDevice-44,Application-44-Service,22100
8467,Application-23,M_Req,missing_destination,48,Application-23-Service,EndDevice-23,Application-23-Service,22100
8468,Application-41,M_Req,missing_destination,66,Application-41-Service,EndDevice-41,Application-41-Service,22100
8474,Application-35,M_Req,missing_destination,60,Application-35-Service,EndDevice-35,Application-35-Service,22100
8480,Application-43,M_Req,missing_destination,68,Application-43-Service,EndDevice-43,Application-43-Service,22100
8494,Application-21,M_Req,missing_destination,46,Application-21-Service,EndDevice-21,Application-21-Service,22200
8497,Application-2,M_Req,missing_destination,27,Application-2-Service,EndDevice-2,Application-2-Service,22200
8498,Application-36,M_Req,missing_destination,61,Application-36-Service,EndDevice-36,Application-36-Service,22200
8499,Application-22,M_Req,missing_destination,47,Application-22-Service,EndDevice-22,Application-22-Service,22200
8501,Application-44,M_Req,missing_destination,69,Application-44-Service,EndDevice-44,Application-44-Service,22200
8509,Application-23,M_Req,missing_destination,48,Application-23-Service,EndDevice-23,Application-23-Service,22200
8510,Application-41,M_Req,missing_destination,66,Application-41-Service,EndDevice-41,Application-41-Service,22200
8514,Application-35,M_Req,missing_destination,60,Application-35-Service,EndDevice-35,Application-35-Service,22200
8546,Application-36,M_Req,missing_destination,61,Application-36-Service,EndDevice-36,Application-36-Service,22300
8549,Application-44,M_Req,missing_destination,69,Application-44-Service,EndDevice-44,Application-44-Service,22300
8558,Application-41,M_Req,missing_destination,66,Application-41-Service,EndDevice-41,Application-41-Service,22300
8577,Application-5,M_Req,missing_destination,30,Application-5-Service,EndDevice-5,Application-5-Service,22400
8579,Application-26,M_Req,missing_destination,51,Application-26-Service,EndDevice-26,Application-26-Service,22400
8580,Application-6,M_Req,missing_destination,31,Application-6-Service,EndDevice-6,Application-6-Service,22400
8581,Application-8,M_Req,missing_destination,33,Application-8-Service,EndDevice-8,Application-8-Service,22400
8587,Application-31,M_Req,missing_destination,56,Application-31-Service,EndDevice-31,Application-31-Service,22400
8591,Application-44,M_Req,missing_destination,69,Application-44-Service,EndDevice-44,Application-44-Service,22400
8625,Application-5,M_Req,missing_destination,30,Application-5-Service,EndDevice-5,Application-5-Service,22500
8627,Application-26,M_Req,missing_destination,51,Application-26-Service,EndDevice-26,Application-26-Service,22500
8628,Application-6,M_Req,missing_destination,31,Application-6-Service,EndDevice-6,Application-6-Service,22500
8629,Application-8,M_Req,missing_destination,33,Application-8-Service,EndDevice-8,Application-8-Service,22500
8635,Application-31,M_Req,missing_destination,56,Application-31-Service,EndDevice-31,Application-31-Service,22500
8639,Application-44,M_Req,missing_destination,69,Application-44-Service,EndDevice-44,Application-44-Service,22500
8673,Application-9,M_Req,missing_destination,34,Application-9-Service,EndDevice-9,Application-9-Service,22700
8676,Application-2,M_Req,missing_destination,27,Application-2-Service,EndDevice-2,Application-2-Service,22700
8685,Application-31,M_Req,missing_destination,56,Application-31-Service,EndDevice-31,Application-31-Service,22700
8694,Application-1,M_Req,missing_destination,26,Application-1-Service,EndDevice-1,Application-1-Service,22700
8698,Application-10,M_Req,missing_destination,35,Application-10-Service,EndDevice-10,Application-10-Service,22700
8699,Application-4,M_Req,missing_destination,29,Application-4-Service,EndDevice-4,Application-4-Service,22700
8700,Application-11,M_Req,missing_destination,36,Application-11-Service,EndDevice-11,Application-11-Service,22700
8702,Application-28,M_Req,missing_destination,53,Application-28-Service,EndDevice-28,Application-28-Service,22700
8709,Application-12,M_Req,missing_destination,37,Application-12-Service,EndDevice-12,Application-12-Service,22700
8720,Application-3,M_Req,missing_destination,28,Application-3-Service,EndDevice-3,Application-3-Service,22700
8721,Application-9,M_Req,missing_destination,34,Application-9-Service,EndDevice-9,Application-9-Service,22800
8724,Application-2,M_Req,missing_destination,27,Application-2-Service,EndDevice-2,Application-2-Service,22800
8738,Application-1,M_Req,missing_destination,26,Application-1-Service,EndDevice-1,Application-1-Service,22800
8742,Application-10,M_Req,missing_destination,35,Application-10-Service,EndDevice-10,Application-10-Service,22800
8743,Application-4,M_Req,missing_destination,29,Application-4-Service,EndDevice-4,Application-4-Service,22800
8744,Application-11,M_Req,missing_destination,36,Application-11-Service,EndDevice-11,Application-11-Service,22800
8746,Application-28,M_Req,missing_destination,53,Application-28-Service,EndDevice-28,Application-28-Service,22800
8772,Application-2,M_Req,missing_destination,27,Application-2-Service,EndDevice-2,Application-2-Service,22900
8786,Application-1,M_Req,missing_destination,26,Application-1-Service,EndDevice-1,Application-1-Service,22900
8791,Application-4,M_Req,missing_destination,29,Application-4-Service,EndDevice-4,Application-4-Service,22900
8806,Application-14,M_Req,missing_destination,39,Application-14-Service,EndDevice-14,Application-14-Service,23000
8813,Application-21,M_Req,missing_destination,46,Application-21-Service,EndDevice-21,Application-21-Service,23000
8814,Application-2,M_Req,missing_destination,27,Application-2-Service,EndDevice-2,Application-2-Service,23000
8815,Application-22,M_Req,missing_destination,47,Application-22-Service,EndDevice-22,Application-22-Service,23000
8816,Application-16,M_Req,missing_destination,41,Application-16-Service,EndDevice-16,Application-16-Service,23000
8818,Application-15,M_Req,missing_destination,40,Application-15-Service,EndDevice-15,Application-15-Service,23000
8825,Application-23,M_Req,missing_destination,48,Application-23-Service,EndDevice-23,Application-23-Service,23100
8831,Application-4,M_Req,missing_destination,29,Application-4-Service,EndDevice-4,Application-4-Service,23100
8854,Application-14,M_Req,missing_destination,39,Application-14-Service,EndDevice-14,Application-14-Service,23100
8861,Application-21,M_Req,missing_destination,46,Application-21-Service,EndDevice-21,Application-21-Service,23100
8862,Application-2,M_Req,missing_destination,27,Application-2-Service,EndDevice-2,Application-2-Service,23100
8863,Application-22,M_Req,missing_destination,47,Application-22-Service,EndDevice-22,Application-22-Service,23100
8864,Application-16,M_Req,missing_destination,41,Application-16-Service,EndDevice-16,Application-16-Service,23100
8866,Application-15,M_Req,missing_destination,40,Application-15-Service,EndDevice-15,Application-15-Service,23100
8902,Application-9,M_Req,missing_destination,34,Application-9-Service,EndDevice-9,Application-9-Service,23300
8914,Application-8,M_Req,missing_destination,33,Application-8-Service,EndDevice-8,Application-8-Service,23300
8925,Application-10,M_Req,missing_destination,35,Application-10-Service,EndDevice-10,Application-10-Service,23300
8927,Application-11,M_Req,missing_destination,36,Application-11-Service,EndDevice-11,Application-11-Service,23300
8930,Application-7,M_Req,missing_destination,32,Application-7-Service,EndDevice-7,Application-7-Service,23300
8931,Application-30,M_Req,missing_destination,55,Application-30-Service,EndDevice-30,Application-30-Service,23300
8940,Application-12,M_Req,missing_destination,37,Application-12-Service,EndDevice-12,Application-12-Service,23300
8942,Application-6,M_Req,missing_destination,31,Application-6-Service,EndDevice-6,Application-6-Service,23300
8947,Application-5,M_Req,missing_destination,30,Application-5-Service,EndDevice-5,Application-5-Service,23300
8950,Application-9,M_Req,missing_destination,34,Application-9-Service,EndDevice-9,Application-9-Service,23400
8959,Application-8,M_Req,missing_destination,33,Application-8-Service,EndDevice-8,Application-8-Service,23400
8970,Application-11,M_Req,missing_destination,36,Application-11-Service,EndDevice-11,Application-11-Service,23400
8972,Application-7,M_Req,missing_destination,32,Application-7-Service,EndDevice-7,Application-7-Service,23400
9007,Application-8,M_Req,missing_destination,33,Application-8-Service,EndDevice-8,Application-8-Service,23500
9020,Application-7,M_Req,missing_destination,32,Application-7-Service,EndDevice-7,Application-7-Service,23500
9033,Application-46,M_Req,missing_destination,71,Application-46-Service,EndDevice-46,Application-46-Service,23600
9034,Application-5,M_Req,missing_destination,30,Application-5-Service,EndDevice-5,Application-5-Service,23600
9038,Application-21,M_Req,missing_destination,46,Application-21-Service,EndDevice-21,Application-21-Service,23600
9041,Application-20,M_Req,missing_destination,45,Application-20-Service,EndDevice-20,Application-20-Service,23600
9042,Application-48,M_Req,missing_destination,73,Application-48-Service,EndDevice-48,Application-48-Service,23600
9046,Application-16,M_Req,missing_destination,41,Application-16-Service,EndDevice-16,Application-16-Service,23600
9048,Application-18,M_Req,missing_destination,43,Application-18-Service,EndDevice-18,Application-18-Service,23600
9054,Application-17,M_Req,missing_destination,42,Application-17-Service,EndDevice-17,Application-17-Service,23600
9060,Application-7,M_Req,missing_destination,32,Application-7-Service,EndDevice-7,Application-7-Service,23700
9065,Application-47,M_Req,missing_destination,72,Application-47-Service,EndDevice-47,Application-47-Service,23700
9081,Application-46,M_Req,missing_destination,71,Application-46-Service,EndDevice-46,Application-46-Service,23700
9082,Application-5,M_Req,missing_destination,30,Application-5-Service,EndDevice-5,Application-5-Service,23700
9086,Application-21,M_Req,missing_destination,46,Application-21-Service,EndDevice-21,Application-21-Service,23700
9089,Application-20,M_Req,missing_destination,45,Application-20-Service,EndDevice-20,Application-20-Service,23700
9090,Application-48,M_Req,missing_destination,73,Application-48-Service,EndDevice-48,Application-48-Service,23700
9094,Application-16,M_Req,missing_destination,41,Application-16-Service,EndDevice-16,Application-16-Service,23700
9096,Application-18,M_Req,missing_destination,43,Application-18-Service,EndDevice-18,Application-18-Service,23700
9102,Application-17,M_Req,missing_destination,42,Application-17-Service,EndDevice-17,Application-17-Service,23700
9107,Application-7,M_Req,missing_destination,32,Application-7-Service,EndDevice-7,Application-7-Service,23800
9122,Application-46,M_Req,missing_destination,71,Application-46-Service,EndDevice-46,Application-46-Service,23800
9123,Application-5,M_Req,missing_destination,30,Application-5-Service,EndDevice-5,Application-5-Service,23800
9131,Application-48,M_Req,missing_destination,73,Application-48-Service,EndDevice-48,Application-48-Service,23800
9133,Application-9,M_Req,missing_destination,34,Application-9-Service,EndDevice-9,Application-9-Service,23900
9134,Application-22,M_Req,missing_destination,47,Application-22-Service,EndDevice-22,Application-22-Service,23900
9146,Application-11,M_Req,missing_destination,36,Application-11-Service,EndDevice-11,Application-11-Service,23900
9150,Application-23,M_Req,missing_destination,48,Application-23-Service,EndDevice-23,Application-23-Service,23900
9151,Application-1,M_Req,missing_destination,26,Application-1-Service,EndDevice-1,Application-1-Service,23900
9153,Application-4,M_Req,missing_destination,29,Application-4-Service,EndDevice-4,Application-4-Service,23900
9155,Application-7,M_Req,missing_destination,32,Application-7-Service,EndDevice-7,Application-7-Service,23900
9162,Application-24,M_Req,missing_destination,49,Application-24-Service,EndDevice-24,Application-24-Service,23900
9165,Application-45,M_Req,missing_destination,70,Application-45-Service,EndDevice-45,Application-45-Service,23900
9170,Application-46,M_Req,missing_destination,71,Application-46-Service,EndDevice-46,Application-46-Service,23900
9171,Application-5,M_Req,missing_destination,30,Application-5-Service,EndDevice-5,Application-5-Service,23900
9179,Application-48,M_Req,missing_destination,73,Application-48-Service,EndDevice-48,Application-48-Service,23900
9181,Application-22,M_Req,missing_destination,47,Application-22-Service,EndDevice-22,Application-22-Service,24000
9192,Application-11,M_Req,missing_destination,36,Application-11-Service,EndDevice-11,Application-11-Service,24000
9196,Application-23,M_Req,missing_destination,48,Application-23-Service,EndDevice-23,Application-23-Service,24000
9198,Application-4,M_Req,missing_destination,29,Application-4-Service,EndDevice-4,Application-4-Service,24000
9205,Application-24,M_Req,missing_destination,49,Application-24-Service,EndDevice-24,Application-24-Service,24000
9208,Application-45,M_Req,missing_destination,70,Application-45-Service,EndDevice-45,Application-45-Service,24000
9262,Application-10,M_Req,missing_destination,35,Application-10-Service,EndDevice-10,Application-10-Service,24200
9270,Application-12,M_Req,missing_destination,37,Application-12-Service,EndDevice-12,Application-12-Service,24200
9273,Application-18,M_Req,missing_destination,43,Application-18-Service,EndDevice-18,Application-18-Service,24200
9278,Application-17,M_Req,missing_destination,42,Application-17-Service,EndDevice-17,Application-17-Service,24200
9280,Application-47,M_Req,missing_destination,72,Application-47-Service,EndDevice-47,Application-47-Service,24200
9285,Application-6,M_Req,missing_destination,31,Application-6-Service,EndDevice-6,Application-6-Service,24200
9291,Application-33,M_Req,missing_destination,58,Application-33-Service,EndDevice-33,Application-33-Service,24300
9294,Application-34,M_Req,missing_destination,59,Application-34-Service,EndDevice-34,Application-34-Service,24300
9296,Application-35,M_Req,missing_destination,60,Application-35-Service,EndDevice-35,Application-35-Service,24300
9310,Application-10,M_Req,missing_destination,35,Application-10-Service,EndDevice-10,Application-10-Service,24300
9318,Application-12,M_Req,missing_destination,37,Application-12-Service,EndDevice-12,Application-12-Service,24300
9321,Application-18,M_Req,missing_destination,43,Application-18-Service,EndDevice-18,Application-18-Service,24300
9326,Application-17,M_Req,missing_destination,42,Application-17-Service,EndDevice-17,Application-17-Service,24300
9328,Application-47,M_Req,missing_destination,72,Application-47-Service,EndDevice-47,Application-47-Service,24300
9333,Application-6,M_Req,missing_destination,31,Application-6-Service,EndDevice-6,Application-6-Service,24300
9338,Application-33,M_Req,missing_destination,58,Application-33-Service,EndDevice-33,Application-33-Service,24400
9340,Application-35,M_Req,missing_destination,60,Application-35-Service,EndDevice-35,Application-35-Service,24400
9350,Application-10,M_Req,missing_destination,35,Application-10-Service,EndDevice-10,Application-10-Service,24400
9358,Application-12,M_Req,missing_destination,37,Application-12-Service,EndDevice-12,Application-12-Service,24400
9363,Application-41,M_Req,missing_destination,66,Application-41-Service,EndDevice-41,Application-41-Service,24500
9371,Application-42,M_Req,missing_destination,67,Application-42-Service,EndDevice-42,Application-42-Service,24500
9375,Application-5,M_Req,missing_destination,30,Application-5-Service,EndDevice-5,Application-5-Service,24500
9379,Application-4,M_Req,missing_destination,29,Application-4-Service,EndDevice-4,Application-4-Service,24500
9380,Application-2,M_Req,missing_destination,27,Application-2-Service,EndDevice-2,Application-2-Service,24500
9381,Application-44,M_Req,missing_destination,69,Application-44-Service,EndDevice-44,Application-44-Service,24500
9383,Application-34,M_Req,missing_destination,59,Application-34-Service,EndDevice-34,Application-34-Service,24500
9386,Application-33,M_Req,missing_destination,58,Application-33-Service,EndDevice-33,Application-33-Service,24500
9388,Application-35,M_Req,missing_destination,60,Application-35-Service,EndDevice-35,Application-35-Service,24500
9389,Application-43,M_Req,missing_destination,68,Application-43-Service,EndDevice-43,Application-43-Service,24500
9398,Application-10,M_Req,missing_destination,35,Application-10-Service,EndDevice-10,Application-10-Service,24500
9406,Application-12,M_Req,missing_destination,37,Application-12-Service,EndDevice-12,Application-12-Service,24500
9417,Application-42,M_Req,missing_destination,67,Application-42-Service,EndDevice-42,Application-42-Service,24600
9420,Application-5,M_Req,missing_destination,30,Application-5-Service,EndDevice-5,Application-5-Service,24600
9423,Application-4,M_Req,missing_destination,29,Application-4-Service,EndDevice-4,Application-4-Service,24600
9424,Application-2,M_Req,missing_destination,27,Application-2-Service,EndDevice-2,Application-2-Service,24600
9425,Application-44,M_Req,missing_destination,69,Application-44-Service,EndDevice-44,Application-44-Service,24600
9427,Application-34,M_Req,missing_destination,59,Application-34-Service,EndDevice-34,Application-34-Service,24600
9430,Application-35,M_Req,missing_destination,60,Application-35-Service,EndDevice-35,Application-35-Service,24600
9431,Application-43,M_Req,missing_destination,68,Application-43-Service,EndDevice-43,Application-43-Service,24600
9471,Application-4,M_Req,missing_destination,29,Application-4-Service,EndDevice-4,Application-4-Service,24700
9472,Application-2,M_Req,missing_destination,27,Application-2-Service,EndDevice-2,Application-2-Service,24700
9475,Application-34,M_Req,missing_destination,59,Application-34-Service,EndDevice-34,Application-34-Service,24700
9487,Application-10,M_Req,missing_destination,35,Application-10-Service,EndDevice-10,Application-10-Service,24800
9491,Application-9,M_Req,missing_destination,34,Application-9-Service,EndDevice-9,Application-9-Service,24800
9492,Application-12,M_Req,missing_destination,37,Application-12-Service,EndDevice-12,Application-12-Service,24800
9494,Application-45,M_Req,missing_destination,70,Application-45-Service,EndDevice-45,Application-45-Service,24800
9499,Application-48,M_Req,missing_destination,73,Application-48-Service,EndDevice-48,Application-48-Service,24800
9506,Application-11,M_Req,missing_destination,36,Application-11-Service,EndDevice-11,Application-11-Service,24800
9512,Application-4,M_Req,missing_destination,29,Application-4-Service,EndDevice-4,Application-4-Service,24800
9513,Application-2,M_Req,missing_destination,27,Application-2-Service,EndDevice-2,Application-2-Service,24800
9516,Application-34,M_Req,missing_destination,59,Application-34-Service,EndDevice-34,Application-34-Service,24800
9535,Application-10,M_Req,missing_destination,35,Application-10-Service,EndDevice-10,Application-10-Service,24900
9539,Application-9,M_Req,missing_destination,34,Application-9-Service,EndDevice-9,Application-9-Service,24900
9540,Application-12,M_Req,missing_destination,37,Application-12-Service,EndDevice-12,Application-12-Service,24900
9542,Application-45,M_Req,missing_destination,70,Application-45-Service,EndDevice-45,Application-45-Service,24900
9547,Application-48,M_Req,missing_destination,73,Application-48-Service,EndDevice-48,Application-48-Service,24900
9554,Application-11,M_Req,missing_destination,36,Application-11-Service,EndDevice-11,Application-11-Service,24900
9560,Application-4,M_Req,missing_destination,29,Application-4-Service,EndDevice-4,Application-4-Service,24900
9561,Application-2,M_Req,missing_destination,27,Application-2-Service,EndDevice-2,Application-2-Service,24900
9564,Application-34,M_Req,missing_destination,59,Application-34-Service,EndDevice-34,Application-34-Service,24900
9579,Application-10,M_Req,missing_destination,35,Application-10-Service,EndDevice-10,Application-10-Service,25000
9582,Application-12,M_Req,missing_destination,37,Application-12-Service,EndDevice-12,Application-12-Service,25000
9593,Application-40,M_Req,missing_destination,65,Application-40-Service,EndDevice-40,Application-40-Service,25100
9622,Application-38,M_Req,missing_destination,63,Application-38-Service,EndDevice-38,Application-38-Service,25100
9627,Application-10,M_Req,missing_destination,35,Application-10-Service,EndDevice-10,Application-10-Service,25100
9628,Application-39,M_Req,missing_destination,64,Application-39-Service,EndDevice-39,Application-39-Service,25100
9630,Application-12,M_Req,missing_destination,37,Application-12-Service,EndDevice-12,Application-12-Service,25100
9635,Application-37,M_Req,missing_destination,62,Application-37-Service,EndDevice-37,Application-37-Service,25100
9641,Application-40,M_Req,missing_destination,65,Application-40-Service,EndDevice-40,Application-40-Service,25200
9663,Application-38,M_Req,missing_destination,63,Application-38-Service,EndDevice-38,Application-38-Service,25200
9689,Application-40,M_Req,missing_destination,65,Application-40-Service,EndDevice-40,Application-40-Service,25300
9711,Application-38,M_Req,missing_destination,63,Application-38-Service,EndDevice-38,Application-38-Service,25300
9715,Application-27,M_Req,missing_destination,52,Application-27-Service,EndDevice-27,Application-27-Service,25400
9720,Application-37,M_Req,missing_destination,62,Application-37-Service,EndDevice-37,Application-37-Service,25400
9729,Application-4,M_Req,missing_destination,29,Application-4-Service,EndDevice-4,Application-4-Service,25400
9732,Application-47,M_Req,missing_destination,72,Application-47-Service,EndDevice-47,Application-47-Service,25400
9738,Application-26,M_Req,missing_destination,51,Application-26-Service,EndDevice-26,Application-26-Service,25400
9746,Application-28,M_Req,missing_destination,53,Application-28-Service,EndDevice-28,Application-28-Service,25500
9751,Application-38,M_Req,missing_destination,63,Application-38-Service,EndDevice-38,Application-38-Service,25500
9753,Application-25,M_Req,missing_destination,50,Application-25-Service,EndDevice-25,Application-25-Service,25500
9763,Application-27,M_Req,missing_destination,52,Application-27-Service,EndDevice-27,Application-27-Service,25500
9768,Application-37,M_Req,missing_destination,62,Application-37-Service,EndDevice-37,Application-37-Service,25500
9777,Application-4,M_Req,missing_destination,29,Application-4-Service,EndDevice-4,Application-4-Service,25500
9780,Application-47,M_Req,missing_destination,72,Application-47-Service,EndDevice-47,Application-47-Service,25500
9786,Application-26,M_Req,missing_destination,51,Application-26-Service,EndDevice-26,Application-26-Service,25500
9820,Application-3,M_Req,missing_destination,28,Application-3-Service,EndDevice-3,Application-3-Service,25700
9822,Application-23,M_Req,missing_destination,48,Application-23-Service,EndDevice-23,Application-23-Service,25700
9823,Application-21,M_Req,missing_destination,46,Application-21-Service,EndDevice-21,Application-21-Service,25700
9825,Application-2,M_Req,missing_destination,27,Application-2-Service,EndDevice-2,Application-2-Service,25700
9828,Application-18,M_Req,missing_destination,43,Application-18-Service,EndDevice-18,Application-18-Service,25700
9834,Application-24,M_Req,missing_destination,49,Application-24-Service,EndDevice-24,Application-24-Service,25700
9843,Application-19,M_Req,missing_destination,44,Application-19-Service,EndDevice-19,Application-19-Service,25700
9846,Application-20,M_Req,missing_destination,45,Application-20-Service,EndDevice-20,Application-20-Service,25700
9849,Application-22,M_Req,missing_destination,47,Application-22-Service,EndDevice-22,Application-22-Service,25700
9856,Application-17,M_Req,missing_destination,42,Application-17-Service,EndDevice-17,Application-17-Service,25700
9868,Application-3,M_Req,missing_destination,28,Application-3-Service,EndDevice-3,Application-3-Service,25800
9869,Application-23,M_Req,missing_destination,48,Application-23-Service,EndDevice-23,Application-23-Service,25800
9870,Application-21,M_Req,missing_destination,46,Application-21-Service,EndDevice-21,Application-21-Service,25800
9873,Application-18,M_Req,missing_destination,43,Application-18-Service,EndDevice-18,Application-18-Service,25800
9879,Application-24,M_Req,missing_destination,49,Application-24-Service,EndDevice-24,Application-24-Service,25800
9888,Application-19,M_Req,missing_destination,44,Application-19-Service,EndDevice-19,Application-19-Service,25800
9890,Application-20,M_Req,missing_destination,45,Application-20-Service,EndDevice-20,Application-20-Service,25800
9898,Application-17,M_Req,missing_destination,42,Application-17-Service,EndDevice-17,Application-17-Service,25800
9921,Application-18,M_Req,missing_destination,43,Application-18-Service,EndDevice-18,Application-18-Service,25900
9936,Application-19,M_Req,missing_destination,44,Application-19-Service,EndDevice-19,Application-19-Service,25900
9938,Application-20,M_Req,missing_destination,45,Application-20-Service,EndDevice-20,Application-20-Service,25900
9946,Application-17,M_Req,missing_destination,42,Application-17-Service,EndDevice-17,Application-17-Service,25900
9947,Application-1,M_Req,missing_destination,26,Application-1-Service,EndDevice-1,Application-1-Service,26000
9950,Application-11,M_Req,missing_destination,36,Application-11-Service,EndDevice-11,Application-11-Service,26000
9953,Application-4,M_Req,missing_destination,29,Application-4-Service,EndDevice-4,Application-4-Service,26000
9964,Application-18,M_Req,missing_destination,43,Application-18-Service,EndDevice-18,Application-18-Service,26000
9966,Application-34,M_Req,missing_destination,59,Application-34-Service,EndDevice-34,Application-34-Service,26000
9981,Application-35,M_Req,missing_destination,60,Application-35-Service,EndDevice-35,Application-35-Service,26100
9995,Application-1,M_Req,missing_destination,26,Application-1-Service,EndDevice-1,Application-1-Service,26100
9998,Application-11,M_Req,missing_destination,36,Application-11-Service,EndDevice-11,Application-11-Service,26100
10001,Application-4,M_Req,missing_destination,29,Application-4-Service,EndDevice-4,Application-4-Service,26100
10012,Application-18,M_Req,missing_destination,43,Application-18-Service,EndDevice-18,Application-18-Service,26100
10014,Application-34,M_Req,missing_destination,59,Application-34-Service,EndDevice-34,Application-34-Service,26100
10028,Application-35,M_Req,missing_destination,60,Application-35-Service,EndDevice-35,Application-35-Service,26200
10054,Application-34,M_Req,missing_destination,59,Application-34-Service,EndDevice-34,Application-34-Service,26300
10059,Application-27,M_Req,missing_destination,52,Application-27-Service,EndDevice-27,Application-27-Service,26300
10063,Application-28,M_Req,missing_destination,53,Application-28-Service,EndDevice-28,Application-28-Service,26300
10075,Application-25,M_Req,missing_destination,50,Application-25-Service,EndDevice-25,Application-25-Service,26300
10076,Application-35,M_Req,missing_destination,60,Application-35-Service,EndDevice-35,Application-35-Service,26300
10095,Application-26,M_Req,missing_destination,51,Application-26-Service,EndDevice-26,Application-26-Service,26300
10101,Application-34,M_Req,missing_destination,59,Application-34-Service,EndDevice-34,Application-34-Service,26400
10106,Application-27,M_Req,missing_destination,52,Application-27-Service,EndDevice-27,Application-27-Service,26400
10119,Application-25,M_Req,missing_destination,50,Application-25-Service,EndDevice-25,Application-25-Service,26400
10176,Application-1,M_Req,missing_destination,26,Application-1-Service,EndDevice-1,Application-1-Service,26600
10179,Application-4,M_Req,missing_destination,29,Application-4-Service,EndDevice-4,Application-4-Service,26600
10181,Application-47,M_Req,missing_destination,72,Application-47-Service,EndDevice-47,Application-47-Service,26600
10182,Application-35,M_Req,missing_destination,60,Application-35-Service,EndDevice-35,Application-35-Service,26600
10184,Application-3,M_Req,missing_destination,28,Application-3-Service,EndDevice-3,Application-3-Service,26600
10186,Application-28,M_Req,missing_destination,53,Application-28-Service,EndDevice-28,Application-28-Service,26600
10192,Application-46,M_Req,missing_destination,71,Application-46-Service,EndDevice-46,Application-46-Service,26600
10200,Application-48,M_Req,missing_destination,73,Application-48-Service,EndDevice-48,Application-48-Service,26600
10213,Application-2,M_Req,missing_destination,27,Application-2-Service,EndDevice-2,Application-2-Service,26700
10224,Application-1,M_Req,missing_destination,26,Application-1-Service,EndDevice-1,Application-1-Service,26700
10227,Application-4,M_Req,missing_destination,29,Application-4-Service,EndDevice-4,Application-4-Service,26700
10229,Application-47,M_Req,missing_destination,72,Application-47-Service,EndDevice-47,Application-47-Service,26700
10230,Application-35,M_Req,missing_destination,60,Application-35-Service,EndDevice-35,Application-35-Service,26700
10232,Application-3,M_Req,missing_destination,28,Application-3-Service,EndDevice-3,Application-3-Service,26700
10234,Application-28,M_Req,missing_destination,53,Application-28-Service,EndDevice-28,Application-28-Service,26700
10240,Application-46,M_Req,missing_destination,71,Application-46-Service,EndDevice-46,Application-46-Service,26700
10248,Application-48,M_Req,missing_destination,73,Application-48-Service,EndDevice-48,Application-48-Service,26700
10259,Application-2,M_Req,missing_destination,27,Application-2-Service,EndDevice-2,Application-2-Service,26800
10268,Application-1,M_Req,missing_destination,26,Application-1-Service,EndDevice-1,Application-1-Service,26800
10270,Application-4,M_Req,missing_destination,29,Application-4-Service,EndDevice-4,Application-4-Service,26800
10274,Application-3,M_Req,missing_destination,28,Application-3-Service,EndDevice-3,Application-3-Service,26800
10276,Application-28,M_Req,missing_destination,53,Application-28-Service,EndDevice-28,Application-28-Service,26800
10289,Application-42,M_Req,missing_destination,67,Application-42-Service,EndDevice-42,Application-42-Service,26900
10293,Application-17,M_Req,missing_destination,42,Application-17-Service,EndDevice-17,Application-17-Service,26900
10297,Application-18,M_Req,missing_destination,43,Application-18-Service,EndDevice-18,Application-18-Service,26900
10299,Application-20,M_Req,missing_destination,45,Application-20-Service,EndDevice-20,Application-20-Service,26900
10300,Application-43,M_Req,missing_destination,68,Application-43-Service,EndDevice-43,Application-43-Service,26900
10307,Application-2,M_Req,missing_destination,27,Application-2-Service,EndDevice-2,Application-2-Service,26900
10314,Application-44,M_Req,missing_destination,69,Application-44-Service,EndDevice-44,Application-44-Service,26900
10316,Application-1,M_Req,missing_destination,26,Application-1-Service,EndDevice-1,Application-1-Service,26900
10318,Application-4,M_Req,missing_destination,29,Application-4-Service,EndDevice-4,Application-4-Service,26900
10322,Application-3,M_Req,missing_destination,28,Application-3-Service,EndDevice-3,Application-3-Service,26900
10324,Application-28,M_Req,missing_destination,53,Application-28-Service,EndDevice-28,Application-28-Service,26900
10325,Application-41,M_Req,missing_destination,66,Application-41-Service,EndDevice-41,Application-41-Service,26900
10334,Application-42,M_Req,missing_destination,67,Application-42-Service,EndDevice-42,Application-42-Service,27000
10337,Application-17,M_Req,missing_destination,42,Application-17-Service,EndDevice-17,Application-17-Service,27000
10341,Application-20,M_Req,missing_destination,45,Application-20-Service,EndDevice-20,Application-20-Service,27000
10342,Application-43,M_Req,missing_destination,68,Application-43-Service,EndDevice-43,Application-43-Service,27000
10349,Application-2,M_Req,missing_destination,27,Application-2-Service,EndDevice-2,Application-2-Service,27000
10385,Application-17,M_Req,missing_destination,42,Application-17-Service,EndDevice-17,Application-17-Service,27100
10389,Application-20,M_Req,missing_destination,45,Application-20-Service,EndDevice-20,Application-20-Service,27100
10397,Application-2,M_Req,missing_destination,27,Application-2-Service,EndDevice-2,Application-2-Service,27100
10408,Application-3,M_Req,missing_destination,28,Application-3-Service,EndDevice-3,Application-3-Service,27200
10428,Application-17,M_Req,missing_destination,42,Application-17-Service,EndDevice-17,Application-17-Service,27200
10431,Application-20,M_Req,missing_destination,45,Application-20-Service,EndDevice-20,Application-20-Service,27200
10435,Application-39,M_Req,missing_destination,64,Application-39-Service,EndDevice-39,Application-39-Service,27300
10438,Application-40,M_Req,missing_destination,65,Application-40-Service,EndDevice-40,Application-40-Service,27300
10440,Application-45,M_Req,missing_destination,70,Application-45-Service,EndDevice-45,Application-45-Service,27300
10456,Application-3,M_Req,missing_destination,28,Application-3-Service,EndDevice-3,Application-3-Service,27300
10476,Application-17,M_Req,missing_destination,42,Application-17-Service,EndDevice-17,Application-17-Service,27300
10479,Application-20,M_Req,missing_destination,45,Application-20-Service,EndDevice-20,Application-20-Service,27300
10486,Application-45,M_Req,missing_destination,70,Application-45-Service,EndDevice-45,Application-45-Service,27400
10498,Application-3,M_Req,missing_destination,28,Application-3-Service,EndDevice-3,Application-3-Service,27400
10510,Application-46,M_Req,missing_destination,71,Application-46-Service,EndDevice-46,Application-46-Service,27500
10513,Application-9,M_Req,missing_destination,34,Application-9-Service,EndDevice-9,Application-9-Service,27500
10515,Application-42,M_Req,missing_destination,67,Application-42-Service,EndDevice-42,Application-42-Service,27500
10520,Application-11,M_Req,missing_destination,36,Application-11-Service,EndDevice-11,Application-11-Service,27500
10521,Application-47,M_Req,missing_destination,72,Application-47-Service,EndDevice-47,Application-47-Service,27500
10522,Application-10,M_Req,missing_destination,35,Application-10-Service,EndDevice-10,Application-10-Service,27500
10526,Application-43,M_Req,missing_destination,68,Application-43-Service,EndDevice-43,Application-43-Service,27500
10534,Application-45,M_Req,missing_destination,70,Application-45-Service,EndDevice-45,Application-45-Service,27500
10539,Application-44,M_Req,missing_destination,69,Application-44-Service,EndDevice-44,Application-44-Service,27500
10543,Application-4,M_Req,missing_destination,29,Application-4-Service,EndDevice-4,Application-4-Service,27500
10546,Application-3,M_Req,missing_destination,28,Application-3-Service,EndDevice-3,Application-3-Service,27500
10549,Application-12,M_Req,missing_destination,37,Application-12-Service,EndDevice-12,Application-12-Service,27500
10556,Application-1,M_Req,missing_destination,26,Application-1-Service,EndDevice-1,Application-1-Service,27500
10558,Application-46,M_Req,missing_destination,71,Application-46-Service,EndDevice-46,Application-46-Service,27600
10561,Application-9,M_Req,missing_destination,34,Application-9-Service,EndDevice-9,Application-9-Service,27600
10566,Application-11,M_Req,missing_destination,36,Application-11-Service,EndDevice-11,Application-11-Service,27600
10567,Application-47,M_Req,missing_destination,72,Application-47-Service,EndDevice-47,Application-47-Service,27600
10576,Application-45,M_Req,missing_destination,70,Application-45-Service,EndDevice-45,Application-45-Service,27600
10580,Application-44,M_Req,missing_destination,69,Application-44-Service,EndDevice-44,Application-44-Service,27600
10609,Application-9,M_Req,missing_destination,34,Application-9-Service,EndDevice-9,Application-9-Service,27700
10614,Application-11,M_Req,missing_destination,36,Application-11-Service,EndDevice-11,Application-11-Service,27700
10615,Application-47,M_Req,missing_destination,72,Application-47-Service,EndDevice-47,Application-47-Service,27700
10635,Application-28,M_Req,missing_destination,53,Application-28-Service,EndDevice-28,Application-28-Service,27800
10636,Application-12,M_Req,missing_destination,37,Application-12-Service,EndDevice-12,Application-12-Service,27800
10638,Application-37,M_Req,missing_destination,62,Application-37-Service,EndDevice-37,Application-37-Service,27800
10643,Application-40,M_Req,missing_destination,65,Application-40-Service,EndDevice-40,Application-40-Service,27800
10644,Application-43,M_Req,missing_destination,68,Application-43-Service,EndDevice-43,Application-43-Service,27800
10651,Application-9,M_Req,missing_destination,34,Application-9-Service,EndDevice-9,Application-9-Service,27800
10652,Application-48,M_Req,missing_destination,73,Application-48-Service,EndDevice-48,Application-48-Service,27800
10656,Application-11,M_Req,missing_destination,36,Application-11-Service,EndDevice-11,Application-11-Service,27800
10657,Application-25,M_Req,missing_destination,50,Application-25-Service,EndDevice-25,Application-25-Service,27800
10658,Application-38,M_Req,missing_destination,63,Application-38-Service,EndDevice-38,Application-38-Service,27800
10661,Application-39,M_Req,missing_destination,64,Application-39-Service,EndDevice-39,Application-39-Service,27800
10683,Application-28,M_Req,missing_destination,53,Application-28-Service,EndDevice-28,Application-28-Service,27900
10684,Application-12,M_Req,missing_destination,37,Application-12-Service,EndDevice-12,Application-12-Service,27900
10686,Application-37,M_Req,missing_destination,62,Application-37-Service,EndDevice-37,Application-37-Service,27900
10691,Application-40,M_Req,missing_destination,65,Application-40-Service,EndDevice-40,Application-40-Service,27900
10692,Application-43,M_Req,missing_destination,68,Application-43-Service,EndDevice-43,Application-43-Service,27900
10699,Application-9,M_Req,missing_destination,34,Application-9-Service,EndDevice-9,Application-9-Service,27900
10700,Application-48,M_Req,missing_destination,73,Application-48-Service,EndDevice-48,Application-48-Service,27900
10704,Application-11,M_Req,missing_destination,36,Application-11-Service,EndDevice-11,Application-11-Service,27900
10705,Application-25,M_Req,missing_destination,50,Application-25-Service,EndDevice-25,Application-25-Service,27900
10706,Application-38,M_Req,missing_destination,63,Application-38-Service,EndDevice-38,Application-38-Service,27900
10709,Application-39,M_Req,missing_destination,64,Application-39-Service,EndDevice-39,Application-39-Service,27900
10741,Application-32,M_Req,missing_destination,57,Application-32-Service,EndDevice-32,Application-32-Service,28100
10743,Application-29,M_Req,missing_destination,54,Application-29-Service,EndDevice-29,Application-29-Service,28100
10748,Application-39,M_Req,missing_destination,64,Application-39-Service,EndDevice-39,Application-39-Service,28100
10754,Application-5,M_Req,missing_destination,30,Application-5-Service,EndDevice-5,Application-5-Service,28100
10761,Application-6,M_Req,missing_destination,31,Application-6-Service,EndDevice-6,Application-6-Service,28100
10762,Application-7,M_Req,missing_destination,32,Application-7-Service,EndDevice-7,Application-7-Service,28100
10764,Application-31,M_Req,missing_destination,56,Application-31-Service,EndDevice-31,Application-31-Service,28100
10768,Application-27,M_Req,missing_destination,52,Application-27-Service,EndDevice-27,Application-27-Service,28100
10769,Application-26,M_Req,missing_destination,51,Application-26-Service,EndDevice-26,Application-26-Service,28100
10774,Application-8,M_Req,missing_destination,33,Application-8-Service,EndDevice-8,Application-8-Service,28100
10778,Application-30,M_Req,missing_destination,55,Application-30-Service,EndDevice-30,Application-30-Service,28100
10779,Application-19,M_Req,missing_destination,44,Application-19-Service,EndDevice-19,Application-19-Service,28100
10780,Application-20,M_Req,missing_destination,45,Application-20-Service,EndDevice-20,Application-20-Service,28100
10789,Application-32,M_Req,missing_destination,57,Application-32-Service,EndDevice-32,Application-32-Service,28200
10794,Application-39,M_Req,missing_destination,64,Application-39-Service,EndDevice-39,Application-39-Service,28200
10799,Application-5,M_Req,missing_destination,30,Application-5-Service,EndDevice-5,Application-5-Service,28200
10806,Application-6,M_Req,missing_destination,31,Application-6-Service,EndDevice-6,Application-6-Service,28200
10807,Application-7,M_Req,missing_destination,32,Application-7-Service,EndDevice-7,Application-7-Service,28200
10809,Application-31,M_Req,missing_destination,56,Application-31-Service,EndDevice-31,Application-31-Service,28200
10812,Application-27,M_Req,missing_destination,52,Application-27-Service,EndDevice-27,Application-27-Service,28200
10813,Application-26,M_Req,missing_destination,51,Application-26-Service,EndDevice-26,Application-26-Service,28200
10882,Application-34,M_Req,missing_destination,59,Application-34-Service,EndDevice-34,Application-34-Service,28400
10889,Application-33,M_Req,missing_destination,58,Application-33-Service,EndDevice-33,Application-33-Service,28400
10890,Application-5,M_Req,missing_destination,30,Application-5-Service,EndDevice-5,Application-5-Service,28400
10897,Application-7,M_Req,missing_destination,32,Application-7-Service,EndDevice-7,Application-7-Service,28500
10900,Application-36,M_Req,missing_destination,61,Application-36-Service,EndDevice-36,Application-36-Service,28500
10930,Application-34,M_Req,missing_destination,59,Application-34-Service,EndDevice-34,Application-34-Service,28500
10937,Application-33,M_Req,missing_destination,58,Application-33-Service,EndDevice-33,Application-33-Service,28500
10938,Application-5,M_Req,missing_destination,30,Application-5-Service,EndDevice-5,Application-5-Service,28500
10947,Application-36,M_Req,missing_destination,61,Application-36-Service,EndDevice-36,Application-36-Service,28600
10972,Application-11,M_Req,missing_destination,36,Application-11-Service,EndDevice-11,Application-11-Service,28700
10975,Application-12,M_Req,missing_destination,37,Application-12-Service,EndDevice-12,Application-12-Service,28700
10982,Application-16,M_Req,missing_destination,41,Application-16-Service,EndDevice-16,Application-16-Service,28700
10988,Application-19,M_Req,missing_destination,44,Application-19-Service,EndDevice-19,Application-19-Service,28700
10990,Application-13,M_Req,missing_destination,38,Application-13-Service,EndDevice-13,Application-13-Service,28700
10991,Application-15,M_Req,missing_destination,40,Application-15-Service,EndDevice-15,Application-15-Service,28700
10995,Application-36,M_Req,missing_destination,61,Application-36-Service,EndDevice-36,Application-36-Service,28700
11003,Application-2,M_Req,missing_destination,27,Application-2-Service,EndDevice-2,Application-2-Service,28700
11004,Application-4,M_Req,missing_destination,29,Application-4-Service,EndDevice-4,Application-4-Service,28700
11008,Application-20,M_Req,missing_destination,45,Application-20-Service,EndDevice-20,Application-20-Service,28700
11010,Application-1,M_Req,missing_destination,26,Application-1-Service,EndDevice-1,Application-1-Service,28700
11012,Application-3,M_Req,missing_destination,28,Application-3-Service,EndDevice-3,Application-3-Service,28700
11014,Application-30,M_Req,missing_destination,55,Application-30-Service,EndDevice-30,Application-30-Service,28700
11015,Application-14,M_Req,missing_destination,39,Application-14-Service,EndDevice-14,Application-14-Service,28700
11020,Application-11,M_Req,missing_destination,36,Application-11-Service,EndDevice-11,Application-11-Service,28800
11022,Application-12,M_Req,missing_destination,37,Application-12-Service,EndDevice-12,Application-12-Service,28800
11028,Application-16,M_Req,missing_destination,41,Application-16-Service,EndDevice-16,Application-16-Service,28800
11032,Application-19,M_Req,missing_destination,44,Application-19-Service,EndDevice-19,Application-19-Service,28800
11034,Application-13,M_Req,missing_destination,38,Application-13-Service,EndDevice-13,Application-13-Service,28800
11035,Application-15,M_Req,missing_destination,40,Application-15-Service,EndDevice-15,Application-15-Service,28800
11037,Application-36,M_Req,missing_destination,61,Application-36-Service,EndDevice-36,Application-36-Service,28800
11045,Application-2,M_Req,missing_destination,27,Application-2-Service,EndDevice-2,Application-2-Service,28800
11068,Application-11,M_Req,missing_destination,36,Application-11-Service,EndDevice-11,Application-11-Service,28900
11070,Application-12,M_Req,missing_destination,37,Application-12-Service,EndDevice-12,Application-12-Service,28900
11080,Application-19,M_Req,missing_destination,44,Application-19-Service,EndDevice-19,Application-19-Service,28900
11093,Application-2,M_Req,missing_destination,27,Application-2-Service,EndDevice-2,Application-2-Service,28900
11105,Application-43,M_Req,missing_destination,68,Application-43-Service,EndDevice-43,Application-43-Service,29000
11112,Application-11,M_Req,missing_destination,36,Application-11-Service,EndDevice-11,Application-11-Service,29000
11113,Application-12,M_Req,missing_destination,37,Application-12-Service,EndDevice-12,Application-12-Service,29000
11115,Application-10,M_Req,missing_destination,35,Application-10-Service,EndDevice-10,Application-10-Service,29000
11116,Application-44,M_Req,missing_destination,69,Application-44-Service,EndDevice-44,Application-44-Service,29000
11118,Application-41,M_Req,missing_destination,66,Application-41-Service,EndDevice-41,Application-41-Service,29000
11119,Application-16,M_Req,missing_destination,41,Application-16-Service,EndDevice-16,Application-16-Service,29000
11120,Application-42,M_Req,missing_destination,67,Application-42-Service,EndDevice-42,Application-42-Service,29000
11123,Application-19,M_Req,missing_destination,44,Application-19-Service,EndDevice-19,Application-19-Service,29000
11124,Application-13,M_Req,missing_destination,38,Application-13-Service,EndDevice-13,Application-13-Service,29100
11125,Application-15,M_Req,missing_destination,40,Application-15-Service,EndDevice-15,Application-15-Service,29100
11153,Application-43,M_Req,missing_destination,68,Application-43-Service,EndDevice-43,Application-43-Service,29100
11160,Application-11,M_Req,missing_destination,36,Application-11-Service,EndDevice-11,Application-11-Service,29100
11161,Application-12,M_Req,missing_destination,37,Application-12-Service,EndDevice-12,Application-12-Service,29100
11163,Application-10,M_Req,missing_destination,35,Application-10-Service,EndDevice-10,Application-10-Service,29100
11164,Application-44,M_Req,missing_destination,69,Application-44-Service,EndDevice-44,Application-44-Service,29100
11166,Application-41,M_Req,missing_destination,66,Application-41-Service,EndDevice-41,Application-41-Service,29100
11167,Application-16,M_Req,missing_destination,41,Application-16-Service,EndDevice-16,Application-16-Service,29100
11168,Application-42,M_Req,missing_destination,67,Application-42-Service,EndDevice-42,Application-42-Service,29100
11171,Application-19,M_Req,missing_destination,44,Application-19-Service,EndDevice-19,Application-19-Service,29100
11172,Application-13,M_Req,missing_destination,38,Application-13-Service,EndDevice-13,Application-13-Service,29200
11173,Application-15,M_Req,missing_destination,40,Application-15-Service,EndDevice-15,Application-15-Service,29200
11199,Application-11,M_Req,missing_destination,36,Application-11-Service,EndDevice-11,Application-11-Service,29300
11200,Application-12,M_Req,missing_destination,37,Application-12-Service,EndDevice-12,Application-12-Service,29300
11202,Application-10,M_Req,missing_destination,35,Application-10-Service,EndDevice-10,Application-10-Service,29300
11203,Application-44,M_Req,missing_destination,69,Application-44-Service,EndDevice-44,Application-44-Service,29300
11209,Application-6,M_Req,missing_destination,31,Application-6-Service,EndDevice-6,Application-6-Service,29300
11213,Application-5,M_Req,missing_destination,30,Application-5-Service,EndDevice-5,Application-5-Service,29300
11220,Application-13,M_Req,missing_destination,38,Application-13-Service,EndDevice-13,Application-13-Service,29300
11221,Application-15,M_Req,missing_destination,40,Application-15-Service,EndDevice-15,Application-15-Service,29300
11233,Application-20,M_Req,missing_destination,45,Application-20-Service,EndDevice-20,Application-20-Service,29300
11235,Application-8,M_Req,missing_destination,33,Application-8-Service,EndDevice-8,Application-8-Service,29300
11244,Application-7,M_Req,missing_destination,32,Application-7-Service,EndDevice-7,Application-7-Service,29300
11245,Application-9,M_Req,missing_destination,34,Application-9-Service,EndDevice-9,Application-9-Service,29300
11247,Application-11,M_Req,missing_destination,36,Application-11-Service,EndDevice-11,Application-11-Service,29400
11248,Application-12,M_Req,missing_destination,37,Application-12-Service,EndDevice-12,Application-12-Service,29400
11250,Application-44,M_Req,missing_destination,69,Application-44-Service,EndDevice-44,Application-44-Service,29400
11254,Application-6,M_Req,missing_destination,31,Application-6-Service,EndDevice-6,Application-6-Service,29400
11258,Application-5,M_Req,missing_destination,30,Application-5-Service,EndDevice-5,Application-5-Service,29400
11264,Application-13,M_Req,missing_destination,38,Application-13-Service,EndDevice-13,Application-13-Service,29400
11275,Application-20,M_Req,missing_destination,45,Application-20-Service,EndDevice-20,Application-20-Service,29400
11295,Application-11,M_Req,missing_destination,36,Application-11-Service,EndDevice-11,Application-11-Service,29500
11296,Application-12,M_Req,missing_destination,37,Application-12-Service,EndDevice-12,Application-12-Service,29500
11298,Application-44,M_Req,missing_destination,69,Application-44-Service,EndDevice-44,Application-44-Service,29500
11312,Application-13,M_Req,missing_destination,38,Application-13-Service,EndDevice-13,Application-13-Service,29500
11332,Application-15,M_Req,missing_destination,40,Application-15-Service,EndDevice-15,Application-15-Service,29600
11334,Application-45,M_Req,missing_destination,70,Application-45-Service,EndDevice-45,Application-45-Service,29600
11336,Application-36,M_Req,missing_destination,61,Application-36-Service,EndDevice-36,Application-36-Service,29600
11339,Application-11,M_Req,missing_destination,36,Application-11-Service,EndDevice-11,Application-11-Service,29600
11340,Application-12,M_Req,missing_destination,37,Application-12-Service,EndDevice-12,Application-12-Service,29600
11341,Application-33,M_Req,missing_destination,58,Application-33-Service,EndDevice-33,Application-33-Service,29600
11342,Application-44,M_Req,missing_destination,69,Application-44-Service,EndDevice-44,Application-44-Service,29600
11343,Application-41,M_Req,missing_destination,66,Application-41-Service,EndDevice-41,Application-41-Service,29600
11344,Application-42,M_Req,missing_destination,67,Application-42-Service,EndDevice-42,Application-42-Service,29600
11345,Application-34,M_Req,missing_destination,59,Application-34-Service,EndDevice-34,Application-34-Service,29600
11349,Application-47,M_Req,missing_destination,72,Application-47-Service,EndDevice-47,Application-47-Service,29600
11353,Application-13,M_Req,missing_destination,38,Application-13-Service,EndDevice-13,Application-13-Service,29700
11357,Application-35,M_Req,missing_destination,60,Application-35-Service,EndDevice-35,Application-35-Service,29700
11380,Application-15,M_Req,missing_destination,40,Application-15-Service,EndDevice-15,Application-15-Service,29700
11382,Application-45,M_Req,missing_destination,70,Application-45-Service,EndDevice-45,Application-45-Service,29700
11384,Application-36,M_Req,missing_destination,61,Application-36-Service,EndDevice-36,Application-36-Service,29700
11387,Application-11,M_Req,missing_destination,36,Application-11-Service,EndDevice-11,Application-11-Service,29700
11388,Application-12,M_Req,missing_destination,37,Application-12-Service,EndDevice-12,Application-12-Service,29700
11389,Application-33,M_Req,missing_destination,58,Application-33-Service,EndDevice-33,Application-33-Service,29700
11390,Application-44,M_Req,missing_destination,69,Application-44-Service,EndDevice-44,Application-44-Service,29700
11391,Application-41,M_Req,missing_destination,66,Application-41-Service,EndDevice-41,Application-41-Service,29700
11392,Application-42,M_Req,missing_destination,67,Application-42-Service,EndDevice-42,Application-42-Service,29700
11393,Application-34,M_Req,missing_destination,59,Application-34-Service,EndDevice-34,Application-34-Service,29700
11397,Application-47,M_Req,missing_destination,72,Application-47-Service,EndDevice-47,Application-47-Service,29700
11428,Application-33,M_Req,missing_destination,58,Application-33-Service,EndDevice-33,Application-33-Service,29900
11439,Application-32,M_Req,missing_destination,57,Application-32-Service,EndDevice-32,Application-32-Service,29900
11441,Application-31,M_Req,missing_destination,56,Application-31-Service,EndDevice-31,Application-31-Service,29900
11446,Application-13,M_Req,missing_destination,38,Application-13-Service,EndDevice-13,Application-13-Service,29900
11452,Application-30,M_Req,missing_destination,55,Application-30-Service,EndDevice-30,Application-30-Service,29900
11464,Application-29,M_Req,missing_destination,54,Application-29-Service,EndDevice-29,Application-29-Service,29900
11467,Application-15,M_Req,missing_destination,40,Application-15-Service,EndDevice-15,Application-15-Service,29900
11469,Application-45,M_Req,missing_destination,70,Application-45-Service,EndDevice-45,Application-45-Service,29900
11481,Application-32,M_Req,missing_destination,57,Application-32-Service,EndDevice-32,Application-32-Service,30000
11483,Application-31,M_Req,missing_destination,56,Application-31-Service,EndDevice-31,Application-31-Service,30000
11487,Application-13,M_Req,missing_destination,38,Application-13-Service,EndDevice-13,Application-13-Service,30000
11493,Application-30,M_Req,missing_destination,55,Application-30-Service,EndDevice-30,Application-30-Service,30000
11529,Application-32,M_Req,missing_destination,57,Application-32-Service,EndDevice-32,Application-32-Service,30100
11531,Application-31,M_Req,missing_destination,56,Application-31-Service,EndDevice-31,Application-31-Service,30100
11535,Application-13,M_Req,missing_destination,38,Application-13-Service,EndDevice-13,Application-13-Service,30100
11541,Application-30,M_Req,missing_destination,55,Application-30-Service,EndDevice-30,Application-30-Service,30100
11551,Application-37,M_Req,missing_destination,62,Application-37-Service,EndDevice-37,Application-37-Service,30200
11554,Application-40,M_Req,missing_destination,65,Application-40-Service,EndDevice-40,Application-40-Service,30200
11573,Application-31,M_Req,missing_destination,56,Application-31-Service,EndDevice-31,Application-31-Service,30200
11577,Application-13,M_Req,missing_destination,38,Application-13-Service,EndDevice-13,Application-13-Service,30200
11578,Application-39,M_Req,missing_destination,64,Application-39-Service,EndDevice-39,Application-39-Service,30200
11585,Application-38,M_Req,missing_destination,63,Application-38-Service,EndDevice-38,Application-38-Service,30300
11587,Application-48,M_Req,missing_destination,73,Application-48-Service,EndDevice-48,Application-48-Service,30300
11599,Application-37,M_Req,missing_destination,62,Application-37-Service,EndDevice-37,Application-37-Service,30300
11602,Application-40,M_Req,missing_destination,65,Application-40-Service,EndDevice-40,Application-40-Service,30300
11621,Application-31,M_Req,missing_destination,56,Application-31-Service,EndDevice-31,Application-31-Service,30300
11625,Application-13,M_Req,missing_destination,38,Application-13-Service,EndDevice-13,Application-13-Service,30300
11626,Application-39,M_Req,missing_destination,64,Application-39-Service,EndDevice-39,Application-39-Service,30300
11635,Application-48,M_Req,missing_destination,73,Application-48-Service,EndDevice-48,Application-48-Service,30400
11654,Application-41,M_Req,missing_destination,66,Application-41-Service,EndDevice-41,Application-41-Service,30500
11664,Application-13,M_Req,missing_destination,38,Application-13-Service,EndDevice-13,Application-13-Service,30500
11667,Application-16,M_Req,missing_destination,41,Application-16-Service,EndDevice-16,Application-16-Service,30500
11672,Application-43,M_Req,missing_destination,68,Application-43-Service,EndDevice-43,Application-43-Service,30500
11680,Application-14,M_Req,missing_destination,39,Application-14-Service,EndDevice-14,Application-14-Service,30500
11682,Application-46,M_Req,missing_destination,71,Application-46-Service,EndDevice-46,Application-46-Service,30500
11683,Application-48,M_Req,missing_destination,73,Application-48-Service,EndDevice-48,Application-48-Service,30500
11688,Application-42,M_Req,missing_destination,67,Application-42-Service,EndDevice-42,Application-42-Service,30500
11699,Application-44,M_Req,missing_destination,69,Application-44-Service,EndDevice-44,Application-44-Service,30500
11702,Application-41,M_Req,missing_destination,66,Application-41-Service,EndDevice-41,Application-41-Service,30600
11710,Application-13,M_Req,missing_destination,38,Application-13-Service,EndDevice-13,Application-13-Service,30600
11722,Application-14,M_Req,missing_destination,39,Application-14-Service,EndDevice-14,Application-14-Service,30600
11724,Application-46,M_Req,missing_destination,71,Application-46-Service,EndDevice-46,Application-46-Service,30600
11725,Application-48,M_Req,missing_destination,73,Application-48-Service,EndDevice-48,Application-48-Service,30600
11729,Application-42,M_Req,missing_destination,67,Application-42-Service,EndDevice-42,Application-42-Service,30600
11758,Application-13,M_Req,missing_destination,38,Application-13-Service,EndDevice-13,Application-13-Service,30700
11770,Application-14,M_Req,missing_destination,39,Application-14-Service,EndDevice-14,Application-14-Service,30700
11773,Application-48,M_Req,missing_destination,73,Application-48-Service,EndDevice-48,Application-48-Service,30700
11794,Application-41,M_Req,missing_destination,66,Application-41-Service,EndDevice-41,Application-41-Service,30800
11802,Application-13,M_Req,missing_destination,38,Application-13-Service,EndDevice-13,Application-13-Service,30800
11813,Application-48,M_Req,missing_destination,73,Application-48-Service,EndDevice-48,Application-48-Service,30900
11816,Application-9,M_Req,missing_destination,34,Application-9-Service,EndDevice-9,Application-9-Service,30900
11817,Application-42,M_Req,missing_destination,67,Application-42-Service,EndDevice-42,Application-42-Service,30900
11842,Application-41,M_Req,missing_destination,66,Application-41-Service,EndDevice-41,Application-41-Service,30900
11850,Application-13,M_Req,missing_destination,38,Application-13-Service,EndDevice-13,Application-13-Service,30900
11864,Application-9,M_Req,missing_destination,34,Application-9-Service,EndDevice-9,Application-9-Service,31000
11865,Application-42,M_Req,missing_destination,67,Application-42-Service,EndDevice-42,Application-42-Service,31000
11885,Application-41,M_Req,missing_destination,66,Application-41-Service,EndDevice-41,Application-41-Service,31100
11886,Application-5,M_Req,missing_destination,30,Application-5-Service,EndDevice-5,Application-5-Service,31100
11898,Application-36,M_Req,missing_destination,61,Application-36-Service,EndDevice-36,Application-36-Service,31100
11900,Application-8,M_Req,missing_destination,33,Application-8-Service,EndDevice-8,Application-8-Service,31100
11904,Application-34,M_Req,missing_destination,59,Application-34-Service,EndDevice-34,Application-34-Service,31100
11906,Application-35,M_Req,missing_destination,60,Application-35-Service,EndDevice-35,Application-35-Service,31100
11912,Application-9,M_Req,missing_destination,34,Application-9-Service,EndDevice-9,Application-9-Service,31100
11913,Application-42,M_Req,missing_destination,67,Application-42-Service,EndDevice-42,Application-42-Service,31100
11918,Application-46,M_Req,missing_destination,71,Application-46-Service,EndDevice-46,Application-46-Service,31100
11920,Application-6,M_Req,missing_destination,31,Application-6-Service,EndDevice-6,Application-6-Service,31100
11921,Application-7,M_Req,missing_destination,32,Application-7-Service,EndDevice-7,Application-7-Service,31100
11927,Application-33,M_Req,missing_destination,58,Application-33-Service,EndDevice-33,Application-33-Service,31100
11933,Application-5,M_Req,missing_destination,30,Application-5-Service,EndDevice-5,Application-5-Service,31200
11944,Application-36,M_Req,missing_destination,61,Application-36-Service,EndDevice-36,Application-36-Service,31200
11945,Application-8,M_Req,missing_destination,33,Application-8-Service,EndDevice-8,Application-8-Service,31200
11948,Application-34,M_Req,missing_destination,59,Application-34-Service,EndDevice-34,Application-34-Service,31200
11949,Application-35,M_Req,missing_destination,60,Application-35-Service,EndDevice-35,Application-35-Service,31200
11953,Application-9,M_Req,missing_destination,34,Application-9-Service,EndDevice-9,Application-9-Service,31200
11954,Application-42,M_Req,missing_destination,67,Application-42-Service,EndDevice-42,Application-42-Service,31200
11959,Application-46,M_Req,missing_destination,71,Application-46-Service,EndDevice-46,Application-46-Service,31200
11961,Application-6,M_Req,missing_destination,31,Application-6-Service,EndDevice-6,Application-6-Service,31200
11962,Application-7,M_Req,missing_destination,32,Application-7-Service,EndDevice-7,Application-7-Service,31200
11992,Application-36,M_Req,missing_destination,61,Application-36-Service,EndDevice-36,Application-36-Service,31300
11996,Application-34,M_Req,missing_destination,59,Application-34-Service,EndDevice-34,Application-34-Service,31300
11997,Application-35,M_Req,missing_destination,60,Application-35-Service,EndDevice-35,Application-35-Service,31300
12014,Application-19,M_Req,missing_destination,44,Application-19-Service,EndDevice-19,Application-19-Service,31400
12017,Application-17,M_Req,missing_destination,42,Application-17-Service,EndDevice-17,Application-17-Service,31400
12025,Application-18,M_Req,missing_destination,43,Application-18-Service,EndDevice-18,Application-18-Service,31400
12032,Application-20,M_Req,missing_destination,45,Application-20-Service,EndDevice-20,Application-20-Service,31400
12035,Application-36,M_Req,missing_destination,61,Application-36-Service,EndDevice-36,Application-36-Service,31400
12037,Application-34,M_Req,missing_destination,59,Application-34-Service,EndDevice-34,Application-34-Service,31400
12038,Application-35,M_Req,missing_destination,60,Application-35-Service,EndDevice-35,Application-35-Service,31500
12043,Application-42,M_Req,missing_destination,67,Application-42-Service,EndDevice-42,Application-42-Service,31500
12046,Application-14,M_Req,missing_destination,39,Application-14-Service,EndDevice-14,Application-14-Service,31500
12048,Application-43,M_Req,missing_destination,68,Application-43-Service,EndDevice-43,Application-43-Service,31500
12062,Application-19,M_Req,missing_destination,44,Application-19-Service,EndDevice-19,Application-19-Service,31500
12065,Application-17,M_Req,missing_destination,42,Application-17-Service,EndDevice-17,Application-17-Service,31500
12073,Application-18,M_Req,missing_destination,43,Application-18-Service,EndDevice-18,Application-18-Service,31500
12080,Application-20,M_Req,missing_destination,45,Application-20-Service,EndDevice-20,Application-20-Service,31500
12083,Application-36,M_Req,missing_destination,61,Application-36-Service,EndDevice-36,Application-36-Service,31500
12085,Application-34,M_Req,missing_destination,59,Application-34-Service,EndDevice-34,Application-34-Service,31500
12115,Application-1,M_Req,missing_destination,26,Application-1-Service,EndDevice-1,Application-1-Service,31700
12116,Application-28,M_Req,missing_destination,53,Application-28-Service,EndDevice-28,Application-28-Service,31700
12121,Application-3,M_Req,missing_destination,28,Application-3-Service,EndDevice-3,Application-3-Service,31700
12123,Application-26,M_Req,missing_destination,51,Application-26-Service,EndDevice-26,Application-26-Service,31700
12138,Application-27,M_Req,missing_destination,52,Application-27-Service,EndDevice-27,Application-27-Service,31700
12150,Application-4,M_Req,missing_destination,29,Application-4-Service,EndDevice-4,Application-4-Service,31700
12152,Application-2,M_Req,missing_destination,27,Application-2-Service,EndDevice-2,Application-2-Service,31700
12155,Application-25,M_Req,missing_destination,50,Application-25-Service,EndDevice-25,Application-25-Service,31700
12157,Application-41,M_Req,missing_destination,66,Application-41-Service,EndDevice-41,Application-41-Service,31700
12161,Application-16,M_Req,missing_destination,41,Application-16-Service,EndDevice-16,Application-16-Service,31700
12163,Application-1,M_Req,missing_destination,26,Application-1-Service,EndDevice-1,Application-1-Service,31800
12164,Application-28,M_Req,missing_destination,53,Application-28-Service,EndDevice-28,Application-28-Service,31800
12169,Application-3,M_Req,missing_destination,28,Application-3-Service,EndDevice-3,Application-3-Service,31800
12171,Application-26,M_Req,missing_destination,51,Application-26-Service,EndDevice-26,Application-26-Service,31800
12190,Application-4,M_Req,missing_destination,29,Application-4-Service,EndDevice-4,Application-4-Service,31800
12211,Application-1,M_Req,missing_destination,26,Application-1-Service,EndDevice-1,Application-1-Service,31900
12212,Application-28,M_Req,missing_destination,53,Application-28-Service,EndDevice-28,Application-28-Service,31900
12217,Application-3,M_Req,missing_destination,28,Application-3-Service,EndDevice-3,Application-3-Service,31900
12219,Application-26,M_Req,missing_destination,51,Application-26-Service,EndDevice-26,Application-26-Service,31900
12238,Application-4,M_Req,missing_destination,29,Application-4-Service,EndDevice-4,Application-4-Service,31900
12256,Application-1,M_Req,missing_destination,26,Application-1-Service,EndDevice-1,Application-1-Service,32000
12257,Application-28,M_Req,missing_destination,53,Application-28-Service,EndDevice-28,Application-28-Service,32000
12261,Application-3,M_Req,missing_destination,28,Application-3-Service,EndDevice-3,Application-3-Service,32000
12271,Application-14,M_Req,missing_destination,39,Application-14-Service,EndDevice-14,Application-14-Service,32100
12275,Application-33,M_Req,missing_destination,58,Application-33-Service,EndDevice-33,Application-33-Service,32100
12304,Application-1,M_Req,missing_destination,26,Application-1-Service,EndDevice-1,Application-1-Service,32100
12305,Application-28,M_Req,missing_destination,53,Application-28-Service,EndDevice-28,Application-28-Service,32100
12309,Application-3,M_Req,missing_destination,28,Application-3-Service,EndDevice-3,Application-3-Service,32100
12322,Application-33,M_Req,missing_destination,58,Application-33-Service,EndDevice-33,Application-33-Service,32200
12346,Application-1,M_Req,missing_destination,26,Application-1-Service,EndDevice-1,Application-1-Service,32300
12347,Application-28,M_Req,missing_destination,53,Application-28-Service,EndDevice-28,Application-28-Service,32300
12348,Application-31,M_Req,missing_destination,56,Application-31-Service,EndDevice-31,Application-31-Service,32300
12353,Application-22,M_Req,missing_destination,47,Application-22-Service,EndDevice-22,Application-22-Service,32300
12359,Application-23,M_Req,missing_destination,48,Application-23-Service,EndDevice-23,Application-23-Service,32300
12361,Application-32,M_Req,missing_destination,57,Application-32-Service,EndDevice-32,Application-32-Service,32300
12365,Application-21,M_Req,missing_destination,46,Application-21-Service,EndDevice-21,Application-21-Service,32300
12370,Application-33,M_Req,missing_destination,58,Application-33-Service,EndDevice-33,Application-33-Service,32300
12374,Application-30,M_Req,missing_destination,55,Application-30-Service,EndDevice-30,Application-30-Service,32300
12376,Application-24,M_Req,missing_destination,49,Application-24-Service,EndDevice-24,Application-24-Service,32300
12385,Application-29,M_Req,missing_destination,54,Application-29-Service,EndDevice-29,Application-29-Service,32300
12390,Application-35,M_Req,missing_destination,60,Application-35-Service,EndDevice-35,Application-35-Service,32300
12394,Application-28,M_Req,missing_destination,53,Application-28-Service,EndDevice-28,Application-28-Service,32400
12395,Application-31,M_Req,missing_destination,56,Application-31-Service,EndDevice-31,Application-31-Service,32400
12398,Application-22,M_Req,missing_destination,47,Application-22-Service,EndDevice-22,Application-22-Service,32400
12402,Application-23,M_Req,missing_destination,48,Application-23-Service,EndDevice-23,Application-23-Service,32400
12404,Application-32,M_Req,missing_destination,57,Application-32-Service,EndDevice-32,Application-32-Service,32400
12407,Application-21,M_Req,missing_destination,46,Application-21-Service,EndDevice-21,Application-21-Service,32400
12411,Application-33,M_Req,missing_destination,58,Application-33-Service,EndDevice-33,Application-33-Service,32400
12416,Application-24,M_Req,missing_destination,49,Application-24-Service,EndDevice-24,Application-24-Service,32400
12442,Application-28,M_Req,missing_destination,53,Application-28-Service,EndDevice-28,Application-28-Service,32500
12446,Application-22,M_Req,missing_destination,47,Application-22-Service,EndDevice-22,Application-22-Service,32500
12450,Application-23,M_Req,missing_destination,48,Application-23-Service,EndDevice-23,Application-23-Service,32500
12455,Application-21,M_Req,missing_destination,46,Application-21-Service,EndDevice-21,Application-21-Service,32500
12459,Application-33,M_Req,missing_destination,58,Application-33-Service,EndDevice-33,Application-33-Service,32500
12464,Application-24,M_Req,missing_destination,49,Application-24-Service,EndDevice-24,Application-24-Service,32500
12470,Application-29,M_Req,missing_destination,54,Application-29-Service,EndDevice-29,Application-29-Service,32600
12471,Application-37,M_Req,missing_destination,62,Application-37-Service,EndDevice-37,Application-37-Service,32600
12474,Application-35,M_Req,missing_destination,60,Application-35-Service,EndDevice-35,Application-35-Service,32600
12475,Application-15,M_Req,missing_destination,40,Application-15-Service,EndDevice-15,Application-15-Service,32600
12476,Application-2,M_Req,missing_destination,27,Application-2-Service,EndDevice-2,Application-2-Service,32600
12479,Application-30,M_Req,missing_destination,55,Application-30-Service,EndDevice-30,Application-30-Service,32600
12486,Application-28,M_Req,missing_destination,53,Application-28-Service,EndDevice-28,Application-28-Service,32600
12489,Application-39,M_Req,missing_destination,64,Application-39-Service,EndDevice-39,Application-39-Service,32600
12490,Application-40,M_Req,missing_destination,65,Application-40-Service,EndDevice-40,Application-40-Service,32600
12497,Application-14,M_Req,missing_destination,39,Application-14-Service,EndDevice-14,Application-14-Service,32700
12503,Application-13,M_Req,missing_destination,38,Application-13-Service,EndDevice-13,Application-13-Service,32700
12504,Application-38,M_Req,missing_destination,63,Application-38-Service,EndDevice-38,Application-38-Service,32700
12518,Application-29,M_Req,missing_destination,54,Application-29-Service,EndDevice-29,Application-29-Service,32700
12519,Application-37,M_Req,missing_destination,62,Application-37-Service,EndDevice-37,Application-37-Service,32700
12522,Application-35,M_Req,missing_destination,60,Application-35-Service,EndDevice-35,Application-35-Service,32700
12523,Application-15,M_Req,missing_destination,40,Application-15-Service,EndDevice-15,Application-15-Service,32700
12524,Application-2,M_Req,missing_destination,27,Application-2-Service,EndDevice-2,Application-2-Service,32700
12527,Application-30,M_Req,missing_destination,55,Application-30-Service,EndDevice-30,Application-30-Service,32700
12534,Application-28,M_Req,missing_destination,53,Application-28-Service,EndDevice-28,Application-28-Service,32700
12537,Application-39,M_Req,missing_destination,64,Application-39-Service,EndDevice-39,Application-39-Service,32700
12538,Application-40,M_Req,missing_destination,65,Application-40-Service,EndDevice-40,Application-40-Service,32700
12545,Application-14,M_Req,missing_destination,39,Application-14-Service,EndDevice-14,Application-14-Service,32800
12551,Application-13,M_Req,missing_destination,38,Application-13-Service,EndDevice-13,Application-13-Service,32800
12566,Application-35,M_Req,missing_destination,60,Application-35-Service,EndDevice-35,Application-35-Service,32800
12567,Application-15,M_Req,missing_destination,40,Application-15-Service,EndDevice-15,Application-15-Service,32800
12568,Application-2,M_Req,missing_destination,27,Application-2-Service,EndDevice-2,Application-2-Service,32800
12576,Application-3,M_Req,missing_destination,28,Application-3-Service,EndDevice-3,Application-3-Service,32900
12590,Application-48,M_Req,missing_destination,73,Application-48-Service,EndDevice-48,Application-48-Service,32900
12593,Application-14,M_Req,missing_destination,39,Application-14-Service,EndDevice-14,Application-14-Service,32900
12594,Application-46,M_Req,missing_destination,71,Application-46-Service,EndDevice-46,Application-46-Service,32900
12598,Application-4,M_Req,missing_destination,29,Application-4-Service,EndDevice-4,Application-4-Service,32900
12599,Application-13,M_Req,missing_destination,38,Application-13-Service,EndDevice-13,Application-13-Service,32900
12602,Application-45,M_Req,missing_destination,70,Application-45-Service,EndDevice-45,Application-45-Service,32900
12613,Application-47,M_Req,missing_destination,72,Application-47-Service,EndDevice-47,Application-47-Service,32900
12614,Application-35,M_Req,missing_destination,60,Application-35-Service,EndDevice-35,Application-35-Service,32900
12615,Application-15,M_Req,missing_destination,40,Application-15-Service,EndDevice-15,Application-15-Service,32900
12616,Application-2,M_Req,missing_destination,27,Application-2-Service,EndDevice-2,Application-2-Service,32900
12620,Application-36,M_Req,missing_destination,61,Application-36-Service,EndDevice-36,Application-36-Service,32900
12624,Application-3,M_Req,missing_destination,28,Application-3-Service,EndDevice-3,Application-3-Service,33000
12638,Application-46,M_Req,missing_destination,71,Application-46-Service,EndDevice-46,Application-46-Service,33000
12641,Application-13,M_Req,missing_destination,38,Application-13-Service,EndDevice-13,Application-13-Service,33000
12644,Application-45,M_Req,missing_destination,70,Application-45-Service,EndDevice-45,Application-45-Service,33000
12672,Application-3,M_Req,missing_destination,28,Application-3-Service,EndDevice-3,Application-3-Service,33100
12689,Application-13,M_Req,missing_destination,38,Application-13-Service,EndDevice-13,Application-13-Service,33100
12699,Application-29,M_Req,missing_destination,54,Application-29-Service,EndDevice-29,Application-29-Service,33200
12706,Application-36,M_Req,missing_destination,61,Application-36-Service,EndDevice-36,Application-36-Service,33200
12709,Application-34,M_Req,missing_destination,59,Application-34-Service,EndDevice-34,Application-34-Service,33200
12718,Application-32,M_Req,missing_destination,57,Application-32-Service,EndDevice-32,Application-32-Service,33200
12720,Application-31,M_Req,missing_destination,56,Application-31-Service,EndDevice-31,Application-31-Service,33200
12724,Application-30,M_Req,missing_destination,55,Application-30-Service,EndDevice-30,Application-30-Service,33200
12727,Application-46,M_Req,missing_destination,71,Application-46-Service,EndDevice-46,Application-46-Service,33300
12732,Application-45,M_Req,missing_destination,70,Application-45-Service,EndDevice-45,Application-45-Service,33300
12747,Application-29,M_Req,missing_destination,54,Application-29-Service,EndDevice-29,Application-29-Service,33300
12754,Application-36,M_Req,missing_destination,61,Application-36-Service,EndDevice-36,Application-36-Service,33300
12757,Application-34,M_Req,missing_destination,59,Application-34-Service,EndDevice-34,Application-34-Service,33300
12766,Application-32,M_Req,missing_destination,57,Application-32-Service,EndDevice-32,Application-32-Service,33300
12768,Application-31,M_Req,missing_destination,56,Application-31-Service,EndDevice-31,Application-31-Service,33300
12772,Application-30,M_Req,missing_destination,55,Application-30-Service,EndDevice-30,Application-30-Service,33300
12775,Application-46,M_Req,missing_destination,71,Application-46-Service,EndDevice-46,Application-46-Service,33400
12779,Application-45,M_Req,missing_destination,70,Application-45-Service,EndDevice-45,Application-45-Service,33400
12807,Application-31,M_Req,missing_destination,56,Application-31-Service,EndDevice-31,Application-31-Service,33500
12811,Application-30,M_Req,missing_destination,55,Application-30-Service,EndDevice-30,Application-30-Service,33500
12817,Application-14,M_Req,missing_destination,39,Application-14-Service,EndDevice-14,Application-14-Service,33500
12823,Application-46,M_Req,missing_destination,71,Application-46-Service,EndDevice-46,Application-46-Service,33500
12824,Application-43,M_Req,missing_destination,68,Application-43-Service,EndDevice-43,Application-43-Service,33500
12827,Application-45,M_Req,missing_destination,70,Application-45-Service,EndDevice-45,Application-45-Service,33500
12834,Application-42,M_Req,missing_destination,67,Application-42-Service,EndDevice-42,Application-42-Service,33500
12839,Application-44,M_Req,missing_destination,69,Application-44-Service,EndDevice-44,Application-44-Service,33500
12848,Application-41,M_Req,missing_destination,66,Application-41-Service,EndDevice-41,Application-41-Service,33500
12855,Application-31,M_Req,missing_destination,56,Application-31-Service,EndDevice-31,Application-31-Service,33600
12858,Application-30,M_Req,missing_destination,55,Application-30-Service,EndDevice-30,Application-30-Service,33600
12863,Application-14,M_Req,missing_destination,39,Application-14-Service,EndDevice-14,Application-14-Service,33600
12868,Application-43,M_Req,missing_destination,68,Application-43-Service,EndDevice-43,Application-43-Service,33600
12875,Application-42,M_Req,missing_destination,67,Application-42-Service,EndDevice-42,Application-42-Service,33600
12911,Application-14,M_Req,missing_destination,39,Application-14-Service,EndDevice-14,Application-14-Service,33700
12932,Application-7,M_Req,missing_destination,32,Application-7-Service,EndDevice-7,Application-7-Service,33800
12944,Application-31,M_Req,missing_destination,56,Application-31-Service,EndDevice-31,Application-31-Service,33800
12946,Application-30,M_Req,missing_destination,55,Application-30-Service,EndDevice-30,Application-30-Service,33800
12949,Application-8,M_Req,missing_destination,33,Application-8-Service,EndDevice-8,Application-8-Service,33800
12951,Application-14,M_Req,missing_destination,39,Application-14-Service,EndDevice-14,Application-14-Service,33800
12956,Application-43,M_Req,missing_destination,68,Application-43-Service,EndDevice-43,Application-43-Service,33900
12959,Application-5,M_Req,missing_destination,30,Application-5-Service,EndDevice-5,Application-5-Service,33900
12962,Application-42,M_Req,missing_destination,67,Application-42-Service,EndDevice-42,Application-42-Service,33900
12980,Application-7,M_Req,missing_destination,32,Application-7-Service,EndDevice-7,Application-7-Service,33900
12992,Application-31,M_Req,missing_destination,56,Application-31-Service,EndDevice-31,Application-31-Service,33900
12994,Application-30,M_Req,missing_destination,55,Application-30-Service,EndDevice-30,Application-30-Service,33900
12997,Application-8,M_Req,missing_destination,33,Application-8-Service,EndDevice-8,Application-8-Service,33900
12999,Application-14,M_Req,missing_destination,39,Application-14-Service,EndDevice-14,Application-14-Service,33900
13039,Application-2,M_Req,missing_destination,27,Application-2-Service,EndDevice-2,Application-2-Service,34100
13042,Application-17,M_Req,missing_destination,42,Application-17-Service,EndDevice-17,Application-17-Service,34100
13043,Application-7,M_Req,missing_destination,32,Application-7-Service,EndDevice-7,Application-7-Service,34100
13044,Application-46,M_Req,missing_destination,71,Application-46-Service,EndDevice-46,Application-46-Service,34100
13054,Application-18,M_Req,missing_destination,43,Application-18-Service,EndDevice-18,Application-18-Service,34100
13066,Application-19,M_Req,missing_destination,44,Application-19-Service,EndDevice-19,Application-19-Service,34100
13076,Application-45,M_Req,missing_destination,70,Application-45-Service,EndDevice-45,Application-45-Service,34100
13078,Application-20,M_Req,missing_destination,45,Application-20-Service,EndDevice-20,Application-20-Service,34100
13087,Application-2,M_Req,missing_destination,27,Application-2-Service,EndDevice-2,Application-2-Service,34200
13090,Application-17,M_Req,missing_destination,42,Application-17-Service,EndDevice-17,Application-17-Service,34200
13091,Application-7,M_Req,missing_destination,32,Application-7-Service,EndDevice-7,Application-7-Service,34200
13092,Application-46,M_Req,missing_destination,71,Application-46-Service,EndDevice-46,Application-46-Service,34200
13100,Application-18,M_Req,missing_destination,43,Application-18-Service,EndDevice-18,Application-18-Service,34200
13109,Application-19,M_Req,missing_destination,44,Application-19-Service,EndDevice-19,Application-19-Service,34200
13159,Application-36,M_Req,missing_destination,61,Application-36-Service,EndDevice-36,Application-36-Service,34400
13160,Application-48,M_Req,missing_destination,73,Application-48-Service,EndDevice-48,Application-48-Service,34400
13165,Application-35,M_Req,missing_destination,60,Application-35-Service,EndDevice-35,Application-35-Service,34400
13177,Application-9,M_Req,missing_destination,34,Application-9-Service,EndDevice-9,Application-9-Service,34400
13178,Application-34,M_Req,missing_destination,59,Application-34-Service,EndDevice-34,Application-34-Service,34400
13187,Application-14,M_Req,missing_destination,39,Application-14-Service,EndDevice-14,Application-14-Service,34400
13191,Application-33,M_Req,missing_destination,58,Application-33-Service,EndDevice-33,Application-33-Service,34500
13192,Application-10,M_Req,missing_destination,35,Application-10-Service,EndDevice-10,Application-10-Service,34500
13195,Application-16,M_Req,missing_destination,41,Application-16-Service,EndDevice-16,Application-16-Service,34500
13207,Application-36,M_Req,missing_destination,61,Application-36-Service,EndDevice-36,Application-36-Service,34500
13208,Application-48,M_Req,missing_destination,73,Application-48-Service,EndDevice-48,Application-48-Service,34500
13213,Application-35,M_Req,missing_destination,60,Application-35-Service,EndDevice-35,Application-35-Service,34500
13225,Application-9,M_Req,missing_destination,34,Application-9-Service,EndDevice-9,Application-9-Service,34500
13226,Application-34,M_Req,missing_destination,59,Application-34-Service,EndDevice-34,Application-34-Service,34500
13235,Application-14,M_Req,missing_destination,39,Application-14-Service,EndDevice-14,Application-14-Service,34500
13239,Application-10,M_Req,missing_destination,35,Application-10-Service,EndDevice-10,Application-10-Service,34600
13242,Application-16,M_Req,missing_destination,41,Application-16-Service,EndDevice-16,Application-16-Service,34600
13253,Application-48,M_Req,missing_destination,73,Application-48-Service,EndDevice-48,Application-48-Service,34600
13268,Application-2,M_Req,missing_destination,27,Application-2-Service,EndDevice-2,Application-2-Service,34700
13274,Application-8,M_Req,missing_destination,33,Application-8-Service,EndDevice-8,Application-8-Service,34700
13277,Application-4,M_Req,missing_destination,29,Application-4-Service,EndDevice-4,Application-4-Service,34700
13287,Application-10,M_Req,missing_destination,35,Application-10-Service,EndDevice-10,Application-10-Service,34700
13290,Application-16,M_Req,missing_destination,41,Application-16-Service,EndDevice-16,Application-16-Service,34700
13301,Application-48,M_Req,missing_destination,73,Application-48-Service,EndDevice-48,Application-48-Service,34700
13302,Application-1,M_Req,missing_destination,26,Application-1-Service,EndDevice-1,Application-1-Service,34700
13310,Application-3,M_Req,missing_destination,28,Application-3-Service,EndDevice-3,Application-3-Service,34700
13316,Application-2,M_Req,missing_destination,27,Application-2-Service,EndDevice-2,Application-2-Service,34800
13321,Application-8,M_Req,missing_destination,33,Application-8-Service,EndDevice-8,Application-8-Service,34800
13324,Application-4,M_Req,missing_destination,29,Application-4-Service,EndDevice-4,Application-4-Service,34800
13333,Application-10,M_Req,missing_destination,35,Application-10-Service,EndDevice-10,Application-10-Service,34800
13335,Application-16,M_Req,missing_destination,41,Application-16-Service,EndDevice-16,Application-16-Service,34800
13364,Application-2,M_Req,missing_destination,27,Application-2-Service,EndDevice-2,Application-2-Service,34900
13369,Application-8,M_Req,missing_destination,33,Application-8-Service,EndDevice-8,Application-8-Service,34900
13372,Application-4,M_Req,missing_destination,29,Application-4-Service,EndDevice-4,Application-4-Service,34900
13381,Application-10,M_Req,missing_destination,35,Application-10-Service,EndDevice-10,Application-10-Service,34900
13383,Application-16,M_Req,missing_destination,41,Application-16-Service,EndDevice-16,Application-16-Service,34900
13392,Application-29,M_Req,missing_destination,54,Application-29-Service,EndDevice-29,Application-29-Service,35000
13395,Application-45,M_Req,missing_destination,70,Application-45-Service,EndDevice-45,Application-45-Service,35000
13400,Application-46,M_Req,missing_destination,71,Application-46-Service,EndDevice-46,Application-46-Service,35000
13405,Application-31,M_Req,missing_destination,56,Application-31-Service,EndDevice-31,Application-31-Service,35000
13407,Application-30,M_Req,missing_destination,55,Application-30-Service,EndDevice-30,Application-30-Service,35000
13408,Application-9,M_Req,missing_destination,34,Application-9-Service,EndDevice-9,Application-9-Service,35000
13409,Application-2,M_Req,missing_destination,27,Application-2-Service,EndDevice-2,Application-2-Service,35000
13413,Application-8,M_Req,missing_destination,33,Application-8-Service,EndDevice-8,Application-8-Service,35000
13416,Application-4,M_Req,missing_destination,29,Application-4-Service,EndDevice-4,Application-4-Service,35000
13428,Application-47,M_Req,missing_destination,72,Application-47-Service,EndDevice-47,Application-47-Service,35100
13440,Application-29,M_Req,missing_destination,54,Application-29-Service,EndDevice-29,Application-29-Service,35100
13443,Application-45,M_Req,missing_destination,70,Application-45-Service,EndDevice-45,Application-45-Service,35100
13448,Application-46,M_Req,missing_destination,71,Application-46-Service,EndDevice-46,Application-46-Service,35100
13453,Application-31,M_Req,missing_destination,56,Application-31-Service,EndDevice-31,Application-31-Service,35100
13455,Application-30,M_Req,missing_destination,55,Application-30-Service,EndDevice-30,Application-30-Service,35100
13456,Application-9,M_Req,missing_destination,34,Application-9-Service,EndDevice-9,Application-9-Service,35100
13457,Application-2,M_Req,missing_destination,27,Application-2-Service,EndDevice-2,Application-2-Service,35100
13461,Application-8,M_Req,missing_destination,33,Application-8-Service,EndDevice-8,Application-8-Service,35100
13464,Application-4,M_Req,missing_destination,29,Application-4-Service,EndDevice-4,Application-4-Service,35100
13499,Application-27,M_Req,missing_destination,52,Application-27-Service,EndDevice-27,Application-27-Service,35300
13501,Application-28,M_Req,missing_destination,53,Application-28-Service,EndDevice-28,Application-28-Service,35300
13508,Application-26,M_Req,missing_destination,51,Application-26-Service,EndDevice-26,Application-26-Service,35300
13510,Application-2,M_Req,missing_destination,27,Application-2-Service,EndDevice-2,Application-2-Service,35300
13512,Application-29,M_Req,missing_destination,54,Application-29-Service,EndDevice-29,Application-29-Service,35300
13513,Application-30,M_Req,missing_destination,55,Application-30-Service,EndDevice-30,Application-30-Service,35300
13532,Application-1,M_Req,missing_destination,26,Application-1-Service,EndDevice-1,Application-1-Service,35300
13533,Application-25,M_Req,missing_destination,50,Application-25-Service,EndDevice-25,Application-25-Service,35300
13537,Application-13,M_Req,missing_destination,38,Application-13-Service,EndDevice-13,Application-13-Service,35300
13546,Application-27,M_Req,missing_destination,52,Application-27-Service,EndDevice-27,Application-27-Service,35400
13548,Application-28,M_Req,missing_destination,53,Application-28-Service,EndDevice-28,Application-28-Service,35400
13555,Application-26,M_Req,missing_destination,51,Application-26-Service,EndDevice-26,Application-26-Service,35400
13556,Application-2,M_Req,missing_destination,27,Application-2-Service,EndDevice-2,Application-2-Service,35400
13557,Application-30,M_Req,missing_destination,55,Application-30-Service,EndDevice-30,Application-30-Service,35400
13605,Application-30,M_Req,missing_destination,55,Application-30-Service,EndDevice-30,Application-30-Service,35500
13628,Application-36,M_Req,missing_destination,61,Application-36-Service,EndDevice-36,Application-36-Service,35600
13630,Application-29,M_Req,missing_destination,54,Application-29-Service,EndDevice-29,Application-29-Service,35600
13632,Application-33,M_Req,missing_destination,58,Application-33-Service,EndDevice-33,Application-33-Service,35600
13633,Application-25,M_Req,missing_destination,50,Application-25-Service,EndDevice-25,Application-25-Service,35600
13634,Application-11,M_Req,missing_destination,36,Application-11-Service,EndDevice-11,Application-11-Service,35600
13640,Application-43,M_Req,missing_destination,68,Application-43-Service,EndDevice-43,Application-43-Service,35600
13643,Application-34,M_Req,missing_destination,59,Application-34-Service,EndDevice-34,Application-34-Service,35600
13644,Application-42,M_Req,missing_destination,67,Application-42-Service,EndDevice-42,Application-42-Service,35600
13648,Application-30,M_Req,missing_destination,55,Application-30-Service,EndDevice-30,Application-30-Service,35600
13653,Application-44,M_Req,missing_destination,69,Application-44-Service,EndDevice-44,Application-44-Service,35700
13676,Application-36,M_Req,missing_destination,61,Application-36-Service,EndDevice-36,Application-36-Service,35700
13678,Application-29,M_Req,missing_destination,54,Application-29-Service,EndDevice-29,Application-29-Service,35700
13680,Application-33,M_Req,missing_destination,58,Application-33-Service,EndDevice-33,Application-33-Service,35700
13681,Application-25,M_Req,missing_destination,50,Application-25-Service,EndDevice-25,Application-25-Service,35700
13682,Application-11,M_Req,missing_destination,36,Application-11-Service,EndDevice-11,Application-11-Service,35700
13688,Application-43,M_Req,missing_destination,68,Application-43-Service,EndDevice-43,Application-43-Service,35700
13691,Application-34,M_Req,missing_destination,59,Application-34-Service,EndDevice-34,Application-34-Service,35700
13692,Application-42,M_Req,missing_destination,67,Application-42-Service,EndDevice-42,Application-42-Service,35700
13696,Application-30,M_Req,missing_destination,55,Application-30-Service,EndDevice-30,Application-30-Service,35700
13701,Application-44,M_Req,missing_destination,69,Application-44-Service,EndDevice-44,Application-44-Service,35800
13721,Application-36,M_Req,missing_destination,61,Application-36-Service,EndDevice-36,Application-36-Service,35800
13723,Application-29,M_Req,missing_destination,54,Application-29-Service,EndDevice-29,Application-29-Service,35800
13725,Application-33,M_Req,missing_destination,58,Application-33-Service,EndDevice-33,Application-33-Service,35800
13726,Application-25,M_Req,missing_destination,50,Application-25-Service,EndDevice-25,Application-25-Service,35800
13728,Application-39,M_Req,missing_destination,64,Application-39-Service,EndDevice-39,Application-39-Service,35900
13730,Application-40,M_Req,missing_destination,65,Application-40-Service,EndDevice-40,Application-40-Service,35900
13737,Application-37,M_Req,missing_destination,62,Application-37-Service,EndDevice-37,Application-37-Service,35900
13738,Application-38,M_Req,missing_destination,63,Application-38-Service,EndDevice-38,Application-38-Service,35900
13739,Application-42,M_Req,missing_destination,67,Application-42-Service,EndDevice-42,Application-42-Service,35900
13749,Application-44,M_Req,missing_destination,69,Application-44-Service,EndDevice-44,Application-44-Service,35900
13769,Application-36,M_Req,missing_destination,61,Application-36-Service,EndDevice-36,Application-36-Service,35900
13771,Application-29,M_Req,missing_destination,54,Application-29-Service,EndDevice-29,Application-29-Service,35900
13773,Application-33,M_Req,missing_destination,58,Application-33-Service,EndDevice-33,Application-33-Service,35900
13774,Application-25,M_Req,missing_destination,50,Application-25-Service,EndDevice-25,Application-25-Service,35900
13776,Application-39,M_Req,missing_destination,64,Application-39-Service,EndDevice-39,Application-39-Service,36000
13777,Application-40,M_Req,missing_destination,65,Application-40-Service,EndDevice-40,Application-40-Service,36000
13782,Application-37,M_Req,missing_destination,62,Application-37-Service,EndDevice-37,Application-37-Service,36000
13783,Application-38,M_Req,missing_destination,63,Application-38-Service,EndDevice-38,Application-38-Service,36000
13784,Application-42,M_Req,missing_destination,67,Application-42-Service,EndDevice-42,Application-42-Service,36000
13793,Application-44,M_Req,missing_destination,69,Application-44-Service,EndDevice-44,Application-44-Service,36000
13841,Application-44,M_Req,missing_destination,69,Application-44-Service,EndDevice-44,Application-44-Service,36100
13858,Application-33,M_Req,missing_destination,58,Application-33-Service,EndDevice-33,Application-33-Service,36200
13859,Application-25,M_Req,missing_destination,50,Application-25-Service,EndDevice-25,Application-25-Service,36200
13861,Application-27,M_Req,missing_destination,52,Application-27-Service,EndDevice-27,Application-27-Service,36200
13868,Application-28,M_Req,missing_destination,53,Application-28-Service,EndDevice-28,Application-28-Service,36200
13869,Application-26,M_Req,missing_destination,51,Application-26-Service,EndDevice-26,Application-26-Service,36200
13870,Application-2,M_Req,missing_destination,27,Application-2-Service,EndDevice-2,Application-2-Service,36200
13879,Application-43,M_Req,missing_destination,68,Application-43-Service,EndDevice-43,Application-43-Service,36200
13882,Application-44,M_Req,missing_destination,69,Application-44-Service,EndDevice-44,Application-44-Service,36300
13906,Application-33,M_Req,missing_destination,58,Application-33-Service,EndDevice-33,Application-33-Service,36300
13907,Application-25,M_Req,missing_destination,50,Application-25-Service,EndDevice-25,Application-25-Service,36300
13909,Application-27,M_Req,missing_destination,52,Application-27-Service,EndDevice-27,Application-27-Service,36300
13916,Application-28,M_Req,missing_destination,53,Application-28-Service,EndDevice-28,Application-28-Service,36300
13917,Application-26,M_Req,missing_destination,51,Application-26-Service,EndDevice-26,Application-26-Service,36300
13918,Application-2,M_Req,missing_destination,27,Application-2-Service,EndDevice-2,Application-2-Service,36300
13927,Application-43,M_Req,missing_destination,68,Application-43-Service,EndDevice-43,Application-43-Service,36300
13950,Application-25,M_Req,missing_destination,50,Application-25-Service,EndDevice-25,Application-25-Service,36400
13952,Application-27,M_Req,missing_destination,52,Application-27-Service,EndDevice-27,Application-27-Service,36400
13958,Application-28,M_Req,missing_destination,53,Application-28-Service,EndDevice-28,Application-28-Service,36500
13965,Application-34,M_Req,missing_destination,59,Application-34-Service,EndDevice-34,Application-34-Service,36500
13966,Application-43,M_Req,missing_destination,68,Application-43-Service,EndDevice-43,Application-43-Service,36500
13968,Application-36,M_Req,missing_destination,61,Application-36-Service,EndDevice-36,Application-36-Service,36500
13972,Application-4,M_Req,missing_destination,29,Application-4-Service,EndDevice-4,Application-4-Service,36500
13984,Application-23,M_Req,missing_destination,48,Application-23-Service,EndDevice-23,Application-23-Service,36500
13986,Application-24,M_Req,missing_destination,49,Application-24-Service,EndDevice-24,Application-24-Service,36500
13990,Application-1,M_Req,missing_destination,26,Application-1-Service,EndDevice-1,Application-1-Service,36500
13996,Application-21,M_Req,missing_destination,46,Application-21-Service,EndDevice-21,Application-21-Service,36500
13998,Application-25,M_Req,missing_destination,50,Application-25-Service,EndDevice-25,Application-25-Service,36500
14000,Application-27,M_Req,missing_destination,52,Application-27-Service,EndDevice-27,Application-27-Service,36500
14001,Application-22,M_Req,missing_destination,47,Application-22-Service,EndDevice-22,Application-22-Service,36500
14006,Application-28,M_Req,missing_destination,53,Application-28-Service,EndDevice-28,Application-28-Service,36600
14011,Application-34,M_Req,missing_destination,59,Application-34-Service,EndDevice-34,Application-34-Service,36600
14012,Application-43,M_Req,missing_destination,68,Application-43-Service,EndDevice-43,Application-43-Service,36600
14014,Application-36,M_Req,missing_destination,61,Application-36-Service,EndDevice-36,Application-36-Service,36600
14018,Application-4,M_Req,missing_destination,29,Application-4-Service,EndDevice-4,Application-4-Service,36600
14028,Application-23,M_Req,missing_destination,48,Application-23-Service,EndDevice-23,Application-23-Service,36600
14032,Application-1,M_Req,missing_destination,26,Application-1-Service,EndDevice-1,Application-1-Service,36600
14059,Application-34,M_Req,missing_destination,59,Application-34-Service,EndDevice-34,Application-34-Service,36700
14060,Application-43,M_Req,missing_destination,68,Application-43-Service,EndDevice-43,Application-43-Service,36700
14062,Application-36,M_Req,missing_destination,61,Application-36-Service,EndDevice-36,Application-36-Service,36700
14085,Application-8,M_Req,missing_destination,33,Application-8-Service,EndDevice-8,Application-8-Service,36800
14091,Application-20,M_Req,missing_destination,45,Application-20-Service,EndDevice-20,Application-20-Service,36800
14094,Application-24,M_Req,missing_destination,49,Application-24-Service,EndDevice-24,Application-24-Service,36800
14102,Application-36,M_Req,missing_destination,61,Application-36-Service,EndDevice-36,Application-36-Service,36800
14113,Application-7,M_Req,missing_destination,32,Application-7-Service,EndDevice-7,Application-7-Service,36900
14114,Application-6,M_Req,missing_destination,31,Application-6-Service,EndDevice-6,Application-6-Service,36900
14117,Application-19,M_Req,missing_destination,44,Application-19-Service,EndDevice-19,Application-19-Service,36900
14118,Application-18,M_Req,missing_destination,43,Application-18-Service,EndDevice-18,Application-18-Service,36900
14120,Application-17,M_Req,missing_destination,42,Application-17-Service,EndDevice-17,Application-17-Service,36900
14133,Application-8,M_Req,missing_destination,33,Application-8-Service,EndDevice-8,Application-8-Service,36900
14139,Application-20,M_Req,missing_destination,45,Application-20-Service,EndDevice-20,Application-20-Service,36900
14142,Application-24,M_Req,missing_destination,49,Application-24-Service,EndDevice-24,Application-24-Service,36900
14150,Application-36,M_Req,missing_destination,61,Application-36-Service,EndDevice-36,Application-36-Service,36900
14188,Application-11,M_Req,missing_destination,36,Application-11-Service,EndDevice-11,Application-11-Service,37100
14191,Application-10,M_Req,missing_destination,35,Application-10-Service,EndDevice-10,Application-10-Service,37100
14205,Application-24,M_Req,missing_destination,49,Application-24-Service,EndDevice-24,Application-24-Service,37100
14208,Application-23,M_Req,missing_destination,48,Application-23-Service,EndDevice-23,Application-23-Service,37100
14209,Application-9,M_Req,missing_destination,34,Application-9-Service,EndDevice-9,Application-9-Service,37100
14219,Application-21,M_Req,missing_destination,46,Application-21-Service,EndDevice-21,Application-21-Service,37100
14227,Application-12,M_Req,missing_destination,37,Application-12-Service,EndDevice-12,Application-12-Service,37100
14235,Application-11,M_Req,missing_destination,36,Application-11-Service,EndDevice-11,Application-11-Service,37200
14238,Application-10,M_Req,missing_destination,35,Application-10-Service,EndDevice-10,Application-10-Service,37200
14248,Application-24,M_Req,missing_destination,49,Application-24-Service,EndDevice-24,Application-24-Service,37200
14250,Application-23,M_Req,missing_destination,48,Application-23-Service,EndDevice-23,Application-23-Service,37200
14283,Application-11,M_Req,missing_destination,36,Application-11-Service,EndDevice-11,Application-11-Service,37300
14286,Application-10,M_Req,missing_destination,35,Application-10-Service,EndDevice-10,Application-10-Service,37300
14296,Application-24,M_Req,missing_destination,49,Application-24-Service,EndDevice-24,Application-24-Service,37300
14298,Application-23,M_Req,missing_destination,48,Application-23-Service,EndDevice-23,Application-23-Service,37300
14313,Application-12,M_Req,missing_destination,37,Application-12-Service,EndDevice-12,Application-12-Service,37400
14322,Application-13,M_Req,missing_destination,38,Application-13-Service,EndDevice-13,Application-13-Service,37400
14325,Application-2,M_Req,missing_destination,27,Application-2-Service,EndDevice-2,Application-2-Service,37400
14326,Application-11,M_Req,missing_destination,36,Application-11-Service,EndDevice-11,Application-11-Service,37400
14328,Application-10,M_Req,missing_destination,35,Application-10-Service,EndDevice-10,Application-10-Service,37400
14330,Application-4,M_Req,missing_destination,29,Application-4-Service,EndDevice-4,Application-4-Service,37400
14337,Application-24,M_Req,missing_destination,49,Application-24-Service,EndDevice-24,Application-24-Service,37400
14343,Application-14,M_Req,missing_destination,39,Application-14-Service,EndDevice-14,Application-14-Service,37500
14361,Application-12,M_Req,missing_destination,37,Application-12-Service,EndDevice-12,Application-12-Service,37500
14370,Application-13,M_Req,missing_destination,38,Application-13-Service,EndDevice-13,Application-13-Service,37500
14373,Application-2,M_Req,missing_destination,27,Application-2-Service,EndDevice-2,Application-2-Service,37500
14374,Application-11,M_Req,missing_destination,36,Application-11-Service,EndDevice-11,Application-11-Service,37500
14376,Application-10,M_Req,missing_destination,35,Application-10-Service,EndDevice-10,Application-10-Service,37500
14378,Application-4,M_Req,missing_destination,29,Application-4-Service,EndDevice-4,Application-4-Service,37500
14385,Application-24,M_Req,missing_destination,49,Application-24-Service,EndDevice-24,Application-24-Service,37500
14405,Application-12,M_Req,missing_destination,37,Application-12-Service,EndDevice-12,Application-12-Service,37600
14410,Application-13,M_Req,missing_destination,38,Application-13-Service,EndDevice-13,Application-13-Service,37600
14413,Application-2,M_Req,missing_destination,27,Application-2-Service,EndDevice-2,Application-2-Service,37700
14414,Application-11,M_Req,missing_destination,36,Application-11-Service,EndDevice-11,Application-11-Service,37700
14415,Application-10,M_Req,missing_destination,35,Application-10-Service,EndDevice-10,Application-10-Service,37700
14417,Application-4,M_Req,missing_destination,29,Application-4-Service,EndDevice-4,Application-4-Service,37700
14419,Application-44,M_Req,missing_destination,69,Application-44-Service,EndDevice-44,Application-44-Service,37700
14420,Application-42,M_Req,missing_destination,67,Application-42-Service,EndDevice-42,Application-42-Service,37700
14423,Application-43,M_Req,missing_destination,68,Application-43-Service,EndDevice-43,Application-43-Service,37700
14430,Application-41,M_Req,missing_destination,66,Application-41-Service,EndDevice-41,Application-41-Service,37700
14435,Application-23,M_Req,missing_destination,48,Application-23-Service,EndDevice-23,Application-23-Service,37700
14453,Application-12,M_Req,missing_destination,37,Application-12-Service,EndDevice-12,Application-12-Service,37700
14457,Application-9,M_Req,missing_destination,34,Application-9-Service,EndDevice-9,Application-9-Service,37700
14458,Application-13,M_Req,missing_destination,38,Application-13-Service,EndDevice-13,Application-13-Service,37700
14461,Application-11,M_Req,missing_destination,36,Application-11-Service,EndDevice-11,Application-11-Service,37800
14462,Application-10,M_Req,missing_destination,35,Application-10-Service,EndDevice-10,Application-10-Service,37800
14464,Application-4,M_Req,missing_destination,29,Application-4-Service,EndDevice-4,Application-4-Service,37800
14466,Application-44,M_Req,missing_destination,69,Application-44-Service,EndDevice-44,Application-44-Service,37800
14468,Application-43,M_Req,missing_destination,68,Application-43-Service,EndDevice-43,Application-43-Service,37800
14475,Application-41,M_Req,missing_destination,66,Application-41-Service,EndDevice-41,Application-41-Service,37800
14480,Application-23,M_Req,missing_destination,48,Application-23-Service,EndDevice-23,Application-23-Service,37800
14545,Application-1,M_Req,missing_destination,26,Application-1-Service,EndDevice-1,Application-1-Service,38000
14550,Application-15,M_Req,missing_destination,40,Application-15-Service,EndDevice-15,Application-15-Service,38000
14558,Application-6,M_Req,missing_destination,31,Application-6-Service,EndDevice-6,Application-6-Service,38000
14568,Application-5,M_Req,missing_destination,30,Application-5-Service,EndDevice-5,Application-5-Service,38000
14569,Application-47,M_Req,missing_destination,72,Application-47-Service,EndDevice-47,Application-47-Service,38100
14572,Application-46,M_Req,missing_destination,71,Application-46-Service,EndDevice-46,Application-46-Service,38100
14573,Application-48,M_Req,missing_destination,73,Application-48-Service,EndDevice-48,Application-48-Service,38100
14574,Application-8,M_Req,missing_destination,33,Application-8-Service,EndDevice-8,Application-8-Service,38100
14593,Application-1,M_Req,missing_destination,26,Application-1-Service,EndDevice-1,Application-1-Service,38100
14598,Application-15,M_Req,missing_destination,40,Application-15-Service,EndDevice-15,Application-15-Service,38100
14606,Application-6,M_Req,missing_destination,31,Application-6-Service,EndDevice-6,Application-6-Service,38100
14616,Application-5,M_Req,missing_destination,30,Application-5-Service,EndDevice-5,Application-5-Service,38100
14622,Application-8,M_Req,missing_destination,33,Application-8-Service,EndDevice-8,Application-8-Service,38200
14644,Application-40,M_Req,missing_destination,65,Application-40-Service,EndDevice-40,Application-40-Service,38300
14646,Application-38,M_Req,missing_destination,63,Application-38-Service,EndDevice-38,Application-38-Service,38300
14650,Application-36,M_Req,missing_destination,61,Application-36-Service,EndDevice-36,Application-36-Service,38300
14659,Application-39,M_Req,missing_destination,64,Application-39-Service,EndDevice-39,Application-39-Service,38300
14660,Application-22,M_Req,missing_destination,47,Application-22-Service,EndDevice-22,Application-22-Service,38300
14670,Application-8,M_Req,missing_destination,33,Application-8-Service,EndDevice-8,Application-8-Service,38300
14671,Application-16,M_Req,missing_destination,41,Application-16-Service,EndDevice-16,Application-16-Service,38300
14677,Application-37,M_Req,missing_destination,62,Application-37-Service,EndDevice-37,Application-37-Service,38300
14678,Application-35,M_Req,missing_destination,60,Application-35-Service,EndDevice-35,Application-35-Service,38300
14679,Application-33,M_Req,missing_destination,58,Application-33-Service,EndDevice-33,Application-33-Service,38300
14685,Application-13,M_Req,missing_destination,38,Application-13-Service,EndDevice-13,Application-13-Service,38300
14688,Application-34,M_Req,missing_destination,59,Application-34-Service,EndDevice-34,Application-34-Service,38300
14692,Application-40,M_Req,missing_destination,65,Application-40-Service,EndDevice-40,Application-40-Service,38400
14694,Application-38,M_Req,missing_destination,63,Application-38-Service,EndDevice-38,Application-38-Service,38400
14698,Application-36,M_Req,missing_destination,61,Application-36-Service,EndDevice-36,Application-36-Service,38400
14707,Application-39,M_Req,missing_destination,64,Application-39-Service,EndDevice-39,Application-39-Service,38400
14708,Application-22,M_Req,missing_destination,47,Application-22-Service,EndDevice-22,Application-22-Service,38400
14715,Application-8,M_Req,missing_destination,33,Application-8-Service,EndDevice-8,Application-8-Service,38400
14719,Application-37,M_Req,missing_destination,62,Application-37-Service,EndDevice-37,Application-37-Service,38400
14746,Application-36,M_Req,missing_destination,61,Application-36-Service,EndDevice-36,Application-36-Service,38500
14779,Application-35,M_Req,missing_destination,60,Application-35-Service,EndDevice-35,Application-35-Service,38600
14786,Application-38,M_Req,missing_destination,63,Application-38-Service,EndDevice-38,Application-38-Service,38600
14790,Application-36,M_Req,missing_destination,61,Application-36-Service,EndDevice-36,Application-36-Service,38600
14794,Application-39,M_Req,missing_destination,64,Application-39-Service,EndDevice-39,Application-39-Service,38600
14795,Application-22,M_Req,missing_destination,47,Application-22-Service,EndDevice-22,Application-22-Service,38600
14797,Application-47,M_Req,missing_destination,72,Application-47-Service,EndDevice-47,Application-47-Service,38700
14800,Application-46,M_Req,missing_destination,71,Application-46-Service,EndDevice-46,Application-46-Service,38700
14801,Application-48,M_Req,missing_destination,73,Application-48-Service,EndDevice-48,Application-48-Service,38700
14803,Application-45,M_Req,missing_destination,70,Application-45-Service,EndDevice-45,Application-45-Service,38700
14806,Application-37,M_Req,missing_destination,62,Application-37-Service,EndDevice-37,Application-37-Service,38700
14827,Application-35,M_Req,missing_destination,60,Application-35-Service,EndDevice-35,Application-35-Service,38700
14834,Application-38,M_Req,missing_destination,63,Application-38-Service,EndDevice-38,Application-38-Service,38700
14838,Application-36,M_Req,missing_destination,61,Application-36-Service,EndDevice-36,Application-36-Service,38700
14842,Application-39,M_Req,missing_destination,64,Application-39-Service,EndDevice-39,Application-39-Service,38700
14843,Application-22,M_Req,missing_destination,47,Application-22-Service,EndDevice-22,Application-22-Service,38700
14854,Application-37,M_Req,missing_destination,62,Application-37-Service,EndDevice-37,Application-37-Service,38800
14885,Application-38,M_Req,missing_destination,63,Application-38-Service,EndDevice-38,Application-38-Service,38900
14893,Application-47,M_Req,missing_destination,72,Application-47-Service,EndDevice-47,Application-47-Service,38900
14896,Application-46,M_Req,missing_destination,71,Application-46-Service,EndDevice-46,Application-46-Service,38900
14897,Application-48,M_Req,missing_destination,73,Application-48-Service,EndDevice-48,Application-48-Service,38900
14899,Application-45,M_Req,missing_destination,70,Application-45-Service,EndDevice-45,Application-45-Service,38900
14900,Application-17,M_Req,missing_destination,42,Application-17-Service,EndDevice-17,Application-17-Service,38900
14902,Application-37,M_Req,missing_destination,62,Application-37-Service,EndDevice-37,Application-37-Service,38900
14906,Application-18,M_Req,missing_destination,43,Application-18-Service,EndDevice-18,Application-18-Service,38900
14908,Application-21,M_Req,missing_destination,46,Application-21-Service,EndDevice-21,Application-21-Service,38900
14912,Application-20,M_Req,missing_destination,45,Application-20-Service,EndDevice-20,Application-20-Service,38900
14915,Application-19,M_Req,missing_destination,44,Application-19-Service,EndDevice-19,Application-19-Service,38900
14918,Application-35,M_Req,missing_destination,60,Application-35-Service,EndDevice-35,Application-35-Service,38900
14931,Application-38,M_Req,missing_destination,63,Application-38-Service,EndDevice-38,Application-38-Service,39000
14938,Application-47,M_Req,missing_destination,72,Application-47-Service,EndDevice-47,Application-47-Service,39000
14940,Application-46,M_Req,missing_destination,71,Application-46-Service,EndDevice-46,Application-46-Service,39000
14943,Application-37,M_Req,missing_destination,62,Application-37-Service,EndDevice-37,Application-37-Service,39000
14947,Application-18,M_Req,missing_destination,43,Application-18-Service,EndDevice-18,Application-18-Service,39000
14949,Application-21,M_Req,missing_destination,46,Application-21-Service,EndDevice-21,Application-21-Service,39000
14995,Application-18,M_Req,missing_destination,43,Application-18-Service,EndDevice-18,Application-18-Service,39100
14997,Application-21,M_Req,missing_destination,46,Application-21-Service,EndDevice-21,Application-21-Service,39100
14999,Application-25,M_Req,missing_destination,50,Application-25-Service,EndDevice-25,Application-25-Service,39200
15001,Application-20,M_Req,missing_destination,45,Application-20-Service,EndDevice-20,Application-20-Service,39200
15016,Application-6,M_Req,missing_destination,31,Application-6-Service,EndDevice-6,Application-6-Service,39200
15020,Application-28,M_Req,missing_destination,53,Application-28-Service,EndDevice-28,Application-28-Service,39200
15024,Application-5,M_Req,missing_destination,30,Application-5-Service,EndDevice-5,Application-5-Service,39200
15025,Application-26,M_Req,missing_destination,51,Application-26-Service,EndDevice-26,Application-26-Service,39200
15028,Application-27,M_Req,missing_destination,52,Application-27-Service,EndDevice-27,Application-27-Service,39300
15030,Application-8,M_Req,missing_destination,33,Application-8-Service,EndDevice-8,Application-8-Service,39300
15031,Application-7,M_Req,missing_destination,32,Application-7-Service,EndDevice-7,Application-7-Service,39300
15047,Application-25,M_Req,missing_destination,50,Application-25-Service,EndDevice-25,Application-25-Service,39300
15049,Application-20,M_Req,missing_destination,45,Application-20-Service,EndDevice-20,Application-20-Service,39300
15064,Application-6,M_Req,missing_destination,31,Application-6-Service,EndDevice-6,Application-6-Service,39300
15068,Application-28,M_Req,missing_destination,53,Application-28-Service,EndDevice-28,Application-28-Service,39300
15072,Application-5,M_Req,missing_destination,30,Application-5-Service,EndDevice-5,Application-5-Service,39300
15073,Application-26,M_Req,missing_destination,51,Application-26-Service,EndDevice-26,Application-26-Service,39300
15077,Application-8,M_Req,missing_destination,33,Application-8-Service,EndDevice-8,Application-8-Service,39400
15078,Application-7,M_Req,missing_destination,32,Application-7-Service,EndDevice-7,Application-7-Service,39400
15092,Application-20,M_Req,missing_destination,45,Application-20-Service,EndDevice-20,Application-20-Service,39400
15105,Application-4,M_Req,missing_destination,29,Application-4-Service,EndDevice-4,Application-4-Service,39500
15114,Application-2,M_Req,missing_destination,27,Application-2-Service,EndDevice-2,Application-2-Service,39500
15123,Application-27,M_Req,missing_destination,52,Application-27-Service,EndDevice-27,Application-27-Service,39500
15125,Application-8,M_Req,missing_destination,33,Application-8-Service,EndDevice-8,Application-8-Service,39500
15126,Application-7,M_Req,missing_destination,32,Application-7-Service,EndDevice-7,Application-7-Service,39500
15128,Application-18,M_Req,missing_destination,43,Application-18-Service,EndDevice-18,Application-18-Service,39500
15133,Application-23,M_Req,missing_destination,48,Application-23-Service,EndDevice-23,Application-23-Service,39500
15138,Application-25,M_Req,missing_destination,50,Application-25-Service,EndDevice-25,Application-25-Service,39500
15139,Application-3,M_Req,missing_destination,28,Application-3-Service,EndDevice-3,Application-3-Service,39500
15140,Application-20,M_Req,missing_destination,45,Application-20-Service,EndDevice-20,Application-20-Service,39500
15141,Application-1,M_Req,missing_destination,26,Application-1-Service,EndDevice-1,Application-1-Service,39500
15148,Application-17,M_Req,missing_destination,42,Application-17-Service,EndDevice-17,Application-17-Service,39500
15160,Application-2,M_Req,missing_destination,27,Application-2-Service,EndDevice-2,Application-2-Service,39600
15167,Application-27,M_Req,missing_destination,52,Application-27-Service,EndDevice-27,Application-27-Service,39600
15169,Application-8,M_Req,missing_destination,33,Application-8-Service,EndDevice-8,Application-8-Service,39600
15170,Application-7,M_Req,missing_destination,32,Application-7-Service,EndDevice-7,Application-7-Service,39600
15172,Application-18,M_Req,missing_destination,43,Application-18-Service,EndDevice-18,Application-18-Service,39600
15176,Application-23,M_Req,missing_destination,48,Application-23-Service,EndDevice-23,Application-23-Service,39600
15208,Application-2,M_Req,missing_destination,27,Application-2-Service,EndDevice-2,Application-2-Service,39700
15220,Application-18,M_Req,missing_destination,43,Application-18-Service,EndDevice-18,Application-18-Service,39700
15224,Application-23,M_Req,missing_destination,48,Application-23-Service,EndDevice-23,Application-23-Service,39700
15231,Application-42,M_Req,missing_destination,67,Application-42-Service,EndDevice-42,Application-42-Service,39800
15238,Application-43,M_Req,missing_destination,68,Application-43-Service,EndDevice-43,Application-43-Service,39800
15239,Application-4,M_Req,missing_destination,29,Application-4-Service,EndDevice-4,Application-4-Service,39800
15244,Application-14,M_Req,missing_destination,39,Application-14-Service,EndDevice-14,Application-14-Service,39800
15251,Application-26,M_Req,missing_destination,51,Application-26-Service,EndDevice-26,Application-26-Service,39800
15252,Application-2,M_Req,missing_destination,27,Application-2-Service,EndDevice-2,Application-2-Service,39800
15256,Application-41,M_Req,missing_destination,66,Application-41-Service,EndDevice-41,Application-41-Service,39800
15262,Application-15,M_Req,missing_destination,40,Application-15-Service,EndDevice-15,Application-15-Service,39900
15263,Application-44,M_Req,missing_destination,69,Application-44-Service,EndDevice-44,Application-44-Service,39900
15265,Application-13,M_Req,missing_destination,38,Application-13-Service,EndDevice-13,Application-13-Service,39900
15279,Application-42,M_Req,missing_destination,67,Application-42-Service,EndDevice-42,Application-42-Service,39900
15286,Application-43,M_Req,missing_destination,68,Application-43-Service,EndDevice-43,Application-43-Service,39900
15287,Application-4,M_Req,missing_destination,29,Application-4-Service,EndDevice-4,Application-4-Service,39900
15292,Application-14,M_Req,missing_destination,39,Application-14-Service,EndDevice-14,Application-14-Service,39900
15299,Application-26,M_Req,missing_destination,51,Application-26-Service,EndDevice-26,Application-26-Service,39900
15300,Application-2,M_Req,missing_destination,27,Application-2-Service,EndDevice-2,Application-2-Service,39900
15304,Application-41,M_Req,missing_destination,66,Application-41-Service,EndDevice-41,Application-41-Service,39900
15309,Application-15,M_Req,missing_destination,40,Application-15-Service,EndDevice-15,Application-15-Service,40000
15312,Application-13,M_Req,missing_destination,38,Application-13-Service,EndDevice-13,Application-13-Service,40000
15340,Application-2,M_Req,missing_destination,27,Application-2-Service,EndDevice-2,Application-2-Service,40100
15343,Application-41,M_Req,missing_destination,66,Application-41-Service,EndDevice-41,Application-41-Service,40100
15347,Application-21,M_Req,missing_destination,46,Application-21-Service,EndDevice-21,Application-21-Service,40100
15350,Application-24,M_Req,missing_destination,49,Application-24-Service,EndDevice-24,Application-24-Service,40100
15357,Application-15,M_Req,missing_destination,40,Application-15-Service,EndDevice-15,Application-15-Service,40100
15359,Application-23,M_Req,missing_destination,48,Application-23-Service,EndDevice-23,Application-23-Service,40100
15360,Application-13,M_Req,missing_destination,38,Application-13-Service,EndDevice-13,Application-13-Service,40100
15365,Application-18,M_Req,missing_destination,43,Application-18-Service,EndDevice-18,Application-18-Service,40100
15366,Application-33,M_Req,missing_destination,58,Application-33-Service,EndDevice-33,Application-33-Service,40100
15367,Application-22,M_Req,missing_destination,47,Application-22-Service,EndDevice-22,Application-22-Service,40100
15370,Application-20,M_Req,missing_destination,45,Application-20-Service,EndDevice-20,Application-20-Service,40100
15374,Application-35,M_Req,missing_destination,60,Application-35-Service,EndDevice-35,Application-35-Service,40100
15378,Application-34,M_Req,missing_destination,59,Application-34-Service,EndDevice-34,Application-34-Service,40100
15381,Application-36,M_Req,missing_destination,61,Application-36-Service,EndDevice-36,Application-36-Service,40100
15391,Application-21,M_Req,missing_destination,46,Application-21-Service,EndDevice-21,Application-21-Service,40200
15394,Application-24,M_Req,missing_destination,49,Application-24-Service,EndDevice-24,Application-24-Service,40200
15399,Application-15,M_Req,missing_destination,40,Application-15-Service,EndDevice-15,Application-15-Service,40200
15401,Application-23,M_Req,missing_destination,48,Application-23-Service,EndDevice-23,Application-23-Service,40200
15402,Application-13,M_Req,missing_destination,38,Application-13-Service,EndDevice-13,Application-13-Service,40200
15406,Application-18,M_Req,missing_destination,43,Application-18-Service,EndDevice-18,Application-18-Service,40200
15407,Application-33,M_Req,missing_destination,58,Application-33-Service,EndDevice-33,Application-33-Service,40200
15408,Application-22,M_Req,missing_destination,47,Application-22-Service,EndDevice-22,Application-22-Service,40200
15439,Application-21,M_Req,missing_destination,46,Application-21-Service,EndDevice-21,Application-21-Service,40300
15442,Application-24,M_Req,missing_destination,49,Application-24-Service,EndDevice-24,Application-24-Service,40300
15447,Application-15,M_Req,missing_destination,40,Application-15-Service,EndDevice-15,Application-15-Service,40300
15449,Application-23,M_Req,missing_destination,48,Application-23-Service,EndDevice-23,Application-23-Service,40300
15450,Application-13,M_Req,missing_destination,38,Application-13-Service,EndDevice-13,Application-13-Service,40300
15454,Application-18,M_Req,missing_destination,43,Application-18-Service,EndDevice-18,Application-18-Service,40300
15456,Application-22,M_Req,missing_destination,47,Application-22-Service,EndDevice-22,Application-22-Service,40300
15458,Application-20,M_Req,missing_destination,45,Application-20-Service,EndDevice-20,Application-20-Service,40400
15460,Application-19,M_Req,missing_destination,44,Application-19-Service,EndDevice-19,Application-19-Service,40400
15461,Application-42,M_Req,missing_destination,67,Application-42-Service,EndDevice-42,Application-42-Service,40400
15464,Application-43,M_Req,missing_destination,68,Application-43-Service,EndDevice-43,Application-43-Service,40400
15467,Application-41,M_Req,missing_destination,66,Application-41-Service,EndDevice-41,Application-41-Service,40400
15470,Application-2,M_Req,missing_destination,27,Application-2-Service,EndDevice-2,Application-2-Service,40400
15481,Application-17,M_Req,missing_destination,42,Application-17-Service,EndDevice-17,Application-17-Service,40400
15482,Application-21,M_Req,missing_destination,46,Application-21-Service,EndDevice-21,Application-21-Service,40400
15484,Application-24,M_Req,missing_destination,49,Application-24-Service,EndDevice-24,Application-24-Service,40400
15487,Application-44,M_Req,missing_destination,69,Application-44-Service,EndDevice-44,Application-44-Service,40500
15489,Application-13,M_Req,missing_destination,38,Application-13-Service,EndDevice-13,Application-13-Service,40500
15493,Application-18,M_Req,missing_destination,43,Application-18-Service,EndDevice-18,Application-18-Service,40500
15496,Application-16,M_Req,missing_destination,41,Application-16-Service,EndDevice-16,Application-16-Service,40500
15506,Application-20,M_Req,missing_destination,45,Application-20-Service,EndDevice-20,Application-20-Service,40500
15508,Application-19,M_Req,missing_destination,44,Application-19-Service,EndDevice-19,Application-19-Service,40500
15509,Application-42,M_Req,missing_destination,67,Application-42-Service,EndDevice-42,Application-42-Service,40500
15512,Application-43,M_Req,missing_destination,68,Application-43-Service,EndDevice-43,Application-43-Service,40500
15515,Application-41,M_Req,missing_destination,66,Application-41-Service,EndDevice-41,Application-41-Service,40500
15518,Application-2,M_Req,missing_destination,27,Application-2-Service,EndDevice-2,Application-2-Service,40500
15529,Application-17,M_Req,missing_destination,42,Application-17-Service,EndDevice-17,Application-17-Service,40500
15530,Application-21,M_Req,missing_destination,46,Application-21-Service,EndDevice-21,Application-21-Service,40500
15532,Application-24,M_Req,missing_destination,49,Application-24-Service,EndDevice-24,Application-24-Service,40500
15536,Application-13,M_Req,missing_destination,38,Application-13-Service,EndDevice-13,Application-13-Service,40600
15539,Application-18,M_Req,missing_destination,43,Application-18-Service,EndDevice-18,Application-18-Service,40600
15548,Application-20,M_Req,missing_destination,45,Application-20-Service,EndDevice-20,Application-20-Service,40600
15550,Application-19,M_Req,missing_destination,44,Application-19-Service,EndDevice-19,Application-19-Service,40600
15559,Application-2,M_Req,missing_destination,27,Application-2-Service,EndDevice-2,Application-2-Service,40600
15574,Application-24,M_Req,missing_destination,49,Application-24-Service,EndDevice-24,Application-24-Service,40700
15576,Application-6,M_Req,missing_destination,31,Application-6-Service,EndDevice-6,Application-6-Service,40700
15577,Application-8,M_Req,missing_destination,33,Application-8-Service,EndDevice-8,Application-8-Service,40700
15581,Application-7,M_Req,missing_destination,32,Application-7-Service,EndDevice-7,Application-7-Service,40700
15583,Application-23,M_Req,missing_destination,48,Application-23-Service,EndDevice-23,Application-23-Service,40700
15584,Application-13,M_Req,missing_destination,38,Application-13-Service,EndDevice-13,Application-13-Service,40700
15587,Application-18,M_Req,missing_destination,43,Application-18-Service,EndDevice-18,Application-18-Service,40700
15589,Application-22,M_Req,missing_destination,47,Application-22-Service,EndDevice-22,Application-22-Service,40700
15596,Application-20,M_Req,missing_destination,45,Application-20-Service,EndDevice-20,Application-20-Service,40700
15597,Application-1,M_Req,missing_destination,26,Application-1-Service,EndDevice-1,Application-1-Service,40700
15598,Application-19,M_Req,missing_destination,44,Application-19-Service,EndDevice-19,Application-19-Service,40700
15607,Application-2,M_Req,missing_destination,27,Application-2-Service,EndDevice-2,Application-2-Service,40700
15611,Application-5,M_Req,missing_destination,30,Application-5-Service,EndDevice-5,Application-5-Service,40700
15619,Application-24,M_Req,missing_destination,49,Application-24-Service,EndDevice-24,Application-24-Service,40800
15621,Application-6,M_Req,missing_destination,31,Application-6-Service,EndDevice-6,Application-6-Service,40800
15622,Application-8,M_Req,missing_destination,33,Application-8-Service,EndDevice-8,Application-8-Service,40800
15625,Application-7,M_Req,missing_destination,32,Application-7-Service,EndDevice-7,Application-7-Service,40800
15627,Application-23,M_Req,missing_destination,48,Application-23-Service,EndDevice-23,Application-23-Service,40800
15628,Application-13,M_Req,missing_destination,38,Application-13-Service,EndDevice-13,Application-13-Service,40800
15630,Application-18,M_Req,missing_destination,43,Application-18-Service,EndDevice-18,Application-18-Service,40800
15632,Application-22,M_Req,missing_destination,47,Application-22-Service,EndDevice-22,Application-22-Service,40800
15669,Application-6,M_Req,missing_destination,31,Application-6-Service,EndDevice-6,Application-6-Service,40900
15670,Application-8,M_Req,missing_destination,33,Application-8-Service,EndDevice-8,Application-8-Service,40900
15673,Application-7,M_Req,missing_destination,32,Application-7-Service,EndDevice-7,Application-7-Service,40900
15675,Application-23,M_Req,missing_destination,48,Application-23-Service,EndDevice-23,Application-23-Service,40900
15676,Application-13,M_Req,missing_destination,38,Application-13-Service,EndDevice-13,Application-13-Service,40900
15678,Application-18,M_Req,missing_destination,43,Application-18-Service,EndDevice-18,Application-18-Service,40900
15680,Application-22,M_Req,missing_destination,47,Application-22-Service,EndDevice-22,Application-22-Service,40900
15692,Application-40,M_Req,missing_destination,65,Application-40-Service,EndDevice-40,Application-40-Service,41000
15696,Application-39,M_Req,missing_destination,64,Application-39-Service,EndDevice-39,Application-39-Service,41000
15705,Application-37,M_Req,missing_destination,62,Application-37-Service,EndDevice-37,Application-37-Service,41000
15709,Application-6,M_Req,missing_destination,31,Application-6-Service,EndDevice-6,Application-6-Service,41000
15710,Application-8,M_Req,missing_destination,33,Application-8-Service,EndDevice-8,Application-8-Service,41000
15715,Application-13,M_Req,missing_destination,38,Application-13-Service,EndDevice-13,Application-13-Service,41100
15740,Application-40,M_Req,missing_destination,65,Application-40-Service,EndDevice-40,Application-40-Service,41100
15744,Application-39,M_Req,missing_destination,64,Application-39-Service,EndDevice-39,Application-39-Service,41100
15753,Application-37,M_Req,missing_destination,62,Application-37-Service,EndDevice-37,Application-37-Service,41100
15757,Application-6,M_Req,missing_destination,31,Application-6-Service,EndDevice-6,Application-6-Service,41100
15758,Application-8,M_Req,missing_destination,33,Application-8-Service,EndDevice-8,Application-8-Service,41100
15786,Application-40,M_Req,missing_destination,65,Application-40-Service,EndDevice-40,Application-40-Service,41200
15790,Application-39,M_Req,missing_destination,64,Application-39-Service,EndDevice-39,Application-39-Service,41200
15797,Application-16,M_Req,missing_destination,41,Application-16-Service,EndDevice-16,Application-16-Service,41300
15798,Application-8,M_Req,missing_destination,33,Application-8-Service,EndDevice-8,Application-8-Service,41300
15812,Application-18,M_Req,missing_destination,43,Application-18-Service,EndDevice-18,Application-18-Service,41300
15815,Application-26,M_Req,missing_destination,51,Application-26-Service,EndDevice-26,Application-26-Service,41300
15820,Application-28,M_Req,missing_destination,53,Application-28-Service,EndDevice-28,Application-28-Service,41300
15824,Application-14,M_Req,missing_destination,39,Application-14-Service,EndDevice-14,Application-14-Service,41300
15826,Application-25,M_Req,missing_destination,50,Application-25-Service,EndDevice-25,Application-25-Service,41300
15834,Application-40,M_Req,missing_destination,65,Application-40-Service,EndDevice-40,Application-40-Service,41300
15838,Application-39,M_Req,missing_destination,64,Application-39-Service,EndDevice-39,Application-39-Service,41300
15840,Application-27,M_Req,missing_destination,52,Application-27-Service,EndDevice-27,Application-27-Service,41300
15841,Application-5,M_Req,missing_destination,30,Application-5-Service,EndDevice-5,Application-5-Service,41300
15855,Application-18,M_Req,missing_destination,43,Application-18-Service,EndDevice-18,Application-18-Service,41400
15862,Application-28,M_Req,missing_destination,53,Application-28-Service,EndDevice-28,Application-28-Service,41400
15865,Application-14,M_Req,missing_destination,39,Application-14-Service,EndDevice-14,Application-14-Service,41400
15867,Application-25,M_Req,missing_destination,50,Application-25-Service,EndDevice-25,Application-25-Service,41400
15903,Application-18,M_Req,missing_destination,43,Application-18-Service,EndDevice-18,Application-18-Service,41500
15910,Application-28,M_Req,missing_destination,53,Application-28-Service,EndDevice-28,Application-28-Service,41500
15913,Application-14,M_Req,missing_destination,39,Application-14-Service,EndDevice-14,Application-14-Service,41500
15915,Application-25,M_Req,missing_destination,50,Application-25-Service,EndDevice-25,Application-25-Service,41500
15918,Application-42,M_Req,missing_destination,67,Application-42-Service,EndDevice-42,Application-42-Service,41600
15920,Application-43,M_Req,missing_destination,68,Application-43-Service,EndDevice-43,Application-43-Service,41600
15922,Application-48,M_Req,missing_destination,73,Application-48-Service,EndDevice-48,Application-48-Service,41600
15924,Application-5,M_Req,missing_destination,30,Application-5-Service,EndDevice-5,Application-5-Service,41600
15931,Application-41,M_Req,missing_destination,66,Application-41-Service,EndDevice-41,Application-41-Service,41600
15933,Application-26,M_Req,missing_destination,51,Application-26-Service,EndDevice-26,Application-26-Service,41600
15943,Application-44,M_Req,missing_destination,69,Application-44-Service,EndDevice-44,Application-44-Service,41700
15946,Application-47,M_Req,missing_destination,72,Application-47-Service,EndDevice-47,Application-47-Service,41700
15966,Application-42,M_Req,missing_destination,67,Application-42-Service,EndDevice-42,Application-42-Service,41700
15968,Application-43,M_Req,missing_destination,68,Application-43-Service,EndDevice-43,Application-43-Service,41700
15970,Application-48,M_Req,missing_destination,73,Application-48-Service,EndDevice-48,Application-48-Service,41700
15972,Application-5,M_Req,missing_destination,30,Application-5-Service,EndDevice-5,Application-5-Service,41700
15979,Application-41,M_Req,missing_destination,66,Application-41-Service,EndDevice-41,Application-41-Service,41700
15981,Application-26,M_Req,missing_destination,51,Application-26-Service,EndDevice-26,Application-26-Service,41700
16027,Application-15,M_Req,missing_destination,40,Application-15-Service,EndDevice-15,Application-15-Service,41900
16029,Application-43,M_Req,missing_destination,68,Application-43-Service,EndDevice-43,Application-43-Service,41900
16030,Application-25,M_Req,missing_destination,50,Application-25-Service,EndDevice-25,Application-25-Service,41900
16031,Application-13,M_Req,missing_destination,38,Application-13-Service,EndDevice-13,Application-13-Service,41900
16039,Application-44,M_Req,missing_destination,69,Application-44-Service,EndDevice-44,Application-44-Service,41900
16046,Application-14,M_Req,missing_destination,39,Application-14-Service,EndDevice-14,Application-14-Service,41900
16053,Application-27,M_Req,missing_destination,52,Application-27-Service,EndDevice-27,Application-27-Service,41900
16058,Application-42,M_Req,missing_destination,67,Application-42-Service,EndDevice-42,Application-42-Service,41900
16065,Application-16,M_Req,missing_destination,41,Application-16-Service,EndDevice-16,Application-16-Service,41900
16067,Application-41,M_Req,missing_destination,66,Application-41-Service,EndDevice-41,Application-41-Service,41900
16075,Application-43,M_Req,missing_destination,68,Application-43-Service,EndDevice-43,Application-43-Service,42000
16076,Application-13,M_Req,missing_destination,38,Application-13-Service,EndDevice-13,Application-13-Service,42000
16083,Application-44,M_Req,missing_destination,69,Application-44-Service,EndDevice-44,Application-44-Service,42000
16090,Application-14,M_Req,missing_destination,39,Application-14-Service,EndDevice-14,Application-14-Service,42000
16094,Application-27,M_Req,missing_destination,52,Application-27-Service,EndDevice-27,Application-27-Service,42000
16123,Application-43,M_Req,missing_destination,68,Application-43-Service,EndDevice-43,Application-43-Service,42100
16124,Application-13,M_Req,missing_destination,38,Application-13-Service,EndDevice-13,Application-13-Service,42100
16131,Application-44,M_Req,missing_destination,69,Application-44-Service,EndDevice-44,Application-44-Service,42100
16138,Application-14,M_Req,missing_destination,39,Application-14-Service,EndDevice-14,Application-14-Service,42100
16142,Application-27,M_Req,missing_destination,52,Application-27-Service,EndDevice-27,Application-27-Service,42100
16148,Application-40,M_Req,missing_destination,65,Application-40-Service,EndDevice-40,Application-40-Service,42200
16156,Application-39,M_Req,missing_destination,64,Application-39-Service,EndDevice-39,Application-39-Service,42200
16158,Application-37,M_Req,missing_destination,62,Application-37-Service,EndDevice-37,Application-37-Service,42200
16164,Application-15,M_Req,missing_destination,40,Application-15-Service,EndDevice-15,Application-15-Service,42200
16168,Application-43,M_Req,missing_destination,68,Application-43-Service,EndDevice-43,Application-43-Service,42200
16169,Application-13,M_Req,missing_destination,38,Application-13-Service,EndDevice-13,Application-13-Service,42200
16175,Application-18,M_Req,missing_destination,43,Application-18-Service,EndDevice-18,Application-18-Service,42300
16180,Application-19,M_Req,missing_destination,44,Application-19-Service,EndDevice-19,Application-19-Service,42300
16184,Application-20,M_Req,missing_destination,45,Application-20-Service,EndDevice-20,Application-20-Service,42300
16196,Application-40,M_Req,missing_destination,65,Application-40-Service,EndDevice-40,Application-40-Service,42300
16204,Application-39,M_Req,missing_destination,64,Application-39-Service,EndDevice-39,Application-39-Service,42300
16206,Application-37,M_Req,missing_destination,62,Application-37-Service,EndDevice-37,Application-37-Service,42300
16212,Application-15,M_Req,missing_destination,40,Application-15-Service,EndDevice-15,Application-15-Service,42300
16216,Application-43,M_Req,missing_destination,68,Application-43-Service,EndDevice-43,Application-43-Service,42300
16217,Application-13,M_Req,missing_destination,38,Application-13-Service,EndDevice-13,Application-13-Service,42300
16256,Application-43,M_Req,missing_destination,68,Application-43-Service,EndDevice-43,Application-43-Service,42500
16262,Application-5,M_Req,missing_destination,30,Application-5-Service,EndDevice-5,Application-5-Service,42500
16265,Application-16,M_Req,missing_destination,41,Application-16-Service,EndDevice-16,Application-16-Service,42500
16268,Application-34,M_Req,missing_destination,59,Application-34-Service,EndDevice-34,Application-34-Service,42500
16269,Application-7,M_Req,missing_destination,32,Application-7-Service,EndDevice-7,Application-7-Service,42500
16270,Application-44,M_Req,missing_destination,69,Application-44-Service,EndDevice-44,Application-44-Service,42500
16279,Application-41,M_Req,missing_destination,66,Application-41-Service,EndDevice-41,Application-41-Service,42500
16286,Application-17,M_Req,missing_destination,42,Application-17-Service,EndDevice-17,Application-17-Service,42500
16291,Application-8,M_Req,missing_destination,33,Application-8-Service,EndDevice-8,Application-8-Service,42500
16292,Application-36,M_Req,missing_destination,61,Application-36-Service,EndDevice-36,Application-36-Service,42500
16295,Application-33,M_Req,missing_destination,58,Application-33-Service,EndDevice-33,Application-33-Service,42500
16296,Application-35,M_Req,missing_destination,60,Application-35-Service,EndDevice-35,Application-35-Service,42500
16298,Application-6,M_Req,missing_destination,31,Application-6-Service,EndDevice-6,Application-6-Service,42500
16303,Application-43,M_Req,missing_destination,68,Application-43-Service,EndDevice-43,Application-43-Service,42600
16307,Application-5,M_Req,missing_destination,30,Application-5-Service,EndDevice-5,Application-5-Service,42600
16310,Application-16,M_Req,missing_destination,41,Application-16-Service,EndDevice-16,Application-16-Service,42600
16312,Application-34,M_Req,missing_destination,59,Application-34-Service,EndDevice-34,Application-34-Service,42600
16313,Application-44,M_Req,missing_destination,69,Application-44-Service,EndDevice-44,Application-44-Service,42600
16319,Application-41,M_Req,missing_destination,66,Application-41-Service,EndDevice-41,Application-41-Service,42600
16326,Application-17,M_Req,missing_destination,42,Application-17-Service,EndDevice-17,Application-17-Service,42600
16351,Application-43,M_Req,missing_destination,68,Application-43-Service,EndDevice-43,Application-43-Service,42700
16355,Application-5,M_Req,missing_destination,30,Application-5-Service,EndDevice-5,Application-5-Service,42700
16358,Application-16,M_Req,missing_destination,41,Application-16-Service,EndDevice-16,Application-16-Service,42700
16360,Application-34,M_Req,missing_destination,59,Application-34-Service,EndDevice-34,Application-34-Service,42700
16361,Application-44,M_Req,missing_destination,69,Application-44-Service,EndDevice-44,Application-44-Service,42700
16367,Application-41,M_Req,missing_destination,66,Application-41-Service,EndDevice-41,Application-41-Service,42700
16374,Application-17,M_Req,missing_destination,42,Application-17-Service,EndDevice-17,Application-17-Service,42700
16378,Application-3,M_Req,missing_destination,28,Application-3-Service,EndDevice-3,Application-3-Service,42800
16380,Application-26,M_Req,missing_destination,51,Application-26-Service,EndDevice-26,Application-26-Service,42800
16381,Application-1,M_Req,missing_destination,26,Application-1-Service,EndDevice-1,Application-1-Service,42800
16391,Application-4,M_Req,missing_destination,29,Application-4-Service,EndDevice-4,Application-4-Service,42800
16394,Application-43,M_Req,missing_destination,68,Application-43-Service,EndDevice-43,Application-43-Service,42800
16396,Application-2,M_Req,missing_destination,27,Application-2-Service,EndDevice-2,Application-2-Service,42800
16398,Application-5,M_Req,missing_destination,30,Application-5-Service,EndDevice-5,Application-5-Service,42800
16401,Application-16,M_Req,missing_destination,41,Application-16-Service,EndDevice-16,Application-16-Service,42800
16402,Application-28,M_Req,missing_destination,53,Application-28-Service,EndDevice-28,Application-28-Service,42900
16404,Application-27,M_Req,missing_destination,52,Application-27-Service,EndDevice-27,Application-27-Service,42900
16426,Application-3,M_Req,missing_destination,28,Application-3-Service,EndDevice-3,Application-3-Service,42900
16428,Application-26,M_Req,missing_destination,51,Application-26-Service,EndDevice-26,Application-26-Service,42900
16429,Application-1,M_Req,missing_destination,26,Application-1-Service,EndDevice-1,Application-1-Service,42900
16439,Application-4,M_Req,missing_destination,29,Application-4-Service,EndDevice-4,Application-4-Service,42900
16442,Application-43,M_Req,missing_destination,68,Application-43-Service,EndDevice-43,Application-43-Service,42900
16444,Application-2,M_Req,missing_destination,27,Application-2-Service,EndDevice-2,Application-2-Service,42900
16446,Application-5,M_Req,missing_destination,30,Application-5-Service,EndDevice-5,Application-5-Service,42900
16449,Application-16,M_Req,missing_destination,41,Application-16-Service,EndDevice-16,Application-16-Service,42900
16471,Application-3,M_Req,missing_destination,28,Application-3-Service,EndDevice-3,Application-3-Service,43000
16480,Application-4,M_Req,missing_destination,29,Application-4-Service,EndDevice-4,Application-4-Service,43000
16481,Application-30,M_Req,missing_destination,55,Application-30-Service,EndDevice-30,Application-30-Service,43100
16487,Application-29,M_Req,missing_destination,54,Application-29-Service,EndDevice-29,Application-29-Service,43100
16492,Application-26,M_Req,missing_destination,51,Application-26-Service,EndDevice-26,Application-26-Service,43100
16498,Application-28,M_Req,missing_destination,53,Application-28-Service,EndDevice-28,Application-28-Service,43100
16500,Application-27,M_Req,missing_destination,52,Application-27-Service,EndDevice-27,Application-27-Service,43100
16505,Application-31,M_Req,missing_destination,56,Application-31-Service,EndDevice-31,Application-31-Service,43100
16519,Application-3,M_Req,missing_destination,28,Application-3-Service,EndDevice-3,Application-3-Service,43100
16522,Application-15,M_Req,missing_destination,40,Application-15-Service,EndDevice-15,Application-15-Service,43100
16525,Application-32,M_Req,missing_destination,57,Application-32-Service,EndDevice-32,Application-32-Service,43100
16527,Application-7,M_Req,missing_destination,32,Application-7-Service,EndDevice-7,Application-7-Service,43100
16528,Application-4,M_Req,missing_destination,29,Application-4-Service,EndDevice-4,Application-4-Service,43100
16533,Application-29,M_Req,missing_destination,54,Application-29-Service,EndDevice-29,Application-29-Service,43200
16538,Application-26,M_Req,missing_destination,51,Application-26-Service,EndDevice-26,Application-26-Service,43200
16543,Application-28,M_Req,missing_destination,53,Application-28-Service,EndDevice-28,Application-28-Service,43200
16545,Application-27,M_Req,missing_destination,52,Application-27-Service,EndDevice-27,Application-27-Service,43200
16549,Application-31,M_Req,missing_destination,56,Application-31-Service,EndDevice-31,Application-31-Service,43200
16608,Application-40,M_Req,missing_destination,65,Application-40-Service,EndDevice-40,Application-40-Service,43400
16616,Application-15,M_Req,missing_destination,40,Application-15-Service,EndDevice-15,Application-15-Service,43400
16621,Application-13,M_Req,missing_destination,38,Application-13-Service,EndDevice-13,Application-13-Service,43400
16623,Application-39,M_Req,missing_destination,64,Application-39-Service,EndDevice-39,Application-39-Service,43400
16624,Application-16,M_Req,missing_destination,41,Application-16-Service,EndDevice-16,Application-16-Service,43400
16626,Application-2,M_Req,missing_destination,27,Application-2-Service,EndDevice-2,Application-2-Service,43400
16631,Application-38,M_Req,missing_destination,63,Application-38-Service,EndDevice-38,Application-38-Service,43400
16633,Application-14,M_Req,missing_destination,39,Application-14-Service,EndDevice-14,Application-14-Service,43500
16656,Application-40,M_Req,missing_destination,65,Application-40-Service,EndDevice-40,Application-40-Service,43500
16664,Application-15,M_Req,missing_destination,40,Application-15-Service,EndDevice-15,Application-15-Service,43500
16669,Application-13,M_Req,missing_destination,38,Application-13-Service,EndDevice-13,Application-13-Service,43500
16671,Application-39,M_Req,missing_destination,64,Application-39-Service,EndDevice-39,Application-39-Service,43500
16672,Application-16,M_Req,missing_destination,41,Application-16-Service,EndDevice-16,Application-16-Service,43500
16674,Application-2,M_Req,missing_destination,27,Application-2-Service,EndDevice-2,Application-2-Service,43500
16679,Application-38,M_Req,missing_destination,63,Application-38-Service,EndDevice-38,Application-38-Service,43500
16710,Application-5,M_Req,missing_destination,30,Application-5-Service,EndDevice-5,Application-5-Service,43700
16716,Application-47,M_Req,missing_destination,72,Application-47-Service,EndDevice-47,Application-47-Service,43700
16717,Application-41,M_Req,missing_destination,66,Application-41-Service,EndDevice-41,Application-41-Service,43700
16718,Application-38,M_Req,missing_destination,63,Application-38-Service,EndDevice-38,Application-38-Service,43700
16721,Application-40,M_Req,missing_destination,65,Application-40-Service,EndDevice-40,Application-40-Service,43700
16731,Application-45,M_Req,missing_destination,70,Application-45-Service,EndDevice-45,Application-45-Service,43700
16738,Application-42,M_Req,missing_destination,67,Application-42-Service,EndDevice-42,Application-42-Service,43700
16741,Application-44,M_Req,missing_destination,69,Application-44-Service,EndDevice-44,Application-44-Service,43700
16747,Application-46,M_Req,missing_destination,71,Application-46-Service,EndDevice-46,Application-46-Service,43700
16748,Application-48,M_Req,missing_destination,73,Application-48-Service,EndDevice-48,Application-48-Service,43700
16752,Application-7,M_Req,missing_destination,32,Application-7-Service,EndDevice-7,Application-7-Service,43700
16753,Application-43,M_Req,missing_destination,68,Application-43-Service,EndDevice-43,Application-43-Service,43700
16757,Application-32,M_Req,missing_destination,57,Application-32-Service,EndDevice-32,Application-32-Service,43700
16762,Application-47,M_Req,missing_destination,72,Application-47-Service,EndDevice-47,Application-47-Service,43800
16763,Application-41,M_Req,missing_destination,66,Application-41-Service,EndDevice-41,Application-41-Service,43800
16765,Application-40,M_Req,missing_destination,65,Application-40-Service,EndDevice-40,Application-40-Service,43800
16781,Application-44,M_Req,missing_destination,69,Application-44-Service,EndDevice-44,Application-44-Service,43800
16786,Application-46,M_Req,missing_destination,71,Application-46-Service,EndDevice-46,Application-46-Service,43800
16810,Application-47,M_Req,missing_destination,72,Application-47-Service,EndDevice-47,Application-47-Service,43900
16813,Application-40,M_Req,missing_destination,65,Application-40-Service,EndDevice-40,Application-40-Service,43900
16834,Application-46,M_Req,missing_destination,71,Application-46-Service,EndDevice-46,Application-46-Service,43900
16835,Application-48,M_Req,missing_destination,73,Application-48-Service,EndDevice-48,Application-48-Service,44000
16841,Application-21,M_Req,missing_destination,46,Application-21-Service,EndDevice-21,Application-21-Service,44000
16846,Application-37,M_Req,missing_destination,62,Application-37-Service,EndDevice-37,Application-37-Service,44000
16851,Application-2,M_Req,missing_destination,27,Application-2-Service,EndDevice-2,Application-2-Service,44000
16853,Application-47,M_Req,missing_destination,72,Application-47-Service,EndDevice-47,Application-47-Service,44000
16856,Application-40,M_Req,missing_destination,65,Application-40-Service,EndDevice-40,Application-40-Service,44000
16858,Application-9,M_Req,missing_destination,34,Application-9-Service,EndDevice-9,Application-9-Service,44000
16860,Application-22,M_Req,missing_destination,47,Application-22-Service,EndDevice-22,Application-22-Service,44000
16861,Application-24,M_Req,missing_destination,49,Application-24-Service,EndDevice-24,Application-24-Service,44000
16864,Application-10,M_Req,missing_destination,35,Application-10-Service,EndDevice-10,Application-10-Service,44100
16867,Application-12,M_Req,missing_destination,37,Application-12-Service,EndDevice-12,Application-12-Service,44100
16868,Application-23,M_Req,missing_destination,48,Application-23-Service,EndDevice-23,Application-23-Service,44100
16873,Application-46,M_Req,missing_destination,71,Application-46-Service,EndDevice-46,Application-46-Service,44100
16883,Application-48,M_Req,missing_destination,73,Application-48-Service,EndDevice-48,Application-48-Service,44100
16889,Application-21,M_Req,missing_destination,46,Application-21-Service,EndDevice-21,Application-21-Service,44100
16894,Application-37,M_Req,missing_destination,62,Application-37-Service,EndDevice-37,Application-37-Service,44100
16899,Application-2,M_Req,missing_destination,27,Application-2-Service,EndDevice-2,Application-2-Service,44100
16901,Application-47,M_Req,missing_destination,72,Application-47-Service,EndDevice-47,Application-47-Service,44100
16904,Application-40,M_Req,missing_destination,65,Application-40-Service,EndDevice-40,Application-40-Service,44100
16906,Application-9,M_Req,missing_destination,34,Application-9-Service,EndDevice-9,Application-9-Service,44100
16908,Application-22,M_Req,missing_destination,47,Application-22-Service,EndDevice-22,Application-22-Service,44100
16909,Application-24,M_Req,missing_destination,49,Application-24-Service,EndDevice-24,Application-24-Service,44100
16916,Application-23,M_Req,missing_destination,48,Application-23-Service,EndDevice-23,Application-23-Service,44200
16926,Application-48,M_Req,missing_destination,73,Application-48-Service,EndDevice-48,Application-48-Service,44200
16931,Application-21,M_Req,missing_destination,46,Application-21-Service,EndDevice-21,Application-21-Service,44200
16936,Application-37,M_Req,missing_destination,62,Application-37-Service,EndDevice-37,Application-37-Service,44200
16948,Application-24,M_Req,missing_destination,49,Application-24-Service,EndDevice-24,Application-24-Service,44300
16953,Application-29,M_Req,missing_destination,54,Application-29-Service,EndDevice-29,Application-29-Service,44300
16961,Application-31,M_Req,missing_destination,56,Application-31-Service,EndDevice-31,Application-31-Service,44300
16964,Application-23,M_Req,missing_destination,48,Application-23-Service,EndDevice-23,Application-23-Service,44300
16967,Application-30,M_Req,missing_destination,55,Application-30-Service,EndDevice-30,Application-30-Service,44300
16969,Application-8,M_Req,missing_destination,33,Application-8-Service,EndDevice-8,Application-8-Service,44300
16970,Application-6,M_Req,missing_destination,31,Application-6-Service,EndDevice-6,Application-6-Service,44300
16972,Application-11,M_Req,missing_destination,36,Application-11-Service,EndDevice-11,Application-11-Service,44300
16974,Application-48,M_Req,missing_destination,73,Application-48-Service,EndDevice-48,Application-48-Service,44300
16979,Application-21,M_Req,missing_destination,46,Application-21-Service,EndDevice-21,Application-21-Service,44300
16980,Application-32,M_Req,missing_destination,57,Application-32-Service,EndDevice-32,Application-32-Service,44300
16981,Application-39,M_Req,missing_destination,64,Application-39-Service,EndDevice-39,Application-39-Service,44300
16984,Application-37,M_Req,missing_destination,62,Application-37-Service,EndDevice-37,Application-37-Service,44300
16993,Application-24,M_Req,missing_destination,49,Application-24-Service,EndDevice-24,Application-24-Service,44400
16997,Application-29,M_Req,missing_destination,54,Application-29-Service,EndDevice-29,Application-29-Service,44400
17006,Application-23,M_Req,missing_destination,48,Application-23-Service,EndDevice-23,Application-23-Service,44400
17009,Application-30,M_Req,missing_destination,55,Application-30-Service,EndDevice-30,Application-30-Service,44400
17011,Application-6,M_Req,missing_destination,31,Application-6-Service,EndDevice-6,Application-6-Service,44400
17013,Application-11,M_Req,missing_destination,36,Application-11-Service,EndDevice-11,Application-11-Service,44400
17041,Application-24,M_Req,missing_destination,49,Application-24-Service,EndDevice-24,Application-24-Service,44500
17045,Application-29,M_Req,missing_destination,54,Application-29-Service,EndDevice-29,Application-29-Service,44500
17057,Application-30,M_Req,missing_destination,55,Application-30-Service,EndDevice-30,Application-30-Service,44500
17061,Application-11,M_Req,missing_destination,36,Application-11-Service,EndDevice-11,Application-11-Service,44500
17067,Application-39,M_Req,missing_destination,64,Application-39-Service,EndDevice-39,Application-39-Service,44600
17068,Application-5,M_Req,missing_destination,30,Application-5-Service,EndDevice-5,Application-5-Service,44600
17074,Application-12,M_Req,missing_destination,37,Application-12-Service,EndDevice-12,Application-12-Service,44600
17078,Application-9,M_Req,missing_destination,34,Application-9-Service,EndDevice-9,Application-9-Service,44600
17081,Application-8,M_Req,missing_destination,33,Application-8-Service,EndDevice-8,Application-8-Service,44600
17094,Application-10,M_Req,missing_destination,35,Application-10-Service,EndDevice-10,Application-10-Service,44700
17097,Application-30,M_Req,missing_destination,55,Application-30-Service,EndDevice-30,Application-30-Service,44700
17101,Application-11,M_Req,missing_destination,36,Application-11-Service,EndDevice-11,Application-11-Service,44700
17115,Application-39,M_Req,missing_destination,64,Application-39-Service,EndDevice-39,Application-39-Service,44700
17116,Application-5,M_Req,missing_destination,30,Application-5-Service,EndDevice-5,Application-5-Service,44700
17122,Application-12,M_Req,missing_destination,37,Application-12-Service,EndDevice-12,Application-12-Service,44700
17126,Application-9,M_Req,missing_destination,34,Application-9-Service,EndDevice-9,Application-9-Service,44700
17129,Application-8,M_Req,missing_destination,33,Application-8-Service,EndDevice-8,Application-8-Service,44700
17144,Application-30,M_Req,missing_destination,55,Application-30-Service,EndDevice-30,Application-30-Service,44800
17148,Application-11,M_Req,missing_destination,36,Application-11-Service,EndDevice-11,Application-11-Service,44800
17158,Application-39,M_Req,missing_destination,64,Application-39-Service,EndDevice-39,Application-39-Service,44800
17163,Application-12,M_Req,missing_destination,37,Application-12-Service,EndDevice-12,Application-12-Service,44800
17166,Application-9,M_Req,missing_destination,34,Application-9-Service,EndDevice-9,Application-9-Service,44800
17169,Application-8,M_Req,missing_destination,33,Application-8-Service,EndDevice-8,Application-8-Service,44800
17172,Application-40,M_Req,missing_destination,65,Application-40-Service,EndDevice-40,Application-40-Service,44900
17178,Application-35,M_Req,missing_destination,60,Application-35-Service,EndDevice-35,Application-35-Service,44900
17181,Application-36,M_Req,missing_destination,61,Application-36-Service,EndDevice-36,Application-36-Service,44900
17182,Application-4,M_Req,missing_destination,29,Application-4-Service,EndDevice-4,Application-4-Service,44900
17183,Application-10,M_Req,missing_destination,35,Application-10-Service,EndDevice-10,Application-10-Service,44900
17192,Application-30,M_Req,missing_destination,55,Application-30-Service,EndDevice-30,Application-30-Service,44900
17193,Application-33,M_Req,missing_destination,58,Application-33-Service,EndDevice-33,Application-33-Service,44900
17196,Application-11,M_Req,missing_destination,36,Application-11-Service,EndDevice-11,Application-11-Service,44900
17206,Application-39,M_Req,missing_destination,64,Application-39-Service,EndDevice-39,Application-39-Service,44900
17207,Application-5,M_Req,missing_destination,30,Application-5-Service,EndDevice-5,Application-5-Service,44900
17209,Application-34,M_Req,missing_destination,59,Application-34-Service,EndDevice-34,Application-34-Service,44900
17211,Application-12,M_Req,missing_destination,37,Application-12-Service,EndDevice-12,Application-12-Service,44900
17214,Application-9,M_Req,missing_destination,34,Application-9-Service,EndDevice-9,Application-9-Service,44900
17217,Application-8,M_Req,missing_destination,33,Application-8-Service,EndDevice-8,Application-8-Service,44900
17220,Application-40,M_Req,missing_destination,65,Application-40-Service,EndDevice-40,Application-40-Service,45000
17226,Application-35,M_Req,missing_destination,60,Application-35-Service,EndDevice-35,Application-35-Service,45000
17228,Application-36,M_Req,missing_destination,61,Application-36-Service,EndDevice-36,Application-36-Service,45000
17229,Application-4,M_Req,missing_destination,29,Application-4-Service,EndDevice-4,Application-4-Service,45000
17236,Application-30,M_Req,missing_destination,55,Application-30-Service,EndDevice-30,Application-30-Service,45000
17284,Application-30,M_Req,missing_destination,55,Application-30-Service,EndDevice-30,Application-30-Service,45100
17306,Application-20,M_Req,missing_destination,45,Application-20-Service,EndDevice-20,Application-20-Service,45200
17310,Application-40,M_Req,missing_destination,65,Application-40-Service,EndDevice-40,Application-40-Service,45200
17316,Application-35,M_Req,missing_destination,60,Application-35-Service,EndDevice-35,Application-35-Service,45200
17317,Application-19,M_Req,missing_destination,44,Application-19-Service,EndDevice-19,Application-19-Service,45200
17321,Application-17,M_Req,missing_destination,42,Application-17-Service,EndDevice-17,Application-17-Service,45300
17354,Application-20,M_Req,missing_destination,45,Application-20-Service,EndDevice-20,Application-20-Service,45300
17358,Application-40,M_Req,missing_destination,65,Application-40-Service,EndDevice-40,Application-40-Service,45300
17364,Application-35,M_Req,missing_destination,60,Application-35-Service,EndDevice-35,Application-35-Service,45300
17365,Application-19,M_Req,missing_destination,44,Application-19-Service,EndDevice-19,Application-19-Service,45300
17402,Application-47,M_Req,missing_destination,72,Application-47-Service,EndDevice-47,Application-47-Service,45500
17406,Application-46,M_Req,missing_destination,71,Application-46-Service,EndDevice-46,Application-46-Service,45500
17413,Application-35,M_Req,missing_destination,60,Application-35-Service,EndDevice-35,Application-35-Service,45500
17414,Application-32,M_Req,missing_destination,57,Application-32-Service,EndDevice-32,Application-32-Service,45500
17421,Application-45,M_Req,missing_destination,70,Application-45-Service,EndDevice-45,Application-45-Service,45500
17434,Application-48,M_Req,missing_destination,73,Application-48-Service,EndDevice-48,Application-48-Service,45500
17449,Application-47,M_Req,missing_destination,72,Application-47-Service,EndDevice-47,Application-47-Service,45600
17453,Application-46,M_Req,missing_destination,71,Application-46-Service,EndDevice-46,Application-46-Service,45600
17459,Application-35,M_Req,missing_destination,60,Application-35-Service,EndDevice-35,Application-35-Service,45600
17465,Application-45,M_Req,missing_destination,70,Application-45-Service,EndDevice-45,Application-45-Service,45600
17525,Application-5,M_Req,missing_destination,30,Application-5-Service,EndDevice-5,Application-5-Service,45800
17528,Application-31,M_Req,missing_destination,56,Application-31-Service,EndDevice-31,Application-31-Service,45800
17532,Application-11,M_Req,missing_destination,36,Application-11-Service,EndDevice-11,Application-11-Service,45800
17535,Application-28,M_Req,missing_destination,53,Application-28-Service,EndDevice-28,Application-28-Service,45800
17538,Application-26,M_Req,missing_destination,51,Application-26-Service,EndDevice-26,Application-26-Service,45800
17541,Application-19,M_Req,missing_destination,44,Application-19-Service,EndDevice-19,Application-19-Service,45800
17546,Application-7,M_Req,missing_destination,32,Application-7-Service,EndDevice-7,Application-7-Service,45800
17551,Application-30,M_Req,missing_destination,55,Application-30-Service,EndDevice-30,Application-30-Service,45900
17552,Application-6,M_Req,missing_destination,31,Application-6-Service,EndDevice-6,Application-6-Service,45900
17553,Application-25,M_Req,missing_destination,50,Application-25-Service,EndDevice-25,Application-25-Service,45900
17557,Application-27,M_Req,missing_destination,52,Application-27-Service,EndDevice-27,Application-27-Service,45900
17558,Application-8,M_Req,missing_destination,33,Application-8-Service,EndDevice-8,Application-8-Service,45900
17573,Application-5,M_Req,missing_destination,30,Application-5-Service,EndDevice-5,Application-5-Service,45900
17576,Application-31,M_Req,missing_destination,56,Application-31-Service,EndDevice-31,Application-31-Service,45900
17580,Application-11,M_Req,missing_destination,36,Application-11-Service,EndDevice-11,Application-11-Service,45900
17583,Application-28,M_Req,missing_destination,53,Application-28-Service,EndDevice-28,Application-28-Service,45900
17586,Application-26,M_Req,missing_destination,51,Application-26-Service,EndDevice-26,Application-26-Service,45900
17589,Application-19,M_Req,missing_destination,44,Application-19-Service,EndDevice-19,Application-19-Service,45900
17594,Application-7,M_Req,missing_destination,32,Application-7-Service,EndDevice-7,Application-7-Service,45900
17624,Application-28,M_Req,missing_destination,53,Application-28-Service,EndDevice-28,Application-28-Service,46000
17630,Application-19,M_Req,missing_destination,44,Application-19-Service,EndDevice-19,Application-19-Service,46100
17640,Application-27,M_Req,missing_destination,52,Application-27-Service,EndDevice-27,Application-27-Service,46100
17643,Application-36,M_Req,missing_destination,61,Application-36-Service,EndDevice-36,Application-36-Service,46100
17645,Application-33,M_Req,missing_destination,58,Application-33-Service,EndDevice-33,Application-33-Service,46100
17646,Application-17,M_Req,missing_destination,42,Application-17-Service,EndDevice-17,Application-17-Service,46100
17652,Application-18,M_Req,missing_destination,43,Application-18-Service,EndDevice-18,Application-18-Service,46100
17656,Application-20,M_Req,missing_destination,45,Application-20-Service,EndDevice-20,Application-20-Service,46100
17672,Application-28,M_Req,missing_destination,53,Application-28-Service,EndDevice-28,Application-28-Service,46100
17673,Application-32,M_Req,missing_destination,57,Application-32-Service,EndDevice-32,Application-32-Service,46100
17685,Application-36,M_Req,missing_destination,61,Application-36-Service,EndDevice-36,Application-36-Service,46200
17687,Application-17,M_Req,missing_destination,42,Application-17-Service,EndDevice-17,Application-17-Service,46200
17695,Application-20,M_Req,missing_destination,45,Application-20-Service,EndDevice-20,Application-20-Service,46200
17733,Application-36,M_Req,missing_destination,61,Application-36-Service,EndDevice-36,Application-36-Service,46300
17751,Application-34,M_Req,missing_destination,59,Application-34-Service,EndDevice-34,Application-34-Service,46400
17753,Application-42,M_Req,missing_destination,67,Application-42-Service,EndDevice-42,Application-42-Service,46400
17757,Application-28,M_Req,missing_destination,53,Application-28-Service,EndDevice-28,Application-28-Service,46400
17759,Application-25,M_Req,missing_destination,50,Application-25-Service,EndDevice-25,Application-25-Service,46400
17760,Application-33,M_Req,missing_destination,58,Application-33-Service,EndDevice-33,Application-33-Service,46400
17770,Application-29,M_Req,missing_destination,54,Application-29-Service,EndDevice-29,Application-29-Service,46400
17771,Application-44,M_Req,missing_destination,69,Application-44-Service,EndDevice-44,Application-44-Service,46400
17772,Application-39,M_Req,missing_destination,64,Application-39-Service,EndDevice-39,Application-39-Service,46400
17776,Application-36,M_Req,missing_destination,61,Application-36-Service,EndDevice-36,Application-36-Service,46400
17783,Application-38,M_Req,missing_destination,63,Application-38-Service,EndDevice-38,Application-38-Service,46500
17787,Application-40,M_Req,missing_destination,65,Application-40-Service,EndDevice-40,Application-40-Service,46500
17799,Application-34,M_Req,missing_destination,59,Application-34-Service,EndDevice-34,Application-34-Service,46500
17801,Application-42,M_Req,missing_destination,67,Application-42-Service,EndDevice-42,Application-42-Service,46500
17805,Application-28,M_Req,missing_destination,53,Application-28-Service,EndDevice-28,Application-28-Service,46500
17807,Application-25,M_Req,missing_destination,50,Application-25-Service,EndDevice-25,Application-25-Service,46500
17808,Application-33,M_Req,missing_destination,58,Application-33-Service,EndDevice-33,Application-33-Service,46500
17818,Application-29,M_Req,missing_destination,54,Application-29-Service,EndDevice-29,Application-29-Service,46500
17819,Application-44,M_Req,missing_destination,69,Application-44-Service,EndDevice-44,Application-44-Service,46500
17820,Application-39,M_Req,missing_destination,64,Application-39-Service,EndDevice-39,Application-39-Service,46500
17824,Application-36,M_Req,missing_destination,61,Application-36-Service,EndDevice-36,Application-36-Service,46500
17830,Application-38,M_Req,missing_destination,63,Application-38-Service,EndDevice-38,Application-38-Service,46600
17833,Application-40,M_Req,missing_destination,65,Application-40-Service,EndDevice-40,Application-40-Service,46600
17843,Application-34,M_Req,missing_destination,59,Application-34-Service,EndDevice-34,Application-34-Service,46600
17851,Application-33,M_Req,missing_destination,58,Application-33-Service,EndDevice-33,Application-33-Service,46600
17859,Application-44,M_Req,missing_destination,69,Application-44-Service,EndDevice-44,Application-44-Service,46700
17860,Application-39,M_Req,missing_destination,64,Application-39-Service,EndDevice-39,Application-39-Service,46700
17863,Application-36,M_Req,missing_destination,61,Application-36-Service,EndDevice-36,Application-36-Service,46700
17865,Application-6,M_Req,missing_destination,31,Application-6-Service,EndDevice-6,Application-6-Service,46700
17869,Application-29,M_Req,missing_destination,54,Application-29-Service,EndDevice-29,Application-29-Service,46700
17870,Application-31,M_Req,missing_destination,56,Application-31-Service,EndDevice-31,Application-31-Service,46700
17877,Application-8,M_Req,missing_destination,33,Application-8-Service,EndDevice-8,Application-8-Service,46700
17878,Application-38,M_Req,missing_destination,63,Application-38-Service,EndDevice-38,Application-38-Service,46700
17881,Application-40,M_Req,missing_destination,65,Application-40-Service,EndDevice-40,Application-40-Service,46700
17884,Application-43,M_Req,missing_destination,68,Application-43-Service,EndDevice-43,Application-43-Service,46700
17888,Application-5,M_Req,missing_destination,30,Application-5-Service,EndDevice-5,Application-5-Service,46700
17889,Application-30,M_Req,missing_destination,55,Application-30-Service,EndDevice-30,Application-30-Service,46700
17891,Application-34,M_Req,missing_destination,59,Application-34-Service,EndDevice-34,Application-34-Service,46700
17897,Application-32,M_Req,missing_destination,57,Application-32-Service,EndDevice-32,Application-32-Service,46700
17899,Application-33,M_Req,missing_destination,58,Application-33-Service,EndDevice-33,Application-33-Service,46700
17900,Application-7,M_Req,missing_destination,32,Application-7-Service,EndDevice-7,Application-7-Service,46700
17905,Application-44,M_Req,missing_destination,69,Application-44-Service,EndDevice-44,Application-44-Service,46800
17907,Application-36,M_Req,missing_destination,61,Application-36-Service,EndDevice-36,Application-36-Service,46800
17909,Application-6,M_Req,missing_destination,31,Application-6-Service,EndDevice-6,Application-6-Service,46800
17913,Application-29,M_Req,missing_destination,54,Application-29-Service,EndDevice-29,Application-29-Service,46800
17914,Application-31,M_Req,missing_destination,56,Application-31-Service,EndDevice-31,Application-31-Service,46800
17920,Application-8,M_Req,missing_destination,33,Application-8-Service,EndDevice-8,Application-8-Service,46800
17921,Application-38,M_Req,missing_destination,63,Application-38-Service,EndDevice-38,Application-38-Service,46800
17925,Application-43,M_Req,missing_destination,68,Application-43-Service,EndDevice-43,Application-43-Service,46800
17929,Application-5,M_Req,missing_destination,30,Application-5-Service,EndDevice-5,Application-5-Service,46800
17930,Application-30,M_Req,missing_destination,55,Application-30-Service,EndDevice-30,Application-30-Service,46800
17953,Application-44,M_Req,missing_destination,69,Application-44-Service,EndDevice-44,Application-44-Service,46900
17961,Application-29,M_Req,missing_destination,54,Application-29-Service,EndDevice-29,Application-29-Service,46900
17962,Application-31,M_Req,missing_destination,56,Application-31-Service,EndDevice-31,Application-31-Service,46900
17973,Application-43,M_Req,missing_destination,68,Application-43-Service,EndDevice-43,Application-43-Service,46900
17978,Application-30,M_Req,missing_destination,55,Application-30-Service,EndDevice-30,Application-30-Service,46900
17980,Application-42,M_Req,missing_destination,67,Application-42-Service,EndDevice-42,Application-42-Service,47000
17981,Application-14,M_Req,missing_destination,39,Application-14-Service,EndDevice-14,Application-14-Service,47000
17982,Application-13,M_Req,missing_destination,38,Application-13-Service,EndDevice-13,Application-13-Service,47000
17991,Application-15,M_Req,missing_destination,40,Application-15-Service,EndDevice-15,Application-15-Service,47000
17994,Application-16,M_Req,missing_destination,41,Application-16-Service,EndDevice-16,Application-16-Service,47000
17997,Application-44,M_Req,missing_destination,69,Application-44-Service,EndDevice-44,Application-44-Service,47000
18003,Application-29,M_Req,missing_destination,54,Application-29-Service,EndDevice-29,Application-29-Service,47000
18004,Application-31,M_Req,missing_destination,56,Application-31-Service,EndDevice-31,Application-31-Service,47000
18012,Application-43,M_Req,missing_destination,68,Application-43-Service,EndDevice-43,Application-43-Service,47100
18014,Application-41,M_Req,missing_destination,66,Application-41-Service,EndDevice-41,Application-41-Service,47100
18028,Application-42,M_Req,missing_destination,67,Application-42-Service,EndDevice-42,Application-42-Service,47100
18029,Application-14,M_Req,missing_destination,39,Application-14-Service,EndDevice-14,Application-14-Service,47100
18030,Application-13,M_Req,missing_destination,38,Application-13-Service,EndDevice-13,Application-13-Service,47100
18039,Application-15,M_Req,missing_destination,40,Application-15-Service,EndDevice-15,Application-15-Service,47100
18042,Application-16,M_Req,missing_destination,41,Application-16-Service,EndDevice-16,Application-16-Service,47100
18045,Application-44,M_Req,missing_destination,69,Application-44-Service,EndDevice-44,Application-44-Service,47100
18051,Application-29,M_Req,missing_destination,54,Application-29-Service,EndDevice-29,Application-29-Service,47100
18052,Application-31,M_Req,missing_destination,56,Application-31-Service,EndDevice-31,Application-31-Service,47100
18082,Application-47,M_Req,missing_destination,72,Application-47-Service,EndDevice-47,Application-47-Service,47300
18086,Application-36,M_Req,missing_destination,61,Application-36-Service,EndDevice-36,Application-36-Service,47300
18087,Application-45,M_Req,missing_destination,70,Application-45-Service,EndDevice-45,Application-45-Service,47300
18090,Application-29,M_Req,missing_destination,54,Application-29-Service,EndDevice-29,Application-29-Service,47300
18092,Application-35,M_Req,missing_destination,60,Application-35-Service,EndDevice-35,Application-35-Service,47300
18098,Application-34,M_Req,missing_destination,59,Application-34-Service,EndDevice-34,Application-34-Service,47300
18106,Application-46,M_Req,missing_destination,71,Application-46-Service,EndDevice-46,Application-46-Service,47300
18107,Application-12,M_Req,missing_destination,37,Application-12-Service,EndDevice-12,Application-12-Service,47300
18111,Application-30,M_Req,missing_destination,55,Application-30-Service,EndDevice-30,Application-30-Service,47300
18115,Application-10,M_Req,missing_destination,35,Application-10-Service,EndDevice-10,Application-10-Service,47300
18117,Application-11,M_Req,missing_destination,36,Application-11-Service,EndDevice-11,Application-11-Service,47300
18125,Application-9,M_Req,missing_destination,34,Application-9-Service,EndDevice-9,Application-9-Service,47300
18126,Application-39,M_Req,missing_destination,64,Application-39-Service,EndDevice-39,Application-39-Service,47300
18128,Application-48,M_Req,missing_destination,73,Application-48-Service,EndDevice-48,Application-48-Service,47300
18130,Application-47,M_Req,missing_destination,72,Application-47-Service,EndDevice-47,Application-47-Service,47400
18133,Application-45,M_Req,missing_destination,70,Application-45-Service,EndDevice-45,Application-45-Service,47400
18136,Application-35,M_Req,missing_destination,60,Application-35-Service,EndDevice-35,Application-35-Service,47400
18142,Application-34,M_Req,missing_destination,59,Application-34-Service,EndDevice-34,Application-34-Service,47400
18150,Application-46,M_Req,missing_destination,71,Application-46-Service,EndDevice-46,Application-46-Service,47400
18151,Application-12,M_Req,missing_destination,37,Application-12-Service,EndDevice-12,Application-12-Service,47400
18155,Application-30,M_Req,missing_destination,55,Application-30-Service,EndDevice-30,Application-30-Service,47400
18157,Application-10,M_Req,missing_destination,35,Application-10-Service,EndDevice-10,Application-10-Service,47400
18159,Application-11,M_Req,missing_destination,36,Application-11-Service,EndDevice-11,Application-11-Service,47400
18184,Application-35,M_Req,missing_destination,60,Application-35-Service,EndDevice-35,Application-35-Service,47500
18190,Application-34,M_Req,missing_destination,59,Application-34-Service,EndDevice-34,Application-34-Service,47500
18199,Application-12,M_Req,missing_destination,37,Application-12-Service,EndDevice-12,Application-12-Service,47500
18205,Application-10,M_Req,missing_destination,35,Application-10-Service,EndDevice-10,Application-10-Service,47500
18207,Application-11,M_Req,missing_destination,36,Application-11-Service,EndDevice-11,Application-11-Service,47500
18208,Application-13,M_Req,missing_destination,38,Application-13-Service,EndDevice-13,Application-13-Service,47600
18213,Application-15,M_Req,missing_destination,40,Application-15-Service,EndDevice-15,Application-15-Service,47600
18214,Application-48,M_Req,missing_destination,73,Application-48-Service,EndDevice-48,Application-48-Service,47600
18215,Application-16,M_Req,missing_destination,41,Application-16-Service,EndDevice-16,Application-16-Service,47600
18217,Application-14,M_Req,missing_destination,39,Application-14-Service,EndDevice-14,Application-14-Service,47600
18219,Application-4,M_Req,missing_destination,29,Application-4-Service,EndDevice-4,Application-4-Service,47600
18229,Application-35,M_Req,missing_destination,60,Application-35-Service,EndDevice-35,Application-35-Service,47600
18234,Application-34,M_Req,missing_destination,59,Application-34-Service,EndDevice-34,Application-34-Service,47600
18239,Application-1,M_Req,missing_destination,26,Application-1-Service,EndDevice-1,Application-1-Service,47700
18242,Application-3,M_Req,missing_destination,28,Application-3-Service,EndDevice-3,Application-3-Service,47700
18256,Application-13,M_Req,missing_destination,38,Application-13-Service,EndDevice-13,Application-13-Service,47700
18261,Application-15,M_Req,missing_destination,40,Application-15-Service,EndDevice-15,Application-15-Service,47700
18262,Application-48,M_Req,missing_destination,73,Application-48-Service,EndDevice-48,Application-48-Service,47700
18263,Application-16,M_Req,missing_destination,41,Application-16-Service,EndDevice-16,Application-16-Service,47700
18265,Application-14,M_Req,missing_destination,39,Application-14-Service,EndDevice-14,Application-14-Service,47700
18267,Application-4,M_Req,missing_destination,29,Application-4-Service,EndDevice-4,Application-4-Service,47700
18277,Application-35,M_Req,missing_destination,60,Application-35-Service,EndDevice-35,Application-35-Service,47700
18282,Application-34,M_Req,missing_destination,59,Application-34-Service,EndDevice-34,Application-34-Service,47700
18315,Application-21,M_Req,missing_destination,46,Application-21-Service,EndDevice-21,Application-21-Service,47900
18316,Application-31,M_Req,missing_destination,56,Application-31-Service,EndDevice-31,Application-31-Service,47900
18322,Application-22,M_Req,missing_destination,47,Application-22-Service,EndDevice-22,Application-22-Service,47900
18325,Application-24,M_Req,missing_destination,49,Application-24-Service,EndDevice-24,Application-24-Service,47900
18339,Application-23,M_Req,missing_destination,48,Application-23-Service,EndDevice-23,Application-23-Service,47900
18342,Application-32,M_Req,missing_destination,57,Application-32-Service,EndDevice-32,Application-32-Service,47900
18346,Application-30,M_Req,missing_destination,55,Application-30-Service,EndDevice-30,Application-30-Service,47900
18359,Application-29,M_Req,missing_destination,54,Application-29-Service,EndDevice-29,Application-29-Service,47900
18363,Application-31,M_Req,missing_destination,56,Application-31-Service,EndDevice-31,Application-31-Service,48000
18369,Application-22,M_Req,missing_destination,47,Application-22-Service,EndDevice-22,Application-22-Service,48000
18371,Application-24,M_Req,missing_destination,49,Application-24-Service,EndDevice-24,Application-24-Service,48000
18383,Application-23,M_Req,missing_destination,48,Application-23-Service,EndDevice-23,Application-23-Service,48000
18386,Application-32,M_Req,missing_destination,57,Application-32-Service,EndDevice-32,Application-32-Service,48000
18389,Application-30,M_Req,missing_destination,55,Application-30-Service,EndDevice-30,Application-30-Service,48000
18411,Application-31,M_Req,missing_destination,56,Application-31-Service,EndDevice-31,Application-31-Service,48100
18417,Application-22,M_Req,missing_destination,47,Application-22-Service,EndDevice-22,Application-22-Service,48100
18419,Application-24,M_Req,missing_destination,49,Application-24-Service,EndDevice-24,Application-24-Service,48100
18431,Application-23,M_Req,missing_destination,48,Application-23-Service,EndDevice-23,Application-23-Service,48100
18434,Application-32,M_Req,missing_destination,57,Application-32-Service,EndDevice-32,Application-32-Service,48100
18437,Application-30,M_Req,missing_destination,55,Application-30-Service,EndDevice-30,Application-30-Service,48100
18444,Application-6,M_Req,missing_destination,31,Application-6-Service,EndDevice-6,Application-6-Service,48200
18455,Application-31,M_Req,missing_destination,56,Application-31-Service,EndDevice-31,Application-31-Service,48200
18456,Application-35,M_Req,missing_destination,60,Application-35-Service,EndDevice-35,Application-35-Service,48200
18461,Application-22,M_Req,missing_destination,47,Application-22-Service,EndDevice-22,Application-22-Service,48200
18463,Application-24,M_Req,missing_destination,49,Application-24-Service,EndDevice-24,Application-24-Service,48200
18464,Application-8,M_Req,missing_destination,33,Application-8-Service,EndDevice-8,Application-8-Service,48200
18468,Application-7,M_Req,missing_destination,32,Application-7-Service,EndDevice-7,Application-7-Service,48200
18471,Application-12,M_Req,missing_destination,37,Application-12-Service,EndDevice-12,Application-12-Service,48300
18472,Application-23,M_Req,missing_destination,48,Application-23-Service,EndDevice-23,Application-23-Service,48300
18476,Application-30,M_Req,missing_destination,55,Application-30-Service,EndDevice-30,Application-30-Service,48300
18477,Application-5,M_Req,missing_destination,30,Application-5-Service,EndDevice-5,Application-5-Service,48300
18492,Application-6,M_Req,missing_destination,31,Application-6-Service,EndDevice-6,Application-6-Service,48300
18503,Application-31,M_Req,missing_destination,56,Application-31-Service,EndDevice-31,Application-31-Service,48300
18504,Application-35,M_Req,missing_destination,60,Application-35-Service,EndDevice-35,Application-35-Service,48300
18509,Application-22,M_Req,missing_destination,47,Application-22-Service,EndDevice-22,Application-22-Service,48300
18511,Application-24,M_Req,missing_destination,49,Application-24-Service,EndDevice-24,Application-24-Service,48300
18512,Application-8,M_Req,missing_destination,33,Application-8-Service,EndDevice-8,Application-8-Service,48300
18516,Application-7,M_Req,missing_destination,32,Application-7-Service,EndDevice-7,Application-7-Service,48300
18518,Application-12,M_Req,missing_destination,37,Application-12-Service,EndDevice-12,Application-12-Service,48400
18523,Application-30,M_Req,missing_destination,55,Application-30-Service,EndDevice-30,Application-30-Service,48400
18544,Application-44,M_Req,missing_destination,69,Application-44-Service,EndDevice-44,Application-44-Service,48500
18549,Application-43,M_Req,missing_destination,68,Application-43-Service,EndDevice-43,Application-43-Service,48500
18553,Application-13,M_Req,missing_destination,38,Application-13-Service,EndDevice-13,Application-13-Service,48500
18556,Application-42,M_Req,missing_destination,67,Application-42-Service,EndDevice-42,Application-42-Service,48500
18559,Application-41,M_Req,missing_destination,66,Application-41-Service,EndDevice-41,Application-41-Service,48500
18562,Application-15,M_Req,missing_destination,40,Application-15-Service,EndDevice-15,Application-15-Service,48500
18566,Application-12,M_Req,missing_destination,37,Application-12-Service,EndDevice-12,Application-12-Service,48500
18571,Application-30,M_Req,missing_destination,55,Application-30-Service,EndDevice-30,Application-30-Service,48500
18581,Application-16,M_Req,missing_destination,41,Application-16-Service,EndDevice-16,Application-16-Service,48500
18583,Application-14,M_Req,missing_destination,39,Application-14-Service,EndDevice-14,Application-14-Service,48500
18592,Application-44,M_Req,missing_destination,69,Application-44-Service,EndDevice-44,Application-44-Service,48600
18595,Application-43,M_Req,missing_destination,68,Application-43-Service,EndDevice-43,Application-43-Service,48600
18599,Application-13,M_Req,missing_destination,38,Application-13-Service,EndDevice-13,Application-13-Service,48600
18601,Application-42,M_Req,missing_destination,67,Application-42-Service,EndDevice-42,Application-42-Service,48600
18604,Application-41,M_Req,missing_destination,66,Application-41-Service,EndDevice-41,Application-41-Service,48600
18606,Application-15,M_Req,missing_destination,40,Application-15-Service,EndDevice-15,Application-15-Service,48600
18613,Application-30,M_Req,missing_destination,55,Application-30-Service,EndDevice-30,Application-30-Service,48600
18640,Application-44,M_Req,missing_destination,69,Application-44-Service,EndDevice-44,Application-44-Service,48700
18643,Application-43,M_Req,missing_destination,68,Application-43-Service,EndDevice-43,Application-43-Service,48700
18649,Application-42,M_Req,missing_destination,67,Application-42-Service,EndDevice-42,Application-42-Service,48700
18652,Application-41,M_Req,missing_destination,66,Application-41-Service,EndDevice-41,Application-41-Service,48700
18661,Application-30,M_Req,missing_destination,55,Application-30-Service,EndDevice-30,Application-30-Service,48700
18669,Application-19,M_Req,missing_destination,44,Application-19-Service,EndDevice-19,Application-19-Service,48800
18670,Application-39,M_Req,missing_destination,64,Application-39-Service,EndDevice-39,Application-39-Service,48800
18672,Application-9,M_Req,missing_destination,34,Application-9-Service,EndDevice-9,Application-9-Service,48800
18675,Application-37,M_Req,missing_destination,62,Application-37-Service,EndDevice-37,Application-37-Service,48800
18679,Application-40,M_Req,missing_destination,65,Application-40-Service,EndDevice-40,Application-40-Service,48800
18683,Application-22,M_Req,missing_destination,47,Application-22-Service,EndDevice-22,Application-22-Service,48800
18685,Application-44,M_Req,missing_destination,69,Application-44-Service,EndDevice-44,Application-44-Service,48800
18688,Application-43,M_Req,missing_destination,68,Application-43-Service,EndDevice-43,Application-43-Service,48800
18690,Application-24,M_Req,missing_destination,49,Application-24-Service,EndDevice-24,Application-24-Service,48800
18692,Application-7,M_Req,missing_destination,32,Application-7-Service,EndDevice-7,Application-7-Service,48800
18693,Application-42,M_Req,missing_destination,67,Application-42-Service,EndDevice-42,Application-42-Service,48800
18694,Application-41,M_Req,missing_destination,66,Application-41-Service,EndDevice-41,Application-41-Service,48800
18695,Application-17,M_Req,missing_destination,42,Application-17-Service,EndDevice-17,Application-17-Service,48800
18696,Application-20,M_Req,missing_destination,45,Application-20-Service,EndDevice-20,Application-20-Service,48800
18698,Application-38,M_Req,missing_destination,63,Application-38-Service,EndDevice-38,Application-38-Service,48900
18717,Application-19,M_Req,missing_destination,44,Application-19-Service,EndDevice-19,Application-19-Service,48900
18718,Application-39,M_Req,missing_destination,64,Application-39-Service,EndDevice-39,Application-39-Service,48900
18720,Application-9,M_Req,missing_destination,34,Application-9-Service,EndDevice-9,Application-9-Service,48900
18723,Application-37,M_Req,missing_destination,62,Application-37-Service,EndDevice-37,Application-37-Service,48900
18727,Application-40,M_Req,missing_destination,65,Application-40-Service,EndDevice-40,Application-40-Service,48900
18731,Application-22,M_Req,missing_destination,47,Application-22-Service,EndDevice-22,Application-22-Service,48900
18733,Application-44,M_Req,missing_destination,69,Application-44-Service,EndDevice-44,Application-44-Service,48900
18736,Application-43,M_Req,missing_destination,68,Application-43-Service,EndDevice-43,Application-43-Service,48900
18738,Application-24,M_Req,missing_destination,49,Application-24-Service,EndDevice-24,Application-24-Service,48900
18740,Application-7,M_Req,missing_destination,32,Application-7-Service,EndDevice-7,Application-7-Service,48900
18741,Application-42,M_Req,missing_destination,67,Application-42-Service,EndDevice-42,Application-42-Service,48900
18742,Application-41,M_Req,missing_destination,66,Application-41-Service,EndDevice-41,Application-41-Service,48900
18743,Application-17,M_Req,missing_destination,42,Application-17-Service,EndDevice-17,Application-17-Service,48900
18744,Application-20,M_Req,missing_destination,45,Application-20-Service,EndDevice-20,Application-20-Service,48900
18763,Application-19,M_Req,missing_destination,44,Application-19-Service,EndDevice-19,Application-19-Service,49000
18766,Application-9,M_Req,missing_destination,34,Application-9-Service,EndDevice-9,Application-9-Service,49000
18788,Application-37,M_Req,missing_destination,62,Application-37-Service,EndDevice-37,Application-37-Service,49100
18791,Application-40,M_Req,missing_destination,65,Application-40-Service,EndDevice-40,Application-40-Service,49100
18794,Application-38,M_Req,missing_destination,63,Application-38-Service,EndDevice-38,Application-38-Service,49100
18800,Application-1,M_Req,missing_destination,26,Application-1-Service,EndDevice-1,Application-1-Service,49100
18801,Application-4,M_Req,missing_destination,29,Application-4-Service,EndDevice-4,Application-4-Service,49100
18811,Application-19,M_Req,missing_destination,44,Application-19-Service,EndDevice-19,Application-19-Service,49100
18812,Application-39,M_Req,missing_destination,64,Application-39-Service,EndDevice-39,Application-39-Service,49100
18814,Application-9,M_Req,missing_destination,34,Application-9-Service,EndDevice-9,Application-9-Service,49100
18815,Application-3,M_Req,missing_destination,28,Application-3-Service,EndDevice-3,Application-3-Service,49100
18819,Application-10,M_Req,missing_destination,35,Application-10-Service,EndDevice-10,Application-10-Service,49100
18822,Application-22,M_Req,missing_destination,47,Application-22-Service,EndDevice-22,Application-22-Service,49100
18823,Application-2,M_Req,missing_destination,27,Application-2-Service,EndDevice-2,Application-2-Service,49100
18836,Application-40,M_Req,missing_destination,65,Application-40-Service,EndDevice-40,Application-40-Service,49200
18838,Application-38,M_Req,missing_destination,63,Application-38-Service,EndDevice-38,Application-38-Service,49200
18843,Application-1,M_Req,missing_destination,26,Application-1-Service,EndDevice-1,Application-1-Service,49200
18844,Application-4,M_Req,missing_destination,29,Application-4-Service,EndDevice-4,Application-4-Service,49200
18917,Application-7,M_Req,missing_destination,32,Application-7-Service,EndDevice-7,Application-7-Service,49400
18919,Application-17,M_Req,missing_destination,42,Application-17-Service,EndDevice-17,Application-17-Service,49400
18920,Application-8,M_Req,missing_destination,33,Application-8-Service,EndDevice-8,Application-8-Service,49400
18925,Application-40,M_Req,missing_destination,65,Application-40-Service,EndDevice-40,Application-40-Service,49400
18927,Application-38,M_Req,missing_destination,63,Application-38-Service,EndDevice-38,Application-38-Service,49500
18931,Application-5,M_Req,missing_destination,30,Application-5-Service,EndDevice-5,Application-5-Service,49500
18965,Application-7,M_Req,missing_destination,32,Application-7-Service,EndDevice-7,Application-7-Service,49500
18967,Application-17,M_Req,missing_destination,42,Application-17-Service,EndDevice-17,Application-17-Service,49500
18968,Application-8,M_Req,missing_destination,33,Application-8-Service,EndDevice-8,Application-8-Service,49500
18973,Application-40,M_Req,missing_destination,65,Application-40-Service,EndDevice-40,Application-40-Service,49500
18979,Application-5,M_Req,missing_destination,30,Application-5-Service,EndDevice-5,Application-5-Service,49600
19013,Application-20,M_Req,missing_destination,45,Application-20-Service,EndDevice-20,Application-20-Service,49700
19024,Application-23,M_Req,missing_destination,48,Application-23-Service,EndDevice-23,Application-23-Service,49700
19027,Application-5,M_Req,missing_destination,30,Application-5-Service,EndDevice-5,Application-5-Service,49700
19031,Application-18,M_Req,missing_destination,43,Application-18-Service,EndDevice-18,Application-18-Service,49700
19033,Application-24,M_Req,missing_destination,49,Application-24-Service,EndDevice-24,Application-24-Service,49700
19037,Application-21,M_Req,missing_destination,46,Application-21-Service,EndDevice-21,Application-21-Service,49700
19045,Application-22,M_Req,missing_destination,47,Application-22-Service,EndDevice-22,Application-22-Service,49700
19046,Application-2,M_Req,missing_destination,27,Application-2-Service,EndDevice-2,Application-2-Service,49700
19058,Application-20,M_Req,missing_destination,45,Application-20-Service,EndDevice-20,Application-20-Service,49800
19067,Application-23,M_Req,missing_destination,48,Application-23-Service,EndDevice-23,Application-23-Service,49800
19073,Application-18,M_Req,missing_destination,43,Application-18-Service,EndDevice-18,Application-18-Service,49800
19075,Application-24,M_Req,missing_destination,49,Application-24-Service,EndDevice-24,Application-24-Service,49800
19079,Application-21,M_Req,missing_destination,46,Application-21-Service,EndDevice-21,Application-21-Service,49800
19106,Application-20,M_Req,missing_destination,45,Application-20-Service,EndDevice-20,Application-20-Service,49900
19115,Application-23,M_Req,missing_destination,48,Application-23-Service,EndDevice-23,Application-23-Service,49900
19121,Application-18,M_Req,missing_destination,43,Application-18-Service,EndDevice-18,Application-18-Service,49900
19123,Application-24,M_Req,missing_destination,49,Application-24-Service,EndDevice-24,Application-24-Service,49900
19127,Application-21,M_Req,missing_destination,46,Application-21-Service,EndDevice-21,Application-21-Service,49900
19129,Application-9,M_Req,missing_destination,34,Application-9-Service,EndDevice-9,Application-9-Service,50000
19135,Application-35,M_Req,missing_destination,60,Application-35-Service,EndDevice-35,Application-35-Service,50000
19137,Application-33,M_Req,missing_destination,58,Application-33-Service,EndDevice-33,Application-33-Service,50000
19139,Application-14,M_Req,missing_destination,39,Application-14-Service,EndDevice-14,Application-14-Service,50000
19144,Application-13,M_Req,missing_destination,38,Application-13-Service,EndDevice-13,Application-13-Service,50000
19146,Application-12,M_Req,missing_destination,37,Application-12-Service,EndDevice-12,Application-12-Service,50000
19147,Application-17,M_Req,missing_destination,42,Application-17-Service,EndDevice-17,Application-17-Service,50000
19149,Application-36,M_Req,missing_destination,61,Application-36-Service,EndDevice-36,Application-36-Service,50000
19152,Application-34,M_Req,missing_destination,59,Application-34-Service,EndDevice-34,Application-34-Service,50000
19153,Application-15,M_Req,missing_destination,40,Application-15-Service,EndDevice-15,Application-15-Service,50000
19163,Application-24,M_Req,missing_destination,49,Application-24-Service,EndDevice-24,Application-24-Service,50100
19166,Application-21,M_Req,missing_destination,46,Application-21-Service,EndDevice-21,Application-21-Service,50100
19177,Application-9,M_Req,missing_destination,34,Application-9-Service,EndDevice-9,Application-9-Service,50100
19183,Application-35,M_Req,missing_destination,60,Application-35-Service,EndDevice-35,Application-35-Service,50100
19185,Application-33,M_Req,missing_destination,58,Application-33-Service,EndDevice-33,Application-33-Service,50100
19187,Application-14,M_Req,missing_destination,39,Application-14-Service,EndDevice-14,Application-14-Service,50100
19192,Application-13,M_Req,missing_destination,38,Application-13-Service,EndDevice-13,Application-13-Service,50100
19194,Application-12,M_Req,missing_destination,37,Application-12-Service,EndDevice-12,Application-12-Service,50100
19195,Application-17,M_Req,missing_destination,42,Application-17-Service,EndDevice-17,Application-17-Service,50100
19197,Application-36,M_Req,missing_destination,61,Application-36-Service,EndDevice-36,Application-36-Service,50100
19200,Application-34,M_Req,missing_destination,59,Application-34-Service,EndDevice-34,Application-34-Service,50100
19201,Application-15,M_Req,missing_destination,40,Application-15-Service,EndDevice-15,Application-15-Service,50100
19208,Application-24,M_Req,missing_destination,49,Application-24-Service,EndDevice-24,Application-24-Service,50200
19219,Application-9,M_Req,missing_destination,34,Application-9-Service,EndDevice-9,Application-9-Service,50200
19228,Application-14,M_Req,missing_destination,39,Application-14-Service,EndDevice-14,Application-14-Service,50200
19231,Application-13,M_Req,missing_destination,38,Application-13-Service,EndDevice-13,Application-13-Service,50200
19234,Application-17,M_Req,missing_destination,42,Application-17-Service,EndDevice-17,Application-17-Service,50300
19235,Application-8,M_Req,missing_destination,33,Application-8-Service,EndDevice-8,Application-8-Service,50300
19240,Application-15,M_Req,missing_destination,40,Application-15-Service,EndDevice-15,Application-15-Service,50300
19256,Application-24,M_Req,missing_destination,49,Application-24-Service,EndDevice-24,Application-24-Service,50300
19257,Application-6,M_Req,missing_destination,31,Application-6-Service,EndDevice-6,Application-6-Service,50300
19259,Application-18,M_Req,missing_destination,43,Application-18-Service,EndDevice-18,Application-18-Service,50300
19261,Application-19,M_Req,missing_destination,44,Application-19-Service,EndDevice-19,Application-19-Service,50300
19262,Application-20,M_Req,missing_destination,45,Application-20-Service,EndDevice-20,Application-20-Service,50300
19263,Application-7,M_Req,missing_destination,32,Application-7-Service,EndDevice-7,Application-7-Service,50300
19267,Application-9,M_Req,missing_destination,34,Application-9-Service,EndDevice-9,Application-9-Service,50300
19276,Application-14,M_Req,missing_destination,39,Application-14-Service,EndDevice-14,Application-14-Service,50300
19279,Application-13,M_Req,missing_destination,38,Application-13-Service,EndDevice-13,Application-13-Service,50300
19282,Application-17,M_Req,missing_destination,42,Application-17-Service,EndDevice-17,Application-17-Service,50400
19283,Application-8,M_Req,missing_destination,33,Application-8-Service,EndDevice-8,Application-8-Service,50400
19299,Application-24,M_Req,missing_destination,49,Application-24-Service,EndDevice-24,Application-24-Service,50400
19300,Application-6,M_Req,missing_destination,31,Application-6-Service,EndDevice-6,Application-6-Service,50400
19302,Application-18,M_Req,missing_destination,43,Application-18-Service,EndDevice-18,Application-18-Service,50400
19304,Application-19,M_Req,missing_destination,44,Application-19-Service,EndDevice-19,Application-19-Service,50400
19305,Application-20,M_Req,missing_destination,45,Application-20-Service,EndDevice-20,Application-20-Service,50400
19330,Application-17,M_Req,missing_destination,42,Application-17-Service,EndDevice-17,Application-17-Service,50500
19350,Application-18,M_Req,missing_destination,43,Application-18-Service,EndDevice-18,Application-18-Service,50500
19352,Application-19,M_Req,missing_destination,44,Application-19-Service,EndDevice-19,Application-19-Service,50500
19353,Application-20,M_Req,missing_destination,45,Application-20-Service,EndDevice-20,Application-20-Service,50500
19356,Application-47,M_Req,missing_destination,72,Application-47-Service,EndDevice-47,Application-47-Service,50600
19358,Application-2,M_Req,missing_destination,27,Application-2-Service,EndDevice-2,Application-2-Service,50600
19364,Application-13,M_Req,missing_destination,38,Application-13-Service,EndDevice-13,Application-13-Service,50600
19366,Application-12,M_Req,missing_destination,37,Application-12-Service,EndDevice-12,Application-12-Service,50600
19371,Application-9,M_Req,missing_destination,34,Application-9-Service,EndDevice-9,Application-9-Service,50600
19372,Application-3,M_Req,missing_destination,28,Application-3-Service,EndDevice-3,Application-3-Service,50600
19373,Application-1,M_Req,missing_destination,26,Application-1-Service,EndDevice-1,Application-1-Service,50600
19376,Application-17,M_Req,missing_destination,42,Application-17-Service,EndDevice-17,Application-17-Service,50600
19381,Application-45,M_Req,missing_destination,70,Application-45-Service,EndDevice-45,Application-45-Service,50600
19386,Application-4,M_Req,missing_destination,29,Application-4-Service,EndDevice-4,Application-4-Service,50600
19404,Application-47,M_Req,missing_destination,72,Application-47-Service,EndDevice-47,Application-47-Service,50700
19406,Application-2,M_Req,missing_destination,27,Application-2-Service,EndDevice-2,Application-2-Service,50700
19412,Application-13,M_Req,missing_destination,38,Application-13-Service,EndDevice-13,Application-13-Service,50700
19414,Application-12,M_Req,missing_destination,37,Application-12-Service,EndDevice-12,Application-12-Service,50700
19419,Application-9,M_Req,missing_destination,34,Application-9-Service,EndDevice-9,Application-9-Service,50700
19420,Application-3,M_Req,missing_destination,28,Application-3-Service,EndDevice-3,Application-3-Service,50700
19421,Application-1,M_Req,missing_destination,26,Application-1-Service,EndDevice-1,Application-1-Service,50700
19424,Application-17,M_Req,missing_destination,42,Application-17-Service,EndDevice-17,Application-17-Service,50700
19429,Application-45,M_Req,missing_destination,70,Application-45-Service,EndDevice-45,Application-45-Service,50700
19434,Application-4,M_Req,missing_destination,29,Application-4-Service,EndDevice-4,Application-4-Service,50700
19450,Application-47,M_Req,missing_destination,72,Application-47-Service,EndDevice-47,Application-47-Service,50800
19457,Application-12,M_Req,missing_destination,37,Application-12-Service,EndDevice-12,Application-12-Service,50800
19481,Application-23,M_Req,missing_destination,48,Application-23-Service,EndDevice-23,Application-23-Service,50900
19485,Application-24,M_Req,missing_destination,49,Application-24-Service,EndDevice-24,Application-24-Service,50900
19490,Application-30,M_Req,missing_destination,55,Application-30-Service,EndDevice-30,Application-30-Service,50900
19493,Application-48,M_Req,missing_destination,73,Application-48-Service,EndDevice-48,Application-48-Service,50900
19498,Application-47,M_Req,missing_destination,72,Application-47-Service,EndDevice-47,Application-47-Service,50900
19500,Application-29,M_Req,missing_destination,54,Application-29-Service,EndDevice-29,Application-29-Service,50900
19505,Application-12,M_Req,missing_destination,37,Application-12-Service,EndDevice-12,Application-12-Service,50900
19506,Application-21,M_Req,missing_destination,46,Application-21-Service,EndDevice-21,Application-21-Service,50900
19508,Application-32,M_Req,missing_destination,57,Application-32-Service,EndDevice-32,Application-32-Service,50900
19509,Application-15,M_Req,missing_destination,40,Application-15-Service,EndDevice-15,Application-15-Service,50900
19511,Application-22,M_Req,missing_destination,47,Application-22-Service,EndDevice-22,Application-22-Service,50900
19512,Application-31,M_Req,missing_destination,56,Application-31-Service,EndDevice-31,Application-31-Service,50900
19524,Application-23,M_Req,missing_destination,48,Application-23-Service,EndDevice-23,Application-23-Service,51000
19528,Application-24,M_Req,missing_destination,49,Application-24-Service,EndDevice-24,Application-24-Service,51000
19531,Application-30,M_Req,missing_destination,55,Application-30-Service,EndDevice-30,Application-30-Service,51000
19534,Application-48,M_Req,missing_destination,73,Application-48-Service,EndDevice-48,Application-48-Service,51000
19572,Application-23,M_Req,missing_destination,48,Application-23-Service,EndDevice-23,Application-23-Service,51100
19576,Application-24,M_Req,missing_destination,49,Application-24-Service,EndDevice-24,Application-24-Service,51100
19579,Application-30,M_Req,missing_destination,55,Application-30-Service,EndDevice-30,Application-30-Service,51100
19582,Application-48,M_Req,missing_destination,73,Application-48-Service,EndDevice-48,Application-48-Service,51100
19591,Application-5,M_Req,missing_destination,30,Application-5-Service,EndDevice-5,Application-5-Service,51200
19601,Application-6,M_Req,missing_destination,31,Application-6-Service,EndDevice-6,Application-6-Service,51200
19605,Application-17,M_Req,missing_destination,42,Application-17-Service,EndDevice-17,Application-17-Service,51200
19606,Application-8,M_Req,missing_destination,33,Application-8-Service,EndDevice-8,Application-8-Service,51200
19615,Application-23,M_Req,missing_destination,48,Application-23-Service,EndDevice-23,Application-23-Service,51200
19639,Application-5,M_Req,missing_destination,30,Application-5-Service,EndDevice-5,Application-5-Service,51300
19649,Application-6,M_Req,missing_destination,31,Application-6-Service,EndDevice-6,Application-6-Service,51300
19653,Application-17,M_Req,missing_destination,42,Application-17-Service,EndDevice-17,Application-17-Service,51300
19654,Application-8,M_Req,missing_destination,33,Application-8-Service,EndDevice-8,Application-8-Service,51300
19663,Application-23,M_Req,missing_destination,48,Application-23-Service,EndDevice-23,Application-23-Service,51300
19697,Application-8,M_Req,missing_destination,33,Application-8-Service,EndDevice-8,Application-8-Service,51500
19699,Application-34,M_Req,missing_destination,59,Application-34-Service,EndDevice-34,Application-34-Service,51500
19702,Application-33,M_Req,missing_destination,58,Application-33-Service,EndDevice-33,Application-33-Service,51500
19708,Application-46,M_Req,missing_destination,71,Application-46-Service,EndDevice-46,Application-46-Service,51500
19725,Application-36,M_Req,missing_destination,61,Application-36-Service,EndDevice-36,Application-36-Service,51500
19741,Application-35,M_Req,missing_destination,60,Application-35-Service,EndDevice-35,Application-35-Service,51500
19745,Application-8,M_Req,missing_destination,33,Application-8-Service,EndDevice-8,Application-8-Service,51600
19746,Application-34,M_Req,missing_destination,59,Application-34-Service,EndDevice-34,Application-34-Service,51600
19748,Application-33,M_Req,missing_destination,58,Application-33-Service,EndDevice-33,Application-33-Service,51600
19753,Application-46,M_Req,missing_destination,71,Application-46-Service,EndDevice-46,Application-46-Service,51600
19766,Application-36,M_Req,missing_destination,61,Application-36-Service,EndDevice-36,Application-36-Service,51600
19793,Application-8,M_Req,missing_destination,33,Application-8-Service,EndDevice-8,Application-8-Service,51700
19794,Application-34,M_Req,missing_destination,59,Application-34-Service,EndDevice-34,Application-34-Service,51700
19796,Application-33,M_Req,missing_destination,58,Application-33-Service,EndDevice-33,Application-33-Service,51700
19814,Application-36,M_Req,missing_destination,61,Application-36-Service,EndDevice-36,Application-36-Service,51700
19820,Application-14,M_Req,missing_destination,39,Application-14-Service,EndDevice-14,Application-14-Service,51800
19821,Application-13,M_Req,missing_destination,38,Application-13-Service,EndDevice-13,Application-13-Service,51800
19822,Application-32,M_Req,missing_destination,57,Application-32-Service,EndDevice-32,Application-32-Service,51800
19823,Application-15,M_Req,missing_destination,40,Application-15-Service,EndDevice-15,Application-15-Service,51800
19824,Application-35,M_Req,missing_destination,60,Application-35-Service,EndDevice-35,Application-35-Service,51800
19829,Application-38,M_Req,missing_destination,63,Application-38-Service,EndDevice-38,Application-38-Service,51800
19834,Application-34,M_Req,missing_destination,59,Application-34-Service,EndDevice-34,Application-34-Service,51800
19836,Application-33,M_Req,missing_destination,58,Application-33-Service,EndDevice-33,Application-33-Service,51800
19838,Application-37,M_Req,missing_destination,62,Application-37-Service,EndDevice-37,Application-37-Service,51800
19844,Application-39,M_Req,missing_destination,64,Application-39-Service,EndDevice-39,Application-39-Service,51900
19848,Application-16,M_Req,missing_destination,41,Application-16-Service,EndDevice-16,Application-16-Service,51900
19854,Application-40,M_Req,missing_destination,65,Application-40-Service,EndDevice-40,Application-40-Service,51900
19868,Application-14,M_Req,missing_destination,39,Application-14-Service,EndDevice-14,Application-14-Service,51900
19869,Application-13,M_Req,missing_destination,38,Application-13-Service,EndDevice-13,Application-13-Service,51900
19870,Application-32,M_Req,missing_destination,57,Application-32-Service,EndDevice-32,Application-32-Service,51900
19871,Application-15,M_Req,missing_destination,40,Application-15-Service,EndDevice-15,Application-15-Service,51900
19872,Application-35,M_Req,missing_destination,60,Application-35-Service,EndDevice-35,Application-35-Service,51900
19877,Application-38,M_Req,missing_destination,63,Application-38-Service,EndDevice-38,Application-38-Service,51900
19882,Application-34,M_Req,missing_destination,59,Application-34-Service,EndDevice-34,Application-34-Service,51900
19884,Application-33,M_Req,missing_destination,58,Application-33-Service,EndDevice-33,Application-33-Service,51900
19886,Application-37,M_Req,missing_destination,62,Application-37-Service,EndDevice-37,Application-37-Service,51900
19892,Application-39,M_Req,missing_destination,64,Application-39-Service,EndDevice-39,Application-39-Service,52000
19895,Application-16,M_Req,missing_destination,41,Application-16-Service,EndDevice-16,Application-16-Service,52000
19899,Application-40,M_Req,missing_destination,65,Application-40-Service,EndDevice-40,Application-40-Service,52000
19912,Application-14,M_Req,missing_destination,39,Application-14-Service,EndDevice-14,Application-14-Service,52000
19913,Application-13,M_Req,missing_destination,38,Application-13-Service,EndDevice-13,Application-13-Service,52000
19914,Application-32,M_Req,missing_destination,57,Application-32-Service,EndDevice-32,Application-32-Service,52000
19915,Application-35,M_Req,missing_destination,60,Application-35-Service,EndDevice-35,Application-35-Service,52000
19920,Application-38,M_Req,missing_destination,63,Application-38-Service,EndDevice-38,Application-38-Service,52000
19925,Application-10,M_Req,missing_destination,35,Application-10-Service,EndDevice-10,Application-10-Service,52100
19926,Application-33,M_Req,missing_destination,58,Application-33-Service,EndDevice-33,Application-33-Service,52100
19927,Application-11,M_Req,missing_destination,36,Application-11-Service,EndDevice-11,Application-11-Service,52100
19930,Application-12,M_Req,missing_destination,37,Application-12-Service,EndDevice-12,Application-12-Service,52100
19932,Application-3,M_Req,missing_destination,28,Application-3-Service,EndDevice-3,Application-3-Service,52100
19934,Application-2,M_Req,missing_destination,27,Application-2-Service,EndDevice-2,Application-2-Service,52100
19938,Application-1,M_Req,missing_destination,26,Application-1-Service,EndDevice-1,Application-1-Service,52100
19940,Application-39,M_Req,missing_destination,64,Application-39-Service,EndDevice-39,Application-39-Service,52100
19943,Application-16,M_Req,missing_destination,41,Application-16-Service,EndDevice-16,Application-16-Service,52100
19947,Application-40,M_Req,missing_destination,65,Application-40-Service,EndDevice-40,Application-40-Service,52100
19960,Application-14,M_Req,missing_destination,39,Application-14-Service,EndDevice-14,Application-14-Service,52100
19961,Application-13,M_Req,missing_destination,38,Application-13-Service,EndDevice-13,Application-13-Service,52100
19962,Application-32,M_Req,missing_destination,57,Application-32-Service,EndDevice-32,Application-32-Service,52100
19963,Application-35,M_Req,missing_destination,60,Application-35-Service,EndDevice-35,Application-35-Service,52100
19965,Application-9,M_Req,missing_destination,34,Application-9-Service,EndDevice-9,Application-9-Service,52100
19968,Application-38,M_Req,missing_destination,63,Application-38-Service,EndDevice-38,Application-38-Service,52100
19969,Application-4,M_Req,missing_destination,29,Application-4-Service,EndDevice-4,Application-4-Service,52100
19973,Application-10,M_Req,missing_destination,35,Application-10-Service,EndDevice-10,Application-10-Service,52200
19974,Application-11,M_Req,missing_destination,36,Application-11-Service,EndDevice-11,Application-11-Service,52200
19980,Application-1,M_Req,missing_destination,26,Application-1-Service,EndDevice-1,Application-1-Service,52200
19982,Application-39,M_Req,missing_destination,64,Application-39-Service,EndDevice-39,Application-39-Service,52200
19985,Application-16,M_Req,missing_destination,41,Application-16-Service,EndDevice-16,Application-16-Service,52200
19988,Application-40,M_Req,missing_destination,65,Application-40-Service,EndDevice-40,Application-40-Service,52200
20021,Application-10,M_Req,missing_destination,35,Application-10-Service,EndDevice-10,Application-10-Service,52300
20022,Application-11,M_Req,missing_destination,36,Application-11-Service,EndDevice-11,Application-11-Service,52300
20028,Application-1,M_Req,missing_destination,26,Application-1-Service,EndDevice-1,Application-1-Service,52300
20047,Application-14,M_Req,missing_destination,39,Application-14-Service,EndDevice-14,Application-14-Service,52400
20048,Application-13,M_Req,missing_destination,38,Application-13-Service,EndDevice-13,Application-13-Service,52400
20056,Application-43,M_Req,missing_destination,68,Application-43-Service,EndDevice-43,Application-43-Service,52400
20057,Application-38,M_Req,missing_destination,63,Application-38-Service,EndDevice-38,Application-38-Service,52400
20064,Application-8,M_Req,missing_destination,33,Application-8-Service,EndDevice-8,Application-8-Service,52400
20067,Application-10,M_Req,missing_destination,35,Application-10-Service,EndDevice-10,Application-10-Service,52400
20068,Application-11,M_Req,missing_destination,36,Application-11-Service,EndDevice-11,Application-11-Service,52400
20069,Application-37,M_Req,missing_destination,62,Application-37-Service,EndDevice-37,Application-37-Service,52400
20072,Application-1,M_Req,missing_destination,26,Application-1-Service,EndDevice-1,Application-1-Service,52400
20073,Application-44,M_Req,missing_destination,69,Application-44-Service,EndDevice-44,Application-44-Service,52400
20076,Application-7,M_Req,missing_destination,32,Application-7-Service,EndDevice-7,Application-7-Service,52500
20077,Application-41,M_Req,missing_destination,66,Application-41-Service,EndDevice-41,Application-41-Service,52500
20083,Application-5,M_Req,missing_destination,30,Application-5-Service,EndDevice-5,Application-5-Service,52500
20095,Application-14,M_Req,missing_destination,39,Application-14-Service,EndDevice-14,Application-14-Service,52500
20096,Application-13,M_Req,missing_destination,38,Application-13-Service,EndDevice-13,Application-13-Service,52500
20104,Application-43,M_Req,missing_destination,68,Application-43-Service,EndDevice-43,Application-43-Service,52500
20105,Application-38,M_Req,missing_destination,63,Application-38-Service,EndDevice-38,Application-38-Service,52500
20112,Application-8,M_Req,missing_destination,33,Application-8-Service,EndDevice-8,Application-8-Service,52500
20115,Application-10,M_Req,missing_destination,35,Application-10-Service,EndDevice-10,Application-10-Service,52500
20116,Application-11,M_Req,missing_destination,36,Application-11-Service,EndDevice-11,Application-11-Service,52500
20117,Application-37,M_Req,missing_destination,62,Application-37-Service,EndDevice-37,Application-37-Service,52500
20120,Application-1,M_Req,missing_destination,26,Application-1-Service,EndDevice-1,Application-1-Service,52500
20121,Application-44,M_Req,missing_destination,69,Application-44-Service,EndDevice-44,Application-44-Service,52500
20129,Application-5,M_Req,missing_destination,30,Application-5-Service,EndDevice-5,Application-5-Service,52600
20139,Application-14,M_Req,missing_destination,39,Application-14-Service,EndDevice-14,Application-14-Service,52600
20153,Application-8,M_Req,missing_destination,33,Application-8-Service,EndDevice-8,Application-8-Service,52600
20158,Application-28,M_Req,missing_destination,53,Application-28-Service,EndDevice-28,Application-28-Service,52700
20159,Application-1,M_Req,missing_destination,26,Application-1-Service,EndDevice-1,Application-1-Service,52700
20164,Application-26,M_Req,missing_destination,51,Application-26-Service,EndDevice-26,Application-26-Service,52700
20176,Application-22,M_Req,missing_destination,47,Application-22-Service,EndDevice-22,Application-22-Service,52700
20177,Application-5,M_Req,missing_destination,30,Application-5-Service,EndDevice-5,Application-5-Service,52700
20178,Application-25,M_Req,missing_destination,50,Application-25-Service,EndDevice-25,Application-25-Service,52700
20179,Application-24,M_Req,missing_destination,49,Application-24-Service,EndDevice-24,Application-24-Service,52700
20182,Application-21,M_Req,missing_destination,46,Application-21-Service,EndDevice-21,Application-21-Service,52700
20187,Application-14,M_Req,missing_destination,39,Application-14-Service,EndDevice-14,Application-14-Service,52700
20190,Application-9,M_Req,missing_destination,34,Application-9-Service,EndDevice-9,Application-9-Service,52700
20191,Application-27,M_Req,missing_destination,52,Application-27-Service,EndDevice-27,Application-27-Service,52700
20195,Application-12,M_Req,missing_destination,37,Application-12-Service,EndDevice-12,Application-12-Service,52700
20199,Application-23,M_Req,missing_destination,48,Application-23-Service,EndDevice-23,Application-23-Service,52700
20201,Application-8,M_Req,missing_destination,33,Application-8-Service,EndDevice-8,Application-8-Service,52700
20205,Application-28,M_Req,missing_destination,53,Application-28-Service,EndDevice-28,Application-28-Service,52800
20210,Application-26,M_Req,missing_destination,51,Application-26-Service,EndDevice-26,Application-26-Service,52800
20221,Application-22,M_Req,missing_destination,47,Application-22-Service,EndDevice-22,Application-22-Service,52800
20222,Application-5,M_Req,missing_destination,30,Application-5-Service,EndDevice-5,Application-5-Service,52800
20223,Application-25,M_Req,missing_destination,50,Application-25-Service,EndDevice-25,Application-25-Service,52800
20224,Application-24,M_Req,missing_destination,49,Application-24-Service,EndDevice-24,Application-24-Service,52800
20227,Application-21,M_Req,missing_destination,46,Application-21-Service,EndDevice-21,Application-21-Service,52800
20269,Application-22,M_Req,missing_destination,47,Application-22-Service,EndDevice-22,Application-22-Service,52900
20270,Application-5,M_Req,missing_destination,30,Application-5-Service,EndDevice-5,Application-5-Service,52900
20272,Application-24,M_Req,missing_destination,49,Application-24-Service,EndDevice-24,Application-24-Service,52900
20275,Application-21,M_Req,missing_destination,46,Application-21-Service,EndDevice-21,Application-21-Service,52900
20279,Application-33,M_Req,missing_destination,58,Application-33-Service,EndDevice-33,Application-33-Service,53000
20282,Application-23,M_Req,missing_destination,48,Application-23-Service,EndDevice-23,Application-23-Service,53000
20283,Application-2,M_Req,missing_destination,27,Application-2-Service,EndDevice-2,Application-2-Service,53000
20286,Application-35,M_Req,missing_destination,60,Application-35-Service,EndDevice-35,Application-35-Service,53000
20294,Application-28,M_Req,missing_destination,53,Application-28-Service,EndDevice-28,Application-28-Service,53000
20299,Application-26,M_Req,missing_destination,51,Application-26-Service,EndDevice-26,Application-26-Service,53000
20311,Application-25,M_Req,missing_destination,50,Application-25-Service,EndDevice-25,Application-25-Service,53100
20315,Application-36,M_Req,missing_destination,61,Application-36-Service,EndDevice-36,Application-36-Service,53100
20327,Application-33,M_Req,missing_destination,58,Application-33-Service,EndDevice-33,Application-33-Service,53100
20330,Application-23,M_Req,missing_destination,48,Application-23-Service,EndDevice-23,Application-23-Service,53100
20331,Application-2,M_Req,missing_destination,27,Application-2-Service,EndDevice-2,Application-2-Service,53100
20334,Application-35,M_Req,missing_destination,60,Application-35-Service,EndDevice-35,Application-35-Service,53100
20342,Application-28,M_Req,missing_destination,53,Application-28-Service,EndDevice-28,Application-28-Service,53100
20347,Application-26,M_Req,missing_destination,51,Application-26-Service,EndDevice-26,Application-26-Service,53100
20362,Application-36,M_Req,missing_destination,61,Application-36-Service,EndDevice-36,Application-36-Service,53200
20372,Application-33,M_Req,missing_destination,58,Application-33-Service,EndDevice-33,Application-33-Service,53200
20375,Application-2,M_Req,missing_destination,27,Application-2-Service,EndDevice-2,Application-2-Service,53200
20378,Application-35,M_Req,missing_destination,60,Application-35-Service,EndDevice-35,Application-35-Service,53200
20384,Application-13,M_Req,missing_destination,38,Application-13-Service,EndDevice-13,Application-13-Service,53300
20396,Application-15,M_Req,missing_destination,40,Application-15-Service,EndDevice-15,Application-15-Service,53300
20397,Application-44,M_Req,missing_destination,69,Application-44-Service,EndDevice-44,Application-44-Service,53300
20400,Application-41,M_Req,missing_destination,66,Application-41-Service,EndDevice-41,Application-41-Service,53300
20409,Application-16,M_Req,missing_destination,41,Application-16-Service,EndDevice-16,Application-16-Service,53300
20410,Application-36,M_Req,missing_destination,61,Application-36-Service,EndDevice-36,Application-36-Service,53300
20416,Application-43,M_Req,missing_destination,68,Application-43-Service,EndDevice-43,Application-43-Service,53300
20418,Application-14,M_Req,missing_destination,39,Application-14-Service,EndDevice-14,Application-14-Service,53300
20420,Application-33,M_Req,missing_destination,58,Application-33-Service,EndDevice-33,Application-33-Service,53300
20423,Application-2,M_Req,missing_destination,27,Application-2-Service,EndDevice-2,Application-2-Service,53300
20425,Application-42,M_Req,missing_destination,67,Application-42-Service,EndDevice-42,Application-42-Service,53300
20426,Application-35,M_Req,missing_destination,60,Application-35-Service,EndDevice-35,Application-35-Service,53300
20428,Application-1,M_Req,missing_destination,26,Application-1-Service,EndDevice-1,Application-1-Service,53300
20432,Application-13,M_Req,missing_destination,38,Application-13-Service,EndDevice-13,Application-13-Service,53400
20440,Application-15,M_Req,missing_destination,40,Application-15-Service,EndDevice-15,Application-15-Service,53400
20441,Application-44,M_Req,missing_destination,69,Application-44-Service,EndDevice-44,Application-44-Service,53400
20444,Application-41,M_Req,missing_destination,66,Application-41-Service,EndDevice-41,Application-41-Service,53400
20453,Application-16,M_Req,missing_destination,41,Application-16-Service,EndDevice-16,Application-16-Service,53400
20454,Application-36,M_Req,missing_destination,61,Application-36-Service,EndDevice-36,Application-36-Service,53400
20458,Application-43,M_Req,missing_destination,68,Application-43-Service,EndDevice-43,Application-43-Service,53400
20480,Application-13,M_Req,missing_destination,38,Application-13-Service,EndDevice-13,Application-13-Service,53500
20488,Application-15,M_Req,missing_destination,40,Application-15-Service,EndDevice-15,Application-15-Service,53500
20501,Application-16,M_Req,missing_destination,41,Application-16-Service,EndDevice-16,Application-16-Service,53500
20511,Application-30,M_Req,missing_destination,55,Application-30-Service,EndDevice-30,Application-30-Service,53600
20513,Application-42,M_Req,missing_destination,67,Application-42-Service,EndDevice-42,Application-42-Service,53600
20514,Application-31,M_Req,missing_destination,56,Application-31-Service,EndDevice-31,Application-31-Service,53600
20524,Application-13,M_Req,missing_destination,38,Application-13-Service,EndDevice-13,Application-13-Service,53600
20530,Application-15,M_Req,missing_destination,40,Application-15-Service,EndDevice-15,Application-15-Service,53600
20531,Application-44,M_Req,missing_destination,69,Application-44-Service,EndDevice-44,Application-44-Service,53600
20533,Application-41,M_Req,missing_destination,66,Application-41-Service,EndDevice-41,Application-41-Service,53700
20537,Application-22,M_Req,missing_destination,47,Application-22-Service,EndDevice-22,Application-22-Service,53700
20541,Application-16,M_Req,missing_destination,41,Application-16-Service,EndDevice-16,Application-16-Service,53700
20544,Application-32,M_Req,missing_destination,57,Application-32-Service,EndDevice-32,Application-32-Service,53700
20545,Application-43,M_Req,missing_destination,68,Application-43-Service,EndDevice-43,Application-43-Service,53700
20546,Application-29,M_Req,missing_destination,54,Application-29-Service,EndDevice-29,Application-29-Service,53700
20559,Application-30,M_Req,missing_destination,55,Application-30-Service,EndDevice-30,Application-30-Service,53700
20561,Application-42,M_Req,missing_destination,67,Application-42-Service,EndDevice-42,Application-42-Service,53700
20562,Application-31,M_Req,missing_destination,56,Application-31-Service,EndDevice-31,Application-31-Service,53700
20572,Application-13,M_Req,missing_destination,38,Application-13-Service,EndDevice-13,Application-13-Service,53700
20578,Application-15,M_Req,missing_destination,40,Application-15-Service,EndDevice-15,Application-15-Service,53700
20579,Application-44,M_Req,missing_destination,69,Application-44-Service,EndDevice-44,Application-44-Service,53700
20585,Application-22,M_Req,missing_destination,47,Application-22-Service,EndDevice-22,Application-22-Service,53800
20591,Application-32,M_Req,missing_destination,57,Application-32-Service,EndDevice-32,Application-32-Service,53800
20593,Application-29,M_Req,missing_destination,54,Application-29-Service,EndDevice-29,Application-29-Service,53800
20605,Application-42,M_Req,missing_destination,67,Application-42-Service,EndDevice-42,Application-42-Service,53800
20622,Application-48,M_Req,missing_destination,73,Application-48-Service,EndDevice-48,Application-48-Service,53900
20632,Application-45,M_Req,missing_destination,70,Application-45-Service,EndDevice-45,Application-45-Service,53900
20633,Application-22,M_Req,missing_destination,47,Application-22-Service,EndDevice-22,Application-22-Service,53900
20636,Application-46,M_Req,missing_destination,71,Application-46-Service,EndDevice-46,Application-46-Service,53900
20639,Application-32,M_Req,missing_destination,57,Application-32-Service,EndDevice-32,Application-32-Service,53900
20641,Application-29,M_Req,missing_destination,54,Application-29-Service,EndDevice-29,Application-29-Service,53900
20645,Application-47,M_Req,missing_destination,72,Application-47-Service,EndDevice-47,Application-47-Service,53900
20653,Application-42,M_Req,missing_destination,67,Application-42-Service,EndDevice-42,Application-42-Service,53900
20669,Application-48,M_Req,missing_destination,73,Application-48-Service,EndDevice-48,Application-48-Service,54000
20678,Application-45,M_Req,missing_destination,70,Application-45-Service,EndDevice-45,Application-45-Service,54000
20679,Application-22,M_Req,missing_destination,47,Application-22-Service,EndDevice-22,Application-22-Service,54000
20681,Application-46,M_Req,missing_destination,71,Application-46-Service,EndDevice-46,Application-46-Service,54000
20684,Application-32,M_Req,missing_destination,57,Application-32-Service,EndDevice-32,Application-32-Service,54000
20686,Application-29,M_Req,missing_destination,54,Application-29-Service,EndDevice-29,Application-29-Service,54000
20727,Application-22,M_Req,missing_destination,47,Application-22-Service,EndDevice-22,Application-22-Service,54100
20732,Application-32,M_Req,missing_destination,57,Application-32-Service,EndDevice-32,Application-32-Service,54100
20734,Application-29,M_Req,missing_destination,54,Application-29-Service,EndDevice-29,Application-29-Service,54100
20740,Application-14,M_Req,missing_destination,39,Application-14-Service,EndDevice-14,Application-14-Service,54200
20742,Application-6,M_Req,missing_destination,31,Application-6-Service,EndDevice-6,Application-6-Service,54200
20743,Application-8,M_Req,missing_destination,33,Application-8-Service,EndDevice-8,Application-8-Service,54200
20756,Application-37,M_Req,missing_destination,62,Application-37-Service,EndDevice-37,Application-37-Service,54200
20761,Application-38,M_Req,missing_destination,63,Application-38-Service,EndDevice-38,Application-38-Service,54200
20765,Application-40,M_Req,missing_destination,65,Application-40-Service,EndDevice-40,Application-40-Service,54300
20768,Application-5,M_Req,missing_destination,30,Application-5-Service,EndDevice-5,Application-5-Service,54300
20775,Application-7,M_Req,missing_destination,32,Application-7-Service,EndDevice-7,Application-7-Service,54300
20788,Application-14,M_Req,missing_destination,39,Application-14-Service,EndDevice-14,Application-14-Service,54300
20790,Application-6,M_Req,missing_destination,31,Application-6-Service,EndDevice-6,Application-6-Service,54300
20791,Application-8,M_Req,missing_destination,33,Application-8-Service,EndDevice-8,Application-8-Service,54300
20804,Application-37,M_Req,missing_destination,62,Application-37-Service,EndDevice-37,Application-37-Service,54300
20809,Application-38,M_Req,missing_destination,63,Application-38-Service,EndDevice-38,Application-38-Service,54300
20813,Application-40,M_Req,missing_destination,65,Application-40-Service,EndDevice-40,Application-40-Service,54400
20821,Application-7,M_Req,missing_destination,32,Application-7-Service,EndDevice-7,Application-7-Service,54400
20830,Application-14,M_Req,missing_destination,39,Application-14-Service,EndDevice-14,Application-14-Service,54400
20832,Application-6,M_Req,missing_destination,31,Application-6-Service,EndDevice-6,Application-6-Service,54400
20833,Application-8,M_Req,missing_destination,33,Application-8-Service,EndDevice-8,Application-8-Service,54400
20844,Application-37,M_Req,missing_destination,62,Application-37-Service,EndDevice-37,Application-37-Service,54500
20847,Application-44,M_Req,missing_destination,69,Application-44-Service,EndDevice-44,Application-44-Service,54500
20860,Application-41,M_Req,missing_destination,66,Application-41-Service,EndDevice-41,Application-41-Service,54500
20861,Application-40,M_Req,missing_destination,65,Application-40-Service,EndDevice-40,Application-40-Service,54500
20866,Application-32,M_Req,missing_destination,57,Application-32-Service,EndDevice-32,Application-32-Service,54500
20867,Application-43,M_Req,missing_destination,68,Application-43-Service,EndDevice-43,Application-43-Service,54500
20869,Application-7,M_Req,missing_destination,32,Application-7-Service,EndDevice-7,Application-7-Service,54500
20873,Application-42,M_Req,missing_destination,67,Application-42-Service,EndDevice-42,Application-42-Service,54500
20874,Application-11,M_Req,missing_destination,36,Application-11-Service,EndDevice-11,Application-11-Service,54500
20878,Application-14,M_Req,missing_destination,39,Application-14-Service,EndDevice-14,Application-14-Service,54500
20880,Application-6,M_Req,missing_destination,31,Application-6-Service,EndDevice-6,Application-6-Service,54500
20881,Application-8,M_Req,missing_destination,33,Application-8-Service,EndDevice-8,Application-8-Service,54500
20885,Application-12,M_Req,missing_destination,37,Application-12-Service,EndDevice-12,Application-12-Service,54500
20886,Application-47,M_Req,missing_destination,72,Application-47-Service,EndDevice-47,Application-47-Service,54500
20887,Application-9,M_Req,missing_destination,34,Application-9-Service,EndDevice-9,Application-9-Service,54500
20889,Application-10,M_Req,missing_destination,35,Application-10-Service,EndDevice-10,Application-10-Service,54500
20892,Application-37,M_Req,missing_destination,62,Application-37-Service,EndDevice-37,Application-37-Service,54600
20894,Application-44,M_Req,missing_destination,69,Application-44-Service,EndDevice-44,Application-44-Service,54600
20904,Application-41,M_Req,missing_destination,66,Application-41-Service,EndDevice-41,Application-41-Service,54600
20908,Application-32,M_Req,missing_destination,57,Application-32-Service,EndDevice-32,Application-32-Service,54600
20909,Application-43,M_Req,missing_destination,68,Application-43-Service,EndDevice-43,Application-43-Service,54600
20911,Application-7,M_Req,missing_destination,32,Application-7-Service,EndDevice-7,Application-7-Service,54600
20913,Application-42,M_Req,missing_destination,67,Application-42-Service,EndDevice-42,Application-42-Service,54600
20914,Application-11,M_Req,missing_destination,36,Application-11-Service,EndDevice-11,Application-11-Service,54600
20956,Application-32,M_Req,missing_destination,57,Application-32-Service,EndDevice-32,Application-32-Service,54700
20959,Application-7,M_Req,missing_destination,32,Application-7-Service,EndDevice-7,Application-7-Service,54700
20962,Application-11,M_Req,missing_destination,36,Application-11-Service,EndDevice-11,Application-11-Service,54700
20985,Application-38,M_Req,missing_destination,63,Application-38-Service,EndDevice-38,Application-38-Service,54800
20995,Application-16,M_Req,missing_destination,41,Application-16-Service,EndDevice-16,Application-16-Service,54900
21004,Application-15,M_Req,missing_destination,40,Application-15-Service,EndDevice-15,Application-15-Service,54900
21033,Application-38,M_Req,missing_destination,63,Application-38-Service,EndDevice-38,Application-38-Service,54900
21042,Application-16,M_Req,missing_destination,41,Application-16-Service,EndDevice-16,Application-16-Service,55000
21079,Application-35,M_Req,missing_destination,60,Application-35-Service,EndDevice-35,Application-35-Service,55100
21082,Application-22,M_Req,missing_destination,47,Application-22-Service,EndDevice-22,Application-22-Service,55100
21090,Application-16,M_Req,missing_destination,41,Application-16-Service,EndDevice-16,Application-16-Service,55100
21091,Application-36,M_Req,missing_destination,61,Application-36-Service,EndDevice-36,Application-36-Service,55100
21095,Application-11,M_Req,missing_destination,36,Application-11-Service,EndDevice-11,Application-11-Service,55100
21098,Application-24,M_Req,missing_destination,49,Application-24-Service,EndDevice-24,Application-24-Service,55100
21103,Application-23,M_Req,missing_destination,48,Application-23-Service,EndDevice-23,Application-23-Service,55100
21104,Application-34,M_Req,missing_destination,59,Application-34-Service,EndDevice-34,Application-34-Service,55100
21105,Application-33,M_Req,missing_destination,58,Application-33-Service,EndDevice-33,Application-33-Service,55100
21106,Application-6,M_Req,missing_destination,31,Application-6-Service,EndDevice-6,Application-6-Service,55100
21107,Application-8,M_Req,missing_destination,33,Application-8-Service,EndDevice-8,Application-8-Service,55100
21116,Application-40,M_Req,missing_destination,65,Application-40-Service,EndDevice-40,Application-40-Service,55100
21117,Application-21,M_Req,missing_destination,46,Application-21-Service,EndDevice-21,Application-21-Service,55100
21125,Application-35,M_Req,missing_destination,60,Application-35-Service,EndDevice-35,Application-35-Service,55200
21128,Application-22,M_Req,missing_destination,47,Application-22-Service,EndDevice-22,Application-22-Service,55200
21134,Application-16,M_Req,missing_destination,41,Application-16-Service,EndDevice-16,Application-16-Service,55200
21135,Application-36,M_Req,missing_destination,61,Application-36-Service,EndDevice-36,Application-36-Service,55200
21139,Application-11,M_Req,missing_destination,36,Application-11-Service,EndDevice-11,Application-11-Service,55200
21145,Application-23,M_Req,missing_destination,48,Application-23-Service,EndDevice-23,Application-23-Service,55200
21146,Application-34,M_Req,missing_destination,59,Application-34-Service,EndDevice-34,Application-34-Service,55200
21173,Application-35,M_Req,missing_destination,60,Application-35-Service,EndDevice-35,Application-35-Service,55300
21182,Application-16,M_Req,missing_destination,41,Application-16-Service,EndDevice-16,Application-16-Service,55300
21183,Application-36,M_Req,missing_destination,61,Application-36-Service,EndDevice-36,Application-36-Service,55300
21194,Application-34,M_Req,missing_destination,59,Application-34-Service,EndDevice-34,Application-34-Service,55300
21196,Application-3,M_Req,missing_destination,28,Application-3-Service,EndDevice-3,Application-3-Service,55400
21197,Application-1,M_Req,missing_destination,26,Application-1-Service,EndDevice-1,Application-1-Service,55400
21203,Application-21,M_Req,missing_destination,46,Application-21-Service,EndDevice-21,Application-21-Service,55400
21204,Application-5,M_Req,missing_destination,30,Application-5-Service,EndDevice-5,Application-5-Service,55400
21205,Application-24,M_Req,missing_destination,49,Application-24-Service,EndDevice-24,Application-24-Service,55400
21206,Application-4,M_Req,missing_destination,29,Application-4-Service,EndDevice-4,Application-4-Service,55400
21211,Application-33,M_Req,missing_destination,58,Application-33-Service,EndDevice-33,Application-33-Service,55400
21212,Application-37,M_Req,missing_destination,62,Application-37-Service,EndDevice-37,Application-37-Service,55400
21216,Application-2,M_Req,missing_destination,27,Application-2-Service,EndDevice-2,Application-2-Service,55400
21217,Application-35,M_Req,missing_destination,60,Application-35-Service,EndDevice-35,Application-35-Service,55400
21218,Application-31,M_Req,missing_destination,56,Application-31-Service,EndDevice-31,Application-31-Service,55400
21220,Application-32,M_Req,missing_destination,57,Application-32-Service,EndDevice-32,Application-32-Service,55400
21221,Application-30,M_Req,missing_destination,55,Application-30-Service,EndDevice-30,Application-30-Service,55400
21224,Application-16,M_Req,missing_destination,41,Application-16-Service,EndDevice-16,Application-16-Service,55500
21226,Application-29,M_Req,missing_destination,54,Application-29-Service,EndDevice-29,Application-29-Service,55500
21233,Application-34,M_Req,missing_destination,59,Application-34-Service,EndDevice-34,Application-34-Service,55500
21244,Application-3,M_Req,missing_destination,28,Application-3-Service,EndDevice-3,Application-3-Service,55500
21245,Application-1,M_Req,missing_destination,26,Application-1-Service,EndDevice-1,Application-1-Service,55500
21251,Application-21,M_Req,missing_destination,46,Application-21-Service,EndDevice-21,Application-21-Service,55500
21252,Application-5,M_Req,missing_destination,30,Application-5-Service,EndDevice-5,Application-5-Service,55500
21253,Application-24,M_Req,missing_destination,49,Application-24-Service,EndDevice-24,Application-24-Service,55500
21254,Application-4,M_Req,missing_destination,29,Application-4-Service,EndDevice-4,Application-4-Service,55500
21259,Application-33,M_Req,missing_destination,58,Application-33-Service,EndDevice-33,Application-33-Service,55500
21260,Application-37,M_Req,missing_destination,62,Application-37-Service,EndDevice-37,Application-37-Service,55500
21264,Application-2,M_Req,missing_destination,27,Application-2-Service,EndDevice-2,Application-2-Service,55500
21265,Application-35,M_Req,missing_destination,60,Application-35-Service,EndDevice-35,Application-35-Service,55500
21266,Application-31,M_Req,missing_destination,56,Application-31-Service,EndDevice-31,Application-31-Service,55500
21268,Application-32,M_Req,missing_destination,57,Application-32-Service,EndDevice-32,Application-32-Service,55500
21269,Application-30,M_Req,missing_destination,55,Application-30-Service,EndDevice-30,Application-30-Service,55500
21285,Application-3,M_Req,missing_destination,28,Application-3-Service,EndDevice-3,Application-3-Service,55600
21286,Application-1,M_Req,missing_destination,26,Application-1-Service,EndDevice-1,Application-1-Service,55600
21293,Application-5,M_Req,missing_destination,30,Application-5-Service,EndDevice-5,Application-5-Service,55600
21295,Application-4,M_Req,missing_destination,29,Application-4-Service,EndDevice-4,Application-4-Service,55600
21303,Application-19,M_Req,missing_destination,44,Application-19-Service,EndDevice-19,Application-19-Service,55700
21308,Application-32,M_Req,missing_destination,57,Application-32-Service,EndDevice-32,Application-32-Service,55700
21312,Application-34,M_Req,missing_destination,59,Application-34-Service,EndDevice-34,Application-34-Service,55700
21317,Application-14,M_Req,missing_destination,39,Application-14-Service,EndDevice-14,Application-14-Service,55700
21330,Application-20,M_Req,missing_destination,45,Application-20-Service,EndDevice-20,Application-20-Service,55700
21333,Application-3,M_Req,missing_destination,28,Application-3-Service,EndDevice-3,Application-3-Service,55700
21334,Application-1,M_Req,missing_destination,26,Application-1-Service,EndDevice-1,Application-1-Service,55700
21341,Application-5,M_Req,missing_destination,30,Application-5-Service,EndDevice-5,Application-5-Service,55700
21343,Application-4,M_Req,missing_destination,29,Application-4-Service,EndDevice-4,Application-4-Service,55700
21344,Application-18,M_Req,missing_destination,43,Application-18-Service,EndDevice-18,Application-18-Service,55700
21345,Application-17,M_Req,missing_destination,42,Application-17-Service,EndDevice-17,Application-17-Service,55700
21351,Application-19,M_Req,missing_destination,44,Application-19-Service,EndDevice-19,Application-19-Service,55800
21355,Application-32,M_Req,missing_destination,57,Application-32-Service,EndDevice-32,Application-32-Service,55800
21359,Application-34,M_Req,missing_destination,59,Application-34-Service,EndDevice-34,Application-34-Service,55800
21372,Application-20,M_Req,missing_destination,45,Application-20-Service,EndDevice-20,Application-20-Service,55800
21399,Application-19,M_Req,missing_destination,44,Application-19-Service,EndDevice-19,Application-19-Service,55900
21403,Application-32,M_Req,missing_destination,57,Application-32-Service,EndDevice-32,Application-32-Service,55900
21407,Application-34,M_Req,missing_destination,59,Application-34-Service,EndDevice-34,Application-34-Service,55900
21420,Application-20,M_Req,missing_destination,45,Application-20-Service,EndDevice-20,Application-20-Service,55900
21424,Application-39,M_Req,missing_destination,64,Application-39-Service,EndDevice-39,Application-39-Service,56000
21428,Application-18,M_Req,missing_destination,43,Application-18-Service,EndDevice-18,Application-18-Service,56000
21429,Application-17,M_Req,missing_destination,42,Application-17-Service,EndDevice-17,Application-17-Service,56000
21436,Application-10,M_Req,missing_destination,35,Application-10-Service,EndDevice-10,Application-10-Service,56000
21437,Application-40,M_Req,missing_destination,65,Application-40-Service,EndDevice-40,Application-40-Service,56000
21438,Application-38,M_Req,missing_destination,63,Application-38-Service,EndDevice-38,Application-38-Service,56000
21441,Application-1,M_Req,missing_destination,26,Application-1-Service,EndDevice-1,Application-1-Service,56000
21442,Application-37,M_Req,missing_destination,62,Application-37-Service,EndDevice-37,Application-37-Service,56000
21446,Application-32,M_Req,missing_destination,57,Application-32-Service,EndDevice-32,Application-32-Service,56000
21449,Application-34,M_Req,missing_destination,59,Application-34-Service,EndDevice-34,Application-34-Service,56000
21452,Application-36,M_Req,missing_destination,61,Application-36-Service,EndDevice-36,Application-36-Service,56100
21455,Application-11,M_Req,missing_destination,36,Application-11-Service,EndDevice-11,Application-11-Service,56100
21459,Application-20,M_Req,missing_destination,45,Application-20-Service,EndDevice-20,Application-20-Service,56100
21472,Application-39,M_Req,missing_destination,64,Application-39-Service,EndDevice-39,Application-39-Service,56100
21476,Application-18,M_Req,missing_destination,43,Application-18-Service,EndDevice-18,Application-18-Service,56100
21477,Application-17,M_Req,missing_destination,42,Application-17-Service,EndDevice-17,Application-17-Service,56100
21484,Application-10,M_Req,missing_destination,35,Application-10-Service,EndDevice-10,Application-10-Service,56100
21485,Application-40,M_Req,missing_destination,65,Application-40-Service,EndDevice-40,Application-40-Service,56100
21486,Application-38,M_Req,missing_destination,63,Application-38-Service,EndDevice-38,Application-38-Service,56100
21489,Application-1,M_Req,missing_destination,26,Application-1-Service,EndDevice-1,Application-1-Service,56100
21490,Application-37,M_Req,missing_destination,62,Application-37-Service,EndDevice-37,Application-37-Service,56100
21494,Application-32,M_Req,missing_destination,57,Application-32-Service,EndDevice-32,Application-32-Service,56100
21497,Application-34,M_Req,missing_destination,59,Application-34-Service,EndDevice-34,Application-34-Service,56100
21517,Application-18,M_Req,missing_destination,43,Application-18-Service,EndDevice-18,Application-18-Service,56200
21524,Application-10,M_Req,missing_destination,35,Application-10-Service,EndDevice-10,Application-10-Service,56200
21529,Application-1,M_Req,missing_destination,26,Application-1-Service,EndDevice-1,Application-1-Service,56200
21531,Application-44,M_Req,missing_destination,69,Application-44-Service,EndDevice-44,Application-44-Service,56300
21533,Application-35,M_Req,missing_destination,60,Application-35-Service,EndDevice-35,Application-35-Service,56300
21534,Application-41,M_Req,missing_destination,66,Application-41-Service,EndDevice-41,Application-41-Service,56300
21537,Application-43,M_Req,missing_destination,68,Application-43-Service,EndDevice-43,Application-43-Service,56300
21540,Application-42,M_Req,missing_destination,67,Application-42-Service,EndDevice-42,Application-42-Service,56300
21548,Application-36,M_Req,missing_destination,61,Application-36-Service,EndDevice-36,Application-36-Service,56300
21553,Application-20,M_Req,missing_destination,45,Application-20-Service,EndDevice-20,Application-20-Service,56300
21561,Application-3,M_Req,missing_destination,28,Application-3-Service,EndDevice-3,Application-3-Service,56300
21562,Application-39,M_Req,missing_destination,64,Application-39-Service,EndDevice-39,Application-39-Service,56300
21564,Application-4,M_Req,missing_destination,29,Application-4-Service,EndDevice-4,Application-4-Service,56300
21565,Application-18,M_Req,missing_destination,43,Application-18-Service,EndDevice-18,Application-18-Service,56300
21568,Application-33,M_Req,missing_destination,58,Application-33-Service,EndDevice-33,Application-33-Service,56300
21572,Application-10,M_Req,missing_destination,35,Application-10-Service,EndDevice-10,Application-10-Service,56300
21573,Application-40,M_Req,missing_destination,65,Application-40-Service,EndDevice-40,Application-40-Service,56300
21574,Application-38,M_Req,missing_destination,63,Application-38-Service,EndDevice-38,Application-38-Service,56300
21577,Application-1,M_Req,missing_destination,26,Application-1-Service,EndDevice-1,Application-1-Service,56300
21578,Application-44,M_Req,missing_destination,69,Application-44-Service,EndDevice-44,Application-44-Service,56400
21580,Application-35,M_Req,missing_destination,60,Application-35-Service,EndDevice-35,Application-35-Service,56400
21581,Application-41,M_Req,missing_destination,66,Application-41-Service,EndDevice-41,Application-41-Service,56400
21584,Application-43,M_Req,missing_destination,68,Application-43-Service,EndDevice-43,Application-43-Service,56400
21587,Application-42,M_Req,missing_destination,67,Application-42-Service,EndDevice-42,Application-42-Service,56400
21593,Application-36,M_Req,missing_destination,61,Application-36-Service,EndDevice-36,Application-36-Service,56400
21597,Application-20,M_Req,missing_destination,45,Application-20-Service,EndDevice-20,Application-20-Service,56400
21626,Application-44,M_Req,missing_destination,69,Application-44-Service,EndDevice-44,Application-44-Service,56500
21628,Application-35,M_Req,missing_destination,60,Application-35-Service,EndDevice-35,Application-35-Service,56500
21629,Application-41,M_Req,missing_destination,66,Application-41-Service,EndDevice-41,Application-41-Service,56500
21632,Application-43,M_Req,missing_destination,68,Application-43-Service,EndDevice-43,Application-43-Service,56500
21635,Application-42,M_Req,missing_destination,67,Application-42-Service,EndDevice-42,Application-42-Service,56500
21654,Application-27,M_Req,missing_destination,52,Application-27-Service,EndDevice-27,Application-27-Service,56600
21658,Application-40,M_Req,missing_destination,65,Application-40-Service,EndDevice-40,Application-40-Service,56600
21663,Application-11,M_Req,missing_destination,36,Application-11-Service,EndDevice-11,Application-11-Service,56600
21664,Application-32,M_Req,missing_destination,57,Application-32-Service,EndDevice-32,Application-32-Service,56600
21668,Application-44,M_Req,missing_destination,69,Application-44-Service,EndDevice-44,Application-44-Service,56600
21670,Application-35,M_Req,missing_destination,60,Application-35-Service,EndDevice-35,Application-35-Service,56600
21671,Application-41,M_Req,missing_destination,66,Application-41-Service,EndDevice-41,Application-41-Service,56600
21673,Application-34,M_Req,missing_destination,59,Application-34-Service,EndDevice-34,Application-34-Service,56600
21674,Application-43,M_Req,missing_destination,68,Application-43-Service,EndDevice-43,Application-43-Service,56600
21677,Application-42,M_Req,missing_destination,67,Application-42-Service,EndDevice-42,Application-42-Service,56600
21679,Application-26,M_Req,missing_destination,51,Application-26-Service,EndDevice-26,Application-26-Service,56600
21682,Application-29,M_Req,missing_destination,54,Application-29-Service,EndDevice-29,Application-29-Service,56700
21702,Application-27,M_Req,missing_destination,52,Application-27-Service,EndDevice-27,Application-27-Service,56700
21706,Application-40,M_Req,missing_destination,65,Application-40-Service,EndDevice-40,Application-40-Service,56700
21711,Application-11,M_Req,missing_destination,36,Application-11-Service,EndDevice-11,Application-11-Service,56700
21712,Application-32,M_Req,missing_destination,57,Application-32-Service,EndDevice-32,Application-32-Service,56700
21716,Application-44,M_Req,missing_destination,69,Application-44-Service,EndDevice-44,Application-44-Service,56700
21718,Application-35,M_Req,missing_destination,60,Application-35-Service,EndDevice-35,Application-35-Service,56700
21719,Application-41,M_Req,missing_destination,66,Application-41-Service,EndDevice-41,Application-41-Service,56700
21721,Application-34,M_Req,missing_destination,59,Application-34-Service,EndDevice-34,Application-34-Service,56700
21722,Application-43,M_Req,missing_destination,68,Application-43-Service,EndDevice-43,Application-43-Service,56700
21725,Application-42,M_Req,missing_destination,67,Application-42-Service,EndDevice-42,Application-42-Service,56700
21727,Application-26,M_Req,missing_destination,51,Application-26-Service,EndDevice-26,Application-26-Service,56700
21745,Application-27,M_Req,missing_destination,52,Application-27-Service,EndDevice-27,Application-27-Service,56800
21749,Application-40,M_Req,missing_destination,65,Application-40-Service,EndDevice-40,Application-40-Service,56800
21759,Application-44,M_Req,missing_destination,69,Application-44-Service,EndDevice-44,Application-44-Service,56900
21760,Application-2,M_Req,missing_destination,27,Application-2-Service,EndDevice-2,Application-2-Service,56900
21762,Application-48,M_Req,missing_destination,73,Application-48-Service,EndDevice-48,Application-48-Service,56900
21776,Application-34,M_Req,missing_destination,59,Application-34-Service,EndDevice-34,Application-34-Service,56900
21778,Application-46,M_Req,missing_destination,71,Application-46-Service,EndDevice-46,Application-46-Service,56900
21782,Application-3,M_Req,missing_destination,28,Application-3-Service,EndDevice-3,Application-3-Service,56900
21783,Application-28,M_Req,missing_destination,53,Application-28-Service,EndDevice-28,Application-28-Service,56900
21787,Application-1,M_Req,missing_destination,26,Application-1-Service,EndDevice-1,Application-1-Service,56900
21791,Application-4,M_Req,missing_destination,29,Application-4-Service,EndDevice-4,Application-4-Service,56900
21793,Application-27,M_Req,missing_destination,52,Application-27-Service,EndDevice-27,Application-27-Service,56900
21797,Application-40,M_Req,missing_destination,65,Application-40-Service,EndDevice-40,Application-40-Service,56900
21798,Application-38,M_Req,missing_destination,63,Application-38-Service,EndDevice-38,Application-38-Service,56900
21800,Application-47,M_Req,missing_destination,72,Application-47-Service,EndDevice-47,Application-47-Service,56900
21801,Application-45,M_Req,missing_destination,70,Application-45-Service,EndDevice-45,Application-45-Service,56900
21807,Application-2,M_Req,missing_destination,27,Application-2-Service,EndDevice-2,Application-2-Service,57000
21819,Application-34,M_Req,missing_destination,59,Application-34-Service,EndDevice-34,Application-34-Service,57000
21821,Application-46,M_Req,missing_destination,71,Application-46-Service,EndDevice-46,Application-46-Service,57000
21824,Application-3,M_Req,missing_destination,28,Application-3-Service,EndDevice-3,Application-3-Service,57000
21825,Application-28,M_Req,missing_destination,53,Application-28-Service,EndDevice-28,Application-28-Service,57000
21829,Application-1,M_Req,missing_destination,26,Application-1-Service,EndDevice-1,Application-1-Service,57000
21855,Application-2,M_Req,missing_destination,27,Application-2-Service,EndDevice-2,Application-2-Service,57100
21872,Application-3,M_Req,missing_destination,28,Application-3-Service,EndDevice-3,Application-3-Service,57100
21873,Application-28,M_Req,missing_destination,53,Application-28-Service,EndDevice-28,Application-28-Service,57100
21877,Application-1,M_Req,missing_destination,26,Application-1-Service,EndDevice-1,Application-1-Service,57100
21880,Application-18,M_Req,missing_destination,43,Application-18-Service,EndDevice-18,Application-18-Service,57200
21881,Application-27,M_Req,missing_destination,52,Application-27-Service,EndDevice-27,Application-27-Service,57200
21882,Application-33,M_Req,missing_destination,58,Application-33-Service,EndDevice-33,Application-33-Service,57200
21887,Application-47,M_Req,missing_destination,72,Application-47-Service,EndDevice-47,Application-47-Service,57200
21889,Application-11,M_Req,missing_destination,36,Application-11-Service,EndDevice-11,Application-11-Service,57200
21894,Application-10,M_Req,missing_destination,35,Application-10-Service,EndDevice-10,Application-10-Service,57200
21897,Application-48,M_Req,missing_destination,73,Application-48-Service,EndDevice-48,Application-48-Service,57200
21899,Application-9,M_Req,missing_destination,34,Application-9-Service,EndDevice-9,Application-9-Service,57200
21900,Application-2,M_Req,missing_destination,27,Application-2-Service,EndDevice-2,Application-2-Service,57200
21902,Application-12,M_Req,missing_destination,37,Application-12-Service,EndDevice-12,Application-12-Service,57200
21905,Application-35,M_Req,missing_destination,60,Application-35-Service,EndDevice-35,Application-35-Service,57200
21914,Application-28,M_Req,missing_destination,53,Application-28-Service,EndDevice-28,Application-28-Service,57300
21928,Application-18,M_Req,missing_destination,43,Application-18-Service,EndDevice-18,Application-18-Service,57300
21929,Application-27,M_Req,missing_destination,52,Application-27-Service,EndDevice-27,Application-27-Service,57300
21930,Application-33,M_Req,missing_destination,58,Application-33-Service,EndDevice-33,Application-33-Service,57300
21935,Application-47,M_Req,missing_destination,72,Application-47-Service,EndDevice-47,Application-47-Service,57300
21937,Application-11,M_Req,missing_destination,36,Application-11-Service,EndDevice-11,Application-11-Service,57300
21942,Application-10,M_Req,missing_destination,35,Application-10-Service,EndDevice-10,Application-10-Service,57300
21945,Application-48,M_Req,missing_destination,73,Application-48-Service,EndDevice-48,Application-48-Service,57300
21947,Application-9,M_Req,missing_destination,34,Application-9-Service,EndDevice-9,Application-9-Service,57300
21948,Application-2,M_Req,missing_destination,27,Application-2-Service,EndDevice-2,Application-2-Service,57300
21950,Application-12,M_Req,missing_destination,37,Application-12-Service,EndDevice-12,Application-12-Service,57300
21953,Application-35,M_Req,missing_destination,60,Application-35-Service,EndDevice-35,Application-35-Service,57300
21981,Application-11,M_Req,missing_destination,36,Application-11-Service,EndDevice-11,Application-11-Service,57400
21986,Application-10,M_Req,missing_destination,35,Application-10-Service,EndDevice-10,Application-10-Service,57400
21988,Application-48,M_Req,missing_destination,73,Application-48-Service,EndDevice-48,Application-48-Service,57400
21991,Application-43,M_Req,missing_destination,68,Application-43-Service,EndDevice-43,Application-43-Service,57500
21994,Application-35,M_Req,missing_destination,60,Application-35-Service,EndDevice-35,Application-35-Service,57500
21996,Application-36,M_Req,missing_destination,61,Application-36-Service,EndDevice-36,Application-36-Service,57500
22001,Application-34,M_Req,missing_destination,59,Application-34-Service,EndDevice-34,Application-34-Service,57500
22002,Application-42,M_Req,missing_destination,67,Application-42-Service,EndDevice-42,Application-42-Service,57500
22003,Application-9,M_Req,missing_destination,34,Application-9-Service,EndDevice-9,Application-9-Service,57500
22004,Application-33,M_Req,missing_destination,58,Application-33-Service,EndDevice-33,Application-33-Service,57500
22013,Application-44,M_Req,missing_destination,69,Application-44-Service,EndDevice-44,Application-44-Service,57500
22015,Application-41,M_Req,missing_destination,66,Application-41-Service,EndDevice-41,Application-41-Service,57500
22016,Application-19,M_Req,missing_destination,44,Application-19-Service,EndDevice-19,Application-19-Service,57500
22029,Application-11,M_Req,missing_destination,36,Application-11-Service,EndDevice-11,Application-11-Service,57500
22034,Application-10,M_Req,missing_destination,35,Application-10-Service,EndDevice-10,Application-10-Service,57500
22036,Application-48,M_Req,missing_destination,73,Application-48-Service,EndDevice-48,Application-48-Service,57500
22039,Application-43,M_Req,missing_destination,68,Application-43-Service,EndDevice-43,Application-43-Service,57600
22041,Application-35,M_Req,missing_destination,60,Application-35-Service,EndDevice-35,Application-35-Service,57600
22043,Application-36,M_Req,missing_destination,61,Application-36-Service,EndDevice-36,Application-36-Service,57600
22047,Application-34,M_Req,missing_destination,59,Application-34-Service,EndDevice-34,Application-34-Service,57600
22048,Application-42,M_Req,missing_destination,67,Application-42-Service,EndDevice-42,Application-42-Service,57600
22049,Application-9,M_Req,missing_destination,34,Application-9-Service,EndDevice-9,Application-9-Service,57600
22050,Application-33,M_Req,missing_destination,58,Application-33-Service,EndDevice-33,Application-33-Service,57600
22058,Application-44,M_Req,missing_destination,69,Application-44-Service,EndDevice-44,Application-44-Service,57600
22059,Application-41,M_Req,missing_destination,66,Application-41-Service,EndDevice-41,Application-41-Service,57600
22087,Application-43,M_Req,missing_destination,68,Application-43-Service,EndDevice-43,Application-43-Service,57700
22096,Application-42,M_Req,missing_destination,67,Application-42-Service,EndDevice-42,Application-42-Service,57700
22097,Application-9,M_Req,missing_destination,34,Application-9-Service,EndDevice-9,Application-9-Service,57700
22106,Application-44,M_Req,missing_destination,69,Application-44-Service,EndDevice-44,Application-44-Service,57700
22107,Application-41,M_Req,missing_destination,66,Application-41-Service,EndDevice-41,Application-41-Service,57700
22114,Application-18,M_Req,missing_destination,43,Application-18-Service,EndDevice-18,Application-18-Service,57800
22122,Application-7,M_Req,missing_destination,32,Application-7-Service,EndDevice-7,Application-7-Service,57800
22124,Application-10,M_Req,missing_destination,35,Application-10-Service,EndDevice-10,Application-10-Service,57800
22125,Application-5,M_Req,missing_destination,30,Application-5-Service,EndDevice-5,Application-5-Service,57800
22129,Application-43,M_Req,missing_destination,68,Application-43-Service,EndDevice-43,Application-43-Service,57800
22137,Application-42,M_Req,missing_destination,67,Application-42-Service,EndDevice-42,Application-42-Service,57800
22138,Application-9,M_Req,missing_destination,34,Application-9-Service,EndDevice-9,Application-9-Service,57800
22143,Application-28,M_Req,missing_destination,53,Application-28-Service,EndDevice-28,Application-28-Service,57900
22146,Application-44,M_Req,missing_destination,69,Application-44-Service,EndDevice-44,Application-44-Service,57900
22148,Application-25,M_Req,missing_destination,50,Application-25-Service,EndDevice-25,Application-25-Service,57900
22149,Application-8,M_Req,missing_destination,33,Application-8-Service,EndDevice-8,Application-8-Service,57900
22150,Application-20,M_Req,missing_destination,45,Application-20-Service,EndDevice-20,Application-20-Service,57900
22162,Application-18,M_Req,missing_destination,43,Application-18-Service,EndDevice-18,Application-18-Service,57900
22170,Application-7,M_Req,missing_destination,32,Application-7-Service,EndDevice-7,Application-7-Service,57900
22172,Application-10,M_Req,missing_destination,35,Application-10-Service,EndDevice-10,Application-10-Service,57900
22173,Application-5,M_Req,missing_destination,30,Application-5-Service,EndDevice-5,Application-5-Service,57900
22177,Application-43,M_Req,missing_destination,68,Application-43-Service,EndDevice-43,Application-43-Service,57900
22185,Application-42,M_Req,missing_destination,67,Application-42-Service,EndDevice-42,Application-42-Service,57900
22186,Application-9,M_Req,missing_destination,34,Application-9-Service,EndDevice-9,Application-9-Service,57900
22191,Application-28,M_Req,missing_destination,53,Application-28-Service,EndDevice-28,Application-28-Service,58000
22196,Application-20,M_Req,missing_destination,45,Application-20-Service,EndDevice-20,Application-20-Service,58000
22207,Application-18,M_Req,missing_destination,43,Application-18-Service,EndDevice-18,Application-18-Service,58000
22218,Application-12,M_Req,missing_destination,37,Application-12-Service,EndDevice-12,Application-12-Service,58100
22220,Application-36,M_Req,missing_destination,61,Application-36-Service,EndDevice-36,Application-36-Service,58100
22224,Application-34,M_Req,missing_destination,59,Application-34-Service,EndDevice-34,Application-34-Service,58100
22226,Application-9,M_Req,missing_destination,34,Application-9-Service,EndDevice-9,Application-9-Service,58100
22229,Application-33,M_Req,missing_destination,58,Application-33-Service,EndDevice-33,Application-33-Service,58100
22236,Application-11,M_Req,missing_destination,36,Application-11-Service,EndDevice-11,Application-11-Service,58100
22239,Application-28,M_Req,missing_destination,53,Application-28-Service,EndDevice-28,Application-28-Service,58100
22244,Application-20,M_Req,missing_destination,45,Application-20-Service,EndDevice-20,Application-20-Service,58100
22249,Application-35,M_Req,missing_destination,60,Application-35-Service,EndDevice-35,Application-35-Service,58100
22255,Application-18,M_Req,missing_destination,43,Application-18-Service,EndDevice-18,Application-18-Service,58100
22266,Application-12,M_Req,missing_destination,37,Application-12-Service,EndDevice-12,Application-12-Service,58200
22268,Application-36,M_Req,missing_destination,61,Application-36-Service,EndDevice-36,Application-36-Service,58200
22271,Application-34,M_Req,missing_destination,59,Application-34-Service,EndDevice-34,Application-34-Service,58200
22273,Application-9,M_Req,missing_destination,34,Application-9-Service,EndDevice-9,Application-9-Service,58200
22278,Application-11,M_Req,missing_destination,36,Application-11-Service,EndDevice-11,Application-11-Service,58200
22281,Application-28,M_Req,missing_destination,53,Application-28-Service,EndDevice-28,Application-28-Service,58200
22286,Application-20,M_Req,missing_destination,45,Application-20-Service,EndDevice-20,Application-20-Service,58200
22291,Application-35,M_Req,missing_destination,60,Application-35-Service,EndDevice-35,Application-35-Service,58200
22316,Application-36,M_Req,missing_destination,61,Application-36-Service,EndDevice-36,Application-36-Service,58300
22319,Application-34,M_Req,missing_destination,59,Application-34-Service,EndDevice-34,Application-34-Service,58300
22329,Application-28,M_Req,missing_destination,53,Application-28-Service,EndDevice-28,Application-28-Service,58300
22334,Application-20,M_Req,missing_destination,45,Application-20-Service,EndDevice-20,Application-20-Service,58300
22339,Application-35,M_Req,missing_destination,60,Application-35-Service,EndDevice-35,Application-35-Service,58300
22344,Application-24,M_Req,missing_destination,49,Application-24-Service,EndDevice-24,Application-24-Service,58400
22356,Application-12,M_Req,missing_destination,37,Application-12-Service,EndDevice-12,Application-12-Service,58400
22358,Application-36,M_Req,missing_destination,61,Application-36-Service,EndDevice-36,Application-36-Service,58400
22361,Application-42,M_Req,missing_destination,67,Application-42-Service,EndDevice-42,Application-42-Service,58400
22362,Application-9,M_Req,missing_destination,34,Application-9-Service,EndDevice-9,Application-9-Service,58400
22367,Application-11,M_Req,missing_destination,36,Application-11-Service,EndDevice-11,Application-11-Service,58400
22377,Application-21,M_Req,missing_destination,46,Application-21-Service,EndDevice-21,Application-21-Service,58500
22392,Application-24,M_Req,missing_destination,49,Application-24-Service,EndDevice-24,Application-24-Service,58500
22404,Application-12,M_Req,missing_destination,37,Application-12-Service,EndDevice-12,Application-12-Service,58500
22406,Application-36,M_Req,missing_destination,61,Application-36-Service,EndDevice-36,Application-36-Service,58500
22409,Application-42,M_Req,missing_destination,67,Application-42-Service,EndDevice-42,Application-42-Service,58500
22410,Application-9,M_Req,missing_destination,34,Application-9-Service,EndDevice-9,Application-9-Service,58500
22415,Application-11,M_Req,missing_destination,36,Application-11-Service,EndDevice-11,Application-11-Service,58500
22444,Application-12,M_Req,missing_destination,37,Application-12-Service,EndDevice-12,Application-12-Service,58700
22448,Application-38,M_Req,missing_destination,63,Application-38-Service,EndDevice-38,Application-38-Service,58700
22449,Application-42,M_Req,missing_destination,67,Application-42-Service,EndDevice-42,Application-42-Service,58700
22450,Application-9,M_Req,missing_destination,34,Application-9-Service,EndDevice-9,Application-9-Service,58700
22451,Application-43,M_Req,missing_destination,68,Application-43-Service,EndDevice-43,Application-43-Service,58700
22452,Application-40,M_Req,missing_destination,65,Application-40-Service,EndDevice-40,Application-40-Service,58700
22463,Application-37,M_Req,missing_destination,62,Application-37-Service,EndDevice-37,Application-37-Service,58700
22469,Application-41,M_Req,missing_destination,66,Application-41-Service,EndDevice-41,Application-41-Service,58700
22474,Application-34,M_Req,missing_destination,59,Application-34-Service,EndDevice-34,Application-34-Service,58700
22477,Application-23,M_Req,missing_destination,48,Application-23-Service,EndDevice-23,Application-23-Service,58700
22479,Application-44,M_Req,missing_destination,69,Application-44-Service,EndDevice-44,Application-44-Service,58700
22480,Application-33,M_Req,missing_destination,58,Application-33-Service,EndDevice-33,Application-33-Service,58700
22481,Application-39,M_Req,missing_destination,64,Application-39-Service,EndDevice-39,Application-39-Service,58700
22492,Application-12,M_Req,missing_destination,37,Application-12-Service,EndDevice-12,Application-12-Service,58800
22496,Application-38,M_Req,missing_destination,63,Application-38-Service,EndDevice-38,Application-38-Service,58800
22497,Application-42,M_Req,missing_destination,67,Application-42-Service,EndDevice-42,Application-42-Service,58800
22498,Application-9,M_Req,missing_destination,34,Application-9-Service,EndDevice-9,Application-9-Service,58800
22499,Application-43,M_Req,missing_destination,68,Application-43-Service,EndDevice-43,Application-43-Service,58800
22500,Application-40,M_Req,missing_destination,65,Application-40-Service,EndDevice-40,Application-40-Service,58800
22508,Application-37,M_Req,missing_destination,62,Application-37-Service,EndDevice-37,Application-37-Service,58800
22519,Application-23,M_Req,missing_destination,48,Application-23-Service,EndDevice-23,Application-23-Service,58800
22521,Application-44,M_Req,missing_destination,69,Application-44-Service,EndDevice-44,Application-44-Service,58800
22522,Application-33,M_Req,missing_destination,58,Application-33-Service,EndDevice-33,Application-33-Service,58800
22540,Application-12,M_Req,missing_destination,37,Application-12-Service,EndDevice-12,Application-12-Service,58900
22544,Application-38,M_Req,missing_destination,63,Application-38-Service,EndDevice-38,Application-38-Service,58900
22545,Application-42,M_Req,missing_destination,67,Application-42-Service,EndDevice-42,Application-42-Service,58900
22546,Application-9,M_Req,missing_destination,34,Application-9-Service,EndDevice-9,Application-9-Service,58900
22547,Application-43,M_Req,missing_destination,68,Application-43-Service,EndDevice-43,Application-43-Service,58900
22548,Application-40,M_Req,missing_destination,65,Application-40-Service,EndDevice-40,Application-40-Service,58900
22556,Application-37,M_Req,missing_destination,62,Application-37-Service,EndDevice-37,Application-37-Service,58900
22567,Application-23,M_Req,missing_destination,48,Application-23-Service,EndDevice-23,Application-23-Service,58900
22569,Application-44,M_Req,missing_destination,69,Application-44-Service,EndDevice-44,Application-44-Service,58900
22570,Application-33,M_Req,missing_destination,58,Application-33-Service,EndDevice-33,Application-33-Service,58900
22574,Application-7,M_Req,missing_destination,32,Application-7-Service,EndDevice-7,Application-7-Service,59000
22576,Application-5,M_Req,missing_destination,30,Application-5-Service,EndDevice-5,Application-5-Service,59000
22580,Application-3,M_Req,missing_destination,28,Application-3-Service,EndDevice-3,Application-3-Service,59000
22581,Application-34,M_Req,missing_destination,59,Application-34-Service,EndDevice-34,Application-34-Service,59000
22582,Application-10,M_Req,missing_destination,35,Application-10-Service,EndDevice-10,Application-10-Service,59000
22588,Application-4,M_Req,missing_destination,29,Application-4-Service,EndDevice-4,Application-4-Service,59000
22589,Application-38,M_Req,missing_destination,63,Application-38-Service,EndDevice-38,Application-38-Service,59000
22590,Application-9,M_Req,missing_destination,34,Application-9-Service,EndDevice-9,Application-9-Service,59000
22591,Application-43,M_Req,missing_destination,68,Application-43-Service,EndDevice-43,Application-43-Service,59000
22592,Application-40,M_Req,missing_destination,65,Application-40-Service,EndDevice-40,Application-40-Service,59000
22595,Application-8,M_Req,missing_destination,33,Application-8-Service,EndDevice-8,Application-8-Service,59000
22599,Application-37,M_Req,missing_destination,62,Application-37-Service,EndDevice-37,Application-37-Service,59000
22606,Application-2,M_Req,missing_destination,27,Application-2-Service,EndDevice-2,Application-2-Service,59100
22622,Application-7,M_Req,missing_destination,32,Application-7-Service,EndDevice-7,Application-7-Service,59100
22624,Application-5,M_Req,missing_destination,30,Application-5-Service,EndDevice-5,Application-5-Service,59100
22628,Application-3,M_Req,missing_destination,28,Application-3-Service,EndDevice-3,Application-3-Service,59100
22629,Application-34,M_Req,missing_destination,59,Application-34-Service,EndDevice-34,Application-34-Service,59100
22630,Application-10,M_Req,missing_destination,35,Application-10-Service,EndDevice-10,Application-10-Service,59100
22636,Application-4,M_Req,missing_destination,29,Application-4-Service,EndDevice-4,Application-4-Service,59100
22637,Application-38,M_Req,missing_destination,63,Application-38-Service,EndDevice-38,Application-38-Service,59100
22638,Application-9,M_Req,missing_destination,34,Application-9-Service,EndDevice-9,Application-9-Service,59100
22639,Application-43,M_Req,missing_destination,68,Application-43-Service,EndDevice-43,Application-43-Service,59100
22640,Application-40,M_Req,missing_destination,65,Application-40-Service,EndDevice-40,Application-40-Service,59100
22643,Application-8,M_Req,missing_destination,33,Application-8-Service,EndDevice-8,Application-8-Service,59100
22647,Application-37,M_Req,missing_destination,62,Application-37-Service,EndDevice-37,Application-37-Service,59100
22685,Application-19,M_Req,missing_destination,44,Application-19-Service,EndDevice-19,Application-19-Service,59300
22686,Application-20,M_Req,missing_destination,45,Application-20-Service,EndDevice-20,Application-20-Service,59300
22687,Application-7,M_Req,missing_destination,32,Application-7-Service,EndDevice-7,Application-7-Service,59300
22692,Application-8,M_Req,missing_destination,33,Application-8-Service,EndDevice-8,Application-8-Service,59300
22695,Application-18,M_Req,missing_destination,43,Application-18-Service,EndDevice-18,Application-18-Service,59300
22718,Application-5,M_Req,missing_destination,30,Application-5-Service,EndDevice-5,Application-5-Service,59300
22720,Application-17,M_Req,missing_destination,42,Application-17-Service,EndDevice-17,Application-17-Service,59300
22722,Application-34,M_Req,missing_destination,59,Application-34-Service,EndDevice-34,Application-34-Service,59300
22732,Application-19,M_Req,missing_destination,44,Application-19-Service,EndDevice-19,Application-19-Service,59400
22733,Application-20,M_Req,missing_destination,45,Application-20-Service,EndDevice-20,Application-20-Service,59400
22734,Application-7,M_Req,missing_destination,32,Application-7-Service,EndDevice-7,Application-7-Service,59400
22736,Application-8,M_Req,missing_destination,33,Application-8-Service,EndDevice-8,Application-8-Service,59400
22780,Application-19,M_Req,missing_destination,44,Application-19-Service,EndDevice-19,Application-19-Service,59500
22781,Application-20,M_Req,missing_destination,45,Application-20-Service,EndDevice-20,Application-20-Service,59500
22782,Application-7,M_Req,missing_destination,32,Application-7-Service,EndDevice-7,Application-7-Service,59500
22784,Application-8,M_Req,missing_destination,33,Application-8-Service,EndDevice-8,Application-8-Service,59500
22804,Application-24,M_Req,missing_destination,49,Application-24-Service,EndDevice-24,Application-24-Service,59600
22806,Application-27,M_Req,missing_destination,52,Application-27-Service,EndDevice-27,Application-27-Service,59600
22807,Application-17,M_Req,missing_destination,42,Application-17-Service,EndDevice-17,Application-17-Service,59600
22811,Application-25,M_Req,missing_destination,50,Application-25-Service,EndDevice-25,Application-25-Service,59600
22814,Application-5,M_Req,missing_destination,30,Application-5-Service,EndDevice-5,Application-5-Service,59600
22816,Application-26,M_Req,missing_destination,51,Application-26-Service,EndDevice-26,Application-26-Service,59600
22820,Application-28,M_Req,missing_destination,53,Application-28-Service,EndDevice-28,Application-28-Service,59600
22827,Application-20,M_Req,missing_destination,45,Application-20-Service,EndDevice-20,Application-20-Service,59600
22828,Application-7,M_Req,missing_destination,32,Application-7-Service,EndDevice-7,Application-7-Service,59600
22830,Application-8,M_Req,missing_destination,33,Application-8-Service,EndDevice-8,Application-8-Service,59600
22834,Application-21,M_Req,missing_destination,46,Application-21-Service,EndDevice-21,Application-21-Service,59700
22836,Application-23,M_Req,missing_destination,48,Application-23-Service,EndDevice-23,Application-23-Service,59700
22852,Application-24,M_Req,missing_destination,49,Application-24-Service,EndDevice-24,Application-24-Service,59700
22854,Application-27,M_Req,missing_destination,52,Application-27-Service,EndDevice-27,Application-27-Service,59700
22855,Application-17,M_Req,missing_destination,42,Application-17-Service,EndDevice-17,Application-17-Service,59700
22859,Application-25,M_Req,missing_destination,50,Application-25-Service,EndDevice-25,Application-25-Service,59700
22862,Application-5,M_Req,missing_destination,30,Application-5-Service,EndDevice-5,Application-5-Service,59700
22864,Application-26,M_Req,missing_destination,51,Application-26-Service,EndDevice-26,Application-26-Service,59700
22868,Application-28,M_Req,missing_destination,53,Application-28-Service,EndDevice-28,Application-28-Service,59700
22875,Application-20,M_Req,missing_destination,45,Application-20-Service,EndDevice-20,Application-20-Service,59700
22876,Application-7,M_Req,missing_destination,32,Application-7-Service,EndDevice-7,Application-7-Service,59700
22878,Application-8,M_Req,missing_destination,33,Application-8-Service,EndDevice-8,Application-8-Service,59700
22900,Application-17,M_Req,missing_destination,42,Application-17-Service,EndDevice-17,Application-17-Service,59800
22903,Application-25,M_Req,missing_destination,50,Application-25-Service,EndDevice-25,Application-25-Service,59800
22906,Application-26,M_Req,missing_destination,51,Application-26-Service,EndDevice-26,Application-26-Service,59800
22909,Application-28,M_Req,missing_destination,53,Application-28-Service,EndDevice-28,Application-28-Service,59800
22911,Application-36,M_Req,missing_destination,61,Application-36-Service,EndDevice-36,Application-36-Service,59900
22912,Application-9,M_Req,missing_destination,34,Application-9-Service,EndDevice-9,Application-9-Service,59900
22918,Application-8,M_Req,missing_destination,33,Application-8-Service,EndDevice-8,Application-8-Service,59900
22919,Application-11,M_Req,missing_destination,36,Application-11-Service,EndDevice-11,Application-11-Service,59900
22920,Application-10,M_Req,missing_destination,35,Application-10-Service,EndDevice-10,Application-10-Service,59900
22935,Application-12,M_Req,missing_destination,37,Application-12-Service,EndDevice-12,Application-12-Service,59900
22938,Application-35,M_Req,missing_destination,60,Application-35-Service,EndDevice-35,Application-35-Service,59900
22940,Application-19,M_Req,missing_destination,44,Application-19-Service,EndDevice-19,Application-19-Service,59900
22943,Application-33,M_Req,missing_destination,58,Application-33-Service,EndDevice-33,Application-33-Service,59900
22948,Application-17,M_Req,missing_destination,42,Application-17-Service,EndDevice-17,Application-17-Service,59900
22949,Application-34,M_Req,missing_destination,59,Application-34-Service,EndDevice-34,Application-34-Service,59900
22950,Application-39,M_Req,missing_destination,64,Application-39-Service,EndDevice-39,Application-39-Service,59900
22951,Application-25,M_Req,missing_destination,50,Application-25-Service,EndDevice-25,Application-25-Service,59900
22954,Application-26,M_Req,missing_destination,51,Application-26-Service,EndDevice-26,Application-26-Service,59900
22957,Application-28,M_Req,missing_destination,53,Application-28-Service,EndDevice-28,Application-28-Service,59900
22959,Application-36,M_Req,missing_destination,61,Application-36-Service,EndDevice-36,Application-36-Service,60000
22960,Application-9,M_Req,missing_destination,34,Application-9-Service,EndDevice-9,Application-9-Service,60000
22964,Application-10,M_Req,missing_destination,35,Application-10-Service,EndDevice-10,Application-10-Service,60000
22977,Application-12,M_Req,missing_destination,37,Application-12-Service,EndDevice-12,Application-12-Service,60000
22980,Application-35,M_Req,missing_destination,60,Application-35-Service,EndDevice-35,Application-35-Service,60000
22982,Application-19,M_Req,missing_destination,44,Application-19-Service,EndDevice-19,Application-19-Service,60000
22985,Application-33,M_Req,missing_destination,58,Application-33-Service,EndDevice-33,Application-33-Service,60000
23007,Application-36,M_Req,missing_destination,61,Application-36-Service,EndDevice-36,Application-36-Service,60100
23008,Application-9,M_Req,missing_destination,34,Application-9-Service,EndDevice-9,Application-9-Service,60100
23012,Application-10,M_Req,missing_destination,35,Application-10-Service,EndDevice-10,Application-10-Service,60100
23025,Application-12,M_Req,missing_destination,37,Application-12-Service,EndDevice-12,Application-12-Service,60100
23028,Application-35,M_Req,missing_destination,60,Application-35-Service,EndDevice-35,Application-35-Service,60100
23030,Application-19,M_Req,missing_destination,44,Application-19-Service,EndDevice-19,Application-19-Service,60100
23033,Application-33,M_Req,missing_destination,58,Application-33-Service,EndDevice-33,Application-33-Service,60100
23044,Application-43,M_Req,missing_destination,68,Application-43-Service,EndDevice-43,Application-43-Service,60200
23053,Application-36,M_Req,missing_destination,61,Application-36-Service,EndDevice-36,Application-36-Service,60200
23068,Application-41,M_Req,missing_destination,66,Application-41-Service,EndDevice-41,Application-41-Service,60300
23071,Application-19,M_Req,missing_destination,44,Application-19-Service,EndDevice-19,Application-19-Service,60300
23092,Application-43,M_Req,missing_destination,68,Application-43-Service,EndDevice-43,Application-43-Service,60300
23101,Application-36,M_Req,missing_destination,61,Application-36-Service,EndDevice-36,Application-36-Service,60300
23115,Application-41,M_Req,missing_destination,66,Application-41-Service,EndDevice-41,Application-41-Service,60400
23135,Application-43,M_Req,missing_destination,68,Application-43-Service,EndDevice-43,Application-43-Service,60400
23149,Application-18,M_Req,missing_destination,43,Application-18-Service,EndDevice-18,Application-18-Service,60500
23155,Application-17,M_Req,missing_destination,42,Application-17-Service,EndDevice-17,Application-17-Service,60500
23163,Application-41,M_Req,missing_destination,66,Application-41-Service,EndDevice-41,Application-41-Service,60500
23166,Application-19,M_Req,missing_destination,44,Application-19-Service,EndDevice-19,Application-19-Service,60500
23183,Application-43,M_Req,missing_destination,68,Application-43-Service,EndDevice-43,Application-43-Service,60500
23197,Application-18,M_Req,missing_destination,43,Application-18-Service,EndDevice-18,Application-18-Service,60600
23203,Application-17,M_Req,missing_destination,42,Application-17-Service,EndDevice-17,Application-17-Service,60600
23209,Application-41,M_Req,missing_destination,66,Application-41-Service,EndDevice-41,Application-41-Service,60600
23257,Application-41,M_Req,missing_destination,66,Application-41-Service,EndDevice-41,Application-41-Service,60700
23273,Application-11,M_Req,missing_destination,36,Application-11-Service,EndDevice-11,Application-11-Service,60800
23276,Application-26,M_Req,missing_destination,51,Application-26-Service,EndDevice-26,Application-26-Service,60800
23279,Application-38,M_Req,missing_destination,63,Application-38-Service,EndDevice-38,Application-38-Service,60800
23284,Application-27,M_Req,missing_destination,52,Application-27-Service,EndDevice-27,Application-27-Service,60800
23285,Application-40,M_Req,missing_destination,65,Application-40-Service,EndDevice-40,Application-40-Service,60800
23290,Application-39,M_Req,missing_destination,64,Application-39-Service,EndDevice-39,Application-39-Service,60800
23291,Application-28,M_Req,missing_destination,53,Application-28-Service,EndDevice-28,Application-28-Service,60800
23300,Application-44,M_Req,missing_destination,69,Application-44-Service,EndDevice-44,Application-44-Service,60900
23304,Application-25,M_Req,missing_destination,50,Application-25-Service,EndDevice-25,Application-25-Service,60900
23321,Application-11,M_Req,missing_destination,36,Application-11-Service,EndDevice-11,Application-11-Service,60900
23324,Application-26,M_Req,missing_destination,51,Application-26-Service,EndDevice-26,Application-26-Service,60900
23327,Application-38,M_Req,missing_destination,63,Application-38-Service,EndDevice-38,Application-38-Service,60900
23332,Application-27,M_Req,missing_destination,52,Application-27-Service,EndDevice-27,Application-27-Service,60900
23333,Application-40,M_Req,missing_destination,65,Application-40-Service,EndDevice-40,Application-40-Service,60900
23338,Application-39,M_Req,missing_destination,64,Application-39-Service,EndDevice-39,Application-39-Service,60900
23339,Application-28,M_Req,missing_destination,53,Application-28-Service,EndDevice-28,Application-28-Service,60900
23348,Application-44,M_Req,missing_destination,69,Application-44-Service,EndDevice-44,Application-44-Service,61000
23351,Application-25,M_Req,missing_destination,50,Application-25-Service,EndDevice-25,Application-25-Service,61000
23365,Application-11,M_Req,missing_destination,36,Application-11-Service,EndDevice-11,Application-11-Service,61000
23368,Application-26,M_Req,missing_destination,51,Application-26-Service,EndDevice-26,Application-26-Service,61000
23374,Application-3,M_Req,missing_destination,28,Application-3-Service,EndDevice-3,Application-3-Service,61100
23385,Application-47,M_Req,missing_destination,72,Application-47-Service,EndDevice-47,Application-47-Service,61100
23387,Application-10,M_Req,missing_destination,35,Application-10-Service,EndDevice-10,Application-10-Service,61100
23388,Application-45,M_Req,missing_destination,70,Application-45-Service,EndDevice-45,Application-45-Service,61100
23389,Application-1,M_Req,missing_destination,26,Application-1-Service,EndDevice-1,Application-1-Service,61100
23390,Application-46,M_Req,missing_destination,71,Application-46-Service,EndDevice-46,Application-46-Service,61100
23396,Application-44,M_Req,missing_destination,69,Application-44-Service,EndDevice-44,Application-44-Service,61100
23399,Application-25,M_Req,missing_destination,50,Application-25-Service,EndDevice-25,Application-25-Service,61100
23403,Application-2,M_Req,missing_destination,27,Application-2-Service,EndDevice-2,Application-2-Service,61100
23404,Application-48,M_Req,missing_destination,73,Application-48-Service,EndDevice-48,Application-48-Service,61100
23408,Application-34,M_Req,missing_destination,59,Application-34-Service,EndDevice-34,Application-34-Service,61100
23410,Application-4,M_Req,missing_destination,29,Application-4-Service,EndDevice-4,Application-4-Service,61100
23413,Application-11,M_Req,missing_destination,36,Application-11-Service,EndDevice-11,Application-11-Service,61100
23416,Application-26,M_Req,missing_destination,51,Application-26-Service,EndDevice-26,Application-26-Service,61100
23429,Application-47,M_Req,missing_destination,72,Application-47-Service,EndDevice-47,Application-47-Service,61200
23431,Application-10,M_Req,missing_destination,35,Application-10-Service,EndDevice-10,Application-10-Service,61200
23432,Application-45,M_Req,missing_destination,70,Application-45-Service,EndDevice-45,Application-45-Service,61200
23433,Application-1,M_Req,missing_destination,26,Application-1-Service,EndDevice-1,Application-1-Service,61200
23434,Application-46,M_Req,missing_destination,71,Application-46-Service,EndDevice-46,Application-46-Service,61200
23440,Application-44,M_Req,missing_destination,69,Application-44-Service,EndDevice-44,Application-44-Service,61200
23442,Application-25,M_Req,missing_destination,50,Application-25-Service,EndDevice-25,Application-25-Service,61200
23445,Application-2,M_Req,missing_destination,27,Application-2-Service,EndDevice-2,Application-2-Service,61200
23446,Application-48,M_Req,missing_destination,73,Application-48-Service,EndDevice-48,Application-48-Service,61200
23477,Application-47,M_Req,missing_destination,72,Application-47-Service,EndDevice-47,Application-47-Service,61300
23479,Application-10,M_Req,missing_destination,35,Application-10-Service,EndDevice-10,Application-10-Service,61300
23480,Application-45,M_Req,missing_destination,70,Application-45-Service,EndDevice-45,Application-45-Service,61300
23481,Application-1,M_Req,missing_destination,26,Application-1-Service,EndDevice-1,Application-1-Service,61300
23482,Application-46,M_Req,missing_destination,71,Application-46-Service,EndDevice-46,Application-46-Service,61300
23493,Application-2,M_Req,missing_destination,27,Application-2-Service,EndDevice-2,Application-2-Service,61300
23494,Application-48,M_Req,missing_destination,73,Application-48-Service,EndDevice-48,Application-48-Service,61300
23500,Application-24,M_Req,missing_destination,49,Application-24-Service,EndDevice-24,Application-24-Service,61400
23509,Application-28,M_Req,missing_destination,53,Application-28-Service,EndDevice-28,Application-28-Service,61400
23516,Application-39,M_Req,missing_destination,64,Application-39-Service,EndDevice-39,Application-39-Service,61400
23517,Application-22,M_Req,missing_destination,47,Application-22-Service,EndDevice-22,Application-22-Service,61400
23519,Application-23,M_Req,missing_destination,48,Application-23-Service,EndDevice-23,Application-23-Service,61400
23522,Application-47,M_Req,missing_destination,72,Application-47-Service,EndDevice-47,Application-47-Service,61400
23524,Application-10,M_Req,missing_destination,35,Application-10-Service,EndDevice-10,Application-10-Service,61400
23525,Application-45,M_Req,missing_destination,70,Application-45-Service,EndDevice-45,Application-45-Service,61400
23526,Application-46,M_Req,missing_destination,71,Application-46-Service,EndDevice-46,Application-46-Service,61400
23533,Application-48,M_Req,missing_destination,73,Application-48-Service,EndDevice-48,Application-48-Service,61500
23548,Application-24,M_Req,missing_destination,49,Application-24-Service,EndDevice-24,Application-24-Service,61500
23557,Application-28,M_Req,missing_destination,53,Application-28-Service,EndDevice-28,Application-28-Service,61500
23564,Application-39,M_Req,missing_destination,64,Application-39-Service,EndDevice-39,Application-39-Service,61500
23565,Application-22,M_Req,missing_destination,47,Application-22-Service,EndDevice-22,Application-22-Service,61500
23567,Application-23,M_Req,missing_destination,48,Application-23-Service,EndDevice-23,Application-23-Service,61500
23570,Application-47,M_Req,missing_destination,72,Application-47-Service,EndDevice-47,Application-47-Service,61500
23572,Application-10,M_Req,missing_destination,35,Application-10-Service,EndDevice-10,Application-10-Service,61500
23573,Application-45,M_Req,missing_destination,70,Application-45-Service,EndDevice-45,Application-45-Service,61500
23574,Application-46,M_Req,missing_destination,71,Application-46-Service,EndDevice-46,Application-46-Service,61500
23600,Application-20,M_Req,missing_destination,45,Application-20-Service,EndDevice-20,Application-20-Service,61700
23603,Application-18,M_Req,missing_destination,43,Application-18-Service,EndDevice-18,Application-18-Service,61700
23613,Application-46,M_Req,missing_destination,71,Application-46-Service,EndDevice-46,Application-46-Service,61700
23620,Application-43,M_Req,missing_destination,68,Application-43-Service,EndDevice-43,Application-43-Service,61700
23624,Application-41,M_Req,missing_destination,66,Application-41-Service,EndDevice-41,Application-41-Service,61700
23626,Application-19,M_Req,missing_destination,44,Application-19-Service,EndDevice-19,Application-19-Service,61700
23633,Application-44,M_Req,missing_destination,69,Application-44-Service,EndDevice-44,Application-44-Service,61700
23640,Application-42,M_Req,missing_destination,67,Application-42-Service,EndDevice-42,Application-42-Service,61700
23644,Application-17,M_Req,missing_destination,42,Application-17-Service,EndDevice-17,Application-17-Service,61700
23648,Application-20,M_Req,missing_destination,45,Application-20-Service,EndDevice-20,Application-20-Service,61800
23650,Application-18,M_Req,missing_destination,43,Application-18-Service,EndDevice-18,Application-18-Service,61800
23663,Application-43,M_Req,missing_destination,68,Application-43-Service,EndDevice-43,Application-43-Service,61800
23668,Application-19,M_Req,missing_destination,44,Application-19-Service,EndDevice-19,Application-19-Service,61800
23674,Application-44,M_Req,missing_destination,69,Application-44-Service,EndDevice-44,Application-44-Service,61800
23711,Application-43,M_Req,missing_destination,68,Application-43-Service,EndDevice-43,Application-43-Service,61900
23722,Application-44,M_Req,missing_destination,69,Application-44-Service,EndDevice-44,Application-44-Service,61900
23728,Application-14,M_Req,missing_destination,39,Application-14-Service,EndDevice-14,Application-14-Service,62000
23742,Application-13,M_Req,missing_destination,38,Application-13-Service,EndDevice-13,Application-13-Service,62000
23744,Application-15,M_Req,missing_destination,40,Application-15-Service,EndDevice-15,Application-15-Service,62000
23746,Application-45,M_Req,missing_destination,70,Application-45-Service,EndDevice-45,Application-45-Service,62000
23747,Application-16,M_Req,missing_destination,41,Application-16-Service,EndDevice-16,Application-16-Service,62000
23752,Application-43,M_Req,missing_destination,68,Application-43-Service,EndDevice-43,Application-43-Service,62000
23776,Application-14,M_Req,missing_destination,39,Application-14-Service,EndDevice-14,Application-14-Service,62100
23790,Application-13,M_Req,missing_destination,38,Application-13-Service,EndDevice-13,Application-13-Service,62100
23792,Application-15,M_Req,missing_destination,40,Application-15-Service,EndDevice-15,Application-15-Service,62100
23794,Application-45,M_Req,missing_destination,70,Application-45-Service,EndDevice-45,Application-45-Service,62100
23795,Application-16,M_Req,missing_destination,41,Application-16-Service,EndDevice-16,Application-16-Service,62100
23800,Application-43,M_Req,missing_destination,68,Application-43-Service,EndDevice-43,Application-43-Service,62100
23833,Application-18,M_Req,missing_destination,43,Application-18-Service,EndDevice-18,Application-18-Service,62300
23836,Application-16,M_Req,missing_destination,41,Application-16-Service,EndDevice-16,Application-16-Service,62300
23841,Application-5,M_Req,missing_destination,30,Application-5-Service,EndDevice-5,Application-5-Service,62300
23845,Application-1,M_Req,missing_destination,26,Application-1-Service,EndDevice-1,Application-1-Service,62300
23850,Application-6,M_Req,missing_destination,31,Application-6-Service,EndDevice-6,Application-6-Service,62300
23851,Application-19,M_Req,missing_destination,44,Application-19-Service,EndDevice-19,Application-19-Service,62300
23857,Application-44,M_Req,missing_destination,69,Application-44-Service,EndDevice-44,Application-44-Service,62300
23862,Application-20,M_Req,missing_destination,45,Application-20-Service,EndDevice-20,Application-20-Service,62300
23867,Application-8,M_Req,missing_destination,33,Application-8-Service,EndDevice-8,Application-8-Service,62300
23872,Application-17,M_Req,missing_destination,42,Application-17-Service,EndDevice-17,Application-17-Service,62300
23876,Application-47,M_Req,missing_destination,72,Application-47-Service,EndDevice-47,Application-47-Service,62300
23878,Application-7,M_Req,missing_destination,32,Application-7-Service,EndDevice-7,Application-7-Service,62300
23880,Application-18,M_Req,missing_destination,43,Application-18-Service,EndDevice-18,Application-18-Service,62400
23882,Application-16,M_Req,missing_destination,41,Application-16-Service,EndDevice-16,Application-16-Service,62400
23886,Application-5,M_Req,missing_destination,30,Application-5-Service,EndDevice-5,Application-5-Service,62400
23889,Application-1,M_Req,missing_destination,26,Application-1-Service,EndDevice-1,Application-1-Service,62400
23894,Application-6,M_Req,missing_destination,31,Application-6-Service,EndDevice-6,Application-6-Service,62400
23899,Application-44,M_Req,missing_destination,69,Application-44-Service,EndDevice-44,Application-44-Service,62400
23903,Application-20,M_Req,missing_destination,45,Application-20-Service,EndDevice-20,Application-20-Service,62400
23928,Application-18,M_Req,missing_destination,43,Application-18-Service,EndDevice-18,Application-18-Service,62500
23930,Application-16,M_Req,missing_destination,41,Application-16-Service,EndDevice-16,Application-16-Service,62500
23934,Application-5,M_Req,missing_destination,30,Application-5-Service,EndDevice-5,Application-5-Service,62500
23937,Application-1,M_Req,missing_destination,26,Application-1-Service,EndDevice-1,Application-1-Service,62500
23942,Application-6,M_Req,missing_destination,31,Application-6-Service,EndDevice-6,Application-6-Service,62500
23947,Application-44,M_Req,missing_destination,69,Application-44-Service,EndDevice-44,Application-44-Service,62500
23951,Application-20,M_Req,missing_destination,45,Application-20-Service,EndDevice-20,Application-20-Service,62500
23955,Application-8,M_Req,missing_destination,33,Application-8-Service,EndDevice-8,Application-8-Service,62600
23960,Application-28,M_Req,missing_destination,53,Application-28-Service,EndDevice-28,Application-28-Service,62600
23965,Application-27,M_Req,missing_destination,52,Application-27-Service,EndDevice-27,Application-27-Service,62600
23969,Application-18,M_Req,missing_destination,43,Application-18-Service,EndDevice-18,Application-18-Service,62600
23971,Application-16,M_Req,missing_destination,41,Application-16-Service,EndDevice-16,Application-16-Service,62600
23972,Application-33,M_Req,missing_destination,58,Application-33-Service,EndDevice-33,Application-33-Service,62600
23974,Application-5,M_Req,missing_destination,30,Application-5-Service,EndDevice-5,Application-5-Service,62600
23976,Application-1,M_Req,missing_destination,26,Application-1-Service,EndDevice-1,Application-1-Service,62600
23980,Application-35,M_Req,missing_destination,60,Application-35-Service,EndDevice-35,Application-35-Service,62600
23985,Application-25,M_Req,missing_destination,50,Application-25-Service,EndDevice-25,Application-25-Service,62700
23989,Application-36,M_Req,missing_destination,61,Application-36-Service,EndDevice-36,Application-36-Service,62700
24003,Application-8,M_Req,missing_destination,33,Application-8-Service,EndDevice-8,Application-8-Service,62700
24008,Application-28,M_Req,missing_destination,53,Application-28-Service,EndDevice-28,Application-28-Service,62700
24013,Application-27,M_Req,missing_destination,52,Application-27-Service,EndDevice-27,Application-27-Service,62700
24017,Application-18,M_Req,missing_destination,43,Application-18-Service,EndDevice-18,Application-18-Service,62700
24019,Application-16,M_Req,missing_destination,41,Application-16-Service,EndDevice-16,Application-16-Service,62700
24020,Application-33,M_Req,missing_destination,58,Application-33-Service,EndDevice-33,Application-33-Service,62700
24022,Application-5,M_Req,missing_destination,30,Application-5-Service,EndDevice-5,Application-5-Service,62700
24024,Application-1,M_Req,missing_destination,26,Application-1-Service,EndDevice-1,Application-1-Service,62700
24028,Application-35,M_Req,missing_destination,60,Application-35-Service,EndDevice-35,Application-35-Service,62700
24037,Application-36,M_Req,missing_destination,61,Application-36-Service,EndDevice-36,Application-36-Service,62800
24047,Application-8,M_Req,missing_destination,33,Application-8-Service,EndDevice-8,Application-8-Service,62800
24065,Application-23,M_Req,missing_destination,48,Application-23-Service,EndDevice-23,Application-23-Service,62900
24068,Application-34,M_Req,missing_destination,59,Application-34-Service,EndDevice-34,Application-34-Service,62900
24073,Application-20,M_Req,missing_destination,45,Application-20-Service,EndDevice-20,Application-20-Service,62900
24085,Application-36,M_Req,missing_destination,61,Application-36-Service,EndDevice-36,Application-36-Service,62900
24088,Application-21,M_Req,missing_destination,46,Application-21-Service,EndDevice-21,Application-21-Service,62900
24092,Application-7,M_Req,missing_destination,32,Application-7-Service,EndDevice-7,Application-7-Service,62900
24095,Application-8,M_Req,missing_destination,33,Application-8-Service,EndDevice-8,Application-8-Service,62900
24096,Application-24,M_Req,missing_destination,49,Application-24-Service,EndDevice-24,Application-24-Service,62900
24103,Application-22,M_Req,missing_destination,47,Application-22-Service,EndDevice-22,Application-22-Service,62900
24112,Application-23,M_Req,missing_destination,48,Application-23-Service,EndDevice-23,Application-23-Service,63000
24114,Application-34,M_Req,missing_destination,59,Application-34-Service,EndDevice-34,Application-34-Service,63000
24118,Application-20,M_Req,missing_destination,45,Application-20-Service,EndDevice-20,Application-20-Service,63000
24127,Application-36,M_Req,missing_destination,61,Application-36-Service,EndDevice-36,Application-36-Service,63000
24129,Application-21,M_Req,missing_destination,46,Application-21-Service,EndDevice-21,Application-21-Service,63000
24162,Application-34,M_Req,missing_destination,59,Application-34-Service,EndDevice-34,Application-34-Service,63100
24166,Application-20,M_Req,missing_destination,45,Application-20-Service,EndDevice-20,Application-20-Service,63100
24175,Application-36,M_Req,missing_destination,61,Application-36-Service,EndDevice-36,Application-36-Service,63100
24185,Application-42,M_Req,missing_destination,67,Application-42-Service,EndDevice-42,Application-42-Service,63200
24194,Application-33,M_Req,missing_destination,58,Application-33-Service,EndDevice-33,Application-33-Service,63200
24195,Application-44,M_Req,missing_destination,69,Application-44-Service,EndDevice-44,Application-44-Service,63200
24196,Application-41,M_Req,missing_destination,66,Application-41-Service,EndDevice-41,Application-41-Service,63200
24198,Application-18,M_Req,missing_destination,43,Application-18-Service,EndDevice-18,Application-18-Service,63200
24201,Application-39,M_Req,missing_destination,64,Application-39-Service,EndDevice-39,Application-39-Service,63200
24204,Application-34,M_Req,missing_destination,59,Application-34-Service,EndDevice-34,Application-34-Service,63200
24208,Application-20,M_Req,missing_destination,45,Application-20-Service,EndDevice-20,Application-20-Service,63200
24215,Application-38,M_Req,missing_destination,63,Application-38-Service,EndDevice-38,Application-38-Service,63300
24218,Application-37,M_Req,missing_destination,62,Application-37-Service,EndDevice-37,Application-37-Service,63300
24221,Application-40,M_Req,missing_destination,65,Application-40-Service,EndDevice-40,Application-40-Service,63300
24233,Application-42,M_Req,missing_destination,67,Application-42-Service,EndDevice-42,Application-42-Service,63300
24242,Application-33,M_Req,missing_destination,58,Application-33-Service,EndDevice-33,Application-33-Service,63300
24243,Application-44,M_Req,missing_destination,69,Application-44-Service,EndDevice-44,Application-44-Service,63300
24244,Application-41,M_Req,missing_destination,66,Application-41-Service,EndDevice-41,Application-41-Service,63300
24246,Application-18,M_Req,missing_destination,43,Application-18-Service,EndDevice-18,Application-18-Service,63300
24249,Application-39,M_Req,missing_destination,64,Application-39-Service,EndDevice-39,Application-39-Service,63300
24252,Application-34,M_Req,missing_destination,59,Application-34-Service,EndDevice-34,Application-34-Service,63300
24256,Application-20,M_Req,missing_destination,45,Application-20-Service,EndDevice-20,Application-20-Service,63300
24261,Application-38,M_Req,missing_destination,63,Application-38-Service,EndDevice-38,Application-38-Service,63400
24264,Application-37,M_Req,missing_destination,62,Application-37-Service,EndDevice-37,Application-37-Service,63400
24267,Application-40,M_Req,missing_destination,65,Application-40-Service,EndDevice-40,Application-40-Service,63400
24277,Application-42,M_Req,missing_destination,67,Application-42-Service,EndDevice-42,Application-42-Service,63400
24284,Application-33,M_Req,missing_destination,58,Application-33-Service,EndDevice-33,Application-33-Service,63400
24285,Application-44,M_Req,missing_destination,69,Application-44-Service,EndDevice-44,Application-44-Service,63400
24286,Application-41,M_Req,missing_destination,66,Application-41-Service,EndDevice-41,Application-41-Service,63400
24290,Application-39,M_Req,missing_destination,64,Application-39-Service,EndDevice-39,Application-39-Service,63500
24292,Application-13,M_Req,missing_destination,38,Application-13-Service,EndDevice-13,Application-13-Service,63500
24299,Application-11,M_Req,missing_destination,36,Application-11-Service,EndDevice-11,Application-11-Service,63500
24304,Application-16,M_Req,missing_destination,41,Application-16-Service,EndDevice-16,Application-16-Service,63500
24309,Application-38,M_Req,missing_destination,63,Application-38-Service,EndDevice-38,Application-38-Service,63500
24312,Application-37,M_Req,missing_destination,62,Application-37-Service,EndDevice-37,Application-37-Service,63500
24314,Application-9,M_Req,missing_destination,34,Application-9-Service,EndDevice-9,Application-9-Service,63500
24315,Application-40,M_Req,missing_destination,65,Application-40-Service,EndDevice-40,Application-40-Service,63500
24320,Application-15,M_Req,missing_destination,40,Application-15-Service,EndDevice-15,Application-15-Service,63500
24322,Application-12,M_Req,missing_destination,37,Application-12-Service,EndDevice-12,Application-12-Service,63500
24324,Application-24,M_Req,missing_destination,49,Application-24-Service,EndDevice-24,Application-24-Service,63500
24325,Application-42,M_Req,missing_destination,67,Application-42-Service,EndDevice-42,Application-42-Service,63500
24326,Application-14,M_Req,missing_destination,39,Application-14-Service,EndDevice-14,Application-14-Service,63500
24330,Application-7,M_Req,missing_destination,32,Application-7-Service,EndDevice-7,Application-7-Service,63500
24332,Application-33,M_Req,missing_destination,58,Application-33-Service,EndDevice-33,Application-33-Service,63500
24333,Application-44,M_Req,missing_destination,69,Application-44-Service,EndDevice-44,Application-44-Service,63500
24334,Application-41,M_Req,missing_destination,66,Application-41-Service,EndDevice-41,Application-41-Service,63500
24335,Application-10,M_Req,missing_destination,35,Application-10-Service,EndDevice-10,Application-10-Service,63500
24338,Application-39,M_Req,missing_destination,64,Application-39-Service,EndDevice-39,Application-39-Service,63600
24340,Application-13,M_Req,missing_destination,38,Application-13-Service,EndDevice-13,Application-13-Service,63600
24346,Application-11,M_Req,missing_destination,36,Application-11-Service,EndDevice-11,Application-11-Service,63600
24351,Application-16,M_Req,missing_destination,41,Application-16-Service,EndDevice-16,Application-16-Service,63600
24355,Application-38,M_Req,missing_destination,63,Application-38-Service,EndDevice-38,Application-38-Service,63600
24358,Application-9,M_Req,missing_destination,34,Application-9-Service,EndDevice-9,Application-9-Service,63600
24359,Application-40,M_Req,missing_destination,65,Application-40-Service,EndDevice-40,Application-40-Service,63600
24363,Application-15,M_Req,missing_destination,40,Application-15-Service,EndDevice-15,Application-15-Service,63600
24365,Application-12,M_Req,missing_destination,37,Application-12-Service,EndDevice-12,Application-12-Service,63600
24394,Application-11,M_Req,missing_destination,36,Application-11-Service,EndDevice-11,Application-11-Service,63700
24406,Application-9,M_Req,missing_destination,34,Application-9-Service,EndDevice-9,Application-9-Service,63700
24413,Application-12,M_Req,missing_destination,37,Application-12-Service,EndDevice-12,Application-12-Service,63700
24414,Application-8,M_Req,missing_destination,33,Application-8-Service,EndDevice-8,Application-8-Service,63800
24417,Application-35,M_Req,missing_destination,60,Application-35-Service,EndDevice-35,Application-35-Service,63800
24419,Application-33,M_Req,missing_destination,58,Application-33-Service,EndDevice-33,Application-33-Service,63800
24427,Application-44,M_Req,missing_destination,69,Application-44-Service,EndDevice-44,Application-44-Service,63800
24433,Application-20,M_Req,missing_destination,45,Application-20-Service,EndDevice-20,Application-20-Service,63800
24435,Application-11,M_Req,missing_destination,36,Application-11-Service,EndDevice-11,Application-11-Service,63800
24441,Application-34,M_Req,missing_destination,59,Application-34-Service,EndDevice-34,Application-34-Service,63800
24443,Application-6,M_Req,missing_destination,31,Application-6-Service,EndDevice-6,Application-6-Service,63900
24444,Application-36,M_Req,missing_destination,61,Application-36-Service,EndDevice-36,Application-36-Service,63900
24462,Application-8,M_Req,missing_destination,33,Application-8-Service,EndDevice-8,Application-8-Service,63900
24465,Application-35,M_Req,missing_destination,60,Application-35-Service,EndDevice-35,Application-35-Service,63900
24467,Application-33,M_Req,missing_destination,58,Application-33-Service,EndDevice-33,Application-33-Service,63900
24475,Application-44,M_Req,missing_destination,69,Application-44-Service,EndDevice-44,Application-44-Service,63900
24481,Application-20,M_Req,missing_destination,45,Application-20-Service,EndDevice-20,Application-20-Service,63900
24483,Application-11,M_Req,missing_destination,36,Application-11-Service,EndDevice-11,Application-11-Service,63900
24489,Application-34,M_Req,missing_destination,59,Application-34-Service,EndDevice-34,Application-34-Service,63900
24491,Application-6,M_Req,missing_destination,31,Application-6-Service,EndDevice-6,Application-6-Service,64000
24492,Application-36,M_Req,missing_destination,61,Application-36-Service,EndDevice-36,Application-36-Service,64000
24508,Application-8,M_Req,missing_destination,33,Application-8-Service,EndDevice-8,Application-8-Service,64000
24511,Application-35,M_Req,missing_destination,60,Application-35-Service,EndDevice-35,Application-35-Service,64000
24512,Application-33,M_Req,missing_destination,58,Application-33-Service,EndDevice-33,Application-33-Service,64000
24519,Application-13,M_Req,missing_destination,38,Application-13-Service,EndDevice-13,Application-13-Service,64100
24525,Application-28,M_Req,missing_destination,53,Application-28-Service,EndDevice-28,Application-28-Service,64100
24527,Application-16,M_Req,missing_destination,41,Application-16-Service,EndDevice-16,Application-16-Service,64100
24534,Application-25,M_Req,missing_destination,50,Application-25-Service,EndDevice-25,Application-25-Service,64100
24539,Application-6,M_Req,missing_destination,31,Application-6-Service,EndDevice-6,Application-6-Service,64100
24540,Application-36,M_Req,missing_destination,61,Application-36-Service,EndDevice-36,Application-36-Service,64100
24547,Application-15,M_Req,missing_destination,40,Application-15-Service,EndDevice-15,Application-15-Service,64100
24550,Application-5,M_Req,missing_destination,30,Application-5-Service,EndDevice-5,Application-5-Service,64100
24552,Application-27,M_Req,missing_destination,52,Application-27-Service,EndDevice-27,Application-27-Service,64100
24556,Application-8,M_Req,missing_destination,33,Application-8-Service,EndDevice-8,Application-8-Service,64100
24559,Application-35,M_Req,missing_destination,60,Application-35-Service,EndDevice-35,Application-35-Service,64100
24560,Application-33,M_Req,missing_destination,58,Application-33-Service,EndDevice-33,Application-33-Service,64100
24563,Application-37,M_Req,missing_destination,62,Application-37-Service,EndDevice-37,Application-37-Service,64100
24565,Application-26,M_Req,missing_destination,51,Application-26-Service,EndDevice-26,Application-26-Service,64100
24570,Application-28,M_Req,missing_destination,53,Application-28-Service,EndDevice-28,Application-28-Service,64200
24572,Application-16,M_Req,missing_destination,41,Application-16-Service,EndDevice-16,Application-16-Service,64200
24577,Application-25,M_Req,missing_destination,50,Application-25-Service,EndDevice-25,Application-25-Service,64200
24582,Application-6,M_Req,missing_destination,31,Application-6-Service,EndDevice-6,Application-6-Service,64200
24583,Application-36,M_Req,missing_destination,61,Application-36-Service,EndDevice-36,Application-36-Service,64200
24589,Application-15,M_Req,missing_destination,40,Application-15-Service,EndDevice-15,Application-15-Service,64200
24592,Application-5,M_Req,missing_destination,30,Application-5-Service,EndDevice-5,Application-5-Service,64200
24593,Application-27,M_Req,missing_destination,52,Application-27-Service,EndDevice-27,Application-27-Service,64200
24620,Application-16,M_Req,missing_destination,41,Application-16-Service,EndDevice-16,Application-16-Service,64300
24630,Application-6,M_Req,missing_destination,31,Application-6-Service,EndDevice-6,Application-6-Service,64300
24637,Application-15,M_Req,missing_destination,40,Application-15-Service,EndDevice-15,Application-15-Service,64300
24640,Application-5,M_Req,missing_destination,30,Application-5-Service,EndDevice-5,Application-5-Service,64300
24646,Application-19,M_Req,missing_destination,44,Application-19-Service,EndDevice-19,Application-19-Service,64400
24651,Application-10,M_Req,missing_destination,35,Application-10-Service,EndDevice-10,Application-10-Service,64400
24656,Application-20,M_Req,missing_destination,45,Application-20-Service,EndDevice-20,Application-20-Service,64400
24662,Application-11,M_Req,missing_destination,36,Application-11-Service,EndDevice-11,Application-11-Service,64400
24665,Application-18,M_Req,missing_destination,43,Application-18-Service,EndDevice-18,Application-18-Service,64400
24666,Application-16,M_Req,missing_destination,41,Application-16-Service,EndDevice-16,Application-16-Service,64400
24674,Application-9,M_Req,missing_destination,34,Application-9-Service,EndDevice-9,Application-9-Service,64500
24676,Application-17,M_Req,missing_destination,42,Application-17-Service,EndDevice-17,Application-17-Service,64500
24678,Application-12,M_Req,missing_destination,37,Application-12-Service,EndDevice-12,Application-12-Service,64500
24680,Application-5,M_Req,missing_destination,30,Application-5-Service,EndDevice-5,Application-5-Service,64500
24694,Application-19,M_Req,missing_destination,44,Application-19-Service,EndDevice-19,Application-19-Service,64500
24699,Application-10,M_Req,missing_destination,35,Application-10-Service,EndDevice-10,Application-10-Service,64500
24704,Application-20,M_Req,missing_destination,45,Application-20-Service,EndDevice-20,Application-20-Service,64500
24710,Application-11,M_Req,missing_destination,36,Application-11-Service,EndDevice-11,Application-11-Service,64500
24713,Application-18,M_Req,missing_destination,43,Application-18-Service,EndDevice-18,Application-18-Service,64500
24714,Application-16,M_Req,missing_destination,41,Application-16-Service,EndDevice-16,Application-16-Service,64500
24723,Application-17,M_Req,missing_destination,42,Application-17-Service,EndDevice-17,Application-17-Service,64600
24736,Application-19,M_Req,missing_destination,44,Application-19-Service,EndDevice-19,Application-19-Service,64600
24746,Application-20,M_Req,missing_destination,45,Application-20-Service,EndDevice-20,Application-20-Service,64600
24753,Application-28,M_Req,missing_destination,53,Application-28-Service,EndDevice-28,Application-28-Service,64700
24760,Application-22,M_Req,missing_destination,47,Application-22-Service,EndDevice-22,Application-22-Service,64700
24766,Application-18,M_Req,missing_destination,43,Application-18-Service,EndDevice-18,Application-18-Service,64700
24771,Application-17,M_Req,missing_destination,42,Application-17-Service,EndDevice-17,Application-17-Service,64700
24774,Application-27,M_Req,missing_destination,52,Application-27-Service,EndDevice-27,Application-27-Service,64700
24776,Application-21,M_Req,missing_destination,46,Application-21-Service,EndDevice-21,Application-21-Service,64700
24777,Application-23,M_Req,missing_destination,48,Application-23-Service,EndDevice-23,Application-23-Service,64700
24780,Application-25,M_Req,missing_destination,50,Application-25-Service,EndDevice-25,Application-25-Service,64700
24784,Application-19,M_Req,missing_destination,44,Application-19-Service,EndDevice-19,Application-19-Service,64700
24786,Application-33,M_Req,missing_destination,58,Application-33-Service,EndDevice-33,Application-33-Service,64700
24787,Application-24,M_Req,missing_destination,49,Application-24-Service,EndDevice-24,Application-24-Service,64700
24790,Application-26,M_Req,missing_destination,51,Application-26-Service,EndDevice-26,Application-26-Service,64700
24794,Application-20,M_Req,missing_destination,45,Application-20-Service,EndDevice-20,Application-20-Service,64700
24800,Application-28,M_Req,missing_destination,53,Application-28-Service,EndDevice-28,Application-28-Service,64800
24805,Application-22,M_Req,missing_destination,47,Application-22-Service,EndDevice-22,Application-22-Service,64800
24814,Application-17,M_Req,missing_destination,42,Application-17-Service,EndDevice-17,Application-17-Service,64800
24817,Application-21,M_Req,missing_destination,46,Application-21-Service,EndDevice-21,Application-21-Service,64800
24818,Application-23,M_Req,missing_destination,48,Application-23-Service,EndDevice-23,Application-23-Service,64800
24821,Application-25,M_Req,missing_destination,50,Application-25-Service,EndDevice-25,Application-25-Service,64800
24848,Application-28,M_Req,missing_destination,53,Application-28-Service,EndDevice-28,Application-28-Service,64900
24853,Application-22,M_Req,missing_destination,47,Application-22-Service,EndDevice-22,Application-22-Service,64900
24865,Application-21,M_Req,missing_destination,46,Application-21-Service,EndDevice-21,Application-21-Service,64900
24866,Application-23,M_Req,missing_destination,48,Application-23-Service,EndDevice-23,Application-23-Service,64900
24869,Application-25,M_Req,missing_destination,50,Application-25-Service,EndDevice-25,Application-25-Service,64900
24874,Application-26,M_Req,missing_destination,51,Application-26-Service,EndDevice-26,Application-26-Service,65000
24878,Application-31,M_Req,missing_destination,56,Application-31-Service,EndDevice-31,Application-31-Service,65000
24879,Application-29,M_Req,missing_destination,54,Application-29-Service,EndDevice-29,Application-29-Service,65000
24886,Application-6,M_Req,missing_destination,31,Application-6-Service,EndDevice-6,Application-6-Service,65000
24890,Application-28,M_Req,missing_destination,53,Application-28-Service,EndDevice-28,Application-28-Service,65000
24891,Application-16,M_Req,missing_destination,41,Application-16-Service,EndDevice-16,Application-16-Service,65000
24894,Application-22,M_Req,missing_destination,47,Application-22-Service,EndDevice-22,Application-22-Service,65000
24896,Application-5,M_Req,missing_destination,30,Application-5-Service,EndDevice-5,Application-5-Service,65000
24899,Application-32,M_Req,missing_destination,57,Application-32-Service,EndDevice-32,Application-32-Service,65100
24906,Application-30,M_Req,missing_destination,55,Application-30-Service,EndDevice-30,Application-30-Service,65100
24922,Application-26,M_Req,missing_destination,51,Application-26-Service,EndDevice-26,Application-26-Service,65100
24926,Application-31,M_Req,missing_destination,56,Application-31-Service,EndDevice-31,Application-31-Service,65100
24927,Application-29,M_Req,missing_destination,54,Application-29-Service,EndDevice-29,Application-29-Service,65100
24934,Application-6,M_Req,missing_destination,31,Application-6-Service,EndDevice-6,Application-6-Service,65100
24938,Application-28,M_Req,missing_destination,53,Application-28-Service,EndDevice-28,Application-28-Service,65100
24939,Application-16,M_Req,missing_destination,41,Application-16-Service,EndDevice-16,Application-16-Service,65100
24942,Application-22,M_Req,missing_destination,47,Application-22-Service,EndDevice-22,Application-22-Service,65100
24944,Application-5,M_Req,missing_destination,30,Application-5-Service,EndDevice-5,Application-5-Service,65100
24966,Application-26,M_Req,missing_destination,51,Application-26-Service,EndDevice-26,Application-26-Service,65200
24976,Application-6,M_Req,missing_destination,31,Application-6-Service,EndDevice-6,Application-6-Service,65200
24979,Application-7,M_Req,missing_destination,32,Application-7-Service,EndDevice-7,Application-7-Service,65300
24984,Application-46,M_Req,missing_destination,71,Application-46-Service,EndDevice-46,Application-46-Service,65300
24985,Application-19,M_Req,missing_destination,44,Application-19-Service,EndDevice-19,Application-19-Service,65300
24987,Application-28,M_Req,missing_destination,53,Application-28-Service,EndDevice-28,Application-28-Service,65300
24989,Application-47,M_Req,missing_destination,72,Application-47-Service,EndDevice-47,Application-47-Service,65300
24998,Application-17,M_Req,missing_destination,42,Application-17-Service,EndDevice-17,Application-17-Service,65300
25000,Application-21,M_Req,missing_destination,46,Application-21-Service,EndDevice-21,Application-21-Service,65300
25001,Application-23,M_Req,missing_destination,48,Application-23-Service,EndDevice-23,Application-23-Service,65300
25005,Application-20,M_Req,missing_destination,45,Application-20-Service,EndDevice-20,Application-20-Service,65300
25012,Application-48,M_Req,missing_destination,73,Application-48-Service,EndDevice-48,Application-48-Service,65300
25014,Application-26,M_Req,missing_destination,51,Application-26-Service,EndDevice-26,Application-26-Service,65300
25023,Application-45,M_Req,missing_destination,70,Application-45-Service,EndDevice-45,Application-45-Service,65300
25024,Application-6,M_Req,missing_destination,31,Application-6-Service,EndDevice-6,Application-6-Service,65300
25027,Application-7,M_Req,missing_destination,32,Application-7-Service,EndDevice-7,Application-7-Service,65400
25031,Application-46,M_Req,missing_destination,71,Application-46-Service,EndDevice-46,Application-46-Service,65400
25032,Application-19,M_Req,missing_destination,44,Application-19-Service,EndDevice-19,Application-19-Service,65400
25034,Application-28,M_Req,missing_destination,53,Application-28-Service,EndDevice-28,Application-28-Service,65400
25045,Application-21,M_Req,missing_destination,46,Application-21-Service,EndDevice-21,Application-21-Service,65400
25046,Application-23,M_Req,missing_destination,48,Application-23-Service,EndDevice-23,Application-23-Service,65400
25075,Application-7,M_Req,missing_destination,32,Application-7-Service,EndDevice-7,Application-7-Service,65500
25080,Application-19,M_Req,missing_destination,44,Application-19-Service,EndDevice-19,Application-19-Service,65500
25094,Application-23,M_Req,missing_destination,48,Application-23-Service,EndDevice-23,Application-23-Service,65500
25122,Application-7,M_Req,missing_destination,32,Application-7-Service,EndDevice-7,Application-7-Service,65600
25126,Application-46,M_Req,missing_destination,71,Application-46-Service,EndDevice-46,Application-46-Service,65600
25127,Application-19,M_Req,missing_destination,44,Application-19-Service,EndDevice-19,Application-19-Service,65600
25129,Application-28,M_Req,missing_destination,53,Application-28-Service,EndDevice-28,Application-28-Service,65600
25138,Application-33,M_Req,missing_destination,58,Application-33-Service,EndDevice-33,Application-33-Service,65700
25141,Application-34,M_Req,missing_destination,59,Application-34-Service,EndDevice-34,Application-34-Service,65700
25170,Application-7,M_Req,missing_destination,32,Application-7-Service,EndDevice-7,Application-7-Service,65700
25174,Application-46,M_Req,missing_destination,71,Application-46-Service,EndDevice-46,Application-46-Service,65700
25175,Application-19,M_Req,missing_destination,44,Application-19-Service,EndDevice-19,Application-19-Service,65700
25177,Application-28,M_Req,missing_destination,53,Application-28-Service,EndDevice-28,Application-28-Service,65700
25214,Application-46,M_Req,missing_destination,71,Application-46-Service,EndDevice-46,Application-46-Service,65900
25218,Application-37,M_Req,missing_destination,62,Application-37-Service,EndDevice-37,Application-37-Service,65900
25219,Application-40,M_Req,missing_destination,65,Application-40-Service,EndDevice-40,Application-40-Service,65900
25223,Application-30,M_Req,missing_destination,55,Application-30-Service,EndDevice-30,Application-30-Service,65900
25237,Application-31,M_Req,missing_destination,56,Application-31-Service,EndDevice-31,Application-31-Service,65900
25239,Application-32,M_Req,missing_destination,57,Application-32-Service,EndDevice-32,Application-32-Service,65900
25246,Application-38,M_Req,missing_destination,63,Application-38-Service,EndDevice-38,Application-38-Service,65900
25249,Application-39,M_Req,missing_destination,64,Application-39-Service,EndDevice-39,Application-39-Service,65900
25250,Application-18,M_Req,missing_destination,43,Application-18-Service,EndDevice-18,Application-18-Service,65900
25255,Application-29,M_Req,missing_destination,54,Application-29-Service,EndDevice-29,Application-29-Service,65900
25261,Application-46,M_Req,missing_destination,71,Application-46-Service,EndDevice-46,Application-46-Service,66000
25265,Application-37,M_Req,missing_destination,62,Application-37-Service,EndDevice-37,Application-37-Service,66000
25266,Application-40,M_Req,missing_destination,65,Application-40-Service,EndDevice-40,Application-40-Service,66000
25282,Application-31,M_Req,missing_destination,56,Application-31-Service,EndDevice-31,Application-31-Service,66000
25330,Application-31,M_Req,missing_destination,56,Application-31-Service,EndDevice-31,Application-31-Service,66100
25339,Application-6,M_Req,missing_destination,31,Application-6-Service,EndDevice-6,Application-6-Service,66200
25343,Application-8,M_Req,missing_destination,33,Application-8-Service,EndDevice-8,Application-8-Service,66200
25344,Application-26,M_Req,missing_destination,51,Application-26-Service,EndDevice-26,Application-26-Service,66200
25349,Application-39,M_Req,missing_destination,64,Application-39-Service,EndDevice-39,Application-39-Service,66200
25350,Application-32,M_Req,missing_destination,57,Application-32-Service,EndDevice-32,Application-32-Service,66200
25357,Application-5,M_Req,missing_destination,30,Application-5-Service,EndDevice-5,Application-5-Service,66200
25358,Application-28,M_Req,missing_destination,53,Application-28-Service,EndDevice-28,Application-28-Service,66200
25359,Application-20,M_Req,missing_destination,45,Application-20-Service,EndDevice-20,Application-20-Service,66200
25371,Application-27,M_Req,missing_destination,52,Application-27-Service,EndDevice-27,Application-27-Service,66300
25387,Application-6,M_Req,missing_destination,31,Application-6-Service,EndDevice-6,Application-6-Service,66300
25391,Application-8,M_Req,missing_destination,33,Application-8-Service,EndDevice-8,Application-8-Service,66300
25392,Application-26,M_Req,missing_destination,51,Application-26-Service,EndDevice-26,Application-26-Service,66300
25397,Application-39,M_Req,missing_destination,64,Application-39-Service,EndDevice-39,Application-39-Service,66300
25398,Application-32,M_Req,missing_destination,57,Application-32-Service,EndDevice-32,Application-32-Service,66300
25405,Application-5,M_Req,missing_destination,30,Application-5-Service,EndDevice-5,Application-5-Service,66300
25406,Application-28,M_Req,missing_destination,53,Application-28-Service,EndDevice-28,Application-28-Service,66300
25407,Application-20,M_Req,missing_destination,45,Application-20-Service,EndDevice-20,Application-20-Service,66300
25419,Application-27,M_Req,missing_destination,52,Application-27-Service,EndDevice-27,Application-27-Service,66400
25430,Application-6,M_Req,missing_destination,31,Application-6-Service,EndDevice-6,Application-6-Service,66400
25433,Application-8,M_Req,missing_destination,33,Application-8-Service,EndDevice-8,Application-8-Service,66400
25434,Application-26,M_Req,missing_destination,51,Application-26-Service,EndDevice-26,Application-26-Service,66400
25439,Application-39,M_Req,missing_destination,64,Application-39-Service,EndDevice-39,Application-39-Service,66400
25440,Application-32,M_Req,missing_destination,57,Application-32-Service,EndDevice-32,Application-32-Service,66400
25443,Application-40,M_Req,missing_destination,65,Application-40-Service,EndDevice-40,Application-40-Service,66500
25445,Application-28,M_Req,missing_destination,53,Application-28-Service,EndDevice-28,Application-28-Service,66500
25456,Application-37,M_Req,missing_destination,62,Application-37-Service,EndDevice-37,Application-37-Service,66500
25465,Application-31,M_Req,missing_destination,56,Application-31-Service,EndDevice-31,Application-31-Service,66500
25467,Application-27,M_Req,missing_destination,52,Application-27-Service,EndDevice-27,Application-27-Service,66500
25474,Application-38,M_Req,missing_destination,63,Application-38-Service,EndDevice-38,Application-38-Service,66500
25478,Application-6,M_Req,missing_destination,31,Application-6-Service,EndDevice-6,Application-6-Service,66500
25481,Application-8,M_Req,missing_destination,33,Application-8-Service,EndDevice-8,Application-8-Service,66500
25482,Application-26,M_Req,missing_destination,51,Application-26-Service,EndDevice-26,Application-26-Service,66500
25487,Application-39,M_Req,missing_destination,64,Application-39-Service,EndDevice-39,Application-39-Service,66500
25488,Application-32,M_Req,missing_destination,57,Application-32-Service,EndDevice-32,Application-32-Service,66500
25491,Application-40,M_Req,missing_destination,65,Application-40-Service,EndDevice-40,Application-40-Service,66600
25493,Application-28,M_Req,missing_destination,53,Application-28-Service,EndDevice-28,Application-28-Service,66600
25503,Application-37,M_Req,missing_destination,62,Application-37-Service,EndDevice-37,Application-37-Service,66600
25510,Application-31,M_Req,missing_destination,56,Application-31-Service,EndDevice-31,Application-31-Service,66600
25511,Application-27,M_Req,missing_destination,52,Application-27-Service,EndDevice-27,Application-27-Service,66600
25565,Application-14,M_Req,missing_destination,39,Application-14-Service,EndDevice-14,Application-14-Service,66800
25569,Application-47,M_Req,missing_destination,72,Application-47-Service,EndDevice-47,Application-47-Service,66800
25573,Application-48,M_Req,missing_destination,73,Application-48-Service,EndDevice-48,Application-48-Service,66800
25574,Application-32,M_Req,missing_destination,57,Application-32-Service,EndDevice-32,Application-32-Service,66800
25581,Application-26,M_Req,missing_destination,51,Application-26-Service,EndDevice-26,Application-26-Service,66800
25587,Application-16,M_Req,missing_destination,41,Application-16-Service,EndDevice-16,Application-16-Service,66800
25588,Application-45,M_Req,missing_destination,70,Application-45-Service,EndDevice-45,Application-45-Service,66800
25597,Application-15,M_Req,missing_destination,40,Application-15-Service,EndDevice-15,Application-15-Service,66900
25600,Application-46,M_Req,missing_destination,71,Application-46-Service,EndDevice-46,Application-46-Service,66900
25603,Application-13,M_Req,missing_destination,38,Application-13-Service,EndDevice-13,Application-13-Service,66900
25613,Application-14,M_Req,missing_destination,39,Application-14-Service,EndDevice-14,Application-14-Service,66900
25617,Application-47,M_Req,missing_destination,72,Application-47-Service,EndDevice-47,Application-47-Service,66900
25621,Application-48,M_Req,missing_destination,73,Application-48-Service,EndDevice-48,Application-48-Service,66900
25622,Application-32,M_Req,missing_destination,57,Application-32-Service,EndDevice-32,Application-32-Service,66900
25629,Application-26,M_Req,missing_destination,51,Application-26-Service,EndDevice-26,Application-26-Service,66900
25635,Application-16,M_Req,missing_destination,41,Application-16-Service,EndDevice-16,Application-16-Service,66900
25636,Application-45,M_Req,missing_destination,70,Application-45-Service,EndDevice-45,Application-45-Service,66900
25671,Application-40,M_Req,missing_destination,65,Application-40-Service,EndDevice-40,Application-40-Service,67100
25674,Application-16,M_Req,missing_destination,41,Application-16-Service,EndDevice-16,Application-16-Service,67100
25680,Application-11,M_Req,missing_destination,36,Application-11-Service,EndDevice-11,Application-11-Service,67100
25681,Application-37,M_Req,missing_destination,62,Application-37-Service,EndDevice-37,Application-37-Service,67100
25685,Application-12,M_Req,missing_destination,37,Application-12-Service,EndDevice-12,Application-12-Service,67100
25688,Application-8,M_Req,missing_destination,33,Application-8-Service,EndDevice-8,Application-8-Service,67100
25700,Application-39,M_Req,missing_destination,64,Application-39-Service,EndDevice-39,Application-39-Service,67100
25701,Application-38,M_Req,missing_destination,63,Application-38-Service,EndDevice-38,Application-38-Service,67100
25706,Application-7,M_Req,missing_destination,32,Application-7-Service,EndDevice-7,Application-7-Service,67100
25714,Application-9,M_Req,missing_destination,34,Application-9-Service,EndDevice-9,Application-9-Service,67100
25715,Application-10,M_Req,missing_destination,35,Application-10-Service,EndDevice-10,Application-10-Service,67100
25719,Application-40,M_Req,missing_destination,65,Application-40-Service,EndDevice-40,Application-40-Service,67200
25721,Application-16,M_Req,missing_destination,41,Application-16-Service,EndDevice-16,Application-16-Service,67200
25726,Application-37,M_Req,missing_destination,62,Application-37-Service,EndDevice-37,Application-37-Service,67200
25728,Application-12,M_Req,missing_destination,37,Application-12-Service,EndDevice-12,Application-12-Service,67200
25730,Application-8,M_Req,missing_destination,33,Application-8-Service,EndDevice-8,Application-8-Service,67200
25745,Application-7,M_Req,missing_destination,32,Application-7-Service,EndDevice-7,Application-7-Service,67200
25801,Application-9,M_Req,missing_destination,34,Application-9-Service,EndDevice-9,Application-9-Service,67400
25810,Application-33,M_Req,missing_destination,58,Application-33-Service,EndDevice-33,Application-33-Service,67400
25811,Application-40,M_Req,missing_destination,65,Application-40-Service,EndDevice-40,Application-40-Service,67400
25813,Application-16,M_Req,missing_destination,41,Application-16-Service,EndDevice-16,Application-16-Service,67400
25817,Application-36,M_Req,missing_destination,61,Application-36-Service,EndDevice-36,Application-36-Service,67400
25819,Application-35,M_Req,missing_destination,60,Application-35-Service,EndDevice-35,Application-35-Service,67400
25820,Application-8,M_Req,missing_destination,33,Application-8-Service,EndDevice-8,Application-8-Service,67400
25827,Application-30,M_Req,missing_destination,55,Application-30-Service,EndDevice-30,Application-30-Service,67500
25831,Application-34,M_Req,missing_destination,59,Application-34-Service,EndDevice-34,Application-34-Service,67500
25849,Application-9,M_Req,missing_destination,34,Application-9-Service,EndDevice-9,Application-9-Service,67500
25858,Application-33,M_Req,missing_destination,58,Application-33-Service,EndDevice-33,Application-33-Service,67500
25859,Application-40,M_Req,missing_destination,65,Application-40-Service,EndDevice-40,Application-40-Service,67500
25861,Application-16,M_Req,missing_destination,41,Application-16-Service,EndDevice-16,Application-16-Service,67500
25865,Application-36,M_Req,missing_destination,61,Application-36-Service,EndDevice-36,Application-36-Service,67500
25867,Application-35,M_Req,missing_destination,60,Application-35-Service,EndDevice-35,Application-35-Service,67500
25868,Application-8,M_Req,missing_destination,33,Application-8-Service,EndDevice-8,Application-8-Service,67500
25904,Application-44,M_Req,missing_destination,69,Application-44-Service,EndDevice-44,Application-44-Service,67700
25919,Application-39,M_Req,missing_destination,64,Application-39-Service,EndDevice-39,Application-39-Service,67700
25921,Application-31,M_Req,missing_destination,56,Application-31-Service,EndDevice-31,Application-31-Service,67700
25930,Application-41,M_Req,missing_destination,66,Application-41-Service,EndDevice-41,Application-41-Service,67700
25931,Application-43,M_Req,missing_destination,68,Application-43-Service,EndDevice-43,Application-43-Service,67700
25933,Application-42,M_Req,missing_destination,67,Application-42-Service,EndDevice-42,Application-42-Service,67700
25952,Application-44,M_Req,missing_destination,69,Application-44-Service,EndDevice-44,Application-44-Service,67800
25966,Application-39,M_Req,missing_destination,64,Application-39-Service,EndDevice-39,Application-39-Service,67800
25968,Application-31,M_Req,missing_destination,56,Application-31-Service,EndDevice-31,Application-31-Service,67800
25975,Application-41,M_Req,missing_destination,66,Application-41-Service,EndDevice-41,Application-41-Service,67800
25976,Application-43,M_Req,missing_destination,68,Application-43-Service,EndDevice-43,Application-43-Service,67800
25978,Application-42,M_Req,missing_destination,67,Application-42-Service,EndDevice-42,Application-42-Service,67800
26014,Application-39,M_Req,missing_destination,64,Application-39-Service,EndDevice-39,Application-39-Service,67900
26029,Application-48,M_Req,missing_destination,73,Application-48-Service,EndDevice-48,Application-48-Service,68000
26031,Application-46,M_Req,missing_destination,71,Application-46-Service,EndDevice-46,Application-46-Service,68000
26038,Application-17,M_Req,missing_destination,42,Application-17-Service,EndDevice-17,Application-17-Service,68000
26040,Application-18,M_Req,missing_destination,43,Application-18-Service,EndDevice-18,Application-18-Service,68000
26050,Application-5,M_Req,missing_destination,30,Application-5-Service,EndDevice-5,Application-5-Service,68000
26052,Application-47,M_Req,missing_destination,72,Application-47-Service,EndDevice-47,Application-47-Service,68000
26053,Application-29,M_Req,missing_destination,54,Application-29-Service,EndDevice-29,Application-29-Service,68000
26054,Application-20,M_Req,missing_destination,45,Application-20-Service,EndDevice-20,Application-20-Service,68000
26060,Application-19,M_Req,missing_destination,44,Application-19-Service,EndDevice-19,Application-19-Service,68100
26077,Application-48,M_Req,missing_destination,73,Application-48-Service,EndDevice-48,Application-48-Service,68100
26079,Application-46,M_Req,missing_destination,71,Application-46-Service,EndDevice-46,Application-46-Service,68100
26086,Application-17,M_Req,missing_destination,42,Application-17-Service,EndDevice-17,Application-17-Service,68100
26088,Application-18,M_Req,missing_destination,43,Application-18-Service,EndDevice-18,Application-18-Service,68100
26098,Application-5,M_Req,missing_destination,30,Application-5-Service,EndDevice-5,Application-5-Service,68100
26100,Application-47,M_Req,missing_destination,72,Application-47-Service,EndDevice-47,Application-47-Service,68100
26101,Application-29,M_Req,missing_destination,54,Application-29-Service,EndDevice-29,Application-29-Service,68100
26102,Application-20,M_Req,missing_destination,45,Application-20-Service,EndDevice-20,Application-20-Service,68100
26106,Application-19,M_Req,missing_destination,44,Application-19-Service,EndDevice-19,Application-19-Service,68200
26128,Application-17,M_Req,missing_destination,42,Application-17-Service,EndDevice-17,Application-17-Service,68200
26129,Application-18,M_Req,missing_destination,43,Application-18-Service,EndDevice-18,Application-18-Service,68200
26133,Application-36,M_Req,missing_destination,61,Application-36-Service,EndDevice-36,Application-36-Service,68300
26135,Application-35,M_Req,missing_destination,60,Application-35-Service,EndDevice-35,Application-35-Service,68300
26139,Application-34,M_Req,missing_destination,59,Application-34-Service,EndDevice-34,Application-34-Service,68300
26146,Application-27,M_Req,missing_destination,52,Application-27-Service,EndDevice-27,Application-27-Service,68300
26148,Application-20,M_Req,missing_destination,45,Application-20-Service,EndDevice-20,Application-20-Service,68300
26154,Application-19,M_Req,missing_destination,44,Application-19-Service,EndDevice-19,Application-19-Service,68300
26162,Application-33,M_Req,missing_destination,58,Application-33-Service,EndDevice-33,Application-33-Service,68300
26168,Application-6,M_Req,missing_destination,31,Application-6-Service,EndDevice-6,Application-6-Service,68300
26169,Application-26,M_Req,missing_destination,51,Application-26-Service,EndDevice-26,Application-26-Service,68300
26172,Application-25,M_Req,missing_destination,50,Application-25-Service,EndDevice-25,Application-25-Service,68300
26173,Application-28,M_Req,missing_destination,53,Application-28-Service,EndDevice-28,Application-28-Service,68300
26175,Application-7,M_Req,missing_destination,32,Application-7-Service,EndDevice-7,Application-7-Service,68300
26176,Application-17,M_Req,missing_destination,42,Application-17-Service,EndDevice-17,Application-17-Service,68300
26177,Application-18,M_Req,missing_destination,43,Application-18-Service,EndDevice-18,Application-18-Service,68300
26180,Application-36,M_Req,missing_destination,61,Application-36-Service,EndDevice-36,Application-36-Service,68400
26183,Application-34,M_Req,missing_destination,59,Application-34-Service,EndDevice-34,Application-34-Service,68400
26189,Application-27,M_Req,missing_destination,52,Application-27-Service,EndDevice-27,Application-27-Service,68400
26191,Application-20,M_Req,missing_destination,45,Application-20-Service,EndDevice-20,Application-20-Service,68400
26203,Application-33,M_Req,missing_destination,58,Application-33-Service,EndDevice-33,Application-33-Service,68400
26228,Application-36,M_Req,missing_destination,61,Application-36-Service,EndDevice-36,Application-36-Service,68500
26231,Application-34,M_Req,missing_destination,59,Application-34-Service,EndDevice-34,Application-34-Service,68500
26239,Application-20,M_Req,missing_destination,45,Application-20-Service,EndDevice-20,Application-20-Service,68500
26251,Application-33,M_Req,missing_destination,58,Application-33-Service,EndDevice-33,Application-33-Service,68500
26256,Application-6,M_Req,missing_destination,31,Application-6-Service,EndDevice-6,Application-6-Service,68600
26257,Application-26,M_Req,missing_destination,51,Application-26-Service,EndDevice-26,Application-26-Service,68600
26259,Application-28,M_Req,missing_destination,53,Application-28-Service,EndDevice-28,Application-28-Service,68600
26262,Application-18,M_Req,missing_destination,43,Application-18-Service,EndDevice-18,Application-18-Service,68600
26263,Application-5,M_Req,missing_destination,30,Application-5-Service,EndDevice-5,Application-5-Service,68600
26264,Application-12,M_Req,missing_destination,37,Application-12-Service,EndDevice-12,Application-12-Service,68600
26265,Application-35,M_Req,missing_destination,60,Application-35-Service,EndDevice-35,Application-35-Service,68600
26267,Application-39,M_Req,missing_destination,64,Application-39-Service,EndDevice-39,Application-39-Service,68600
26269,Application-25,M_Req,missing_destination,50,Application-25-Service,EndDevice-25,Application-25-Service,68600
26270,Application-19,M_Req,missing_destination,44,Application-19-Service,EndDevice-19,Application-19-Service,68600
26272,Application-36,M_Req,missing_destination,61,Application-36-Service,EndDevice-36,Application-36-Service,68600
26275,Application-34,M_Req,missing_destination,59,Application-34-Service,EndDevice-34,Application-34-Service,68600
26280,Application-20,M_Req,missing_destination,45,Application-20-Service,EndDevice-20,Application-20-Service,68600
26285,Application-10,M_Req,missing_destination,35,Application-10-Service,EndDevice-10,Application-10-Service,68700
26286,Application-11,M_Req,missing_destination,36,Application-11-Service,EndDevice-11,Application-11-Service,68700
26304,Application-6,M_Req,missing_destination,31,Application-6-Service,EndDevice-6,Application-6-Service,68700
26305,Application-26,M_Req,missing_destination,51,Application-26-Service,EndDevice-26,Application-26-Service,68700
26307,Application-28,M_Req,missing_destination,53,Application-28-Service,EndDevice-28,Application-28-Service,68700
26310,Application-18,M_Req,missing_destination,43,Application-18-Service,EndDevice-18,Application-18-Service,68700
26311,Application-5,M_Req,missing_destination,30,Application-5-Service,EndDevice-5,Application-5-Service,68700
26312,Application-12,M_Req,missing_destination,37,Application-12-Service,EndDevice-12,Application-12-Service,68700
26313,Application-35,M_Req,missing_destination,60,Application-35-Service,EndDevice-35,Application-35-Service,68700
26315,Application-39,M_Req,missing_destination,64,Application-39-Service,EndDevice-39,Application-39-Service,68700
26317,Application-25,M_Req,missing_destination,50,Application-25-Service,EndDevice-25,Application-25-Service,68700
26318,Application-19,M_Req,missing_destination,44,Application-19-Service,EndDevice-19,Application-19-Service,68700
26320,Application-36,M_Req,missing_destination,61,Application-36-Service,EndDevice-36,Application-36-Service,68700
26323,Application-34,M_Req,missing_destination,59,Application-34-Service,EndDevice-34,Application-34-Service,68700
26328,Application-20,M_Req,missing_destination,45,Application-20-Service,EndDevice-20,Application-20-Service,68700
26349,Application-6,M_Req,missing_destination,31,Application-6-Service,EndDevice-6,Application-6-Service,68800
26350,Application-26,M_Req,missing_destination,51,Application-26-Service,EndDevice-26,Application-26-Service,68800
26357,Application-39,M_Req,missing_destination,64,Application-39-Service,EndDevice-39,Application-39-Service,68800
26361,Application-3,M_Req,missing_destination,28,Application-3-Service,EndDevice-3,Application-3-Service,68900
26364,Application-29,M_Req,missing_destination,54,Application-29-Service,EndDevice-29,Application-29-Service,68900
26365,Application-2,M_Req,missing_destination,27,Application-2-Service,EndDevice-2,Application-2-Service,68900
26369,Application-32,M_Req,missing_destination,57,Application-32-Service,EndDevice-32,Application-32-Service,68900
26379,Application-31,M_Req,missing_destination,56,Application-31-Service,EndDevice-31,Application-31-Service,68900
26380,Application-30,M_Req,missing_destination,55,Application-30-Service,EndDevice-30,Application-30-Service,68900
26384,Application-1,M_Req,missing_destination,26,Application-1-Service,EndDevice-1,Application-1-Service,68900
26391,Application-9,M_Req,missing_destination,34,Application-9-Service,EndDevice-9,Application-9-Service,68900
26394,Application-7,M_Req,missing_destination,32,Application-7-Service,EndDevice-7,Application-7-Service,68900
26395,Application-4,M_Req,missing_destination,29,Application-4-Service,EndDevice-4,Application-4-Service,68900
26397,Application-6,M_Req,missing_destination,31,Application-6-Service,EndDevice-6,Application-6-Service,68900
26398,Application-26,M_Req,missing_destination,51,Application-26-Service,EndDevice-26,Application-26-Service,68900
26405,Application-39,M_Req,missing_destination,64,Application-39-Service,EndDevice-39,Application-39-Service,68900
26409,Application-3,M_Req,missing_destination,28,Application-3-Service,EndDevice-3,Application-3-Service,69000
26411,Application-29,M_Req,missing_destination,54,Application-29-Service,EndDevice-29,Application-29-Service,69000
26412,Application-2,M_Req,missing_destination,27,Application-2-Service,EndDevice-2,Application-2-Service,69000
26416,Application-32,M_Req,missing_destination,57,Application-32-Service,EndDevice-32,Application-32-Service,69000
26425,Application-31,M_Req,missing_destination,56,Application-31-Service,EndDevice-31,Application-31-Service,69000
26426,Application-30,M_Req,missing_destination,55,Application-30-Service,EndDevice-30,Application-30-Service,69000
26427,Application-1,M_Req,missing_destination,26,Application-1-Service,EndDevice-1,Application-1-Service,69000
26433,Application-9,M_Req,missing_destination,34,Application-9-Service,EndDevice-9,Application-9-Service,69000
26436,Application-4,M_Req,missing_destination,29,Application-4-Service,EndDevice-4,Application-4-Service,69000
26457,Application-3,M_Req,missing_destination,28,Application-3-Service,EndDevice-3,Application-3-Service,69100
26460,Application-2,M_Req,missing_destination,27,Application-2-Service,EndDevice-2,Application-2-Service,69100
26475,Application-1,M_Req,missing_destination,26,Application-1-Service,EndDevice-1,Application-1-Service,69100
26484,Application-4,M_Req,missing_destination,29,Application-4-Service,EndDevice-4,Application-4-Service,69100
26485,Application-6,M_Req,missing_destination,31,Application-6-Service,EndDevice-6,Application-6-Service,69200
26493,Application-16,M_Req,missing_destination,41,Application-16-Service,EndDevice-16,Application-16-Service,69200
26498,Application-42,M_Req,missing_destination,67,Application-42-Service,EndDevice-42,Application-42-Service,69200
26499,Application-43,M_Req,missing_destination,68,Application-43-Service,EndDevice-43,Application-43-Service,69200
26500,Application-40,M_Req,missing_destination,65,Application-40-Service,EndDevice-40,Application-40-Service,69200
26503,Application-2,M_Req,missing_destination,27,Application-2-Service,EndDevice-2,Application-2-Service,69200
26505,Application-13,M_Req,missing_destination,38,Application-13-Service,EndDevice-13,Application-13-Service,69200
26512,Application-15,M_Req,missing_destination,40,Application-15-Service,EndDevice-15,Application-15-Service,69300
26517,Application-14,M_Req,missing_destination,39,Application-14-Service,EndDevice-14,Application-14-Service,69300
26519,Application-44,M_Req,missing_destination,69,Application-44-Service,EndDevice-44,Application-44-Service,69300
26533,Application-6,M_Req,missing_destination,31,Application-6-Service,EndDevice-6,Application-6-Service,69300
26541,Application-16,M_Req,missing_destination,41,Application-16-Service,EndDevice-16,Application-16-Service,69300
26546,Application-42,M_Req,missing_destination,67,Application-42-Service,EndDevice-42,Application-42-Service,69300
26547,Application-43,M_Req,missing_destination,68,Application-43-Service,EndDevice-43,Application-43-Service,69300
26548,Application-40,M_Req,missing_destination,65,Application-40-Service,EndDevice-40,Application-40-Service,69300
26551,Application-2,M_Req,missing_destination,27,Application-2-Service,EndDevice-2,Application-2-Service,69300
26553,Application-13,M_Req,missing_destination,38,Application-13-Service,EndDevice-13,Application-13-Service,69300
26560,Application-15,M_Req,missing_destination,40,Application-15-Service,EndDevice-15,Application-15-Service,69400
26564,Application-14,M_Req,missing_destination,39,Application-14-Service,EndDevice-14,Application-14-Service,69400
26576,Application-6,M_Req,missing_destination,31,Application-6-Service,EndDevice-6,Application-6-Service,69400
26583,Application-16,M_Req,missing_destination,41,Application-16-Service,EndDevice-16,Application-16-Service,69400
26592,Application-2,M_Req,missing_destination,27,Application-2-Service,EndDevice-2,Application-2-Service,69500
26599,Application-47,M_Req,missing_destination,72,Application-47-Service,EndDevice-47,Application-47-Service,69500
26600,Application-45,M_Req,missing_destination,70,Application-45-Service,EndDevice-45,Application-45-Service,69500
26608,Application-15,M_Req,missing_destination,40,Application-15-Service,EndDevice-15,Application-15-Service,69500
26612,Application-14,M_Req,missing_destination,39,Application-14-Service,EndDevice-14,Application-14-Service,69500
26616,Application-27,M_Req,missing_destination,52,Application-27-Service,EndDevice-27,Application-27-Service,69500
26617,Application-48,M_Req,missing_destination,73,Application-48-Service,EndDevice-48,Application-48-Service,69500
26618,Application-4,M_Req,missing_destination,29,Application-4-Service,EndDevice-4,Application-4-Service,69500
26620,Application-25,M_Req,missing_destination,50,Application-25-Service,EndDevice-25,Application-25-Service,69500
26624,Application-6,M_Req,missing_destination,31,Application-6-Service,EndDevice-6,Application-6-Service,69500
26625,Application-26,M_Req,missing_destination,51,Application-26-Service,EndDevice-26,Application-26-Service,69500
26626,Application-28,M_Req,missing_destination,53,Application-28-Service,EndDevice-28,Application-28-Service,69500
26631,Application-16,M_Req,missing_destination,41,Application-16-Service,EndDevice-16,Application-16-Service,69500
26632,Application-46,M_Req,missing_destination,71,Application-46-Service,EndDevice-46,Application-46-Service,69500
26639,Application-2,M_Req,missing_destination,27,Application-2-Service,EndDevice-2,Application-2-Service,69600
26644,Application-47,M_Req,missing_destination,72,Application-47-Service,EndDevice-47,Application-47-Service,69600
26645,Application-45,M_Req,missing_destination,70,Application-45-Service,EndDevice-45,Application-45-Service,69600
26652,Application-15,M_Req,missing_destination,40,Application-15-Service,EndDevice-15,Application-15-Service,69600
26656,Application-14,M_Req,missing_destination,39,Application-14-Service,EndDevice-14,Application-14-Service,69600
26660,Application-27,M_Req,missing_destination,52,Application-27-Service,EndDevice-27,Application-27-Service,69600
26661,Application-48,M_Req,missing_destination,73,Application-48-Service,EndDevice-48,Application-48-Service,69600
26663,Application-25,M_Req,missing_destination,50,Application-25-Service,EndDevice-25,Application-25-Service,69600
26687,Application-2,M_Req,missing_destination,27,Application-2-Service,EndDevice-2,Application-2-Service,69700
26700,Application-15,M_Req,missing_destination,40,Application-15-Service,EndDevice-15,Application-15-Service,69700
26704,Application-14,M_Req,missing_destination,39,Application-14-Service,EndDevice-14,Application-14-Service,69700
26708,Application-27,M_Req,missing_destination,52,Application-27-Service,EndDevice-27,Application-27-Service,69700
26711,Application-25,M_Req,missing_destination,50,Application-25-Service,EndDevice-25,Application-25-Service,69700
26715,Application-17,M_Req,missing_destination,42,Application-17-Service,EndDevice-17,Application-17-Service,69800
26718,Application-16,M_Req,missing_destination,41,Application-16-Service,EndDevice-16,Application-16-Service,69800
26722,Application-18,M_Req,missing_destination,43,Application-18-Service,EndDevice-18,Application-18-Service,69800
26726,Application-19,M_Req,missing_destination,44,Application-19-Service,EndDevice-19,Application-19-Service,69800
26729,Application-40,M_Req,missing_destination,65,Application-40-Service,EndDevice-40,Application-40-Service,69800
26731,Application-20,M_Req,missing_destination,45,Application-20-Service,EndDevice-20,Application-20-Service,69800
26732,Application-13,M_Req,missing_destination,38,Application-13-Service,EndDevice-13,Application-13-Service,69800
26734,Application-8,M_Req,missing_destination,33,Application-8-Service,EndDevice-8,Application-8-Service,69800
26738,Application-5,M_Req,missing_destination,30,Application-5-Service,EndDevice-5,Application-5-Service,69800
26739,Application-7,M_Req,missing_destination,32,Application-7-Service,EndDevice-7,Application-7-Service,69800
26763,Application-17,M_Req,missing_destination,42,Application-17-Service,EndDevice-17,Application-17-Service,69900
26766,Application-16,M_Req,missing_destination,41,Application-16-Service,EndDevice-16,Application-16-Service,69900
26770,Application-18,M_Req,missing_destination,43,Application-18-Service,EndDevice-18,Application-18-Service,69900
26774,Application-19,M_Req,missing_destination,44,Application-19-Service,EndDevice-19,Application-19-Service,69900
26777,Application-40,M_Req,missing_destination,65,Application-40-Service,EndDevice-40,Application-40-Service,69900
26779,Application-20,M_Req,missing_destination,45,Application-20-Service,EndDevice-20,Application-20-Service,69900
26780,Application-13,M_Req,missing_destination,38,Application-13-Service,EndDevice-13,Application-13-Service,69900
26782,Application-8,M_Req,missing_destination,33,Application-8-Service,EndDevice-8,Application-8-Service,69900
26786,Application-5,M_Req,missing_destination,30,Application-5-Service,EndDevice-5,Application-5-Service,69900
26787,Application-7,M_Req,missing_destination,32,Application-7-Service,EndDevice-7,Application-7-Service,69900
26820,Application-20,M_Req,missing_destination,45,Application-20-Service,EndDevice-20,Application-20-Service,70100
26821,Application-13,M_Req,missing_destination,38,Application-13-Service,EndDevice-13,Application-13-Service,70100
26823,Application-8,M_Req,missing_destination,33,Application-8-Service,EndDevice-8,Application-8-Service,70100
26829,Application-42,M_Req,missing_destination,67,Application-42-Service,EndDevice-42,Application-42-Service,70100
26835,Application-23,M_Req,missing_destination,48,Application-23-Service,EndDevice-23,Application-23-Service,70100
26841,Application-21,M_Req,missing_destination,46,Application-21-Service,EndDevice-21,Application-21-Service,70100
26842,Application-44,M_Req,missing_destination,69,Application-44-Service,EndDevice-44,Application-44-Service,70100
26847,Application-24,M_Req,missing_destination,49,Application-24-Service,EndDevice-24,Application-24-Service,70100
26856,Application-22,M_Req,missing_destination,47,Application-22-Service,EndDevice-22,Application-22-Service,70100
26863,Application-43,M_Req,missing_destination,68,Application-43-Service,EndDevice-43,Application-43-Service,70100
26865,Application-41,M_Req,missing_destination,66,Application-41-Service,EndDevice-41,Application-41-Service,70100
26868,Application-20,M_Req,missing_destination,45,Application-20-Service,EndDevice-20,Application-20-Service,70200
26869,Application-13,M_Req,missing_destination,38,Application-13-Service,EndDevice-13,Application-13-Service,70200
26871,Application-8,M_Req,missing_destination,33,Application-8-Service,EndDevice-8,Application-8-Service,70200
26880,Application-23,M_Req,missing_destination,48,Application-23-Service,EndDevice-23,Application-23-Service,70200
26885,Application-21,M_Req,missing_destination,46,Application-21-Service,EndDevice-21,Application-21-Service,70200
26886,Application-44,M_Req,missing_destination,69,Application-44-Service,EndDevice-44,Application-44-Service,70200
26889,Application-24,M_Req,missing_destination,49,Application-24-Service,EndDevice-24,Application-24-Service,70200
26919,Application-8,M_Req,missing_destination,33,Application-8-Service,EndDevice-8,Application-8-Service,70300
26934,Application-44,M_Req,missing_destination,69,Application-44-Service,EndDevice-44,Application-44-Service,70300
26953,Application-14,M_Req,missing_destination,39,Application-14-Service,EndDevice-14,Application-14-Service,70400
26955,Application-12,M_Req,missing_destination,37,Application-12-Service,EndDevice-12,Application-12-Service,70400
26963,Application-8,M_Req,missing_destination,33,Application-8-Service,EndDevice-8,Application-8-Service,70400
26964,Application-10,M_Req,missing_destination,35,Application-10-Service,EndDevice-10,Application-10-Service,70400
26968,Application-5,M_Req,missing_destination,30,Application-5-Service,EndDevice-5,Application-5-Service,70400
26979,Application-9,M_Req,missing_destination,34,Application-9-Service,EndDevice-9,Application-9-Service,70500
26980,Application-6,M_Req,missing_destination,31,Application-6-Service,EndDevice-6,Application-6-Service,70500
27001,Application-14,M_Req,missing_destination,39,Application-14-Service,EndDevice-14,Application-14-Service,70500
27003,Application-12,M_Req,missing_destination,37,Application-12-Service,EndDevice-12,Application-12-Service,70500
27011,Application-8,M_Req,missing_destination,33,Application-8-Service,EndDevice-8,Application-8-Service,70500
27012,Application-10,M_Req,missing_destination,35,Application-10-Service,EndDevice-10,Application-10-Service,70500
27016,Application-5,M_Req,missing_destination,30,Application-5-Service,EndDevice-5,Application-5-Service,70500
27025,Application-9,M_Req,missing_destination,34,Application-9-Service,EndDevice-9,Application-9-Service,70600
27043,Application-12,M_Req,missing_destination,37,Application-12-Service,EndDevice-12,Application-12-Service,70600
27048,Application-20,M_Req,missing_destination,45,Application-20-Service,EndDevice-20,Application-20-Service,70700
27051,Application-8,M_Req,missing_destination,33,Application-8-Service,EndDevice-8,Application-8-Service,70700
27052,Application-10,M_Req,missing_destination,35,Application-10-Service,EndDevice-10,Application-10-Service,70700
27059,Application-1,M_Req,missing_destination,26,Application-1-Service,EndDevice-1,Application-1-Service,70700
27071,Application-3,M_Req,missing_destination,28,Application-3-Service,EndDevice-3,Application-3-Service,70700
27073,Application-9,M_Req,missing_destination,34,Application-9-Service,EndDevice-9,Application-9-Service,70700
27078,Application-19,M_Req,missing_destination,44,Application-19-Service,EndDevice-19,Application-19-Service,70700
27081,Application-28,M_Req,missing_destination,53,Application-28-Service,EndDevice-28,Application-28-Service,70700
27082,Application-17,M_Req,missing_destination,42,Application-17-Service,EndDevice-17,Application-17-Service,70700
27085,Application-16,M_Req,missing_destination,41,Application-16-Service,EndDevice-16,Application-16-Service,70700
27086,Application-4,M_Req,missing_destination,29,Application-4-Service,EndDevice-4,Application-4-Service,70700
27087,Application-43,M_Req,missing_destination,68,Application-43-Service,EndDevice-43,Application-43-Service,70700
27090,Application-2,M_Req,missing_destination,27,Application-2-Service,EndDevice-2,Application-2-Service,70700
27091,Application-12,M_Req,missing_destination,37,Application-12-Service,EndDevice-12,Application-12-Service,70700
27093,Application-18,M_Req,missing_destination,43,Application-18-Service,EndDevice-18,Application-18-Service,70700
27097,Application-8,M_Req,missing_destination,33,Application-8-Service,EndDevice-8,Application-8-Service,70800
27098,Application-10,M_Req,missing_destination,35,Application-10-Service,EndDevice-10,Application-10-Service,70800
27103,Application-1,M_Req,missing_destination,26,Application-1-Service,EndDevice-1,Application-1-Service,70800
27112,Application-3,M_Req,missing_destination,28,Application-3-Service,EndDevice-3,Application-3-Service,70800
27114,Application-9,M_Req,missing_destination,34,Application-9-Service,EndDevice-9,Application-9-Service,70800
27118,Application-19,M_Req,missing_destination,44,Application-19-Service,EndDevice-19,Application-19-Service,70800
27120,Application-28,M_Req,missing_destination,53,Application-28-Service,EndDevice-28,Application-28-Service,70800
27121,Application-17,M_Req,missing_destination,42,Application-17-Service,EndDevice-17,Application-17-Service,70800
27145,Application-8,M_Req,missing_destination,33,Application-8-Service,EndDevice-8,Application-8-Service,70900
27146,Application-10,M_Req,missing_destination,35,Application-10-Service,EndDevice-10,Application-10-Service,70900
27151,Application-1,M_Req,missing_destination,26,Application-1-Service,EndDevice-1,Application-1-Service,70900
27160,Application-3,M_Req,missing_destination,28,Application-3-Service,EndDevice-3,Application-3-Service,70900
27162,Application-9,M_Req,missing_destination,34,Application-9-Service,EndDevice-9,Application-9-Service,70900
27168,Application-28,M_Req,missing_destination,53,Application-28-Service,EndDevice-28,Application-28-Service,70900
27185,Application-39,M_Req,missing_destination,64,Application-39-Service,EndDevice-39,Application-39-Service,71000
27186,Application-37,M_Req,missing_destination,62,Application-37-Service,EndDevice-37,Application-37-Service,71000
27187,Application-40,M_Req,missing_destination,65,Application-40-Service,EndDevice-40,Application-40-Service,71000
27189,Application-8,M_Req,missing_destination,33,Application-8-Service,EndDevice-8,Application-8-Service,71000
27190,Application-10,M_Req,missing_destination,35,Application-10-Service,EndDevice-10,Application-10-Service,71000
27193,Application-5,M_Req,missing_destination,30,Application-5-Service,EndDevice-5,Application-5-Service,71000
27194,Application-1,M_Req,missing_destination,26,Application-1-Service,EndDevice-1,Application-1-Service,71000
27204,Application-38,M_Req,missing_destination,63,Application-38-Service,EndDevice-38,Application-38-Service,71100
27207,Application-28,M_Req,missing_destination,53,Application-28-Service,EndDevice-28,Application-28-Service,71100
27233,Application-39,M_Req,missing_destination,64,Application-39-Service,EndDevice-39,Application-39-Service,71100
27234,Application-37,M_Req,missing_destination,62,Application-37-Service,EndDevice-37,Application-37-Service,71100
27235,Application-40,M_Req,missing_destination,65,Application-40-Service,EndDevice-40,Application-40-Service,71100
27237,Application-8,M_Req,missing_destination,33,Application-8-Service,EndDevice-8,Application-8-Service,71100
27238,Application-10,M_Req,missing_destination,35,Application-10-Service,EndDevice-10,Application-10-Service,71100
27241,Application-5,M_Req,missing_destination,30,Application-5-Service,EndDevice-5,Application-5-Service,71100
27242,Application-1,M_Req,missing_destination,26,Application-1-Service,EndDevice-1,Application-1-Service,71100
27254,Application-28,M_Req,missing_destination,53,Application-28-Service,EndDevice-28,Application-28-Service,71200
27282,Application-1,M_Req,missing_destination,26,Application-1-Service,EndDevice-1,Application-1-Service,71300
27289,Application-12,M_Req,missing_destination,37,Application-12-Service,EndDevice-12,Application-12-Service,71300
27292,Application-25,M_Req,missing_destination,50,Application-25-Service,EndDevice-25,Application-25-Service,71300
27293,Application-9,M_Req,missing_destination,34,Application-9-Service,EndDevice-9,Application-9-Service,71300
27302,Application-28,M_Req,missing_destination,53,Application-28-Service,EndDevice-28,Application-28-Service,71300
27310,Application-26,M_Req,missing_destination,51,Application-26-Service,EndDevice-26,Application-26-Service,71300
27312,Application-43,M_Req,missing_destination,68,Application-43-Service,EndDevice-43,Application-43-Service,71300
27314,Application-41,M_Req,missing_destination,66,Application-41-Service,EndDevice-41,Application-41-Service,71300
27316,Application-42,M_Req,missing_destination,67,Application-42-Service,EndDevice-42,Application-42-Service,71300
27320,Application-44,M_Req,missing_destination,69,Application-44-Service,EndDevice-44,Application-44-Service,71300
27330,Application-1,M_Req,missing_destination,26,Application-1-Service,EndDevice-1,Application-1-Service,71400
27337,Application-12,M_Req,missing_destination,37,Application-12-Service,EndDevice-12,Application-12-Service,71400
27340,Application-25,M_Req,missing_destination,50,Application-25-Service,EndDevice-25,Application-25-Service,71400
27341,Application-9,M_Req,missing_destination,34,Application-9-Service,EndDevice-9,Application-9-Service,71400
27347,Application-28,M_Req,missing_destination,53,Application-28-Service,EndDevice-28,Application-28-Service,71400
27353,Application-26,M_Req,missing_destination,51,Application-26-Service,EndDevice-26,Application-26-Service,71400
27385,Application-12,M_Req,missing_destination,37,Application-12-Service,EndDevice-12,Application-12-Service,71500
27388,Application-25,M_Req,missing_destination,50,Application-25-Service,EndDevice-25,Application-25-Service,71500
27389,Application-9,M_Req,missing_destination,34,Application-9-Service,EndDevice-9,Application-9-Service,71500
27402,Application-43,M_Req,missing_destination,68,Application-43-Service,EndDevice-43,Application-43-Service,71600
27407,Application-44,M_Req,missing_destination,69,Application-44-Service,EndDevice-44,Application-44-Service,71600
27411,Application-46,M_Req,missing_destination,71,Application-46-Service,EndDevice-46,Application-46-Service,71600
27417,Application-3,M_Req,missing_destination,28,Application-3-Service,EndDevice-3,Application-3-Service,71600
27418,Application-30,M_Req,missing_destination,55,Application-30-Service,EndDevice-30,Application-30-Service,71600
27426,Application-12,M_Req,missing_destination,37,Application-12-Service,EndDevice-12,Application-12-Service,71600
27428,Application-47,M_Req,missing_destination,72,Application-47-Service,EndDevice-47,Application-47-Service,71600
27429,Application-25,M_Req,missing_destination,50,Application-25-Service,EndDevice-25,Application-25-Service,71600
27430,Application-9,M_Req,missing_destination,34,Application-9-Service,EndDevice-9,Application-9-Service,71600
27431,Application-31,M_Req,missing_destination,56,Application-31-Service,EndDevice-31,Application-31-Service,71700
27432,Application-48,M_Req,missing_destination,73,Application-48-Service,EndDevice-48,Application-48-Service,71700
27435,Application-29,M_Req,missing_destination,54,Application-29-Service,EndDevice-29,Application-29-Service,71700
27450,Application-43,M_Req,missing_destination,68,Application-43-Service,EndDevice-43,Application-43-Service,71700
27455,Application-44,M_Req,missing_destination,69,Application-44-Service,EndDevice-44,Application-44-Service,71700
27459,Application-46,M_Req,missing_destination,71,Application-46-Service,EndDevice-46,Application-46-Service,71700
27465,Application-3,M_Req,missing_destination,28,Application-3-Service,EndDevice-3,Application-3-Service,71700
27466,Application-30,M_Req,missing_destination,55,Application-30-Service,EndDevice-30,Application-30-Service,71700
27474,Application-12,M_Req,missing_destination,37,Application-12-Service,EndDevice-12,Application-12-Service,71700
27476,Application-47,M_Req,missing_destination,72,Application-47-Service,EndDevice-47,Application-47-Service,71700
27477,Application-25,M_Req,missing_destination,50,Application-25-Service,EndDevice-25,Application-25-Service,71700
27478,Application-9,M_Req,missing_destination,34,Application-9-Service,EndDevice-9,Application-9-Service,71700
27480,Application-48,M_Req,missing_destination,73,Application-48-Service,EndDevice-48,Application-48-Service,71800
27500,Application-44,M_Req,missing_destination,69,Application-44-Service,EndDevice-44,Application-44-Service,71800
27503,Application-46,M_Req,missing_destination,71,Application-46-Service,EndDevice-46,Application-46-Service,71800
27507,Application-3,M_Req,missing_destination,28,Application-3-Service,EndDevice-3,Application-3-Service,71800
27510,Application-35,M_Req,missing_destination,60,Application-35-Service,EndDevice-35,Application-35-Service,71900
27511,Application-36,M_Req,missing_destination,61,Application-36-Service,EndDevice-36,Application-36-Service,71900
27514,Application-12,M_Req,missing_destination,37,Application-12-Service,EndDevice-12,Application-12-Service,71900
27516,Application-47,M_Req,missing_destination,72,Application-47-Service,EndDevice-47,Application-47-Service,71900
27523,Application-43,M_Req,missing_destination,68,Application-43-Service,EndDevice-43,Application-43-Service,71900
27528,Application-48,M_Req,missing_destination,73,Application-48-Service,EndDevice-48,Application-48-Service,71900
27533,Application-33,M_Req,missing_destination,58,Application-33-Service,EndDevice-33,Application-33-Service,71900
27538,Application-32,M_Req,missing_destination,57,Application-32-Service,EndDevice-32,Application-32-Service,71900
27544,Application-34,M_Req,missing_destination,59,Application-34-Service,EndDevice-34,Application-34-Service,71900
27548,Application-44,M_Req,missing_destination,69,Application-44-Service,EndDevice-44,Application-44-Service,71900
27551,Application-46,M_Req,missing_destination,71,Application-46-Service,EndDevice-46,Application-46-Service,71900
27552,Application-11,M_Req,missing_destination,36,Application-11-Service,EndDevice-11,Application-11-Service,71900
27555,Application-3,M_Req,missing_destination,28,Application-3-Service,EndDevice-3,Application-3-Service,71900
27557,Application-35,M_Req,missing_destination,60,Application-35-Service,EndDevice-35,Application-35-Service,72000
27558,Application-36,M_Req,missing_destination,61,Application-36-Service,EndDevice-36,Application-36-Service,72000
27559,Application-12,M_Req,missing_destination,37,Application-12-Service,EndDevice-12,Application-12-Service,72000
27561,Application-47,M_Req,missing_destination,72,Application-47-Service,EndDevice-47,Application-47-Service,72000
27572,Application-48,M_Req,missing_destination,73,Application-48-Service,EndDevice-48,Application-48-Service,72000
27577,Application-33,M_Req,missing_destination,58,Application-33-Service,EndDevice-33,Application-33-Service,72000
27582,Application-32,M_Req,missing_destination,57,Application-32-Service,EndDevice-32,Application-32-Service,72000
27609,Application-47,M_Req,missing_destination,72,Application-47-Service,EndDevice-47,Application-47-Service,72100
27620,Application-48,M_Req,missing_destination,73,Application-48-Service,EndDevice-48,Application-48-Service,72100
27637,Application-46,M_Req,missing_destination,71,Application-46-Service,EndDevice-46,Application-46-Service,72200
27639,Application-4,M_Req,missing_destination,29,Application-4-Service,EndDevice-4,Application-4-Service,72200
27643,Application-43,M_Req,missing_destination,68,Application-43-Service,EndDevice-43,Application-43-Service,72200
27645,Application-30,M_Req,missing_destination,55,Application-30-Service,EndDevice-30,Application-30-Service,72200
27652,Application-47,M_Req,missing_destination,72,Application-47-Service,EndDevice-47,Application-47-Service,72200
27656,Application-13,M_Req,missing_destination,38,Application-13-Service,EndDevice-13,Application-13-Service,72200
27657,Application-29,M_Req,missing_destination,54,Application-29-Service,EndDevice-29,Application-29-Service,72200
27660,Application-1,M_Req,missing_destination,26,Application-1-Service,EndDevice-1,Application-1-Service,72200
27662,Application-31,M_Req,missing_destination,56,Application-31-Service,EndDevice-31,Application-31-Service,72300
27666,Application-14,M_Req,missing_destination,39,Application-14-Service,EndDevice-14,Application-14-Service,72300
27669,Application-32,M_Req,missing_destination,57,Application-32-Service,EndDevice-32,Application-32-Service,72300
27670,Application-16,M_Req,missing_destination,41,Application-16-Service,EndDevice-16,Application-16-Service,72300
27685,Application-46,M_Req,missing_destination,71,Application-46-Service,EndDevice-46,Application-46-Service,72300
27687,Application-4,M_Req,missing_destination,29,Application-4-Service,EndDevice-4,Application-4-Service,72300
27691,Application-43,M_Req,missing_destination,68,Application-43-Service,EndDevice-43,Application-43-Service,72300
27693,Application-30,M_Req,missing_destination,55,Application-30-Service,EndDevice-30,Application-30-Service,72300
27700,Application-47,M_Req,missing_destination,72,Application-47-Service,EndDevice-47,Application-47-Service,72300
27704,Application-13,M_Req,missing_destination,38,Application-13-Service,EndDevice-13,Application-13-Service,72300
27705,Application-29,M_Req,missing_destination,54,Application-29-Service,EndDevice-29,Application-29-Service,72300
27708,Application-1,M_Req,missing_destination,26,Application-1-Service,EndDevice-1,Application-1-Service,72300
27710,Application-31,M_Req,missing_destination,56,Application-31-Service,EndDevice-31,Application-31-Service,72400
27732,Application-4,M_Req,missing_destination,29,Application-4-Service,EndDevice-4,Application-4-Service,72400
27738,Application-5,M_Req,missing_destination,30,Application-5-Service,EndDevice-5,Application-5-Service,72500
27742,Application-20,M_Req,missing_destination,45,Application-20-Service,EndDevice-20,Application-20-Service,72500
27744,Application-13,M_Req,missing_destination,38,Application-13-Service,EndDevice-13,Application-13-Service,72500
27755,Application-30,M_Req,missing_destination,55,Application-30-Service,EndDevice-30,Application-30-Service,72500
27758,Application-31,M_Req,missing_destination,56,Application-31-Service,EndDevice-31,Application-31-Service,72500
27759,Application-19,M_Req,missing_destination,44,Application-19-Service,EndDevice-19,Application-19-Service,72500
27766,Application-15,M_Req,missing_destination,40,Application-15-Service,EndDevice-15,Application-15-Service,72500
27768,Application-8,M_Req,missing_destination,33,Application-8-Service,EndDevice-8,Application-8-Service,72500
27770,Application-6,M_Req,missing_destination,31,Application-6-Service,EndDevice-6,Application-6-Service,72500
27771,Application-17,M_Req,missing_destination,42,Application-17-Service,EndDevice-17,Application-17-Service,72500
27775,Application-42,M_Req,missing_destination,67,Application-42-Service,EndDevice-42,Application-42-Service,72500
27776,Application-7,M_Req,missing_destination,32,Application-7-Service,EndDevice-7,Application-7-Service,72500
27777,Application-44,M_Req,missing_destination,69,Application-44-Service,EndDevice-44,Application-44-Service,72500
27780,Application-4,M_Req,missing_destination,29,Application-4-Service,EndDevice-4,Application-4-Service,72500
27781,Application-18,M_Req,missing_destination,43,Application-18-Service,EndDevice-18,Application-18-Service,72500
27782,Application-3,M_Req,missing_destination,28,Application-3-Service,EndDevice-3,Application-3-Service,72500
27788,Application-20,M_Req,missing_destination,45,Application-20-Service,EndDevice-20,Application-20-Service,72600
27790,Application-13,M_Req,missing_destination,38,Application-13-Service,EndDevice-13,Application-13-Service,72600
27801,Application-31,M_Req,missing_destination,56,Application-31-Service,EndDevice-31,Application-31-Service,72600
27807,Application-15,M_Req,missing_destination,40,Application-15-Service,EndDevice-15,Application-15-Service,72600
27809,Application-8,M_Req,missing_destination,33,Application-8-Service,EndDevice-8,Application-8-Service,72600
27810,Application-6,M_Req,missing_destination,31,Application-6-Service,EndDevice-6,Application-6-Service,72600
27811,Application-17,M_Req,missing_destination,42,Application-17-Service,EndDevice-17,Application-17-Service,72600
27836,Application-20,M_Req,missing_destination,45,Application-20-Service,EndDevice-20,Application-20-Service,72700
27838,Application-13,M_Req,missing_destination,38,Application-13-Service,EndDevice-13,Application-13-Service,72700
27855,Application-15,M_Req,missing_destination,40,Application-15-Service,EndDevice-15,Application-15-Service,72700
27857,Application-8,M_Req,missing_destination,33,Application-8-Service,EndDevice-8,Application-8-Service,72700
27858,Application-6,M_Req,missing_destination,31,Application-6-Service,EndDevice-6,Application-6-Service,72700
27859,Application-17,M_Req,missing_destination,42,Application-17-Service,EndDevice-17,Application-17-Service,72700
27872,Application-40,M_Req,missing_destination,65,Application-40-Service,EndDevice-40,Application-40-Service,72800
27881,Application-20,M_Req,missing_destination,45,Application-20-Service,EndDevice-20,Application-20-Service,72800
27882,Application-13,M_Req,missing_destination,38,Application-13-Service,EndDevice-13,Application-13-Service,72800
27888,Application-38,M_Req,missing_destination,63,Application-38-Service,EndDevice-38,Application-38-Service,72800
27890,Application-37,M_Req,missing_destination,62,Application-37-Service,EndDevice-37,Application-37-Service,72800
27920,Application-40,M_Req,missing_destination,65,Application-40-Service,EndDevice-40,Application-40-Service,72900
27929,Application-20,M_Req,missing_destination,45,Application-20-Service,EndDevice-20,Application-20-Service,72900
27930,Application-13,M_Req,missing_destination,38,Application-13-Service,EndDevice-13,Application-13-Service,72900
27936,Application-38,M_Req,missing_destination,63,Application-38-Service,EndDevice-38,Application-38-Service,72900
27938,Application-37,M_Req,missing_destination,62,Application-37-Service,EndDevice-37,Application-37-Service,72900
27980,Application-42,M_Req,missing_destination,67,Application-42-Service,EndDevice-42,Application-42-Service,73100
27984,Application-46,M_Req,missing_destination,71,Application-46-Service,EndDevice-46,Application-46-Service,73100
27994,Application-48,M_Req,missing_destination,73,Application-48-Service,EndDevice-48,Application-48-Service,73100
28008,Application-45,M_Req,missing_destination,70,Application-45-Service,EndDevice-45,Application-45-Service,73100
28011,Application-47,M_Req,missing_destination,72,Application-47-Service,EndDevice-47,Application-47-Service,73100
28025,Application-42,M_Req,missing_destination,67,Application-42-Service,EndDevice-42,Application-42-Service,73200
28029,Application-46,M_Req,missing_destination,71,Application-46-Service,EndDevice-46,Application-46-Service,73200
28038,Application-48,M_Req,missing_destination,73,Application-48-Service,EndDevice-48,Application-48-Service,73200
28097,Application-47,M_Req,missing_destination,72,Application-47-Service,EndDevice-47,Application-47-Service,73400
28106,Application-29,M_Req,missing_destination,54,Application-29-Service,EndDevice-29,Application-29-Service,73400
28116,Application-42,M_Req,missing_destination,67,Application-42-Service,EndDevice-42,Application-42-Service,73400
28120,Application-46,M_Req,missing_destination,71,Application-46-Service,EndDevice-46,Application-46-Service,73400
28121,Application-44,M_Req,missing_destination,69,Application-44-Service,EndDevice-44,Application-44-Service,73400
28127,Application-48,M_Req,missing_destination,73,Application-48-Service,EndDevice-48,Application-48-Service,73500
28145,Application-47,M_Req,missing_destination,72,Application-47-Service,EndDevice-47,Application-47-Service,73500
28154,Application-29,M_Req,missing_destination,54,Application-29-Service,EndDevice-29,Application-29-Service,73500
28164,Application-42,M_Req,missing_destination,67,Application-42-Service,EndDevice-42,Application-42-Service,73500
28168,Application-46,M_Req,missing_destination,71,Application-46-Service,EndDevice-46,Application-46-Service,73500
28169,Application-44,M_Req,missing_destination,69,Application-44-Service,EndDevice-44,Application-44-Service,73500
28198,Application-36,M_Req,missing_destination,61,Application-36-Service,EndDevice-36,Application-36-Service,73700
28201,Application-37,M_Req,missing_destination,62,Application-37-Service,EndDevice-37,Application-37-Service,73700
28204,Application-34,M_Req,missing_destination,59,Application-34-Service,EndDevice-34,Application-34-Service,73700
28210,Application-35,M_Req,missing_destination,60,Application-35-Service,EndDevice-35,Application-35-Service,73700
28215,Application-32,M_Req,missing_destination,57,Application-32-Service,EndDevice-32,Application-32-Service,73700
28219,Application-33,M_Req,missing_destination,58,Application-33-Service,EndDevice-33,Application-33-Service,73700
28235,Application-47,M_Req,missing_destination,72,Application-47-Service,EndDevice-47,Application-47-Service,73700
28243,Application-29,M_Req,missing_destination,54,Application-29-Service,EndDevice-29,Application-29-Service,73700
28244,Application-38,M_Req,missing_destination,63,Application-38-Service,EndDevice-38,Application-38-Service,73700
28245,Application-5,M_Req,missing_destination,30,Application-5-Service,EndDevice-5,Application-5-Service,73700
28246,Application-36,M_Req,missing_destination,61,Application-36-Service,EndDevice-36,Application-36-Service,73800
28249,Application-37,M_Req,missing_destination,62,Application-37-Service,EndDevice-37,Application-37-Service,73800
28256,Application-35,M_Req,missing_destination,60,Application-35-Service,EndDevice-35,Application-35-Service,73800
28260,Application-32,M_Req,missing_destination,57,Application-32-Service,EndDevice-32,Application-32-Service,73800
28321,Application-4,M_Req,missing_destination,29,Application-4-Service,EndDevice-4,Application-4-Service,74000
28337,Application-36,M_Req,missing_destination,61,Application-36-Service,EndDevice-36,Application-36-Service,74000
28339,Application-37,M_Req,missing_destination,62,Application-37-Service,EndDevice-37,Application-37-Service,74000
28340,Application-1,M_Req,missing_destination,26,Application-1-Service,EndDevice-1,Application-1-Service,74000
28344,Application-35,M_Req,missing_destination,60,Application-35-Service,EndDevice-35,Application-35-Service,74000
28358,Application-2,M_Req,missing_destination,27,Application-2-Service,EndDevice-2,Application-2-Service,74100
28369,Application-4,M_Req,missing_destination,29,Application-4-Service,EndDevice-4,Application-4-Service,74100
28385,Application-36,M_Req,missing_destination,61,Application-36-Service,EndDevice-36,Application-36-Service,74100
28387,Application-37,M_Req,missing_destination,62,Application-37-Service,EndDevice-37,Application-37-Service,74100
28388,Application-1,M_Req,missing_destination,26,Application-1-Service,EndDevice-1,Application-1-Service,74100
28392,Application-35,M_Req,missing_destination,60,Application-35-Service,EndDevice-35,Application-35-Service,74100
28405,Application-2,M_Req,missing_destination,27,Application-2-Service,EndDevice-2,Application-2-Service,74200
28427,Application-36,M_Req,missing_destination,61,Application-36-Service,EndDevice-36,Application-36-Service,74300
28430,Application-40,M_Req,missing_destination,65,Application-40-Service,EndDevice-40,Application-40-Service,74300
28432,Application-35,M_Req,missing_destination,60,Application-35-Service,EndDevice-35,Application-35-Service,74300
28433,Application-48,M_Req,missing_destination,73,Application-48-Service,EndDevice-48,Application-48-Service,74300
28434,Application-27,M_Req,missing_destination,52,Application-27-Service,EndDevice-27,Application-27-Service,74300
28436,Application-45,M_Req,missing_destination,70,Application-45-Service,EndDevice-45,Application-45-Service,74300
28438,Application-6,M_Req,missing_destination,31,Application-6-Service,EndDevice-6,Application-6-Service,74300
28444,Application-28,M_Req,missing_destination,53,Application-28-Service,EndDevice-28,Application-28-Service,74300
28448,Application-8,M_Req,missing_destination,33,Application-8-Service,EndDevice-8,Application-8-Service,74300
28453,Application-2,M_Req,missing_destination,27,Application-2-Service,EndDevice-2,Application-2-Service,74300
28455,Application-7,M_Req,missing_destination,32,Application-7-Service,EndDevice-7,Application-7-Service,74300
28467,Application-5,M_Req,missing_destination,30,Application-5-Service,EndDevice-5,Application-5-Service,74300
28469,Application-26,M_Req,missing_destination,51,Application-26-Service,EndDevice-26,Application-26-Service,74300
28472,Application-25,M_Req,missing_destination,50,Application-25-Service,EndDevice-25,Application-25-Service,74300
28475,Application-36,M_Req,missing_destination,61,Application-36-Service,EndDevice-36,Application-36-Service,74400
28478,Application-40,M_Req,missing_destination,65,Application-40-Service,EndDevice-40,Application-40-Service,74400
28480,Application-35,M_Req,missing_destination,60,Application-35-Service,EndDevice-35,Application-35-Service,74400
28481,Application-48,M_Req,missing_destination,73,Application-48-Service,EndDevice-48,Application-48-Service,74400
28483,Application-45,M_Req,missing_destination,70,Application-45-Service,EndDevice-45,Application-45-Service,74400
28485,Application-6,M_Req,missing_destination,31,Application-6-Service,EndDevice-6,Application-6-Service,74400
28488,Application-28,M_Req,missing_destination,53,Application-28-Service,EndDevice-28,Application-28-Service,74400
28492,Application-8,M_Req,missing_destination,33,Application-8-Service,EndDevice-8,Application-8-Service,74400
28497,Application-2,M_Req,missing_destination,27,Application-2-Service,EndDevice-2,Application-2-Service,74400
28499,Application-7,M_Req,missing_destination,32,Application-7-Service,EndDevice-7,Application-7-Service,74400
28545,Application-2,M_Req,missing_destination,27,Application-2-Service,EndDevice-2,Application-2-Service,74500
28553,Application-23,M_Req,missing_destination,48,Application-23-Service,EndDevice-23,Application-23-Service,74600
28561,Application-4,M_Req,missing_destination,29,Application-4-Service,EndDevice-4,Application-4-Service,74600
28563,Application-27,M_Req,missing_destination,52,Application-27-Service,EndDevice-27,Application-27-Service,74600
28565,Application-47,M_Req,missing_destination,72,Application-47-Service,EndDevice-47,Application-47-Service,74600
28567,Application-38,M_Req,missing_destination,63,Application-38-Service,EndDevice-38,Application-38-Service,74600
28572,Application-24,M_Req,missing_destination,49,Application-24-Service,EndDevice-24,Application-24-Service,74600
28580,Application-22,M_Req,missing_destination,47,Application-22-Service,EndDevice-22,Application-22-Service,74700
28585,Application-2,M_Req,missing_destination,27,Application-2-Service,EndDevice-2,Application-2-Service,74700
28590,Application-46,M_Req,missing_destination,71,Application-46-Service,EndDevice-46,Application-46-Service,74700
28601,Application-23,M_Req,missing_destination,48,Application-23-Service,EndDevice-23,Application-23-Service,74700
28609,Application-4,M_Req,missing_destination,29,Application-4-Service,EndDevice-4,Application-4-Service,74700
28611,Application-27,M_Req,missing_destination,52,Application-27-Service,EndDevice-27,Application-27-Service,74700
28613,Application-47,M_Req,missing_destination,72,Application-47-Service,EndDevice-47,Application-47-Service,74700
28615,Application-38,M_Req,missing_destination,63,Application-38-Service,EndDevice-38,Application-38-Service,74700
28620,Application-24,M_Req,missing_destination,49,Application-24-Service,EndDevice-24,Application-24-Service,74700
28628,Application-22,M_Req,missing_destination,47,Application-22-Service,EndDevice-22,Application-22-Service,74800
28644,Application-23,M_Req,missing_destination,48,Application-23-Service,EndDevice-23,Application-23-Service,74800
28657,Application-38,M_Req,missing_destination,63,Application-38-Service,EndDevice-38,Application-38-Service,74800
28659,Application-44,M_Req,missing_destination,69,Application-44-Service,EndDevice-44,Application-44-Service,74900
28663,Application-43,M_Req,missing_destination,68,Application-43-Service,EndDevice-43,Application-43-Service,74900
28676,Application-22,M_Req,missing_destination,47,Application-22-Service,EndDevice-22,Application-22-Service,74900
28680,Application-16,M_Req,missing_destination,41,Application-16-Service,EndDevice-16,Application-16-Service,74900
28682,Application-13,M_Req,missing_destination,38,Application-13-Service,EndDevice-13,Application-13-Service,74900
28686,Application-15,M_Req,missing_destination,40,Application-15-Service,EndDevice-15,Application-15-Service,74900
28689,Application-48,M_Req,missing_destination,73,Application-48-Service,EndDevice-48,Application-48-Service,74900
28690,Application-41,M_Req,missing_destination,66,Application-41-Service,EndDevice-41,Application-41-Service,74900
28692,Application-23,M_Req,missing_destination,48,Application-23-Service,EndDevice-23,Application-23-Service,74900
28696,Application-26,M_Req,missing_destination,51,Application-26-Service,EndDevice-26,Application-26-Service,74900
28701,Application-42,M_Req,missing_destination,67,Application-42-Service,EndDevice-42,Application-42-Service,74900
28704,Application-14,M_Req,missing_destination,39,Application-14-Service,EndDevice-14,Application-14-Service,74900
28705,Application-38,M_Req,missing_destination,63,Application-38-Service,EndDevice-38,Application-38-Service,74900
28707,Application-44,M_Req,missing_destination,69,Application-44-Service,EndDevice-44,Application-44-Service,75000
28722,Application-22,M_Req,missing_destination,47,Application-22-Service,EndDevice-22,Application-22-Service,75000
28725,Application-16,M_Req,missing_destination,41,Application-16-Service,EndDevice-16,Application-16-Service,75000
28727,Application-13,M_Req,missing_destination,38,Application-13-Service,EndDevice-13,Application-13-Service,75000
28731,Application-15,M_Req,missing_destination,40,Application-15-Service,EndDevice-15,Application-15-Service,75000
28734,Application-48,M_Req,missing_destination,73,Application-48-Service,EndDevice-48,Application-48-Service,75000
28735,Application-41,M_Req,missing_destination,66,Application-41-Service,EndDevice-41,Application-41-Service,75000
28770,Application-22,M_Req,missing_destination,47,Application-22-Service,EndDevice-22,Application-22-Service,75100
28785,Application-5,M_Req,missing_destination,30,Application-5-Service,EndDevice-5,Application-5-Service,75200
28787,Application-11,M_Req,missing_destination,36,Application-11-Service,EndDevice-11,Application-11-Service,75200
28791,Application-38,M_Req,missing_destination,63,Application-38-Service,EndDevice-38,Application-38-Service,75200
28801,Application-24,M_Req,missing_destination,49,Application-24-Service,EndDevice-24,Application-24-Service,75200
28802,Application-6,M_Req,missing_destination,31,Application-6-Service,EndDevice-6,Application-6-Service,75200
28803,Application-10,M_Req,missing_destination,35,Application-10-Service,EndDevice-10,Application-10-Service,75200
28811,Application-40,M_Req,missing_destination,65,Application-40-Service,EndDevice-40,Application-40-Service,75200
28812,Application-22,M_Req,missing_destination,47,Application-22-Service,EndDevice-22,Application-22-Service,75300
28815,Application-7,M_Req,missing_destination,32,Application-7-Service,EndDevice-7,Application-7-Service,75300
28833,Application-5,M_Req,missing_destination,30,Application-5-Service,EndDevice-5,Application-5-Service,75300
28835,Application-11,M_Req,missing_destination,36,Application-11-Service,EndDevice-11,Application-11-Service,75300
28839,Application-38,M_Req,missing_destination,63,Application-38-Service,EndDevice-38,Application-38-Service,75300
28849,Application-24,M_Req,missing_destination,49,Application-24-Service,EndDevice-24,Application-24-Service,75300
28850,Application-6,M_Req,missing_destination,31,Application-6-Service,EndDevice-6,Application-6-Service,75300
28851,Application-10,M_Req,missing_destination,35,Application-10-Service,EndDevice-10,Application-10-Service,75300
28859,Application-40,M_Req,missing_destination,65,Application-40-Service,EndDevice-40,Application-40-Service,75300
28860,Application-22,M_Req,missing_destination,47,Application-22-Service,EndDevice-22,Application-22-Service,75400
28878,Application-11,M_Req,missing_destination,36,Application-11-Service,EndDevice-11,Application-11-Service,75400
28895,Application-45,M_Req,missing_destination,70,Application-45-Service,EndDevice-45,Application-45-Service,75500
28897,Application-46,M_Req,missing_destination,71,Application-46-Service,EndDevice-46,Application-46-Service,75500
28898,Application-40,M_Req,missing_destination,65,Application-40-Service,EndDevice-40,Application-40-Service,75500
28908,Application-22,M_Req,missing_destination,47,Application-22-Service,EndDevice-22,Application-22-Service,75500
28913,Application-48,M_Req,missing_destination,73,Application-48-Service,EndDevice-48,Application-48-Service,75500
28926,Application-11,M_Req,missing_destination,36,Application-11-Service,EndDevice-11,Application-11-Service,75500
28928,Application-47,M_Req,missing_destination,72,Application-47-Service,EndDevice-47,Application-47-Service,75500
28941,Application-45,M_Req,missing_destination,70,Application-45-Service,EndDevice-45,Application-45-Service,75600
28951,Application-22,M_Req,missing_destination,47,Application-22-Service,EndDevice-22,Application-22-Service,75600
28956,Application-48,M_Req,missing_destination,73,Application-48-Service,EndDevice-48,Application-48-Service,75600
28999,Application-22,M_Req,missing_destination,47,Application-22-Service,EndDevice-22,Application-22-Service,75700
29015,Application-26,M_Req,missing_destination,51,Application-26-Service,EndDevice-26,Application-26-Service,75800
29030,Application-28,M_Req,missing_destination,53,Application-28-Service,EndDevice-28,Application-28-Service,75800
29032,Application-27,M_Req,missing_destination,52,Application-27-Service,EndDevice-27,Application-27-Service,75800
29040,Application-22,M_Req,missing_destination,47,Application-22-Service,EndDevice-22,Application-22-Service,75900
29043,Application-21,M_Req,missing_destination,46,Application-21-Service,EndDevice-21,Application-21-Service,75900
29063,Application-26,M_Req,missing_destination,51,Application-26-Service,EndDevice-26,Application-26-Service,75900
29078,Application-28,M_Req,missing_destination,53,Application-28-Service,EndDevice-28,Application-28-Service,75900
29080,Application-27,M_Req,missing_destination,52,Application-27-Service,EndDevice-27,Application-27-Service,75900
29088,Application-22,M_Req,missing_destination,47,Application-22-Service,EndDevice-22,Application-22-Service,76000
29091,Application-21,M_Req,missing_destination,46,Application-21-Service,EndDevice-21,Application-21-Service,76000
29128,Application-18,M_Req,missing_destination,43,Application-18-Service,EndDevice-18,Application-18-Service,76100
29130,Application-20,M_Req,missing_destination,45,Application-20-Service,EndDevice-20,Application-20-Service,76100
29132,Application-32,M_Req,missing_destination,57,Application-32-Service,EndDevice-32,Application-32-Service,76100
29136,Application-22,M_Req,missing_destination,47,Application-22-Service,EndDevice-22,Application-22-Service,76100
29137,Application-30,M_Req,missing_destination,55,Application-30-Service,EndDevice-30,Application-30-Service,76100
29139,Application-21,M_Req,missing_destination,46,Application-21-Service,EndDevice-21,Application-21-Service,76100
29140,Application-31,M_Req,missing_destination,56,Application-31-Service,EndDevice-31,Application-31-Service,76100
29149,Application-17,M_Req,missing_destination,42,Application-17-Service,EndDevice-17,Application-17-Service,76100
29151,Application-19,M_Req,missing_destination,44,Application-19-Service,EndDevice-19,Application-19-Service,76100
29152,Application-37,M_Req,missing_destination,62,Application-37-Service,EndDevice-37,Application-37-Service,76100
29153,Application-9,M_Req,missing_destination,34,Application-9-Service,EndDevice-9,Application-9-Service,76100
29155,Application-29,M_Req,missing_destination,54,Application-29-Service,EndDevice-29,Application-29-Service,76100
29163,Application-24,M_Req,missing_destination,49,Application-24-Service,EndDevice-24,Application-24-Service,76100
29175,Application-18,M_Req,missing_destination,43,Application-18-Service,EndDevice-18,Application-18-Service,76200
29177,Application-20,M_Req,missing_destination,45,Application-20-Service,EndDevice-20,Application-20-Service,76200
29179,Application-32,M_Req,missing_destination,57,Application-32-Service,EndDevice-32,Application-32-Service,76200
29181,Application-22,M_Req,missing_destination,47,Application-22-Service,EndDevice-22,Application-22-Service,76200
29182,Application-30,M_Req,missing_destination,55,Application-30-Service,EndDevice-30,Application-30-Service,76200
29184,Application-21,M_Req,missing_destination,46,Application-21-Service,EndDevice-21,Application-21-Service,76200
29185,Application-31,M_Req,missing_destination,56,Application-31-Service,EndDevice-31,Application-31-Service,76200
29192,Application-17,M_Req,missing_destination,42,Application-17-Service,EndDevice-17,Application-17-Service,76200
29194,Application-19,M_Req,missing_destination,44,Application-19-Service,EndDevice-19,Application-19-Service,76200
29195,Application-37,M_Req,missing_destination,62,Application-37-Service,EndDevice-37,Application-37-Service,76200
29223,Application-18,M_Req,missing_destination,43,Application-18-Service,EndDevice-18,Application-18-Service,76300
29225,Application-20,M_Req,missing_destination,45,Application-20-Service,EndDevice-20,Application-20-Service,76300
29229,Application-22,M_Req,missing_destination,47,Application-22-Service,EndDevice-22,Application-22-Service,76300
29232,Application-21,M_Req,missing_destination,46,Application-21-Service,EndDevice-21,Application-21-Service,76300
29240,Application-17,M_Req,missing_destination,42,Application-17-Service,EndDevice-17,Application-17-Service,76300
29242,Application-19,M_Req,missing_destination,44,Application-19-Service,EndDevice-19,Application-19-Service,76300
29249,Application-4,M_Req,missing_destination,29,Application-4-Service,EndDevice-4,Application-4-Service,76400
29255,Application-46,M_Req,missing_destination,71,Application-46-Service,EndDevice-46,Application-46-Service,76400
29256,Application-47,M_Req,missing_destination,72,Application-47-Service,EndDevice-47,Application-47-Service,76400
29257,Application-2,M_Req,missing_destination,27,Application-2-Service,EndDevice-2,Application-2-Service,76400
29261,Application-45,M_Req,missing_destination,70,Application-45-Service,EndDevice-45,Application-45-Service,76400
29266,Application-18,M_Req,missing_destination,43,Application-18-Service,EndDevice-18,Application-18-Service,76400
29267,Application-48,M_Req,missing_destination,73,Application-48-Service,EndDevice-48,Application-48-Service,76400
29268,Application-23,M_Req,missing_destination,48,Application-23-Service,EndDevice-23,Application-23-Service,76400
29270,Application-22,M_Req,missing_destination,47,Application-22-Service,EndDevice-22,Application-22-Service,76500
29275,Application-1,M_Req,missing_destination,26,Application-1-Service,EndDevice-1,Application-1-Service,76500
29280,Application-17,M_Req,missing_destination,42,Application-17-Service,EndDevice-17,Application-17-Service,76500
29297,Application-4,M_Req,missing_destination,29,Application-4-Service,EndDevice-4,Application-4-Service,76500
29303,Application-46,M_Req,missing_destination,71,Application-46-Service,EndDevice-46,Application-46-Service,76500
29304,Application-47,M_Req,missing_destination,72,Application-47-Service,EndDevice-47,Application-47-Service,76500
29305,Application-2,M_Req,missing_destination,27,Application-2-Service,EndDevice-2,Application-2-Service,76500
29309,Application-45,M_Req,missing_destination,70,Application-45-Service,EndDevice-45,Application-45-Service,76500
29314,Application-18,M_Req,missing_destination,43,Application-18-Service,EndDevice-18,Application-18-Service,76500
29315,Application-48,M_Req,missing_destination,73,Application-48-Service,EndDevice-48,Application-48-Service,76500
29316,Application-23,M_Req,missing_destination,48,Application-23-Service,EndDevice-23,Application-23-Service,76500
29323,Application-1,M_Req,missing_destination,26,Application-1-Service,EndDevice-1,Application-1-Service,76600
29338,Application-4,M_Req,missing_destination,29,Application-4-Service,EndDevice-4,Application-4-Service,76600
29345,Application-2,M_Req,missing_destination,27,Application-2-Service,EndDevice-2,Application-2-Service,76600
29359,Application-47,M_Req,missing_destination,72,Application-47-Service,EndDevice-47,Application-47-Service,76700
29360,Application-11,M_Req,missing_destination,36,Application-11-Service,EndDevice-11,Application-11-Service,76700
29366,Application-22,M_Req,missing_destination,47,Application-22-Service,EndDevice-22,Application-22-Service,76700
29371,Application-1,M_Req,missing_destination,26,Application-1-Service,EndDevice-1,Application-1-Service,76700
29372,Application-12,M_Req,missing_destination,37,Application-12-Service,EndDevice-12,Application-12-Service,76700
29376,Application-19,M_Req,missing_destination,44,Application-19-Service,EndDevice-19,Application-19-Service,76700
29379,Application-9,M_Req,missing_destination,34,Application-9-Service,EndDevice-9,Application-9-Service,76700
29386,Application-4,M_Req,missing_destination,29,Application-4-Service,EndDevice-4,Application-4-Service,76700
29391,Application-10,M_Req,missing_destination,35,Application-10-Service,EndDevice-10,Application-10-Service,76700
29392,Application-46,M_Req,missing_destination,71,Application-46-Service,EndDevice-46,Application-46-Service,76700
29393,Application-2,M_Req,missing_destination,27,Application-2-Service,EndDevice-2,Application-2-Service,76700
29394,Application-29,M_Req,missing_destination,54,Application-29-Service,EndDevice-29,Application-29-Service,76700
29405,Application-47,M_Req,missing_destination,72,Application-47-Service,EndDevice-47,Application-47-Service,76800
29406,Application-11,M_Req,missing_destination,36,Application-11-Service,EndDevice-11,Application-11-Service,76800
29412,Application-22,M_Req,missing_destination,47,Application-22-Service,EndDevice-22,Application-22-Service,76800
29415,Application-1,M_Req,missing_destination,26,Application-1-Service,EndDevice-1,Application-1-Service,76800
29416,Application-12,M_Req,missing_destination,37,Application-12-Service,EndDevice-12,Application-12-Service,76800
29419,Application-9,M_Req,missing_destination,34,Application-9-Service,EndDevice-9,Application-9-Service,76800
29453,Application-47,M_Req,missing_destination,72,Application-47-Service,EndDevice-47,Application-47-Service,76900
29460,Application-22,M_Req,missing_destination,47,Application-22-Service,EndDevice-22,Application-22-Service,76900
29472,Application-42,M_Req,missing_destination,67,Application-42-Service,EndDevice-42,Application-42-Service,77000
29475,Application-43,M_Req,missing_destination,68,Application-43-Service,EndDevice-43,Application-43-Service,77000
29495,Application-47,M_Req,missing_destination,72,Application-47-Service,EndDevice-47,Application-47-Service,77000
29496,Application-11,M_Req,missing_destination,36,Application-11-Service,EndDevice-11,Application-11-Service,77000
29503,Application-12,M_Req,missing_destination,37,Application-12-Service,EndDevice-12,Application-12-Service,77100
29506,Application-9,M_Req,missing_destination,34,Application-9-Service,EndDevice-9,Application-9-Service,77100
29520,Application-42,M_Req,missing_destination,67,Application-42-Service,EndDevice-42,Application-42-Service,77100
29523,Application-43,M_Req,missing_destination,68,Application-43-Service,EndDevice-43,Application-43-Service,77100
29543,Application-47,M_Req,missing_destination,72,Application-47-Service,EndDevice-47,Application-47-Service,77100
29544,Application-11,M_Req,missing_destination,36,Application-11-Service,EndDevice-11,Application-11-Service,77100
29551,Application-12,M_Req,missing_destination,37,Application-12-Service,EndDevice-12,Application-12-Service,77200
29554,Application-9,M_Req,missing_destination,34,Application-9-Service,EndDevice-9,Application-9-Service,77200
29579,Application-15,M_Req,missing_destination,40,Application-15-Service,EndDevice-15,Application-15-Service,77300
29580,Application-16,M_Req,missing_destination,41,Application-16-Service,EndDevice-16,Application-16-Service,77300
29581,Application-48,M_Req,missing_destination,73,Application-48-Service,EndDevice-48,Application-48-Service,77300
29598,Application-1,M_Req,missing_destination,26,Application-1-Service,EndDevice-1,Application-1-Service,77300
29599,Application-12,M_Req,missing_destination,37,Application-12-Service,EndDevice-12,Application-12-Service,77300
29602,Application-9,M_Req,missing_destination,34,Application-9-Service,EndDevice-9,Application-9-Service,77300
29604,Application-3,M_Req,missing_destination,28,Application-3-Service,EndDevice-3,Application-3-Service,77300
29617,Application-13,M_Req,missing_destination,38,Application-13-Service,EndDevice-13,Application-13-Service,77300
29618,Application-46,M_Req,missing_destination,71,Application-46-Service,EndDevice-46,Application-46-Service,77300
29624,Application-14,M_Req,missing_destination,39,Application-14-Service,EndDevice-14,Application-14-Service,77300
29627,Application-15,M_Req,missing_destination,40,Application-15-Service,EndDevice-15,Application-15-Service,77400
29628,Application-16,M_Req,missing_destination,41,Application-16-Service,EndDevice-16,Application-16-Service,77400
29643,Application-12,M_Req,missing_destination,37,Application-12-Service,EndDevice-12,Application-12-Service,77400
29647,Application-3,M_Req,missing_destination,28,Application-3-Service,EndDevice-3,Application-3-Service,77400
29675,Application-15,M_Req,missing_destination,40,Application-15-Service,EndDevice-15,Application-15-Service,77500
29676,Application-16,M_Req,missing_destination,41,Application-16-Service,EndDevice-16,Application-16-Service,77500
29691,Application-12,M_Req,missing_destination,37,Application-12-Service,EndDevice-12,Application-12-Service,77500
29707,Application-34,M_Req,missing_destination,59,Application-34-Service,EndDevice-34,Application-34-Service,77600
29713,Application-14,M_Req,missing_destination,39,Application-14-Service,EndDevice-14,Application-14-Service,77600
29716,Application-33,M_Req,missing_destination,58,Application-33-Service,EndDevice-33,Application-33-Service,77600
29718,Application-15,M_Req,missing_destination,40,Application-15-Service,EndDevice-15,Application-15-Service,77600
29719,Application-16,M_Req,missing_destination,41,Application-16-Service,EndDevice-16,Application-16-Service,77600
29726,Application-35,M_Req,missing_destination,60,Application-35-Service,EndDevice-35,Application-35-Service,77600
29732,Application-12,M_Req,missing_destination,37,Application-12-Service,EndDevice-12,Application-12-Service,77700
29737,Application-36,M_Req,missing_destination,61,Application-36-Service,EndDevice-36,Application-36-Service,77700
29755,Application-34,M_Req,missing_destination,59,Application-34-Service,EndDevice-34,Application-34-Service,77700
29761,Application-14,M_Req,missing_destination,39,Application-14-Service,EndDevice-14,Application-14-Service,77700
29764,Application-33,M_Req,missing_destination,58,Application-33-Service,EndDevice-33,Application-33-Service,77700
29766,Application-15,M_Req,missing_destination,40,Application-15-Service,EndDevice-15,Application-15-Service,77700
29767,Application-16,M_Req,missing_destination,41,Application-16-Service,EndDevice-16,Application-16-Service,77700
29774,Application-35,M_Req,missing_destination,60,Application-35-Service,EndDevice-35,Application-35-Service,77700
29780,Application-12,M_Req,missing_destination,37,Application-12-Service,EndDevice-12,Application-12-Service,77800
29785,Application-36,M_Req,missing_destination,61,Application-36-Service,EndDevice-36,Application-36-Service,77800
29799,Application-34,M_Req,missing_destination,59,Application-34-Service,EndDevice-34,Application-34-Service,77800
29806,Application-33,M_Req,missing_destination,58,Application-33-Service,EndDevice-33,Application-33-Service,77800
29807,Application-45,M_Req,missing_destination,70,Application-45-Service,EndDevice-45,Application-45-Service,77900
29810,Application-18,M_Req,missing_destination,43,Application-18-Service,EndDevice-18,Application-18-Service,77900
29814,Application-35,M_Req,missing_destination,60,Application-35-Service,EndDevice-35,Application-35-Service,77900
29820,Application-11,M_Req,missing_destination,36,Application-11-Service,EndDevice-11,Application-11-Service,77900
29823,Application-46,M_Req,missing_destination,71,Application-46-Service,EndDevice-46,Application-46-Service,77900
29828,Application-12,M_Req,missing_destination,37,Application-12-Service,EndDevice-12,Application-12-Service,77900
29833,Application-36,M_Req,missing_destination,61,Application-36-Service,EndDevice-36,Application-36-Service,77900
29840,Application-48,M_Req,missing_destination,73,Application-48-Service,EndDevice-48,Application-48-Service,77900
29842,Application-47,M_Req,missing_destination,72,Application-47-Service,EndDevice-47,Application-47-Service,77900
29847,Application-34,M_Req,missing_destination,59,Application-34-Service,EndDevice-34,Application-34-Service,77900
29854,Application-33,M_Req,missing_destination,58,Application-33-Service,EndDevice-33,Application-33-Service,77900
29855,Application-45,M_Req,missing_destination,70,Application-45-Service,EndDevice-45,Application-45-Service,78000
29858,Application-18,M_Req,missing_destination,43,Application-18-Service,EndDevice-18,Application-18-Service,78000
29862,Application-35,M_Req,missing_destination,60,Application-35-Service,EndDevice-35,Application-35-Service,78000
29866,Application-11,M_Req,missing_destination,36,Application-11-Service,EndDevice-11,Application-11-Service,78000
29869,Application-46,M_Req,missing_destination,71,Application-46-Service,EndDevice-46,Application-46-Service,78000
29877,Application-36,M_Req,missing_destination,61,Application-36-Service,EndDevice-36,Application-36-Service,78000
29883,Application-48,M_Req,missing_destination,73,Application-48-Service,EndDevice-48,Application-48-Service,78000
29885,Application-47,M_Req,missing_destination,72,Application-47-Service,EndDevice-47,Application-47-Service,78000
29925,Application-36,M_Req,missing_destination,61,Application-36-Service,EndDevice-36,Application-36-Service,78100
29940,Application-31,M_Req,missing_destination,56,Application-31-Service,EndDevice-31,Application-31-Service,78200
29944,Application-30,M_Req,missing_destination,55,Application-30-Service,EndDevice-30,Application-30-Service,78200
29948,Application-34,M_Req,missing_destination,59,Application-34-Service,EndDevice-34,Application-34-Service,78200
29957,Application-7,M_Req,missing_destination,32,Application-7-Service,EndDevice-7,Application-7-Service,78200
29960,Application-5,M_Req,missing_destination,30,Application-5-Service,EndDevice-5,Application-5-Service,78200
29963,Application-29,M_Req,missing_destination,54,Application-29-Service,EndDevice-29,Application-29-Service,78200
29971,Application-6,M_Req,missing_destination,31,Application-6-Service,EndDevice-6,Application-6-Service,78300
29988,Application-31,M_Req,missing_destination,56,Application-31-Service,EndDevice-31,Application-31-Service,78300
29992,Application-30,M_Req,missing_destination,55,Application-30-Service,EndDevice-30,Application-30-Service,78300
29996,Application-34,M_Req,missing_destination,59,Application-34-Service,EndDevice-34,Application-34-Service,78300
30005,Application-7,M_Req,missing_destination,32,Application-7-Service,EndDevice-7,Application-7-Service,78300
30008,Application-5,M_Req,missing_destination,30,Application-5-Service,EndDevice-5,Application-5-Service,78300
30011,Application-29,M_Req,missing_destination,54,Application-29-Service,EndDevice-29,Application-29-Service,78300
30017,Application-6,M_Req,missing_destination,31,Application-6-Service,EndDevice-6,Application-6-Service,78400
30032,Application-31,M_Req,missing_destination,56,Application-31-Service,EndDevice-31,Application-31-Service,78400
30036,Application-30,M_Req,missing_destination,55,Application-30-Service,EndDevice-30,Application-30-Service,78400
30038,Application-45,M_Req,missing_destination,70,Application-45-Service,EndDevice-45,Application-45-Service,78500
30046,Application-7,M_Req,missing_destination,32,Application-7-Service,EndDevice-7,Application-7-Service,78500
30047,Application-19,M_Req,missing_destination,44,Application-19-Service,EndDevice-19,Application-19-Service,78500
30049,Application-46,M_Req,missing_destination,71,Application-46-Service,EndDevice-46,Application-46-Service,78500
30050,Application-29,M_Req,missing_destination,54,Application-29-Service,EndDevice-29,Application-29-Service,78500
30052,Application-10,M_Req,missing_destination,35,Application-10-Service,EndDevice-10,Application-10-Service,78500
30055,Application-9,M_Req,missing_destination,34,Application-9-Service,EndDevice-9,Application-9-Service,78500
30056,Application-11,M_Req,missing_destination,36,Application-11-Service,EndDevice-11,Application-11-Service,78500
30065,Application-6,M_Req,missing_destination,31,Application-6-Service,EndDevice-6,Application-6-Service,78500
30066,Application-47,M_Req,missing_destination,72,Application-47-Service,EndDevice-47,Application-47-Service,78500
30068,Application-48,M_Req,missing_destination,73,Application-48-Service,EndDevice-48,Application-48-Service,78500
30080,Application-31,M_Req,missing_destination,56,Application-31-Service,EndDevice-31,Application-31-Service,78500
30084,Application-30,M_Req,missing_destination,55,Application-30-Service,EndDevice-30,Application-30-Service,78500
30086,Application-45,M_Req,missing_destination,70,Application-45-Service,EndDevice-45,Application-45-Service,78600
30093,Application-7,M_Req,missing_destination,32,Application-7-Service,EndDevice-7,Application-7-Service,78600
30094,Application-19,M_Req,missing_destination,44,Application-19-Service,EndDevice-19,Application-19-Service,78600
30096,Application-29,M_Req,missing_destination,54,Application-29-Service,EndDevice-29,Application-29-Service,78600
30099,Application-11,M_Req,missing_destination,36,Application-11-Service,EndDevice-11,Application-11-Service,78600
30106,Application-6,M_Req,missing_destination,31,Application-6-Service,EndDevice-6,Application-6-Service,78600
30107,Application-47,M_Req,missing_destination,72,Application-47-Service,EndDevice-47,Application-47-Service,78600
30142,Application-19,M_Req,missing_destination,44,Application-19-Service,EndDevice-19,Application-19-Service,78700
30147,Application-11,M_Req,missing_destination,36,Application-11-Service,EndDevice-11,Application-11-Service,78700
30154,Application-6,M_Req,missing_destination,31,Application-6-Service,EndDevice-6,Application-6-Service,78700
30164,Application-43,M_Req,missing_destination,68,Application-43-Service,EndDevice-43,Application-43-Service,78800
30169,Application-12,M_Req,missing_destination,37,Application-12-Service,EndDevice-12,Application-12-Service,78800
30173,Application-44,M_Req,missing_destination,69,Application-44-Service,EndDevice-44,Application-44-Service,78800
30175,Application-8,M_Req,missing_destination,33,Application-8-Service,EndDevice-8,Application-8-Service,78800
30183,Application-28,M_Req,missing_destination,53,Application-28-Service,EndDevice-28,Application-28-Service,78800
30187,Application-41,M_Req,missing_destination,66,Application-41-Service,EndDevice-41,Application-41-Service,78800
30192,Application-5,M_Req,missing_destination,30,Application-5-Service,EndDevice-5,Application-5-Service,78800
30196,Application-26,M_Req,missing_destination,51,Application-26-Service,EndDevice-26,Application-26-Service,78900
30197,Application-27,M_Req,missing_destination,52,Application-27-Service,EndDevice-27,Application-27-Service,78900
30212,Application-43,M_Req,missing_destination,68,Application-43-Service,EndDevice-43,Application-43-Service,78900
30217,Application-12,M_Req,missing_destination,37,Application-12-Service,EndDevice-12,Application-12-Service,78900
30221,Application-44,M_Req,missing_destination,69,Application-44-Service,EndDevice-44,Application-44-Service,78900
30223,Application-8,M_Req,missing_destination,33,Application-8-Service,EndDevice-8,Application-8-Service,78900
30231,Application-28,M_Req,missing_destination,53,Application-28-Service,EndDevice-28,Application-28-Service,78900
30235,Application-41,M_Req,missing_destination,66,Application-41-Service,EndDevice-41,Application-41-Service,78900
30240,Application-5,M_Req,missing_destination,30,Application-5-Service,EndDevice-5,Application-5-Service,78900
30258,Application-43,M_Req,missing_destination,68,Application-43-Service,EndDevice-43,Application-43-Service,79000
30268,Application-45,M_Req,missing_destination,70,Application-45-Service,EndDevice-45,Application-45-Service,79100
30275,Application-41,M_Req,missing_destination,66,Application-41-Service,EndDevice-41,Application-41-Service,79100
30285,Application-46,M_Req,missing_destination,71,Application-46-Service,EndDevice-46,Application-46-Service,79100
30286,Application-47,M_Req,missing_destination,72,Application-47-Service,EndDevice-47,Application-47-Service,79100
30304,Application-48,M_Req,missing_destination,73,Application-48-Service,EndDevice-48,Application-48-Service,79100
30306,Application-43,M_Req,missing_destination,68,Application-43-Service,EndDevice-43,Application-43-Service,79100
30316,Application-45,M_Req,missing_destination,70,Application-45-Service,EndDevice-45,Application-45-Service,79200
30321,Application-41,M_Req,missing_destination,66,Application-41-Service,EndDevice-41,Application-41-Service,79200
30329,Application-47,M_Req,missing_destination,72,Application-47-Service,EndDevice-47,Application-47-Service,79200
30345,Application-48,M_Req,missing_destination,73,Application-48-Service,EndDevice-48,Application-48-Service,79200
30364,Application-45,M_Req,missing_destination,70,Application-45-Service,EndDevice-45,Application-45-Service,79300
30369,Application-41,M_Req,missing_destination,66,Application-41-Service,EndDevice-41,Application-41-Service,79300
30377,Application-47,M_Req,missing_destination,72,Application-47-Service,EndDevice-47,Application-47-Service,79300
30393,Application-48,M_Req,missing_destination,73,Application-48-Service,EndDevice-48,Application-48-Service,79300
30397,Application-21,M_Req,missing_destination,46,Application-21-Service,EndDevice-21,Application-21-Service,79400
30398,Application-10,M_Req,missing_destination,35,Application-10-Service,EndDevice-10,Application-10-Service,79400
30405,Application-24,M_Req,missing_destination,49,Application-24-Service,EndDevice-24,Application-24-Service,79400
30408,Application-45,M_Req,missing_destination,70,Application-45-Service,EndDevice-45,Application-45-Service,79400
30411,Application-22,M_Req,missing_destination,47,Application-22-Service,EndDevice-22,Application-22-Service,79400
30412,Application-41,M_Req,missing_destination,66,Application-41-Service,EndDevice-41,Application-41-Service,79400
30414,Application-5,M_Req,missing_destination,30,Application-5-Service,EndDevice-5,Application-5-Service,79400
30419,Application-47,M_Req,missing_destination,72,Application-47-Service,EndDevice-47,Application-47-Service,79400
30426,Application-23,M_Req,missing_destination,48,Application-23-Service,EndDevice-23,Application-23-Service,79500
30430,Application-42,M_Req,missing_destination,67,Application-42-Service,EndDevice-42,Application-42-Service,79500
30432,Application-48,M_Req,missing_destination,73,Application-48-Service,EndDevice-48,Application-48-Service,79500
30445,Application-21,M_Req,missing_destination,46,Application-21-Service,EndDevice-21,Application-21-Service,79500
30446,Application-10,M_Req,missing_destination,35,Application-10-Service,EndDevice-10,Application-10-Service,79500
30453,Application-24,M_Req,missing_destination,49,Application-24-Service,EndDevice-24,Application-24-Service,79500
30456,Application-45,M_Req,missing_destination,70,Application-45-Service,EndDevice-45,Application-45-Service,79500
30459,Application-22,M_Req,missing_destination,47,Application-22-Service,EndDevice-22,Application-22-Service,79500
30460,Application-41,M_Req,missing_destination,66,Application-41-Service,EndDevice-41,Application-41-Service,79500
30462,Application-5,M_Req,missing_destination,30,Application-5-Service,EndDevice-5,Application-5-Service,79500
30467,Application-47,M_Req,missing_destination,72,Application-47-Service,EndDevice-47,Application-47-Service,79500
30476,Application-42,M_Req,missing_destination,67,Application-42-Service,EndDevice-42,Application-42-Service,79600
30504,Application-5,M_Req,missing_destination,30,Application-5-Service,EndDevice-5,Application-5-Service,79700
30516,Application-24,M_Req,missing_destination,49,Application-24-Service,EndDevice-24,Application-24-Service,79700
30519,Application-6,M_Req,missing_destination,31,Application-6-Service,EndDevice-6,Application-6-Service,79700
30521,Application-23,M_Req,missing_destination,48,Application-23-Service,EndDevice-23,Application-23-Service,79700
30524,Application-42,M_Req,missing_destination,67,Application-42-Service,EndDevice-42,Application-42-Service,79700
30526,Application-48,M_Req,missing_destination,73,Application-48-Service,EndDevice-48,Application-48-Service,79700
30531,Application-7,M_Req,missing_destination,32,Application-7-Service,EndDevice-7,Application-7-Service,79700
30537,Application-21,M_Req,missing_destination,46,Application-21-Service,EndDevice-21,Application-21-Service,79700
30538,Application-10,M_Req,missing_destination,35,Application-10-Service,EndDevice-10,Application-10-Service,79700
30552,Application-5,M_Req,missing_destination,30,Application-5-Service,EndDevice-5,Application-5-Service,79800
30561,Application-24,M_Req,missing_destination,49,Application-24-Service,EndDevice-24,Application-24-Service,79800
30564,Application-6,M_Req,missing_destination,31,Application-6-Service,EndDevice-6,Application-6-Service,79800
30566,Application-23,M_Req,missing_destination,48,Application-23-Service,EndDevice-23,Application-23-Service,79800
30568,Application-42,M_Req,missing_destination,67,Application-42-Service,EndDevice-42,Application-42-Service,79800
30570,Application-48,M_Req,missing_destination,73,Application-48-Service,EndDevice-48,Application-48-Service,79800
30574,Application-7,M_Req,missing_destination,32,Application-7-Service,EndDevice-7,Application-7-Service,79800
30609,Application-24,M_Req,missing_destination,49,Application-24-Service,EndDevice-24,Application-24-Service,79900
30614,Application-23,M_Req,missing_destination,48,Application-23-Service,EndDevice-23,Application-23-Service,79900
30616,Application-42,M_Req,missing_destination,67,Application-42-Service,EndDevice-42,Application-42-Service,79900
30618,Application-48,M_Req,missing_destination,73,Application-48-Service,EndDevice-48,Application-48-Service,79900
30628,Application-40,M_Req,missing_destination,65,Application-40-Service,EndDevice-40,Application-40-Service,80000
30630,Application-36,M_Req,missing_destination,61,Application-36-Service,EndDevice-36,Application-36-Service,80000
30634,Application-35,M_Req,missing_destination,60,Application-35-Service,EndDevice-35,Application-35-Service,80000
30638,Application-45,M_Req,missing_destination,70,Application-45-Service,EndDevice-45,Application-45-Service,80000
30640,Application-22,M_Req,missing_destination,47,Application-22-Service,EndDevice-22,Application-22-Service,80000
30642,Application-34,M_Req,missing_destination,59,Application-34-Service,EndDevice-34,Application-34-Service,80000
30650,Application-37,M_Req,missing_destination,62,Application-37-Service,EndDevice-37,Application-37-Service,80000
30652,Application-24,M_Req,missing_destination,49,Application-24-Service,EndDevice-24,Application-24-Service,80000
30662,Application-38,M_Req,missing_destination,63,Application-38-Service,EndDevice-38,Application-38-Service,80100
30676,Application-40,M_Req,missing_destination,65,Application-40-Service,EndDevice-40,Application-40-Service,80100
30678,Application-36,M_Req,missing_destination,61,Application-36-Service,EndDevice-36,Application-36-Service,80100
30682,Application-35,M_Req,missing_destination,60,Application-35-Service,EndDevice-35,Application-35-Service,80100
30686,Application-45,M_Req,missing_destination,70,Application-45-Service,EndDevice-45,Application-45-Service,80100
30688,Application-22,M_Req,missing_destination,47,Application-22-Service,EndDevice-22,Application-22-Service,80100
30690,Application-34,M_Req,missing_destination,59,Application-34-Service,EndDevice-34,Application-34-Service,80100
30698,Application-37,M_Req,missing_destination,62,Application-37-Service,EndDevice-37,Application-37-Service,80100
30700,Application-24,M_Req,missing_destination,49,Application-24-Service,EndDevice-24,Application-24-Service,80100
30733,Application-30,M_Req,missing_destination,55,Application-30-Service,EndDevice-30,Application-30-Service,80300
30752,Application-31,M_Req,missing_destination,56,Application-31-Service,EndDevice-31,Application-31-Service,80300
30757,Application-29,M_Req,missing_destination,54,Application-29-Service,EndDevice-29,Application-29-Service,80300
30767,Application-36,M_Req,missing_destination,61,Application-36-Service,EndDevice-36,Application-36-Service,80300
30770,Application-32,M_Req,missing_destination,57,Application-32-Service,EndDevice-32,Application-32-Service,80300
30771,Application-35,M_Req,missing_destination,60,Application-35-Service,EndDevice-35,Application-35-Service,80300
30779,Application-30,M_Req,missing_destination,55,Application-30-Service,EndDevice-30,Application-30-Service,80400
30793,Application-31,M_Req,missing_destination,56,Application-31-Service,EndDevice-31,Application-31-Service,80400
30798,Application-29,M_Req,missing_destination,54,Application-29-Service,EndDevice-29,Application-29-Service,80400
30827,Application-30,M_Req,missing_destination,55,Application-30-Service,EndDevice-30,Application-30-Service,80500
30841,Application-31,M_Req,missing_destination,56,Application-31-Service,EndDevice-31,Application-31-Service,80500
30846,Application-29,M_Req,missing_destination,54,Application-29-Service,EndDevice-29,Application-29-Service,80500
30851,Application-12,M_Req,missing_destination,37,Application-12-Service,EndDevice-12,Application-12-Service,80600
30853,Application-8,M_Req,missing_destination,33,Application-8-Service,EndDevice-8,Application-8-Service,80600
30859,Application-11,M_Req,missing_destination,36,Application-11-Service,EndDevice-11,Application-11-Service,80600
30860,Application-9,M_Req,missing_destination,34,Application-9-Service,EndDevice-9,Application-9-Service,80600
30865,Application-5,M_Req,missing_destination,30,Application-5-Service,EndDevice-5,Application-5-Service,80600
30878,Application-7,M_Req,missing_destination,32,Application-7-Service,EndDevice-7,Application-7-Service,80600
30886,Application-10,M_Req,missing_destination,35,Application-10-Service,EndDevice-10,Application-10-Service,80700
30888,Application-6,M_Req,missing_destination,31,Application-6-Service,EndDevice-6,Application-6-Service,80700
30899,Application-12,M_Req,missing_destination,37,Application-12-Service,EndDevice-12,Application-12-Service,80700
30901,Application-8,M_Req,missing_destination,33,Application-8-Service,EndDevice-8,Application-8-Service,80700
30907,Application-11,M_Req,missing_destination,36,Application-11-Service,EndDevice-11,Application-11-Service,80700
30908,Application-9,M_Req,missing_destination,34,Application-9-Service,EndDevice-9,Application-9-Service,80700
30913,Application-5,M_Req,missing_destination,30,Application-5-Service,EndDevice-5,Application-5-Service,80700
30926,Application-7,M_Req,missing_destination,32,Application-7-Service,EndDevice-7,Application-7-Service,80700
30963,Application-37,M_Req,missing_destination,62,Application-37-Service,EndDevice-37,Application-37-Service,80900
30965,Application-7,M_Req,missing_destination,32,Application-7-Service,EndDevice-7,Application-7-Service,80900
30968,Application-21,M_Req,missing_destination,46,Application-21-Service,EndDevice-21,Application-21-Service,80900
30971,Application-38,M_Req,missing_destination,63,Application-38-Service,EndDevice-38,Application-38-Service,80900
30973,Application-24,M_Req,missing_destination,49,Application-24-Service,EndDevice-24,Application-24-Service,80900
30976,Application-39,M_Req,missing_destination,64,Application-39-Service,EndDevice-39,Application-39-Service,80900
30978,Application-23,M_Req,missing_destination,48,Application-23-Service,EndDevice-23,Application-23-Service,80900
30982,Application-29,M_Req,missing_destination,54,Application-29-Service,EndDevice-29,Application-29-Service,80900
30988,Application-31,M_Req,missing_destination,56,Application-31-Service,EndDevice-31,Application-31-Service,80900
31002,Application-22,M_Req,missing_destination,47,Application-22-Service,EndDevice-22,Application-22-Service,80900
31011,Application-7,M_Req,missing_destination,32,Application-7-Service,EndDevice-7,Application-7-Service,81000
31014,Application-21,M_Req,missing_destination,46,Application-21-Service,EndDevice-21,Application-21-Service,81000
31017,Application-38,M_Req,missing_destination,63,Application-38-Service,EndDevice-38,Application-38-Service,81000
31019,Application-24,M_Req,missing_destination,49,Application-24-Service,EndDevice-24,Application-24-Service,81000
31021,Application-39,M_Req,missing_destination,64,Application-39-Service,EndDevice-39,Application-39-Service,81000
31023,Application-23,M_Req,missing_destination,48,Application-23-Service,EndDevice-23,Application-23-Service,81000
31026,Application-29,M_Req,missing_destination,54,Application-29-Service,EndDevice-29,Application-29-Service,81000
31065,Application-38,M_Req,missing_destination,63,Application-38-Service,EndDevice-38,Application-38-Service,81100
31069,Application-39,M_Req,missing_destination,64,Application-39-Service,EndDevice-39,Application-39-Service,81100
31074,Application-29,M_Req,missing_destination,54,Application-29-Service,EndDevice-29,Application-29-Service,81100
31085,Application-17,M_Req,missing_destination,42,Application-17-Service,EndDevice-17,Application-17-Service,81200
31088,Application-18,M_Req,missing_destination,43,Application-18-Service,EndDevice-18,Application-18-Service,81200
31089,Application-48,M_Req,missing_destination,73,Application-48-Service,EndDevice-48,Application-48-Service,81200
31100,Application-47,M_Req,missing_destination,72,Application-47-Service,EndDevice-47,Application-47-Service,81200
31103,Application-46,M_Req,missing_destination,71,Application-46-Service,EndDevice-46,Application-46-Service,81200
31107,Application-38,M_Req,missing_destination,63,Application-38-Service,EndDevice-38,Application-38-Service,81200
31110,Application-45,M_Req,missing_destination,70,Application-45-Service,EndDevice-45,Application-45-Service,81200
31133,Application-17,M_Req,missing_destination,42,Application-17-Service,EndDevice-17,Application-17-Service,81300
31136,Application-18,M_Req,missing_destination,43,Application-18-Service,EndDevice-18,Application-18-Service,81300
31137,Application-48,M_Req,missing_destination,73,Application-48-Service,EndDevice-48,Application-48-Service,81300
31148,Application-47,M_Req,missing_destination,72,Application-47-Service,EndDevice-47,Application-47-Service,81300
31151,Application-46,M_Req,missing_destination,71,Application-46-Service,EndDevice-46,Application-46-Service,81300
31155,Application-38,M_Req,missing_destination,63,Application-38-Service,EndDevice-38,Application-38-Service,81300
31158,Application-45,M_Req,missing_destination,70,Application-45-Service,EndDevice-45,Application-45-Service,81300
31179,Application-17,M_Req,missing_destination,42,Application-17-Service,EndDevice-17,Application-17-Service,81400
31181,Application-18,M_Req,missing_destination,43,Application-18-Service,EndDevice-18,Application-18-Service,81400
31196,Application-38,M_Req,missing_destination,63,Application-38-Service,EndDevice-38,Application-38-Service,81500
31199,Application-27,M_Req,missing_destination,52,Application-27-Service,EndDevice-27,Application-27-Service,81500
31200,Application-26,M_Req,missing_destination,51,Application-26-Service,EndDevice-26,Application-26-Service,81500
31203,Application-35,M_Req,missing_destination,60,Application-35-Service,EndDevice-35,Application-35-Service,81500
31204,Application-25,M_Req,missing_destination,50,Application-25-Service,EndDevice-25,Application-25-Service,81500
31205,Application-33,M_Req,missing_destination,58,Application-33-Service,EndDevice-33,Application-33-Service,81500
31220,Application-20,M_Req,missing_destination,45,Application-20-Service,EndDevice-20,Application-20-Service,81500
31222,Application-19,M_Req,missing_destination,44,Application-19-Service,EndDevice-19,Application-19-Service,81500
31227,Application-17,M_Req,missing_destination,42,Application-17-Service,EndDevice-17,Application-17-Service,81500
31229,Application-18,M_Req,missing_destination,43,Application-18-Service,EndDevice-18,Application-18-Service,81500
31232,Application-31,M_Req,missing_destination,56,Application-31-Service,EndDevice-31,Application-31-Service,81500
31233,Application-28,M_Req,missing_destination,53,Application-28-Service,EndDevice-28,Application-28-Service,81500
31236,Application-34,M_Req,missing_destination,59,Application-34-Service,EndDevice-34,Application-34-Service,81500
31237,Application-37,M_Req,missing_destination,62,Application-37-Service,EndDevice-37,Application-37-Service,81500
31242,Application-38,M_Req,missing_destination,63,Application-38-Service,EndDevice-38,Application-38-Service,81600
31244,Application-26,M_Req,missing_destination,51,Application-26-Service,EndDevice-26,Application-26-Service,81600
31247,Application-35,M_Req,missing_destination,60,Application-35-Service,EndDevice-35,Application-35-Service,81600
31248,Application-25,M_Req,missing_destination,50,Application-25-Service,EndDevice-25,Application-25-Service,81600
31249,Application-33,M_Req,missing_destination,58,Application-33-Service,EndDevice-33,Application-33-Service,81600
31262,Application-20,M_Req,missing_destination,45,Application-20-Service,EndDevice-20,Application-20-Service,81600
31264,Application-19,M_Req,missing_destination,44,Application-19-Service,EndDevice-19,Application-19-Service,81600
31295,Application-35,M_Req,missing_destination,60,Application-35-Service,EndDevice-35,Application-35-Service,81700
31297,Application-33,M_Req,missing_destination,58,Application-33-Service,EndDevice-33,Application-33-Service,81700
31312,Application-19,M_Req,missing_destination,44,Application-19-Service,EndDevice-19,Application-19-Service,81700
31313,Application-12,M_Req,missing_destination,37,Application-12-Service,EndDevice-12,Application-12-Service,81800
31318,Application-9,M_Req,missing_destination,34,Application-9-Service,EndDevice-9,Application-9-Service,81800
31322,Application-11,M_Req,missing_destination,36,Application-11-Service,EndDevice-11,Application-11-Service,81800
31338,Application-35,M_Req,missing_destination,60,Application-35-Service,EndDevice-35,Application-35-Service,81800
31340,Application-33,M_Req,missing_destination,58,Application-33-Service,EndDevice-33,Application-33-Service,81800
31343,Application-10,M_Req,missing_destination,35,Application-10-Service,EndDevice-10,Application-10-Service,81900
31350,Application-20,M_Req,missing_destination,45,Application-20-Service,EndDevice-20,Application-20-Service,81900
31361,Application-12,M_Req,missing_destination,37,Application-12-Service,EndDevice-12,Application-12-Service,81900
31366,Application-9,M_Req,missing_destination,34,Application-9-Service,EndDevice-9,Application-9-Service,81900
31370,Application-11,M_Req,missing_destination,36,Application-11-Service,EndDevice-11,Application-11-Service,81900
31386,Application-35,M_Req,missing_destination,60,Application-35-Service,EndDevice-35,Application-35-Service,81900
31388,Application-33,M_Req,missing_destination,58,Application-33-Service,EndDevice-33,Application-33-Service,81900
31424,Application-45,M_Req,missing_destination,70,Application-45-Service,EndDevice-45,Application-45-Service,82100
31426,Application-43,M_Req,missing_destination,68,Application-43-Service,EndDevice-43,Application-43-Service,82100
31431,Application-41,M_Req,missing_destination,66,Application-41-Service,EndDevice-41,Application-41-Service,82100
31435,Application-44,M_Req,missing_destination,69,Application-44-Service,EndDevice-44,Application-44-Service,82100
31439,Application-42,M_Req,missing_destination,67,Application-42-Service,EndDevice-42,Application-42-Service,82100
31445,Application-47,M_Req,missing_destination,72,Application-47-Service,EndDevice-47,Application-47-Service,82100
31446,Application-19,M_Req,missing_destination,44,Application-19-Service,EndDevice-19,Application-19-Service,82100
31455,Application-36,M_Req,missing_destination,61,Application-36-Service,EndDevice-36,Application-36-Service,82100
31457,Application-17,M_Req,missing_destination,42,Application-17-Service,EndDevice-17,Application-17-Service,82100
31463,Application-48,M_Req,missing_destination,73,Application-48-Service,EndDevice-48,Application-48-Service,82100
31465,Application-46,M_Req,missing_destination,71,Application-46-Service,EndDevice-46,Application-46-Service,82100
31471,Application-45,M_Req,missing_destination,70,Application-45-Service,EndDevice-45,Application-45-Service,82200
31472,Application-43,M_Req,missing_destination,68,Application-43-Service,EndDevice-43,Application-43-Service,82200
31476,Application-41,M_Req,missing_destination,66,Application-41-Service,EndDevice-41,Application-41-Service,82200
31479,Application-44,M_Req,missing_destination,69,Application-44-Service,EndDevice-44,Application-44-Service,82200
31485,Application-47,M_Req,missing_destination,72,Application-47-Service,EndDevice-47,Application-47-Service,82200
31486,Application-19,M_Req,missing_destination,44,Application-19-Service,EndDevice-19,Application-19-Service,82200
31519,Application-45,M_Req,missing_destination,70,Application-45-Service,EndDevice-45,Application-45-Service,82300
31533,Application-47,M_Req,missing_destination,72,Application-47-Service,EndDevice-47,Application-47-Service,82300
31534,Application-19,M_Req,missing_destination,44,Application-19-Service,EndDevice-19,Application-19-Service,82300
31540,Application-8,M_Req,missing_destination,33,Application-8-Service,EndDevice-8,Application-8-Service,82400
31551,Application-5,M_Req,missing_destination,30,Application-5-Service,EndDevice-5,Application-5-Service,82400
31555,Application-42,M_Req,missing_destination,67,Application-42-Service,EndDevice-42,Application-42-Service,82400
31561,Application-7,M_Req,missing_destination,32,Application-7-Service,EndDevice-7,Application-7-Service,82400
31563,Application-45,M_Req,missing_destination,70,Application-45-Service,EndDevice-45,Application-45-Service,82400
31571,Application-6,M_Req,missing_destination,31,Application-6-Service,EndDevice-6,Application-6-Service,82400
31576,Application-39,M_Req,missing_destination,64,Application-39-Service,EndDevice-39,Application-39-Service,82500
31588,Application-8,M_Req,missing_destination,33,Application-8-Service,EndDevice-8,Application-8-Service,82500
31599,Application-5,M_Req,missing_destination,30,Application-5-Service,EndDevice-5,Application-5-Service,82500
31603,Application-42,M_Req,missing_destination,67,Application-42-Service,EndDevice-42,Application-42-Service,82500
31609,Application-7,M_Req,missing_destination,32,Application-7-Service,EndDevice-7,Application-7-Service,82500
31611,Application-45,M_Req,missing_destination,70,Application-45-Service,EndDevice-45,Application-45-Service,82500
31619,Application-6,M_Req,missing_destination,31,Application-6-Service,EndDevice-6,Application-6-Service,82500
31632,Application-8,M_Req,missing_destination,33,Application-8-Service,EndDevice-8,Application-8-Service,82600
31641,Application-5,M_Req,missing_destination,30,Application-5-Service,EndDevice-5,Application-5-Service,82600
31645,Application-42,M_Req,missing_destination,67,Application-42-Service,EndDevice-42,Application-42-Service,82600
31650,Application-7,M_Req,missing_destination,32,Application-7-Service,EndDevice-7,Application-7-Service,82700
31664,Application-38,M_Req,missing_destination,63,Application-38-Service,EndDevice-38,Application-38-Service,82700
31670,Application-39,M_Req,missing_destination,64,Application-39-Service,EndDevice-39,Application-39-Service,82700
31673,Application-9,M_Req,missing_destination,34,Application-9-Service,EndDevice-9,Application-9-Service,82700
31675,Application-12,M_Req,missing_destination,37,Application-12-Service,EndDevice-12,Application-12-Service,82700
31680,Application-8,M_Req,missing_destination,33,Application-8-Service,EndDevice-8,Application-8-Service,82700
31685,Application-11,M_Req,missing_destination,36,Application-11-Service,EndDevice-11,Application-11-Service,82700
31689,Application-5,M_Req,missing_destination,30,Application-5-Service,EndDevice-5,Application-5-Service,82700
31693,Application-42,M_Req,missing_destination,67,Application-42-Service,EndDevice-42,Application-42-Service,82700
31695,Application-10,M_Req,missing_destination,35,Application-10-Service,EndDevice-10,Application-10-Service,82700
31698,Application-7,M_Req,missing_destination,32,Application-7-Service,EndDevice-7,Application-7-Service,82800
31709,Application-38,M_Req,missing_destination,63,Application-38-Service,EndDevice-38,Application-38-Service,82800
31715,Application-39,M_Req,missing_destination,64,Application-39-Service,EndDevice-39,Application-39-Service,82800
31773,Application-31,M_Req,missing_destination,56,Application-31-Service,EndDevice-31,Application-31-Service,83000
31776,Application-5,M_Req,missing_destination,30,Application-5-Service,EndDevice-5,Application-5-Service,83000
31787,Application-12,M_Req,missing_destination,37,Application-12-Service,EndDevice-12,Application-12-Service,83000
31791,Application-43,M_Req,missing_destination,68,Application-43-Service,EndDevice-43,Application-43-Service,83000
31792,Application-33,M_Req,missing_destination,58,Application-33-Service,EndDevice-33,Application-33-Service,83000
31795,Application-6,M_Req,missing_destination,31,Application-6-Service,EndDevice-6,Application-6-Service,83000
31797,Application-32,M_Req,missing_destination,57,Application-32-Service,EndDevice-32,Application-32-Service,83000
31806,Application-29,M_Req,missing_destination,54,Application-29-Service,EndDevice-29,Application-29-Service,83100
31821,Application-31,M_Req,missing_destination,56,Application-31-Service,EndDevice-31,Application-31-Service,83100
31824,Application-5,M_Req,missing_destination,30,Application-5-Service,EndDevice-5,Application-5-Service,83100
31835,Application-12,M_Req,missing_destination,37,Application-12-Service,EndDevice-12,Application-12-Service,83100
31839,Application-43,M_Req,missing_destination,68,Application-43-Service,EndDevice-43,Application-43-Service,83100
31840,Application-33,M_Req,missing_destination,58,Application-33-Service,EndDevice-33,Application-33-Service,83100
31843,Application-6,M_Req,missing_destination,31,Application-6-Service,EndDevice-6,Application-6-Service,83100
31845,Application-32,M_Req,missing_destination,57,Application-32-Service,EndDevice-32,Application-32-Service,83100
31880,Application-45,M_Req,missing_destination,70,Application-45-Service,EndDevice-45,Application-45-Service,83300
31887,Application-48,M_Req,missing_destination,73,Application-48-Service,EndDevice-48,Application-48-Service,83300
31896,Application-9,M_Req,missing_destination,34,Application-9-Service,EndDevice-9,Application-9-Service,83300
31897,Application-47,M_Req,missing_destination,72,Application-47-Service,EndDevice-47,Application-47-Service,83300
31903,Application-30,M_Req,missing_destination,55,Application-30-Service,EndDevice-30,Application-30-Service,83300
31909,Application-10,M_Req,missing_destination,35,Application-10-Service,EndDevice-10,Application-10-Service,83300
31915,Application-46,M_Req,missing_destination,71,Application-46-Service,EndDevice-46,Application-46-Service,83300
31928,Application-45,M_Req,missing_destination,70,Application-45-Service,EndDevice-45,Application-45-Service,83400
31934,Application-48,M_Req,missing_destination,73,Application-48-Service,EndDevice-48,Application-48-Service,83400
31943,Application-9,M_Req,missing_destination,34,Application-9-Service,EndDevice-9,Application-9-Service,83400
31944,Application-47,M_Req,missing_destination,72,Application-47-Service,EndDevice-47,Application-47-Service,83400
31949,Application-30,M_Req,missing_destination,55,Application-30-Service,EndDevice-30,Application-30-Service,83400
31954,Application-10,M_Req,missing_destination,35,Application-10-Service,EndDevice-10,Application-10-Service,83400
32009,Application-3,M_Req,missing_destination,28,Application-3-Service,EndDevice-3,Application-3-Service,83600
32010,Application-12,M_Req,missing_destination,37,Application-12-Service,EndDevice-12,Application-12-Service,83600
32014,Application-32,M_Req,missing_destination,57,Application-32-Service,EndDevice-32,Application-32-Service,83600
32016,Application-1,M_Req,missing_destination,26,Application-1-Service,EndDevice-1,Application-1-Service,83600
32018,Application-8,M_Req,missing_destination,33,Application-8-Service,EndDevice-8,Application-8-Service,83600
32019,Application-4,M_Req,missing_destination,29,Application-4-Service,EndDevice-4,Application-4-Service,83600
32026,Application-2,M_Req,missing_destination,27,Application-2-Service,EndDevice-2,Application-2-Service,83600
32057,Application-3,M_Req,missing_destination,28,Application-3-Service,EndDevice-3,Application-3-Service,83700
32058,Application-12,M_Req,missing_destination,37,Application-12-Service,EndDevice-12,Application-12-Service,83700
32062,Application-32,M_Req,missing_destination,57,Application-32-Service,EndDevice-32,Application-32-Service,83700
32064,Application-1,M_Req,missing_destination,26,Application-1-Service,EndDevice-1,Application-1-Service,83700
32066,Application-8,M_Req,missing_destination,33,Application-8-Service,EndDevice-8,Application-8-Service,83700
32067,Application-4,M_Req,missing_destination,29,Application-4-Service,EndDevice-4,Application-4-Service,83700
32074,Application-2,M_Req,missing_destination,27,Application-2-Service,EndDevice-2,Application-2-Service,83700
32099,Application-3,M_Req,missing_destination,28,Application-3-Service,EndDevice-3,Application-3-Service,83800
32100,Application-12,M_Req,missing_destination,37,Application-12-Service,EndDevice-12,Application-12-Service,83800
32104,Application-32,M_Req,missing_destination,57,Application-32-Service,EndDevice-32,Application-32-Service,83800
32106,Application-1,M_Req,missing_destination,26,Application-1-Service,EndDevice-1,Application-1-Service,83800
32108,Application-8,M_Req,missing_destination,33,Application-8-Service,EndDevice-8,Application-8-Service,83800
32113,Application-19,M_Req,missing_destination,44,Application-19-Service,EndDevice-19,Application-19-Service,83900
32124,Application-5,M_Req,missing_destination,30,Application-5-Service,EndDevice-5,Application-5-Service,83900
32126,Application-17,M_Req,missing_destination,42,Application-17-Service,EndDevice-17,Application-17-Service,83900
32127,Application-20,M_Req,missing_destination,45,Application-20-Service,EndDevice-20,Application-20-Service,83900
32139,Application-30,M_Req,missing_destination,55,Application-30-Service,EndDevice-30,Application-30-Service,83900
32143,Application-34,M_Req,missing_destination,59,Application-34-Service,EndDevice-34,Application-34-Service,83900
32147,Application-3,M_Req,missing_destination,28,Application-3-Service,EndDevice-3,Application-3-Service,83900
32148,Application-12,M_Req,missing_destination,37,Application-12-Service,EndDevice-12,Application-12-Service,83900
32151,Application-46,M_Req,missing_destination,71,Application-46-Service,EndDevice-46,Application-46-Service,83900
32152,Application-32,M_Req,missing_destination,57,Application-32-Service,EndDevice-32,Application-32-Service,83900
32154,Application-1,M_Req,missing_destination,26,Application-1-Service,EndDevice-1,Application-1-Service,83900
32155,Application-18,M_Req,missing_destination,43,Application-18-Service,EndDevice-18,Application-18-Service,83900
32156,Application-8,M_Req,missing_destination,33,Application-8-Service,EndDevice-8,Application-8-Service,83900
32161,Application-19,M_Req,missing_destination,44,Application-19-Service,EndDevice-19,Application-19-Service,84000
32171,Application-5,M_Req,missing_destination,30,Application-5-Service,EndDevice-5,Application-5-Service,84000
32173,Application-17,M_Req,missing_destination,42,Application-17-Service,EndDevice-17,Application-17-Service,84000
32174,Application-20,M_Req,missing_destination,45,Application-20-Service,EndDevice-20,Application-20-Service,84000
32182,Application-30,M_Req,missing_destination,55,Application-30-Service,EndDevice-30,Application-30-Service,84000
32209,Application-19,M_Req,missing_destination,44,Application-19-Service,EndDevice-19,Application-19-Service,84100
32219,Application-5,M_Req,missing_destination,30,Application-5-Service,EndDevice-5,Application-5-Service,84100
32221,Application-17,M_Req,missing_destination,42,Application-17-Service,EndDevice-17,Application-17-Service,84100
32222,Application-20,M_Req,missing_destination,45,Application-20-Service,EndDevice-20,Application-20-Service,84100
32230,Application-30,M_Req,missing_destination,55,Application-30-Service,EndDevice-30,Application-30-Service,84100
32240,Application-46,M_Req,missing_destination,71,Application-46-Service,EndDevice-46,Application-46-Service,84200
32249,Application-31,M_Req,missing_destination,56,Application-31-Service,EndDevice-31,Application-31-Service,84200
32253,Application-48,M_Req,missing_destination,73,Application-48-Service,EndDevice-48,Application-48-Service,84200
32254,Application-19,M_Req,missing_destination,44,Application-19-Service,EndDevice-19,Application-19-Service,84200
32255,Application-2,M_Req,missing_destination,27,Application-2-Service,EndDevice-2,Application-2-Service,84200
32262,Application-5,M_Req,missing_destination,30,Application-5-Service,EndDevice-5,Application-5-Service,84200
32263,Application-47,M_Req,missing_destination,72,Application-47-Service,EndDevice-47,Application-47-Service,84200
32264,Application-20,M_Req,missing_destination,45,Application-20-Service,EndDevice-20,Application-20-Service,84200
32271,Application-29,M_Req,missing_destination,54,Application-29-Service,EndDevice-29,Application-29-Service,84300
32288,Application-46,M_Req,missing_destination,71,Application-46-Service,EndDevice-46,Application-46-Service,84300
32297,Application-31,M_Req,missing_destination,56,Application-31-Service,EndDevice-31,Application-31-Service,84300
32301,Application-48,M_Req,missing_destination,73,Application-48-Service,EndDevice-48,Application-48-Service,84300
32302,Application-19,M_Req,missing_destination,44,Application-19-Service,EndDevice-19,Application-19-Service,84300
32303,Application-2,M_Req,missing_destination,27,Application-2-Service,EndDevice-2,Application-2-Service,84300
32310,Application-5,M_Req,missing_destination,30,Application-5-Service,EndDevice-5,Application-5-Service,84300
32311,Application-47,M_Req,missing_destination,72,Application-47-Service,EndDevice-47,Application-47-Service,84300
32312,Application-20,M_Req,missing_destination,45,Application-20-Service,EndDevice-20,Application-20-Service,84300
32317,Application-29,M_Req,missing_destination,54,Application-29-Service,EndDevice-29,Application-29-Service,84400
32331,Application-46,M_Req,missing_destination,71,Application-46-Service,EndDevice-46,Application-46-Service,84400
32338,Application-31,M_Req,missing_destination,56,Application-31-Service,EndDevice-31,Application-31-Service,84400
32340,Application-7,M_Req,missing_destination,32,Application-7-Service,EndDevice-7,Application-7-Service,84500
32343,Application-19,M_Req,missing_destination,44,Application-19-Service,EndDevice-19,Application-19-Service,84500
32346,Application-43,M_Req,missing_destination,68,Application-43-Service,EndDevice-43,Application-43-Service,84500
32348,Application-23,M_Req,missing_destination,48,Application-23-Service,EndDevice-23,Application-23-Service,84500
32352,Application-21,M_Req,missing_destination,46,Application-21-Service,EndDevice-21,Application-21-Service,84500
32355,Application-44,M_Req,missing_destination,69,Application-44-Service,EndDevice-44,Application-44-Service,84500
32361,Application-22,M_Req,missing_destination,47,Application-22-Service,EndDevice-22,Application-22-Service,84500
32363,Application-42,M_Req,missing_destination,67,Application-42-Service,EndDevice-42,Application-42-Service,84500
32365,Application-29,M_Req,missing_destination,54,Application-29-Service,EndDevice-29,Application-29-Service,84500
32371,Application-24,M_Req,missing_destination,49,Application-24-Service,EndDevice-24,Application-24-Service,84500
32377,Application-41,M_Req,missing_destination,66,Application-41-Service,EndDevice-41,Application-41-Service,84500
32379,Application-46,M_Req,missing_destination,71,Application-46-Service,EndDevice-46,Application-46-Service,84500
32380,Application-1,M_Req,missing_destination,26,Application-1-Service,EndDevice-1,Application-1-Service,84500
32384,Application-32,M_Req,missing_destination,57,Application-32-Service,EndDevice-32,Application-32-Service,84500
32386,Application-31,M_Req,missing_destination,56,Application-31-Service,EndDevice-31,Application-31-Service,84500
32390,Application-19,M_Req,missing_destination,44,Application-19-Service,EndDevice-19,Application-19-Service,84600
32394,Application-23,M_Req,missing_destination,48,Application-23-Service,EndDevice-23,Application-23-Service,84600
32398,Application-21,M_Req,missing_destination,46,Application-21-Service,EndDevice-21,Application-21-Service,84600
32401,Application-44,M_Req,missing_destination,69,Application-44-Service,EndDevice-44,Application-44-Service,84600
32406,Application-42,M_Req,missing_destination,67,Application-42-Service,EndDevice-42,Application-42-Service,84600
32408,Application-29,M_Req,missing_destination,54,Application-29-Service,EndDevice-29,Application-29-Service,84600
32413,Application-24,M_Req,missing_destination,49,Application-24-Service,EndDevice-24,Application-24-Service,84600
32438,Application-19,M_Req,missing_destination,44,Application-19-Service,EndDevice-19,Application-19-Service,84700
32442,Application-23,M_Req,missing_destination,48,Application-23-Service,EndDevice-23,Application-23-Service,84700
32446,Application-21,M_Req,missing_destination,46,Application-21-Service,EndDevice-21,Application-21-Service,84700
32461,Application-24,M_Req,missing_destination,49,Application-24-Service,EndDevice-24,Application-24-Service,84700
32469,Application-32,M_Req,missing_destination,57,Application-32-Service,EndDevice-32,Application-32-Service,84800
32470,Application-31,M_Req,missing_destination,56,Application-31-Service,EndDevice-31,Application-31-Service,84800
32472,Application-36,M_Req,missing_destination,61,Application-36-Service,EndDevice-36,Application-36-Service,84800
32481,Application-38,M_Req,missing_destination,63,Application-38-Service,EndDevice-38,Application-38-Service,84800
32482,Application-19,M_Req,missing_destination,44,Application-19-Service,EndDevice-19,Application-19-Service,84800
32486,Application-23,M_Req,missing_destination,48,Application-23-Service,EndDevice-23,Application-23-Service,84800
32493,Application-39,M_Req,missing_destination,64,Application-39-Service,EndDevice-39,Application-39-Service,84900
32496,Application-37,M_Req,missing_destination,62,Application-37-Service,EndDevice-37,Application-37-Service,84900
32497,Application-40,M_Req,missing_destination,65,Application-40-Service,EndDevice-40,Application-40-Service,84900
32498,Application-33,M_Req,missing_destination,58,Application-33-Service,EndDevice-33,Application-33-Service,84900
32499,Application-35,M_Req,missing_destination,60,Application-35-Service,EndDevice-35,Application-35-Service,84900
32517,Application-32,M_Req,missing_destination,57,Application-32-Service,EndDevice-32,Application-32-Service,84900
32518,Application-31,M_Req,missing_destination,56,Application-31-Service,EndDevice-31,Application-31-Service,84900
32520,Application-36,M_Req,missing_destination,61,Application-36-Service,EndDevice-36,Application-36-Service,84900
32529,Application-38,M_Req,missing_destination,63,Application-38-Service,EndDevice-38,Application-38-Service,84900
32530,Application-19,M_Req,missing_destination,44,Application-19-Service,EndDevice-19,Application-19-Service,84900
32534,Application-23,M_Req,missing_destination,48,Application-23-Service,EndDevice-23,Application-23-Service,84900
32545,Application-33,M_Req,missing_destination,58,Application-33-Service,EndDevice-33,Application-33-Service,85000
32546,Application-35,M_Req,missing_destination,60,Application-35-Service,EndDevice-35,Application-35-Service,85000
32561,Application-36,M_Req,missing_destination,61,Application-36-Service,EndDevice-36,Application-36-Service,85000
32571,Application-19,M_Req,missing_destination,44,Application-19-Service,EndDevice-19,Application-19-Service,85100
32573,Application-25,M_Req,missing_destination,50,Application-25-Service,EndDevice-25,Application-25-Service,85100
32575,Application-27,M_Req,missing_destination,52,Application-27-Service,EndDevice-27,Application-27-Service,85100
32581,Application-18,M_Req,missing_destination,43,Application-18-Service,EndDevice-18,Application-18-Service,85100
32583,Application-46,M_Req,missing_destination,71,Application-46-Service,EndDevice-46,Application-46-Service,85100
32591,Application-26,M_Req,missing_destination,51,Application-26-Service,EndDevice-26,Application-26-Service,85100
32593,Application-33,M_Req,missing_destination,58,Application-33-Service,EndDevice-33,Application-33-Service,85100
32594,Application-35,M_Req,missing_destination,60,Application-35-Service,EndDevice-35,Application-35-Service,85100
32599,Application-48,M_Req,missing_destination,73,Application-48-Service,EndDevice-48,Application-48-Service,85100
32601,Application-20,M_Req,missing_destination,45,Application-20-Service,EndDevice-20,Application-20-Service,85100
32604,Application-28,M_Req,missing_destination,53,Application-28-Service,EndDevice-28,Application-28-Service,85100
32609,Application-36,M_Req,missing_destination,61,Application-36-Service,EndDevice-36,Application-36-Service,85100
32610,Application-43,M_Req,missing_destination,68,Application-43-Service,EndDevice-43,Application-43-Service,85100
32616,Application-17,M_Req,missing_destination,42,Application-17-Service,EndDevice-17,Application-17-Service,85100
32619,Application-19,M_Req,missing_destination,44,Application-19-Service,EndDevice-19,Application-19-Service,85200
32622,Application-27,M_Req,missing_destination,52,Application-27-Service,EndDevice-27,Application-27-Service,85200
32628,Application-18,M_Req,missing_destination,43,Application-18-Service,EndDevice-18,Application-18-Service,85200
32630,Application-46,M_Req,missing_destination,71,Application-46-Service,EndDevice-46,Application-46-Service,85200
32637,Application-26,M_Req,missing_destination,51,Application-26-Service,EndDevice-26,Application-26-Service,85200
32639,Application-33,M_Req,missing_destination,58,Application-33-Service,EndDevice-33,Application-33-Service,85200
32640,Application-35,M_Req,missing_destination,60,Application-35-Service,EndDevice-35,Application-35-Service,85200
32670,Application-27,M_Req,missing_destination,52,Application-27-Service,EndDevice-27,Application-27-Service,85300
32678,Application-46,M_Req,missing_destination,71,Application-46-Service,EndDevice-46,Application-46-Service,85300
32685,Application-26,M_Req,missing_destination,51,Application-26-Service,EndDevice-26,Application-26-Service,85300
32696,Application-43,M_Req,missing_destination,68,Application-43-Service,EndDevice-43,Application-43-Service,85400
32698,Application-41,M_Req,missing_destination,66,Application-41-Service,EndDevice-41,Application-41-Service,85400
32705,Application-42,M_Req,missing_destination,67,Application-42-Service,EndDevice-42,Application-42-Service,85400
32707,Application-48,M_Req,missing_destination,73,Application-48-Service,EndDevice-48,Application-48-Service,85400
32708,Application-10,M_Req,missing_destination,35,Application-10-Service,EndDevice-10,Application-10-Service,85400
32711,Application-38,M_Req,missing_destination,63,Application-38-Service,EndDevice-38,Application-38-Service,85400
32714,Application-27,M_Req,missing_destination,52,Application-27-Service,EndDevice-27,Application-27-Service,85400
32715,Application-47,M_Req,missing_destination,72,Application-47-Service,EndDevice-47,Application-47-Service,85400
32717,Application-44,M_Req,missing_destination,69,Application-44-Service,EndDevice-44,Application-44-Service,85400
32718,Application-11,M_Req,missing_destination,36,Application-11-Service,EndDevice-11,Application-11-Service,85400
32721,Application-46,M_Req,missing_destination,71,Application-46-Service,EndDevice-46,Application-46-Service,85400
32722,Application-9,M_Req,missing_destination,34,Application-9-Service,EndDevice-9,Application-9-Service,85400
32744,Application-43,M_Req,missing_destination,68,Application-43-Service,EndDevice-43,Application-43-Service,85500
32746,Application-41,M_Req,missing_destination,66,Application-41-Service,EndDevice-41,Application-41-Service,85500
32753,Application-42,M_Req,missing_destination,67,Application-42-Service,EndDevice-42,Application-42-Service,85500
32755,Application-48,M_Req,missing_destination,73,Application-48-Service,EndDevice-48,Application-48-Service,85500
32756,Application-10,M_Req,missing_destination,35,Application-10-Service,EndDevice-10,Application-10-Service,85500
32759,Application-38,M_Req,missing_destination,63,Application-38-Service,EndDevice-38,Application-38-Service,85500
32762,Application-27,M_Req,missing_destination,52,Application-27-Service,EndDevice-27,Application-27-Service,85500
32763,Application-47,M_Req,missing_destination,72,Application-47-Service,EndDevice-47,Application-47-Service,85500
32765,Application-44,M_Req,missing_destination,69,Application-44-Service,EndDevice-44,Application-44-Service,85500
32766,Application-11,M_Req,missing_destination,36,Application-11-Service,EndDevice-11,Application-11-Service,85500
32769,Application-46,M_Req,missing_destination,71,Application-46-Service,EndDevice-46,Application-46-Service,85500
32770,Application-9,M_Req,missing_destination,34,Application-9-Service,EndDevice-9,Application-9-Service,85500
32807,Application-24,M_Req,missing_destination,49,Application-24-Service,EndDevice-24,Application-24-Service,85700
32818,Application-21,M_Req,missing_destination,46,Application-21-Service,EndDevice-21,Application-21-Service,85700
32819,Application-11,M_Req,missing_destination,36,Application-11-Service,EndDevice-11,Application-11-Service,85700
32826,Application-23,M_Req,missing_destination,48,Application-23-Service,EndDevice-23,Application-23-Service,85700
32828,Application-26,M_Req,missing_destination,51,Application-26-Service,EndDevice-26,Application-26-Service,85700
32836,Application-22,M_Req,missing_destination,47,Application-22-Service,EndDevice-22,Application-22-Service,85700
32843,Application-48,M_Req,missing_destination,73,Application-48-Service,EndDevice-48,Application-48-Service,85700
32844,Application-10,M_Req,missing_destination,35,Application-10-Service,EndDevice-10,Application-10-Service,85700
32854,Application-24,M_Req,missing_destination,49,Application-24-Service,EndDevice-24,Application-24-Service,85800
32864,Application-11,M_Req,missing_destination,36,Application-11-Service,EndDevice-11,Application-11-Service,85800
32871,Application-23,M_Req,missing_destination,48,Application-23-Service,EndDevice-23,Application-23-Service,85800
32873,Application-26,M_Req,missing_destination,51,Application-26-Service,EndDevice-26,Application-26-Service,85800
32923,Application-4,M_Req,missing_destination,29,Application-4-Service,EndDevice-4,Application-4-Service,86000
32929,Application-1,M_Req,missing_destination,26,Application-1-Service,EndDevice-1,Application-1-Service,86000
32939,Application-2,M_Req,missing_destination,27,Application-2-Service,EndDevice-2,Application-2-Service,86000
32942,Application-3,M_Req,missing_destination,28,Application-3-Service,EndDevice-3,Application-3-Service,86000
32952,Application-11,M_Req,missing_destination,36,Application-11-Service,EndDevice-11,Application-11-Service,86000
32958,Application-12,M_Req,missing_destination,37,Application-12-Service,EndDevice-12,Application-12-Service,86100
32971,Application-4,M_Req,missing_destination,29,Application-4-Service,EndDevice-4,Application-4-Service,86100
32977,Application-1,M_Req,missing_destination,26,Application-1-Service,EndDevice-1,Application-1-Service,86100
32987,Application-2,M_Req,missing_destination,27,Application-2-Service,EndDevice-2,Application-2-Service,86100
32990,Application-3,M_Req,missing_destination,28,Application-3-Service,EndDevice-3,Application-3-Service,86100
33000,Application-11,M_Req,missing_destination,36,Application-11-Service,EndDevice-11,Application-11-Service,86100
33006,Application-12,M_Req,missing_destination,37,Application-12-Service,EndDevice-12,Application-12-Service,86200
33031,Application-24,M_Req,missing_destination,49,Application-24-Service,EndDevice-24,Application-24-Service,86300
33033,Application-9,M_Req,missing_destination,34,Application-9-Service,EndDevice-9,Application-9-Service,86300
33047,Application-45,M_Req,missing_destination,70,Application-45-Service,EndDevice-45,Application-45-Service,86300
33050,Application-47,M_Req,missing_destination,72,Application-47-Service,EndDevice-47,Application-47-Service,86300
33054,Application-12,M_Req,missing_destination,37,Application-12-Service,EndDevice-12,Application-12-Service,86300
33055,Application-23,M_Req,missing_destination,48,Application-23-Service,EndDevice-23,Application-23-Service,86300
33058,Application-28,M_Req,missing_destination,53,Application-28-Service,EndDevice-28,Application-28-Service,86300
33079,Application-24,M_Req,missing_destination,49,Application-24-Service,EndDevice-24,Application-24-Service,86400
33091,Application-45,M_Req,missing_destination,70,Application-45-Service,EndDevice-45,Application-45-Service,86400
33094,Application-47,M_Req,missing_destination,72,Application-47-Service,EndDevice-47,Application-47-Service,86400
33098,Application-12,M_Req,missing_destination,37,Application-12-Service,EndDevice-12,Application-12-Service,86400
33101,Application-28,M_Req,missing_destination,53,Application-28-Service,EndDevice-28,Application-28-Service,86400
33139,Application-45,M_Req,missing_destination,70,Application-45-Service,EndDevice-45,Application-45-Service,86500
33142,Application-47,M_Req,missing_destination,72,Application-47-Service,EndDevice-47,Application-47-Service,86500
33156,Application-30,M_Req,missing_destination,55,Application-30-Service,EndDevice-30,Application-30-Service,86600
33165,Application-11,M_Req,missing_destination,36,Application-11-Service,EndDevice-11,Application-11-Service,86600
33172,Application-31,M_Req,missing_destination,56,Application-31-Service,EndDevice-31,Application-31-Service,86600
33177,Application-27,M_Req,missing_destination,52,Application-27-Service,EndDevice-27,Application-27-Service,86600
33179,Application-4,M_Req,missing_destination,29,Application-4-Service,EndDevice-4,Application-4-Service,86600
33180,Application-1,M_Req,missing_destination,26,Application-1-Service,EndDevice-1,Application-1-Service,86600
33181,Application-45,M_Req,missing_destination,70,Application-45-Service,EndDevice-45,Application-45-Service,86600
33183,Application-32,M_Req,missing_destination,57,Application-32-Service,EndDevice-32,Application-32-Service,86600
33187,Application-26,M_Req,missing_destination,51,Application-26-Service,EndDevice-26,Application-26-Service,86700
33188,Application-29,M_Req,missing_destination,54,Application-29-Service,EndDevice-29,Application-29-Service,86700
33189,Application-28,M_Req,missing_destination,53,Application-28-Service,EndDevice-28,Application-28-Service,86700
33204,Application-30,M_Req,missing_destination,55,Application-30-Service,EndDevice-30,Application-30-Service,86700
33213,Application-11,M_Req,missing_destination,36,Application-11-Service,EndDevice-11,Application-11-Service,86700
33220,Application-31,M_Req,missing_destination,56,Application-31-Service,EndDevice-31,Application-31-Service,86700
33225,Application-27,M_Req,missing_destination,52,Application-27-Service,EndDevice-27,Application-27-Service,86700
33227,Application-4,M_Req,missing_destination,29,Application-4-Service,EndDevice-4,Application-4-Service,86700
33228,Application-1,M_Req,missing_destination,26,Application-1-Service,EndDevice-1,Application-1-Service,86700
33229,Application-45,M_Req,missing_destination,70,Application-45-Service,EndDevice-45,Application-45-Service,86700
33231,Application-32,M_Req,missing_destination,57,Application-32-Service,EndDevice-32,Application-32-Service,86700
33235,Application-29,M_Req,missing_destination,54,Application-29-Service,EndDevice-29,Application-29-Service,86800
33248,Application-30,M_Req,missing_destination,55,Application-30-Service,EndDevice-30,Application-30-Service,86800
33260,Application-31,M_Req,missing_destination,56,Application-31-Service,EndDevice-31,Application-31-Service,86900
33270,Application-32,M_Req,missing_destination,57,Application-32-Service,EndDevice-32,Application-32-Service,86900
33272,Application-24,M_Req,missing_destination,49,Application-24-Service,EndDevice-24,Application-24-Service,86900
33277,Application-23,M_Req,missing_destination,48,Application-23-Service,EndDevice-23,Application-23-Service,86900
33283,Application-29,M_Req,missing_destination,54,Application-29-Service,EndDevice-29,Application-29-Service,86900
33296,Application-30,M_Req,missing_destination,55,Application-30-Service,EndDevice-30,Application-30-Service,86900
33308,Application-31,M_Req,missing_destination,56,Application-31-Service,EndDevice-31,Application-31-Service,87000
33316,Application-32,M_Req,missing_destination,57,Application-32-Service,EndDevice-32,Application-32-Service,87000
33318,Application-24,M_Req,missing_destination,49,Application-24-Service,EndDevice-24,Application-24-Service,87000
33321,Application-23,M_Req,missing_destination,48,Application-23-Service,EndDevice-23,Application-23-Service,87000
33326,Application-29,M_Req,missing_destination,54,Application-29-Service,EndDevice-29,Application-29-Service,87000
33374,Application-29,M_Req,missing_destination,54,Application-29-Service,EndDevice-29,Application-29-Service,87100
33386,Application-41,M_Req,missing_destination,66,Application-41-Service,EndDevice-41,Application-41-Service,87200
33388,Application-43,M_Req,missing_destination,68,Application-43-Service,EndDevice-43,Application-43-Service,87200
33391,Application-21,M_Req,missing_destination,46,Application-21-Service,EndDevice-21,Application-21-Service,87200
33392,Application-42,M_Req,missing_destination,67,Application-42-Service,EndDevice-42,Application-42-Service,87200
33395,Application-13,M_Req,missing_destination,38,Application-13-Service,EndDevice-13,Application-13-Service,87200
33396,Application-15,M_Req,missing_destination,40,Application-15-Service,EndDevice-15,Application-15-Service,87200
33406,Application-45,M_Req,missing_destination,70,Application-45-Service,EndDevice-45,Application-45-Service,87200
33416,Application-44,M_Req,missing_destination,69,Application-44-Service,EndDevice-44,Application-44-Service,87300
33434,Application-41,M_Req,missing_destination,66,Application-41-Service,EndDevice-41,Application-41-Service,87300
33436,Application-43,M_Req,missing_destination,68,Application-43-Service,EndDevice-43,Application-43-Service,87300
33439,Application-21,M_Req,missing_destination,46,Application-21-Service,EndDevice-21,Application-21-Service,87300
33440,Application-42,M_Req,missing_destination,67,Application-42-Service,EndDevice-42,Application-42-Service,87300
33443,Application-13,M_Req,missing_destination,38,Application-13-Service,EndDevice-13,Application-13-Service,87300
33444,Application-15,M_Req,missing_destination,40,Application-15-Service,EndDevice-15,Application-15-Service,87300
33454,Application-45,M_Req,missing_destination,70,Application-45-Service,EndDevice-45,Application-45-Service,87300
33483,Application-21,M_Req,missing_destination,46,Application-21-Service,EndDevice-21,Application-21-Service,87400
33487,Application-13,M_Req,missing_destination,38,Application-13-Service,EndDevice-13,Application-13-Service,87400
33488,Application-15,M_Req,missing_destination,40,Application-15-Service,EndDevice-15,Application-15-Service,87400
33497,Application-11,M_Req,missing_destination,36,Application-11-Service,EndDevice-11,Application-11-Service,87500
33509,Application-12,M_Req,missing_destination,37,Application-12-Service,EndDevice-12,Application-12-Service,87500
33510,Application-26,M_Req,missing_destination,51,Application-26-Service,EndDevice-26,Application-26-Service,87500
33511,Application-28,M_Req,missing_destination,53,Application-28-Service,EndDevice-28,Application-28-Service,87500
33514,Application-10,M_Req,missing_destination,35,Application-10-Service,EndDevice-10,Application-10-Service,87500
33515,Application-25,M_Req,missing_destination,50,Application-25-Service,EndDevice-25,Application-25-Service,87500
33531,Application-21,M_Req,missing_destination,46,Application-21-Service,EndDevice-21,Application-21-Service,87500
33533,Application-27,M_Req,missing_destination,52,Application-27-Service,EndDevice-27,Application-27-Service,87500
33535,Application-13,M_Req,missing_destination,38,Application-13-Service,EndDevice-13,Application-13-Service,87500
33536,Application-15,M_Req,missing_destination,40,Application-15-Service,EndDevice-15,Application-15-Service,87500
33537,Application-9,M_Req,missing_destination,34,Application-9-Service,EndDevice-9,Application-9-Service,87500
33544,Application-11,M_Req,missing_destination,36,Application-11-Service,EndDevice-11,Application-11-Service,87600
33552,Application-12,M_Req,missing_destination,37,Application-12-Service,EndDevice-12,Application-12-Service,87600
33553,Application-26,M_Req,missing_destination,51,Application-26-Service,EndDevice-26,Application-26-Service,87600
33554,Application-28,M_Req,missing_destination,53,Application-28-Service,EndDevice-28,Application-28-Service,87600
33557,Application-10,M_Req,missing_destination,35,Application-10-Service,EndDevice-10,Application-10-Service,87600
33558,Application-25,M_Req,missing_destination,50,Application-25-Service,EndDevice-25,Application-25-Service,87600
33616,Application-8,M_Req,missing_destination,33,Application-8-Service,EndDevice-8,Application-8-Service,87800
33618,Application-19,M_Req,missing_destination,44,Application-19-Service,EndDevice-19,Application-19-Service,87800
33627,Application-20,M_Req,missing_destination,45,Application-20-Service,EndDevice-20,Application-20-Service,87800
33633,Application-18,M_Req,missing_destination,43,Application-18-Service,EndDevice-18,Application-18-Service,87800
33634,Application-5,M_Req,missing_destination,30,Application-5-Service,EndDevice-5,Application-5-Service,87800
33642,Application-6,M_Req,missing_destination,31,Application-6-Service,EndDevice-6,Application-6-Service,87800
33644,Application-30,M_Req,missing_destination,55,Application-30-Service,EndDevice-30,Application-30-Service,87800
33647,Application-17,M_Req,missing_destination,42,Application-17-Service,EndDevice-17,Application-17-Service,87900
33650,Application-7,M_Req,missing_destination,32,Application-7-Service,EndDevice-7,Application-7-Service,87900
33664,Application-8,M_Req,missing_destination,33,Application-8-Service,EndDevice-8,Application-8-Service,87900
33666,Application-19,M_Req,missing_destination,44,Application-19-Service,EndDevice-19,Application-19-Service,87900
33675,Application-20,M_Req,missing_destination,45,Application-20-Service,EndDevice-20,Application-20-Service,87900
33681,Application-18,M_Req,missing_destination,43,Application-18-Service,EndDevice-18,Application-18-Service,87900
33682,Application-5,M_Req,missing_destination,30,Application-5-Service,EndDevice-5,Application-5-Service,87900
33690,Application-6,M_Req,missing_destination,31,Application-6-Service,EndDevice-6,Application-6-Service,87900
33692,Application-30,M_Req,missing_destination,55,Application-30-Service,EndDevice-30,Application-30-Service,87900
33722,Application-35,M_Req,missing_destination,60,Application-35-Service,EndDevice-35,Application-35-Service,88100
33731,Application-30,M_Req,missing_destination,55,Application-30-Service,EndDevice-30,Application-30-Service,88100
33744,Application-7,M_Req,missing_destination,32,Application-7-Service,EndDevice-7,Application-7-Service,88100
33746,Application-33,M_Req,missing_destination,58,Application-33-Service,EndDevice-33,Application-33-Service,88100
33754,Application-36,M_Req,missing_destination,61,Application-36-Service,EndDevice-36,Application-36-Service,88100
33756,Application-8,M_Req,missing_destination,33,Application-8-Service,EndDevice-8,Application-8-Service,88100
33760,Application-27,M_Req,missing_destination,52,Application-27-Service,EndDevice-27,Application-27-Service,88100
33768,Application-34,M_Req,missing_destination,59,Application-34-Service,EndDevice-34,Application-34-Service,88100
33770,Application-35,M_Req,missing_destination,60,Application-35-Service,EndDevice-35,Application-35-Service,88200
33779,Application-30,M_Req,missing_destination,55,Application-30-Service,EndDevice-30,Application-30-Service,88200
33845,Application-48,M_Req,missing_destination,73,Application-48-Service,EndDevice-48,Application-48-Service,88400
33854,Application-33,M_Req,missing_destination,58,Application-33-Service,EndDevice-33,Application-33-Service,88400
33855,Application-20,M_Req,missing_destination,45,Application-20-Service,EndDevice-20,Application-20-Service,88400
33859,Application-47,M_Req,missing_destination,72,Application-47-Service,EndDevice-47,Application-47-Service,88400
33873,Application-46,M_Req,missing_destination,71,Application-46-Service,EndDevice-46,Application-46-Service,88400
33875,Application-19,M_Req,missing_destination,44,Application-19-Service,EndDevice-19,Application-19-Service,88400
33879,Application-32,M_Req,missing_destination,57,Application-32-Service,EndDevice-32,Application-32-Service,88500
33880,Application-29,M_Req,missing_destination,54,Application-29-Service,EndDevice-29,Application-29-Service,88500
33893,Application-48,M_Req,missing_destination,73,Application-48-Service,EndDevice-48,Application-48-Service,88500
33902,Application-33,M_Req,missing_destination,58,Application-33-Service,EndDevice-33,Application-33-Service,88500
33903,Application-20,M_Req,missing_destination,45,Application-20-Service,EndDevice-20,Application-20-Service,88500
33907,Application-47,M_Req,missing_destination,72,Application-47-Service,EndDevice-47,Application-47-Service,88500
33921,Application-46,M_Req,missing_destination,71,Application-46-Service,EndDevice-46,Application-46-Service,88500
33923,Application-19,M_Req,missing_destination,44,Application-19-Service,EndDevice-19,Application-19-Service,88500
33927,Application-29,M_Req,missing_destination,54,Application-29-Service,EndDevice-29,Application-29-Service,88600
33945,Application-20,M_Req,missing_destination,45,Application-20-Service,EndDevice-20,Application-20-Service,88600
33951,Application-31,M_Req,missing_destination,56,Application-31-Service,EndDevice-31,Application-31-Service,88700
33957,Application-41,M_Req,missing_destination,66,Application-41-Service,EndDevice-41,Application-41-Service,88700
33958,Application-6,M_Req,missing_destination,31,Application-6-Service,EndDevice-6,Application-6-Service,88700
33967,Application-25,M_Req,missing_destination,50,Application-25-Service,EndDevice-25,Application-25-Service,88700
33968,Application-28,M_Req,missing_destination,53,Application-28-Service,EndDevice-28,Application-28-Service,88700
33971,Application-44,M_Req,missing_destination,69,Application-44-Service,EndDevice-44,Application-44-Service,88700
33975,Application-29,M_Req,missing_destination,54,Application-29-Service,EndDevice-29,Application-29-Service,88700
33981,Application-45,M_Req,missing_destination,70,Application-45-Service,EndDevice-45,Application-45-Service,88700
33982,Application-42,M_Req,missing_destination,67,Application-42-Service,EndDevice-42,Application-42-Service,88700
33986,Application-43,M_Req,missing_destination,68,Application-43-Service,EndDevice-43,Application-43-Service,88700
33989,Application-15,M_Req,missing_destination,40,Application-15-Service,EndDevice-15,Application-15-Service,88700
33992,Application-27,M_Req,missing_destination,52,Application-27-Service,EndDevice-27,Application-27-Service,88700
33993,Application-20,M_Req,missing_destination,45,Application-20-Service,EndDevice-20,Application-20-Service,88700
33994,Application-7,M_Req,missing_destination,32,Application-7-Service,EndDevice-7,Application-7-Service,88700
33995,Application-26,M_Req,missing_destination,51,Application-26-Service,EndDevice-26,Application-26-Service,88700
33998,Application-16,M_Req,missing_destination,41,Application-16-Service,EndDevice-16,Application-16-Service,88700
33999,Application-31,M_Req,missing_destination,56,Application-31-Service,EndDevice-31,Application-31-Service,88800
34003,Application-41,M_Req,missing_destination,66,Application-41-Service,EndDevice-41,Application-41-Service,88800
34011,Application-25,M_Req,missing_destination,50,Application-25-Service,EndDevice-25,Application-25-Service,88800
34012,Application-28,M_Req,missing_destination,53,Application-28-Service,EndDevice-28,Application-28-Service,88800
34015,Application-44,M_Req,missing_destination,69,Application-44-Service,EndDevice-44,Application-44-Service,88800
34019,Application-29,M_Req,missing_destination,54,Application-29-Service,EndDevice-29,Application-29-Service,88800
34024,Application-45,M_Req,missing_destination,70,Application-45-Service,EndDevice-45,Application-45-Service,88800
34047,Application-31,M_Req,missing_destination,56,Application-31-Service,EndDevice-31,Application-31-Service,88900
34059,Application-25,M_Req,missing_destination,50,Application-25-Service,EndDevice-25,Application-25-Service,88900
34060,Application-28,M_Req,missing_destination,53,Application-28-Service,EndDevice-28,Application-28-Service,88900
34067,Application-29,M_Req,missing_destination,54,Application-29-Service,EndDevice-29,Application-29-Service,88900
34072,Application-45,M_Req,missing_destination,70,Application-45-Service,EndDevice-45,Application-45-Service,88900
34081,Application-20,M_Req,missing_destination,45,Application-20-Service,EndDevice-20,Application-20-Service,89000
34085,Application-8,M_Req,missing_destination,33,Application-8-Service,EndDevice-8,Application-8-Service,89000
34089,Application-7,M_Req,missing_destination,32,Application-7-Service,EndDevice-7,Application-7-Service,89000
34092,Application-31,M_Req,missing_destination,56,Application-31-Service,EndDevice-31,Application-31-Service,89000
34099,Application-48,M_Req,missing_destination,73,Application-48-Service,EndDevice-48,Application-48-Service,89000
34101,Application-28,M_Req,missing_destination,53,Application-28-Service,EndDevice-28,Application-28-Service,89000
34103,Application-46,M_Req,missing_destination,71,Application-46-Service,EndDevice-46,Application-46-Service,89000
34111,Application-45,M_Req,missing_destination,70,Application-45-Service,EndDevice-45,Application-45-Service,89100
34129,Application-20,M_Req,missing_destination,45,Application-20-Service,EndDevice-20,Application-20-Service,89100
34133,Application-8,M_Req,missing_destination,33,Application-8-Service,EndDevice-8,Application-8-Service,89100
34137,Application-7,M_Req,missing_destination,32,Application-7-Service,EndDevice-7,Application-7-Service,89100
34140,Application-31,M_Req,missing_destination,56,Application-31-Service,EndDevice-31,Application-31-Service,89100
34147,Application-48,M_Req,missing_destination,73,Application-48-Service,EndDevice-48,Application-48-Service,89100
34149,Application-28,M_Req,missing_destination,53,Application-28-Service,EndDevice-28,Application-28-Service,89100
34151,Application-46,M_Req,missing_destination,71,Application-46-Service,EndDevice-46,Application-46-Service,89100
34175,Application-8,M_Req,missing_destination,33,Application-8-Service,EndDevice-8,Application-8-Service,89200
34178,Application-7,M_Req,missing_destination,32,Application-7-Service,EndDevice-7,Application-7-Service,89200
34185,Application-37,M_Req,missing_destination,62,Application-37-Service,EndDevice-37,Application-37-Service,89300
34192,Application-22,M_Req,missing_destination,47,Application-22-Service,EndDevice-22,Application-22-Service,89300
34194,Application-21,M_Req,missing_destination,46,Application-21-Service,EndDevice-21,Application-21-Service,89300
34199,Application-40,M_Req,missing_destination,65,Application-40-Service,EndDevice-40,Application-40-Service,89300
34204,Application-39,M_Req,missing_destination,64,Application-39-Service,EndDevice-39,Application-39-Service,89300
34207,Application-23,M_Req,missing_destination,48,Application-23-Service,EndDevice-23,Application-23-Service,89300
34209,Application-27,M_Req,missing_destination,52,Application-27-Service,EndDevice-27,Application-27-Service,89300
34211,Application-24,M_Req,missing_destination,49,Application-24-Service,EndDevice-24,Application-24-Service,89300
34221,Application-38,M_Req,missing_destination,63,Application-38-Service,EndDevice-38,Application-38-Service,89300
34222,Application-17,M_Req,missing_destination,42,Application-17-Service,EndDevice-17,Application-17-Service,89300
34223,Application-8,M_Req,missing_destination,33,Application-8-Service,EndDevice-8,Application-8-Service,89300
34225,Application-18,M_Req,missing_destination,43,Application-18-Service,EndDevice-18,Application-18-Service,89300
34226,Application-7,M_Req,missing_destination,32,Application-7-Service,EndDevice-7,Application-7-Service,89300
34232,Application-37,M_Req,missing_destination,62,Application-37-Service,EndDevice-37,Application-37-Service,89400
34238,Application-22,M_Req,missing_destination,47,Application-22-Service,EndDevice-22,Application-22-Service,89400
34239,Application-21,M_Req,missing_destination,46,Application-21-Service,EndDevice-21,Application-21-Service,89400
34242,Application-40,M_Req,missing_destination,65,Application-40-Service,EndDevice-40,Application-40-Service,89400
34250,Application-27,M_Req,missing_destination,52,Application-27-Service,EndDevice-27,Application-27-Service,89400
34252,Application-24,M_Req,missing_destination,49,Application-24-Service,EndDevice-24,Application-24-Service,89400
34286,Application-22,M_Req,missing_destination,47,Application-22-Service,EndDevice-22,Application-22-Service,89500
34287,Application-21,M_Req,missing_destination,46,Application-21-Service,EndDevice-21,Application-21-Service,89500
34298,Application-27,M_Req,missing_destination,52,Application-27-Service,EndDevice-27,Application-27-Service,89500
34300,Application-24,M_Req,missing_destination,49,Application-24-Service,EndDevice-24,Application-24-Service,89500
34309,Application-26,M_Req,missing_destination,51,Application-26-Service,EndDevice-26,Application-26-Service,89600
34313,Application-18,M_Req,missing_destination,43,Application-18-Service,EndDevice-18,Application-18-Service,89600
34316,Application-4,M_Req,missing_destination,29,Application-4-Service,EndDevice-4,Application-4-Service,89600
34330,Application-22,M_Req,missing_destination,47,Application-22-Service,EndDevice-22,Application-22-Service,89600
34333,Application-2,M_Req,missing_destination,27,Application-2-Service,EndDevice-2,Application-2-Service,89700
34338,Application-27,M_Req,missing_destination,52,Application-27-Service,EndDevice-27,Application-27-Service,89700
34341,Application-3,M_Req,missing_destination,28,Application-3-Service,EndDevice-3,Application-3-Service,89700
34343,Application-25,M_Req,missing_destination,50,Application-25-Service,EndDevice-25,Application-25-Service,89700
34357,Application-26,M_Req,missing_destination,51,Application-26-Service,EndDevice-26,Application-26-Service,89700
34361,Application-18,M_Req,missing_destination,43,Application-18-Service,EndDevice-18,Application-18-Service,89700
34364,Application-4,M_Req,missing_destination,29,Application-4-Service,EndDevice-4,Application-4-Service,89700
34378,Application-22,M_Req,missing_destination,47,Application-22-Service,EndDevice-22,Application-22-Service,89700
34387,Application-3,M_Req,missing_destination,28,Application-3-Service,EndDevice-3,Application-3-Service,89800
34403,Application-18,M_Req,missing_destination,43,Application-18-Service,EndDevice-18,Application-18-Service,89800
34405,Application-4,M_Req,missing_destination,29,Application-4-Service,EndDevice-4,Application-4-Service,89800
34416,Application-28,M_Req,missing_destination,53,Application-28-Service,EndDevice-28,Application-28-Service,89900
34425,Application-14,M_Req,missing_destination,39,Application-14-Service,EndDevice-14,Application-14-Service,89900
34435,Application-3,M_Req,missing_destination,28,Application-3-Service,EndDevice-3,Application-3-Service,89900
34440,Application-16,M_Req,missing_destination,41,Application-16-Service,EndDevice-16,Application-16-Service,89900
34441,Application-15,M_Req,missing_destination,40,Application-15-Service,EndDevice-15,Application-15-Service,89900
34442,Application-1,M_Req,missing_destination,26,Application-1-Service,EndDevice-1,Application-1-Service,89900
34443,Application-19,M_Req,missing_destination,44,Application-19-Service,EndDevice-19,Application-19-Service,89900
34446,Application-13,M_Req,missing_destination,38,Application-13-Service,EndDevice-13,Application-13-Service,89900
34448,Application-20,M_Req,missing_destination,45,Application-20-Service,EndDevice-20,Application-20-Service,89900
34451,Application-18,M_Req,missing_destination,43,Application-18-Service,EndDevice-18,Application-18-Service,89900
34453,Application-4,M_Req,missing_destination,29,Application-4-Service,EndDevice-4,Application-4-Service,89900
34478,Application-3,M_Req,missing_destination,28,Application-3-Service,EndDevice-3,Application-3-Service,90000
34483,Application-15,M_Req,missing_destination,40,Application-15-Service,EndDevice-15,Application-15-Service,90000
34484,Application-1,M_Req,missing_destination,26,Application-1-Service,EndDevice-1,Application-1-Service,90000
34485,Application-19,M_Req,missing_destination,44,Application-19-Service,EndDevice-19,Application-19-Service,90000
34526,Application-3,M_Req,missing_destination,28,Application-3-Service,EndDevice-3,Application-3-Service,90100
34540,Application-42,M_Req,missing_destination,67,Application-42-Service,EndDevice-42,Application-42-Service,90200
34544,Application-43,M_Req,missing_destination,68,Application-43-Service,EndDevice-43,Application-43-Service,90200
34548,Application-41,M_Req,missing_destination,66,Application-41-Service,EndDevice-41,Application-41-Service,90200
34549,Application-17,M_Req,missing_destination,42,Application-17-Service,EndDevice-17,Application-17-Service,90200
34571,Application-1,M_Req,missing_destination,26,Application-1-Service,EndDevice-1,Application-1-Service,90300
34572,Application-19,M_Req,missing_destination,44,Application-19-Service,EndDevice-19,Application-19-Service,90300
34588,Application-42,M_Req,missing_destination,67,Application-42-Service,EndDevice-42,Application-42-Service,90300
34592,Application-43,M_Req,missing_destination,68,Application-43-Service,EndDevice-43,Application-43-Service,90300
34596,Application-41,M_Req,missing_destination,66,Application-41-Service,EndDevice-41,Application-41-Service,90300
34597,Application-17,M_Req,missing_destination,42,Application-17-Service,EndDevice-17,Application-17-Service,90300
34619,Application-1,M_Req,missing_destination,26,Application-1-Service,EndDevice-1,Application-1-Service,90400
34620,Application-19,M_Req,missing_destination,44,Application-19-Service,EndDevice-19,Application-19-Service,90400
34647,Application-48,M_Req,missing_destination,73,Application-48-Service,EndDevice-48,Application-48-Service,90500
34653,Application-43,M_Req,missing_destination,68,Application-43-Service,EndDevice-43,Application-43-Service,90500
34656,Application-44,M_Req,missing_destination,69,Application-44-Service,EndDevice-44,Application-44-Service,90500
34659,Application-45,M_Req,missing_destination,70,Application-45-Service,EndDevice-45,Application-45-Service,90500
34663,Application-47,M_Req,missing_destination,72,Application-47-Service,EndDevice-47,Application-47-Service,90500
34667,Application-1,M_Req,missing_destination,26,Application-1-Service,EndDevice-1,Application-1-Service,90500
34668,Application-19,M_Req,missing_destination,44,Application-19-Service,EndDevice-19,Application-19-Service,90500
34679,Application-42,M_Req,missing_destination,67,Application-42-Service,EndDevice-42,Application-42-Service,90500
34681,Application-46,M_Req,missing_destination,71,Application-46-Service,EndDevice-46,Application-46-Service,90500
34686,Application-41,M_Req,missing_destination,66,Application-41-Service,EndDevice-41,Application-41-Service,90500
34687,Application-17,M_Req,missing_destination,42,Application-17-Service,EndDevice-17,Application-17-Service,90500
34694,Application-48,M_Req,missing_destination,73,Application-48-Service,EndDevice-48,Application-48-Service,90600
34702,Application-45,M_Req,missing_destination,70,Application-45-Service,EndDevice-45,Application-45-Service,90600
34709,Application-1,M_Req,missing_destination,26,Application-1-Service,EndDevice-1,Application-1-Service,90600
34710,Application-19,M_Req,missing_destination,44,Application-19-Service,EndDevice-19,Application-19-Service,90600
34742,Application-48,M_Req,missing_destination,73,Application-48-Service,EndDevice-48,Application-48-Service,90700
34750,Application-45,M_Req,missing_destination,70,Application-45-Service,EndDevice-45,Application-45-Service,90700
34757,Application-1,M_Req,missing_destination,26,Application-1-Service,EndDevice-1,Application-1-Service,90700
34758,Application-19,M_Req,missing_destination,44,Application-19-Service,EndDevice-19,Application-19-Service,90700
34770,Application-23,M_Req,missing_destination,48,Application-23-Service,EndDevice-23,Application-23-Service,90800
34772,Application-39,M_Req,missing_destination,64,Application-39-Service,EndDevice-39,Application-39-Service,90800
34773,Application-38,M_Req,missing_destination,63,Application-38-Service,EndDevice-38,Application-38-Service,90800
34777,Application-17,M_Req,missing_destination,42,Application-17-Service,EndDevice-17,Application-17-Service,90800
34787,Application-37,M_Req,missing_destination,62,Application-37-Service,EndDevice-37,Application-37-Service,90800
34790,Application-40,M_Req,missing_destination,65,Application-40-Service,EndDevice-40,Application-40-Service,90800
34799,Application-21,M_Req,missing_destination,46,Application-21-Service,EndDevice-21,Application-21-Service,90900
34801,Application-22,M_Req,missing_destination,47,Application-22-Service,EndDevice-22,Application-22-Service,90900
34818,Application-23,M_Req,missing_destination,48,Application-23-Service,EndDevice-23,Application-23-Service,90900
34820,Application-39,M_Req,missing_destination,64,Application-39-Service,EndDevice-39,Application-39-Service,90900
34821,Application-38,M_Req,missing_destination,63,Application-38-Service,EndDevice-38,Application-38-Service,90900
34825,Application-17,M_Req,missing_destination,42,Application-17-Service,EndDevice-17,Application-17-Service,90900
34835,Application-37,M_Req,missing_destination,62,Application-37-Service,EndDevice-37,Application-37-Service,90900
34838,Application-40,M_Req,missing_destination,65,Application-40-Service,EndDevice-40,Application-40-Service,90900
34863,Application-39,M_Req,missing_destination,64,Application-39-Service,EndDevice-39,Application-39-Service,91000
34871,Application-33,M_Req,missing_destination,58,Application-33-Service,EndDevice-33,Application-33-Service,91100
34877,Application-40,M_Req,missing_destination,65,Application-40-Service,EndDevice-40,Application-40-Service,91100
34879,Application-36,M_Req,missing_destination,61,Application-36-Service,EndDevice-36,Application-36-Service,91100
34881,Application-31,M_Req,missing_destination,56,Application-31-Service,EndDevice-31,Application-31-Service,91100
34882,Application-38,M_Req,missing_destination,63,Application-38-Service,EndDevice-38,Application-38-Service,91100
34887,Application-29,M_Req,missing_destination,54,Application-29-Service,EndDevice-29,Application-29-Service,91100
34890,Application-34,M_Req,missing_destination,59,Application-34-Service,EndDevice-34,Application-34-Service,91100
34899,Application-35,M_Req,missing_destination,60,Application-35-Service,EndDevice-35,Application-35-Service,91100
34910,Application-30,M_Req,missing_destination,55,Application-30-Service,EndDevice-30,Application-30-Service,91100
34911,Application-39,M_Req,missing_destination,64,Application-39-Service,EndDevice-39,Application-39-Service,91100
34912,Application-41,M_Req,missing_destination,66,Application-41-Service,EndDevice-41,Application-41-Service,91100
34916,Application-44,M_Req,missing_destination,69,Application-44-Service,EndDevice-44,Application-44-Service,91100
34918,Application-32,M_Req,missing_destination,57,Application-32-Service,EndDevice-32,Application-32-Service,91100
34923,Application-40,M_Req,missing_destination,65,Application-40-Service,EndDevice-40,Application-40-Service,91200
34925,Application-36,M_Req,missing_destination,61,Application-36-Service,EndDevice-36,Application-36-Service,91200
34926,Application-31,M_Req,missing_destination,56,Application-31-Service,EndDevice-31,Application-31-Service,91200
34931,Application-34,M_Req,missing_destination,59,Application-34-Service,EndDevice-34,Application-34-Service,91200
34939,Application-35,M_Req,missing_destination,60,Application-35-Service,EndDevice-35,Application-35-Service,91200
34971,Application-40,M_Req,missing_destination,65,Application-40-Service,EndDevice-40,Application-40-Service,91300
34973,Application-36,M_Req,missing_destination,61,Application-36-Service,EndDevice-36,Application-36-Service,91300
34979,Application-34,M_Req,missing_destination,59,Application-34-Service,EndDevice-34,Application-34-Service,91300
34987,Application-35,M_Req,missing_destination,60,Application-35-Service,EndDevice-35,Application-35-Service,91300
34993,Application-20,M_Req,missing_destination,45,Application-20-Service,EndDevice-20,Application-20-Service,91400
34994,Application-18,M_Req,missing_destination,43,Application-18-Service,EndDevice-18,Application-18-Service,91400
34995,Application-4,M_Req,missing_destination,29,Application-4-Service,EndDevice-4,Application-4-Service,91400
34999,Application-28,M_Req,missing_destination,53,Application-28-Service,EndDevice-28,Application-28-Service,91400
35000,Application-17,M_Req,missing_destination,42,Application-17-Service,EndDevice-17,Application-17-Service,91400
35006,Application-1,M_Req,missing_destination,26,Application-1-Service,EndDevice-1,Application-1-Service,91400
35008,Application-3,M_Req,missing_destination,28,Application-3-Service,EndDevice-3,Application-3-Service,91400
35010,Application-38,M_Req,missing_destination,63,Application-38-Service,EndDevice-38,Application-38-Service,91400
35011,Application-27,M_Req,missing_destination,52,Application-27-Service,EndDevice-27,Application-27-Service,91400
35013,Application-2,M_Req,missing_destination,27,Application-2-Service,EndDevice-2,Application-2-Service,91400
35014,Application-26,M_Req,missing_destination,51,Application-26-Service,EndDevice-26,Application-26-Service,91400
35021,Application-34,M_Req,missing_destination,59,Application-34-Service,EndDevice-34,Application-34-Service,91500
35026,Application-25,M_Req,missing_destination,50,Application-25-Service,EndDevice-25,Application-25-Service,91500
35041,Application-20,M_Req,missing_destination,45,Application-20-Service,EndDevice-20,Application-20-Service,91500
35042,Application-18,M_Req,missing_destination,43,Application-18-Service,EndDevice-18,Application-18-Service,91500
35043,Application-4,M_Req,missing_destination,29,Application-4-Service,EndDevice-4,Application-4-Service,91500
35047,Application-28,M_Req,missing_destination,53,Application-28-Service,EndDevice-28,Application-28-Service,91500
35048,Application-17,M_Req,missing_destination,42,Application-17-Service,EndDevice-17,Application-17-Service,91500
35054,Application-1,M_Req,missing_destination,26,Application-1-Service,EndDevice-1,Application-1-Service,91500
35056,Application-3,M_Req,missing_destination,28,Application-3-Service,EndDevice-3,Application-3-Service,91500
35058,Application-38,M_Req,missing_destination,63,Application-38-Service,EndDevice-38,Application-38-Service,91500
35059,Application-27,M_Req,missing_destination,52,Application-27-Service,EndDevice-27,Application-27-Service,91500
35061,Application-2,M_Req,missing_destination,27,Application-2-Service,EndDevice-2,Application-2-Service,91500
35062,Application-26,M_Req,missing_destination,51,Application-26-Service,EndDevice-26,Application-26-Service,91500
35069,Application-34,M_Req,missing_destination,59,Application-34-Service,EndDevice-34,Application-34-Service,91600
35084,Application-20,M_Req,missing_destination,45,Application-20-Service,EndDevice-20,Application-20-Service,91600
35085,Application-18,M_Req,missing_destination,43,Application-18-Service,EndDevice-18,Application-18-Service,91600
35086,Application-4,M_Req,missing_destination,29,Application-4-Service,EndDevice-4,Application-4-Service,91600
35089,Application-28,M_Req,missing_destination,53,Application-28-Service,EndDevice-28,Application-28-Service,91600
35090,Application-17,M_Req,missing_destination,42,Application-17-Service,EndDevice-17,Application-17-Service,91600
35096,Application-1,M_Req,missing_destination,26,Application-1-Service,EndDevice-1,Application-1-Service,91600
35098,Application-3,M_Req,missing_destination,28,Application-3-Service,EndDevice-3,Application-3-Service,91600
35100,Application-38,M_Req,missing_destination,63,Application-38-Service,EndDevice-38,Application-38-Service,91600
35101,Application-27,M_Req,missing_destination,52,Application-27-Service,EndDevice-27,Application-27-Service,91600
35102,Application-2,M_Req,missing_destination,27,Application-2-Service,EndDevice-2,Application-2-Service,91700
35104,Application-31,M_Req,missing_destination,56,Application-31-Service,EndDevice-31,Application-31-Service,91700
35109,Application-30,M_Req,missing_destination,55,Application-30-Service,EndDevice-30,Application-30-Service,91700
35114,Application-11,M_Req,missing_destination,36,Application-11-Service,EndDevice-11,Application-11-Service,91700
35117,Application-34,M_Req,missing_destination,59,Application-34-Service,EndDevice-34,Application-34-Service,91700
35123,Application-12,M_Req,missing_destination,37,Application-12-Service,EndDevice-12,Application-12-Service,91700
35129,Application-29,M_Req,missing_destination,54,Application-29-Service,EndDevice-29,Application-29-Service,91700
35130,Application-9,M_Req,missing_destination,34,Application-9-Service,EndDevice-9,Application-9-Service,91700
35132,Application-20,M_Req,missing_destination,45,Application-20-Service,EndDevice-20,Application-20-Service,91700
35133,Application-18,M_Req,missing_destination,43,Application-18-Service,EndDevice-18,Application-18-Service,91700
35134,Application-4,M_Req,missing_destination,29,Application-4-Service,EndDevice-4,Application-4-Service,91700
35137,Application-28,M_Req,missing_destination,53,Application-28-Service,EndDevice-28,Application-28-Service,91700
35138,Application-17,M_Req,missing_destination,42,Application-17-Service,EndDevice-17,Application-17-Service,91700
35143,Application-10,M_Req,missing_destination,35,Application-10-Service,EndDevice-10,Application-10-Service,91700
35144,Application-1,M_Req,missing_destination,26,Application-1-Service,EndDevice-1,Application-1-Service,91700
35146,Application-3,M_Req,missing_destination,28,Application-3-Service,EndDevice-3,Application-3-Service,91700
35148,Application-38,M_Req,missing_destination,63,Application-38-Service,EndDevice-38,Application-38-Service,91700
35149,Application-27,M_Req,missing_destination,52,Application-27-Service,EndDevice-27,Application-27-Service,91700
35150,Application-2,M_Req,missing_destination,27,Application-2-Service,EndDevice-2,Application-2-Service,91800
35151,Application-31,M_Req,missing_destination,56,Application-31-Service,EndDevice-31,Application-31-Service,91800
35155,Application-30,M_Req,missing_destination,55,Application-30-Service,EndDevice-30,Application-30-Service,91800
35160,Application-11,M_Req,missing_destination,36,Application-11-Service,EndDevice-11,Application-11-Service,91800
35163,Application-34,M_Req,missing_destination,59,Application-34-Service,EndDevice-34,Application-34-Service,91800
35172,Application-29,M_Req,missing_destination,54,Application-29-Service,EndDevice-29,Application-29-Service,91800
35199,Application-31,M_Req,missing_destination,56,Application-31-Service,EndDevice-31,Application-31-Service,91900
35203,Application-30,M_Req,missing_destination,55,Application-30-Service,EndDevice-30,Application-30-Service,91900
35211,Application-34,M_Req,missing_destination,59,Application-34-Service,EndDevice-34,Application-34-Service,91900
35220,Application-29,M_Req,missing_destination,54,Application-29-Service,EndDevice-29,Application-29-Service,91900
35222,Application-18,M_Req,missing_destination,43,Application-18-Service,EndDevice-18,Application-18-Service,92000
35225,Application-28,M_Req,missing_destination,53,Application-28-Service,EndDevice-28,Application-28-Service,92000
35226,Application-17,M_Req,missing_destination,42,Application-17-Service,EndDevice-17,Application-17-Service,92000
35227,Application-47,M_Req,missing_destination,72,Application-47-Service,EndDevice-47,Application-47-Service,92000
35231,Application-10,M_Req,missing_destination,35,Application-10-Service,EndDevice-10,Application-10-Service,92000
35233,Application-45,M_Req,missing_destination,70,Application-45-Service,EndDevice-45,Application-45-Service,92000
35237,Application-20,M_Req,missing_destination,45,Application-20-Service,EndDevice-20,Application-20-Service,92000
35252,Application-19,M_Req,missing_destination,44,Application-19-Service,EndDevice-19,Application-19-Service,92100
35255,Application-48,M_Req,missing_destination,73,Application-48-Service,EndDevice-48,Application-48-Service,92100
35270,Application-18,M_Req,missing_destination,43,Application-18-Service,EndDevice-18,Application-18-Service,92100
35273,Application-28,M_Req,missing_destination,53,Application-28-Service,EndDevice-28,Application-28-Service,92100
35274,Application-17,M_Req,missing_destination,42,Application-17-Service,EndDevice-17,Application-17-Service,92100
35275,Application-47,M_Req,missing_destination,72,Application-47-Service,EndDevice-47,Application-47-Service,92100
35279,Application-10,M_Req,missing_destination,35,Application-10-Service,EndDevice-10,Application-10-Service,92100
35281,Application-45,M_Req,missing_destination,70,Application-45-Service,EndDevice-45,Application-45-Service,92100
35285,Application-20,M_Req,missing_destination,45,Application-20-Service,EndDevice-20,Application-20-Service,92100
35302,Application-48,M_Req,missing_destination,73,Application-48-Service,EndDevice-48,Application-48-Service,92200
35318,Application-47,M_Req,missing_destination,72,Application-47-Service,EndDevice-47,Application-47-Service,92200
35323,Application-45,M_Req,missing_destination,70,Application-45-Service,EndDevice-45,Application-45-Service,92200
35334,Application-13,M_Req,missing_destination,38,Application-13-Service,EndDevice-13,Application-13-Service,92300
35335,Application-14,M_Req,missing_destination,39,Application-14-Service,EndDevice-14,Application-14-Service,92300
35337,Application-11,M_Req,missing_destination,36,Application-11-Service,EndDevice-11,Application-11-Service,92300
35343,Application-10,M_Req,missing_destination,35,Application-10-Service,EndDevice-10,Application-10-Service,92300
35349,Application-16,M_Req,missing_destination,41,Application-16-Service,EndDevice-16,Application-16-Service,92300
35350,Application-48,M_Req,missing_destination,73,Application-48-Service,EndDevice-48,Application-48-Service,92300
35360,Application-15,M_Req,missing_destination,40,Application-15-Service,EndDevice-15,Application-15-Service,92300
35366,Application-47,M_Req,missing_destination,72,Application-47-Service,EndDevice-47,Application-47-Service,92300
35369,Application-32,M_Req,missing_destination,57,Application-32-Service,EndDevice-32,Application-32-Service,92300
35371,Application-45,M_Req,missing_destination,70,Application-45-Service,EndDevice-45,Application-45-Service,92300
35376,Application-9,M_Req,missing_destination,34,Application-9-Service,EndDevice-9,Application-9-Service,92300
35381,Application-13,M_Req,missing_destination,38,Application-13-Service,EndDevice-13,Application-13-Service,92400
35383,Application-11,M_Req,missing_destination,36,Application-11-Service,EndDevice-11,Application-11-Service,92400
35388,Application-10,M_Req,missing_destination,35,Application-10-Service,EndDevice-10,Application-10-Service,92400
35392,Application-16,M_Req,missing_destination,41,Application-16-Service,EndDevice-16,Application-16-Service,92400
35393,Application-48,M_Req,missing_destination,73,Application-48-Service,EndDevice-48,Application-48-Service,92400
35400,Application-15,M_Req,missing_destination,40,Application-15-Service,EndDevice-15,Application-15-Service,92400
35429,Application-13,M_Req,missing_destination,38,Application-13-Service,EndDevice-13,Application-13-Service,92500
35440,Application-16,M_Req,missing_destination,41,Application-16-Service,EndDevice-16,Application-16-Service,92500
35448,Application-15,M_Req,missing_destination,40,Application-15-Service,EndDevice-15,Application-15-Service,92500
35463,Application-33,M_Req,missing_destination,58,Application-33-Service,EndDevice-33,Application-33-Service,92600
35473,Application-13,M_Req,missing_destination,38,Application-13-Service,EndDevice-13,Application-13-Service,92600
35475,Application-11,M_Req,missing_destination,36,Application-11-Service,EndDevice-11,Application-11-Service,92600
35478,Application-10,M_Req,missing_destination,35,Application-10-Service,EndDevice-10,Application-10-Service,92600
35479,Application-34,M_Req,missing_destination,59,Application-34-Service,EndDevice-34,Application-34-Service,92600
35511,Application-33,M_Req,missing_destination,58,Application-33-Service,EndDevice-33,Application-33-Service,92700
35521,Application-13,M_Req,missing_destination,38,Application-13-Service,EndDevice-13,Application-13-Service,92700
35523,Application-11,M_Req,missing_destination,36,Application-11-Service,EndDevice-11,Application-11-Service,92700
35526,Application-10,M_Req,missing_destination,35,Application-10-Service,EndDevice-10,Application-10-Service,92700
35527,Application-34,M_Req,missing_destination,59,Application-34-Service,EndDevice-34,Application-34-Service,92700
35564,Application-23,M_Req,missing_destination,48,Application-23-Service,EndDevice-23,Application-23-Service,92900
35568,Application-22,M_Req,missing_destination,47,Application-22-Service,EndDevice-22,Application-22-Service,92900
35582,Application-46,M_Req,missing_destination,71,Application-46-Service,EndDevice-46,Application-46-Service,92900
35583,Application-48,M_Req,missing_destination,73,Application-48-Service,EndDevice-48,Application-48-Service,92900
35584,Application-15,M_Req,missing_destination,40,Application-15-Service,EndDevice-15,Application-15-Service,92900
35586,Application-36,M_Req,missing_destination,61,Application-36-Service,EndDevice-36,Application-36-Service,92900
35605,Application-21,M_Req,missing_destination,46,Application-21-Service,EndDevice-21,Application-21-Service,92900
35607,Application-14,M_Req,missing_destination,39,Application-14-Service,EndDevice-14,Application-14-Service,92900
35610,Application-24,M_Req,missing_destination,49,Application-24-Service,EndDevice-24,Application-24-Service,92900
35612,Application-23,M_Req,missing_destination,48,Application-23-Service,EndDevice-23,Application-23-Service,93000
35615,Application-22,M_Req,missing_destination,47,Application-22-Service,EndDevice-22,Application-22-Service,93000
35627,Application-46,M_Req,missing_destination,71,Application-46-Service,EndDevice-46,Application-46-Service,93000
35628,Application-48,M_Req,missing_destination,73,Application-48-Service,EndDevice-48,Application-48-Service,93000
35629,Application-15,M_Req,missing_destination,40,Application-15-Service,EndDevice-15,Application-15-Service,93000
35675,Application-46,M_Req,missing_destination,71,Application-46-Service,EndDevice-46,Application-46-Service,93100
35676,Application-48,M_Req,missing_destination,73,Application-48-Service,EndDevice-48,Application-48-Service,93100
35685,Application-47,M_Req,missing_destination,72,Application-47-Service,EndDevice-47,Application-47-Service,93200
35690,Application-20,M_Req,missing_destination,45,Application-20-Service,EndDevice-20,Application-20-Service,93200
35691,Application-9,M_Req,missing_destination,34,Application-9-Service,EndDevice-9,Application-9-Service,93200
35692,Application-19,M_Req,missing_destination,44,Application-19-Service,EndDevice-19,Application-19-Service,93200
35698,Application-36,M_Req,missing_destination,61,Application-36-Service,EndDevice-36,Application-36-Service,93200
35705,Application-12,M_Req,missing_destination,37,Application-12-Service,EndDevice-12,Application-12-Service,93200
35709,Application-10,M_Req,missing_destination,35,Application-10-Service,EndDevice-10,Application-10-Service,93200
35711,Application-11,M_Req,missing_destination,36,Application-11-Service,EndDevice-11,Application-11-Service,93200
35733,Application-47,M_Req,missing_destination,72,Application-47-Service,EndDevice-47,Application-47-Service,93300
35738,Application-20,M_Req,missing_destination,45,Application-20-Service,EndDevice-20,Application-20-Service,93300
35739,Application-9,M_Req,missing_destination,34,Application-9-Service,EndDevice-9,Application-9-Service,93300
35740,Application-19,M_Req,missing_destination,44,Application-19-Service,EndDevice-19,Application-19-Service,93300
35746,Application-36,M_Req,missing_destination,61,Application-36-Service,EndDevice-36,Application-36-Service,93300
35753,Application-12,M_Req,missing_destination,37,Application-12-Service,EndDevice-12,Application-12-Service,93300
35757,Application-10,M_Req,missing_destination,35,Application-10-Service,EndDevice-10,Application-10-Service,93300
35759,Application-11,M_Req,missing_destination,36,Application-11-Service,EndDevice-11,Application-11-Service,93300
35784,Application-19,M_Req,missing_destination,44,Application-19-Service,EndDevice-19,Application-19-Service,93400
35793,Application-23,M_Req,missing_destination,48,Application-23-Service,EndDevice-23,Application-23-Service,93500
35796,Application-30,M_Req,missing_destination,55,Application-30-Service,EndDevice-30,Application-30-Service,93500
35797,Application-33,M_Req,missing_destination,58,Application-33-Service,EndDevice-33,Application-33-Service,93500
35803,Application-35,M_Req,missing_destination,60,Application-35-Service,EndDevice-35,Application-35-Service,93500
35811,Application-46,M_Req,missing_destination,71,Application-46-Service,EndDevice-46,Application-46-Service,93500
35816,Application-34,M_Req,missing_destination,59,Application-34-Service,EndDevice-34,Application-34-Service,93500
35822,Application-22,M_Req,missing_destination,47,Application-22-Service,EndDevice-22,Application-22-Service,93500
35832,Application-19,M_Req,missing_destination,44,Application-19-Service,EndDevice-19,Application-19-Service,93500
35841,Application-23,M_Req,missing_destination,48,Application-23-Service,EndDevice-23,Application-23-Service,93600
35848,Application-35,M_Req,missing_destination,60,Application-35-Service,EndDevice-35,Application-35-Service,93600
35855,Application-46,M_Req,missing_destination,71,Application-46-Service,EndDevice-46,Application-46-Service,93600
35860,Application-34,M_Req,missing_destination,59,Application-34-Service,EndDevice-34,Application-34-Service,93600
35864,Application-22,M_Req,missing_destination,47,Application-22-Service,EndDevice-22,Application-22-Service,93600
35914,Application-4,M_Req,missing_destination,29,Application-4-Service,EndDevice-4,Application-4-Service,93800
35923,Application-36,M_Req,missing_destination,61,Application-36-Service,EndDevice-36,Application-36-Service,93800
35934,Application-2,M_Req,missing_destination,27,Application-2-Service,EndDevice-2,Application-2-Service,93800
35937,Application-35,M_Req,missing_destination,60,Application-35-Service,EndDevice-35,Application-35-Service,93800
35943,Application-31,M_Req,missing_destination,56,Application-31-Service,EndDevice-31,Application-31-Service,93900
35948,Application-34,M_Req,missing_destination,59,Application-34-Service,EndDevice-34,Application-34-Service,93900
35952,Application-3,M_Req,missing_destination,28,Application-3-Service,EndDevice-3,Application-3-Service,93900
35962,Application-4,M_Req,missing_destination,29,Application-4-Service,EndDevice-4,Application-4-Service,93900
35971,Application-36,M_Req,missing_destination,61,Application-36-Service,EndDevice-36,Application-36-Service,93900
35982,Application-2,M_Req,missing_destination,27,Application-2-Service,EndDevice-2,Application-2-Service,93900
35985,Application-35,M_Req,missing_destination,60,Application-35-Service,EndDevice-35,Application-35-Service,93900
36034,Application-41,M_Req,missing_destination,66,Application-41-Service,EndDevice-41,Application-41-Service,94100
36036,Application-43,M_Req,missing_destination,68,Application-43-Service,EndDevice-43,Application-43-Service,94100
36042,Application-44,M_Req,missing_destination,69,Application-44-Service,EndDevice-44,Application-44-Service,94100
36044,Application-42,M_Req,missing_destination,67,Application-42-Service,EndDevice-42,Application-42-Service,94100
36079,Application-41,M_Req,missing_destination,66,Application-41-Service,EndDevice-41,Application-41-Service,94200
36085,Application-44,M_Req,missing_destination,69,Application-44-Service,EndDevice-44,Application-44-Service,94200
36150,Application-36,M_Req,missing_destination,61,Application-36-Service,EndDevice-36,Application-36-Service,94400
36153,Application-18,M_Req,missing_destination,43,Application-18-Service,EndDevice-18,Application-18-Service,94400
36164,Application-13,M_Req,missing_destination,38,Application-13-Service,EndDevice-13,Application-13-Service,94400
36166,Application-15,M_Req,missing_destination,40,Application-15-Service,EndDevice-15,Application-15-Service,94400
36175,Application-14,M_Req,missing_destination,39,Application-14-Service,EndDevice-14,Application-14-Service,94500
36182,Application-17,M_Req,missing_destination,42,Application-17-Service,EndDevice-17,Application-17-Service,94500
36198,Application-36,M_Req,missing_destination,61,Application-36-Service,EndDevice-36,Application-36-Service,94500
36201,Application-18,M_Req,missing_destination,43,Application-18-Service,EndDevice-18,Application-18-Service,94500
36212,Application-13,M_Req,missing_destination,38,Application-13-Service,EndDevice-13,Application-13-Service,94500
36214,Application-15,M_Req,missing_destination,40,Application-15-Service,EndDevice-15,Application-15-Service,94500
36222,Application-14,M_Req,missing_destination,39,Application-14-Service,EndDevice-14,Application-14-Service,94600
36241,Application-36,M_Req,missing_destination,61,Application-36-Service,EndDevice-36,Application-36-Service,94600
36244,Application-18,M_Req,missing_destination,43,Application-18-Service,EndDevice-18,Application-18-Service,94600
36252,Application-10,M_Req,missing_destination,35,Application-10-Service,EndDevice-10,Application-10-Service,94700
36258,Application-34,M_Req,missing_destination,59,Application-34-Service,EndDevice-34,Application-34-Service,94700
36260,Application-19,M_Req,missing_destination,44,Application-19-Service,EndDevice-19,Application-19-Service,94700
36262,Application-12,M_Req,missing_destination,37,Application-12-Service,EndDevice-12,Application-12-Service,94700
36263,Application-17,M_Req,missing_destination,42,Application-17-Service,EndDevice-17,Application-17-Service,94700
36266,Application-13,M_Req,missing_destination,38,Application-13-Service,EndDevice-13,Application-13-Service,94700
36270,Application-14,M_Req,missing_destination,39,Application-14-Service,EndDevice-14,Application-14-Service,94700
36286,Application-9,M_Req,missing_destination,34,Application-9-Service,EndDevice-9,Application-9-Service,94700
36289,Application-36,M_Req,missing_destination,61,Application-36-Service,EndDevice-36,Application-36-Service,94700
36292,Application-18,M_Req,missing_destination,43,Application-18-Service,EndDevice-18,Application-18-Service,94700
36293,Application-11,M_Req,missing_destination,36,Application-11-Service,EndDevice-11,Application-11-Service,94700
36298,Application-32,M_Req,missing_destination,57,Application-32-Service,EndDevice-32,Application-32-Service,94700
36304,Application-34,M_Req,missing_destination,59,Application-34-Service,EndDevice-34,Application-34-Service,94800
36307,Application-12,M_Req,missing_destination,37,Application-12-Service,EndDevice-12,Application-12-Service,94800
36308,Application-17,M_Req,missing_destination,42,Application-17-Service,EndDevice-17,Application-17-Service,94800
36310,Application-13,M_Req,missing_destination,38,Application-13-Service,EndDevice-13,Application-13-Service,94800
36313,Application-14,M_Req,missing_destination,39,Application-14-Service,EndDevice-14,Application-14-Service,94800
36352,Application-34,M_Req,missing_destination,59,Application-34-Service,EndDevice-34,Application-34-Service,94900
36355,Application-12,M_Req,missing_destination,37,Application-12-Service,EndDevice-12,Application-12-Service,94900
36376,Application-24,M_Req,missing_destination,49,Application-24-Service,EndDevice-24,Application-24-Service,95000
36378,Application-30,M_Req,missing_destination,55,Application-30-Service,EndDevice-30,Application-30-Service,95000
36380,Application-21,M_Req,missing_destination,46,Application-21-Service,EndDevice-21,Application-21-Service,95000
36383,Application-32,M_Req,missing_destination,57,Application-32-Service,EndDevice-32,Application-32-Service,95000
36386,Application-11,M_Req,missing_destination,36,Application-11-Service,EndDevice-11,Application-11-Service,95000
36391,Application-15,M_Req,missing_destination,40,Application-15-Service,EndDevice-15,Application-15-Service,95000
36394,Application-34,M_Req,missing_destination,59,Application-34-Service,EndDevice-34,Application-34-Service,95000
36396,Application-12,M_Req,missing_destination,37,Application-12-Service,EndDevice-12,Application-12-Service,95000
36407,Application-29,M_Req,missing_destination,54,Application-29-Service,EndDevice-29,Application-29-Service,95100
36409,Application-31,M_Req,missing_destination,56,Application-31-Service,EndDevice-31,Application-31-Service,95100
36411,Application-22,M_Req,missing_destination,47,Application-22-Service,EndDevice-22,Application-22-Service,95100
36424,Application-24,M_Req,missing_destination,49,Application-24-Service,EndDevice-24,Application-24-Service,95100
36426,Application-30,M_Req,missing_destination,55,Application-30-Service,EndDevice-30,Application-30-Service,95100
36428,Application-21,M_Req,missing_destination,46,Application-21-Service,EndDevice-21,Application-21-Service,95100
36431,Application-32,M_Req,missing_destination,57,Application-32-Service,EndDevice-32,Application-32-Service,95100
36434,Application-11,M_Req,missing_destination,36,Application-11-Service,EndDevice-11,Application-11-Service,95100
36439,Application-15,M_Req,missing_destination,40,Application-15-Service,EndDevice-15,Application-15-Service,95100
36442,Application-34,M_Req,missing_destination,59,Application-34-Service,EndDevice-34,Application-34-Service,95100
36444,Application-12,M_Req,missing_destination,37,Application-12-Service,EndDevice-12,Application-12-Service,95100
36453,Application-29,M_Req,missing_destination,54,Application-29-Service,EndDevice-29,Application-29-Service,95200
36455,Application-31,M_Req,missing_destination,56,Application-31-Service,EndDevice-31,Application-31-Service,95200
36468,Application-30,M_Req,missing_destination,55,Application-30-Service,EndDevice-30,Application-30-Service,95200
36472,Application-32,M_Req,missing_destination,57,Application-32-Service,EndDevice-32,Application-32-Service,95200
36488,Application-21,M_Req,missing_destination,46,Application-21-Service,EndDevice-21,Application-21-Service,95300
36493,Application-8,M_Req,missing_destination,33,Application-8-Service,EndDevice-8,Application-8-Service,95300
36501,Application-29,M_Req,missing_destination,54,Application-29-Service,EndDevice-29,Application-29-Service,95300
36502,Application-5,M_Req,missing_destination,30,Application-5-Service,EndDevice-5,Application-5-Service,95300
36503,Application-31,M_Req,missing_destination,56,Application-31-Service,EndDevice-31,Application-31-Service,95300
36505,Application-22,M_Req,missing_destination,47,Application-22-Service,EndDevice-22,Application-22-Service,95300
36506,Application-10,M_Req,missing_destination,35,Application-10-Service,EndDevice-10,Application-10-Service,95300
36510,Application-7,M_Req,missing_destination,32,Application-7-Service,EndDevice-7,Application-7-Service,95300
36515,Application-24,M_Req,missing_destination,49,Application-24-Service,EndDevice-24,Application-24-Service,95300
36516,Application-30,M_Req,missing_destination,55,Application-30-Service,EndDevice-30,Application-30-Service,95300
36519,Application-6,M_Req,missing_destination,31,Application-6-Service,EndDevice-6,Application-6-Service,95300
36520,Application-32,M_Req,missing_destination,57,Application-32-Service,EndDevice-32,Application-32-Service,95300
36521,Application-20,M_Req,missing_destination,45,Application-20-Service,EndDevice-20,Application-20-Service,95300
36523,Application-11,M_Req,missing_destination,36,Application-11-Service,EndDevice-11,Application-11-Service,95300
36537,Application-8,M_Req,missing_destination,33,Application-8-Service,EndDevice-8,Application-8-Service,95400
36544,Application-29,M_Req,missing_destination,54,Application-29-Service,EndDevice-29,Application-29-Service,95400
36545,Application-5,M_Req,missing_destination,30,Application-5-Service,EndDevice-5,Application-5-Service,95400
36546,Application-31,M_Req,missing_destination,56,Application-31-Service,EndDevice-31,Application-31-Service,95400
36548,Application-22,M_Req,missing_destination,47,Application-22-Service,EndDevice-22,Application-22-Service,95400
36552,Application-7,M_Req,missing_destination,32,Application-7-Service,EndDevice-7,Application-7-Service,95400
36585,Application-8,M_Req,missing_destination,33,Application-8-Service,EndDevice-8,Application-8-Service,95500
36593,Application-5,M_Req,missing_destination,30,Application-5-Service,EndDevice-5,Application-5-Service,95500
36600,Application-7,M_Req,missing_destination,32,Application-7-Service,EndDevice-7,Application-7-Service,95500
36605,Application-47,M_Req,missing_destination,72,Application-47-Service,EndDevice-47,Application-47-Service,95600
36606,Application-45,M_Req,missing_destination,70,Application-45-Service,EndDevice-45,Application-45-Service,95600
36626,Application-8,M_Req,missing_destination,33,Application-8-Service,EndDevice-8,Application-8-Service,95600
36629,Application-46,M_Req,missing_destination,71,Application-46-Service,EndDevice-46,Application-46-Service,95700
36636,Application-22,M_Req,missing_destination,47,Application-22-Service,EndDevice-22,Application-22-Service,95700
36639,Application-23,M_Req,missing_destination,48,Application-23-Service,EndDevice-23,Application-23-Service,95700
36640,Application-7,M_Req,missing_destination,32,Application-7-Service,EndDevice-7,Application-7-Service,95700
36653,Application-47,M_Req,missing_destination,72,Application-47-Service,EndDevice-47,Application-47-Service,95700
36654,Application-45,M_Req,missing_destination,70,Application-45-Service,EndDevice-45,Application-45-Service,95700
36674,Application-8,M_Req,missing_destination,33,Application-8-Service,EndDevice-8,Application-8-Service,95700
36677,Application-46,M_Req,missing_destination,71,Application-46-Service,EndDevice-46,Application-46-Service,95800
36695,Application-47,M_Req,missing_destination,72,Application-47-Service,EndDevice-47,Application-47-Service,95800
36696,Application-45,M_Req,missing_destination,70,Application-45-Service,EndDevice-45,Application-45-Service,95800
36708,Application-28,M_Req,missing_destination,53,Application-28-Service,EndDevice-28,Application-28-Service,95900
36709,Application-26,M_Req,missing_destination,51,Application-26-Service,EndDevice-26,Application-26-Service,95900
36725,Application-46,M_Req,missing_destination,71,Application-46-Service,EndDevice-46,Application-46-Service,95900
36727,Application-27,M_Req,missing_destination,52,Application-27-Service,EndDevice-27,Application-27-Service,95900
36731,Application-43,M_Req,missing_destination,68,Application-43-Service,EndDevice-43,Application-43-Service,95900
36738,Application-44,M_Req,missing_destination,69,Application-44-Service,EndDevice-44,Application-44-Service,95900
36743,Application-47,M_Req,missing_destination,72,Application-47-Service,EndDevice-47,Application-47-Service,95900
36744,Application-45,M_Req,missing_destination,70,Application-45-Service,EndDevice-45,Application-45-Service,95900
36749,Application-41,M_Req,missing_destination,66,Application-41-Service,EndDevice-41,Application-41-Service,95900
36750,Application-21,M_Req,missing_destination,46,Application-21-Service,EndDevice-21,Application-21-Service,95900
36751,Application-42,M_Req,missing_destination,67,Application-42-Service,EndDevice-42,Application-42-Service,95900
36754,Application-25,M_Req,missing_destination,50,Application-25-Service,EndDevice-25,Application-25-Service,95900
36756,Application-28,M_Req,missing_destination,53,Application-28-Service,EndDevice-28,Application-28-Service,96000
36767,Application-46,M_Req,missing_destination,71,Application-46-Service,EndDevice-46,Application-46-Service,96000
36771,Application-43,M_Req,missing_destination,68,Application-43-Service,EndDevice-43,Application-43-Service,96000
36778,Application-44,M_Req,missing_destination,69,Application-44-Service,EndDevice-44,Application-44-Service,96000
36815,Application-46,M_Req,missing_destination,71,Application-46-Service,EndDevice-46,Application-46-Service,96100
36832,Application-18,M_Req,missing_destination,43,Application-18-Service,EndDevice-18,Application-18-Service,96200
36838,Application-39,M_Req,missing_destination,64,Application-39-Service,EndDevice-39,Application-39-Service,96200
36839,Application-38,M_Req,missing_destination,63,Application-38-Service,EndDevice-38,Application-38-Service,96200
36854,Application-40,M_Req,missing_destination,65,Application-40-Service,EndDevice-40,Application-40-Service,96300
36880,Application-18,M_Req,missing_destination,43,Application-18-Service,EndDevice-18,Application-18-Service,96300
36886,Application-39,M_Req,missing_destination,64,Application-39-Service,EndDevice-39,Application-39-Service,96300
36887,Application-38,M_Req,missing_destination,63,Application-38-Service,EndDevice-38,Application-38-Service,96300
36921,Application-18,M_Req,missing_destination,43,Application-18-Service,EndDevice-18,Application-18-Service,96400
36937,Application-6,M_Req,missing_destination,31,Application-6-Service,EndDevice-6,Application-6-Service,96500
36938,Application-31,M_Req,missing_destination,56,Application-31-Service,EndDevice-31,Application-31-Service,96500
36940,Application-32,M_Req,missing_destination,57,Application-32-Service,EndDevice-32,Application-32-Service,96500
36943,Application-30,M_Req,missing_destination,55,Application-30-Service,EndDevice-30,Application-30-Service,96500
36946,Application-45,M_Req,missing_destination,70,Application-45-Service,EndDevice-45,Application-45-Service,96500
36948,Application-47,M_Req,missing_destination,72,Application-47-Service,EndDevice-47,Application-47-Service,96500
36969,Application-18,M_Req,missing_destination,43,Application-18-Service,EndDevice-18,Application-18-Service,96500
36979,Application-29,M_Req,missing_destination,54,Application-29-Service,EndDevice-29,Application-29-Service,96500
36985,Application-31,M_Req,missing_destination,56,Application-31-Service,EndDevice-31,Application-31-Service,96600
36988,Application-30,M_Req,missing_destination,55,Application-30-Service,EndDevice-30,Application-30-Service,96600
36991,Application-45,M_Req,missing_destination,70,Application-45-Service,EndDevice-45,Application-45-Service,96600
36993,Application-47,M_Req,missing_destination,72,Application-47-Service,EndDevice-47,Application-47-Service,96600
37039,Application-45,M_Req,missing_destination,70,Application-45-Service,EndDevice-45,Application-45-Service,96700
37041,Application-47,M_Req,missing_destination,72,Application-47-Service,EndDevice-47,Application-47-Service,96700
37058,Application-10,M_Req,missing_destination,35,Application-10-Service,EndDevice-10,Application-10-Service,96800
37061,Application-12,M_Req,missing_destination,37,Application-12-Service,EndDevice-12,Application-12-Service,96800
37063,Application-29,M_Req,missing_destination,54,Application-29-Service,EndDevice-29,Application-29-Service,96800
37068,Application-11,M_Req,missing_destination,36,Application-11-Service,EndDevice-11,Application-11-Service,96800
37076,Application-35,M_Req,missing_destination,60,Application-35-Service,EndDevice-35,Application-35-Service,96800
37079,Application-9,M_Req,missing_destination,34,Application-9-Service,EndDevice-9,Application-9-Service,96800
37083,Application-47,M_Req,missing_destination,72,Application-47-Service,EndDevice-47,Application-47-Service,96800
37086,Application-46,M_Req,missing_destination,71,Application-46-Service,EndDevice-46,Application-46-Service,96900
37087,Application-33,M_Req,missing_destination,58,Application-33-Service,EndDevice-33,Application-33-Service,96900
37089,Application-36,M_Req,missing_destination,61,Application-36-Service,EndDevice-36,Application-36-Service,96900
37092,Application-34,M_Req,missing_destination,59,Application-34-Service,EndDevice-34,Application-34-Service,96900
37106,Application-10,M_Req,missing_destination,35,Application-10-Service,EndDevice-10,Application-10-Service,96900
37109,Application-12,M_Req,missing_destination,37,Application-12-Service,EndDevice-12,Application-12-Service,96900
37111,Application-29,M_Req,missing_destination,54,Application-29-Service,EndDevice-29,Application-29-Service,96900
37116,Application-11,M_Req,missing_destination,36,Application-11-Service,EndDevice-11,Application-11-Service,96900
37124,Application-35,M_Req,missing_destination,60,Application-35-Service,EndDevice-35,Application-35-Service,96900
37127,Application-9,M_Req,missing_destination,34,Application-9-Service,EndDevice-9,Application-9-Service,96900
37131,Application-47,M_Req,missing_destination,72,Application-47-Service,EndDevice-47,Application-47-Service,96900
37134,Application-33,M_Req,missing_destination,58,Application-33-Service,EndDevice-33,Application-33-Service,97000
37136,Application-36,M_Req,missing_destination,61,Application-36-Service,EndDevice-36,Application-36-Service,97000
37137,Application-34,M_Req,missing_destination,59,Application-34-Service,EndDevice-34,Application-34-Service,97000
37162,Application-15,M_Req,missing_destination,40,Application-15-Service,EndDevice-15,Application-15-Service,97100
37168,Application-14,M_Req,missing_destination,39,Application-14-Service,EndDevice-14,Application-14-Service,97100
37170,Application-47,M_Req,missing_destination,72,Application-47-Service,EndDevice-47,Application-47-Service,97100
37177,Application-13,M_Req,missing_destination,38,Application-13-Service,EndDevice-13,Application-13-Service,97100
37178,Application-46,M_Req,missing_destination,71,Application-46-Service,EndDevice-46,Application-46-Service,97100
37182,Application-33,M_Req,missing_destination,58,Application-33-Service,EndDevice-33,Application-33-Service,97100
37184,Application-36,M_Req,missing_destination,61,Application-36-Service,EndDevice-36,Application-36-Service,97100
37185,Application-34,M_Req,missing_destination,59,Application-34-Service,EndDevice-34,Application-34-Service,97100
37197,Application-16,M_Req,missing_destination,41,Application-16-Service,EndDevice-16,Application-16-Service,97100
37206,Application-20,M_Req,missing_destination,45,Application-20-Service,EndDevice-20,Application-20-Service,97100
37212,Application-14,M_Req,missing_destination,39,Application-14-Service,EndDevice-14,Application-14-Service,97200
37214,Application-47,M_Req,missing_destination,72,Application-47-Service,EndDevice-47,Application-47-Service,97200
37219,Application-13,M_Req,missing_destination,38,Application-13-Service,EndDevice-13,Application-13-Service,97200
37220,Application-46,M_Req,missing_destination,71,Application-46-Service,EndDevice-46,Application-46-Service,97200
37224,Application-33,M_Req,missing_destination,58,Application-33-Service,EndDevice-33,Application-33-Service,97200
37226,Application-34,M_Req,missing_destination,59,Application-34-Service,EndDevice-34,Application-34-Service,97200
37272,Application-33,M_Req,missing_destination,58,Application-33-Service,EndDevice-33,Application-33-Service,97300
37274,Application-34,M_Req,missing_destination,59,Application-34-Service,EndDevice-34,Application-34-Service,97300
37290,Application-41,M_Req,missing_destination,66,Application-41-Service,EndDevice-41,Application-41-Service,97400
37291,Application-20,M_Req,missing_destination,45,Application-20-Service,EndDevice-20,Application-20-Service,97400
37310,Application-46,M_Req,missing_destination,71,Application-46-Service,EndDevice-46,Application-46-Service,97400
37318,Application-42,M_Req,missing_destination,67,Application-42-Service,EndDevice-42,Application-42-Service,97500
37320,Application-48,M_Req,missing_destination,73,Application-48-Service,EndDevice-48,Application-48-Service,97500
37322,Application-44,M_Req,missing_destination,69,Application-44-Service,EndDevice-44,Application-44-Service,97500
37338,Application-41,M_Req,missing_destination,66,Application-41-Service,EndDevice-41,Application-41-Service,97500
37339,Application-20,M_Req,missing_destination,45,Application-20-Service,EndDevice-20,Application-20-Service,97500
37358,Application-46,M_Req,missing_destination,71,Application-46-Service,EndDevice-46,Application-46-Service,97500
37365,Application-42,M_Req,missing_destination,67,Application-42-Service,EndDevice-42,Application-42-Service,97600
37381,Application-41,M_Req,missing_destination,66,Application-41-Service,EndDevice-41,Application-41-Service,97600
37382,Application-20,M_Req,missing_destination,45,Application-20-Service,EndDevice-20,Application-20-Service,97600
37402,Application-47,M_Req,missing_destination,72,Application-47-Service,EndDevice-47,Application-47-Service,97700
37409,Application-40,M_Req,missing_destination,65,Application-40-Service,EndDevice-40,Application-40-Service,97700
37413,Application-42,M_Req,missing_destination,67,Application-42-Service,EndDevice-42,Application-42-Service,97700
37414,Application-48,M_Req,missing_destination,73,Application-48-Service,EndDevice-48,Application-48-Service,97700
37421,Application-39,M_Req,missing_destination,64,Application-39-Service,EndDevice-39,Application-39-Service,97700
37424,Application-38,M_Req,missing_destination,63,Application-38-Service,EndDevice-38,Application-38-Service,97700
37429,Application-41,M_Req,missing_destination,66,Application-41-Service,EndDevice-41,Application-41-Service,97700
37430,Application-20,M_Req,missing_destination,45,Application-20-Service,EndDevice-20,Application-20-Service,97700
37431,Application-37,M_Req,missing_destination,62,Application-37-Service,EndDevice-37,Application-37-Service,97700
37446,Application-47,M_Req,missing_destination,72,Application-47-Service,EndDevice-47,Application-47-Service,97800
37455,Application-42,M_Req,missing_destination,67,Application-42-Service,EndDevice-42,Application-42-Service,97800
37456,Application-48,M_Req,missing_destination,73,Application-48-Service,EndDevice-48,Application-48-Service,97800
37462,Application-39,M_Req,missing_destination,64,Application-39-Service,EndDevice-39,Application-39-Service,97800
37503,Application-42,M_Req,missing_destination,67,Application-42-Service,EndDevice-42,Application-42-Service,97900
37530,Application-22,M_Req,missing_destination,47,Application-22-Service,EndDevice-22,Application-22-Service,98000
37532,Application-46,M_Req,missing_destination,71,Application-46-Service,EndDevice-46,Application-46-Service,98000
37534,Application-24,M_Req,missing_destination,49,Application-24-Service,EndDevice-24,Application-24-Service,98000
37535,Application-14,M_Req,missing_destination,39,Application-14-Service,EndDevice-14,Application-14-Service,98000
37542,Application-34,M_Req,missing_destination,59,Application-34-Service,EndDevice-34,Application-34-Service,98100
37545,Application-15,M_Req,missing_destination,40,Application-15-Service,EndDevice-15,Application-15-Service,98100
37551,Application-16,M_Req,missing_destination,41,Application-16-Service,EndDevice-16,Application-16-Service,98100
37578,Application-22,M_Req,missing_destination,47,Application-22-Service,EndDevice-22,Application-22-Service,98100
37580,Application-46,M_Req,missing_destination,71,Application-46-Service,EndDevice-46,Application-46-Service,98100
37582,Application-24,M_Req,missing_destination,49,Application-24-Service,EndDevice-24,Application-24-Service,98100
37583,Application-14,M_Req,missing_destination,39,Application-14-Service,EndDevice-14,Application-14-Service,98100
37629,Application-34,M_Req,missing_destination,59,Application-34-Service,EndDevice-34,Application-34-Service,98300
37630,Application-12,M_Req,missing_destination,37,Application-12-Service,EndDevice-12,Application-12-Service,98300
37631,Application-36,M_Req,missing_destination,61,Application-36-Service,EndDevice-36,Application-36-Service,98300
37643,Application-43,M_Req,missing_destination,68,Application-43-Service,EndDevice-43,Application-43-Service,98300
37651,Application-44,M_Req,missing_destination,69,Application-44-Service,EndDevice-44,Application-44-Service,98300
37658,Application-9,M_Req,missing_destination,34,Application-9-Service,EndDevice-9,Application-9-Service,98300
37662,Application-10,M_Req,missing_destination,35,Application-10-Service,EndDevice-10,Application-10-Service,98300
37665,Application-11,M_Req,missing_destination,36,Application-11-Service,EndDevice-11,Application-11-Service,98300
37675,Application-12,M_Req,missing_destination,37,Application-12-Service,EndDevice-12,Application-12-Service,98400
37676,Application-36,M_Req,missing_destination,61,Application-36-Service,EndDevice-36,Application-36-Service,98400
37686,Application-43,M_Req,missing_destination,68,Application-43-Service,EndDevice-43,Application-43-Service,98400
37692,Application-44,M_Req,missing_destination,69,Application-44-Service,EndDevice-44,Application-44-Service,98400
37723,Application-12,M_Req,missing_destination,37,Application-12-Service,EndDevice-12,Application-12-Service,98500
37724,Application-36,M_Req,missing_destination,61,Application-36-Service,EndDevice-36,Application-36-Service,98500
37734,Application-43,M_Req,missing_destination,68,Application-43-Service,EndDevice-43,Application-43-Service,98500
37740,Application-44,M_Req,missing_destination,69,Application-44-Service,EndDevice-44,Application-44-Service,98500
37746,Application-25,M_Req,missing_destination,50,Application-25-Service,EndDevice-25,Application-25-Service,98600
37756,Application-26,M_Req,missing_destination,51,Application-26-Service,EndDevice-26,Application-26-Service,98600
37759,Application-34,M_Req,missing_destination,59,Application-34-Service,EndDevice-34,Application-34-Service,98600
37761,Application-28,M_Req,missing_destination,53,Application-28-Service,EndDevice-28,Application-28-Service,98600
37766,Application-12,M_Req,missing_destination,37,Application-12-Service,EndDevice-12,Application-12-Service,98600
37767,Application-36,M_Req,missing_destination,61,Application-36-Service,EndDevice-36,Application-36-Service,98600
37770,Application-27,M_Req,missing_destination,52,Application-27-Service,EndDevice-27,Application-27-Service,98600
37771,Application-42,M_Req,missing_destination,67,Application-42-Service,EndDevice-42,Application-42-Service,98700
37774,Application-43,M_Req,missing_destination,68,Application-43-Service,EndDevice-43,Application-43-Service,98700
37779,Application-44,M_Req,missing_destination,69,Application-44-Service,EndDevice-44,Application-44-Service,98700
37794,Application-25,M_Req,missing_destination,50,Application-25-Service,EndDevice-25,Application-25-Service,98700
37804,Application-26,M_Req,missing_destination,51,Application-26-Service,EndDevice-26,Application-26-Service,98700
37807,Application-34,M_Req,missing_destination,59,Application-34-Service,EndDevice-34,Application-34-Service,98700
37809,Application-28,M_Req,missing_destination,53,Application-28-Service,EndDevice-28,Application-28-Service,98700
37814,Application-12,M_Req,missing_destination,37,Application-12-Service,EndDevice-12,Application-12-Service,98700
37815,Application-36,M_Req,missing_destination,61,Application-36-Service,EndDevice-36,Application-36-Service,98700
37818,Application-27,M_Req,missing_destination,52,Application-27-Service,EndDevice-27,Application-27-Service,98700
37821,Application-43,M_Req,missing_destination,68,Application-43-Service,EndDevice-43,Application-43-Service,98800
37826,Application-44,M_Req,missing_destination,69,Application-44-Service,EndDevice-44,Application-44-Service,98800
37852,Application-16,M_Req,missing_destination,41,Application-16-Service,EndDevice-16,Application-16-Service,98900
37859,Application-34,M_Req,missing_destination,59,Application-34-Service,EndDevice-34,Application-34-Service,98900
37868,Application-39,M_Req,missing_destination,64,Application-39-Service,EndDevice-39,Application-39-Service,98900
37869,Application-43,M_Req,missing_destination,68,Application-43-Service,EndDevice-43,Application-43-Service,98900
37870,Application-13,M_Req,missing_destination,38,Application-13-Service,EndDevice-13,Application-13-Service,98900
37874,Application-44,M_Req,missing_destination,69,Application-44-Service,EndDevice-44,Application-44-Service,98900
37875,Application-14,M_Req,missing_destination,39,Application-14-Service,EndDevice-14,Application-14-Service,98900
37876,Application-15,M_Req,missing_destination,40,Application-15-Service,EndDevice-15,Application-15-Service,98900
37883,Application-38,M_Req,missing_destination,63,Application-38-Service,EndDevice-38,Application-38-Service,98900
37886,Application-37,M_Req,missing_destination,62,Application-37-Service,EndDevice-37,Application-37-Service,98900
37890,Application-40,M_Req,missing_destination,65,Application-40-Service,EndDevice-40,Application-40-Service,98900
37900,Application-16,M_Req,missing_destination,41,Application-16-Service,EndDevice-16,Application-16-Service,99000
37907,Application-34,M_Req,missing_destination,59,Application-34-Service,EndDevice-34,Application-34-Service,99000
37914,Application-39,M_Req,missing_destination,64,Application-39-Service,EndDevice-39,Application-39-Service,99000
37915,Application-43,M_Req,missing_destination,68,Application-43-Service,EndDevice-43,Application-43-Service,99000
37916,Application-13,M_Req,missing_destination,38,Application-13-Service,EndDevice-13,Application-13-Service,99000
37919,Application-44,M_Req,missing_destination,69,Application-44-Service,EndDevice-44,Application-44-Service,99000
37920,Application-14,M_Req,missing_destination,39,Application-14-Service,EndDevice-14,Application-14-Service,99000
37921,Application-15,M_Req,missing_destination,40,Application-15-Service,EndDevice-15,Application-15-Service,99000
37948,Application-16,M_Req,missing_destination,41,Application-16-Service,EndDevice-16,Application-16-Service,99100
37964,Application-13,M_Req,missing_destination,38,Application-13-Service,EndDevice-13,Application-13-Service,99100
37968,Application-14,M_Req,missing_destination,39,Application-14-Service,EndDevice-14,Application-14-Service,99100
37969,Application-15,M_Req,missing_destination,40,Application-15-Service,EndDevice-15,Application-15-Service,99100
37995,Application-34,M_Req,missing_destination,59,Application-34-Service,EndDevice-34,Application-34-Service,99200
38002,Application-39,M_Req,missing_destination,64,Application-39-Service,EndDevice-39,Application-39-Service,99300
38003,Application-43,M_Req,missing_destination,68,Application-43-Service,EndDevice-43,Application-43-Service,99300
38007,Application-44,M_Req,missing_destination,69,Application-44-Service,EndDevice-44,Application-44-Service,99300
38043,Application-34,M_Req,missing_destination,59,Application-34-Service,EndDevice-34,Application-34-Service,99300
38050,Application-43,M_Req,missing_destination,68,Application-43-Service,EndDevice-43,Application-43-Service,99400
38054,Application-44,M_Req,missing_destination,69,Application-44-Service,EndDevice-44,Application-44-Service,99400
38077,Application-12,M_Req,missing_destination,37,Application-12-Service,EndDevice-12,Application-12-Service,99500
38082,Application-34,M_Req,missing_destination,59,Application-34-Service,EndDevice-34,Application-34-Service,99500
38084,Application-11,M_Req,missing_destination,36,Application-11-Service,EndDevice-11,Application-11-Service,99500
38087,Application-42,M_Req,missing_destination,67,Application-42-Service,EndDevice-42,Application-42-Service,99500
38095,Application-10,M_Req,missing_destination,35,Application-10-Service,EndDevice-10,Application-10-Service,99500
38098,Application-43,M_Req,missing_destination,68,Application-43-Service,EndDevice-43,Application-43-Service,99500
38102,Application-44,M_Req,missing_destination,69,Application-44-Service,EndDevice-44,Application-44-Service,99500
38113,Application-38,M_Req,missing_destination,63,Application-38-Service,EndDevice-38,Application-38-Service,99500
38115,Application-9,M_Req,missing_destination,34,Application-9-Service,EndDevice-9,Application-9-Service,99500
38125,Application-12,M_Req,missing_destination,37,Application-12-Service,EndDevice-12,Application-12-Service,99600
38129,Application-34,M_Req,missing_destination,59,Application-34-Service,EndDevice-34,Application-34-Service,99600
38132,Application-42,M_Req,missing_destination,67,Application-42-Service,EndDevice-42,Application-42-Service,99600
38142,Application-43,M_Req,missing_destination,68,Application-43-Service,EndDevice-43,Application-43-Service,99600
38190,Application-43,M_Req,missing_destination,68,Application-43-Service,EndDevice-43,Application-43-Service,99700
38203,Application-4,M_Req,missing_destination,29,Application-4-Service,EndDevice-4,Application-4-Service,99800
38205,Application-18,M_Req,missing_destination,43,Application-18-Service,EndDevice-18,Application-18-Service,99800
38206,Application-1,M_Req,missing_destination,26,Application-1-Service,EndDevice-1,Application-1-Service,99800
38207,Application-2,M_Req,missing_destination,27,Application-2-Service,EndDevice-2,Application-2-Service,99800
38212,Application-44,M_Req,missing_destination,69,Application-44-Service,EndDevice-44,Application-44-Service,99800
38217,Application-19,M_Req,missing_destination,44,Application-19-Service,EndDevice-19,Application-19-Service,99800
38219,Application-33,M_Req,missing_destination,58,Application-33-Service,EndDevice-33,Application-33-Service,99800
38227,Application-17,M_Req,missing_destination,42,Application-17-Service,EndDevice-17,Application-17-Service,99800
38229,Application-20,M_Req,missing_destination,45,Application-20-Service,EndDevice-20,Application-20-Service,99800
38231,Application-3,M_Req,missing_destination,28,Application-3-Service,EndDevice-3,Application-3-Service,99900
38251,Application-4,M_Req,missing_destination,29,Application-4-Service,EndDevice-4,Application-4-Service,99900
38253,Application-18,M_Req,missing_destination,43,Application-18-Service,EndDevice-18,Application-18-Service,99900
38254,Application-1,M_Req,missing_destination,26,Application-1-Service,EndDevice-1,Application-1-Service,99900
38255,Application-2,M_Req,missing_destination,27,Application-2-Service,EndDevice-2,Application-2-Service,99900
38260,Application-44,M_Req,missing_destination,69,Application-44-Service,EndDevice-44,Application-44-Service,99900
38265,Application-19,M_Req,missing_destination,44,Application-19-Service,EndDevice-19,Application-19-Service,99900
38267,Application-33,M_Req,missing_destination,58,Application-33-Service,EndDevice-33,Application-33-Service,99900
38275,Application-17,M_Req,missing_destination,42,Application-17-Service,EndDevice-17,Application-17-Service,99900
38277,Application-20,M_Req,missing_destination,45,Application-20-Service,EndDevice-20,Application-20-Service,99900
