id,app,message,reason,TOPO.src,TOPO.dst,TOPO.srcLabel,TOPO.dstLabel,ctime
284,Application-7,M_Req,missing_destination,32,Application-7-Service,EndDevice-7,Application-7-Service,800
286,Application-11,M_Req,missing_destination,36,Application-11-Service,EndDevice-11,Application-11-Service,800
291,Application-23,M_Req,missing_destination,48,Application-23-Service,EndDevice-23,Application-23-Service,800
302,Application-47,M_Req,missing_destination,72,Application-47-Service,EndDevice-47,Application-47-Service,800
304,Application-35,M_Req,missing_destination,60,Application-35-Service,EndDevice-35,Application-35-Service,800
310,Application-31,M_Req,missing_destination,56,Application-31-Service,EndDevice-31,Application-31-Service,800
332,Application-7,M_Req,missing_destination,32,Application-7-Service,EndDevice-7,Application-7-Service,900
334,Application-11,M_Req,missing_destination,36,Application-11-Service,EndDevice-11,Application-11-Service,900
339,Application-23,M_Req,missing_destination,48,Application-23-Service,EndDevice-23,Application-23-Service,900
350,Application-47,M_Req,missing_destination,72,Application-47-Service,EndDevice-47,Application-47-Service,900
352,Application-35,M_Req,missing_destination,60,Application-35-Service,EndDevice-35,Application-35-Service,900
358,Application-31,M_Req,missing_destination,56,Application-31-Service,EndDevice-31,Application-31-Service,900
377,Application-7,M_Req,missing_destination,32,Application-7-Service,EndDevice-7,Application-7-Service,1000
379,Application-11,M_Req,missing_destination,36,Application-11-Service,EndDevice-11,Application-11-Service,1000
383,Application-23,M_Req,missing_destination,48,Application-23-Service,EndDevice-23,Application-23-Service,1000
393,Application-47,M_Req,missing_destination,72,Application-47-Service,EndDevice-47,Application-47-Service,1000
394,Application-35,M_Req,missing_destination,60,Application-35-Service,EndDevice-35,Application-35-Service,1000
398,Application-31,M_Req,missing_destination,56,Application-31-Service,EndDevice-31,Application-31-Service,1000
416,Application-13,M_Req,missing_destination,38,Application-13-Service,EndDevice-13,Application-13-Service,1100
424,Application-1,M_Req,missing_destination,26,Application-1-Service,EndDevice-1,Application-1-Service,1100
425,Application-7,M_Req,missing_destination,32,Application-7-Service,EndDevice-7,Application-7-Service,1100
427,Application-11,M_Req,missing_destination,36,Application-11-Service,EndDevice-11,Application-11-Service,1100
430,Application-21,M_Req,missing_destination,46,Application-21-Service,EndDevice-21,Application-21-Service,1100
431,Application-23,M_Req,missing_destination,48,Application-23-Service,EndDevice-23,Application-23-Service,1100
435,Application-37,M_Req,missing_destination,62,Application-37-Service,EndDevice-37,Application-37-Service,1100
440,Application-45,M_Req,missing_destination,70,Application-45-Service,EndDevice-45,Application-45-Service,1100
441,Application-47,M_Req,missing_destination,72,Application-47-Service,EndDevice-47,Application-47-Service,1100
442,Application-35,M_Req,missing_destination,60,Application-35-Service,EndDevice-35,Application-35-Service,1100
446,Application-31,M_Req,missing_destination,56,Application-31-Service,EndDevice-31,Application-31-Service,1100
519,Application-21,M_Req,missing_destination,46,Application-21-Service,EndDevice-21,Application-21-Service,1400
527,Application-45,M_Req,missing_destination,70,Application-45-Service,EndDevice-45,Application-45-Service,1400
532,Application-5,M_Req,missing_destination,30,Application-5-Service,EndDevice-5,Application-5-Service,1400
536,Application-13,M_Req,missing_destination,38,Application-13-Service,EndDevice-13,Application-13-Service,1400
540,Application-46,M_Req,missing_destination,71,Application-46-Service,EndDevice-46,Application-46-Service,1400
543,Application-36,M_Req,missing_destination,61,Application-36-Service,EndDevice-36,Application-36-Service,1400
551,Application-6,M_Req,missing_destination,31,Application-6-Service,EndDevice-6,Application-6-Service,1500
567,Application-21,M_Req,missing_destination,46,Application-21-Service,EndDevice-21,Application-21-Service,1500
575,Application-45,M_Req,missing_destination,70,Application-45-Service,EndDevice-45,Application-45-Service,1500
580,Application-5,M_Req,missing_destination,30,Application-5-Service,EndDevice-5,Application-5-Service,1500
584,Application-13,M_Req,missing_destination,38,Application-13-Service,EndDevice-13,Application-13-Service,1500
588,Application-46,M_Req,missing_destination,71,Application-46-Service,EndDevice-46,Application-46-Service,1500
591,Application-36,M_Req,missing_destination,61,Application-36-Service,EndDevice-36,Application-36-Service,1500
628,Application-46,M_Req,missing_destination,71,Application-46-Service,EndDevice-46,Application-46-Service,1700
630,Application-36,M_Req,missing_destination,61,Application-36-Service,EndDevice-36,Application-36-Service,1700
631,Application-22,M_Req,missing_destination,47,Application-22-Service,EndDevice-22,Application-22-Service,1700
637,Application-28,M_Req,missing_destination,53,Application-28-Service,EndDevice-28,Application-28-Service,1700
638,Application-48,M_Req,missing_destination,73,Application-48-Service,EndDevice-48,Application-48-Service,1700
639,Application-34,M_Req,missing_destination,59,Application-34-Service,EndDevice-34,Application-34-Service,1700
644,Application-14,M_Req,missing_destination,39,Application-14-Service,EndDevice-14,Application-14-Service,1700
657,Application-7,M_Req,missing_destination,32,Application-7-Service,EndDevice-7,Application-7-Service,1700
662,Application-23,M_Req,missing_destination,48,Application-23-Service,EndDevice-23,Application-23-Service,1700
669,Application-44,M_Req,missing_destination,69,Application-44-Service,EndDevice-44,Application-44-Service,1700
670,Application-31,M_Req,missing_destination,56,Application-31-Service,EndDevice-31,Application-31-Service,1700
671,Application-4,M_Req,missing_destination,29,Application-4-Service,EndDevice-4,Application-4-Service,1700
675,Application-46,M_Req,missing_destination,71,Application-46-Service,EndDevice-46,Application-46-Service,1800
676,Application-22,M_Req,missing_destination,47,Application-22-Service,EndDevice-22,Application-22-Service,1800
682,Application-48,M_Req,missing_destination,73,Application-48-Service,EndDevice-48,Application-48-Service,1800
687,Application-14,M_Req,missing_destination,39,Application-14-Service,EndDevice-14,Application-14-Service,1800
735,Application-14,M_Req,missing_destination,39,Application-14-Service,EndDevice-14,Application-14-Service,1900
746,Application-16,M_Req,missing_destination,41,Application-16-Service,EndDevice-16,Application-16-Service,2000
749,Application-24,M_Req,missing_destination,49,Application-24-Service,EndDevice-24,Application-24-Service,2000
751,Application-41,M_Req,missing_destination,66,Application-41-Service,EndDevice-41,Application-41-Service,2000
754,Application-9,M_Req,missing_destination,34,Application-9-Service,EndDevice-9,Application-9-Service,2000
759,Application-40,M_Req,missing_destination,65,Application-40-Service,EndDevice-40,Application-40-Service,2000
762,Application-1,M_Req,missing_destination,26,Application-1-Service,EndDevice-1,Application-1-Service,2000
764,Application-17,M_Req,missing_destination,42,Application-17-Service,EndDevice-17,Application-17-Service,2000
769,Application-33,M_Req,missing_destination,58,Application-33-Service,EndDevice-33,Application-33-Service,2000
779,Application-12,M_Req,missing_destination,37,Application-12-Service,EndDevice-12,Application-12-Service,2100
794,Application-16,M_Req,missing_destination,41,Application-16-Service,EndDevice-16,Application-16-Service,2100
797,Application-24,M_Req,missing_destination,49,Application-24-Service,EndDevice-24,Application-24-Service,2100
799,Application-41,M_Req,missing_destination,66,Application-41-Service,EndDevice-41,Application-41-Service,2100
802,Application-9,M_Req,missing_destination,34,Application-9-Service,EndDevice-9,Application-9-Service,2100
807,Application-40,M_Req,missing_destination,65,Application-40-Service,EndDevice-40,Application-40-Service,2100
810,Application-1,M_Req,missing_destination,26,Application-1-Service,EndDevice-1,Application-1-Service,2100
812,Application-17,M_Req,missing_destination,42,Application-17-Service,EndDevice-17,Application-17-Service,2100
817,Application-33,M_Req,missing_destination,58,Application-33-Service,EndDevice-33,Application-33-Service,2100
827,Application-12,M_Req,missing_destination,37,Application-12-Service,EndDevice-12,Application-12-Service,2200
843,Application-41,M_Req,missing_destination,66,Application-41-Service,EndDevice-41,Application-41-Service,2200
846,Application-9,M_Req,missing_destination,34,Application-9-Service,EndDevice-9,Application-9-Service,2200
852,Application-1,M_Req,missing_destination,26,Application-1-Service,EndDevice-1,Application-1-Service,2200
854,Application-17,M_Req,missing_destination,42,Application-17-Service,EndDevice-17,Application-17-Service,2200
856,Application-46,M_Req,missing_destination,71,Application-46-Service,EndDevice-46,Application-46-Service,2300
857,Application-22,M_Req,missing_destination,47,Application-22-Service,EndDevice-22,Application-22-Service,2300
870,Application-30,M_Req,missing_destination,55,Application-30-Service,EndDevice-30,Application-30-Service,2300
871,Application-48,M_Req,missing_destination,73,Application-48-Service,EndDevice-48,Application-48-Service,2300
875,Application-12,M_Req,missing_destination,37,Application-12-Service,EndDevice-12,Application-12-Service,2300
881,Application-6,M_Req,missing_destination,31,Application-6-Service,EndDevice-6,Application-6-Service,2300
889,Application-24,M_Req,missing_destination,49,Application-24-Service,EndDevice-24,Application-24-Service,2300
891,Application-41,M_Req,missing_destination,66,Application-41-Service,EndDevice-41,Application-41-Service,2300
894,Application-9,M_Req,missing_destination,34,Application-9-Service,EndDevice-9,Application-9-Service,2300
897,Application-40,M_Req,missing_destination,65,Application-40-Service,EndDevice-40,Application-40-Service,2300
900,Application-1,M_Req,missing_destination,26,Application-1-Service,EndDevice-1,Application-1-Service,2300
902,Application-17,M_Req,missing_destination,42,Application-17-Service,EndDevice-17,Application-17-Service,2300
904,Application-46,M_Req,missing_destination,71,Application-46-Service,EndDevice-46,Application-46-Service,2400
905,Application-22,M_Req,missing_destination,47,Application-22-Service,EndDevice-22,Application-22-Service,2400
913,Application-30,M_Req,missing_destination,55,Application-30-Service,EndDevice-30,Application-30-Service,2400
917,Application-12,M_Req,missing_destination,37,Application-12-Service,EndDevice-12,Application-12-Service,2400
923,Application-6,M_Req,missing_destination,31,Application-6-Service,EndDevice-6,Application-6-Service,2400
952,Application-46,M_Req,missing_destination,71,Application-46-Service,EndDevice-46,Application-46-Service,2500
953,Application-22,M_Req,missing_destination,47,Application-22-Service,EndDevice-22,Application-22-Service,2500
965,Application-12,M_Req,missing_destination,37,Application-12-Service,EndDevice-12,Application-12-Service,2500
971,Application-6,M_Req,missing_destination,31,Application-6-Service,EndDevice-6,Application-6-Service,2500
977,Application-18,M_Req,missing_destination,43,Application-18-Service,EndDevice-18,Application-18-Service,2600
983,Application-34,M_Req,missing_destination,59,Application-34-Service,EndDevice-34,Application-34-Service,2600
991,Application-19,M_Req,missing_destination,44,Application-19-Service,EndDevice-19,Application-19-Service,2600
994,Application-46,M_Req,missing_destination,71,Application-46-Service,EndDevice-46,Application-46-Service,2600
999,Application-13,M_Req,missing_destination,38,Application-13-Service,EndDevice-13,Application-13-Service,2600
1004,Application-14,M_Req,missing_destination,39,Application-14-Service,EndDevice-14,Application-14-Service,2700
1006,Application-43,M_Req,missing_destination,68,Application-43-Service,EndDevice-43,Application-43-Service,2700
1025,Application-18,M_Req,missing_destination,43,Application-18-Service,EndDevice-18,Application-18-Service,2700
1031,Application-34,M_Req,missing_destination,59,Application-34-Service,EndDevice-34,Application-34-Service,2700
1039,Application-19,M_Req,missing_destination,44,Application-19-Service,EndDevice-19,Application-19-Service,2700
1042,Application-46,M_Req,missing_destination,71,Application-46-Service,EndDevice-46,Application-46-Service,2700
1047,Application-13,M_Req,missing_destination,38,Application-13-Service,EndDevice-13,Application-13-Service,2700
1052,Application-14,M_Req,missing_destination,39,Application-14-Service,EndDevice-14,Application-14-Service,2800
1081,Application-19,M_Req,missing_destination,44,Application-19-Service,EndDevice-19,Application-19-Service,2800
1099,Application-34,M_Req,missing_destination,59,Application-34-Service,EndDevice-34,Application-34-Service,2900
1100,Application-14,M_Req,missing_destination,39,Application-14-Service,EndDevice-14,Application-14-Service,2900
1101,Application-43,M_Req,missing_destination,68,Application-43-Service,EndDevice-43,Application-43-Service,2900
1108,Application-10,M_Req,missing_destination,35,Application-10-Service,EndDevice-10,Application-10-Service,2900
1110,Application-20,M_Req,missing_destination,45,Application-20-Service,EndDevice-20,Application-20-Service,2900
1116,Application-48,M_Req,missing_destination,73,Application-48-Service,EndDevice-48,Application-48-Service,2900
1129,Application-19,M_Req,missing_destination,44,Application-19-Service,EndDevice-19,Application-19-Service,2900
1143,Application-34,M_Req,missing_destination,59,Application-34-Service,EndDevice-34,Application-34-Service,3000
1144,Application-14,M_Req,missing_destination,39,Application-14-Service,EndDevice-14,Application-14-Service,3000
1145,Application-43,M_Req,missing_destination,68,Application-43-Service,EndDevice-43,Application-43-Service,3000
1151,Application-20,M_Req,missing_destination,45,Application-20-Service,EndDevice-20,Application-20-Service,3000
1156,Application-48,M_Req,missing_destination,73,Application-48-Service,EndDevice-48,Application-48-Service,3000
1191,Application-34,M_Req,missing_destination,59,Application-34-Service,EndDevice-34,Application-34-Service,3100
1193,Application-43,M_Req,missing_destination,68,Application-43-Service,EndDevice-43,Application-43-Service,3100
1206,Application-21,M_Req,missing_destination,46,Application-21-Service,EndDevice-21,Application-21-Service,3200
1208,Application-4,M_Req,missing_destination,29,Application-4-Service,EndDevice-4,Application-4-Service,3200
1209,Application-28,M_Req,missing_destination,53,Application-28-Service,EndDevice-28,Application-28-Service,3200
1211,Application-37,M_Req,missing_destination,62,Application-37-Service,EndDevice-37,Application-37-Service,3200
1212,Application-45,M_Req,missing_destination,70,Application-45-Service,EndDevice-45,Application-45-Service,3200
1215,Application-29,M_Req,missing_destination,54,Application-29-Service,EndDevice-29,Application-29-Service,3200
1223,Application-5,M_Req,missing_destination,30,Application-5-Service,EndDevice-5,Application-5-Service,3200
1225,Application-13,M_Req,missing_destination,38,Application-13-Service,EndDevice-13,Application-13-Service,3200
1230,Application-46,M_Req,missing_destination,71,Application-46-Service,EndDevice-46,Application-46-Service,3200
1231,Application-36,M_Req,missing_destination,61,Application-36-Service,EndDevice-36,Application-36-Service,3200
1238,Application-7,M_Req,missing_destination,32,Application-7-Service,EndDevice-7,Application-7-Service,3300
1242,Application-17,M_Req,missing_destination,42,Application-17-Service,EndDevice-17,Application-17-Service,3300
1254,Application-21,M_Req,missing_destination,46,Application-21-Service,EndDevice-21,Application-21-Service,3300
1256,Application-4,M_Req,missing_destination,29,Application-4-Service,EndDevice-4,Application-4-Service,3300
1257,Application-28,M_Req,missing_destination,53,Application-28-Service,EndDevice-28,Application-28-Service,3300
1259,Application-37,M_Req,missing_destination,62,Application-37-Service,EndDevice-37,Application-37-Service,3300
1260,Application-45,M_Req,missing_destination,70,Application-45-Service,EndDevice-45,Application-45-Service,3300
1263,Application-29,M_Req,missing_destination,54,Application-29-Service,EndDevice-29,Application-29-Service,3300
1271,Application-5,M_Req,missing_destination,30,Application-5-Service,EndDevice-5,Application-5-Service,3300
1273,Application-13,M_Req,missing_destination,38,Application-13-Service,EndDevice-13,Application-13-Service,3300
1278,Application-46,M_Req,missing_destination,71,Application-46-Service,EndDevice-46,Application-46-Service,3300
1279,Application-36,M_Req,missing_destination,61,Application-36-Service,EndDevice-36,Application-36-Service,3300
1285,Application-7,M_Req,missing_destination,32,Application-7-Service,EndDevice-7,Application-7-Service,3400
1289,Application-17,M_Req,missing_destination,42,Application-17-Service,EndDevice-17,Application-17-Service,3400
1298,Application-21,M_Req,missing_destination,46,Application-21-Service,EndDevice-21,Application-21-Service,3400
1300,Application-4,M_Req,missing_destination,29,Application-4-Service,EndDevice-4,Application-4-Service,3400
1301,Application-28,M_Req,missing_destination,53,Application-28-Service,EndDevice-28,Application-28-Service,3400
1303,Application-45,M_Req,missing_destination,70,Application-45-Service,EndDevice-45,Application-45-Service,3400
1311,Application-5,M_Req,missing_destination,30,Application-5-Service,EndDevice-5,Application-5-Service,3500
1313,Application-13,M_Req,missing_destination,38,Application-13-Service,EndDevice-13,Application-13-Service,3500
1327,Application-6,M_Req,missing_destination,31,Application-6-Service,EndDevice-6,Application-6-Service,3500
1332,Application-35,M_Req,missing_destination,60,Application-35-Service,EndDevice-35,Application-35-Service,3500
1333,Application-7,M_Req,missing_destination,32,Application-7-Service,EndDevice-7,Application-7-Service,3500
1335,Application-25,M_Req,missing_destination,50,Application-25-Service,EndDevice-25,Application-25-Service,3500
1337,Application-17,M_Req,missing_destination,42,Application-17-Service,EndDevice-17,Application-17-Service,3500
1345,Application-1,M_Req,missing_destination,26,Application-1-Service,EndDevice-1,Application-1-Service,3500
1346,Application-21,M_Req,missing_destination,46,Application-21-Service,EndDevice-21,Application-21-Service,3500
1348,Application-4,M_Req,missing_destination,29,Application-4-Service,EndDevice-4,Application-4-Service,3500
1349,Application-28,M_Req,missing_destination,53,Application-28-Service,EndDevice-28,Application-28-Service,3500
1350,Application-40,M_Req,missing_destination,65,Application-40-Service,EndDevice-40,Application-40-Service,3500
1351,Application-45,M_Req,missing_destination,70,Application-45-Service,EndDevice-45,Application-45-Service,3500
1354,Application-16,M_Req,missing_destination,41,Application-16-Service,EndDevice-16,Application-16-Service,3500
1358,Application-3,M_Req,missing_destination,28,Application-3-Service,EndDevice-3,Application-3-Service,3500
1359,Application-5,M_Req,missing_destination,30,Application-5-Service,EndDevice-5,Application-5-Service,3600
1361,Application-13,M_Req,missing_destination,38,Application-13-Service,EndDevice-13,Application-13-Service,3600
1371,Application-6,M_Req,missing_destination,31,Application-6-Service,EndDevice-6,Application-6-Service,3600
1375,Application-35,M_Req,missing_destination,60,Application-35-Service,EndDevice-35,Application-35-Service,3600
1376,Application-7,M_Req,missing_destination,32,Application-7-Service,EndDevice-7,Application-7-Service,3600
1378,Application-25,M_Req,missing_destination,50,Application-25-Service,EndDevice-25,Application-25-Service,3600
1386,Application-1,M_Req,missing_destination,26,Application-1-Service,EndDevice-1,Application-1-Service,3600
1424,Application-7,M_Req,missing_destination,32,Application-7-Service,EndDevice-7,Application-7-Service,3700
1441,Application-10,M_Req,missing_destination,35,Application-10-Service,EndDevice-10,Application-10-Service,3800
1449,Application-42,M_Req,missing_destination,67,Application-42-Service,EndDevice-42,Application-42-Service,3800
1451,Application-18,M_Req,missing_destination,43,Application-18-Service,EndDevice-18,Application-18-Service,3800
1453,Application-5,M_Req,missing_destination,30,Application-5-Service,EndDevice-5,Application-5-Service,3800
1454,Application-13,M_Req,missing_destination,38,Application-13-Service,EndDevice-13,Application-13-Service,3800
1463,Application-33,M_Req,missing_destination,58,Application-33-Service,EndDevice-33,Application-33-Service,3800
1467,Application-23,M_Req,missing_destination,48,Application-23-Service,EndDevice-23,Application-23-Service,3900
1472,Application-26,M_Req,missing_destination,51,Application-26-Service,EndDevice-26,Application-26-Service,3900
1489,Application-10,M_Req,missing_destination,35,Application-10-Service,EndDevice-10,Application-10-Service,3900
1497,Application-42,M_Req,missing_destination,67,Application-42-Service,EndDevice-42,Application-42-Service,3900
1499,Application-18,M_Req,missing_destination,43,Application-18-Service,EndDevice-18,Application-18-Service,3900
1501,Application-5,M_Req,missing_destination,30,Application-5-Service,EndDevice-5,Application-5-Service,3900
1502,Application-13,M_Req,missing_destination,38,Application-13-Service,EndDevice-13,Application-13-Service,3900
1511,Application-33,M_Req,missing_destination,58,Application-33-Service,EndDevice-33,Application-33-Service,3900
1519,Application-26,M_Req,missing_destination,51,Application-26-Service,EndDevice-26,Application-26-Service,4000
1544,Application-2,M_Req,missing_destination,27,Application-2-Service,EndDevice-2,Application-2-Service,4100
1550,Application-33,M_Req,missing_destination,58,Application-33-Service,EndDevice-33,Application-33-Service,4100
1559,Application-22,M_Req,missing_destination,47,Application-22-Service,EndDevice-22,Application-22-Service,4100
1567,Application-26,M_Req,missing_destination,51,Application-26-Service,EndDevice-26,Application-26-Service,4100
1568,Application-1,M_Req,missing_destination,26,Application-1-Service,EndDevice-1,Application-1-Service,4100
1582,Application-41,M_Req,missing_destination,66,Application-41-Service,EndDevice-41,Application-41-Service,4100
1585,Application-17,M_Req,missing_destination,42,Application-17-Service,EndDevice-17,Application-17-Service,4100
1592,Application-2,M_Req,missing_destination,27,Application-2-Service,EndDevice-2,Application-2-Service,4200
1597,Application-33,M_Req,missing_destination,58,Application-33-Service,EndDevice-33,Application-33-Service,4200
1605,Application-22,M_Req,missing_destination,47,Application-22-Service,EndDevice-22,Application-22-Service,4200
1611,Application-26,M_Req,missing_destination,51,Application-26-Service,EndDevice-26,Application-26-Service,4200
1612,Application-1,M_Req,missing_destination,26,Application-1-Service,EndDevice-1,Application-1-Service,4200
1640,Application-2,M_Req,missing_destination,27,Application-2-Service,EndDevice-2,Application-2-Service,4300
1653,Application-22,M_Req,missing_destination,47,Application-22-Service,EndDevice-22,Application-22-Service,4300
1659,Application-26,M_Req,missing_destination,51,Application-26-Service,EndDevice-26,Application-26-Service,4300
1670,Application-31,M_Req,missing_destination,56,Application-31-Service,EndDevice-31,Application-31-Service,4400
1683,Application-2,M_Req,missing_destination,27,Application-2-Service,EndDevice-2,Application-2-Service,4400
1690,Application-19,M_Req,missing_destination,44,Application-19-Service,EndDevice-19,Application-19-Service,4400
1692,Application-29,M_Req,missing_destination,54,Application-29-Service,EndDevice-29,Application-29-Service,4400
1695,Application-22,M_Req,missing_destination,47,Application-22-Service,EndDevice-22,Application-22-Service,4400
1699,Application-39,M_Req,missing_destination,64,Application-39-Service,EndDevice-39,Application-39-Service,4500
1700,Application-26,M_Req,missing_destination,51,Application-26-Service,EndDevice-26,Application-26-Service,4500
1718,Application-31,M_Req,missing_destination,56,Application-31-Service,EndDevice-31,Application-31-Service,4500
1731,Application-2,M_Req,missing_destination,27,Application-2-Service,EndDevice-2,Application-2-Service,4500
1738,Application-19,M_Req,missing_destination,44,Application-19-Service,EndDevice-19,Application-19-Service,4500
1740,Application-29,M_Req,missing_destination,54,Application-29-Service,EndDevice-29,Application-29-Service,4500
1743,Application-22,M_Req,missing_destination,47,Application-22-Service,EndDevice-22,Application-22-Service,4500
1746,Application-26,M_Req,missing_destination,51,Application-26-Service,EndDevice-26,Application-26-Service,4600
1776,Application-33,M_Req,missing_destination,58,Application-33-Service,EndDevice-33,Application-33-Service,4700
1785,Application-31,M_Req,missing_destination,56,Application-31-Service,EndDevice-31,Application-31-Service,4700
1790,Application-41,M_Req,missing_destination,66,Application-41-Service,EndDevice-41,Application-41-Service,4700
1791,Application-20,M_Req,missing_destination,45,Application-20-Service,EndDevice-20,Application-20-Service,4700
1794,Application-26,M_Req,missing_destination,51,Application-26-Service,EndDevice-26,Application-26-Service,4700
1795,Application-1,M_Req,missing_destination,26,Application-1-Service,EndDevice-1,Application-1-Service,4700
1800,Application-40,M_Req,missing_destination,65,Application-40-Service,EndDevice-40,Application-40-Service,4700
1811,Application-16,M_Req,missing_destination,41,Application-16-Service,EndDevice-16,Application-16-Service,4700
1815,Application-32,M_Req,missing_destination,57,Application-32-Service,EndDevice-32,Application-32-Service,4700
1818,Application-48,M_Req,missing_destination,73,Application-48-Service,EndDevice-48,Application-48-Service,4700
1831,Application-31,M_Req,missing_destination,56,Application-31-Service,EndDevice-31,Application-31-Service,4800
1835,Application-41,M_Req,missing_destination,66,Application-41-Service,EndDevice-41,Application-41-Service,4800
1836,Application-20,M_Req,missing_destination,45,Application-20-Service,EndDevice-20,Application-20-Service,4800
1838,Application-26,M_Req,missing_destination,51,Application-26-Service,EndDevice-26,Application-26-Service,4800
1839,Application-1,M_Req,missing_destination,26,Application-1-Service,EndDevice-1,Application-1-Service,4800
1844,Application-40,M_Req,missing_destination,65,Application-40-Service,EndDevice-40,Application-40-Service,4800
1879,Application-31,M_Req,missing_destination,56,Application-31-Service,EndDevice-31,Application-31-Service,4900
1883,Application-41,M_Req,missing_destination,66,Application-41-Service,EndDevice-41,Application-41-Service,4900
1884,Application-20,M_Req,missing_destination,45,Application-20-Service,EndDevice-20,Application-20-Service,4900
1887,Application-1,M_Req,missing_destination,26,Application-1-Service,EndDevice-1,Application-1-Service,4900
1892,Application-40,M_Req,missing_destination,65,Application-40-Service,EndDevice-40,Application-40-Service,4900
1905,Application-7,M_Req,missing_destination,32,Application-7-Service,EndDevice-7,Application-7-Service,5000
1910,Application-46,M_Req,missing_destination,71,Application-46-Service,EndDevice-46,Application-46-Service,5000
1918,Application-15,M_Req,missing_destination,40,Application-15-Service,EndDevice-15,Application-15-Service,5000
1920,Application-8,M_Req,missing_destination,33,Application-8-Service,EndDevice-8,Application-8-Service,5000
1922,Application-9,M_Req,missing_destination,34,Application-9-Service,EndDevice-9,Application-9-Service,5000
1925,Application-20,M_Req,missing_destination,45,Application-20-Service,EndDevice-20,Application-20-Service,5000
1926,Application-39,M_Req,missing_destination,64,Application-39-Service,EndDevice-39,Application-39-Service,5100
1953,Application-7,M_Req,missing_destination,32,Application-7-Service,EndDevice-7,Application-7-Service,5100
1958,Application-46,M_Req,missing_destination,71,Application-46-Service,EndDevice-46,Application-46-Service,5100
1966,Application-15,M_Req,missing_destination,40,Application-15-Service,EndDevice-15,Application-15-Service,5100
1968,Application-8,M_Req,missing_destination,33,Application-8-Service,EndDevice-8,Application-8-Service,5100
1970,Application-9,M_Req,missing_destination,34,Application-9-Service,EndDevice-9,Application-9-Service,5100
1973,Application-20,M_Req,missing_destination,45,Application-20-Service,EndDevice-20,Application-20-Service,5100
1999,Application-46,M_Req,missing_destination,71,Application-46-Service,EndDevice-46,Application-46-Service,5200
2007,Application-8,M_Req,missing_destination,33,Application-8-Service,EndDevice-8,Application-8-Service,5300
2008,Application-24,M_Req,missing_destination,49,Application-24-Service,EndDevice-24,Application-24-Service,5300
2013,Application-38,M_Req,missing_destination,63,Application-38-Service,EndDevice-38,Application-38-Service,5300
2014,Application-21,M_Req,missing_destination,46,Application-21-Service,EndDevice-21,Application-21-Service,5300
2017,Application-18,M_Req,missing_destination,43,Application-18-Service,EndDevice-18,Application-18-Service,5300
2020,Application-1,M_Req,missing_destination,26,Application-1-Service,EndDevice-1,Application-1-Service,5300
2025,Application-40,M_Req,missing_destination,65,Application-40-Service,EndDevice-40,Application-40-Service,5300
2028,Application-47,M_Req,missing_destination,72,Application-47-Service,EndDevice-47,Application-47-Service,5300
2031,Application-31,M_Req,missing_destination,56,Application-31-Service,EndDevice-31,Application-31-Service,5300
2032,Application-32,M_Req,missing_destination,57,Application-32-Service,EndDevice-32,Application-32-Service,5300
2039,Application-48,M_Req,missing_destination,73,Application-48-Service,EndDevice-48,Application-48-Service,5300
2044,Application-37,M_Req,missing_destination,62,Application-37-Service,EndDevice-37,Application-37-Service,5300
2045,Application-16,M_Req,missing_destination,41,Application-16-Service,EndDevice-16,Application-16-Service,5300
2047,Application-46,M_Req,missing_destination,71,Application-46-Service,EndDevice-46,Application-46-Service,5300
2054,Application-8,M_Req,missing_destination,33,Application-8-Service,EndDevice-8,Application-8-Service,5400
2055,Application-24,M_Req,missing_destination,49,Application-24-Service,EndDevice-24,Application-24-Service,5400
2060,Application-38,M_Req,missing_destination,63,Application-38-Service,EndDevice-38,Application-38-Service,5400
2061,Application-21,M_Req,missing_destination,46,Application-21-Service,EndDevice-21,Application-21-Service,5400
2064,Application-18,M_Req,missing_destination,43,Application-18-Service,EndDevice-18,Application-18-Service,5400
2067,Application-1,M_Req,missing_destination,26,Application-1-Service,EndDevice-1,Application-1-Service,5400
2071,Application-40,M_Req,missing_destination,65,Application-40-Service,EndDevice-40,Application-40-Service,5400
2074,Application-47,M_Req,missing_destination,72,Application-47-Service,EndDevice-47,Application-47-Service,5400
2076,Application-31,M_Req,missing_destination,56,Application-31-Service,EndDevice-31,Application-31-Service,5400
2077,Application-32,M_Req,missing_destination,57,Application-32-Service,EndDevice-32,Application-32-Service,5400
2129,Application-42,M_Req,missing_destination,67,Application-42-Service,EndDevice-42,Application-42-Service,5600
2137,Application-16,M_Req,missing_destination,41,Application-16-Service,EndDevice-16,Application-16-Service,5600
2144,Application-10,M_Req,missing_destination,35,Application-10-Service,EndDevice-10,Application-10-Service,5600
2160,Application-43,M_Req,missing_destination,68,Application-43-Service,EndDevice-43,Application-43-Service,5700
2161,Application-40,M_Req,missing_destination,65,Application-40-Service,EndDevice-40,Application-40-Service,5700
2177,Application-42,M_Req,missing_destination,67,Application-42-Service,EndDevice-42,Application-42-Service,5700
2185,Application-16,M_Req,missing_destination,41,Application-16-Service,EndDevice-16,Application-16-Service,5700
2192,Application-10,M_Req,missing_destination,35,Application-10-Service,EndDevice-10,Application-10-Service,5700
2207,Application-43,M_Req,missing_destination,68,Application-43-Service,EndDevice-43,Application-43-Service,5800
2241,Application-15,M_Req,missing_destination,40,Application-15-Service,EndDevice-15,Application-15-Service,5900
2246,Application-19,M_Req,missing_destination,44,Application-19-Service,EndDevice-19,Application-19-Service,5900
2249,Application-48,M_Req,missing_destination,73,Application-48-Service,EndDevice-48,Application-48-Service,5900
2255,Application-43,M_Req,missing_destination,68,Application-43-Service,EndDevice-43,Application-43-Service,5900
2264,Application-31,M_Req,missing_destination,56,Application-31-Service,EndDevice-31,Application-31-Service,5900
2265,Application-23,M_Req,missing_destination,48,Application-23-Service,EndDevice-23,Application-23-Service,5900
2271,Application-7,M_Req,missing_destination,32,Application-7-Service,EndDevice-7,Application-7-Service,5900
2274,Application-39,M_Req,missing_destination,64,Application-39-Service,EndDevice-39,Application-39-Service,5900
2285,Application-15,M_Req,missing_destination,40,Application-15-Service,EndDevice-15,Application-15-Service,6000
2289,Application-19,M_Req,missing_destination,44,Application-19-Service,EndDevice-19,Application-19-Service,6000
2292,Application-48,M_Req,missing_destination,73,Application-48-Service,EndDevice-48,Application-48-Service,6000
2304,Application-31,M_Req,missing_destination,56,Application-31-Service,EndDevice-31,Application-31-Service,6000
2305,Application-23,M_Req,missing_destination,48,Application-23-Service,EndDevice-23,Application-23-Service,6000
2333,Application-15,M_Req,missing_destination,40,Application-15-Service,EndDevice-15,Application-15-Service,6100
2337,Application-19,M_Req,missing_destination,44,Application-19-Service,EndDevice-19,Application-19-Service,6100
2340,Application-48,M_Req,missing_destination,73,Application-48-Service,EndDevice-48,Application-48-Service,6100
2352,Application-31,M_Req,missing_destination,56,Application-31-Service,EndDevice-31,Application-31-Service,6100
2353,Application-23,M_Req,missing_destination,48,Application-23-Service,EndDevice-23,Application-23-Service,6100
2376,Application-15,M_Req,missing_destination,40,Application-15-Service,EndDevice-15,Application-15-Service,6200
2380,Application-19,M_Req,missing_destination,44,Application-19-Service,EndDevice-19,Application-19-Service,6200
2382,Application-48,M_Req,missing_destination,73,Application-48-Service,EndDevice-48,Application-48-Service,6200
2385,Application-40,M_Req,missing_destination,65,Application-40-Service,EndDevice-40,Application-40-Service,6300
2391,Application-30,M_Req,missing_destination,55,Application-30-Service,EndDevice-30,Application-30-Service,6300
2392,Application-31,M_Req,missing_destination,56,Application-31-Service,EndDevice-31,Application-31-Service,6300
2394,Application-41,M_Req,missing_destination,66,Application-41-Service,EndDevice-41,Application-41-Service,6300
2424,Application-15,M_Req,missing_destination,40,Application-15-Service,EndDevice-15,Application-15-Service,6300
2428,Application-19,M_Req,missing_destination,44,Application-19-Service,EndDevice-19,Application-19-Service,6300
2430,Application-48,M_Req,missing_destination,73,Application-48-Service,EndDevice-48,Application-48-Service,6300
2433,Application-40,M_Req,missing_destination,65,Application-40-Service,EndDevice-40,Application-40-Service,6400
2438,Application-30,M_Req,missing_destination,55,Application-30-Service,EndDevice-30,Application-30-Service,6400
2466,Application-15,M_Req,missing_destination,40,Application-15-Service,EndDevice-15,Application-15-Service,6500
2473,Application-18,M_Req,missing_destination,43,Application-18-Service,EndDevice-18,Application-18-Service,6500
2481,Application-40,M_Req,missing_destination,65,Application-40-Service,EndDevice-40,Application-40-Service,6500
2486,Application-30,M_Req,missing_destination,55,Application-30-Service,EndDevice-30,Application-30-Service,6500
2497,Application-7,M_Req,missing_destination,32,Application-7-Service,EndDevice-7,Application-7-Service,6500
2500,Application-39,M_Req,missing_destination,64,Application-39-Service,EndDevice-39,Application-39-Service,6500
2521,Application-40,M_Req,missing_destination,65,Application-40-Service,EndDevice-40,Application-40-Service,6600
2526,Application-30,M_Req,missing_destination,55,Application-30-Service,EndDevice-30,Application-30-Service,6600
2569,Application-40,M_Req,missing_destination,65,Application-40-Service,EndDevice-40,Application-40-Service,6700
2574,Application-30,M_Req,missing_destination,55,Application-30-Service,EndDevice-30,Application-30-Service,6700
2584,Application-28,M_Req,missing_destination,53,Application-28-Service,EndDevice-28,Application-28-Service,6800
2588,Application-4,M_Req,missing_destination,29,Application-4-Service,EndDevice-4,Application-4-Service,6800
2604,Application-20,M_Req,missing_destination,45,Application-20-Service,EndDevice-20,Application-20-Service,6800
2605,Application-12,M_Req,missing_destination,37,Application-12-Service,EndDevice-12,Application-12-Service,6800
2617,Application-24,M_Req,missing_destination,49,Application-24-Service,EndDevice-24,Application-24-Service,6900
2619,Application-34,M_Req,missing_destination,59,Application-34-Service,EndDevice-34,Application-34-Service,6900
2632,Application-28,M_Req,missing_destination,53,Application-28-Service,EndDevice-28,Application-28-Service,6900
2636,Application-4,M_Req,missing_destination,29,Application-4-Service,EndDevice-4,Application-4-Service,6900
2652,Application-20,M_Req,missing_destination,45,Application-20-Service,EndDevice-20,Application-20-Service,6900
2653,Application-12,M_Req,missing_destination,37,Application-12-Service,EndDevice-12,Application-12-Service,6900
2665,Application-34,M_Req,missing_destination,59,Application-34-Service,EndDevice-34,Application-34-Service,7000
2676,Application-28,M_Req,missing_destination,53,Application-28-Service,EndDevice-28,Application-28-Service,7000
2679,Application-4,M_Req,missing_destination,29,Application-4-Service,EndDevice-4,Application-4-Service,7000
2692,Application-20,M_Req,missing_destination,45,Application-20-Service,EndDevice-20,Application-20-Service,7100
2693,Application-12,M_Req,missing_destination,37,Application-12-Service,EndDevice-12,Application-12-Service,7100
2697,Application-44,M_Req,missing_destination,69,Application-44-Service,EndDevice-44,Application-44-Service,7100
2701,Application-24,M_Req,missing_destination,49,Application-24-Service,EndDevice-24,Application-24-Service,7100
2705,Application-6,M_Req,missing_destination,31,Application-6-Service,EndDevice-6,Application-6-Service,7100
2706,Application-16,M_Req,missing_destination,41,Application-16-Service,EndDevice-16,Application-16-Service,7100
2713,Application-34,M_Req,missing_destination,59,Application-34-Service,EndDevice-34,Application-34-Service,7100
2721,Application-36,M_Req,missing_destination,61,Application-36-Service,EndDevice-36,Application-36-Service,7100
2724,Application-28,M_Req,missing_destination,53,Application-28-Service,EndDevice-28,Application-28-Service,7100
2725,Application-11,M_Req,missing_destination,36,Application-11-Service,EndDevice-11,Application-11-Service,7100
2726,Application-46,M_Req,missing_destination,71,Application-46-Service,EndDevice-46,Application-46-Service,7100
2727,Application-4,M_Req,missing_destination,29,Application-4-Service,EndDevice-4,Application-4-Service,7100
2728,Application-38,M_Req,missing_destination,63,Application-38-Service,EndDevice-38,Application-38-Service,7100
2729,Application-27,M_Req,missing_destination,52,Application-27-Service,EndDevice-27,Application-27-Service,7100
2730,Application-43,M_Req,missing_destination,68,Application-43-Service,EndDevice-43,Application-43-Service,7100
2733,Application-35,M_Req,missing_destination,60,Application-35-Service,EndDevice-35,Application-35-Service,7100
2739,Application-20,M_Req,missing_destination,45,Application-20-Service,EndDevice-20,Application-20-Service,7200
2740,Application-12,M_Req,missing_destination,37,Application-12-Service,EndDevice-12,Application-12-Service,7200
2744,Application-44,M_Req,missing_destination,69,Application-44-Service,EndDevice-44,Application-44-Service,7200
2748,Application-24,M_Req,missing_destination,49,Application-24-Service,EndDevice-24,Application-24-Service,7200
2750,Application-6,M_Req,missing_destination,31,Application-6-Service,EndDevice-6,Application-6-Service,7200
2751,Application-16,M_Req,missing_destination,41,Application-16-Service,EndDevice-16,Application-16-Service,7200
2758,Application-34,M_Req,missing_destination,59,Application-34-Service,EndDevice-34,Application-34-Service,7200
2766,Application-36,M_Req,missing_destination,61,Application-36-Service,EndDevice-36,Application-36-Service,7200
2806,Application-34,M_Req,missing_destination,59,Application-34-Service,EndDevice-34,Application-34-Service,7300
2816,Application-46,M_Req,missing_destination,71,Application-46-Service,EndDevice-46,Application-46-Service,7400
2823,Application-22,M_Req,missing_destination,47,Application-22-Service,EndDevice-22,Application-22-Service,7400
2826,Application-48,M_Req,missing_destination,73,Application-48-Service,EndDevice-48,Application-48-Service,7400
2835,Application-10,M_Req,missing_destination,35,Application-10-Service,EndDevice-10,Application-10-Service,7400
2840,Application-40,M_Req,missing_destination,65,Application-40-Service,EndDevice-40,Application-40-Service,7500
2843,Application-30,M_Req,missing_destination,55,Application-30-Service,EndDevice-30,Application-30-Service,7500
2864,Application-46,M_Req,missing_destination,71,Application-46-Service,EndDevice-46,Application-46-Service,7500
2871,Application-22,M_Req,missing_destination,47,Application-22-Service,EndDevice-22,Application-22-Service,7500
2874,Application-48,M_Req,missing_destination,73,Application-48-Service,EndDevice-48,Application-48-Service,7500
2883,Application-10,M_Req,missing_destination,35,Application-10-Service,EndDevice-10,Application-10-Service,7500
2888,Application-40,M_Req,missing_destination,65,Application-40-Service,EndDevice-40,Application-40-Service,7600
2890,Application-30,M_Req,missing_destination,55,Application-30-Service,EndDevice-30,Application-30-Service,7600
2927,Application-28,M_Req,missing_destination,53,Application-28-Service,EndDevice-28,Application-28-Service,7700
2931,Application-23,M_Req,missing_destination,48,Application-23-Service,EndDevice-23,Application-23-Service,7700
2933,Application-48,M_Req,missing_destination,73,Application-48-Service,EndDevice-48,Application-48-Service,7700
2935,Application-43,M_Req,missing_destination,68,Application-43-Service,EndDevice-43,Application-43-Service,7700
2936,Application-40,M_Req,missing_destination,65,Application-40-Service,EndDevice-40,Application-40-Service,7700
2938,Application-30,M_Req,missing_destination,55,Application-30-Service,EndDevice-30,Application-30-Service,7700
2942,Application-14,M_Req,missing_destination,39,Application-14-Service,EndDevice-14,Application-14-Service,7700
2947,Application-27,M_Req,missing_destination,52,Application-27-Service,EndDevice-27,Application-27-Service,7700
2956,Application-46,M_Req,missing_destination,71,Application-46-Service,EndDevice-46,Application-46-Service,7700
2961,Application-22,M_Req,missing_destination,47,Application-22-Service,EndDevice-22,Application-22-Service,7700
2972,Application-28,M_Req,missing_destination,53,Application-28-Service,EndDevice-28,Application-28-Service,7800
2976,Application-23,M_Req,missing_destination,48,Application-23-Service,EndDevice-23,Application-23-Service,7800
2979,Application-43,M_Req,missing_destination,68,Application-43-Service,EndDevice-43,Application-43-Service,7800
2980,Application-40,M_Req,missing_destination,65,Application-40-Service,EndDevice-40,Application-40-Service,7800
2982,Application-30,M_Req,missing_destination,55,Application-30-Service,EndDevice-30,Application-30-Service,7800
2986,Application-14,M_Req,missing_destination,39,Application-14-Service,EndDevice-14,Application-14-Service,7800
2990,Application-27,M_Req,missing_destination,52,Application-27-Service,EndDevice-27,Application-27-Service,7800
3028,Application-40,M_Req,missing_destination,65,Application-40-Service,EndDevice-40,Application-40-Service,7900
3030,Application-30,M_Req,missing_destination,55,Application-30-Service,EndDevice-30,Application-30-Service,7900
3051,Application-18,M_Req,missing_destination,43,Application-18-Service,EndDevice-18,Application-18-Service,8000
3062,Application-10,M_Req,missing_destination,35,Application-10-Service,EndDevice-10,Application-10-Service,8000
3068,Application-2,M_Req,missing_destination,27,Application-2-Service,EndDevice-2,Application-2-Service,8000
3071,Application-32,M_Req,missing_destination,57,Application-32-Service,EndDevice-32,Application-32-Service,8100
3073,Application-42,M_Req,missing_destination,67,Application-42-Service,EndDevice-42,Application-42-Service,8100
3099,Application-18,M_Req,missing_destination,43,Application-18-Service,EndDevice-18,Application-18-Service,8100
3110,Application-10,M_Req,missing_destination,35,Application-10-Service,EndDevice-10,Application-10-Service,8100
3116,Application-2,M_Req,missing_destination,27,Application-2-Service,EndDevice-2,Application-2-Service,8100
3148,Application-5,M_Req,missing_destination,30,Application-5-Service,EndDevice-5,Application-5-Service,8300
3159,Application-47,M_Req,missing_destination,72,Application-47-Service,EndDevice-47,Application-47-Service,8300
3160,Application-30,M_Req,missing_destination,55,Application-30-Service,EndDevice-30,Application-30-Service,8300
3165,Application-20,M_Req,missing_destination,45,Application-20-Service,EndDevice-20,Application-20-Service,8300
3166,Application-17,M_Req,missing_destination,42,Application-17-Service,EndDevice-17,Application-17-Service,8300
3171,Application-27,M_Req,missing_destination,52,Application-27-Service,EndDevice-27,Application-27-Service,8300
3176,Application-37,M_Req,missing_destination,62,Application-37-Service,EndDevice-37,Application-37-Service,8300
3181,Application-45,M_Req,missing_destination,70,Application-45-Service,EndDevice-45,Application-45-Service,8300
3185,Application-46,M_Req,missing_destination,71,Application-46-Service,EndDevice-46,Application-46-Service,8300
3194,Application-6,M_Req,missing_destination,31,Application-6-Service,EndDevice-6,Application-6-Service,8300
3196,Application-5,M_Req,missing_destination,30,Application-5-Service,EndDevice-5,Application-5-Service,8400
3206,Application-47,M_Req,missing_destination,72,Application-47-Service,EndDevice-47,Application-47-Service,8400
3207,Application-30,M_Req,missing_destination,55,Application-30-Service,EndDevice-30,Application-30-Service,8400
3211,Application-20,M_Req,missing_destination,45,Application-20-Service,EndDevice-20,Application-20-Service,8400
3212,Application-17,M_Req,missing_destination,42,Application-17-Service,EndDevice-17,Application-17-Service,8400
3218,Application-37,M_Req,missing_destination,62,Application-37-Service,EndDevice-37,Application-37-Service,8400
3222,Application-45,M_Req,missing_destination,70,Application-45-Service,EndDevice-45,Application-45-Service,8400
3255,Application-30,M_Req,missing_destination,55,Application-30-Service,EndDevice-30,Application-30-Service,8500
3259,Application-20,M_Req,missing_destination,45,Application-20-Service,EndDevice-20,Application-20-Service,8500
3278,Application-48,M_Req,missing_destination,73,Application-48-Service,EndDevice-48,Application-48-Service,8600
3282,Application-8,M_Req,missing_destination,33,Application-8-Service,EndDevice-8,Application-8-Service,8600
3283,Application-32,M_Req,missing_destination,57,Application-32-Service,EndDevice-32,Application-32-Service,8600
3286,Application-36,M_Req,missing_destination,61,Application-36-Service,EndDevice-36,Application-36-Service,8600
3292,Application-24,M_Req,missing_destination,49,Application-24-Service,EndDevice-24,Application-24-Service,8600
3295,Application-19,M_Req,missing_destination,44,Application-19-Service,EndDevice-19,Application-19-Service,8600
3299,Application-30,M_Req,missing_destination,55,Application-30-Service,EndDevice-30,Application-30-Service,8600
3302,Application-20,M_Req,missing_destination,45,Application-20-Service,EndDevice-20,Application-20-Service,8600
3309,Application-45,M_Req,missing_destination,70,Application-45-Service,EndDevice-45,Application-45-Service,8700
3326,Application-48,M_Req,missing_destination,73,Application-48-Service,EndDevice-48,Application-48-Service,8700
3330,Application-8,M_Req,missing_destination,33,Application-8-Service,EndDevice-8,Application-8-Service,8700
3331,Application-32,M_Req,missing_destination,57,Application-32-Service,EndDevice-32,Application-32-Service,8700
3334,Application-36,M_Req,missing_destination,61,Application-36-Service,EndDevice-36,Application-36-Service,8700
3340,Application-24,M_Req,missing_destination,49,Application-24-Service,EndDevice-24,Application-24-Service,8700
3343,Application-19,M_Req,missing_destination,44,Application-19-Service,EndDevice-19,Application-19-Service,8700
3347,Application-30,M_Req,missing_destination,55,Application-30-Service,EndDevice-30,Application-30-Service,8700
3350,Application-20,M_Req,missing_destination,45,Application-20-Service,EndDevice-20,Application-20-Service,8700
3356,Application-45,M_Req,missing_destination,70,Application-45-Service,EndDevice-45,Application-45-Service,8800
3372,Application-32,M_Req,missing_destination,57,Application-32-Service,EndDevice-32,Application-32-Service,8800
3375,Application-36,M_Req,missing_destination,61,Application-36-Service,EndDevice-36,Application-36-Service,8800
3380,Application-44,M_Req,missing_destination,69,Application-44-Service,EndDevice-44,Application-44-Service,8900
3384,Application-16,M_Req,missing_destination,41,Application-16-Service,EndDevice-16,Application-16-Service,8900
3389,Application-20,M_Req,missing_destination,45,Application-20-Service,EndDevice-20,Application-20-Service,8900
3400,Application-26,M_Req,missing_destination,51,Application-26-Service,EndDevice-26,Application-26-Service,8900
3404,Application-45,M_Req,missing_destination,70,Application-45-Service,EndDevice-45,Application-45-Service,8900
3405,Application-40,M_Req,missing_destination,65,Application-40-Service,EndDevice-40,Application-40-Service,8900
3407,Application-12,M_Req,missing_destination,37,Application-12-Service,EndDevice-12,Application-12-Service,8900
3408,Application-28,M_Req,missing_destination,53,Application-28-Service,EndDevice-28,Application-28-Service,8900
3413,Application-13,M_Req,missing_destination,38,Application-13-Service,EndDevice-13,Application-13-Service,8900
3420,Application-32,M_Req,missing_destination,57,Application-32-Service,EndDevice-32,Application-32-Service,8900
3423,Application-36,M_Req,missing_destination,61,Application-36-Service,EndDevice-36,Application-36-Service,8900
3424,Application-21,M_Req,missing_destination,46,Application-21-Service,EndDevice-21,Application-21-Service,8900
3428,Application-44,M_Req,missing_destination,69,Application-44-Service,EndDevice-44,Application-44-Service,9000
3431,Application-16,M_Req,missing_destination,41,Application-16-Service,EndDevice-16,Application-16-Service,9000
3435,Application-20,M_Req,missing_destination,45,Application-20-Service,EndDevice-20,Application-20-Service,9000
3443,Application-26,M_Req,missing_destination,51,Application-26-Service,EndDevice-26,Application-26-Service,9000
3446,Application-45,M_Req,missing_destination,70,Application-45-Service,EndDevice-45,Application-45-Service,9000
3447,Application-40,M_Req,missing_destination,65,Application-40-Service,EndDevice-40,Application-40-Service,9000
3449,Application-28,M_Req,missing_destination,53,Application-28-Service,EndDevice-28,Application-28-Service,9000
3476,Application-44,M_Req,missing_destination,69,Application-44-Service,EndDevice-44,Application-44-Service,9100
3479,Application-16,M_Req,missing_destination,41,Application-16-Service,EndDevice-16,Application-16-Service,9100
3483,Application-20,M_Req,missing_destination,45,Application-20-Service,EndDevice-20,Application-20-Service,9100
3491,Application-26,M_Req,missing_destination,51,Application-26-Service,EndDevice-26,Application-26-Service,9100
3495,Application-40,M_Req,missing_destination,65,Application-40-Service,EndDevice-40,Application-40-Service,9100
3497,Application-28,M_Req,missing_destination,53,Application-28-Service,EndDevice-28,Application-28-Service,9100
3501,Application-13,M_Req,missing_destination,38,Application-13-Service,EndDevice-13,Application-13-Service,9200
3506,Application-27,M_Req,missing_destination,52,Application-27-Service,EndDevice-27,Application-27-Service,9200
3507,Application-35,M_Req,missing_destination,60,Application-35-Service,EndDevice-35,Application-35-Service,9200
3509,Application-21,M_Req,missing_destination,46,Application-21-Service,EndDevice-21,Application-21-Service,9200
3512,Application-43,M_Req,missing_destination,68,Application-43-Service,EndDevice-43,Application-43-Service,9200
3516,Application-19,M_Req,missing_destination,44,Application-19-Service,EndDevice-19,Application-19-Service,9200
3520,Application-44,M_Req,missing_destination,69,Application-44-Service,EndDevice-44,Application-44-Service,9200
3522,Application-16,M_Req,missing_destination,41,Application-16-Service,EndDevice-16,Application-16-Service,9200
3525,Application-20,M_Req,missing_destination,45,Application-20-Service,EndDevice-20,Application-20-Service,9200
3526,Application-37,M_Req,missing_destination,62,Application-37-Service,EndDevice-37,Application-37-Service,9200
3530,Application-4,M_Req,missing_destination,29,Application-4-Service,EndDevice-4,Application-4-Service,9200
3531,Application-24,M_Req,missing_destination,49,Application-24-Service,EndDevice-24,Application-24-Service,9200
3549,Application-13,M_Req,missing_destination,38,Application-13-Service,EndDevice-13,Application-13-Service,9300
3554,Application-27,M_Req,missing_destination,52,Application-27-Service,EndDevice-27,Application-27-Service,9300
3555,Application-35,M_Req,missing_destination,60,Application-35-Service,EndDevice-35,Application-35-Service,9300
3557,Application-21,M_Req,missing_destination,46,Application-21-Service,EndDevice-21,Application-21-Service,9300
3560,Application-43,M_Req,missing_destination,68,Application-43-Service,EndDevice-43,Application-43-Service,9300
3564,Application-19,M_Req,missing_destination,44,Application-19-Service,EndDevice-19,Application-19-Service,9300
3568,Application-44,M_Req,missing_destination,69,Application-44-Service,EndDevice-44,Application-44-Service,9300
3570,Application-16,M_Req,missing_destination,41,Application-16-Service,EndDevice-16,Application-16-Service,9300
3573,Application-20,M_Req,missing_destination,45,Application-20-Service,EndDevice-20,Application-20-Service,9300
3574,Application-37,M_Req,missing_destination,62,Application-37-Service,EndDevice-37,Application-37-Service,9300
3578,Application-4,M_Req,missing_destination,29,Application-4-Service,EndDevice-4,Application-4-Service,9300
3579,Application-24,M_Req,missing_destination,49,Application-24-Service,EndDevice-24,Application-24-Service,9300
3601,Application-21,M_Req,missing_destination,46,Application-21-Service,EndDevice-21,Application-21-Service,9400
3621,Application-10,M_Req,missing_destination,35,Application-10-Service,EndDevice-10,Application-10-Service,9500
3646,Application-27,M_Req,missing_destination,52,Application-27-Service,EndDevice-27,Application-27-Service,9500
3647,Application-35,M_Req,missing_destination,60,Application-35-Service,EndDevice-35,Application-35-Service,9500
3649,Application-21,M_Req,missing_destination,46,Application-21-Service,EndDevice-21,Application-21-Service,9500
3652,Application-43,M_Req,missing_destination,68,Application-43-Service,EndDevice-43,Application-43-Service,9500
3656,Application-19,M_Req,missing_destination,44,Application-19-Service,EndDevice-19,Application-19-Service,9500
3738,Application-21,M_Req,missing_destination,46,Application-21-Service,EndDevice-21,Application-21-Service,9800
3741,Application-17,M_Req,missing_destination,42,Application-17-Service,EndDevice-17,Application-17-Service,9800
3747,Application-13,M_Req,missing_destination,38,Application-13-Service,EndDevice-13,Application-13-Service,9800
3757,Application-2,M_Req,missing_destination,27,Application-2-Service,EndDevice-2,Application-2-Service,9800
3762,Application-45,M_Req,missing_destination,70,Application-45-Service,EndDevice-45,Application-45-Service,9900
3766,Application-5,M_Req,missing_destination,30,Application-5-Service,EndDevice-5,Application-5-Service,9900
3769,Application-25,M_Req,missing_destination,50,Application-25-Service,EndDevice-25,Application-25-Service,9900
3771,Application-1,M_Req,missing_destination,26,Application-1-Service,EndDevice-1,Application-1-Service,9900
3786,Application-21,M_Req,missing_destination,46,Application-21-Service,EndDevice-21,Application-21-Service,9900
3789,Application-17,M_Req,missing_destination,42,Application-17-Service,EndDevice-17,Application-17-Service,9900
3795,Application-13,M_Req,missing_destination,38,Application-13-Service,EndDevice-13,Application-13-Service,9900
3805,Application-2,M_Req,missing_destination,27,Application-2-Service,EndDevice-2,Application-2-Service,9900
3810,Application-45,M_Req,missing_destination,70,Application-45-Service,EndDevice-45,Application-45-Service,10000
3813,Application-5,M_Req,missing_destination,30,Application-5-Service,EndDevice-5,Application-5-Service,10000
3816,Application-25,M_Req,missing_destination,50,Application-25-Service,EndDevice-25,Application-25-Service,10000
3817,Application-1,M_Req,missing_destination,26,Application-1-Service,EndDevice-1,Application-1-Service,10000
3829,Application-21,M_Req,missing_destination,46,Application-21-Service,EndDevice-21,Application-21-Service,10000
3832,Application-17,M_Req,missing_destination,42,Application-17-Service,EndDevice-17,Application-17-Service,10000
3837,Application-13,M_Req,missing_destination,38,Application-13-Service,EndDevice-13,Application-13-Service,10000
3845,Application-2,M_Req,missing_destination,27,Application-2-Service,EndDevice-2,Application-2-Service,10100
3849,Application-34,M_Req,missing_destination,59,Application-34-Service,EndDevice-34,Application-34-Service,10100
3858,Application-45,M_Req,missing_destination,70,Application-45-Service,EndDevice-45,Application-45-Service,10100
3860,Application-33,M_Req,missing_destination,58,Application-33-Service,EndDevice-33,Application-33-Service,10100
3861,Application-5,M_Req,missing_destination,30,Application-5-Service,EndDevice-5,Application-5-Service,10100
3864,Application-25,M_Req,missing_destination,50,Application-25-Service,EndDevice-25,Application-25-Service,10100
3865,Application-1,M_Req,missing_destination,26,Application-1-Service,EndDevice-1,Application-1-Service,10100
3869,Application-26,M_Req,missing_destination,51,Application-26-Service,EndDevice-26,Application-26-Service,10100
3875,Application-27,M_Req,missing_destination,52,Application-27-Service,EndDevice-27,Application-27-Service,10100
3876,Application-35,M_Req,missing_destination,60,Application-35-Service,EndDevice-35,Application-35-Service,10100
3877,Application-21,M_Req,missing_destination,46,Application-21-Service,EndDevice-21,Application-21-Service,10100
3880,Application-17,M_Req,missing_destination,42,Application-17-Service,EndDevice-17,Application-17-Service,10100
3881,Application-19,M_Req,missing_destination,44,Application-19-Service,EndDevice-19,Application-19-Service,10100
3885,Application-13,M_Req,missing_destination,38,Application-13-Service,EndDevice-13,Application-13-Service,10100
3887,Application-43,M_Req,missing_destination,68,Application-43-Service,EndDevice-43,Application-43-Service,10100
3893,Application-2,M_Req,missing_destination,27,Application-2-Service,EndDevice-2,Application-2-Service,10200
3896,Application-34,M_Req,missing_destination,59,Application-34-Service,EndDevice-34,Application-34-Service,10200
3904,Application-45,M_Req,missing_destination,70,Application-45-Service,EndDevice-45,Application-45-Service,10200
3906,Application-33,M_Req,missing_destination,58,Application-33-Service,EndDevice-33,Application-33-Service,10200
3908,Application-1,M_Req,missing_destination,26,Application-1-Service,EndDevice-1,Application-1-Service,10200
3912,Application-26,M_Req,missing_destination,51,Application-26-Service,EndDevice-26,Application-26-Service,10200
3941,Application-2,M_Req,missing_destination,27,Application-2-Service,EndDevice-2,Application-2-Service,10300
3944,Application-34,M_Req,missing_destination,59,Application-34-Service,EndDevice-34,Application-34-Service,10300
3954,Application-33,M_Req,missing_destination,58,Application-33-Service,EndDevice-33,Application-33-Service,10300
3960,Application-26,M_Req,missing_destination,51,Application-26-Service,EndDevice-26,Application-26-Service,10300
3967,Application-48,M_Req,missing_destination,73,Application-48-Service,EndDevice-48,Application-48-Service,10400
3970,Application-32,M_Req,missing_destination,57,Application-32-Service,EndDevice-32,Application-32-Service,10400
3972,Application-30,M_Req,missing_destination,55,Application-30-Service,EndDevice-30,Application-30-Service,10400
3973,Application-46,M_Req,missing_destination,71,Application-46-Service,EndDevice-46,Application-46-Service,10400
3981,Application-38,M_Req,missing_destination,63,Application-38-Service,EndDevice-38,Application-38-Service,10400
3986,Application-2,M_Req,missing_destination,27,Application-2-Service,EndDevice-2,Application-2-Service,10400
3987,Application-34,M_Req,missing_destination,59,Application-34-Service,EndDevice-34,Application-34-Service,10400
3988,Application-8,M_Req,missing_destination,33,Application-8-Service,EndDevice-8,Application-8-Service,10400
3990,Application-28,M_Req,missing_destination,53,Application-28-Service,EndDevice-28,Application-28-Service,10400
3995,Application-40,M_Req,missing_destination,65,Application-40-Service,EndDevice-40,Application-40-Service,10500
4015,Application-48,M_Req,missing_destination,73,Application-48-Service,EndDevice-48,Application-48-Service,10500
4018,Application-32,M_Req,missing_destination,57,Application-32-Service,EndDevice-32,Application-32-Service,10500
4020,Application-30,M_Req,missing_destination,55,Application-30-Service,EndDevice-30,Application-30-Service,10500
4021,Application-46,M_Req,missing_destination,71,Application-46-Service,EndDevice-46,Application-46-Service,10500
4029,Application-38,M_Req,missing_destination,63,Application-38-Service,EndDevice-38,Application-38-Service,10500
4034,Application-2,M_Req,missing_destination,27,Application-2-Service,EndDevice-2,Application-2-Service,10500
4035,Application-34,M_Req,missing_destination,59,Application-34-Service,EndDevice-34,Application-34-Service,10500
4036,Application-8,M_Req,missing_destination,33,Application-8-Service,EndDevice-8,Application-8-Service,10500
4038,Application-28,M_Req,missing_destination,53,Application-28-Service,EndDevice-28,Application-28-Service,10500
4072,Application-24,M_Req,missing_destination,49,Application-24-Service,EndDevice-24,Application-24-Service,10700
4076,Application-8,M_Req,missing_destination,33,Application-8-Service,EndDevice-8,Application-8-Service,10700
4077,Application-28,M_Req,missing_destination,53,Application-28-Service,EndDevice-28,Application-28-Service,10700
4089,Application-45,M_Req,missing_destination,70,Application-45-Service,EndDevice-45,Application-45-Service,10700
4091,Application-1,M_Req,missing_destination,26,Application-1-Service,EndDevice-1,Application-1-Service,10700
4095,Application-16,M_Req,missing_destination,41,Application-16-Service,EndDevice-16,Application-16-Service,10700
4097,Application-4,M_Req,missing_destination,29,Application-4-Service,EndDevice-4,Application-4-Service,10700
4112,Application-17,M_Req,missing_destination,42,Application-17-Service,EndDevice-17,Application-17-Service,10700
4114,Application-9,M_Req,missing_destination,34,Application-9-Service,EndDevice-9,Application-9-Service,10700
4116,Application-25,M_Req,missing_destination,50,Application-25-Service,EndDevice-25,Application-25-Service,10700
4120,Application-24,M_Req,missing_destination,49,Application-24-Service,EndDevice-24,Application-24-Service,10800
4124,Application-8,M_Req,missing_destination,33,Application-8-Service,EndDevice-8,Application-8-Service,10800
4125,Application-28,M_Req,missing_destination,53,Application-28-Service,EndDevice-28,Application-28-Service,10800
4135,Application-45,M_Req,missing_destination,70,Application-45-Service,EndDevice-45,Application-45-Service,10800
4136,Application-1,M_Req,missing_destination,26,Application-1-Service,EndDevice-1,Application-1-Service,10800
4140,Application-16,M_Req,missing_destination,41,Application-16-Service,EndDevice-16,Application-16-Service,10800
4141,Application-4,M_Req,missing_destination,29,Application-4-Service,EndDevice-4,Application-4-Service,10800
4195,Application-46,M_Req,missing_destination,71,Application-46-Service,EndDevice-46,Application-46-Service,11000
4202,Application-30,M_Req,missing_destination,55,Application-30-Service,EndDevice-30,Application-30-Service,11000
4203,Application-12,M_Req,missing_destination,37,Application-12-Service,EndDevice-12,Application-12-Service,11000
4206,Application-38,M_Req,missing_destination,63,Application-38-Service,EndDevice-38,Application-38-Service,11000
4226,Application-26,M_Req,missing_destination,51,Application-26-Service,EndDevice-26,Application-26-Service,11100
4227,Application-6,M_Req,missing_destination,31,Application-6-Service,EndDevice-6,Application-6-Service,11100
4243,Application-46,M_Req,missing_destination,71,Application-46-Service,EndDevice-46,Application-46-Service,11100
4250,Application-30,M_Req,missing_destination,55,Application-30-Service,EndDevice-30,Application-30-Service,11100
4251,Application-12,M_Req,missing_destination,37,Application-12-Service,EndDevice-12,Application-12-Service,11100
4254,Application-38,M_Req,missing_destination,63,Application-38-Service,EndDevice-38,Application-38-Service,11100
4272,Application-26,M_Req,missing_destination,51,Application-26-Service,EndDevice-26,Application-26-Service,11200
4286,Application-46,M_Req,missing_destination,71,Application-46-Service,EndDevice-46,Application-46-Service,11200
4291,Application-30,M_Req,missing_destination,55,Application-30-Service,EndDevice-30,Application-30-Service,11200
4292,Application-12,M_Req,missing_destination,37,Application-12-Service,EndDevice-12,Application-12-Service,11200
4295,Application-38,M_Req,missing_destination,63,Application-38-Service,EndDevice-38,Application-38-Service,11200
4299,Application-24,M_Req,missing_destination,49,Application-24-Service,EndDevice-24,Application-24-Service,11300
4309,Application-32,M_Req,missing_destination,57,Application-32-Service,EndDevice-32,Application-32-Service,11300
4316,Application-45,M_Req,missing_destination,70,Application-45-Service,EndDevice-45,Application-45-Service,11300
4318,Application-5,M_Req,missing_destination,30,Application-5-Service,EndDevice-5,Application-5-Service,11300
4320,Application-26,M_Req,missing_destination,51,Application-26-Service,EndDevice-26,Application-26-Service,11300
4326,Application-16,M_Req,missing_destination,41,Application-16-Service,EndDevice-16,Application-16-Service,11300
4333,Application-48,M_Req,missing_destination,73,Application-48-Service,EndDevice-48,Application-48-Service,11300
4334,Application-46,M_Req,missing_destination,71,Application-46-Service,EndDevice-46,Application-46-Service,11300
4339,Application-30,M_Req,missing_destination,55,Application-30-Service,EndDevice-30,Application-30-Service,11300
4340,Application-12,M_Req,missing_destination,37,Application-12-Service,EndDevice-12,Application-12-Service,11300
4343,Application-38,M_Req,missing_destination,63,Application-38-Service,EndDevice-38,Application-38-Service,11300
4344,Application-40,M_Req,missing_destination,65,Application-40-Service,EndDevice-40,Application-40-Service,11300
4347,Application-24,M_Req,missing_destination,49,Application-24-Service,EndDevice-24,Application-24-Service,11400
4354,Application-32,M_Req,missing_destination,57,Application-32-Service,EndDevice-32,Application-32-Service,11400
4361,Application-45,M_Req,missing_destination,70,Application-45-Service,EndDevice-45,Application-45-Service,11400
4364,Application-26,M_Req,missing_destination,51,Application-26-Service,EndDevice-26,Application-26-Service,11400
4368,Application-16,M_Req,missing_destination,41,Application-16-Service,EndDevice-16,Application-16-Service,11400
4409,Application-45,M_Req,missing_destination,70,Application-45-Service,EndDevice-45,Application-45-Service,11500
4412,Application-26,M_Req,missing_destination,51,Application-26-Service,EndDevice-26,Application-26-Service,11500
4426,Application-12,M_Req,missing_destination,37,Application-12-Service,EndDevice-12,Application-12-Service,11600
4435,Application-28,M_Req,missing_destination,53,Application-28-Service,EndDevice-28,Application-28-Service,11600
4443,Application-20,M_Req,missing_destination,45,Application-20-Service,EndDevice-20,Application-20-Service,11600
4444,Application-32,M_Req,missing_destination,57,Application-32-Service,EndDevice-32,Application-32-Service,11600
4447,Application-6,M_Req,missing_destination,31,Application-6-Service,EndDevice-6,Application-6-Service,11600
4450,Application-45,M_Req,missing_destination,70,Application-45-Service,EndDevice-45,Application-45-Service,11600
4459,Application-35,M_Req,missing_destination,60,Application-35-Service,EndDevice-35,Application-35-Service,11700
4474,Application-12,M_Req,missing_destination,37,Application-12-Service,EndDevice-12,Application-12-Service,11700
4483,Application-28,M_Req,missing_destination,53,Application-28-Service,EndDevice-28,Application-28-Service,11700
4491,Application-20,M_Req,missing_destination,45,Application-20-Service,EndDevice-20,Application-20-Service,11700
4492,Application-32,M_Req,missing_destination,57,Application-32-Service,EndDevice-32,Application-32-Service,11700
4495,Application-6,M_Req,missing_destination,31,Application-6-Service,EndDevice-6,Application-6-Service,11700
4498,Application-45,M_Req,missing_destination,70,Application-45-Service,EndDevice-45,Application-45-Service,11700
4504,Application-35,M_Req,missing_destination,60,Application-35-Service,EndDevice-35,Application-35-Service,11800
4519,Application-12,M_Req,missing_destination,37,Application-12-Service,EndDevice-12,Application-12-Service,11800
4526,Application-28,M_Req,missing_destination,53,Application-28-Service,EndDevice-28,Application-28-Service,11800
4529,Application-11,M_Req,missing_destination,36,Application-11-Service,EndDevice-11,Application-11-Service,11900
4552,Application-35,M_Req,missing_destination,60,Application-35-Service,EndDevice-35,Application-35-Service,11900
4564,Application-43,M_Req,missing_destination,68,Application-43-Service,EndDevice-43,Application-43-Service,11900
4567,Application-12,M_Req,missing_destination,37,Application-12-Service,EndDevice-12,Application-12-Service,11900
4568,Application-3,M_Req,missing_destination,28,Application-3-Service,EndDevice-3,Application-3-Service,11900
4569,Application-19,M_Req,missing_destination,44,Application-19-Service,EndDevice-19,Application-19-Service,11900
4574,Application-28,M_Req,missing_destination,53,Application-28-Service,EndDevice-28,Application-28-Service,11900
4576,Application-11,M_Req,missing_destination,36,Application-11-Service,EndDevice-11,Application-11-Service,12000
4595,Application-35,M_Req,missing_destination,60,Application-35-Service,EndDevice-35,Application-35-Service,12000
4624,Application-11,M_Req,missing_destination,36,Application-11-Service,EndDevice-11,Application-11-Service,12100
4659,Application-39,M_Req,missing_destination,64,Application-39-Service,EndDevice-39,Application-39-Service,12200
4660,Application-13,M_Req,missing_destination,38,Application-13-Service,EndDevice-13,Application-13-Service,12200
4662,Application-37,M_Req,missing_destination,62,Application-37-Service,EndDevice-37,Application-37-Service,12200
4663,Application-31,M_Req,missing_destination,56,Application-31-Service,EndDevice-31,Application-31-Service,12200
4664,Application-5,M_Req,missing_destination,30,Application-5-Service,EndDevice-5,Application-5-Service,12200
4666,Application-7,M_Req,missing_destination,32,Application-7-Service,EndDevice-7,Application-7-Service,12200
4667,Application-47,M_Req,missing_destination,72,Application-47-Service,EndDevice-47,Application-47-Service,12200
4680,Application-27,M_Req,missing_destination,52,Application-27-Service,EndDevice-27,Application-27-Service,12200
4707,Application-39,M_Req,missing_destination,64,Application-39-Service,EndDevice-39,Application-39-Service,12300
4708,Application-13,M_Req,missing_destination,38,Application-13-Service,EndDevice-13,Application-13-Service,12300
4710,Application-37,M_Req,missing_destination,62,Application-37-Service,EndDevice-37,Application-37-Service,12300
4711,Application-31,M_Req,missing_destination,56,Application-31-Service,EndDevice-31,Application-31-Service,12300
4712,Application-5,M_Req,missing_destination,30,Application-5-Service,EndDevice-5,Application-5-Service,12300
4714,Application-7,M_Req,missing_destination,32,Application-7-Service,EndDevice-7,Application-7-Service,12300
4715,Application-47,M_Req,missing_destination,72,Application-47-Service,EndDevice-47,Application-47-Service,12300
4728,Application-27,M_Req,missing_destination,52,Application-27-Service,EndDevice-27,Application-27-Service,12300
4770,Application-47,M_Req,missing_destination,72,Application-47-Service,EndDevice-47,Application-47-Service,12500
4771,Application-19,M_Req,missing_destination,44,Application-19-Service,EndDevice-19,Application-19-Service,12500
4774,Application-37,M_Req,missing_destination,62,Application-37-Service,EndDevice-37,Application-37-Service,12500
4800,Application-39,M_Req,missing_destination,64,Application-39-Service,EndDevice-39,Application-39-Service,12500
4801,Application-13,M_Req,missing_destination,38,Application-13-Service,EndDevice-13,Application-13-Service,12500
4803,Application-5,M_Req,missing_destination,30,Application-5-Service,EndDevice-5,Application-5-Service,12500
4805,Application-7,M_Req,missing_destination,32,Application-7-Service,EndDevice-7,Application-7-Service,12500
4816,Application-19,M_Req,missing_destination,44,Application-19-Service,EndDevice-19,Application-19-Service,12600
4819,Application-37,M_Req,missing_destination,62,Application-37-Service,EndDevice-37,Application-37-Service,12600
4864,Application-19,M_Req,missing_destination,44,Application-19-Service,EndDevice-19,Application-19-Service,12700
4891,Application-7,M_Req,missing_destination,32,Application-7-Service,EndDevice-7,Application-7-Service,12800
4893,Application-34,M_Req,missing_destination,59,Application-34-Service,EndDevice-34,Application-34-Service,12800
4894,Application-47,M_Req,missing_destination,72,Application-47-Service,EndDevice-47,Application-47-Service,12800
4898,Application-39,M_Req,missing_destination,64,Application-39-Service,EndDevice-39,Application-39-Service,12800
4899,Application-42,M_Req,missing_destination,67,Application-42-Service,EndDevice-42,Application-42-Service,12800
4901,Application-2,M_Req,missing_destination,27,Application-2-Service,EndDevice-2,Application-2-Service,12800
4906,Application-19,M_Req,missing_destination,44,Application-19-Service,EndDevice-19,Application-19-Service,12800
4907,Application-48,M_Req,missing_destination,73,Application-48-Service,EndDevice-48,Application-48-Service,12800
4910,Application-38,M_Req,missing_destination,63,Application-38-Service,EndDevice-38,Application-38-Service,12800
4921,Application-12,M_Req,missing_destination,37,Application-12-Service,EndDevice-12,Application-12-Service,12900
4939,Application-7,M_Req,missing_destination,32,Application-7-Service,EndDevice-7,Application-7-Service,12900
4941,Application-34,M_Req,missing_destination,59,Application-34-Service,EndDevice-34,Application-34-Service,12900
4942,Application-47,M_Req,missing_destination,72,Application-47-Service,EndDevice-47,Application-47-Service,12900
4946,Application-39,M_Req,missing_destination,64,Application-39-Service,EndDevice-39,Application-39-Service,12900
4947,Application-42,M_Req,missing_destination,67,Application-42-Service,EndDevice-42,Application-42-Service,12900
4949,Application-2,M_Req,missing_destination,27,Application-2-Service,EndDevice-2,Application-2-Service,12900
4954,Application-19,M_Req,missing_destination,44,Application-19-Service,EndDevice-19,Application-19-Service,12900
4955,Application-48,M_Req,missing_destination,73,Application-48-Service,EndDevice-48,Application-48-Service,12900
4958,Application-38,M_Req,missing_destination,63,Application-38-Service,EndDevice-38,Application-38-Service,12900
4983,Application-34,M_Req,missing_destination,59,Application-34-Service,EndDevice-34,Application-34-Service,13000
4988,Application-42,M_Req,missing_destination,67,Application-42-Service,EndDevice-42,Application-42-Service,13100
4989,Application-6,M_Req,missing_destination,31,Application-6-Service,EndDevice-6,Application-6-Service,13100
4990,Application-2,M_Req,missing_destination,27,Application-2-Service,EndDevice-2,Application-2-Service,13100
4999,Application-12,M_Req,missing_destination,37,Application-12-Service,EndDevice-12,Application-12-Service,13100
5006,Application-16,M_Req,missing_destination,41,Application-16-Service,EndDevice-16,Application-16-Service,13100
5012,Application-23,M_Req,missing_destination,48,Application-23-Service,EndDevice-23,Application-23-Service,13100
5014,Application-3,M_Req,missing_destination,28,Application-3-Service,EndDevice-3,Application-3-Service,13100
5017,Application-22,M_Req,missing_destination,47,Application-22-Service,EndDevice-22,Application-22-Service,13100
5019,Application-18,M_Req,missing_destination,43,Application-18-Service,EndDevice-18,Application-18-Service,13100
5024,Application-46,M_Req,missing_destination,71,Application-46-Service,EndDevice-46,Application-46-Service,13100
5025,Application-43,M_Req,missing_destination,68,Application-43-Service,EndDevice-43,Application-43-Service,13100
5031,Application-34,M_Req,missing_destination,59,Application-34-Service,EndDevice-34,Application-34-Service,13100
5036,Application-42,M_Req,missing_destination,67,Application-42-Service,EndDevice-42,Application-42-Service,13200
5037,Application-2,M_Req,missing_destination,27,Application-2-Service,EndDevice-2,Application-2-Service,13200
5043,Application-12,M_Req,missing_destination,37,Application-12-Service,EndDevice-12,Application-12-Service,13200
5048,Application-16,M_Req,missing_destination,41,Application-16-Service,EndDevice-16,Application-16-Service,13200
5053,Application-23,M_Req,missing_destination,48,Application-23-Service,EndDevice-23,Application-23-Service,13200
5055,Application-3,M_Req,missing_destination,28,Application-3-Service,EndDevice-3,Application-3-Service,13200
5058,Application-22,M_Req,missing_destination,47,Application-22-Service,EndDevice-22,Application-22-Service,13200
5060,Application-18,M_Req,missing_destination,43,Application-18-Service,EndDevice-18,Application-18-Service,13200
5096,Application-16,M_Req,missing_destination,41,Application-16-Service,EndDevice-16,Application-16-Service,13300
5106,Application-22,M_Req,missing_destination,47,Application-22-Service,EndDevice-22,Application-22-Service,13300
5112,Application-46,M_Req,missing_destination,71,Application-46-Service,EndDevice-46,Application-46-Service,13400
5117,Application-44,M_Req,missing_destination,69,Application-44-Service,EndDevice-44,Application-44-Service,13400
5127,Application-30,M_Req,missing_destination,55,Application-30-Service,EndDevice-30,Application-30-Service,13400
5128,Application-6,M_Req,missing_destination,31,Application-6-Service,EndDevice-6,Application-6-Service,13400
5132,Application-21,M_Req,missing_destination,46,Application-21-Service,EndDevice-21,Application-21-Service,13400
5135,Application-38,M_Req,missing_destination,63,Application-38-Service,EndDevice-38,Application-38-Service,13400
5139,Application-16,M_Req,missing_destination,41,Application-16-Service,EndDevice-16,Application-16-Service,13400
5140,Application-26,M_Req,missing_destination,51,Application-26-Service,EndDevice-26,Application-26-Service,13500
5141,Application-36,M_Req,missing_destination,61,Application-36-Service,EndDevice-36,Application-36-Service,13500
5147,Application-8,M_Req,missing_destination,33,Application-8-Service,EndDevice-8,Application-8-Service,13500
5148,Application-18,M_Req,missing_destination,43,Application-18-Service,EndDevice-18,Application-18-Service,13500
5160,Application-46,M_Req,missing_destination,71,Application-46-Service,EndDevice-46,Application-46-Service,13500
5165,Application-44,M_Req,missing_destination,69,Application-44-Service,EndDevice-44,Application-44-Service,13500
5175,Application-30,M_Req,missing_destination,55,Application-30-Service,EndDevice-30,Application-30-Service,13500
5176,Application-6,M_Req,missing_destination,31,Application-6-Service,EndDevice-6,Application-6-Service,13500
5180,Application-21,M_Req,missing_destination,46,Application-21-Service,EndDevice-21,Application-21-Service,13500
5183,Application-38,M_Req,missing_destination,63,Application-38-Service,EndDevice-38,Application-38-Service,13500
5187,Application-16,M_Req,missing_destination,41,Application-16-Service,EndDevice-16,Application-16-Service,13500
5188,Application-26,M_Req,missing_destination,51,Application-26-Service,EndDevice-26,Application-26-Service,13600
5189,Application-36,M_Req,missing_destination,61,Application-36-Service,EndDevice-36,Application-36-Service,13600
5194,Application-8,M_Req,missing_destination,33,Application-8-Service,EndDevice-8,Application-8-Service,13600
5195,Application-18,M_Req,missing_destination,43,Application-18-Service,EndDevice-18,Application-18-Service,13600
5205,Application-46,M_Req,missing_destination,71,Application-46-Service,EndDevice-46,Application-46-Service,13600
5209,Application-44,M_Req,missing_destination,69,Application-44-Service,EndDevice-44,Application-44-Service,13600
5217,Application-30,M_Req,missing_destination,55,Application-30-Service,EndDevice-30,Application-30-Service,13600
5220,Application-27,M_Req,missing_destination,52,Application-27-Service,EndDevice-27,Application-27-Service,13700
5225,Application-31,M_Req,missing_destination,56,Application-31-Service,EndDevice-31,Application-31-Service,13700
5228,Application-43,M_Req,missing_destination,68,Application-43-Service,EndDevice-43,Application-43-Service,13700
5234,Application-9,M_Req,missing_destination,34,Application-9-Service,EndDevice-9,Application-9-Service,13700
5236,Application-26,M_Req,missing_destination,51,Application-26-Service,EndDevice-26,Application-26-Service,13700
5237,Application-36,M_Req,missing_destination,61,Application-36-Service,EndDevice-36,Application-36-Service,13700
5239,Application-3,M_Req,missing_destination,28,Application-3-Service,EndDevice-3,Application-3-Service,13700
5242,Application-8,M_Req,missing_destination,33,Application-8-Service,EndDevice-8,Application-8-Service,13700
5243,Application-18,M_Req,missing_destination,43,Application-18-Service,EndDevice-18,Application-18-Service,13700
5246,Application-11,M_Req,missing_destination,36,Application-11-Service,EndDevice-11,Application-11-Service,13700
5247,Application-19,M_Req,missing_destination,44,Application-19-Service,EndDevice-19,Application-19-Service,13700
5251,Application-23,M_Req,missing_destination,48,Application-23-Service,EndDevice-23,Application-23-Service,13700
5253,Application-46,M_Req,missing_destination,71,Application-46-Service,EndDevice-46,Application-46-Service,13700
5257,Application-44,M_Req,missing_destination,69,Application-44-Service,EndDevice-44,Application-44-Service,13700
5259,Application-47,M_Req,missing_destination,72,Application-47-Service,EndDevice-47,Application-47-Service,13700
5261,Application-39,M_Req,missing_destination,64,Application-39-Service,EndDevice-39,Application-39-Service,13700
5265,Application-30,M_Req,missing_destination,55,Application-30-Service,EndDevice-30,Application-30-Service,13700
5268,Application-27,M_Req,missing_destination,52,Application-27-Service,EndDevice-27,Application-27-Service,13800
5272,Application-31,M_Req,missing_destination,56,Application-31-Service,EndDevice-31,Application-31-Service,13800
5275,Application-43,M_Req,missing_destination,68,Application-43-Service,EndDevice-43,Application-43-Service,13800
5280,Application-9,M_Req,missing_destination,34,Application-9-Service,EndDevice-9,Application-9-Service,13800
5281,Application-26,M_Req,missing_destination,51,Application-26-Service,EndDevice-26,Application-26-Service,13800
5282,Application-3,M_Req,missing_destination,28,Application-3-Service,EndDevice-3,Application-3-Service,13800
5285,Application-8,M_Req,missing_destination,33,Application-8-Service,EndDevice-8,Application-8-Service,13800
5288,Application-11,M_Req,missing_destination,36,Application-11-Service,EndDevice-11,Application-11-Service,13800
5289,Application-19,M_Req,missing_destination,44,Application-19-Service,EndDevice-19,Application-19-Service,13800
5316,Application-27,M_Req,missing_destination,52,Application-27-Service,EndDevice-27,Application-27-Service,13900
5320,Application-31,M_Req,missing_destination,56,Application-31-Service,EndDevice-31,Application-31-Service,13900
5323,Application-43,M_Req,missing_destination,68,Application-43-Service,EndDevice-43,Application-43-Service,13900
5328,Application-9,M_Req,missing_destination,34,Application-9-Service,EndDevice-9,Application-9-Service,13900
5330,Application-3,M_Req,missing_destination,28,Application-3-Service,EndDevice-3,Application-3-Service,13900
5336,Application-11,M_Req,missing_destination,36,Application-11-Service,EndDevice-11,Application-11-Service,13900
5337,Application-19,M_Req,missing_destination,44,Application-19-Service,EndDevice-19,Application-19-Service,13900
5344,Application-44,M_Req,missing_destination,69,Application-44-Service,EndDevice-44,Application-44-Service,14000
5345,Application-34,M_Req,missing_destination,59,Application-34-Service,EndDevice-34,Application-34-Service,14000
5349,Application-36,M_Req,missing_destination,61,Application-36-Service,EndDevice-36,Application-36-Service,14000
5352,Application-18,M_Req,missing_destination,43,Application-18-Service,EndDevice-18,Application-18-Service,14000
5356,Application-42,M_Req,missing_destination,67,Application-42-Service,EndDevice-42,Application-42-Service,14000
5358,Application-27,M_Req,missing_destination,52,Application-27-Service,EndDevice-27,Application-27-Service,14000
5362,Application-31,M_Req,missing_destination,56,Application-31-Service,EndDevice-31,Application-31-Service,14000
5364,Application-43,M_Req,missing_destination,68,Application-43-Service,EndDevice-43,Application-43-Service,14000
5365,Application-15,M_Req,missing_destination,40,Application-15-Service,EndDevice-15,Application-15-Service,14000
5368,Application-2,M_Req,missing_destination,27,Application-2-Service,EndDevice-2,Application-2-Service,14000
5369,Application-9,M_Req,missing_destination,34,Application-9-Service,EndDevice-9,Application-9-Service,14000
5373,Application-22,M_Req,missing_destination,47,Application-22-Service,EndDevice-22,Application-22-Service,14100
5375,Application-24,M_Req,missing_destination,49,Application-24-Service,EndDevice-24,Application-24-Service,14100
5379,Application-32,M_Req,missing_destination,57,Application-32-Service,EndDevice-32,Application-32-Service,14100
5392,Application-44,M_Req,missing_destination,69,Application-44-Service,EndDevice-44,Application-44-Service,14100
5393,Application-34,M_Req,missing_destination,59,Application-34-Service,EndDevice-34,Application-34-Service,14100
5397,Application-36,M_Req,missing_destination,61,Application-36-Service,EndDevice-36,Application-36-Service,14100
5400,Application-18,M_Req,missing_destination,43,Application-18-Service,EndDevice-18,Application-18-Service,14100
5404,Application-42,M_Req,missing_destination,67,Application-42-Service,EndDevice-42,Application-42-Service,14100
5406,Application-27,M_Req,missing_destination,52,Application-27-Service,EndDevice-27,Application-27-Service,14100
5410,Application-31,M_Req,missing_destination,56,Application-31-Service,EndDevice-31,Application-31-Service,14100
5412,Application-43,M_Req,missing_destination,68,Application-43-Service,EndDevice-43,Application-43-Service,14100
5413,Application-15,M_Req,missing_destination,40,Application-15-Service,EndDevice-15,Application-15-Service,14100
5416,Application-2,M_Req,missing_destination,27,Application-2-Service,EndDevice-2,Application-2-Service,14100
5417,Application-9,M_Req,missing_destination,34,Application-9-Service,EndDevice-9,Application-9-Service,14100
5421,Application-22,M_Req,missing_destination,47,Application-22-Service,EndDevice-22,Application-22-Service,14200
5423,Application-24,M_Req,missing_destination,49,Application-24-Service,EndDevice-24,Application-24-Service,14200
5426,Application-32,M_Req,missing_destination,57,Application-32-Service,EndDevice-32,Application-32-Service,14200
5437,Application-44,M_Req,missing_destination,69,Application-44-Service,EndDevice-44,Application-44-Service,14200
5439,Application-36,M_Req,missing_destination,61,Application-36-Service,EndDevice-36,Application-36-Service,14200
5442,Application-18,M_Req,missing_destination,43,Application-18-Service,EndDevice-18,Application-18-Service,14200
5450,Application-16,M_Req,missing_destination,41,Application-16-Service,EndDevice-16,Application-16-Service,14300
5452,Application-15,M_Req,missing_destination,40,Application-15-Service,EndDevice-15,Application-15-Service,14300
5461,Application-40,M_Req,missing_destination,65,Application-40-Service,EndDevice-40,Application-40-Service,14300
5463,Application-48,M_Req,missing_destination,73,Application-48-Service,EndDevice-48,Application-48-Service,14300
5469,Application-22,M_Req,missing_destination,47,Application-22-Service,EndDevice-22,Application-22-Service,14300
5471,Application-24,M_Req,missing_destination,49,Application-24-Service,EndDevice-24,Application-24-Service,14300
5472,Application-20,M_Req,missing_destination,45,Application-20-Service,EndDevice-20,Application-20-Service,14300
5474,Application-32,M_Req,missing_destination,57,Application-32-Service,EndDevice-32,Application-32-Service,14300
5478,Application-47,M_Req,missing_destination,72,Application-47-Service,EndDevice-47,Application-47-Service,14300
5479,Application-8,M_Req,missing_destination,33,Application-8-Service,EndDevice-8,Application-8-Service,14300
5481,Application-39,M_Req,missing_destination,64,Application-39-Service,EndDevice-39,Application-39-Service,14300
5485,Application-44,M_Req,missing_destination,69,Application-44-Service,EndDevice-44,Application-44-Service,14300
5487,Application-36,M_Req,missing_destination,61,Application-36-Service,EndDevice-36,Application-36-Service,14300
5490,Application-18,M_Req,missing_destination,43,Application-18-Service,EndDevice-18,Application-18-Service,14300
5497,Application-16,M_Req,missing_destination,41,Application-16-Service,EndDevice-16,Application-16-Service,14400
5498,Application-15,M_Req,missing_destination,40,Application-15-Service,EndDevice-15,Application-15-Service,14400
5505,Application-40,M_Req,missing_destination,65,Application-40-Service,EndDevice-40,Application-40-Service,14400
5507,Application-48,M_Req,missing_destination,73,Application-48-Service,EndDevice-48,Application-48-Service,14400
5513,Application-24,M_Req,missing_destination,49,Application-24-Service,EndDevice-24,Application-24-Service,14400
5514,Application-20,M_Req,missing_destination,45,Application-20-Service,EndDevice-20,Application-20-Service,14400
5515,Application-32,M_Req,missing_destination,57,Application-32-Service,EndDevice-32,Application-32-Service,14400
5519,Application-47,M_Req,missing_destination,72,Application-47-Service,EndDevice-47,Application-47-Service,14400
5520,Application-8,M_Req,missing_destination,33,Application-8-Service,EndDevice-8,Application-8-Service,14400
5545,Application-16,M_Req,missing_destination,41,Application-16-Service,EndDevice-16,Application-16-Service,14500
5546,Application-15,M_Req,missing_destination,40,Application-15-Service,EndDevice-15,Application-15-Service,14500
5553,Application-40,M_Req,missing_destination,65,Application-40-Service,EndDevice-40,Application-40-Service,14500
5555,Application-48,M_Req,missing_destination,73,Application-48-Service,EndDevice-48,Application-48-Service,14500
5562,Application-20,M_Req,missing_destination,45,Application-20-Service,EndDevice-20,Application-20-Service,14500
5567,Application-47,M_Req,missing_destination,72,Application-47-Service,EndDevice-47,Application-47-Service,14500
5568,Application-8,M_Req,missing_destination,33,Application-8-Service,EndDevice-8,Application-8-Service,14500
5575,Application-18,M_Req,missing_destination,43,Application-18-Service,EndDevice-18,Application-18-Service,14600
5579,Application-34,M_Req,missing_destination,59,Application-34-Service,EndDevice-34,Application-34-Service,14600
5582,Application-43,M_Req,missing_destination,68,Application-43-Service,EndDevice-43,Application-43-Service,14600
5583,Application-42,M_Req,missing_destination,67,Application-42-Service,EndDevice-42,Application-42-Service,14600
5587,Application-16,M_Req,missing_destination,41,Application-16-Service,EndDevice-16,Application-16-Service,14600
5588,Application-15,M_Req,missing_destination,40,Application-15-Service,EndDevice-15,Application-15-Service,14600
5590,Application-2,M_Req,missing_destination,27,Application-2-Service,EndDevice-2,Application-2-Service,14600
5592,Application-33,M_Req,missing_destination,58,Application-33-Service,EndDevice-33,Application-33-Service,14600
5594,Application-40,M_Req,missing_destination,65,Application-40-Service,EndDevice-40,Application-40-Service,14600
5596,Application-48,M_Req,missing_destination,73,Application-48-Service,EndDevice-48,Application-48-Service,14600
5600,Application-35,M_Req,missing_destination,60,Application-35-Service,EndDevice-35,Application-35-Service,14700
5605,Application-13,M_Req,missing_destination,38,Application-13-Service,EndDevice-13,Application-13-Service,14700
5610,Application-25,M_Req,missing_destination,50,Application-25-Service,EndDevice-25,Application-25-Service,14700
5623,Application-18,M_Req,missing_destination,43,Application-18-Service,EndDevice-18,Application-18-Service,14700
5627,Application-34,M_Req,missing_destination,59,Application-34-Service,EndDevice-34,Application-34-Service,14700
5630,Application-43,M_Req,missing_destination,68,Application-43-Service,EndDevice-43,Application-43-Service,14700
5631,Application-42,M_Req,missing_destination,67,Application-42-Service,EndDevice-42,Application-42-Service,14700
5635,Application-16,M_Req,missing_destination,41,Application-16-Service,EndDevice-16,Application-16-Service,14700
5636,Application-15,M_Req,missing_destination,40,Application-15-Service,EndDevice-15,Application-15-Service,14700
5638,Application-2,M_Req,missing_destination,27,Application-2-Service,EndDevice-2,Application-2-Service,14700
5640,Application-33,M_Req,missing_destination,58,Application-33-Service,EndDevice-33,Application-33-Service,14700
5642,Application-40,M_Req,missing_destination,65,Application-40-Service,EndDevice-40,Application-40-Service,14700
5644,Application-48,M_Req,missing_destination,73,Application-48-Service,EndDevice-48,Application-48-Service,14700
5653,Application-13,M_Req,missing_destination,38,Application-13-Service,EndDevice-13,Application-13-Service,14800
5669,Application-18,M_Req,missing_destination,43,Application-18-Service,EndDevice-18,Application-18-Service,14800
5672,Application-34,M_Req,missing_destination,59,Application-34-Service,EndDevice-34,Application-34-Service,14800
5686,Application-38,M_Req,missing_destination,63,Application-38-Service,EndDevice-38,Application-38-Service,14900
5687,Application-45,M_Req,missing_destination,70,Application-45-Service,EndDevice-45,Application-45-Service,14900
5694,Application-26,M_Req,missing_destination,51,Application-26-Service,EndDevice-26,Application-26-Service,14900
5701,Application-13,M_Req,missing_destination,38,Application-13-Service,EndDevice-13,Application-13-Service,14900
5711,Application-28,M_Req,missing_destination,53,Application-28-Service,EndDevice-28,Application-28-Service,14900
5715,Application-44,M_Req,missing_destination,69,Application-44-Service,EndDevice-44,Application-44-Service,14900
5717,Application-18,M_Req,missing_destination,43,Application-18-Service,EndDevice-18,Application-18-Service,14900
5720,Application-34,M_Req,missing_destination,59,Application-34-Service,EndDevice-34,Application-34-Service,14900
5722,Application-36,M_Req,missing_destination,61,Application-36-Service,EndDevice-36,Application-36-Service,14900
5731,Application-38,M_Req,missing_destination,63,Application-38-Service,EndDevice-38,Application-38-Service,15000
5732,Application-45,M_Req,missing_destination,70,Application-45-Service,EndDevice-45,Application-45-Service,15000
5738,Application-26,M_Req,missing_destination,51,Application-26-Service,EndDevice-26,Application-26-Service,15000
5744,Application-13,M_Req,missing_destination,38,Application-13-Service,EndDevice-13,Application-13-Service,15000
5753,Application-28,M_Req,missing_destination,53,Application-28-Service,EndDevice-28,Application-28-Service,15000
5779,Application-38,M_Req,missing_destination,63,Application-38-Service,EndDevice-38,Application-38-Service,15100
5780,Application-45,M_Req,missing_destination,70,Application-45-Service,EndDevice-45,Application-45-Service,15100
5786,Application-26,M_Req,missing_destination,51,Application-26-Service,EndDevice-26,Application-26-Service,15100
5801,Application-28,M_Req,missing_destination,53,Application-28-Service,EndDevice-28,Application-28-Service,15100
5813,Application-40,M_Req,missing_destination,65,Application-40-Service,EndDevice-40,Application-40-Service,15200
5816,Application-16,M_Req,missing_destination,41,Application-16-Service,EndDevice-16,Application-16-Service,15200
5821,Application-38,M_Req,missing_destination,63,Application-38-Service,EndDevice-38,Application-38-Service,15200
5822,Application-45,M_Req,missing_destination,70,Application-45-Service,EndDevice-45,Application-45-Service,15200
5829,Application-24,M_Req,missing_destination,49,Application-24-Service,EndDevice-24,Application-24-Service,15300
5831,Application-4,M_Req,missing_destination,29,Application-4-Service,EndDevice-4,Application-4-Service,15300
5832,Application-11,M_Req,missing_destination,36,Application-11-Service,EndDevice-11,Application-11-Service,15300
5861,Application-40,M_Req,missing_destination,65,Application-40-Service,EndDevice-40,Application-40-Service,15300
5864,Application-16,M_Req,missing_destination,41,Application-16-Service,EndDevice-16,Application-16-Service,15300
5869,Application-38,M_Req,missing_destination,63,Application-38-Service,EndDevice-38,Application-38-Service,15300
5870,Application-45,M_Req,missing_destination,70,Application-45-Service,EndDevice-45,Application-45-Service,15300
5878,Application-11,M_Req,missing_destination,36,Application-11-Service,EndDevice-11,Application-11-Service,15400
5903,Application-40,M_Req,missing_destination,65,Application-40-Service,EndDevice-40,Application-40-Service,15400
5906,Application-15,M_Req,missing_destination,40,Application-15-Service,EndDevice-15,Application-15-Service,15500
5914,Application-41,M_Req,missing_destination,66,Application-41-Service,EndDevice-41,Application-41-Service,15500
5918,Application-39,M_Req,missing_destination,64,Application-39-Service,EndDevice-39,Application-39-Service,15500
5919,Application-9,M_Req,missing_destination,34,Application-9-Service,EndDevice-9,Application-9-Service,15500
5924,Application-32,M_Req,missing_destination,57,Application-32-Service,EndDevice-32,Application-32-Service,15500
5926,Application-11,M_Req,missing_destination,36,Application-11-Service,EndDevice-11,Application-11-Service,15500
5929,Application-12,M_Req,missing_destination,37,Application-12-Service,EndDevice-12,Application-12-Service,15500
5931,Application-29,M_Req,missing_destination,54,Application-29-Service,EndDevice-29,Application-29-Service,15500
5935,Application-7,M_Req,missing_destination,32,Application-7-Service,EndDevice-7,Application-7-Service,15500
5939,Application-1,M_Req,missing_destination,26,Application-1-Service,EndDevice-1,Application-1-Service,15500
5941,Application-33,M_Req,missing_destination,58,Application-33-Service,EndDevice-33,Application-33-Service,15500
5944,Application-23,M_Req,missing_destination,48,Application-23-Service,EndDevice-23,Application-23-Service,15500
5947,Application-31,M_Req,missing_destination,56,Application-31-Service,EndDevice-31,Application-31-Service,15500
5951,Application-40,M_Req,missing_destination,65,Application-40-Service,EndDevice-40,Application-40-Service,15500
5953,Application-15,M_Req,missing_destination,40,Application-15-Service,EndDevice-15,Application-15-Service,15600
5960,Application-41,M_Req,missing_destination,66,Application-41-Service,EndDevice-41,Application-41-Service,15600
5964,Application-9,M_Req,missing_destination,34,Application-9-Service,EndDevice-9,Application-9-Service,15600
5968,Application-32,M_Req,missing_destination,57,Application-32-Service,EndDevice-32,Application-32-Service,15600
5970,Application-11,M_Req,missing_destination,36,Application-11-Service,EndDevice-11,Application-11-Service,15600
5972,Application-12,M_Req,missing_destination,37,Application-12-Service,EndDevice-12,Application-12-Service,15600
5974,Application-29,M_Req,missing_destination,54,Application-29-Service,EndDevice-29,Application-29-Service,15600
5979,Application-1,M_Req,missing_destination,26,Application-1-Service,EndDevice-1,Application-1-Service,15600
5980,Application-33,M_Req,missing_destination,58,Application-33-Service,EndDevice-33,Application-33-Service,15600
6008,Application-41,M_Req,missing_destination,66,Application-41-Service,EndDevice-41,Application-41-Service,15700
6016,Application-32,M_Req,missing_destination,57,Application-32-Service,EndDevice-32,Application-32-Service,15700
6020,Application-12,M_Req,missing_destination,37,Application-12-Service,EndDevice-12,Application-12-Service,15700
6027,Application-1,M_Req,missing_destination,26,Application-1-Service,EndDevice-1,Application-1-Service,15700
6028,Application-33,M_Req,missing_destination,58,Application-33-Service,EndDevice-33,Application-33-Service,15700
6051,Application-41,M_Req,missing_destination,66,Application-41-Service,EndDevice-41,Application-41-Service,15800
6059,Application-11,M_Req,missing_destination,36,Application-11-Service,EndDevice-11,Application-11-Service,15900
6063,Application-3,M_Req,missing_destination,28,Application-3-Service,EndDevice-3,Application-3-Service,15900
6065,Application-13,M_Req,missing_destination,38,Application-13-Service,EndDevice-13,Application-13-Service,15900
6066,Application-1,M_Req,missing_destination,26,Application-1-Service,EndDevice-1,Application-1-Service,15900
6067,Application-33,M_Req,missing_destination,58,Application-33-Service,EndDevice-33,Application-33-Service,15900
6099,Application-41,M_Req,missing_destination,66,Application-41-Service,EndDevice-41,Application-41-Service,15900
6107,Application-11,M_Req,missing_destination,36,Application-11-Service,EndDevice-11,Application-11-Service,16000
6113,Application-1,M_Req,missing_destination,26,Application-1-Service,EndDevice-1,Application-1-Service,16000
6137,Application-45,M_Req,missing_destination,70,Application-45-Service,EndDevice-45,Application-45-Service,16100
6138,Application-2,M_Req,missing_destination,27,Application-2-Service,EndDevice-2,Application-2-Service,16100
6143,Application-5,M_Req,missing_destination,30,Application-5-Service,EndDevice-5,Application-5-Service,16100
6147,Application-36,M_Req,missing_destination,61,Application-36-Service,EndDevice-36,Application-36-Service,16100
6148,Application-26,M_Req,missing_destination,51,Application-26-Service,EndDevice-26,Application-26-Service,16100
6150,Application-16,M_Req,missing_destination,41,Application-16-Service,EndDevice-16,Application-16-Service,16100
6151,Application-43,M_Req,missing_destination,68,Application-43-Service,EndDevice-43,Application-43-Service,16100
6154,Application-4,M_Req,missing_destination,29,Application-4-Service,EndDevice-4,Application-4-Service,16100
6155,Application-11,M_Req,missing_destination,36,Application-11-Service,EndDevice-11,Application-11-Service,16100
6161,Application-1,M_Req,missing_destination,26,Application-1-Service,EndDevice-1,Application-1-Service,16100
6164,Application-34,M_Req,missing_destination,59,Application-34-Service,EndDevice-34,Application-34-Service,16100
6165,Application-42,M_Req,missing_destination,67,Application-42-Service,EndDevice-42,Application-42-Service,16100
6168,Application-37,M_Req,missing_destination,62,Application-37-Service,EndDevice-37,Application-37-Service,16100
6173,Application-46,M_Req,missing_destination,71,Application-46-Service,EndDevice-46,Application-46-Service,16100
6174,Application-22,M_Req,missing_destination,47,Application-22-Service,EndDevice-22,Application-22-Service,16100
6178,Application-19,M_Req,missing_destination,44,Application-19-Service,EndDevice-19,Application-19-Service,16100
6181,Application-30,M_Req,missing_destination,55,Application-30-Service,EndDevice-30,Application-30-Service,16100
6185,Application-2,M_Req,missing_destination,27,Application-2-Service,EndDevice-2,Application-2-Service,16200
6192,Application-36,M_Req,missing_destination,61,Application-36-Service,EndDevice-36,Application-36-Service,16200
6194,Application-16,M_Req,missing_destination,41,Application-16-Service,EndDevice-16,Application-16-Service,16200
6195,Application-43,M_Req,missing_destination,68,Application-43-Service,EndDevice-43,Application-43-Service,16200
6198,Application-4,M_Req,missing_destination,29,Application-4-Service,EndDevice-4,Application-4-Service,16200
6199,Application-11,M_Req,missing_destination,36,Application-11-Service,EndDevice-11,Application-11-Service,16200
6204,Application-1,M_Req,missing_destination,26,Application-1-Service,EndDevice-1,Application-1-Service,16200
6207,Application-34,M_Req,missing_destination,59,Application-34-Service,EndDevice-34,Application-34-Service,16200
6208,Application-42,M_Req,missing_destination,67,Application-42-Service,EndDevice-42,Application-42-Service,16200
6210,Application-37,M_Req,missing_destination,62,Application-37-Service,EndDevice-37,Application-37-Service,16200
6233,Application-2,M_Req,missing_destination,27,Application-2-Service,EndDevice-2,Application-2-Service,16300
6243,Application-43,M_Req,missing_destination,68,Application-43-Service,EndDevice-43,Application-43-Service,16300
6246,Application-4,M_Req,missing_destination,29,Application-4-Service,EndDevice-4,Application-4-Service,16300
6255,Application-34,M_Req,missing_destination,59,Application-34-Service,EndDevice-34,Application-34-Service,16300
6256,Application-42,M_Req,missing_destination,67,Application-42-Service,EndDevice-42,Application-42-Service,16300
6262,Application-46,M_Req,missing_destination,71,Application-46-Service,EndDevice-46,Application-46-Service,16400
6269,Application-30,M_Req,missing_destination,55,Application-30-Service,EndDevice-30,Application-30-Service,16400
6271,Application-22,M_Req,missing_destination,47,Application-22-Service,EndDevice-22,Application-22-Service,16400
6278,Application-12,M_Req,missing_destination,37,Application-12-Service,EndDevice-12,Application-12-Service,16400
6282,Application-43,M_Req,missing_destination,68,Application-43-Service,EndDevice-43,Application-43-Service,16400
6283,Application-8,M_Req,missing_destination,33,Application-8-Service,EndDevice-8,Application-8-Service,16400
6288,Application-3,M_Req,missing_destination,28,Application-3-Service,EndDevice-3,Application-3-Service,16500
6289,Application-18,M_Req,missing_destination,43,Application-18-Service,EndDevice-18,Application-18-Service,16500
6290,Application-13,M_Req,missing_destination,38,Application-13-Service,EndDevice-13,Application-13-Service,16500
6292,Application-33,M_Req,missing_destination,58,Application-33-Service,EndDevice-33,Application-33-Service,16500
6296,Application-48,M_Req,missing_destination,73,Application-48-Service,EndDevice-48,Application-48-Service,16500
6310,Application-46,M_Req,missing_destination,71,Application-46-Service,EndDevice-46,Application-46-Service,16500
6317,Application-30,M_Req,missing_destination,55,Application-30-Service,EndDevice-30,Application-30-Service,16500
6319,Application-22,M_Req,missing_destination,47,Application-22-Service,EndDevice-22,Application-22-Service,16500
6326,Application-12,M_Req,missing_destination,37,Application-12-Service,EndDevice-12,Application-12-Service,16500
6330,Application-43,M_Req,missing_destination,68,Application-43-Service,EndDevice-43,Application-43-Service,16500
6331,Application-8,M_Req,missing_destination,33,Application-8-Service,EndDevice-8,Application-8-Service,16500
6362,Application-20,M_Req,missing_destination,45,Application-20-Service,EndDevice-20,Application-20-Service,16700
6365,Application-12,M_Req,missing_destination,37,Application-12-Service,EndDevice-12,Application-12-Service,16700
6366,Application-36,M_Req,missing_destination,61,Application-36-Service,EndDevice-36,Application-36-Service,16700
6372,Application-13,M_Req,missing_destination,38,Application-13-Service,EndDevice-13,Application-13-Service,16700
6383,Application-3,M_Req,missing_destination,28,Application-3-Service,EndDevice-3,Application-3-Service,16700
6386,Application-33,M_Req,missing_destination,58,Application-33-Service,EndDevice-33,Application-33-Service,16700
6399,Application-44,M_Req,missing_destination,69,Application-44-Service,EndDevice-44,Application-44-Service,16700
6410,Application-20,M_Req,missing_destination,45,Application-20-Service,EndDevice-20,Application-20-Service,16800
6413,Application-12,M_Req,missing_destination,37,Application-12-Service,EndDevice-12,Application-12-Service,16800
6417,Application-13,M_Req,missing_destination,38,Application-13-Service,EndDevice-13,Application-13-Service,16800
6428,Application-3,M_Req,missing_destination,28,Application-3-Service,EndDevice-3,Application-3-Service,16800
6430,Application-33,M_Req,missing_destination,58,Application-33-Service,EndDevice-33,Application-33-Service,16800
6495,Application-26,M_Req,missing_destination,51,Application-26-Service,EndDevice-26,Application-26-Service,17000
6497,Application-18,M_Req,missing_destination,43,Application-18-Service,EndDevice-18,Application-18-Service,17000
6498,Application-10,M_Req,missing_destination,35,Application-10-Service,EndDevice-10,Application-10-Service,17000
6500,Application-30,M_Req,missing_destination,55,Application-30-Service,EndDevice-30,Application-30-Service,17000
6507,Application-32,M_Req,missing_destination,57,Application-32-Service,EndDevice-32,Application-32-Service,17000
6510,Application-2,M_Req,missing_destination,27,Application-2-Service,EndDevice-2,Application-2-Service,17000
6511,Application-42,M_Req,missing_destination,67,Application-42-Service,EndDevice-42,Application-42-Service,17000
6519,Application-48,M_Req,missing_destination,73,Application-48-Service,EndDevice-48,Application-48-Service,17100
6543,Application-26,M_Req,missing_destination,51,Application-26-Service,EndDevice-26,Application-26-Service,17100
6545,Application-18,M_Req,missing_destination,43,Application-18-Service,EndDevice-18,Application-18-Service,17100
6546,Application-10,M_Req,missing_destination,35,Application-10-Service,EndDevice-10,Application-10-Service,17100
6548,Application-30,M_Req,missing_destination,55,Application-30-Service,EndDevice-30,Application-30-Service,17100
6555,Application-32,M_Req,missing_destination,57,Application-32-Service,EndDevice-32,Application-32-Service,17100
6558,Application-2,M_Req,missing_destination,27,Application-2-Service,EndDevice-2,Application-2-Service,17100
6559,Application-42,M_Req,missing_destination,67,Application-42-Service,EndDevice-42,Application-42-Service,17100
6566,Application-48,M_Req,missing_destination,73,Application-48-Service,EndDevice-48,Application-48-Service,17200
6590,Application-30,M_Req,missing_destination,55,Application-30-Service,EndDevice-30,Application-30-Service,17200
6592,Application-20,M_Req,missing_destination,45,Application-20-Service,EndDevice-20,Application-20-Service,17300
6595,Application-12,M_Req,missing_destination,37,Application-12-Service,EndDevice-12,Application-12-Service,17300
6604,Application-46,M_Req,missing_destination,71,Application-46-Service,EndDevice-46,Application-46-Service,17300
6608,Application-6,M_Req,missing_destination,31,Application-6-Service,EndDevice-6,Application-6-Service,17300
6614,Application-48,M_Req,missing_destination,73,Application-48-Service,EndDevice-48,Application-48-Service,17300
6616,Application-15,M_Req,missing_destination,40,Application-15-Service,EndDevice-15,Application-15-Service,17300
6618,Application-35,M_Req,missing_destination,60,Application-35-Service,EndDevice-35,Application-35-Service,17300
6621,Application-13,M_Req,missing_destination,38,Application-13-Service,EndDevice-13,Application-13-Service,17300
6625,Application-28,M_Req,missing_destination,53,Application-28-Service,EndDevice-28,Application-28-Service,17300
6634,Application-44,M_Req,missing_destination,69,Application-44-Service,EndDevice-44,Application-44-Service,17300
6637,Application-36,M_Req,missing_destination,61,Application-36-Service,EndDevice-36,Application-36-Service,17300
6638,Application-30,M_Req,missing_destination,55,Application-30-Service,EndDevice-30,Application-30-Service,17300
6640,Application-20,M_Req,missing_destination,45,Application-20-Service,EndDevice-20,Application-20-Service,17400
6642,Application-12,M_Req,missing_destination,37,Application-12-Service,EndDevice-12,Application-12-Service,17400
6653,Application-6,M_Req,missing_destination,31,Application-6-Service,EndDevice-6,Application-6-Service,17400
6659,Application-15,M_Req,missing_destination,40,Application-15-Service,EndDevice-15,Application-15-Service,17400
6661,Application-35,M_Req,missing_destination,60,Application-35-Service,EndDevice-35,Application-35-Service,17400
6666,Application-28,M_Req,missing_destination,53,Application-28-Service,EndDevice-28,Application-28-Service,17400
6688,Application-20,M_Req,missing_destination,45,Application-20-Service,EndDevice-20,Application-20-Service,17500
6690,Application-12,M_Req,missing_destination,37,Application-12-Service,EndDevice-12,Application-12-Service,17500
6701,Application-6,M_Req,missing_destination,31,Application-6-Service,EndDevice-6,Application-6-Service,17500
6707,Application-15,M_Req,missing_destination,40,Application-15-Service,EndDevice-15,Application-15-Service,17500
6709,Application-35,M_Req,missing_destination,60,Application-35-Service,EndDevice-35,Application-35-Service,17500
6714,Application-28,M_Req,missing_destination,53,Application-28-Service,EndDevice-28,Application-28-Service,17500
6719,Application-18,M_Req,missing_destination,43,Application-18-Service,EndDevice-18,Application-18-Service,17600
6720,Application-10,M_Req,missing_destination,35,Application-10-Service,EndDevice-10,Application-10-Service,17600
6732,Application-20,M_Req,missing_destination,45,Application-20-Service,EndDevice-20,Application-20-Service,17600
6734,Application-12,M_Req,missing_destination,37,Application-12-Service,EndDevice-12,Application-12-Service,17600
6740,Application-2,M_Req,missing_destination,27,Application-2-Service,EndDevice-2,Application-2-Service,17600
6744,Application-6,M_Req,missing_destination,31,Application-6-Service,EndDevice-6,Application-6-Service,17600
6767,Application-18,M_Req,missing_destination,43,Application-18-Service,EndDevice-18,Application-18-Service,17700
6768,Application-10,M_Req,missing_destination,35,Application-10-Service,EndDevice-10,Application-10-Service,17700
6780,Application-20,M_Req,missing_destination,45,Application-20-Service,EndDevice-20,Application-20-Service,17700
6782,Application-12,M_Req,missing_destination,37,Application-12-Service,EndDevice-12,Application-12-Service,17700
6788,Application-2,M_Req,missing_destination,27,Application-2-Service,EndDevice-2,Application-2-Service,17700
6792,Application-6,M_Req,missing_destination,31,Application-6-Service,EndDevice-6,Application-6-Service,17700
6810,Application-18,M_Req,missing_destination,43,Application-18-Service,EndDevice-18,Application-18-Service,17800
6811,Application-10,M_Req,missing_destination,35,Application-10-Service,EndDevice-10,Application-10-Service,17800
6821,Application-20,M_Req,missing_destination,45,Application-20-Service,EndDevice-20,Application-20-Service,17900
6823,Application-12,M_Req,missing_destination,37,Application-12-Service,EndDevice-12,Application-12-Service,17900
6825,Application-42,M_Req,missing_destination,67,Application-42-Service,EndDevice-42,Application-42-Service,17900
6827,Application-34,M_Req,missing_destination,59,Application-34-Service,EndDevice-34,Application-34-Service,17900
6828,Application-2,M_Req,missing_destination,27,Application-2-Service,EndDevice-2,Application-2-Service,17900
6830,Application-4,M_Req,missing_destination,29,Application-4-Service,EndDevice-4,Application-4-Service,17900
6837,Application-22,M_Req,missing_destination,47,Application-22-Service,EndDevice-22,Application-22-Service,17900
6839,Application-32,M_Req,missing_destination,57,Application-32-Service,EndDevice-32,Application-32-Service,17900
6843,Application-33,M_Req,missing_destination,58,Application-33-Service,EndDevice-33,Application-33-Service,17900
6845,Application-15,M_Req,missing_destination,40,Application-15-Service,EndDevice-15,Application-15-Service,17900
6847,Application-35,M_Req,missing_destination,60,Application-35-Service,EndDevice-35,Application-35-Service,17900
6850,Application-43,M_Req,missing_destination,68,Application-43-Service,EndDevice-43,Application-43-Service,17900
6853,Application-26,M_Req,missing_destination,51,Application-26-Service,EndDevice-26,Application-26-Service,17900
6854,Application-28,M_Req,missing_destination,53,Application-28-Service,EndDevice-28,Application-28-Service,17900
6858,Application-18,M_Req,missing_destination,43,Application-18-Service,EndDevice-18,Application-18-Service,17900
6859,Application-10,M_Req,missing_destination,35,Application-10-Service,EndDevice-10,Application-10-Service,17900
6866,Application-27,M_Req,missing_destination,52,Application-27-Service,EndDevice-27,Application-27-Service,17900
6867,Application-13,M_Req,missing_destination,38,Application-13-Service,EndDevice-13,Application-13-Service,17900
6868,Application-3,M_Req,missing_destination,28,Application-3-Service,EndDevice-3,Application-3-Service,17900
6869,Application-20,M_Req,missing_destination,45,Application-20-Service,EndDevice-20,Application-20-Service,18000
6871,Application-42,M_Req,missing_destination,67,Application-42-Service,EndDevice-42,Application-42-Service,18000
6872,Application-34,M_Req,missing_destination,59,Application-34-Service,EndDevice-34,Application-34-Service,18000
6873,Application-2,M_Req,missing_destination,27,Application-2-Service,EndDevice-2,Application-2-Service,18000
6875,Application-4,M_Req,missing_destination,29,Application-4-Service,EndDevice-4,Application-4-Service,18000
6882,Application-22,M_Req,missing_destination,47,Application-22-Service,EndDevice-22,Application-22-Service,18000
6884,Application-32,M_Req,missing_destination,57,Application-32-Service,EndDevice-32,Application-32-Service,18000
6889,Application-15,M_Req,missing_destination,40,Application-15-Service,EndDevice-15,Application-15-Service,18000
6891,Application-35,M_Req,missing_destination,60,Application-35-Service,EndDevice-35,Application-35-Service,18000
6893,Application-43,M_Req,missing_destination,68,Application-43-Service,EndDevice-43,Application-43-Service,18000
6896,Application-28,M_Req,missing_destination,53,Application-28-Service,EndDevice-28,Application-28-Service,18000
6917,Application-20,M_Req,missing_destination,45,Application-20-Service,EndDevice-20,Application-20-Service,18100
6923,Application-4,M_Req,missing_destination,29,Application-4-Service,EndDevice-4,Application-4-Service,18100
6937,Application-15,M_Req,missing_destination,40,Application-15-Service,EndDevice-15,Application-15-Service,18100
6939,Application-35,M_Req,missing_destination,60,Application-35-Service,EndDevice-35,Application-35-Service,18100
6944,Application-28,M_Req,missing_destination,53,Application-28-Service,EndDevice-28,Application-28-Service,18100
6945,Application-44,M_Req,missing_destination,69,Application-44-Service,EndDevice-44,Application-44-Service,18200
6947,Application-23,M_Req,missing_destination,48,Application-23-Service,EndDevice-23,Application-23-Service,18200
6950,Application-31,M_Req,missing_destination,56,Application-31-Service,EndDevice-31,Application-31-Service,18200
6955,Application-12,M_Req,missing_destination,37,Application-12-Service,EndDevice-12,Application-12-Service,18200
6961,Application-39,M_Req,missing_destination,64,Application-39-Service,EndDevice-39,Application-39-Service,18200
6962,Application-20,M_Req,missing_destination,45,Application-20-Service,EndDevice-20,Application-20-Service,18200
6966,Application-4,M_Req,missing_destination,29,Application-4-Service,EndDevice-4,Application-4-Service,18200
6968,Application-36,M_Req,missing_destination,61,Application-36-Service,EndDevice-36,Application-36-Service,18200
6971,Application-29,M_Req,missing_destination,54,Application-29-Service,EndDevice-29,Application-29-Service,18200
6983,Application-46,M_Req,missing_destination,71,Application-46-Service,EndDevice-46,Application-46-Service,18300
6993,Application-44,M_Req,missing_destination,69,Application-44-Service,EndDevice-44,Application-44-Service,18300
6995,Application-23,M_Req,missing_destination,48,Application-23-Service,EndDevice-23,Application-23-Service,18300
6998,Application-31,M_Req,missing_destination,56,Application-31-Service,EndDevice-31,Application-31-Service,18300
7003,Application-12,M_Req,missing_destination,37,Application-12-Service,EndDevice-12,Application-12-Service,18300
7009,Application-39,M_Req,missing_destination,64,Application-39-Service,EndDevice-39,Application-39-Service,18300
7010,Application-20,M_Req,missing_destination,45,Application-20-Service,EndDevice-20,Application-20-Service,18300
7014,Application-4,M_Req,missing_destination,29,Application-4-Service,EndDevice-4,Application-4-Service,18300
7016,Application-36,M_Req,missing_destination,61,Application-36-Service,EndDevice-36,Application-36-Service,18300
7019,Application-29,M_Req,missing_destination,54,Application-29-Service,EndDevice-29,Application-29-Service,18300
7038,Application-44,M_Req,missing_destination,69,Application-44-Service,EndDevice-44,Application-44-Service,18400
7052,Application-42,M_Req,missing_destination,67,Application-42-Service,EndDevice-42,Application-42-Service,18500
7053,Application-34,M_Req,missing_destination,59,Application-34-Service,EndDevice-34,Application-34-Service,18500
7064,Application-29,M_Req,missing_destination,54,Application-29-Service,EndDevice-29,Application-29-Service,18500
7069,Application-9,M_Req,missing_destination,34,Application-9-Service,EndDevice-9,Application-9-Service,18500
7071,Application-12,M_Req,missing_destination,37,Application-12-Service,EndDevice-12,Application-12-Service,18500
7081,Application-10,M_Req,missing_destination,35,Application-10-Service,EndDevice-10,Application-10-Service,18500
7084,Application-2,M_Req,missing_destination,27,Application-2-Service,EndDevice-2,Application-2-Service,18500
7086,Application-44,M_Req,missing_destination,69,Application-44-Service,EndDevice-44,Application-44-Service,18500
7090,Application-31,M_Req,missing_destination,56,Application-31-Service,EndDevice-31,Application-31-Service,18500
7098,Application-39,M_Req,missing_destination,64,Application-39-Service,EndDevice-39,Application-39-Service,18500
7100,Application-42,M_Req,missing_destination,67,Application-42-Service,EndDevice-42,Application-42-Service,18600
7101,Application-34,M_Req,missing_destination,59,Application-34-Service,EndDevice-34,Application-34-Service,18600
7109,Application-29,M_Req,missing_destination,54,Application-29-Service,EndDevice-29,Application-29-Service,18600
7114,Application-9,M_Req,missing_destination,34,Application-9-Service,EndDevice-9,Application-9-Service,18600
7122,Application-10,M_Req,missing_destination,35,Application-10-Service,EndDevice-10,Application-10-Service,18600
7125,Application-2,M_Req,missing_destination,27,Application-2-Service,EndDevice-2,Application-2-Service,18600
7148,Application-42,M_Req,missing_destination,67,Application-42-Service,EndDevice-42,Application-42-Service,18700
7149,Application-34,M_Req,missing_destination,59,Application-34-Service,EndDevice-34,Application-34-Service,18700
7157,Application-29,M_Req,missing_destination,54,Application-29-Service,EndDevice-29,Application-29-Service,18700
7162,Application-9,M_Req,missing_destination,34,Application-9-Service,EndDevice-9,Application-9-Service,18700
7170,Application-10,M_Req,missing_destination,35,Application-10-Service,EndDevice-10,Application-10-Service,18700
7173,Application-2,M_Req,missing_destination,27,Application-2-Service,EndDevice-2,Application-2-Service,18700
7178,Application-31,M_Req,missing_destination,56,Application-31-Service,EndDevice-31,Application-31-Service,18800
7179,Application-13,M_Req,missing_destination,38,Application-13-Service,EndDevice-13,Application-13-Service,18800
7185,Application-39,M_Req,missing_destination,64,Application-39-Service,EndDevice-39,Application-39-Service,18800
7186,Application-45,M_Req,missing_destination,70,Application-45-Service,EndDevice-45,Application-45-Service,18800
7189,Application-37,M_Req,missing_destination,62,Application-37-Service,EndDevice-37,Application-37-Service,18800
7191,Application-42,M_Req,missing_destination,67,Application-42-Service,EndDevice-42,Application-42-Service,18800
7192,Application-34,M_Req,missing_destination,59,Application-34-Service,EndDevice-34,Application-34-Service,18800
7197,Application-46,M_Req,missing_destination,71,Application-46-Service,EndDevice-46,Application-46-Service,18800
7198,Application-8,M_Req,missing_destination,33,Application-8-Service,EndDevice-8,Application-8-Service,18800
7200,Application-16,M_Req,missing_destination,41,Application-16-Service,EndDevice-16,Application-16-Service,18800
7226,Application-31,M_Req,missing_destination,56,Application-31-Service,EndDevice-31,Application-31-Service,18900
7227,Application-13,M_Req,missing_destination,38,Application-13-Service,EndDevice-13,Application-13-Service,18900
7233,Application-39,M_Req,missing_destination,64,Application-39-Service,EndDevice-39,Application-39-Service,18900
7234,Application-45,M_Req,missing_destination,70,Application-45-Service,EndDevice-45,Application-45-Service,18900
7237,Application-37,M_Req,missing_destination,62,Application-37-Service,EndDevice-37,Application-37-Service,18900
7239,Application-42,M_Req,missing_destination,67,Application-42-Service,EndDevice-42,Application-42-Service,18900
7240,Application-34,M_Req,missing_destination,59,Application-34-Service,EndDevice-34,Application-34-Service,18900
7245,Application-46,M_Req,missing_destination,71,Application-46-Service,EndDevice-46,Application-46-Service,18900
7246,Application-8,M_Req,missing_destination,33,Application-8-Service,EndDevice-8,Application-8-Service,18900
7248,Application-16,M_Req,missing_destination,41,Application-16-Service,EndDevice-16,Application-16-Service,18900
7271,Application-31,M_Req,missing_destination,56,Application-31-Service,EndDevice-31,Application-31-Service,19000
7281,Application-6,M_Req,missing_destination,31,Application-6-Service,EndDevice-6,Application-6-Service,19100
7284,Application-46,M_Req,missing_destination,71,Application-46-Service,EndDevice-46,Application-46-Service,19100
7285,Application-8,M_Req,missing_destination,33,Application-8-Service,EndDevice-8,Application-8-Service,19100
7286,Application-24,M_Req,missing_destination,49,Application-24-Service,EndDevice-24,Application-24-Service,19100
7287,Application-16,M_Req,missing_destination,41,Application-16-Service,EndDevice-16,Application-16-Service,19100
7290,Application-30,M_Req,missing_destination,55,Application-30-Service,EndDevice-30,Application-30-Service,19100
7293,Application-37,M_Req,missing_destination,62,Application-37-Service,EndDevice-37,Application-37-Service,19100
7299,Application-47,M_Req,missing_destination,72,Application-47-Service,EndDevice-47,Application-47-Service,19100
7303,Application-7,M_Req,missing_destination,32,Application-7-Service,EndDevice-7,Application-7-Service,19100
7304,Application-10,M_Req,missing_destination,35,Application-10-Service,EndDevice-10,Application-10-Service,19100
7305,Application-40,M_Req,missing_destination,65,Application-40-Service,EndDevice-40,Application-40-Service,19100
7309,Application-32,M_Req,missing_destination,57,Application-32-Service,EndDevice-32,Application-32-Service,19100
7315,Application-38,M_Req,missing_destination,63,Application-38-Service,EndDevice-38,Application-38-Service,19100
7319,Application-31,M_Req,missing_destination,56,Application-31-Service,EndDevice-31,Application-31-Service,19100
7329,Application-6,M_Req,missing_destination,31,Application-6-Service,EndDevice-6,Application-6-Service,19200
7330,Application-46,M_Req,missing_destination,71,Application-46-Service,EndDevice-46,Application-46-Service,19200
7331,Application-24,M_Req,missing_destination,49,Application-24-Service,EndDevice-24,Application-24-Service,19200
7332,Application-16,M_Req,missing_destination,41,Application-16-Service,EndDevice-16,Application-16-Service,19200
7335,Application-30,M_Req,missing_destination,55,Application-30-Service,EndDevice-30,Application-30-Service,19200
7337,Application-37,M_Req,missing_destination,62,Application-37-Service,EndDevice-37,Application-37-Service,19200
7341,Application-47,M_Req,missing_destination,72,Application-47-Service,EndDevice-47,Application-47-Service,19200
7345,Application-7,M_Req,missing_destination,32,Application-7-Service,EndDevice-7,Application-7-Service,19200
7346,Application-10,M_Req,missing_destination,35,Application-10-Service,EndDevice-10,Application-10-Service,19200
7347,Application-40,M_Req,missing_destination,65,Application-40-Service,EndDevice-40,Application-40-Service,19200
7356,Application-38,M_Req,missing_destination,63,Application-38-Service,EndDevice-38,Application-38-Service,19200
7377,Application-6,M_Req,missing_destination,31,Application-6-Service,EndDevice-6,Application-6-Service,19300
7378,Application-46,M_Req,missing_destination,71,Application-46-Service,EndDevice-46,Application-46-Service,19300
7385,Application-37,M_Req,missing_destination,62,Application-37-Service,EndDevice-37,Application-37-Service,19300
7389,Application-47,M_Req,missing_destination,72,Application-47-Service,EndDevice-47,Application-47-Service,19300
7393,Application-7,M_Req,missing_destination,32,Application-7-Service,EndDevice-7,Application-7-Service,19300
7404,Application-38,M_Req,missing_destination,63,Application-38-Service,EndDevice-38,Application-38-Service,19300
7409,Application-14,M_Req,missing_destination,39,Application-14-Service,EndDevice-14,Application-14-Service,19400
7412,Application-22,M_Req,missing_destination,47,Application-22-Service,EndDevice-22,Application-22-Service,19400
7416,Application-32,M_Req,missing_destination,57,Application-32-Service,EndDevice-32,Application-32-Service,19400
7417,Application-8,M_Req,missing_destination,33,Application-8-Service,EndDevice-8,Application-8-Service,19400
7423,Application-46,M_Req,missing_destination,71,Application-46-Service,EndDevice-46,Application-46-Service,19400
7425,Application-23,M_Req,missing_destination,48,Application-23-Service,EndDevice-23,Application-23-Service,19400
7428,Application-37,M_Req,missing_destination,62,Application-37-Service,EndDevice-37,Application-37-Service,19400
7431,Application-21,M_Req,missing_destination,46,Application-21-Service,EndDevice-21,Application-21-Service,19500
7433,Application-7,M_Req,missing_destination,32,Application-7-Service,EndDevice-7,Application-7-Service,19500
7437,Application-1,M_Req,missing_destination,26,Application-1-Service,EndDevice-1,Application-1-Service,19500
7443,Application-41,M_Req,missing_destination,66,Application-41-Service,EndDevice-41,Application-41-Service,19500
7457,Application-14,M_Req,missing_destination,39,Application-14-Service,EndDevice-14,Application-14-Service,19500
7460,Application-22,M_Req,missing_destination,47,Application-22-Service,EndDevice-22,Application-22-Service,19500
7464,Application-32,M_Req,missing_destination,57,Application-32-Service,EndDevice-32,Application-32-Service,19500
7465,Application-8,M_Req,missing_destination,33,Application-8-Service,EndDevice-8,Application-8-Service,19500
7471,Application-46,M_Req,missing_destination,71,Application-46-Service,EndDevice-46,Application-46-Service,19500
7473,Application-23,M_Req,missing_destination,48,Application-23-Service,EndDevice-23,Application-23-Service,19500
7476,Application-37,M_Req,missing_destination,62,Application-37-Service,EndDevice-37,Application-37-Service,19500
7480,Application-7,M_Req,missing_destination,32,Application-7-Service,EndDevice-7,Application-7-Service,19600
7484,Application-1,M_Req,missing_destination,26,Application-1-Service,EndDevice-1,Application-1-Service,19600
7488,Application-41,M_Req,missing_destination,66,Application-41-Service,EndDevice-41,Application-41-Service,19600
7500,Application-14,M_Req,missing_destination,39,Application-14-Service,EndDevice-14,Application-14-Service,19600
7503,Application-22,M_Req,missing_destination,47,Application-22-Service,EndDevice-22,Application-22-Service,19600
7506,Application-32,M_Req,missing_destination,57,Application-32-Service,EndDevice-32,Application-32-Service,19600
7507,Application-8,M_Req,missing_destination,33,Application-8-Service,EndDevice-8,Application-8-Service,19600
7512,Application-24,M_Req,missing_destination,49,Application-24-Service,EndDevice-24,Application-24-Service,19700
7515,Application-37,M_Req,missing_destination,62,Application-37-Service,EndDevice-37,Application-37-Service,19700
7516,Application-45,M_Req,missing_destination,70,Application-45-Service,EndDevice-45,Application-45-Service,19700
7523,Application-20,M_Req,missing_destination,45,Application-20-Service,EndDevice-20,Application-20-Service,19700
7524,Application-30,M_Req,missing_destination,55,Application-30-Service,EndDevice-30,Application-30-Service,19700
7528,Application-7,M_Req,missing_destination,32,Application-7-Service,EndDevice-7,Application-7-Service,19700
7529,Application-10,M_Req,missing_destination,35,Application-10-Service,EndDevice-10,Application-10-Service,19700
7530,Application-40,M_Req,missing_destination,65,Application-40-Service,EndDevice-40,Application-40-Service,19700
7532,Application-1,M_Req,missing_destination,26,Application-1-Service,EndDevice-1,Application-1-Service,19700
7536,Application-41,M_Req,missing_destination,66,Application-41-Service,EndDevice-41,Application-41-Service,19700
7538,Application-16,M_Req,missing_destination,41,Application-16-Service,EndDevice-16,Application-16-Service,19700
7540,Application-48,M_Req,missing_destination,73,Application-48-Service,EndDevice-48,Application-48-Service,19700
7548,Application-14,M_Req,missing_destination,39,Application-14-Service,EndDevice-14,Application-14-Service,19700
7551,Application-22,M_Req,missing_destination,47,Application-22-Service,EndDevice-22,Application-22-Service,19700
7554,Application-32,M_Req,missing_destination,57,Application-32-Service,EndDevice-32,Application-32-Service,19700
7555,Application-8,M_Req,missing_destination,33,Application-8-Service,EndDevice-8,Application-8-Service,19700
7560,Application-24,M_Req,missing_destination,49,Application-24-Service,EndDevice-24,Application-24-Service,19800
7563,Application-45,M_Req,missing_destination,70,Application-45-Service,EndDevice-45,Application-45-Service,19800
7570,Application-20,M_Req,missing_destination,45,Application-20-Service,EndDevice-20,Application-20-Service,19800
7571,Application-30,M_Req,missing_destination,55,Application-30-Service,EndDevice-30,Application-30-Service,19800
7574,Application-7,M_Req,missing_destination,32,Application-7-Service,EndDevice-7,Application-7-Service,19800
7575,Application-10,M_Req,missing_destination,35,Application-10-Service,EndDevice-10,Application-10-Service,19800
7576,Application-40,M_Req,missing_destination,65,Application-40-Service,EndDevice-40,Application-40-Service,19800
7577,Application-1,M_Req,missing_destination,26,Application-1-Service,EndDevice-1,Application-1-Service,19800
7581,Application-41,M_Req,missing_destination,66,Application-41-Service,EndDevice-41,Application-41-Service,19800
7608,Application-24,M_Req,missing_destination,49,Application-24-Service,EndDevice-24,Application-24-Service,19900
7618,Application-20,M_Req,missing_destination,45,Application-20-Service,EndDevice-20,Application-20-Service,19900
7619,Application-30,M_Req,missing_destination,55,Application-30-Service,EndDevice-30,Application-30-Service,19900
7622,Application-7,M_Req,missing_destination,32,Application-7-Service,EndDevice-7,Application-7-Service,19900
7623,Application-10,M_Req,missing_destination,35,Application-10-Service,EndDevice-10,Application-10-Service,19900
7624,Application-40,M_Req,missing_destination,65,Application-40-Service,EndDevice-40,Application-40-Service,19900
7640,Application-25,M_Req,missing_destination,50,Application-25-Service,EndDevice-25,Application-25-Service,20000
7641,Application-32,M_Req,missing_destination,57,Application-32-Service,EndDevice-32,Application-32-Service,20000
7647,Application-16,M_Req,missing_destination,41,Application-16-Service,EndDevice-16,Application-16-Service,20000
7648,Application-8,M_Req,missing_destination,33,Application-8-Service,EndDevice-8,Application-8-Service,20000
7650,Application-34,M_Req,missing_destination,59,Application-34-Service,EndDevice-34,Application-34-Service,20000
7652,Application-24,M_Req,missing_destination,49,Application-24-Service,EndDevice-24,Application-24-Service,20000
7657,Application-42,M_Req,missing_destination,67,Application-42-Service,EndDevice-42,Application-42-Service,20000
7660,Application-20,M_Req,missing_destination,45,Application-20-Service,EndDevice-20,Application-20-Service,20000
7661,Application-30,M_Req,missing_destination,55,Application-30-Service,EndDevice-30,Application-30-Service,20000
7669,Application-41,M_Req,missing_destination,66,Application-41-Service,EndDevice-41,Application-41-Service,20100
7688,Application-25,M_Req,missing_destination,50,Application-25-Service,EndDevice-25,Application-25-Service,20100
7689,Application-32,M_Req,missing_destination,57,Application-32-Service,EndDevice-32,Application-32-Service,20100
7695,Application-16,M_Req,missing_destination,41,Application-16-Service,EndDevice-16,Application-16-Service,20100
7696,Application-8,M_Req,missing_destination,33,Application-8-Service,EndDevice-8,Application-8-Service,20100
7698,Application-34,M_Req,missing_destination,59,Application-34-Service,EndDevice-34,Application-34-Service,20100
7700,Application-24,M_Req,missing_destination,49,Application-24-Service,EndDevice-24,Application-24-Service,20100
7705,Application-42,M_Req,missing_destination,67,Application-42-Service,EndDevice-42,Application-42-Service,20100
7708,Application-20,M_Req,missing_destination,45,Application-20-Service,EndDevice-20,Application-20-Service,20100
7709,Application-30,M_Req,missing_destination,55,Application-30-Service,EndDevice-30,Application-30-Service,20100
7741,Application-34,M_Req,missing_destination,59,Application-34-Service,EndDevice-34,Application-34-Service,20300
7745,Application-42,M_Req,missing_destination,67,Application-42-Service,EndDevice-42,Application-42-Service,20300
7749,Application-4,M_Req,missing_destination,29,Application-4-Service,EndDevice-4,Application-4-Service,20300
7756,Application-24,M_Req,missing_destination,49,Application-24-Service,EndDevice-24,Application-24-Service,20300
7761,Application-10,M_Req,missing_destination,35,Application-10-Service,EndDevice-10,Application-10-Service,20300
7762,Application-40,M_Req,missing_destination,65,Application-40-Service,EndDevice-40,Application-40-Service,20300
7771,Application-2,M_Req,missing_destination,27,Application-2-Service,EndDevice-2,Application-2-Service,20300
7772,Application-48,M_Req,missing_destination,73,Application-48-Service,EndDevice-48,Application-48-Service,20300
7788,Application-19,M_Req,missing_destination,44,Application-19-Service,EndDevice-19,Application-19-Service,20300
7789,Application-34,M_Req,missing_destination,59,Application-34-Service,EndDevice-34,Application-34-Service,20400
7793,Application-42,M_Req,missing_destination,67,Application-42-Service,EndDevice-42,Application-42-Service,20400
7803,Application-24,M_Req,missing_destination,49,Application-24-Service,EndDevice-24,Application-24-Service,20400
7812,Application-2,M_Req,missing_destination,27,Application-2-Service,EndDevice-2,Application-2-Service,20400
7813,Application-48,M_Req,missing_destination,73,Application-48-Service,EndDevice-48,Application-48-Service,20400
7837,Application-34,M_Req,missing_destination,59,Application-34-Service,EndDevice-34,Application-34-Service,20500
7841,Application-42,M_Req,missing_destination,67,Application-42-Service,EndDevice-42,Application-42-Service,20500
7851,Application-24,M_Req,missing_destination,49,Application-24-Service,EndDevice-24,Application-24-Service,20500
7860,Application-2,M_Req,missing_destination,27,Application-2-Service,EndDevice-2,Application-2-Service,20500
7861,Application-48,M_Req,missing_destination,73,Application-48-Service,EndDevice-48,Application-48-Service,20500
7870,Application-36,M_Req,missing_destination,61,Application-36-Service,EndDevice-36,Application-36-Service,20600
7877,Application-4,M_Req,missing_destination,29,Application-4-Service,EndDevice-4,Application-4-Service,20600
7880,Application-34,M_Req,missing_destination,59,Application-34-Service,EndDevice-34,Application-34-Service,20600
7882,Application-28,M_Req,missing_destination,53,Application-28-Service,EndDevice-28,Application-28-Service,20600
7883,Application-42,M_Req,missing_destination,67,Application-42-Service,EndDevice-42,Application-42-Service,20600
7885,Application-20,M_Req,missing_destination,45,Application-20-Service,EndDevice-20,Application-20-Service,20600
7890,Application-16,M_Req,missing_destination,41,Application-16-Service,EndDevice-16,Application-16-Service,20600
7891,Application-46,M_Req,missing_destination,71,Application-46-Service,EndDevice-46,Application-46-Service,20600
7893,Application-24,M_Req,missing_destination,49,Application-24-Service,EndDevice-24,Application-24-Service,20600
7895,Application-35,M_Req,missing_destination,60,Application-35-Service,EndDevice-35,Application-35-Service,20700
7896,Application-5,M_Req,missing_destination,30,Application-5-Service,EndDevice-5,Application-5-Service,20700
7918,Application-36,M_Req,missing_destination,61,Application-36-Service,EndDevice-36,Application-36-Service,20700
7925,Application-4,M_Req,missing_destination,29,Application-4-Service,EndDevice-4,Application-4-Service,20700
7928,Application-34,M_Req,missing_destination,59,Application-34-Service,EndDevice-34,Application-34-Service,20700
7930,Application-28,M_Req,missing_destination,53,Application-28-Service,EndDevice-28,Application-28-Service,20700
7931,Application-42,M_Req,missing_destination,67,Application-42-Service,EndDevice-42,Application-42-Service,20700
7933,Application-20,M_Req,missing_destination,45,Application-20-Service,EndDevice-20,Application-20-Service,20700
7938,Application-16,M_Req,missing_destination,41,Application-16-Service,EndDevice-16,Application-16-Service,20700
7939,Application-46,M_Req,missing_destination,71,Application-46-Service,EndDevice-46,Application-46-Service,20700
7941,Application-24,M_Req,missing_destination,49,Application-24-Service,EndDevice-24,Application-24-Service,20700
7972,Application-9,M_Req,missing_destination,34,Application-9-Service,EndDevice-9,Application-9-Service,20900
7976,Application-17,M_Req,missing_destination,42,Application-17-Service,EndDevice-17,Application-17-Service,20900
7982,Application-22,M_Req,missing_destination,47,Application-22-Service,EndDevice-22,Application-22-Service,20900
7989,Application-12,M_Req,missing_destination,37,Application-12-Service,EndDevice-12,Application-12-Service,20900
7996,Application-2,M_Req,missing_destination,27,Application-2-Service,EndDevice-2,Application-2-Service,20900
8012,Application-41,M_Req,missing_destination,66,Application-41-Service,EndDevice-41,Application-41-Service,20900
8014,Application-25,M_Req,missing_destination,50,Application-25-Service,EndDevice-25,Application-25-Service,20900
8020,Application-9,M_Req,missing_destination,34,Application-9-Service,EndDevice-9,Application-9-Service,21000
8024,Application-17,M_Req,missing_destination,42,Application-17-Service,EndDevice-17,Application-17-Service,21000
8040,Application-2,M_Req,missing_destination,27,Application-2-Service,EndDevice-2,Application-2-Service,21000
8103,Application-15,M_Req,missing_destination,40,Application-15-Service,EndDevice-15,Application-15-Service,21200
8106,Application-34,M_Req,missing_destination,59,Application-34-Service,EndDevice-34,Application-34-Service,21200
8108,Application-23,M_Req,missing_destination,48,Application-23-Service,EndDevice-23,Application-23-Service,21200
8113,Application-11,M_Req,missing_destination,36,Application-11-Service,EndDevice-11,Application-11-Service,21200
8115,Application-39,M_Req,missing_destination,64,Application-39-Service,EndDevice-39,Application-39-Service,21200
8117,Application-3,M_Req,missing_destination,28,Application-3-Service,EndDevice-3,Application-3-Service,21200
8119,Application-44,M_Req,missing_destination,69,Application-44-Service,EndDevice-44,Application-44-Service,21200
8124,Application-4,M_Req,missing_destination,29,Application-4-Service,EndDevice-4,Application-4-Service,21200
8128,Application-29,M_Req,missing_destination,54,Application-29-Service,EndDevice-29,Application-29-Service,21300
8151,Application-15,M_Req,missing_destination,40,Application-15-Service,EndDevice-15,Application-15-Service,21300
8154,Application-34,M_Req,missing_destination,59,Application-34-Service,EndDevice-34,Application-34-Service,21300
8156,Application-23,M_Req,missing_destination,48,Application-23-Service,EndDevice-23,Application-23-Service,21300
8161,Application-11,M_Req,missing_destination,36,Application-11-Service,EndDevice-11,Application-11-Service,21300
8163,Application-39,M_Req,missing_destination,64,Application-39-Service,EndDevice-39,Application-39-Service,21300
8165,Application-3,M_Req,missing_destination,28,Application-3-Service,EndDevice-3,Application-3-Service,21300
8167,Application-44,M_Req,missing_destination,69,Application-44-Service,EndDevice-44,Application-44-Service,21300
8172,Application-4,M_Req,missing_destination,29,Application-4-Service,EndDevice-4,Application-4-Service,21300
8175,Application-29,M_Req,missing_destination,54,Application-29-Service,EndDevice-29,Application-29-Service,21400
8197,Application-23,M_Req,missing_destination,48,Application-23-Service,EndDevice-23,Application-23-Service,21500
8202,Application-17,M_Req,missing_destination,42,Application-17-Service,EndDevice-17,Application-17-Service,21500
8203,Application-39,M_Req,missing_destination,64,Application-39-Service,EndDevice-39,Application-39-Service,21500
8217,Application-9,M_Req,missing_destination,34,Application-9-Service,EndDevice-9,Application-9-Service,21500
8223,Application-29,M_Req,missing_destination,54,Application-29-Service,EndDevice-29,Application-29-Service,21500
8224,Application-1,M_Req,missing_destination,26,Application-1-Service,EndDevice-1,Application-1-Service,21500
8225,Application-21,M_Req,missing_destination,46,Application-21-Service,EndDevice-21,Application-21-Service,21500
8226,Application-31,M_Req,missing_destination,56,Application-31-Service,EndDevice-31,Application-31-Service,21500
8240,Application-6,M_Req,missing_destination,31,Application-6-Service,EndDevice-6,Application-6-Service,21500
8241,Application-32,M_Req,missing_destination,57,Application-32-Service,EndDevice-32,Application-32-Service,21500
8244,Application-22,M_Req,missing_destination,47,Application-22-Service,EndDevice-22,Application-22-Service,21500
8245,Application-23,M_Req,missing_destination,48,Application-23-Service,EndDevice-23,Application-23-Service,21600
8266,Application-29,M_Req,missing_destination,54,Application-29-Service,EndDevice-29,Application-29-Service,21600
8267,Application-1,M_Req,missing_destination,26,Application-1-Service,EndDevice-1,Application-1-Service,21600
8268,Application-21,M_Req,missing_destination,46,Application-21-Service,EndDevice-21,Application-21-Service,21600
8269,Application-31,M_Req,missing_destination,56,Application-31-Service,EndDevice-31,Application-31-Service,21600
8293,Application-23,M_Req,missing_destination,48,Application-23-Service,EndDevice-23,Application-23-Service,21700
8315,Application-1,M_Req,missing_destination,26,Application-1-Service,EndDevice-1,Application-1-Service,21700
8316,Application-21,M_Req,missing_destination,46,Application-21-Service,EndDevice-21,Application-21-Service,21700
8317,Application-31,M_Req,missing_destination,56,Application-31-Service,EndDevice-31,Application-31-Service,21700
8327,Application-37,M_Req,missing_destination,62,Application-37-Service,EndDevice-37,Application-37-Service,21800
8336,Application-20,M_Req,missing_destination,45,Application-20-Service,EndDevice-20,Application-20-Service,21800
8337,Application-23,M_Req,missing_destination,48,Application-23-Service,EndDevice-23,Application-23-Service,21800
8344,Application-4,M_Req,missing_destination,29,Application-4-Service,EndDevice-4,Application-4-Service,21800
8346,Application-15,M_Req,missing_destination,40,Application-15-Service,EndDevice-15,Application-15-Service,21800
8350,Application-46,M_Req,missing_destination,71,Application-46-Service,EndDevice-46,Application-46-Service,21800
8352,Application-35,M_Req,missing_destination,60,Application-35-Service,EndDevice-35,Application-35-Service,21900
8359,Application-26,M_Req,missing_destination,51,Application-26-Service,EndDevice-26,Application-26-Service,21900
8360,Application-45,M_Req,missing_destination,70,Application-45-Service,EndDevice-45,Application-45-Service,21900
8362,Application-5,M_Req,missing_destination,30,Application-5-Service,EndDevice-5,Application-5-Service,21900
8375,Application-37,M_Req,missing_destination,62,Application-37-Service,EndDevice-37,Application-37-Service,21900
8384,Application-20,M_Req,missing_destination,45,Application-20-Service,EndDevice-20,Application-20-Service,21900
8385,Application-23,M_Req,missing_destination,48,Application-23-Service,EndDevice-23,Application-23-Service,21900
8392,Application-4,M_Req,missing_destination,29,Application-4-Service,EndDevice-4,Application-4-Service,21900
8394,Application-15,M_Req,missing_destination,40,Application-15-Service,EndDevice-15,Application-15-Service,21900
8398,Application-46,M_Req,missing_destination,71,Application-46-Service,EndDevice-46,Application-46-Service,21900
8400,Application-35,M_Req,missing_destination,60,Application-35-Service,EndDevice-35,Application-35-Service,22000
8406,Application-45,M_Req,missing_destination,70,Application-45-Service,EndDevice-45,Application-45-Service,22000
8407,Application-5,M_Req,missing_destination,30,Application-5-Service,EndDevice-5,Application-5-Service,22000
8426,Application-20,M_Req,missing_destination,45,Application-20-Service,EndDevice-20,Application-20-Service,22000
8429,Application-38,M_Req,missing_destination,63,Application-38-Service,EndDevice-38,Application-38-Service,22100
8430,Application-48,M_Req,missing_destination,73,Application-48-Service,EndDevice-48,Application-48-Service,22100
8432,Application-40,M_Req,missing_destination,65,Application-40-Service,EndDevice-40,Application-40-Service,22100
8434,Application-24,M_Req,missing_destination,49,Application-24-Service,EndDevice-24,Application-24-Service,22100
8435,Application-8,M_Req,missing_destination,33,Application-8-Service,EndDevice-8,Application-8-Service,22100
8437,Application-46,M_Req,missing_destination,71,Application-46-Service,EndDevice-46,Application-46-Service,22100
8443,Application-10,M_Req,missing_destination,35,Application-10-Service,EndDevice-10,Application-10-Service,22100
8448,Application-35,M_Req,missing_destination,60,Application-35-Service,EndDevice-35,Application-35-Service,22100
8454,Application-45,M_Req,missing_destination,70,Application-45-Service,EndDevice-45,Application-45-Service,22100
8455,Application-5,M_Req,missing_destination,30,Application-5-Service,EndDevice-5,Application-5-Service,22100
8462,Application-32,M_Req,missing_destination,57,Application-32-Service,EndDevice-32,Application-32-Service,22100
8463,Application-30,M_Req,missing_destination,55,Application-30-Service,EndDevice-30,Application-30-Service,22100
8471,Application-39,M_Req,missing_destination,64,Application-39-Service,EndDevice-39,Application-39-Service,22100
8474,Application-20,M_Req,missing_destination,45,Application-20-Service,EndDevice-20,Application-20-Service,22100
8477,Application-38,M_Req,missing_destination,63,Application-38-Service,EndDevice-38,Application-38-Service,22200
8478,Application-48,M_Req,missing_destination,73,Application-48-Service,EndDevice-48,Application-48-Service,22200
8480,Application-40,M_Req,missing_destination,65,Application-40-Service,EndDevice-40,Application-40-Service,22200
8482,Application-8,M_Req,missing_destination,33,Application-8-Service,EndDevice-8,Application-8-Service,22200
8484,Application-46,M_Req,missing_destination,71,Application-46-Service,EndDevice-46,Application-46-Service,22200
8489,Application-10,M_Req,missing_destination,35,Application-10-Service,EndDevice-10,Application-10-Service,22200
8494,Application-35,M_Req,missing_destination,60,Application-35-Service,EndDevice-35,Application-35-Service,22200
8498,Application-5,M_Req,missing_destination,30,Application-5-Service,EndDevice-5,Application-5-Service,22200
8505,Application-32,M_Req,missing_destination,57,Application-32-Service,EndDevice-32,Application-32-Service,22200
8506,Application-30,M_Req,missing_destination,55,Application-30-Service,EndDevice-30,Application-30-Service,22200
8542,Application-35,M_Req,missing_destination,60,Application-35-Service,EndDevice-35,Application-35-Service,22300
8546,Application-5,M_Req,missing_destination,30,Application-5-Service,EndDevice-5,Application-5-Service,22300
8557,Application-37,M_Req,missing_destination,62,Application-37-Service,EndDevice-37,Application-37-Service,22400
8559,Application-22,M_Req,missing_destination,47,Application-22-Service,EndDevice-22,Application-22-Service,22400
8564,Application-21,M_Req,missing_destination,46,Application-21-Service,EndDevice-21,Application-21-Service,22400
8568,Application-45,M_Req,missing_destination,70,Application-45-Service,EndDevice-45,Application-45-Service,22400
8577,Application-13,M_Req,missing_destination,38,Application-13-Service,EndDevice-13,Application-13-Service,22400
8581,Application-18,M_Req,missing_destination,43,Application-18-Service,EndDevice-18,Application-18-Service,22400
8586,Application-26,M_Req,missing_destination,51,Application-26-Service,EndDevice-26,Application-26-Service,22500
8591,Application-28,M_Req,missing_destination,53,Application-28-Service,EndDevice-28,Application-28-Service,22500
8594,Application-36,M_Req,missing_destination,61,Application-36-Service,EndDevice-36,Application-36-Service,22500
8605,Application-37,M_Req,missing_destination,62,Application-37-Service,EndDevice-37,Application-37-Service,22500
8607,Application-22,M_Req,missing_destination,47,Application-22-Service,EndDevice-22,Application-22-Service,22500
8612,Application-21,M_Req,missing_destination,46,Application-21-Service,EndDevice-21,Application-21-Service,22500
8616,Application-45,M_Req,missing_destination,70,Application-45-Service,EndDevice-45,Application-45-Service,22500
8625,Application-13,M_Req,missing_destination,38,Application-13-Service,EndDevice-13,Application-13-Service,22500
8629,Application-18,M_Req,missing_destination,43,Application-18-Service,EndDevice-18,Application-18-Service,22500
8637,Application-28,M_Req,missing_destination,53,Application-28-Service,EndDevice-28,Application-28-Service,22600
8640,Application-36,M_Req,missing_destination,61,Application-36-Service,EndDevice-36,Application-36-Service,22600
8648,Application-37,M_Req,missing_destination,62,Application-37-Service,EndDevice-37,Application-37-Service,22600
8650,Application-22,M_Req,missing_destination,47,Application-22-Service,EndDevice-22,Application-22-Service,22600
8654,Application-21,M_Req,missing_destination,46,Application-21-Service,EndDevice-21,Application-21-Service,22600
8657,Application-45,M_Req,missing_destination,70,Application-45-Service,EndDevice-45,Application-45-Service,22600
8658,Application-38,M_Req,missing_destination,63,Application-38-Service,EndDevice-38,Application-38-Service,22700
8661,Application-15,M_Req,missing_destination,40,Application-15-Service,EndDevice-15,Application-15-Service,22700
8663,Application-47,M_Req,missing_destination,72,Application-47-Service,EndDevice-47,Application-47-Service,22700
8664,Application-46,M_Req,missing_destination,71,Application-46-Service,EndDevice-46,Application-46-Service,22700
8681,Application-29,M_Req,missing_destination,54,Application-29-Service,EndDevice-29,Application-29-Service,22700
8682,Application-17,M_Req,missing_destination,42,Application-17-Service,EndDevice-17,Application-17-Service,22700
8685,Application-28,M_Req,missing_destination,53,Application-28-Service,EndDevice-28,Application-28-Service,22700
8688,Application-36,M_Req,missing_destination,61,Application-36-Service,EndDevice-36,Application-36-Service,22700
8690,Application-39,M_Req,missing_destination,64,Application-39-Service,EndDevice-39,Application-39-Service,22700
8693,Application-6,M_Req,missing_destination,31,Application-6-Service,EndDevice-6,Application-6-Service,22700
8694,Application-14,M_Req,missing_destination,39,Application-14-Service,EndDevice-14,Application-14-Service,22700
8696,Application-37,M_Req,missing_destination,62,Application-37-Service,EndDevice-37,Application-37-Service,22700
8698,Application-22,M_Req,missing_destination,47,Application-22-Service,EndDevice-22,Application-22-Service,22700
8701,Application-7,M_Req,missing_destination,32,Application-7-Service,EndDevice-7,Application-7-Service,22700
8702,Application-21,M_Req,missing_destination,46,Application-21-Service,EndDevice-21,Application-21-Service,22700
8705,Application-45,M_Req,missing_destination,70,Application-45-Service,EndDevice-45,Application-45-Service,22700
8706,Application-38,M_Req,missing_destination,63,Application-38-Service,EndDevice-38,Application-38-Service,22800
8709,Application-47,M_Req,missing_destination,72,Application-47-Service,EndDevice-47,Application-47-Service,22800
8724,Application-29,M_Req,missing_destination,54,Application-29-Service,EndDevice-29,Application-29-Service,22800
8725,Application-17,M_Req,missing_destination,42,Application-17-Service,EndDevice-17,Application-17-Service,22800
8727,Application-28,M_Req,missing_destination,53,Application-28-Service,EndDevice-28,Application-28-Service,22800
8730,Application-36,M_Req,missing_destination,61,Application-36-Service,EndDevice-36,Application-36-Service,22800
8732,Application-39,M_Req,missing_destination,64,Application-39-Service,EndDevice-39,Application-39-Service,22800
8734,Application-6,M_Req,missing_destination,31,Application-6-Service,EndDevice-6,Application-6-Service,22800
8735,Application-14,M_Req,missing_destination,39,Application-14-Service,EndDevice-14,Application-14-Service,22800
8775,Application-28,M_Req,missing_destination,53,Application-28-Service,EndDevice-28,Application-28-Service,22900
8778,Application-36,M_Req,missing_destination,61,Application-36-Service,EndDevice-36,Application-36-Service,22900
8785,Application-34,M_Req,missing_destination,59,Application-34-Service,EndDevice-34,Application-34-Service,23000
8787,Application-19,M_Req,missing_destination,44,Application-19-Service,EndDevice-19,Application-19-Service,23000
8792,Application-2,M_Req,missing_destination,27,Application-2-Service,EndDevice-2,Application-2-Service,23000
8795,Application-27,M_Req,missing_destination,52,Application-27-Service,EndDevice-27,Application-27-Service,23000
8803,Application-42,M_Req,missing_destination,67,Application-42-Service,EndDevice-42,Application-42-Service,23000
8807,Application-3,M_Req,missing_destination,28,Application-3-Service,EndDevice-3,Application-3-Service,23000
8812,Application-33,M_Req,missing_destination,58,Application-33-Service,EndDevice-33,Application-33-Service,23100
8816,Application-32,M_Req,missing_destination,57,Application-32-Service,EndDevice-32,Application-32-Service,23100
8819,Application-43,M_Req,missing_destination,68,Application-43-Service,EndDevice-43,Application-43-Service,23100
8833,Application-34,M_Req,missing_destination,59,Application-34-Service,EndDevice-34,Application-34-Service,23100
8835,Application-19,M_Req,missing_destination,44,Application-19-Service,EndDevice-19,Application-19-Service,23100
8840,Application-2,M_Req,missing_destination,27,Application-2-Service,EndDevice-2,Application-2-Service,23100
8843,Application-27,M_Req,missing_destination,52,Application-27-Service,EndDevice-27,Application-27-Service,23100
8851,Application-42,M_Req,missing_destination,67,Application-42-Service,EndDevice-42,Application-42-Service,23100
8855,Application-3,M_Req,missing_destination,28,Application-3-Service,EndDevice-3,Application-3-Service,23100
8863,Application-32,M_Req,missing_destination,57,Application-32-Service,EndDevice-32,Application-32-Service,23200
8876,Application-34,M_Req,missing_destination,59,Application-34-Service,EndDevice-34,Application-34-Service,23200
8889,Application-47,M_Req,missing_destination,72,Application-47-Service,EndDevice-47,Application-47-Service,23300
8896,Application-31,M_Req,missing_destination,56,Application-31-Service,EndDevice-31,Application-31-Service,23300
8908,Application-29,M_Req,missing_destination,54,Application-29-Service,EndDevice-29,Application-29-Service,23300
8911,Application-32,M_Req,missing_destination,57,Application-32-Service,EndDevice-32,Application-32-Service,23300
8913,Application-36,M_Req,missing_destination,61,Application-36-Service,EndDevice-36,Application-36-Service,23300
8914,Application-39,M_Req,missing_destination,64,Application-39-Service,EndDevice-39,Application-39-Service,23300
8915,Application-6,M_Req,missing_destination,31,Application-6-Service,EndDevice-6,Application-6-Service,23300
8918,Application-28,M_Req,missing_destination,53,Application-28-Service,EndDevice-28,Application-28-Service,23300
8921,Application-23,M_Req,missing_destination,48,Application-23-Service,EndDevice-23,Application-23-Service,23300
8924,Application-34,M_Req,missing_destination,59,Application-34-Service,EndDevice-34,Application-34-Service,23300
8925,Application-22,M_Req,missing_destination,47,Application-22-Service,EndDevice-22,Application-22-Service,23300
8936,Application-47,M_Req,missing_destination,72,Application-47-Service,EndDevice-47,Application-47-Service,23400
8952,Application-29,M_Req,missing_destination,54,Application-29-Service,EndDevice-29,Application-29-Service,23400
8955,Application-32,M_Req,missing_destination,57,Application-32-Service,EndDevice-32,Application-32-Service,23400
8957,Application-39,M_Req,missing_destination,64,Application-39-Service,EndDevice-39,Application-39-Service,23400
8958,Application-6,M_Req,missing_destination,31,Application-6-Service,EndDevice-6,Application-6-Service,23400
8963,Application-23,M_Req,missing_destination,48,Application-23-Service,EndDevice-23,Application-23-Service,23400
8984,Application-47,M_Req,missing_destination,72,Application-47-Service,EndDevice-47,Application-47-Service,23500
9000,Application-29,M_Req,missing_destination,54,Application-29-Service,EndDevice-29,Application-29-Service,23500
9005,Application-39,M_Req,missing_destination,64,Application-39-Service,EndDevice-39,Application-39-Service,23500
9006,Application-6,M_Req,missing_destination,31,Application-6-Service,EndDevice-6,Application-6-Service,23500
9011,Application-23,M_Req,missing_destination,48,Application-23-Service,EndDevice-23,Application-23-Service,23500
9012,Application-22,M_Req,missing_destination,47,Application-22-Service,EndDevice-22,Application-22-Service,23600
9017,Application-20,M_Req,missing_destination,45,Application-20-Service,EndDevice-20,Application-20-Service,23600
9019,Application-46,M_Req,missing_destination,71,Application-46-Service,EndDevice-46,Application-46-Service,23600
9020,Application-38,M_Req,missing_destination,63,Application-38-Service,EndDevice-38,Application-38-Service,23600
9023,Application-36,M_Req,missing_destination,61,Application-36-Service,EndDevice-36,Application-36-Service,23600
9024,Application-28,M_Req,missing_destination,53,Application-28-Service,EndDevice-28,Application-28-Service,23600
9025,Application-47,M_Req,missing_destination,72,Application-47-Service,EndDevice-47,Application-47-Service,23600
9029,Application-3,M_Req,missing_destination,28,Application-3-Service,EndDevice-3,Application-3-Service,23600
9031,Application-37,M_Req,missing_destination,62,Application-37-Service,EndDevice-37,Application-37-Service,23600
9032,Application-27,M_Req,missing_destination,52,Application-27-Service,EndDevice-27,Application-27-Service,23600
9038,Application-35,M_Req,missing_destination,60,Application-35-Service,EndDevice-35,Application-35-Service,23700
9047,Application-18,M_Req,missing_destination,43,Application-18-Service,EndDevice-18,Application-18-Service,23700
9048,Application-45,M_Req,missing_destination,70,Application-45-Service,EndDevice-45,Application-45-Service,23700
9060,Application-22,M_Req,missing_destination,47,Application-22-Service,EndDevice-22,Application-22-Service,23700
9065,Application-20,M_Req,missing_destination,45,Application-20-Service,EndDevice-20,Application-20-Service,23700
9067,Application-46,M_Req,missing_destination,71,Application-46-Service,EndDevice-46,Application-46-Service,23700
9068,Application-38,M_Req,missing_destination,63,Application-38-Service,EndDevice-38,Application-38-Service,23700
9071,Application-36,M_Req,missing_destination,61,Application-36-Service,EndDevice-36,Application-36-Service,23700
9072,Application-28,M_Req,missing_destination,53,Application-28-Service,EndDevice-28,Application-28-Service,23700
9073,Application-47,M_Req,missing_destination,72,Application-47-Service,EndDevice-47,Application-47-Service,23700
9077,Application-3,M_Req,missing_destination,28,Application-3-Service,EndDevice-3,Application-3-Service,23700
9079,Application-37,M_Req,missing_destination,62,Application-37-Service,EndDevice-37,Application-37-Service,23700
9080,Application-27,M_Req,missing_destination,52,Application-27-Service,EndDevice-27,Application-27-Service,23700
9093,Application-18,M_Req,missing_destination,43,Application-18-Service,EndDevice-18,Application-18-Service,23800
9105,Application-22,M_Req,missing_destination,47,Application-22-Service,EndDevice-22,Application-22-Service,23800
9110,Application-46,M_Req,missing_destination,71,Application-46-Service,EndDevice-46,Application-46-Service,23800
9111,Application-38,M_Req,missing_destination,63,Application-38-Service,EndDevice-38,Application-38-Service,23800
9119,Application-33,M_Req,missing_destination,58,Application-33-Service,EndDevice-33,Application-33-Service,23900
9123,Application-1,M_Req,missing_destination,26,Application-1-Service,EndDevice-1,Application-1-Service,23900
9125,Application-21,M_Req,missing_destination,46,Application-21-Service,EndDevice-21,Application-21-Service,23900
9128,Application-41,M_Req,missing_destination,66,Application-41-Service,EndDevice-41,Application-41-Service,23900
9129,Application-24,M_Req,missing_destination,49,Application-24-Service,EndDevice-24,Application-24-Service,23900
9135,Application-44,M_Req,missing_destination,69,Application-44-Service,EndDevice-44,Application-44-Service,23900
9140,Application-14,M_Req,missing_destination,39,Application-14-Service,EndDevice-14,Application-14-Service,23900
9141,Application-18,M_Req,missing_destination,43,Application-18-Service,EndDevice-18,Application-18-Service,23900
9145,Application-4,M_Req,missing_destination,29,Application-4-Service,EndDevice-4,Application-4-Service,23900
9150,Application-9,M_Req,missing_destination,34,Application-9-Service,EndDevice-9,Application-9-Service,23900
9151,Application-12,M_Req,missing_destination,37,Application-12-Service,EndDevice-12,Application-12-Service,23900
9153,Application-22,M_Req,missing_destination,47,Application-22-Service,EndDevice-22,Application-22-Service,23900
9154,Application-25,M_Req,missing_destination,50,Application-25-Service,EndDevice-25,Application-25-Service,23900
9158,Application-46,M_Req,missing_destination,71,Application-46-Service,EndDevice-46,Application-46-Service,23900
9159,Application-38,M_Req,missing_destination,63,Application-38-Service,EndDevice-38,Application-38-Service,23900
9169,Application-1,M_Req,missing_destination,26,Application-1-Service,EndDevice-1,Application-1-Service,24000
9171,Application-21,M_Req,missing_destination,46,Application-21-Service,EndDevice-21,Application-21-Service,24000
9174,Application-41,M_Req,missing_destination,66,Application-41-Service,EndDevice-41,Application-41-Service,24000
9178,Application-44,M_Req,missing_destination,69,Application-44-Service,EndDevice-44,Application-44-Service,24000
9182,Application-14,M_Req,missing_destination,39,Application-14-Service,EndDevice-14,Application-14-Service,24000
9183,Application-18,M_Req,missing_destination,43,Application-18-Service,EndDevice-18,Application-18-Service,24000
9187,Application-4,M_Req,missing_destination,29,Application-4-Service,EndDevice-4,Application-4-Service,24000
9192,Application-9,M_Req,missing_destination,34,Application-9-Service,EndDevice-9,Application-9-Service,24000
9193,Application-12,M_Req,missing_destination,37,Application-12-Service,EndDevice-12,Application-12-Service,24000
9217,Application-1,M_Req,missing_destination,26,Application-1-Service,EndDevice-1,Application-1-Service,24100
9219,Application-21,M_Req,missing_destination,46,Application-21-Service,EndDevice-21,Application-21-Service,24100
9222,Application-41,M_Req,missing_destination,66,Application-41-Service,EndDevice-41,Application-41-Service,24100
9231,Application-18,M_Req,missing_destination,43,Application-18-Service,EndDevice-18,Application-18-Service,24100
9240,Application-9,M_Req,missing_destination,34,Application-9-Service,EndDevice-9,Application-9-Service,24100
9248,Application-34,M_Req,missing_destination,59,Application-34-Service,EndDevice-34,Application-34-Service,24200
9255,Application-42,M_Req,missing_destination,67,Application-42-Service,EndDevice-42,Application-42-Service,24200
9257,Application-13,M_Req,missing_destination,38,Application-13-Service,EndDevice-13,Application-13-Service,24200
9258,Application-3,M_Req,missing_destination,28,Application-3-Service,EndDevice-3,Application-3-Service,24200
9260,Application-1,M_Req,missing_destination,26,Application-1-Service,EndDevice-1,Application-1-Service,24200
9263,Application-43,M_Req,missing_destination,68,Application-43-Service,EndDevice-43,Application-43-Service,24200
9264,Application-41,M_Req,missing_destination,66,Application-41-Service,EndDevice-41,Application-41-Service,24200
9265,Application-37,M_Req,missing_destination,62,Application-37-Service,EndDevice-37,Application-37-Service,24200
9267,Application-32,M_Req,missing_destination,57,Application-32-Service,EndDevice-32,Application-32-Service,24300
9269,Application-6,M_Req,missing_destination,31,Application-6-Service,EndDevice-6,Application-6-Service,24300
9277,Application-16,M_Req,missing_destination,41,Application-16-Service,EndDevice-16,Application-16-Service,24300
9280,Application-12,M_Req,missing_destination,37,Application-12-Service,EndDevice-12,Application-12-Service,24300
9296,Application-34,M_Req,missing_destination,59,Application-34-Service,EndDevice-34,Application-34-Service,24300
9303,Application-42,M_Req,missing_destination,67,Application-42-Service,EndDevice-42,Application-42-Service,24300
9305,Application-13,M_Req,missing_destination,38,Application-13-Service,EndDevice-13,Application-13-Service,24300
9306,Application-3,M_Req,missing_destination,28,Application-3-Service,EndDevice-3,Application-3-Service,24300
9308,Application-1,M_Req,missing_destination,26,Application-1-Service,EndDevice-1,Application-1-Service,24300
9311,Application-43,M_Req,missing_destination,68,Application-43-Service,EndDevice-43,Application-43-Service,24300
9312,Application-41,M_Req,missing_destination,66,Application-41-Service,EndDevice-41,Application-41-Service,24300
9313,Application-37,M_Req,missing_destination,62,Application-37-Service,EndDevice-37,Application-37-Service,24300
9349,Application-1,M_Req,missing_destination,26,Application-1-Service,EndDevice-1,Application-1-Service,24500
9352,Application-41,M_Req,missing_destination,66,Application-41-Service,EndDevice-41,Application-41-Service,24500
9359,Application-31,M_Req,missing_destination,56,Application-31-Service,EndDevice-31,Application-31-Service,24500
9361,Application-18,M_Req,missing_destination,43,Application-18-Service,EndDevice-18,Application-18-Service,24500
9368,Application-48,M_Req,missing_destination,73,Application-48-Service,EndDevice-48,Application-48-Service,24500
9373,Application-46,M_Req,missing_destination,71,Application-46-Service,EndDevice-46,Application-46-Service,24500
9378,Application-22,M_Req,missing_destination,47,Application-22-Service,EndDevice-22,Application-22-Service,24500
9380,Application-7,M_Req,missing_destination,32,Application-7-Service,EndDevice-7,Application-7-Service,24500
9387,Application-33,M_Req,missing_destination,58,Application-33-Service,EndDevice-33,Application-33-Service,24500
9390,Application-25,M_Req,missing_destination,50,Application-25-Service,EndDevice-25,Application-25-Service,24500
9391,Application-17,M_Req,missing_destination,42,Application-17-Service,EndDevice-17,Application-17-Service,24500
9403,Application-18,M_Req,missing_destination,43,Application-18-Service,EndDevice-18,Application-18-Service,24600
9410,Application-48,M_Req,missing_destination,73,Application-48-Service,EndDevice-48,Application-48-Service,24600
9415,Application-46,M_Req,missing_destination,71,Application-46-Service,EndDevice-46,Application-46-Service,24600
9418,Application-22,M_Req,missing_destination,47,Application-22-Service,EndDevice-22,Application-22-Service,24600
9477,Application-11,M_Req,missing_destination,36,Application-11-Service,EndDevice-11,Application-11-Service,24800
9479,Application-21,M_Req,missing_destination,46,Application-21-Service,EndDevice-21,Application-21-Service,24800
9481,Application-29,M_Req,missing_destination,54,Application-29-Service,EndDevice-29,Application-29-Service,24800
9482,Application-19,M_Req,missing_destination,44,Application-19-Service,EndDevice-19,Application-19-Service,24800
9487,Application-35,M_Req,missing_destination,60,Application-35-Service,EndDevice-35,Application-35-Service,24800
9488,Application-43,M_Req,missing_destination,68,Application-43-Service,EndDevice-43,Application-43-Service,24800
9489,Application-14,M_Req,missing_destination,39,Application-14-Service,EndDevice-14,Application-14-Service,24800
9490,Application-16,M_Req,missing_destination,41,Application-16-Service,EndDevice-16,Application-16-Service,24800
9494,Application-6,M_Req,missing_destination,31,Application-6-Service,EndDevice-6,Application-6-Service,24900
9496,Application-4,M_Req,missing_destination,29,Application-4-Service,EndDevice-4,Application-4-Service,24900
9501,Application-44,M_Req,missing_destination,69,Application-44-Service,EndDevice-44,Application-44-Service,24900
9502,Application-46,M_Req,missing_destination,71,Application-46-Service,EndDevice-46,Application-46-Service,24900
9506,Application-26,M_Req,missing_destination,51,Application-26-Service,EndDevice-26,Application-26-Service,24900
9525,Application-11,M_Req,missing_destination,36,Application-11-Service,EndDevice-11,Application-11-Service,24900
9527,Application-21,M_Req,missing_destination,46,Application-21-Service,EndDevice-21,Application-21-Service,24900
9529,Application-29,M_Req,missing_destination,54,Application-29-Service,EndDevice-29,Application-29-Service,24900
9530,Application-19,M_Req,missing_destination,44,Application-19-Service,EndDevice-19,Application-19-Service,24900
9535,Application-35,M_Req,missing_destination,60,Application-35-Service,EndDevice-35,Application-35-Service,24900
9536,Application-43,M_Req,missing_destination,68,Application-43-Service,EndDevice-43,Application-43-Service,24900
9537,Application-14,M_Req,missing_destination,39,Application-14-Service,EndDevice-14,Application-14-Service,24900
9538,Application-16,M_Req,missing_destination,41,Application-16-Service,EndDevice-16,Application-16-Service,24900
9542,Application-6,M_Req,missing_destination,31,Application-6-Service,EndDevice-6,Application-6-Service,25000
9547,Application-46,M_Req,missing_destination,71,Application-46-Service,EndDevice-46,Application-46-Service,25000
9549,Application-26,M_Req,missing_destination,51,Application-26-Service,EndDevice-26,Application-26-Service,25000
9566,Application-21,M_Req,missing_destination,46,Application-21-Service,EndDevice-21,Application-21-Service,25000
9568,Application-29,M_Req,missing_destination,54,Application-29-Service,EndDevice-29,Application-29-Service,25000
9574,Application-35,M_Req,missing_destination,60,Application-35-Service,EndDevice-35,Application-35-Service,25100
9575,Application-43,M_Req,missing_destination,68,Application-43-Service,EndDevice-43,Application-43-Service,25100
9578,Application-2,M_Req,missing_destination,27,Application-2-Service,EndDevice-2,Application-2-Service,25100
9579,Application-44,M_Req,missing_destination,69,Application-44-Service,EndDevice-44,Application-44-Service,25100
9588,Application-32,M_Req,missing_destination,57,Application-32-Service,EndDevice-32,Application-32-Service,25100
9590,Application-6,M_Req,missing_destination,31,Application-6-Service,EndDevice-6,Application-6-Service,25100
9591,Application-23,M_Req,missing_destination,48,Application-23-Service,EndDevice-23,Application-23-Service,25100
9594,Application-12,M_Req,missing_destination,37,Application-12-Service,EndDevice-12,Application-12-Service,25100
9595,Application-46,M_Req,missing_destination,71,Application-46-Service,EndDevice-46,Application-46-Service,25100
9597,Application-26,M_Req,missing_destination,51,Application-26-Service,EndDevice-26,Application-26-Service,25100
9601,Application-3,M_Req,missing_destination,28,Application-3-Service,EndDevice-3,Application-3-Service,25100
9603,Application-42,M_Req,missing_destination,67,Application-42-Service,EndDevice-42,Application-42-Service,25100
9605,Application-18,M_Req,missing_destination,43,Application-18-Service,EndDevice-18,Application-18-Service,25100
9608,Application-34,M_Req,missing_destination,59,Application-34-Service,EndDevice-34,Application-34-Service,25100
9609,Application-33,M_Req,missing_destination,58,Application-33-Service,EndDevice-33,Application-33-Service,25100
9612,Application-25,M_Req,missing_destination,50,Application-25-Service,EndDevice-25,Application-25-Service,25100
9613,Application-41,M_Req,missing_destination,66,Application-41-Service,EndDevice-41,Application-41-Service,25100
9614,Application-21,M_Req,missing_destination,46,Application-21-Service,EndDevice-21,Application-21-Service,25100
9616,Application-29,M_Req,missing_destination,54,Application-29-Service,EndDevice-29,Application-29-Service,25100
9618,Application-10,M_Req,missing_destination,35,Application-10-Service,EndDevice-10,Application-10-Service,25100
9621,Application-35,M_Req,missing_destination,60,Application-35-Service,EndDevice-35,Application-35-Service,25200
9622,Application-43,M_Req,missing_destination,68,Application-43-Service,EndDevice-43,Application-43-Service,25200
9624,Application-44,M_Req,missing_destination,69,Application-44-Service,EndDevice-44,Application-44-Service,25200
9632,Application-32,M_Req,missing_destination,57,Application-32-Service,EndDevice-32,Application-32-Service,25200
9634,Application-6,M_Req,missing_destination,31,Application-6-Service,EndDevice-6,Application-6-Service,25200
9635,Application-23,M_Req,missing_destination,48,Application-23-Service,EndDevice-23,Application-23-Service,25200
9637,Application-12,M_Req,missing_destination,37,Application-12-Service,EndDevice-12,Application-12-Service,25200
9638,Application-46,M_Req,missing_destination,71,Application-46-Service,EndDevice-46,Application-46-Service,25200
9640,Application-26,M_Req,missing_destination,51,Application-26-Service,EndDevice-26,Application-26-Service,25200
9644,Application-3,M_Req,missing_destination,28,Application-3-Service,EndDevice-3,Application-3-Service,25200
9645,Application-42,M_Req,missing_destination,67,Application-42-Service,EndDevice-42,Application-42-Service,25200
9647,Application-18,M_Req,missing_destination,43,Application-18-Service,EndDevice-18,Application-18-Service,25200
9680,Application-32,M_Req,missing_destination,57,Application-32-Service,EndDevice-32,Application-32-Service,25300
9685,Application-12,M_Req,missing_destination,37,Application-12-Service,EndDevice-12,Application-12-Service,25300
9693,Application-42,M_Req,missing_destination,67,Application-42-Service,EndDevice-42,Application-42-Service,25300
9695,Application-18,M_Req,missing_destination,43,Application-18-Service,EndDevice-18,Application-18-Service,25300
9698,Application-24,M_Req,missing_destination,49,Application-24-Service,EndDevice-24,Application-24-Service,25400
9708,Application-8,M_Req,missing_destination,33,Application-8-Service,EndDevice-8,Application-8-Service,25400
9714,Application-16,M_Req,missing_destination,41,Application-16-Service,EndDevice-16,Application-16-Service,25400
9718,Application-20,M_Req,missing_destination,45,Application-20-Service,EndDevice-20,Application-20-Service,25400
9722,Application-6,M_Req,missing_destination,31,Application-6-Service,EndDevice-6,Application-6-Service,25500
9726,Application-46,M_Req,missing_destination,71,Application-46-Service,EndDevice-46,Application-46-Service,25500
9728,Application-26,M_Req,missing_destination,51,Application-26-Service,EndDevice-26,Application-26-Service,25500
9746,Application-24,M_Req,missing_destination,49,Application-24-Service,EndDevice-24,Application-24-Service,25500
9756,Application-8,M_Req,missing_destination,33,Application-8-Service,EndDevice-8,Application-8-Service,25500
9762,Application-16,M_Req,missing_destination,41,Application-16-Service,EndDevice-16,Application-16-Service,25500
9766,Application-20,M_Req,missing_destination,45,Application-20-Service,EndDevice-20,Application-20-Service,25500
9801,Application-43,M_Req,missing_destination,68,Application-43-Service,EndDevice-43,Application-43-Service,25700
9804,Application-27,M_Req,missing_destination,52,Application-27-Service,EndDevice-27,Application-27-Service,25700
9805,Application-20,M_Req,missing_destination,45,Application-20-Service,EndDevice-20,Application-20-Service,25700
9807,Application-15,M_Req,missing_destination,40,Application-15-Service,EndDevice-15,Application-15-Service,25700
9813,Application-35,M_Req,missing_destination,60,Application-35-Service,EndDevice-35,Application-35-Service,25700
9815,Application-44,M_Req,missing_destination,69,Application-44-Service,EndDevice-44,Application-44-Service,25700
9823,Application-45,M_Req,missing_destination,70,Application-45-Service,EndDevice-45,Application-45-Service,25700
9828,Application-11,M_Req,missing_destination,36,Application-11-Service,EndDevice-11,Application-11-Service,25700
9832,Application-28,M_Req,missing_destination,53,Application-28-Service,EndDevice-28,Application-28-Service,25700
9833,Application-36,M_Req,missing_destination,61,Application-36-Service,EndDevice-36,Application-36-Service,25700
9840,Application-19,M_Req,missing_destination,44,Application-19-Service,EndDevice-19,Application-19-Service,25700
9845,Application-4,M_Req,missing_destination,29,Application-4-Service,EndDevice-4,Application-4-Service,25700
9849,Application-43,M_Req,missing_destination,68,Application-43-Service,EndDevice-43,Application-43-Service,25800
9852,Application-20,M_Req,missing_destination,45,Application-20-Service,EndDevice-20,Application-20-Service,25800
9854,Application-15,M_Req,missing_destination,40,Application-15-Service,EndDevice-15,Application-15-Service,25800
9859,Application-35,M_Req,missing_destination,60,Application-35-Service,EndDevice-35,Application-35-Service,25800
9861,Application-44,M_Req,missing_destination,69,Application-44-Service,EndDevice-44,Application-44-Service,25800
9868,Application-45,M_Req,missing_destination,70,Application-45-Service,EndDevice-45,Application-45-Service,25800
9872,Application-11,M_Req,missing_destination,36,Application-11-Service,EndDevice-11,Application-11-Service,25800
9875,Application-28,M_Req,missing_destination,53,Application-28-Service,EndDevice-28,Application-28-Service,25800
9897,Application-43,M_Req,missing_destination,68,Application-43-Service,EndDevice-43,Application-43-Service,25900
9909,Application-44,M_Req,missing_destination,69,Application-44-Service,EndDevice-44,Application-44-Service,25900
9920,Application-11,M_Req,missing_destination,36,Application-11-Service,EndDevice-11,Application-11-Service,25900
9928,Application-1,M_Req,missing_destination,26,Application-1-Service,EndDevice-1,Application-1-Service,26000
9940,Application-43,M_Req,missing_destination,68,Application-43-Service,EndDevice-43,Application-43-Service,26000
9941,Application-16,M_Req,missing_destination,41,Application-16-Service,EndDevice-16,Application-16-Service,26000
9951,Application-44,M_Req,missing_destination,69,Application-44-Service,EndDevice-44,Application-44-Service,26000
9958,Application-37,M_Req,missing_destination,62,Application-37-Service,EndDevice-37,Application-37-Service,26100
9960,Application-11,M_Req,missing_destination,36,Application-11-Service,EndDevice-11,Application-11-Service,26100
9962,Application-41,M_Req,missing_destination,66,Application-41-Service,EndDevice-41,Application-41-Service,26100
9976,Application-1,M_Req,missing_destination,26,Application-1-Service,EndDevice-1,Application-1-Service,26100
9988,Application-43,M_Req,missing_destination,68,Application-43-Service,EndDevice-43,Application-43-Service,26100
9989,Application-16,M_Req,missing_destination,41,Application-16-Service,EndDevice-16,Application-16-Service,26100
9999,Application-44,M_Req,missing_destination,69,Application-44-Service,EndDevice-44,Application-44-Service,26100
10005,Application-37,M_Req,missing_destination,62,Application-37-Service,EndDevice-37,Application-37-Service,26200
10030,Application-16,M_Req,missing_destination,41,Application-16-Service,EndDevice-16,Application-16-Service,26300
10032,Application-20,M_Req,missing_destination,45,Application-20-Service,EndDevice-20,Application-20-Service,26300
10038,Application-44,M_Req,missing_destination,69,Application-44-Service,EndDevice-44,Application-44-Service,26300
10039,Application-6,M_Req,missing_destination,31,Application-6-Service,EndDevice-6,Application-6-Service,26300
10041,Application-30,M_Req,missing_destination,55,Application-30-Service,EndDevice-30,Application-30-Service,26300
10044,Application-10,M_Req,missing_destination,35,Application-10-Service,EndDevice-10,Application-10-Service,26300
10052,Application-45,M_Req,missing_destination,70,Application-45-Service,EndDevice-45,Application-45-Service,26300
10053,Application-37,M_Req,missing_destination,62,Application-37-Service,EndDevice-37,Application-37-Service,26300
10054,Application-40,M_Req,missing_destination,65,Application-40-Service,EndDevice-40,Application-40-Service,26300
10063,Application-32,M_Req,missing_destination,57,Application-32-Service,EndDevice-32,Application-32-Service,26300
10064,Application-36,M_Req,missing_destination,61,Application-36-Service,EndDevice-36,Application-36-Service,26300
10065,Application-24,M_Req,missing_destination,49,Application-24-Service,EndDevice-24,Application-24-Service,26300
10073,Application-4,M_Req,missing_destination,29,Application-4-Service,EndDevice-4,Application-4-Service,26300
10078,Application-16,M_Req,missing_destination,41,Application-16-Service,EndDevice-16,Application-16-Service,26400
10080,Application-20,M_Req,missing_destination,45,Application-20-Service,EndDevice-20,Application-20-Service,26400
10085,Application-44,M_Req,missing_destination,69,Application-44-Service,EndDevice-44,Application-44-Service,26400
10086,Application-6,M_Req,missing_destination,31,Application-6-Service,EndDevice-6,Application-6-Service,26400
10089,Application-10,M_Req,missing_destination,35,Application-10-Service,EndDevice-10,Application-10-Service,26400
10094,Application-45,M_Req,missing_destination,70,Application-45-Service,EndDevice-45,Application-45-Service,26400
10095,Application-40,M_Req,missing_destination,65,Application-40-Service,EndDevice-40,Application-40-Service,26400
10103,Application-32,M_Req,missing_destination,57,Application-32-Service,EndDevice-32,Application-32-Service,26400
10156,Application-4,M_Req,missing_destination,29,Application-4-Service,EndDevice-4,Application-4-Service,26600
10158,Application-12,M_Req,missing_destination,37,Application-12-Service,EndDevice-12,Application-12-Service,26600
10159,Application-9,M_Req,missing_destination,34,Application-9-Service,EndDevice-9,Application-9-Service,26600
10161,Application-28,M_Req,missing_destination,53,Application-28-Service,EndDevice-28,Application-28-Service,26600
10166,Application-36,M_Req,missing_destination,61,Application-36-Service,EndDevice-36,Application-36-Service,26600
10171,Application-17,M_Req,missing_destination,42,Application-17-Service,EndDevice-17,Application-17-Service,26600
10172,Application-33,M_Req,missing_destination,58,Application-33-Service,EndDevice-33,Application-33-Service,26600
10173,Application-35,M_Req,missing_destination,60,Application-35-Service,EndDevice-35,Application-35-Service,26600
10177,Application-25,M_Req,missing_destination,50,Application-25-Service,EndDevice-25,Application-25-Service,26600
10183,Application-45,M_Req,missing_destination,70,Application-45-Service,EndDevice-45,Application-45-Service,26700
10184,Application-42,M_Req,missing_destination,67,Application-42-Service,EndDevice-42,Application-42-Service,26700
10204,Application-4,M_Req,missing_destination,29,Application-4-Service,EndDevice-4,Application-4-Service,26700
10206,Application-12,M_Req,missing_destination,37,Application-12-Service,EndDevice-12,Application-12-Service,26700
10207,Application-9,M_Req,missing_destination,34,Application-9-Service,EndDevice-9,Application-9-Service,26700
10209,Application-28,M_Req,missing_destination,53,Application-28-Service,EndDevice-28,Application-28-Service,26700
10214,Application-36,M_Req,missing_destination,61,Application-36-Service,EndDevice-36,Application-36-Service,26700
10219,Application-17,M_Req,missing_destination,42,Application-17-Service,EndDevice-17,Application-17-Service,26700
10220,Application-33,M_Req,missing_destination,58,Application-33-Service,EndDevice-33,Application-33-Service,26700
10221,Application-35,M_Req,missing_destination,60,Application-35-Service,EndDevice-35,Application-35-Service,26700
10225,Application-25,M_Req,missing_destination,50,Application-25-Service,EndDevice-25,Application-25-Service,26700
10231,Application-45,M_Req,missing_destination,70,Application-45-Service,EndDevice-45,Application-45-Service,26800
10232,Application-42,M_Req,missing_destination,67,Application-42-Service,EndDevice-42,Application-42-Service,26800
10250,Application-12,M_Req,missing_destination,37,Application-12-Service,EndDevice-12,Application-12-Service,26800
10252,Application-28,M_Req,missing_destination,53,Application-28-Service,EndDevice-28,Application-28-Service,26800
10256,Application-36,M_Req,missing_destination,61,Application-36-Service,EndDevice-36,Application-36-Service,26800
10262,Application-35,M_Req,missing_destination,60,Application-35-Service,EndDevice-35,Application-35-Service,26900
10267,Application-10,M_Req,missing_destination,35,Application-10-Service,EndDevice-10,Application-10-Service,26900
10272,Application-2,M_Req,missing_destination,27,Application-2-Service,EndDevice-2,Application-2-Service,26900
10279,Application-45,M_Req,missing_destination,70,Application-45-Service,EndDevice-45,Application-45-Service,26900
10280,Application-42,M_Req,missing_destination,67,Application-42-Service,EndDevice-42,Application-42-Service,26900
10282,Application-14,M_Req,missing_destination,39,Application-14-Service,EndDevice-14,Application-14-Service,26900
10284,Application-3,M_Req,missing_destination,28,Application-3-Service,EndDevice-3,Application-3-Service,26900
10287,Application-18,M_Req,missing_destination,43,Application-18-Service,EndDevice-18,Application-18-Service,26900
10290,Application-43,M_Req,missing_destination,68,Application-43-Service,EndDevice-43,Application-43-Service,26900
10291,Application-27,M_Req,missing_destination,52,Application-27-Service,EndDevice-27,Application-27-Service,26900
10296,Application-19,M_Req,missing_destination,44,Application-19-Service,EndDevice-19,Application-19-Service,26900
10297,Application-34,M_Req,missing_destination,59,Application-34-Service,EndDevice-34,Application-34-Service,26900
10298,Application-12,M_Req,missing_destination,37,Application-12-Service,EndDevice-12,Application-12-Service,26900
10300,Application-28,M_Req,missing_destination,53,Application-28-Service,EndDevice-28,Application-28-Service,26900
10304,Application-36,M_Req,missing_destination,61,Application-36-Service,EndDevice-36,Application-36-Service,26900
10310,Application-35,M_Req,missing_destination,60,Application-35-Service,EndDevice-35,Application-35-Service,27000
10314,Application-10,M_Req,missing_destination,35,Application-10-Service,EndDevice-10,Application-10-Service,27000
10323,Application-45,M_Req,missing_destination,70,Application-45-Service,EndDevice-45,Application-45-Service,27000
10325,Application-14,M_Req,missing_destination,39,Application-14-Service,EndDevice-14,Application-14-Service,27000
10327,Application-3,M_Req,missing_destination,28,Application-3-Service,EndDevice-3,Application-3-Service,27000
10330,Application-18,M_Req,missing_destination,43,Application-18-Service,EndDevice-18,Application-18-Service,27000
10332,Application-43,M_Req,missing_destination,68,Application-43-Service,EndDevice-43,Application-43-Service,27000
10333,Application-27,M_Req,missing_destination,52,Application-27-Service,EndDevice-27,Application-27-Service,27000
10358,Application-35,M_Req,missing_destination,60,Application-35-Service,EndDevice-35,Application-35-Service,27100
10362,Application-10,M_Req,missing_destination,35,Application-10-Service,EndDevice-10,Application-10-Service,27100
10373,Application-14,M_Req,missing_destination,39,Application-14-Service,EndDevice-14,Application-14-Service,27100
10375,Application-3,M_Req,missing_destination,28,Application-3-Service,EndDevice-3,Application-3-Service,27100
10378,Application-18,M_Req,missing_destination,43,Application-18-Service,EndDevice-18,Application-18-Service,27100
10380,Application-43,M_Req,missing_destination,68,Application-43-Service,EndDevice-43,Application-43-Service,27100
10381,Application-27,M_Req,missing_destination,52,Application-27-Service,EndDevice-27,Application-27-Service,27100
10385,Application-34,M_Req,missing_destination,59,Application-34-Service,EndDevice-34,Application-34-Service,27200
10390,Application-31,M_Req,missing_destination,56,Application-31-Service,EndDevice-31,Application-31-Service,27200
10392,Application-23,M_Req,missing_destination,48,Application-23-Service,EndDevice-23,Application-23-Service,27200
10393,Application-42,M_Req,missing_destination,67,Application-42-Service,EndDevice-42,Application-42-Service,27200
10397,Application-2,M_Req,missing_destination,27,Application-2-Service,EndDevice-2,Application-2-Service,27200
10398,Application-15,M_Req,missing_destination,40,Application-15-Service,EndDevice-15,Application-15-Service,27200
10404,Application-10,M_Req,missing_destination,35,Application-10-Service,EndDevice-10,Application-10-Service,27200
10405,Application-4,M_Req,missing_destination,29,Application-4-Service,EndDevice-4,Application-4-Service,27200
10409,Application-39,M_Req,missing_destination,64,Application-39-Service,EndDevice-39,Application-39-Service,27200
10411,Application-9,M_Req,missing_destination,34,Application-9-Service,EndDevice-9,Application-9-Service,27200
10419,Application-43,M_Req,missing_destination,68,Application-43-Service,EndDevice-43,Application-43-Service,27300
10433,Application-34,M_Req,missing_destination,59,Application-34-Service,EndDevice-34,Application-34-Service,27300
10438,Application-31,M_Req,missing_destination,56,Application-31-Service,EndDevice-31,Application-31-Service,27300
10440,Application-23,M_Req,missing_destination,48,Application-23-Service,EndDevice-23,Application-23-Service,27300
10441,Application-42,M_Req,missing_destination,67,Application-42-Service,EndDevice-42,Application-42-Service,27300
10445,Application-2,M_Req,missing_destination,27,Application-2-Service,EndDevice-2,Application-2-Service,27300
10446,Application-15,M_Req,missing_destination,40,Application-15-Service,EndDevice-15,Application-15-Service,27300
10452,Application-10,M_Req,missing_destination,35,Application-10-Service,EndDevice-10,Application-10-Service,27300
10453,Application-4,M_Req,missing_destination,29,Application-4-Service,EndDevice-4,Application-4-Service,27300
10457,Application-39,M_Req,missing_destination,64,Application-39-Service,EndDevice-39,Application-39-Service,27300
10459,Application-9,M_Req,missing_destination,34,Application-9-Service,EndDevice-9,Application-9-Service,27300
10465,Application-43,M_Req,missing_destination,68,Application-43-Service,EndDevice-43,Application-43-Service,27400
10478,Application-34,M_Req,missing_destination,59,Application-34-Service,EndDevice-34,Application-34-Service,27400
10486,Application-2,M_Req,missing_destination,27,Application-2-Service,EndDevice-2,Application-2-Service,27400
10488,Application-5,M_Req,missing_destination,30,Application-5-Service,EndDevice-5,Application-5-Service,27500
10498,Application-9,M_Req,missing_destination,34,Application-9-Service,EndDevice-9,Application-9-Service,27500
10500,Application-31,M_Req,missing_destination,56,Application-31-Service,EndDevice-31,Application-31-Service,27500
10508,Application-26,M_Req,missing_destination,51,Application-26-Service,EndDevice-26,Application-26-Service,27500
10510,Application-46,M_Req,missing_destination,71,Application-46-Service,EndDevice-46,Application-46-Service,27500
10513,Application-43,M_Req,missing_destination,68,Application-43-Service,EndDevice-43,Application-43-Service,27500
10519,Application-21,M_Req,missing_destination,46,Application-21-Service,EndDevice-21,Application-21-Service,27500
10520,Application-41,M_Req,missing_destination,66,Application-41-Service,EndDevice-41,Application-41-Service,27500
10521,Application-1,M_Req,missing_destination,26,Application-1-Service,EndDevice-1,Application-1-Service,27500
10522,Application-17,M_Req,missing_destination,42,Application-17-Service,EndDevice-17,Application-17-Service,27500
10524,Application-33,M_Req,missing_destination,58,Application-33-Service,EndDevice-33,Application-33-Service,27500
10526,Application-34,M_Req,missing_destination,59,Application-34-Service,EndDevice-34,Application-34-Service,27500
10527,Application-12,M_Req,missing_destination,37,Application-12-Service,EndDevice-12,Application-12-Service,27500
10530,Application-36,M_Req,missing_destination,61,Application-36-Service,EndDevice-36,Application-36-Service,27500
10531,Application-25,M_Req,missing_destination,50,Application-25-Service,EndDevice-25,Application-25-Service,27500
10534,Application-2,M_Req,missing_destination,27,Application-2-Service,EndDevice-2,Application-2-Service,27500
10542,Application-9,M_Req,missing_destination,34,Application-9-Service,EndDevice-9,Application-9-Service,27600
10544,Application-31,M_Req,missing_destination,56,Application-31-Service,EndDevice-31,Application-31-Service,27600
10551,Application-26,M_Req,missing_destination,51,Application-26-Service,EndDevice-26,Application-26-Service,27600
10552,Application-46,M_Req,missing_destination,71,Application-46-Service,EndDevice-46,Application-46-Service,27600
10555,Application-43,M_Req,missing_destination,68,Application-43-Service,EndDevice-43,Application-43-Service,27600
10561,Application-41,M_Req,missing_destination,66,Application-41-Service,EndDevice-41,Application-41-Service,27600
10562,Application-1,M_Req,missing_destination,26,Application-1-Service,EndDevice-1,Application-1-Service,27600
10563,Application-17,M_Req,missing_destination,42,Application-17-Service,EndDevice-17,Application-17-Service,27600
10565,Application-33,M_Req,missing_destination,58,Application-33-Service,EndDevice-33,Application-33-Service,27600
10590,Application-9,M_Req,missing_destination,34,Application-9-Service,EndDevice-9,Application-9-Service,27700
10592,Application-31,M_Req,missing_destination,56,Application-31-Service,EndDevice-31,Application-31-Service,27700
10609,Application-41,M_Req,missing_destination,66,Application-41-Service,EndDevice-41,Application-41-Service,27700
10610,Application-1,M_Req,missing_destination,26,Application-1-Service,EndDevice-1,Application-1-Service,27700
10611,Application-17,M_Req,missing_destination,42,Application-17-Service,EndDevice-17,Application-17-Service,27700
10613,Application-33,M_Req,missing_destination,58,Application-33-Service,EndDevice-33,Application-33-Service,27700
10615,Application-34,M_Req,missing_destination,59,Application-34-Service,EndDevice-34,Application-34-Service,27800
10618,Application-48,M_Req,missing_destination,73,Application-48-Service,EndDevice-48,Application-48-Service,27800
10619,Application-40,M_Req,missing_destination,65,Application-40-Service,EndDevice-40,Application-40-Service,27800
10632,Application-16,M_Req,missing_destination,41,Application-16-Service,EndDevice-16,Application-16-Service,27800
10633,Application-8,M_Req,missing_destination,33,Application-8-Service,EndDevice-8,Application-8-Service,27800
10634,Application-9,M_Req,missing_destination,34,Application-9-Service,EndDevice-9,Application-9-Service,27800
10635,Application-13,M_Req,missing_destination,38,Application-13-Service,EndDevice-13,Application-13-Service,27800
10640,Application-23,M_Req,missing_destination,48,Application-23-Service,EndDevice-23,Application-23-Service,27800
10643,Application-32,M_Req,missing_destination,57,Application-32-Service,EndDevice-32,Application-32-Service,27900
10646,Application-22,M_Req,missing_destination,47,Application-22-Service,EndDevice-22,Application-22-Service,27900
10663,Application-34,M_Req,missing_destination,59,Application-34-Service,EndDevice-34,Application-34-Service,27900
10666,Application-48,M_Req,missing_destination,73,Application-48-Service,EndDevice-48,Application-48-Service,27900
10667,Application-40,M_Req,missing_destination,65,Application-40-Service,EndDevice-40,Application-40-Service,27900
10680,Application-16,M_Req,missing_destination,41,Application-16-Service,EndDevice-16,Application-16-Service,27900
10681,Application-8,M_Req,missing_destination,33,Application-8-Service,EndDevice-8,Application-8-Service,27900
10682,Application-9,M_Req,missing_destination,34,Application-9-Service,EndDevice-9,Application-9-Service,27900
10683,Application-13,M_Req,missing_destination,38,Application-13-Service,EndDevice-13,Application-13-Service,27900
10688,Application-23,M_Req,missing_destination,48,Application-23-Service,EndDevice-23,Application-23-Service,27900
10727,Application-23,M_Req,missing_destination,48,Application-23-Service,EndDevice-23,Application-23-Service,28100
10730,Application-30,M_Req,missing_destination,55,Application-30-Service,EndDevice-30,Application-30-Service,28100
10736,Application-40,M_Req,missing_destination,65,Application-40-Service,EndDevice-40,Application-40-Service,28100
10751,Application-31,M_Req,missing_destination,56,Application-31-Service,EndDevice-31,Application-31-Service,28100
10753,Application-47,M_Req,missing_destination,72,Application-47-Service,EndDevice-47,Application-47-Service,28100
10759,Application-15,M_Req,missing_destination,40,Application-15-Service,EndDevice-15,Application-15-Service,28100
10764,Application-39,M_Req,missing_destination,64,Application-39-Service,EndDevice-39,Application-39-Service,28100
10774,Application-23,M_Req,missing_destination,48,Application-23-Service,EndDevice-23,Application-23-Service,28200
10777,Application-30,M_Req,missing_destination,55,Application-30-Service,EndDevice-30,Application-30-Service,28200
10794,Application-31,M_Req,missing_destination,56,Application-31-Service,EndDevice-31,Application-31-Service,28200
10796,Application-47,M_Req,missing_destination,72,Application-47-Service,EndDevice-47,Application-47-Service,28200
10825,Application-30,M_Req,missing_destination,55,Application-30-Service,EndDevice-30,Application-30-Service,28300
10852,Application-19,M_Req,missing_destination,44,Application-19-Service,EndDevice-19,Application-19-Service,28400
10853,Application-11,M_Req,missing_destination,36,Application-11-Service,EndDevice-11,Application-11-Service,28400
10857,Application-40,M_Req,missing_destination,65,Application-40-Service,EndDevice-40,Application-40-Service,28400
10862,Application-42,M_Req,missing_destination,67,Application-42-Service,EndDevice-42,Application-42-Service,28400
10871,Application-1,M_Req,missing_destination,26,Application-1-Service,EndDevice-1,Application-1-Service,28400
10875,Application-24,M_Req,missing_destination,49,Application-24-Service,EndDevice-24,Application-24-Service,28500
10877,Application-41,M_Req,missing_destination,66,Application-41-Service,EndDevice-41,Application-41-Service,28500
10900,Application-19,M_Req,missing_destination,44,Application-19-Service,EndDevice-19,Application-19-Service,28500
10901,Application-11,M_Req,missing_destination,36,Application-11-Service,EndDevice-11,Application-11-Service,28500
10905,Application-40,M_Req,missing_destination,65,Application-40-Service,EndDevice-40,Application-40-Service,28500
10910,Application-42,M_Req,missing_destination,67,Application-42-Service,EndDevice-42,Application-42-Service,28500
10919,Application-1,M_Req,missing_destination,26,Application-1-Service,EndDevice-1,Application-1-Service,28500
10922,Application-24,M_Req,missing_destination,49,Application-24-Service,EndDevice-24,Application-24-Service,28600
10924,Application-41,M_Req,missing_destination,66,Application-41-Service,EndDevice-41,Application-41-Service,28600
10941,Application-19,M_Req,missing_destination,44,Application-19-Service,EndDevice-19,Application-19-Service,28600
10942,Application-11,M_Req,missing_destination,36,Application-11-Service,EndDevice-11,Application-11-Service,28600
10946,Application-40,M_Req,missing_destination,65,Application-40-Service,EndDevice-40,Application-40-Service,28600
10957,Application-48,M_Req,missing_destination,73,Application-48-Service,EndDevice-48,Application-48-Service,28700
10959,Application-8,M_Req,missing_destination,33,Application-8-Service,EndDevice-8,Application-8-Service,28700
10965,Application-10,M_Req,missing_destination,35,Application-10-Service,EndDevice-10,Application-10-Service,28700
10966,Application-42,M_Req,missing_destination,67,Application-42-Service,EndDevice-42,Application-42-Service,28700
10970,Application-24,M_Req,missing_destination,49,Application-24-Service,EndDevice-24,Application-24-Service,28700
10972,Application-41,M_Req,missing_destination,66,Application-41-Service,EndDevice-41,Application-41-Service,28700
10983,Application-16,M_Req,missing_destination,41,Application-16-Service,EndDevice-16,Application-16-Service,28700
10989,Application-19,M_Req,missing_destination,44,Application-19-Service,EndDevice-19,Application-19-Service,28700
10990,Application-11,M_Req,missing_destination,36,Application-11-Service,EndDevice-11,Application-11-Service,28700
10994,Application-40,M_Req,missing_destination,65,Application-40-Service,EndDevice-40,Application-40-Service,28700
11003,Application-48,M_Req,missing_destination,73,Application-48-Service,EndDevice-48,Application-48-Service,28800
11005,Application-8,M_Req,missing_destination,33,Application-8-Service,EndDevice-8,Application-8-Service,28800
11010,Application-10,M_Req,missing_destination,35,Application-10-Service,EndDevice-10,Application-10-Service,28800
11011,Application-42,M_Req,missing_destination,67,Application-42-Service,EndDevice-42,Application-42-Service,28800
11015,Application-24,M_Req,missing_destination,49,Application-24-Service,EndDevice-24,Application-24-Service,28800
11059,Application-42,M_Req,missing_destination,67,Application-42-Service,EndDevice-42,Application-42-Service,28900
11075,Application-12,M_Req,missing_destination,37,Application-12-Service,EndDevice-12,Application-12-Service,29000
11078,Application-36,M_Req,missing_destination,61,Application-36-Service,EndDevice-36,Application-36-Service,29000
11087,Application-44,M_Req,missing_destination,69,Application-44-Service,EndDevice-44,Application-44-Service,29000
11088,Application-20,M_Req,missing_destination,45,Application-20-Service,EndDevice-20,Application-20-Service,29000
11090,Application-4,M_Req,missing_destination,29,Application-4-Service,EndDevice-4,Application-4-Service,29000
11091,Application-28,M_Req,missing_destination,53,Application-28-Service,EndDevice-28,Application-28-Service,29000
11099,Application-46,M_Req,missing_destination,71,Application-46-Service,EndDevice-46,Application-46-Service,29000
11104,Application-24,M_Req,missing_destination,49,Application-24-Service,EndDevice-24,Application-24-Service,29100
11106,Application-26,M_Req,missing_destination,51,Application-26-Service,EndDevice-26,Application-26-Service,29100
11107,Application-14,M_Req,missing_destination,39,Application-14-Service,EndDevice-14,Application-14-Service,29100
11123,Application-12,M_Req,missing_destination,37,Application-12-Service,EndDevice-12,Application-12-Service,29100
11126,Application-36,M_Req,missing_destination,61,Application-36-Service,EndDevice-36,Application-36-Service,29100
11135,Application-44,M_Req,missing_destination,69,Application-44-Service,EndDevice-44,Application-44-Service,29100
11136,Application-20,M_Req,missing_destination,45,Application-20-Service,EndDevice-20,Application-20-Service,29100
11138,Application-4,M_Req,missing_destination,29,Application-4-Service,EndDevice-4,Application-4-Service,29100
11139,Application-28,M_Req,missing_destination,53,Application-28-Service,EndDevice-28,Application-28-Service,29100
11147,Application-46,M_Req,missing_destination,71,Application-46-Service,EndDevice-46,Application-46-Service,29100
11152,Application-24,M_Req,missing_destination,49,Application-24-Service,EndDevice-24,Application-24-Service,29200
11154,Application-14,M_Req,missing_destination,39,Application-14-Service,EndDevice-14,Application-14-Service,29200
11176,Application-20,M_Req,missing_destination,45,Application-20-Service,EndDevice-20,Application-20-Service,29300
11178,Application-4,M_Req,missing_destination,29,Application-4-Service,EndDevice-4,Application-4-Service,29300
11179,Application-28,M_Req,missing_destination,53,Application-28-Service,EndDevice-28,Application-28-Service,29300
11190,Application-45,M_Req,missing_destination,70,Application-45-Service,EndDevice-45,Application-45-Service,29300
11191,Application-47,M_Req,missing_destination,72,Application-47-Service,EndDevice-47,Application-47-Service,29300
11193,Application-17,M_Req,missing_destination,42,Application-17-Service,EndDevice-17,Application-17-Service,29300
11196,Application-37,M_Req,missing_destination,62,Application-37-Service,EndDevice-37,Application-37-Service,29300
11200,Application-24,M_Req,missing_destination,49,Application-24-Service,EndDevice-24,Application-24-Service,29300
11202,Application-14,M_Req,missing_destination,39,Application-14-Service,EndDevice-14,Application-14-Service,29300
11210,Application-5,M_Req,missing_destination,30,Application-5-Service,EndDevice-5,Application-5-Service,29300
11211,Application-29,M_Req,missing_destination,54,Application-29-Service,EndDevice-29,Application-29-Service,29300
11214,Application-11,M_Req,missing_destination,36,Application-11-Service,EndDevice-11,Application-11-Service,29300
11218,Application-13,M_Req,missing_destination,38,Application-13-Service,EndDevice-13,Application-13-Service,29300
11219,Application-21,M_Req,missing_destination,46,Application-21-Service,EndDevice-21,Application-21-Service,29300
11225,Application-4,M_Req,missing_destination,29,Application-4-Service,EndDevice-4,Application-4-Service,29400
11226,Application-28,M_Req,missing_destination,53,Application-28-Service,EndDevice-28,Application-28-Service,29400
11235,Application-45,M_Req,missing_destination,70,Application-45-Service,EndDevice-45,Application-45-Service,29400
11236,Application-47,M_Req,missing_destination,72,Application-47-Service,EndDevice-47,Application-47-Service,29400
11237,Application-17,M_Req,missing_destination,42,Application-17-Service,EndDevice-17,Application-17-Service,29400
11241,Application-24,M_Req,missing_destination,49,Application-24-Service,EndDevice-24,Application-24-Service,29400
11243,Application-14,M_Req,missing_destination,39,Application-14-Service,EndDevice-14,Application-14-Service,29400
11251,Application-5,M_Req,missing_destination,30,Application-5-Service,EndDevice-5,Application-5-Service,29400
11283,Application-45,M_Req,missing_destination,70,Application-45-Service,EndDevice-45,Application-45-Service,29500
11284,Application-47,M_Req,missing_destination,72,Application-47-Service,EndDevice-47,Application-47-Service,29500
11285,Application-17,M_Req,missing_destination,42,Application-17-Service,EndDevice-17,Application-17-Service,29500
11289,Application-24,M_Req,missing_destination,49,Application-24-Service,EndDevice-24,Application-24-Service,29500
11291,Application-14,M_Req,missing_destination,39,Application-14-Service,EndDevice-14,Application-14-Service,29500
11299,Application-5,M_Req,missing_destination,30,Application-5-Service,EndDevice-5,Application-5-Service,29500
11300,Application-15,M_Req,missing_destination,40,Application-15-Service,EndDevice-15,Application-15-Service,29600
11301,Application-12,M_Req,missing_destination,37,Application-12-Service,EndDevice-12,Application-12-Service,29600
11303,Application-36,M_Req,missing_destination,61,Application-36-Service,EndDevice-36,Application-36-Service,29600
11312,Application-20,M_Req,missing_destination,45,Application-20-Service,EndDevice-20,Application-20-Service,29600
11317,Application-39,M_Req,missing_destination,64,Application-39-Service,EndDevice-39,Application-39-Service,29600
11318,Application-35,M_Req,missing_destination,60,Application-35-Service,EndDevice-35,Application-35-Service,29600
11321,Application-3,M_Req,missing_destination,28,Application-3-Service,EndDevice-3,Application-3-Service,29600
11325,Application-43,M_Req,missing_destination,68,Application-43-Service,EndDevice-43,Application-43-Service,29600
11326,Application-45,M_Req,missing_destination,70,Application-45-Service,EndDevice-45,Application-45-Service,29600
11327,Application-17,M_Req,missing_destination,42,Application-17-Service,EndDevice-17,Application-17-Service,29600
11328,Application-19,M_Req,missing_destination,44,Application-19-Service,EndDevice-19,Application-19-Service,29600
11334,Application-25,M_Req,missing_destination,50,Application-25-Service,EndDevice-25,Application-25-Service,29700
11338,Application-5,M_Req,missing_destination,30,Application-5-Service,EndDevice-5,Application-5-Service,29700
11348,Application-15,M_Req,missing_destination,40,Application-15-Service,EndDevice-15,Application-15-Service,29700
11349,Application-12,M_Req,missing_destination,37,Application-12-Service,EndDevice-12,Application-12-Service,29700
11351,Application-36,M_Req,missing_destination,61,Application-36-Service,EndDevice-36,Application-36-Service,29700
11360,Application-20,M_Req,missing_destination,45,Application-20-Service,EndDevice-20,Application-20-Service,29700
11365,Application-39,M_Req,missing_destination,64,Application-39-Service,EndDevice-39,Application-39-Service,29700
11366,Application-35,M_Req,missing_destination,60,Application-35-Service,EndDevice-35,Application-35-Service,29700
11369,Application-3,M_Req,missing_destination,28,Application-3-Service,EndDevice-3,Application-3-Service,29700
11373,Application-43,M_Req,missing_destination,68,Application-43-Service,EndDevice-43,Application-43-Service,29700
11374,Application-45,M_Req,missing_destination,70,Application-45-Service,EndDevice-45,Application-45-Service,29700
11375,Application-17,M_Req,missing_destination,42,Application-17-Service,EndDevice-17,Application-17-Service,29700
11376,Application-19,M_Req,missing_destination,44,Application-19-Service,EndDevice-19,Application-19-Service,29700
11415,Application-17,M_Req,missing_destination,42,Application-17-Service,EndDevice-17,Application-17-Service,29900
11424,Application-21,M_Req,missing_destination,46,Application-21-Service,EndDevice-21,Application-21-Service,29900
11428,Application-31,M_Req,missing_destination,56,Application-31-Service,EndDevice-31,Application-31-Service,29900
11437,Application-1,M_Req,missing_destination,26,Application-1-Service,EndDevice-1,Application-1-Service,29900
11444,Application-33,M_Req,missing_destination,58,Application-33-Service,EndDevice-33,Application-33-Service,29900
11445,Application-40,M_Req,missing_destination,65,Application-40-Service,EndDevice-40,Application-40-Service,29900
11447,Application-16,M_Req,missing_destination,41,Application-16-Service,EndDevice-16,Application-16-Service,29900
11448,Application-9,M_Req,missing_destination,34,Application-9-Service,EndDevice-9,Application-9-Service,29900
11451,Application-41,M_Req,missing_destination,66,Application-41-Service,EndDevice-41,Application-41-Service,29900
11471,Application-31,M_Req,missing_destination,56,Application-31-Service,EndDevice-31,Application-31-Service,30000
11480,Application-1,M_Req,missing_destination,26,Application-1-Service,EndDevice-1,Application-1-Service,30000
11534,Application-13,M_Req,missing_destination,38,Application-13-Service,EndDevice-13,Application-13-Service,30200
11540,Application-21,M_Req,missing_destination,46,Application-21-Service,EndDevice-21,Application-21-Service,30200
11543,Application-37,M_Req,missing_destination,62,Application-37-Service,EndDevice-37,Application-37-Service,30200
11549,Application-46,M_Req,missing_destination,71,Application-46-Service,EndDevice-46,Application-46-Service,30200
11553,Application-47,M_Req,missing_destination,72,Application-47-Service,EndDevice-47,Application-47-Service,30200
11562,Application-27,M_Req,missing_destination,52,Application-27-Service,EndDevice-27,Application-27-Service,30300
11568,Application-7,M_Req,missing_destination,32,Application-7-Service,EndDevice-7,Application-7-Service,30300
11582,Application-13,M_Req,missing_destination,38,Application-13-Service,EndDevice-13,Application-13-Service,30300
11588,Application-21,M_Req,missing_destination,46,Application-21-Service,EndDevice-21,Application-21-Service,30300
11591,Application-37,M_Req,missing_destination,62,Application-37-Service,EndDevice-37,Application-37-Service,30300
11597,Application-46,M_Req,missing_destination,71,Application-46-Service,EndDevice-46,Application-46-Service,30300
11601,Application-47,M_Req,missing_destination,72,Application-47-Service,EndDevice-47,Application-47-Service,30300
11626,Application-13,M_Req,missing_destination,38,Application-13-Service,EndDevice-13,Application-13-Service,30400
11630,Application-21,M_Req,missing_destination,46,Application-21-Service,EndDevice-21,Application-21-Service,30400
11633,Application-37,M_Req,missing_destination,62,Application-37-Service,EndDevice-37,Application-37-Service,30400
11643,Application-24,M_Req,missing_destination,49,Application-24-Service,EndDevice-24,Application-24-Service,30500
11644,Application-8,M_Req,missing_destination,33,Application-8-Service,EndDevice-8,Application-8-Service,30500
11645,Application-48,M_Req,missing_destination,73,Application-48-Service,EndDevice-48,Application-48-Service,30500
11654,Application-30,M_Req,missing_destination,55,Application-30-Service,EndDevice-30,Application-30-Service,30500
11657,Application-27,M_Req,missing_destination,52,Application-27-Service,EndDevice-27,Application-27-Service,30500
11662,Application-7,M_Req,missing_destination,32,Application-7-Service,EndDevice-7,Application-7-Service,30500
11665,Application-40,M_Req,missing_destination,65,Application-40-Service,EndDevice-40,Application-40-Service,30500
11674,Application-13,M_Req,missing_destination,38,Application-13-Service,EndDevice-13,Application-13-Service,30500
11678,Application-21,M_Req,missing_destination,46,Application-21-Service,EndDevice-21,Application-21-Service,30500
11681,Application-37,M_Req,missing_destination,62,Application-37-Service,EndDevice-37,Application-37-Service,30500
11689,Application-24,M_Req,missing_destination,49,Application-24-Service,EndDevice-24,Application-24-Service,30600
11690,Application-8,M_Req,missing_destination,33,Application-8-Service,EndDevice-8,Application-8-Service,30600
11691,Application-48,M_Req,missing_destination,73,Application-48-Service,EndDevice-48,Application-48-Service,30600
11698,Application-30,M_Req,missing_destination,55,Application-30-Service,EndDevice-30,Application-30-Service,30600
11704,Application-7,M_Req,missing_destination,32,Application-7-Service,EndDevice-7,Application-7-Service,30600
11707,Application-40,M_Req,missing_destination,65,Application-40-Service,EndDevice-40,Application-40-Service,30600
11737,Application-24,M_Req,missing_destination,49,Application-24-Service,EndDevice-24,Application-24-Service,30700
11738,Application-8,M_Req,missing_destination,33,Application-8-Service,EndDevice-8,Application-8-Service,30700
11739,Application-48,M_Req,missing_destination,73,Application-48-Service,EndDevice-48,Application-48-Service,30700
11746,Application-30,M_Req,missing_destination,55,Application-30-Service,EndDevice-30,Application-30-Service,30700
11755,Application-40,M_Req,missing_destination,65,Application-40-Service,EndDevice-40,Application-40-Service,30700
11762,Application-11,M_Req,missing_destination,36,Application-11-Service,EndDevice-11,Application-11-Service,30800
11768,Application-43,M_Req,missing_destination,68,Application-43-Service,EndDevice-43,Application-43-Service,30800
11772,Application-35,M_Req,missing_destination,60,Application-35-Service,EndDevice-35,Application-35-Service,30800
11776,Application-3,M_Req,missing_destination,28,Application-3-Service,EndDevice-3,Application-3-Service,30800
11777,Application-27,M_Req,missing_destination,52,Application-27-Service,EndDevice-27,Application-27-Service,30800
11782,Application-24,M_Req,missing_destination,49,Application-24-Service,EndDevice-24,Application-24-Service,30800
11783,Application-8,M_Req,missing_destination,33,Application-8-Service,EndDevice-8,Application-8-Service,30800
11784,Application-48,M_Req,missing_destination,73,Application-48-Service,EndDevice-48,Application-48-Service,30800
11788,Application-30,M_Req,missing_destination,55,Application-30-Service,EndDevice-30,Application-30-Service,30800
11791,Application-23,M_Req,missing_destination,48,Application-23-Service,EndDevice-23,Application-23-Service,30900
11810,Application-11,M_Req,missing_destination,36,Application-11-Service,EndDevice-11,Application-11-Service,30900
11816,Application-43,M_Req,missing_destination,68,Application-43-Service,EndDevice-43,Application-43-Service,30900
11820,Application-35,M_Req,missing_destination,60,Application-35-Service,EndDevice-35,Application-35-Service,30900
11824,Application-3,M_Req,missing_destination,28,Application-3-Service,EndDevice-3,Application-3-Service,30900
11825,Application-27,M_Req,missing_destination,52,Application-27-Service,EndDevice-27,Application-27-Service,30900
11830,Application-24,M_Req,missing_destination,49,Application-24-Service,EndDevice-24,Application-24-Service,30900
11831,Application-8,M_Req,missing_destination,33,Application-8-Service,EndDevice-8,Application-8-Service,30900
11832,Application-48,M_Req,missing_destination,73,Application-48-Service,EndDevice-48,Application-48-Service,30900
11836,Application-30,M_Req,missing_destination,55,Application-30-Service,EndDevice-30,Application-30-Service,30900
11839,Application-23,M_Req,missing_destination,48,Application-23-Service,EndDevice-23,Application-23-Service,31000
11855,Application-11,M_Req,missing_destination,36,Application-11-Service,EndDevice-11,Application-11-Service,31000
11858,Application-43,M_Req,missing_destination,68,Application-43-Service,EndDevice-43,Application-43-Service,31000
11861,Application-35,M_Req,missing_destination,60,Application-35-Service,EndDevice-35,Application-35-Service,31000
11865,Application-3,M_Req,missing_destination,28,Application-3-Service,EndDevice-3,Application-3-Service,31000
11866,Application-27,M_Req,missing_destination,52,Application-27-Service,EndDevice-27,Application-27-Service,31000
11868,Application-10,M_Req,missing_destination,35,Application-10-Service,EndDevice-10,Application-10-Service,31100
11871,Application-24,M_Req,missing_destination,49,Application-24-Service,EndDevice-24,Application-24-Service,31100
11872,Application-8,M_Req,missing_destination,33,Application-8-Service,EndDevice-8,Application-8-Service,31100
11873,Application-48,M_Req,missing_destination,73,Application-48-Service,EndDevice-48,Application-48-Service,31100
11877,Application-14,M_Req,missing_destination,39,Application-14-Service,EndDevice-14,Application-14-Service,31100
11885,Application-42,M_Req,missing_destination,67,Application-42-Service,EndDevice-42,Application-42-Service,31100
11886,Application-32,M_Req,missing_destination,57,Application-32-Service,EndDevice-32,Application-32-Service,31100
11887,Application-23,M_Req,missing_destination,48,Application-23-Service,EndDevice-23,Application-23-Service,31100
11889,Application-20,M_Req,missing_destination,45,Application-20-Service,EndDevice-20,Application-20-Service,31100
11890,Application-40,M_Req,missing_destination,65,Application-40-Service,EndDevice-40,Application-40-Service,31100
11894,Application-22,M_Req,missing_destination,47,Application-22-Service,EndDevice-22,Application-22-Service,31100
11897,Application-2,M_Req,missing_destination,27,Application-2-Service,EndDevice-2,Application-2-Service,31100
11899,Application-34,M_Req,missing_destination,59,Application-34-Service,EndDevice-34,Application-34-Service,31100
11901,Application-26,M_Req,missing_destination,51,Application-26-Service,EndDevice-26,Application-26-Service,31100
11903,Application-11,M_Req,missing_destination,36,Application-11-Service,EndDevice-11,Application-11-Service,31100
11905,Application-18,M_Req,missing_destination,43,Application-18-Service,EndDevice-18,Application-18-Service,31100
11906,Application-43,M_Req,missing_destination,68,Application-43-Service,EndDevice-43,Application-43-Service,31100
11908,Application-16,M_Req,missing_destination,41,Application-16-Service,EndDevice-16,Application-16-Service,31100
11909,Application-35,M_Req,missing_destination,60,Application-35-Service,EndDevice-35,Application-35-Service,31100
11913,Application-3,M_Req,missing_destination,28,Application-3-Service,EndDevice-3,Application-3-Service,31100
11914,Application-27,M_Req,missing_destination,52,Application-27-Service,EndDevice-27,Application-27-Service,31100
11918,Application-24,M_Req,missing_destination,49,Application-24-Service,EndDevice-24,Application-24-Service,31200
11919,Application-8,M_Req,missing_destination,33,Application-8-Service,EndDevice-8,Application-8-Service,31200
11920,Application-48,M_Req,missing_destination,73,Application-48-Service,EndDevice-48,Application-48-Service,31200
11927,Application-32,M_Req,missing_destination,57,Application-32-Service,EndDevice-32,Application-32-Service,31200
11928,Application-23,M_Req,missing_destination,48,Application-23-Service,EndDevice-23,Application-23-Service,31200
11930,Application-20,M_Req,missing_destination,45,Application-20-Service,EndDevice-20,Application-20-Service,31200
11934,Application-22,M_Req,missing_destination,47,Application-22-Service,EndDevice-22,Application-22-Service,31200
11937,Application-2,M_Req,missing_destination,27,Application-2-Service,EndDevice-2,Application-2-Service,31200
11939,Application-34,M_Req,missing_destination,59,Application-34-Service,EndDevice-34,Application-34-Service,31200
11941,Application-26,M_Req,missing_destination,51,Application-26-Service,EndDevice-26,Application-26-Service,31200
11976,Application-23,M_Req,missing_destination,48,Application-23-Service,EndDevice-23,Application-23-Service,31300
11991,Application-11,M_Req,missing_destination,36,Application-11-Service,EndDevice-11,Application-11-Service,31400
11994,Application-43,M_Req,missing_destination,68,Application-43-Service,EndDevice-43,Application-43-Service,31400
11998,Application-27,M_Req,missing_destination,52,Application-27-Service,EndDevice-27,Application-27-Service,31400
12008,Application-19,M_Req,missing_destination,44,Application-19-Service,EndDevice-19,Application-19-Service,31400
12022,Application-44,M_Req,missing_destination,69,Application-44-Service,EndDevice-44,Application-44-Service,31500
12023,Application-25,M_Req,missing_destination,50,Application-25-Service,EndDevice-25,Application-25-Service,31500
12025,Application-4,M_Req,missing_destination,29,Application-4-Service,EndDevice-4,Application-4-Service,31500
12026,Application-34,M_Req,missing_destination,59,Application-34-Service,EndDevice-34,Application-34-Service,31500
12039,Application-11,M_Req,missing_destination,36,Application-11-Service,EndDevice-11,Application-11-Service,31500
12042,Application-43,M_Req,missing_destination,68,Application-43-Service,EndDevice-43,Application-43-Service,31500
12046,Application-27,M_Req,missing_destination,52,Application-27-Service,EndDevice-27,Application-27-Service,31500
12056,Application-19,M_Req,missing_destination,44,Application-19-Service,EndDevice-19,Application-19-Service,31500
12100,Application-17,M_Req,missing_destination,42,Application-17-Service,EndDevice-17,Application-17-Service,31700
12102,Application-33,M_Req,missing_destination,58,Application-33-Service,EndDevice-33,Application-33-Service,31700
12105,Application-3,M_Req,missing_destination,28,Application-3-Service,EndDevice-3,Application-3-Service,31700
12106,Application-41,M_Req,missing_destination,66,Application-41-Service,EndDevice-41,Application-41-Service,31700
12110,Application-21,M_Req,missing_destination,46,Application-21-Service,EndDevice-21,Application-21-Service,31700
12114,Application-23,M_Req,missing_destination,48,Application-23-Service,EndDevice-23,Application-23-Service,31700
12115,Application-1,M_Req,missing_destination,26,Application-1-Service,EndDevice-1,Application-1-Service,31700
12123,Application-31,M_Req,missing_destination,56,Application-31-Service,EndDevice-31,Application-31-Service,31700
12128,Application-35,M_Req,missing_destination,60,Application-35-Service,EndDevice-35,Application-35-Service,31700
12133,Application-18,M_Req,missing_destination,43,Application-18-Service,EndDevice-18,Application-18-Service,31700
12137,Application-9,M_Req,missing_destination,34,Application-9-Service,EndDevice-9,Application-9-Service,31700
12139,Application-42,M_Req,missing_destination,67,Application-42-Service,EndDevice-42,Application-42-Service,31700
12143,Application-10,M_Req,missing_destination,35,Application-10-Service,EndDevice-10,Application-10-Service,31700
12146,Application-17,M_Req,missing_destination,42,Application-17-Service,EndDevice-17,Application-17-Service,31800
12147,Application-33,M_Req,missing_destination,58,Application-33-Service,EndDevice-33,Application-33-Service,31800
12150,Application-3,M_Req,missing_destination,28,Application-3-Service,EndDevice-3,Application-3-Service,31800
12151,Application-41,M_Req,missing_destination,66,Application-41-Service,EndDevice-41,Application-41-Service,31800
12157,Application-23,M_Req,missing_destination,48,Application-23-Service,EndDevice-23,Application-23-Service,31800
12158,Application-1,M_Req,missing_destination,26,Application-1-Service,EndDevice-1,Application-1-Service,31800
12164,Application-31,M_Req,missing_destination,56,Application-31-Service,EndDevice-31,Application-31-Service,31800
12168,Application-35,M_Req,missing_destination,60,Application-35-Service,EndDevice-35,Application-35-Service,31800
12198,Application-3,M_Req,missing_destination,28,Application-3-Service,EndDevice-3,Application-3-Service,31900
12205,Application-23,M_Req,missing_destination,48,Application-23-Service,EndDevice-23,Application-23-Service,31900
12216,Application-35,M_Req,missing_destination,60,Application-35-Service,EndDevice-35,Application-35-Service,31900
12220,Application-16,M_Req,missing_destination,41,Application-16-Service,EndDevice-16,Application-16-Service,32000
12226,Application-40,M_Req,missing_destination,65,Application-40-Service,EndDevice-40,Application-40-Service,32000
12230,Application-48,M_Req,missing_destination,73,Application-48-Service,EndDevice-48,Application-48-Service,32000
12231,Application-8,M_Req,missing_destination,33,Application-8-Service,EndDevice-8,Application-8-Service,32000
12240,Application-3,M_Req,missing_destination,28,Application-3-Service,EndDevice-3,Application-3-Service,32000
12244,Application-32,M_Req,missing_destination,57,Application-32-Service,EndDevice-32,Application-32-Service,32100
12246,Application-20,M_Req,missing_destination,45,Application-20-Service,EndDevice-20,Application-20-Service,32100
12249,Application-2,M_Req,missing_destination,27,Application-2-Service,EndDevice-2,Application-2-Service,32100
12253,Application-12,M_Req,missing_destination,37,Application-12-Service,EndDevice-12,Application-12-Service,32100
12254,Application-30,M_Req,missing_destination,55,Application-30-Service,EndDevice-30,Application-30-Service,32100
12256,Application-22,M_Req,missing_destination,47,Application-22-Service,EndDevice-22,Application-22-Service,32100
12268,Application-16,M_Req,missing_destination,41,Application-16-Service,EndDevice-16,Application-16-Service,32100
12274,Application-40,M_Req,missing_destination,65,Application-40-Service,EndDevice-40,Application-40-Service,32100
12278,Application-48,M_Req,missing_destination,73,Application-48-Service,EndDevice-48,Application-48-Service,32100
12279,Application-8,M_Req,missing_destination,33,Application-8-Service,EndDevice-8,Application-8-Service,32100
12288,Application-3,M_Req,missing_destination,28,Application-3-Service,EndDevice-3,Application-3-Service,32100
12329,Application-3,M_Req,missing_destination,28,Application-3-Service,EndDevice-3,Application-3-Service,32300
12338,Application-15,M_Req,missing_destination,40,Application-15-Service,EndDevice-15,Application-15-Service,32300
12340,Application-32,M_Req,missing_destination,57,Application-32-Service,EndDevice-32,Application-32-Service,32300
12343,Application-25,M_Req,missing_destination,50,Application-25-Service,EndDevice-25,Application-25-Service,32300
12344,Application-2,M_Req,missing_destination,27,Application-2-Service,EndDevice-2,Application-2-Service,32300
12347,Application-12,M_Req,missing_destination,37,Application-12-Service,EndDevice-12,Application-12-Service,32300
12349,Application-35,M_Req,missing_destination,60,Application-35-Service,EndDevice-35,Application-35-Service,32300
12350,Application-22,M_Req,missing_destination,47,Application-22-Service,EndDevice-22,Application-22-Service,32300
12353,Application-11,M_Req,missing_destination,36,Application-11-Service,EndDevice-11,Application-11-Service,32300
12359,Application-43,M_Req,missing_destination,68,Application-43-Service,EndDevice-43,Application-43-Service,32300
12362,Application-27,M_Req,missing_destination,52,Application-27-Service,EndDevice-27,Application-27-Service,32300
12384,Application-32,M_Req,missing_destination,57,Application-32-Service,EndDevice-32,Application-32-Service,32400
12387,Application-25,M_Req,missing_destination,50,Application-25-Service,EndDevice-25,Application-25-Service,32400
12388,Application-2,M_Req,missing_destination,27,Application-2-Service,EndDevice-2,Application-2-Service,32400
12391,Application-12,M_Req,missing_destination,37,Application-12-Service,EndDevice-12,Application-12-Service,32400
12393,Application-35,M_Req,missing_destination,60,Application-35-Service,EndDevice-35,Application-35-Service,32400
12432,Application-32,M_Req,missing_destination,57,Application-32-Service,EndDevice-32,Application-32-Service,32500
12436,Application-2,M_Req,missing_destination,27,Application-2-Service,EndDevice-2,Application-2-Service,32500
12439,Application-12,M_Req,missing_destination,37,Application-12-Service,EndDevice-12,Application-12-Service,32500
12452,Application-45,M_Req,missing_destination,70,Application-45-Service,EndDevice-45,Application-45-Service,32600
12453,Application-14,M_Req,missing_destination,39,Application-14-Service,EndDevice-14,Application-14-Service,32600
12456,Application-21,M_Req,missing_destination,46,Application-21-Service,EndDevice-21,Application-21-Service,32600
12460,Application-46,M_Req,missing_destination,71,Application-46-Service,EndDevice-46,Application-46-Service,32600
12462,Application-22,M_Req,missing_destination,47,Application-22-Service,EndDevice-22,Application-22-Service,32600
12464,Application-5,M_Req,missing_destination,30,Application-5-Service,EndDevice-5,Application-5-Service,32600
12467,Application-38,M_Req,missing_destination,63,Application-38-Service,EndDevice-38,Application-38-Service,32600
12479,Application-47,M_Req,missing_destination,72,Application-47-Service,EndDevice-47,Application-47-Service,32700
12483,Application-18,M_Req,missing_destination,43,Application-18-Service,EndDevice-18,Application-18-Service,32700
12500,Application-45,M_Req,missing_destination,70,Application-45-Service,EndDevice-45,Application-45-Service,32700
12501,Application-14,M_Req,missing_destination,39,Application-14-Service,EndDevice-14,Application-14-Service,32700
12504,Application-21,M_Req,missing_destination,46,Application-21-Service,EndDevice-21,Application-21-Service,32700
12508,Application-46,M_Req,missing_destination,71,Application-46-Service,EndDevice-46,Application-46-Service,32700
12510,Application-22,M_Req,missing_destination,47,Application-22-Service,EndDevice-22,Application-22-Service,32700
12512,Application-5,M_Req,missing_destination,30,Application-5-Service,EndDevice-5,Application-5-Service,32700
12515,Application-38,M_Req,missing_destination,63,Application-38-Service,EndDevice-38,Application-38-Service,32700
12543,Application-45,M_Req,missing_destination,70,Application-45-Service,EndDevice-45,Application-45-Service,32800
12551,Application-5,M_Req,missing_destination,30,Application-5-Service,EndDevice-5,Application-5-Service,32800
12553,Application-17,M_Req,missing_destination,42,Application-17-Service,EndDevice-17,Application-17-Service,32900
12555,Application-41,M_Req,missing_destination,66,Application-41-Service,EndDevice-41,Application-41-Service,32900
12559,Application-9,M_Req,missing_destination,34,Application-9-Service,EndDevice-9,Application-9-Service,32900
12562,Application-31,M_Req,missing_destination,56,Application-31-Service,EndDevice-31,Application-31-Service,32900
12568,Application-21,M_Req,missing_destination,46,Application-21-Service,EndDevice-21,Application-21-Service,32900
12576,Application-18,M_Req,missing_destination,43,Application-18-Service,EndDevice-18,Application-18-Service,32900
12578,Application-1,M_Req,missing_destination,26,Application-1-Service,EndDevice-1,Application-1-Service,32900
12585,Application-33,M_Req,missing_destination,58,Application-33-Service,EndDevice-33,Application-33-Service,32900
12591,Application-45,M_Req,missing_destination,70,Application-45-Service,EndDevice-45,Application-45-Service,32900
12592,Application-14,M_Req,missing_destination,39,Application-14-Service,EndDevice-14,Application-14-Service,32900
12598,Application-22,M_Req,missing_destination,47,Application-22-Service,EndDevice-22,Application-22-Service,32900
12599,Application-5,M_Req,missing_destination,30,Application-5-Service,EndDevice-5,Application-5-Service,32900
12601,Application-17,M_Req,missing_destination,42,Application-17-Service,EndDevice-17,Application-17-Service,33000
12602,Application-41,M_Req,missing_destination,66,Application-41-Service,EndDevice-41,Application-41-Service,33000
12607,Application-31,M_Req,missing_destination,56,Application-31-Service,EndDevice-31,Application-31-Service,33000
12613,Application-21,M_Req,missing_destination,46,Application-21-Service,EndDevice-21,Application-21-Service,33000
12619,Application-18,M_Req,missing_destination,43,Application-18-Service,EndDevice-18,Application-18-Service,33000
12620,Application-1,M_Req,missing_destination,26,Application-1-Service,EndDevice-1,Application-1-Service,33000
12625,Application-33,M_Req,missing_destination,58,Application-33-Service,EndDevice-33,Application-33-Service,33000
12649,Application-17,M_Req,missing_destination,42,Application-17-Service,EndDevice-17,Application-17-Service,33100
12650,Application-41,M_Req,missing_destination,66,Application-41-Service,EndDevice-41,Application-41-Service,33100
12655,Application-31,M_Req,missing_destination,56,Application-31-Service,EndDevice-31,Application-31-Service,33100
12661,Application-21,M_Req,missing_destination,46,Application-21-Service,EndDevice-21,Application-21-Service,33100
12668,Application-1,M_Req,missing_destination,26,Application-1-Service,EndDevice-1,Application-1-Service,33100
12673,Application-33,M_Req,missing_destination,58,Application-33-Service,EndDevice-33,Application-33-Service,33100
12676,Application-43,M_Req,missing_destination,68,Application-43-Service,EndDevice-43,Application-43-Service,33200
12677,Application-27,M_Req,missing_destination,52,Application-27-Service,EndDevice-27,Application-27-Service,33200
12681,Application-8,M_Req,missing_destination,33,Application-8-Service,EndDevice-8,Application-8-Service,33200
12682,Application-11,M_Req,missing_destination,36,Application-11-Service,EndDevice-11,Application-11-Service,33200
12686,Application-35,M_Req,missing_destination,60,Application-35-Service,EndDevice-35,Application-35-Service,33200
12687,Application-40,M_Req,missing_destination,65,Application-40-Service,EndDevice-40,Application-40-Service,33200
12692,Application-17,M_Req,missing_destination,42,Application-17-Service,EndDevice-17,Application-17-Service,33200
12693,Application-41,M_Req,missing_destination,66,Application-41-Service,EndDevice-41,Application-41-Service,33200
12697,Application-19,M_Req,missing_destination,44,Application-19-Service,EndDevice-19,Application-19-Service,33200
12701,Application-30,M_Req,missing_destination,55,Application-30-Service,EndDevice-30,Application-30-Service,33200
12703,Application-21,M_Req,missing_destination,46,Application-21-Service,EndDevice-21,Application-21-Service,33200
12709,Application-24,M_Req,missing_destination,49,Application-24-Service,EndDevice-24,Application-24-Service,33300
12714,Application-34,M_Req,missing_destination,59,Application-34-Service,EndDevice-34,Application-34-Service,33300
12724,Application-43,M_Req,missing_destination,68,Application-43-Service,EndDevice-43,Application-43-Service,33300
12725,Application-27,M_Req,missing_destination,52,Application-27-Service,EndDevice-27,Application-27-Service,33300
12729,Application-8,M_Req,missing_destination,33,Application-8-Service,EndDevice-8,Application-8-Service,33300
12730,Application-11,M_Req,missing_destination,36,Application-11-Service,EndDevice-11,Application-11-Service,33300
12734,Application-35,M_Req,missing_destination,60,Application-35-Service,EndDevice-35,Application-35-Service,33300
12735,Application-40,M_Req,missing_destination,65,Application-40-Service,EndDevice-40,Application-40-Service,33300
12740,Application-17,M_Req,missing_destination,42,Application-17-Service,EndDevice-17,Application-17-Service,33300
12741,Application-41,M_Req,missing_destination,66,Application-41-Service,EndDevice-41,Application-41-Service,33300
12745,Application-19,M_Req,missing_destination,44,Application-19-Service,EndDevice-19,Application-19-Service,33300
12749,Application-30,M_Req,missing_destination,55,Application-30-Service,EndDevice-30,Application-30-Service,33300
12751,Application-21,M_Req,missing_destination,46,Application-21-Service,EndDevice-21,Application-21-Service,33300
12773,Application-8,M_Req,missing_destination,33,Application-8-Service,EndDevice-8,Application-8-Service,33400
12777,Application-40,M_Req,missing_destination,65,Application-40-Service,EndDevice-40,Application-40-Service,33400
12792,Application-37,M_Req,missing_destination,62,Application-37-Service,EndDevice-37,Application-37-Service,33500
12794,Application-43,M_Req,missing_destination,68,Application-43-Service,EndDevice-43,Application-43-Service,33500
12796,Application-17,M_Req,missing_destination,42,Application-17-Service,EndDevice-17,Application-17-Service,33500
12797,Application-23,M_Req,missing_destination,48,Application-23-Service,EndDevice-23,Application-23-Service,33500
12804,Application-24,M_Req,missing_destination,49,Application-24-Service,EndDevice-24,Application-24-Service,33500
12808,Application-34,M_Req,missing_destination,59,Application-34-Service,EndDevice-34,Application-34-Service,33500
12817,Application-27,M_Req,missing_destination,52,Application-27-Service,EndDevice-27,Application-27-Service,33500
12821,Application-8,M_Req,missing_destination,33,Application-8-Service,EndDevice-8,Application-8-Service,33500
12822,Application-11,M_Req,missing_destination,36,Application-11-Service,EndDevice-11,Application-11-Service,33500
12824,Application-35,M_Req,missing_destination,60,Application-35-Service,EndDevice-35,Application-35-Service,33500
12825,Application-40,M_Req,missing_destination,65,Application-40-Service,EndDevice-40,Application-40-Service,33500
12836,Application-37,M_Req,missing_destination,62,Application-37-Service,EndDevice-37,Application-37-Service,33600
12838,Application-43,M_Req,missing_destination,68,Application-43-Service,EndDevice-43,Application-43-Service,33600
12840,Application-17,M_Req,missing_destination,42,Application-17-Service,EndDevice-17,Application-17-Service,33600
12841,Application-23,M_Req,missing_destination,48,Application-23-Service,EndDevice-23,Application-23-Service,33600
12847,Application-24,M_Req,missing_destination,49,Application-24-Service,EndDevice-24,Application-24-Service,33600
12851,Application-34,M_Req,missing_destination,59,Application-34-Service,EndDevice-34,Application-34-Service,33600
12912,Application-4,M_Req,missing_destination,29,Application-4-Service,EndDevice-4,Application-4-Service,33800
12914,Application-44,M_Req,missing_destination,69,Application-44-Service,EndDevice-44,Application-44-Service,33800
12917,Application-2,M_Req,missing_destination,27,Application-2-Service,EndDevice-2,Application-2-Service,33800
12919,Application-26,M_Req,missing_destination,51,Application-26-Service,EndDevice-26,Application-26-Service,33800
12922,Application-42,M_Req,missing_destination,67,Application-42-Service,EndDevice-42,Application-42-Service,33800
12923,Application-10,M_Req,missing_destination,35,Application-10-Service,EndDevice-10,Application-10-Service,33800
12929,Application-15,M_Req,missing_destination,40,Application-15-Service,EndDevice-15,Application-15-Service,33800
12933,Application-22,M_Req,missing_destination,47,Application-22-Service,EndDevice-22,Application-22-Service,33800
12934,Application-25,M_Req,missing_destination,50,Application-25-Service,EndDevice-25,Application-25-Service,33900
12941,Application-5,M_Req,missing_destination,30,Application-5-Service,EndDevice-5,Application-5-Service,33900
12960,Application-4,M_Req,missing_destination,29,Application-4-Service,EndDevice-4,Application-4-Service,33900
12962,Application-44,M_Req,missing_destination,69,Application-44-Service,EndDevice-44,Application-44-Service,33900
12965,Application-2,M_Req,missing_destination,27,Application-2-Service,EndDevice-2,Application-2-Service,33900
12967,Application-26,M_Req,missing_destination,51,Application-26-Service,EndDevice-26,Application-26-Service,33900
12970,Application-42,M_Req,missing_destination,67,Application-42-Service,EndDevice-42,Application-42-Service,33900
12971,Application-10,M_Req,missing_destination,35,Application-10-Service,EndDevice-10,Application-10-Service,33900
12977,Application-15,M_Req,missing_destination,40,Application-15-Service,EndDevice-15,Application-15-Service,33900
12981,Application-22,M_Req,missing_destination,47,Application-22-Service,EndDevice-22,Application-22-Service,33900
13007,Application-2,M_Req,missing_destination,27,Application-2-Service,EndDevice-2,Application-2-Service,34000
13008,Application-26,M_Req,missing_destination,51,Application-26-Service,EndDevice-26,Application-26-Service,34000
13010,Application-42,M_Req,missing_destination,67,Application-42-Service,EndDevice-42,Application-42-Service,34000
13011,Application-10,M_Req,missing_destination,35,Application-10-Service,EndDevice-10,Application-10-Service,34000
13021,Application-11,M_Req,missing_destination,36,Application-11-Service,EndDevice-11,Application-11-Service,34100
13028,Application-37,M_Req,missing_destination,62,Application-37-Service,EndDevice-37,Application-37-Service,34100
13029,Application-47,M_Req,missing_destination,72,Application-47-Service,EndDevice-47,Application-47-Service,34100
13040,Application-16,M_Req,missing_destination,41,Application-16-Service,EndDevice-16,Application-16-Service,34100
13041,Application-21,M_Req,missing_destination,46,Application-21-Service,EndDevice-21,Application-21-Service,34100
13047,Application-8,M_Req,missing_destination,33,Application-8-Service,EndDevice-8,Application-8-Service,34100
13049,Application-40,M_Req,missing_destination,65,Application-40-Service,EndDevice-40,Application-40-Service,34100
13055,Application-2,M_Req,missing_destination,27,Application-2-Service,EndDevice-2,Application-2-Service,34100
13056,Application-26,M_Req,missing_destination,51,Application-26-Service,EndDevice-26,Application-26-Service,34100
13058,Application-42,M_Req,missing_destination,67,Application-42-Service,EndDevice-42,Application-42-Service,34100
13059,Application-10,M_Req,missing_destination,35,Application-10-Service,EndDevice-10,Application-10-Service,34100
13066,Application-11,M_Req,missing_destination,36,Application-11-Service,EndDevice-11,Application-11-Service,34200
13072,Application-37,M_Req,missing_destination,62,Application-37-Service,EndDevice-37,Application-37-Service,34200
13073,Application-47,M_Req,missing_destination,72,Application-47-Service,EndDevice-47,Application-47-Service,34200
13081,Application-21,M_Req,missing_destination,46,Application-21-Service,EndDevice-21,Application-21-Service,34200
13120,Application-37,M_Req,missing_destination,62,Application-37-Service,EndDevice-37,Application-37-Service,34300
13121,Application-47,M_Req,missing_destination,72,Application-47-Service,EndDevice-47,Application-47-Service,34300
13129,Application-21,M_Req,missing_destination,46,Application-21-Service,EndDevice-21,Application-21-Service,34300
13141,Application-39,M_Req,missing_destination,64,Application-39-Service,EndDevice-39,Application-39-Service,34400
13145,Application-38,M_Req,missing_destination,63,Application-38-Service,EndDevice-38,Application-38-Service,34400
13149,Application-23,M_Req,missing_destination,48,Application-23-Service,EndDevice-23,Application-23-Service,34400
13153,Application-30,M_Req,missing_destination,55,Application-30-Service,EndDevice-30,Application-30-Service,34400
13154,Application-15,M_Req,missing_destination,40,Application-15-Service,EndDevice-15,Application-15-Service,34400
13155,Application-22,M_Req,missing_destination,47,Application-22-Service,EndDevice-22,Application-22-Service,34400
13156,Application-29,M_Req,missing_destination,54,Application-29-Service,EndDevice-29,Application-29-Service,34400
13160,Application-37,M_Req,missing_destination,62,Application-37-Service,EndDevice-37,Application-37-Service,34400
13161,Application-18,M_Req,missing_destination,43,Application-18-Service,EndDevice-18,Application-18-Service,34500
13162,Application-48,M_Req,missing_destination,73,Application-48-Service,EndDevice-48,Application-48-Service,34500
13163,Application-28,M_Req,missing_destination,53,Application-28-Service,EndDevice-28,Application-28-Service,34500
13189,Application-39,M_Req,missing_destination,64,Application-39-Service,EndDevice-39,Application-39-Service,34500
13193,Application-38,M_Req,missing_destination,63,Application-38-Service,EndDevice-38,Application-38-Service,34500
13197,Application-23,M_Req,missing_destination,48,Application-23-Service,EndDevice-23,Application-23-Service,34500
13201,Application-30,M_Req,missing_destination,55,Application-30-Service,EndDevice-30,Application-30-Service,34500
13202,Application-15,M_Req,missing_destination,40,Application-15-Service,EndDevice-15,Application-15-Service,34500
13203,Application-22,M_Req,missing_destination,47,Application-22-Service,EndDevice-22,Application-22-Service,34500
13204,Application-29,M_Req,missing_destination,54,Application-29-Service,EndDevice-29,Application-29-Service,34500
13208,Application-37,M_Req,missing_destination,62,Application-37-Service,EndDevice-37,Application-37-Service,34500
13232,Application-39,M_Req,missing_destination,64,Application-39-Service,EndDevice-39,Application-39-Service,34600
13240,Application-23,M_Req,missing_destination,48,Application-23-Service,EndDevice-23,Application-23-Service,34600
13251,Application-3,M_Req,missing_destination,28,Application-3-Service,EndDevice-3,Application-3-Service,34700
13254,Application-18,M_Req,missing_destination,43,Application-18-Service,EndDevice-18,Application-18-Service,34700
13263,Application-33,M_Req,missing_destination,58,Application-33-Service,EndDevice-33,Application-33-Service,34700
13265,Application-35,M_Req,missing_destination,60,Application-35-Service,EndDevice-35,Application-35-Service,34700
13268,Application-11,M_Req,missing_destination,36,Application-11-Service,EndDevice-11,Application-11-Service,34700
13280,Application-39,M_Req,missing_destination,64,Application-39-Service,EndDevice-39,Application-39-Service,34700
13283,Application-25,M_Req,missing_destination,50,Application-25-Service,EndDevice-25,Application-25-Service,34700
13285,Application-17,M_Req,missing_destination,42,Application-17-Service,EndDevice-17,Application-17-Service,34700
13288,Application-23,M_Req,missing_destination,48,Application-23-Service,EndDevice-23,Application-23-Service,34700
13297,Application-3,M_Req,missing_destination,28,Application-3-Service,EndDevice-3,Application-3-Service,34800
13300,Application-18,M_Req,missing_destination,43,Application-18-Service,EndDevice-18,Application-18-Service,34800
13307,Application-33,M_Req,missing_destination,58,Application-33-Service,EndDevice-33,Application-33-Service,34800
13311,Application-11,M_Req,missing_destination,36,Application-11-Service,EndDevice-11,Application-11-Service,34800
13348,Application-18,M_Req,missing_destination,43,Application-18-Service,EndDevice-18,Application-18-Service,34900
13370,Application-38,M_Req,missing_destination,63,Application-38-Service,EndDevice-38,Application-38-Service,35000
13371,Application-19,M_Req,missing_destination,44,Application-19-Service,EndDevice-19,Application-19-Service,35000
13378,Application-35,M_Req,missing_destination,60,Application-35-Service,EndDevice-35,Application-35-Service,35000
13379,Application-46,M_Req,missing_destination,71,Application-46-Service,EndDevice-46,Application-46-Service,35000
13382,Application-43,M_Req,missing_destination,68,Application-43-Service,EndDevice-43,Application-43-Service,35000
13389,Application-47,M_Req,missing_destination,72,Application-47-Service,EndDevice-47,Application-47-Service,35000
13395,Application-14,M_Req,missing_destination,39,Application-14-Service,EndDevice-14,Application-14-Service,35100
13418,Application-38,M_Req,missing_destination,63,Application-38-Service,EndDevice-38,Application-38-Service,35100
13419,Application-19,M_Req,missing_destination,44,Application-19-Service,EndDevice-19,Application-19-Service,35100
13426,Application-35,M_Req,missing_destination,60,Application-35-Service,EndDevice-35,Application-35-Service,35100
13427,Application-46,M_Req,missing_destination,71,Application-46-Service,EndDevice-46,Application-46-Service,35100
13430,Application-43,M_Req,missing_destination,68,Application-43-Service,EndDevice-43,Application-43-Service,35100
13437,Application-47,M_Req,missing_destination,72,Application-47-Service,EndDevice-47,Application-47-Service,35100
13442,Application-14,M_Req,missing_destination,39,Application-14-Service,EndDevice-14,Application-14-Service,35200
13463,Application-19,M_Req,missing_destination,44,Application-19-Service,EndDevice-19,Application-19-Service,35200
13467,Application-35,M_Req,missing_destination,60,Application-35-Service,EndDevice-35,Application-35-Service,35200
13470,Application-43,M_Req,missing_destination,68,Application-43-Service,EndDevice-43,Application-43-Service,35200
13479,Application-32,M_Req,missing_destination,57,Application-32-Service,EndDevice-32,Application-32-Service,35300
13490,Application-14,M_Req,missing_destination,39,Application-14-Service,EndDevice-14,Application-14-Service,35300
13498,Application-42,M_Req,missing_destination,67,Application-42-Service,EndDevice-42,Application-42-Service,35300
13499,Application-18,M_Req,missing_destination,43,Application-18-Service,EndDevice-18,Application-18-Service,35300
13507,Application-2,M_Req,missing_destination,27,Application-2-Service,EndDevice-2,Application-2-Service,35300
13508,Application-26,M_Req,missing_destination,51,Application-26-Service,EndDevice-26,Application-26-Service,35300
13511,Application-19,M_Req,missing_destination,44,Application-19-Service,EndDevice-19,Application-19-Service,35300
13515,Application-35,M_Req,missing_destination,60,Application-35-Service,EndDevice-35,Application-35-Service,35300
13517,Application-34,M_Req,missing_destination,59,Application-34-Service,EndDevice-34,Application-34-Service,35300
13518,Application-43,M_Req,missing_destination,68,Application-43-Service,EndDevice-43,Application-43-Service,35300
13527,Application-32,M_Req,missing_destination,57,Application-32-Service,EndDevice-32,Application-32-Service,35400
13541,Application-42,M_Req,missing_destination,67,Application-42-Service,EndDevice-42,Application-42-Service,35400
13595,Application-44,M_Req,missing_destination,69,Application-44-Service,EndDevice-44,Application-44-Service,35600
13604,Application-4,M_Req,missing_destination,29,Application-4-Service,EndDevice-4,Application-4-Service,35600
13607,Application-20,M_Req,missing_destination,45,Application-20-Service,EndDevice-20,Application-20-Service,35600
13609,Application-36,M_Req,missing_destination,61,Application-36-Service,EndDevice-36,Application-36-Service,35600
13611,Application-29,M_Req,missing_destination,54,Application-29-Service,EndDevice-29,Application-29-Service,35600
13613,Application-37,M_Req,missing_destination,62,Application-37-Service,EndDevice-37,Application-37-Service,35600
13620,Application-16,M_Req,missing_destination,41,Application-16-Service,EndDevice-16,Application-16-Service,35600
13624,Application-5,M_Req,missing_destination,30,Application-5-Service,EndDevice-5,Application-5-Service,35700
13631,Application-17,M_Req,missing_destination,42,Application-17-Service,EndDevice-17,Application-17-Service,35700
13643,Application-44,M_Req,missing_destination,69,Application-44-Service,EndDevice-44,Application-44-Service,35700
13652,Application-4,M_Req,missing_destination,29,Application-4-Service,EndDevice-4,Application-4-Service,35700
13655,Application-20,M_Req,missing_destination,45,Application-20-Service,EndDevice-20,Application-20-Service,35700
13657,Application-36,M_Req,missing_destination,61,Application-36-Service,EndDevice-36,Application-36-Service,35700
13659,Application-29,M_Req,missing_destination,54,Application-29-Service,EndDevice-29,Application-29-Service,35700
13661,Application-37,M_Req,missing_destination,62,Application-37-Service,EndDevice-37,Application-37-Service,35700
13668,Application-16,M_Req,missing_destination,41,Application-16-Service,EndDevice-16,Application-16-Service,35700
13672,Application-5,M_Req,missing_destination,30,Application-5-Service,EndDevice-5,Application-5-Service,35800
13685,Application-44,M_Req,missing_destination,69,Application-44-Service,EndDevice-44,Application-44-Service,35800
13693,Application-4,M_Req,missing_destination,29,Application-4-Service,EndDevice-4,Application-4-Service,35800
13696,Application-20,M_Req,missing_destination,45,Application-20-Service,EndDevice-20,Application-20-Service,35800
13698,Application-36,M_Req,missing_destination,61,Application-36-Service,EndDevice-36,Application-36-Service,35800
13701,Application-3,M_Req,missing_destination,28,Application-3-Service,EndDevice-3,Application-3-Service,35900
13720,Application-5,M_Req,missing_destination,30,Application-5-Service,EndDevice-5,Application-5-Service,35900
13722,Application-33,M_Req,missing_destination,58,Application-33-Service,EndDevice-33,Application-33-Service,35900
13725,Application-11,M_Req,missing_destination,36,Application-11-Service,EndDevice-11,Application-11-Service,35900
13728,Application-19,M_Req,missing_destination,44,Application-19-Service,EndDevice-19,Application-19-Service,35900
13731,Application-27,M_Req,missing_destination,52,Application-27-Service,EndDevice-27,Application-27-Service,35900
13733,Application-44,M_Req,missing_destination,69,Application-44-Service,EndDevice-44,Application-44-Service,35900
13741,Application-4,M_Req,missing_destination,29,Application-4-Service,EndDevice-4,Application-4-Service,35900
13742,Application-18,M_Req,missing_destination,43,Application-18-Service,EndDevice-18,Application-18-Service,35900
13743,Application-34,M_Req,missing_destination,59,Application-34-Service,EndDevice-34,Application-34-Service,35900
13744,Application-20,M_Req,missing_destination,45,Application-20-Service,EndDevice-20,Application-20-Service,35900
13746,Application-36,M_Req,missing_destination,61,Application-36-Service,EndDevice-36,Application-36-Service,35900
13749,Application-3,M_Req,missing_destination,28,Application-3-Service,EndDevice-3,Application-3-Service,36000
13764,Application-5,M_Req,missing_destination,30,Application-5-Service,EndDevice-5,Application-5-Service,36000
13766,Application-33,M_Req,missing_destination,58,Application-33-Service,EndDevice-33,Application-33-Service,36000
13769,Application-11,M_Req,missing_destination,36,Application-11-Service,EndDevice-11,Application-11-Service,36000
13772,Application-19,M_Req,missing_destination,44,Application-19-Service,EndDevice-19,Application-19-Service,36000
13775,Application-27,M_Req,missing_destination,52,Application-27-Service,EndDevice-27,Application-27-Service,36000
13812,Application-5,M_Req,missing_destination,30,Application-5-Service,EndDevice-5,Application-5-Service,36100
13832,Application-42,M_Req,missing_destination,67,Application-42-Service,EndDevice-42,Application-42-Service,36200
13833,Application-43,M_Req,missing_destination,68,Application-43-Service,EndDevice-43,Application-43-Service,36200
13837,Application-18,M_Req,missing_destination,43,Application-18-Service,EndDevice-18,Application-18-Service,36200
13844,Application-10,M_Req,missing_destination,35,Application-10-Service,EndDevice-10,Application-10-Service,36200
13846,Application-22,M_Req,missing_destination,47,Application-22-Service,EndDevice-22,Application-22-Service,36200
13847,Application-2,M_Req,missing_destination,27,Application-2-Service,EndDevice-2,Application-2-Service,36200
13849,Application-12,M_Req,missing_destination,37,Application-12-Service,EndDevice-12,Application-12-Service,36200
13880,Application-42,M_Req,missing_destination,67,Application-42-Service,EndDevice-42,Application-42-Service,36300
13881,Application-43,M_Req,missing_destination,68,Application-43-Service,EndDevice-43,Application-43-Service,36300
13885,Application-18,M_Req,missing_destination,43,Application-18-Service,EndDevice-18,Application-18-Service,36300
13892,Application-10,M_Req,missing_destination,35,Application-10-Service,EndDevice-10,Application-10-Service,36300
13894,Application-22,M_Req,missing_destination,47,Application-22-Service,EndDevice-22,Application-22-Service,36300
13895,Application-2,M_Req,missing_destination,27,Application-2-Service,EndDevice-2,Application-2-Service,36300
13897,Application-12,M_Req,missing_destination,37,Application-12-Service,EndDevice-12,Application-12-Service,36300
13924,Application-42,M_Req,missing_destination,67,Application-42-Service,EndDevice-42,Application-42-Service,36400
13929,Application-18,M_Req,missing_destination,43,Application-18-Service,EndDevice-18,Application-18-Service,36400
13936,Application-10,M_Req,missing_destination,35,Application-10-Service,EndDevice-10,Application-10-Service,36500
13937,Application-2,M_Req,missing_destination,27,Application-2-Service,EndDevice-2,Application-2-Service,36500
13938,Application-12,M_Req,missing_destination,37,Application-12-Service,EndDevice-12,Application-12-Service,36500
13945,Application-22,M_Req,missing_destination,47,Application-22-Service,EndDevice-22,Application-22-Service,36500
13946,Application-46,M_Req,missing_destination,71,Application-46-Service,EndDevice-46,Application-46-Service,36500
13948,Application-6,M_Req,missing_destination,31,Application-6-Service,EndDevice-6,Application-6-Service,36500
13949,Application-33,M_Req,missing_destination,58,Application-33-Service,EndDevice-33,Application-33-Service,36500
13958,Application-26,M_Req,missing_destination,51,Application-26-Service,EndDevice-26,Application-26-Service,36500
13959,Application-34,M_Req,missing_destination,59,Application-34-Service,EndDevice-34,Application-34-Service,36500
13965,Application-45,M_Req,missing_destination,70,Application-45-Service,EndDevice-45,Application-45-Service,36500
13969,Application-21,M_Req,missing_destination,46,Application-21-Service,EndDevice-21,Application-21-Service,36500
13972,Application-42,M_Req,missing_destination,67,Application-42-Service,EndDevice-42,Application-42-Service,36500
13975,Application-13,M_Req,missing_destination,38,Application-13-Service,EndDevice-13,Application-13-Service,36500
13977,Application-18,M_Req,missing_destination,43,Application-18-Service,EndDevice-18,Application-18-Service,36500
13983,Application-2,M_Req,missing_destination,27,Application-2-Service,EndDevice-2,Application-2-Service,36600
13984,Application-12,M_Req,missing_destination,37,Application-12-Service,EndDevice-12,Application-12-Service,36600
13990,Application-22,M_Req,missing_destination,47,Application-22-Service,EndDevice-22,Application-22-Service,36600
13992,Application-6,M_Req,missing_destination,31,Application-6-Service,EndDevice-6,Application-6-Service,36600
13993,Application-33,M_Req,missing_destination,58,Application-33-Service,EndDevice-33,Application-33-Service,36600
14001,Application-26,M_Req,missing_destination,51,Application-26-Service,EndDevice-26,Application-26-Service,36600
14031,Application-2,M_Req,missing_destination,27,Application-2-Service,EndDevice-2,Application-2-Service,36700
14032,Application-12,M_Req,missing_destination,37,Application-12-Service,EndDevice-12,Application-12-Service,36700
14038,Application-22,M_Req,missing_destination,47,Application-22-Service,EndDevice-22,Application-22-Service,36700
14040,Application-6,M_Req,missing_destination,31,Application-6-Service,EndDevice-6,Application-6-Service,36700
14041,Application-33,M_Req,missing_destination,58,Application-33-Service,EndDevice-33,Application-33-Service,36700
14049,Application-26,M_Req,missing_destination,51,Application-26-Service,EndDevice-26,Application-26-Service,36700
14058,Application-42,M_Req,missing_destination,67,Application-42-Service,EndDevice-42,Application-42-Service,36800
14059,Application-43,M_Req,missing_destination,68,Application-43-Service,EndDevice-43,Application-43-Service,36800
14060,Application-18,M_Req,missing_destination,43,Application-18-Service,EndDevice-18,Application-18-Service,36800
14068,Application-34,M_Req,missing_destination,59,Application-34-Service,EndDevice-34,Application-34-Service,36800
14072,Application-2,M_Req,missing_destination,27,Application-2-Service,EndDevice-2,Application-2-Service,36800
14073,Application-12,M_Req,missing_destination,37,Application-12-Service,EndDevice-12,Application-12-Service,36800
14078,Application-22,M_Req,missing_destination,47,Application-22-Service,EndDevice-22,Application-22-Service,36800
14081,Application-33,M_Req,missing_destination,58,Application-33-Service,EndDevice-33,Application-33-Service,36900
14106,Application-42,M_Req,missing_destination,67,Application-42-Service,EndDevice-42,Application-42-Service,36900
14107,Application-43,M_Req,missing_destination,68,Application-43-Service,EndDevice-43,Application-43-Service,36900
14108,Application-18,M_Req,missing_destination,43,Application-18-Service,EndDevice-18,Application-18-Service,36900
14116,Application-34,M_Req,missing_destination,59,Application-34-Service,EndDevice-34,Application-34-Service,36900
14120,Application-2,M_Req,missing_destination,27,Application-2-Service,EndDevice-2,Application-2-Service,36900
14121,Application-12,M_Req,missing_destination,37,Application-12-Service,EndDevice-12,Application-12-Service,36900
14126,Application-22,M_Req,missing_destination,47,Application-22-Service,EndDevice-22,Application-22-Service,36900
14129,Application-33,M_Req,missing_destination,58,Application-33-Service,EndDevice-33,Application-33-Service,37000
14149,Application-42,M_Req,missing_destination,67,Application-42-Service,EndDevice-42,Application-42-Service,37000
14151,Application-18,M_Req,missing_destination,43,Application-18-Service,EndDevice-18,Application-18-Service,37000
14156,Application-34,M_Req,missing_destination,59,Application-34-Service,EndDevice-34,Application-34-Service,37000
14159,Application-31,M_Req,missing_destination,56,Application-31-Service,EndDevice-31,Application-31-Service,37100
14168,Application-9,M_Req,missing_destination,34,Application-9-Service,EndDevice-9,Application-9-Service,37100
14171,Application-14,M_Req,missing_destination,39,Application-14-Service,EndDevice-14,Application-14-Service,37100
14174,Application-29,M_Req,missing_destination,54,Application-29-Service,EndDevice-29,Application-29-Service,37100
14177,Application-33,M_Req,missing_destination,58,Application-33-Service,EndDevice-33,Application-33-Service,37100
14181,Application-19,M_Req,missing_destination,44,Application-19-Service,EndDevice-19,Application-19-Service,37100
14190,Application-47,M_Req,missing_destination,72,Application-47-Service,EndDevice-47,Application-47-Service,37100
14192,Application-39,M_Req,missing_destination,64,Application-39-Service,EndDevice-39,Application-39-Service,37100
14197,Application-42,M_Req,missing_destination,67,Application-42-Service,EndDevice-42,Application-42-Service,37100
14198,Application-43,M_Req,missing_destination,68,Application-43-Service,EndDevice-43,Application-43-Service,37100
14199,Application-18,M_Req,missing_destination,43,Application-18-Service,EndDevice-18,Application-18-Service,37100
14204,Application-34,M_Req,missing_destination,59,Application-34-Service,EndDevice-34,Application-34-Service,37100
14207,Application-31,M_Req,missing_destination,56,Application-31-Service,EndDevice-31,Application-31-Service,37200
14214,Application-9,M_Req,missing_destination,34,Application-9-Service,EndDevice-9,Application-9-Service,37200
14217,Application-14,M_Req,missing_destination,39,Application-14-Service,EndDevice-14,Application-14-Service,37200
14222,Application-33,M_Req,missing_destination,58,Application-33-Service,EndDevice-33,Application-33-Service,37200
14226,Application-19,M_Req,missing_destination,44,Application-19-Service,EndDevice-19,Application-19-Service,37200
14231,Application-47,M_Req,missing_destination,72,Application-47-Service,EndDevice-47,Application-47-Service,37200
14233,Application-39,M_Req,missing_destination,64,Application-39-Service,EndDevice-39,Application-39-Service,37200
14270,Application-33,M_Req,missing_destination,58,Application-33-Service,EndDevice-33,Application-33-Service,37300
14284,Application-25,M_Req,missing_destination,50,Application-25-Service,EndDevice-25,Application-25-Service,37400
14288,Application-30,M_Req,missing_destination,55,Application-30-Service,EndDevice-30,Application-30-Service,37400
14292,Application-46,M_Req,missing_destination,71,Application-46-Service,EndDevice-46,Application-46-Service,37400
14303,Application-41,M_Req,missing_destination,66,Application-41-Service,EndDevice-41,Application-41-Service,37400
14304,Application-17,M_Req,missing_destination,42,Application-17-Service,EndDevice-17,Application-17-Service,37400
14305,Application-5,M_Req,missing_destination,30,Application-5-Service,EndDevice-5,Application-5-Service,37400
14308,Application-21,M_Req,missing_destination,46,Application-21-Service,EndDevice-21,Application-21-Service,37400
14309,Application-7,M_Req,missing_destination,32,Application-7-Service,EndDevice-7,Application-7-Service,37400
14313,Application-11,M_Req,missing_destination,36,Application-11-Service,EndDevice-11,Application-11-Service,37500
14315,Application-37,M_Req,missing_destination,62,Application-37-Service,EndDevice-37,Application-37-Service,37500
14319,Application-47,M_Req,missing_destination,72,Application-47-Service,EndDevice-47,Application-47-Service,37500
14332,Application-25,M_Req,missing_destination,50,Application-25-Service,EndDevice-25,Application-25-Service,37500
14336,Application-30,M_Req,missing_destination,55,Application-30-Service,EndDevice-30,Application-30-Service,37500
14340,Application-46,M_Req,missing_destination,71,Application-46-Service,EndDevice-46,Application-46-Service,37500
14351,Application-41,M_Req,missing_destination,66,Application-41-Service,EndDevice-41,Application-41-Service,37500
14352,Application-17,M_Req,missing_destination,42,Application-17-Service,EndDevice-17,Application-17-Service,37500
14353,Application-5,M_Req,missing_destination,30,Application-5-Service,EndDevice-5,Application-5-Service,37500
14356,Application-21,M_Req,missing_destination,46,Application-21-Service,EndDevice-21,Application-21-Service,37500
14357,Application-7,M_Req,missing_destination,32,Application-7-Service,EndDevice-7,Application-7-Service,37500
14362,Application-37,M_Req,missing_destination,62,Application-37-Service,EndDevice-37,Application-37-Service,37600
14366,Application-47,M_Req,missing_destination,72,Application-47-Service,EndDevice-47,Application-47-Service,37600
14382,Application-30,M_Req,missing_destination,55,Application-30-Service,EndDevice-30,Application-30-Service,37600
14386,Application-46,M_Req,missing_destination,71,Application-46-Service,EndDevice-46,Application-46-Service,37600
14393,Application-5,M_Req,missing_destination,30,Application-5-Service,EndDevice-5,Application-5-Service,37700
14395,Application-21,M_Req,missing_destination,46,Application-21-Service,EndDevice-21,Application-21-Service,37700
14401,Application-6,M_Req,missing_destination,31,Application-6-Service,EndDevice-6,Application-6-Service,37700
14408,Application-11,M_Req,missing_destination,36,Application-11-Service,EndDevice-11,Application-11-Service,37700
14410,Application-37,M_Req,missing_destination,62,Application-37-Service,EndDevice-37,Application-37-Service,37700
14414,Application-47,M_Req,missing_destination,72,Application-47-Service,EndDevice-47,Application-47-Service,37700
14423,Application-29,M_Req,missing_destination,54,Application-29-Service,EndDevice-29,Application-29-Service,37700
14430,Application-30,M_Req,missing_destination,55,Application-30-Service,EndDevice-30,Application-30-Service,37700
14434,Application-46,M_Req,missing_destination,71,Application-46-Service,EndDevice-46,Application-46-Service,37700
14441,Application-21,M_Req,missing_destination,46,Application-21-Service,EndDevice-21,Application-21-Service,37800
14452,Application-11,M_Req,missing_destination,36,Application-11-Service,EndDevice-11,Application-11-Service,37800
14454,Application-37,M_Req,missing_destination,62,Application-37-Service,EndDevice-37,Application-37-Service,37800
14458,Application-47,M_Req,missing_destination,72,Application-47-Service,EndDevice-47,Application-47-Service,37800
14467,Application-29,M_Req,missing_destination,54,Application-29-Service,EndDevice-29,Application-29-Service,37800
14489,Application-21,M_Req,missing_destination,46,Application-21-Service,EndDevice-21,Application-21-Service,37900
14500,Application-11,M_Req,missing_destination,36,Application-11-Service,EndDevice-11,Application-11-Service,37900
14515,Application-29,M_Req,missing_destination,54,Application-29-Service,EndDevice-29,Application-29-Service,37900
14529,Application-3,M_Req,missing_destination,28,Application-3-Service,EndDevice-3,Application-3-Service,38000
14533,Application-21,M_Req,missing_destination,46,Application-21-Service,EndDevice-21,Application-21-Service,38000
14543,Application-4,M_Req,missing_destination,29,Application-4-Service,EndDevice-4,Application-4-Service,38100
14544,Application-44,M_Req,missing_destination,69,Application-44-Service,EndDevice-44,Application-44-Service,38100
14545,Application-13,M_Req,missing_destination,38,Application-13-Service,EndDevice-13,Application-13-Service,38100
14549,Application-24,M_Req,missing_destination,49,Application-24-Service,EndDevice-24,Application-24-Service,38100
14577,Application-3,M_Req,missing_destination,28,Application-3-Service,EndDevice-3,Application-3-Service,38100
14581,Application-21,M_Req,missing_destination,46,Application-21-Service,EndDevice-21,Application-21-Service,38100
14591,Application-44,M_Req,missing_destination,69,Application-44-Service,EndDevice-44,Application-44-Service,38200
14595,Application-24,M_Req,missing_destination,49,Application-24-Service,EndDevice-24,Application-24-Service,38200
14626,Application-2,M_Req,missing_destination,27,Application-2-Service,EndDevice-2,Application-2-Service,38300
14628,Application-13,M_Req,missing_destination,38,Application-13-Service,EndDevice-13,Application-13-Service,38300
14635,Application-32,M_Req,missing_destination,57,Application-32-Service,EndDevice-32,Application-32-Service,38300
14639,Application-44,M_Req,missing_destination,69,Application-44-Service,EndDevice-44,Application-44-Service,38300
14643,Application-24,M_Req,missing_destination,49,Application-24-Service,EndDevice-24,Application-24-Service,38300
14644,Application-22,M_Req,missing_destination,47,Application-22-Service,EndDevice-22,Application-22-Service,38300
14653,Application-10,M_Req,missing_destination,35,Application-10-Service,EndDevice-10,Application-10-Service,38300
14663,Application-42,M_Req,missing_destination,67,Application-42-Service,EndDevice-42,Application-42-Service,38300
14664,Application-18,M_Req,missing_destination,43,Application-18-Service,EndDevice-18,Application-18-Service,38300
14674,Application-13,M_Req,missing_destination,38,Application-13-Service,EndDevice-13,Application-13-Service,38400
14680,Application-32,M_Req,missing_destination,57,Application-32-Service,EndDevice-32,Application-32-Service,38400
14684,Application-44,M_Req,missing_destination,69,Application-44-Service,EndDevice-44,Application-44-Service,38400
14687,Application-22,M_Req,missing_destination,47,Application-22-Service,EndDevice-22,Application-22-Service,38400
14728,Application-32,M_Req,missing_destination,57,Application-32-Service,EndDevice-32,Application-32-Service,38500
14735,Application-22,M_Req,missing_destination,47,Application-22-Service,EndDevice-22,Application-22-Service,38500
14748,Application-18,M_Req,missing_destination,43,Application-18-Service,EndDevice-18,Application-18-Service,38600
14751,Application-10,M_Req,missing_destination,35,Application-10-Service,EndDevice-10,Application-10-Service,38600
14757,Application-2,M_Req,missing_destination,27,Application-2-Service,EndDevice-2,Application-2-Service,38600
14758,Application-31,M_Req,missing_destination,56,Application-31-Service,EndDevice-31,Application-31-Service,38600
14762,Application-23,M_Req,missing_destination,48,Application-23-Service,EndDevice-23,Application-23-Service,38600
14763,Application-15,M_Req,missing_destination,40,Application-15-Service,EndDevice-15,Application-15-Service,38600
14767,Application-4,M_Req,missing_destination,29,Application-4-Service,EndDevice-4,Application-4-Service,38600
14768,Application-32,M_Req,missing_destination,57,Application-32-Service,EndDevice-32,Application-32-Service,38600
14770,Application-19,M_Req,missing_destination,44,Application-19-Service,EndDevice-19,Application-19-Service,38700
14772,Application-44,M_Req,missing_destination,69,Application-44-Service,EndDevice-44,Application-44-Service,38700
14773,Application-39,M_Req,missing_destination,64,Application-39-Service,EndDevice-39,Application-39-Service,38700
14796,Application-18,M_Req,missing_destination,43,Application-18-Service,EndDevice-18,Application-18-Service,38700
14799,Application-10,M_Req,missing_destination,35,Application-10-Service,EndDevice-10,Application-10-Service,38700
14805,Application-2,M_Req,missing_destination,27,Application-2-Service,EndDevice-2,Application-2-Service,38700
14806,Application-31,M_Req,missing_destination,56,Application-31-Service,EndDevice-31,Application-31-Service,38700
14810,Application-23,M_Req,missing_destination,48,Application-23-Service,EndDevice-23,Application-23-Service,38700
14811,Application-15,M_Req,missing_destination,40,Application-15-Service,EndDevice-15,Application-15-Service,38700
14815,Application-4,M_Req,missing_destination,29,Application-4-Service,EndDevice-4,Application-4-Service,38700
14816,Application-32,M_Req,missing_destination,57,Application-32-Service,EndDevice-32,Application-32-Service,38700
14818,Application-19,M_Req,missing_destination,44,Application-19-Service,EndDevice-19,Application-19-Service,38800
14819,Application-39,M_Req,missing_destination,64,Application-39-Service,EndDevice-39,Application-39-Service,38800
14848,Application-14,M_Req,missing_destination,39,Application-14-Service,EndDevice-14,Application-14-Service,38900
14850,Application-15,M_Req,missing_destination,40,Application-15-Service,EndDevice-15,Application-15-Service,38900
14866,Application-19,M_Req,missing_destination,44,Application-19-Service,EndDevice-19,Application-19-Service,38900
14867,Application-39,M_Req,missing_destination,64,Application-39-Service,EndDevice-39,Application-39-Service,38900
14868,Application-38,M_Req,missing_destination,63,Application-38-Service,EndDevice-38,Application-38-Service,38900
14870,Application-48,M_Req,missing_destination,73,Application-48-Service,EndDevice-48,Application-48-Service,38900
14872,Application-27,M_Req,missing_destination,52,Application-27-Service,EndDevice-27,Application-27-Service,38900
14875,Application-17,M_Req,missing_destination,42,Application-17-Service,EndDevice-17,Application-17-Service,38900
14878,Application-7,M_Req,missing_destination,32,Application-7-Service,EndDevice-7,Application-7-Service,38900
14882,Application-47,M_Req,missing_destination,72,Application-47-Service,EndDevice-47,Application-47-Service,38900
14884,Application-46,M_Req,missing_destination,71,Application-46-Service,EndDevice-46,Application-46-Service,38900
14885,Application-30,M_Req,missing_destination,55,Application-30-Service,EndDevice-30,Application-30-Service,38900
14886,Application-6,M_Req,missing_destination,31,Application-6-Service,EndDevice-6,Application-6-Service,38900
14889,Application-5,M_Req,missing_destination,30,Application-5-Service,EndDevice-5,Application-5-Service,38900
14891,Application-29,M_Req,missing_destination,54,Application-29-Service,EndDevice-29,Application-29-Service,38900
14896,Application-15,M_Req,missing_destination,40,Application-15-Service,EndDevice-15,Application-15-Service,39000
14908,Application-19,M_Req,missing_destination,44,Application-19-Service,EndDevice-19,Application-19-Service,39000
14909,Application-39,M_Req,missing_destination,64,Application-39-Service,EndDevice-39,Application-39-Service,39000
14910,Application-38,M_Req,missing_destination,63,Application-38-Service,EndDevice-38,Application-38-Service,39000
14912,Application-48,M_Req,missing_destination,73,Application-48-Service,EndDevice-48,Application-48-Service,39000
14914,Application-27,M_Req,missing_destination,52,Application-27-Service,EndDevice-27,Application-27-Service,39000
14917,Application-17,M_Req,missing_destination,42,Application-17-Service,EndDevice-17,Application-17-Service,39000
14919,Application-7,M_Req,missing_destination,32,Application-7-Service,EndDevice-7,Application-7-Service,39000
14922,Application-47,M_Req,missing_destination,72,Application-47-Service,EndDevice-47,Application-47-Service,39000
14924,Application-46,M_Req,missing_destination,71,Application-46-Service,EndDevice-46,Application-46-Service,39000
14944,Application-15,M_Req,missing_destination,40,Application-15-Service,EndDevice-15,Application-15-Service,39100
14958,Application-38,M_Req,missing_destination,63,Application-38-Service,EndDevice-38,Application-38-Service,39100
14960,Application-48,M_Req,missing_destination,73,Application-48-Service,EndDevice-48,Application-48-Service,39100
14962,Application-27,M_Req,missing_destination,52,Application-27-Service,EndDevice-27,Application-27-Service,39100
14965,Application-17,M_Req,missing_destination,42,Application-17-Service,EndDevice-17,Application-17-Service,39100
14967,Application-7,M_Req,missing_destination,32,Application-7-Service,EndDevice-7,Application-7-Service,39100
14970,Application-47,M_Req,missing_destination,72,Application-47-Service,EndDevice-47,Application-47-Service,39100
14972,Application-46,M_Req,missing_destination,71,Application-46-Service,EndDevice-46,Application-46-Service,39100
14975,Application-9,M_Req,missing_destination,34,Application-9-Service,EndDevice-9,Application-9-Service,39200
14976,Application-18,M_Req,missing_destination,43,Application-18-Service,EndDevice-18,Application-18-Service,39200
14980,Application-2,M_Req,missing_destination,27,Application-2-Service,EndDevice-2,Application-2-Service,39200
14983,Application-1,M_Req,missing_destination,26,Application-1-Service,EndDevice-1,Application-1-Service,39200
14984,Application-34,M_Req,missing_destination,59,Application-34-Service,EndDevice-34,Application-34-Service,39200
14985,Application-10,M_Req,missing_destination,35,Application-10-Service,EndDevice-10,Application-10-Service,39200
14994,Application-31,M_Req,missing_destination,56,Application-31-Service,EndDevice-31,Application-31-Service,39200
14998,Application-41,M_Req,missing_destination,66,Application-41-Service,EndDevice-41,Application-41-Service,39200
15004,Application-43,M_Req,missing_destination,68,Application-43-Service,EndDevice-43,Application-43-Service,39300
15023,Application-9,M_Req,missing_destination,34,Application-9-Service,EndDevice-9,Application-9-Service,39300
15024,Application-18,M_Req,missing_destination,43,Application-18-Service,EndDevice-18,Application-18-Service,39300
15028,Application-2,M_Req,missing_destination,27,Application-2-Service,EndDevice-2,Application-2-Service,39300
15031,Application-1,M_Req,missing_destination,26,Application-1-Service,EndDevice-1,Application-1-Service,39300
15032,Application-34,M_Req,missing_destination,59,Application-34-Service,EndDevice-34,Application-34-Service,39300
15033,Application-10,M_Req,missing_destination,35,Application-10-Service,EndDevice-10,Application-10-Service,39300
15042,Application-31,M_Req,missing_destination,56,Application-31-Service,EndDevice-31,Application-31-Service,39300
15046,Application-41,M_Req,missing_destination,66,Application-41-Service,EndDevice-41,Application-41-Service,39300
15074,Application-1,M_Req,missing_destination,26,Application-1-Service,EndDevice-1,Application-1-Service,39400
15077,Application-13,M_Req,missing_destination,38,Application-13-Service,EndDevice-13,Application-13-Service,39500
15083,Application-37,M_Req,missing_destination,62,Application-37-Service,EndDevice-37,Application-37-Service,39500
15088,Application-18,M_Req,missing_destination,43,Application-18-Service,EndDevice-18,Application-18-Service,39500
15093,Application-36,M_Req,missing_destination,61,Application-36-Service,EndDevice-36,Application-36-Service,39500
15102,Application-7,M_Req,missing_destination,32,Application-7-Service,EndDevice-7,Application-7-Service,39500
15103,Application-47,M_Req,missing_destination,72,Application-47-Service,EndDevice-47,Application-47-Service,39500
15113,Application-45,M_Req,missing_destination,70,Application-45-Service,EndDevice-45,Application-45-Service,39500
15114,Application-30,M_Req,missing_destination,55,Application-30-Service,EndDevice-30,Application-30-Service,39500
15115,Application-6,M_Req,missing_destination,31,Application-6-Service,EndDevice-6,Application-6-Service,39500
15122,Application-1,M_Req,missing_destination,26,Application-1-Service,EndDevice-1,Application-1-Service,39500
15130,Application-37,M_Req,missing_destination,62,Application-37-Service,EndDevice-37,Application-37-Service,39600
15143,Application-7,M_Req,missing_destination,32,Application-7-Service,EndDevice-7,Application-7-Service,39600
15152,Application-45,M_Req,missing_destination,70,Application-45-Service,EndDevice-45,Application-45-Service,39600
15178,Application-37,M_Req,missing_destination,62,Application-37-Service,EndDevice-37,Application-37-Service,39700
15191,Application-7,M_Req,missing_destination,32,Application-7-Service,EndDevice-7,Application-7-Service,39700
15200,Application-45,M_Req,missing_destination,70,Application-45-Service,EndDevice-45,Application-45-Service,39700
15206,Application-2,M_Req,missing_destination,27,Application-2-Service,EndDevice-2,Application-2-Service,39800
15210,Application-47,M_Req,missing_destination,72,Application-47-Service,EndDevice-47,Application-47-Service,39800
15211,Application-18,M_Req,missing_destination,43,Application-18-Service,EndDevice-18,Application-18-Service,39800
15220,Application-31,M_Req,missing_destination,56,Application-31-Service,EndDevice-31,Application-31-Service,39800
15221,Application-23,M_Req,missing_destination,48,Application-23-Service,EndDevice-23,Application-23-Service,39800
15229,Application-39,M_Req,missing_destination,64,Application-39-Service,EndDevice-39,Application-39-Service,39900
15231,Application-43,M_Req,missing_destination,68,Application-43-Service,EndDevice-43,Application-43-Service,39900
15254,Application-2,M_Req,missing_destination,27,Application-2-Service,EndDevice-2,Application-2-Service,39900
15258,Application-47,M_Req,missing_destination,72,Application-47-Service,EndDevice-47,Application-47-Service,39900
15259,Application-18,M_Req,missing_destination,43,Application-18-Service,EndDevice-18,Application-18-Service,39900
15268,Application-31,M_Req,missing_destination,56,Application-31-Service,EndDevice-31,Application-31-Service,39900
15269,Application-23,M_Req,missing_destination,48,Application-23-Service,EndDevice-23,Application-23-Service,39900
15277,Application-39,M_Req,missing_destination,64,Application-39-Service,EndDevice-39,Application-39-Service,40000
15301,Application-47,M_Req,missing_destination,72,Application-47-Service,EndDevice-47,Application-47-Service,40000
15307,Application-8,M_Req,missing_destination,33,Application-8-Service,EndDevice-8,Application-8-Service,40100
15309,Application-31,M_Req,missing_destination,56,Application-31-Service,EndDevice-31,Application-31-Service,40100
15310,Application-23,M_Req,missing_destination,48,Application-23-Service,EndDevice-23,Application-23-Service,40100
15315,Application-20,M_Req,missing_destination,45,Application-20-Service,EndDevice-20,Application-20-Service,40100
15317,Application-9,M_Req,missing_destination,34,Application-9-Service,EndDevice-9,Application-9-Service,40100
15323,Application-40,M_Req,missing_destination,65,Application-40-Service,EndDevice-40,Application-40-Service,40100
15325,Application-39,M_Req,missing_destination,64,Application-39-Service,EndDevice-39,Application-39-Service,40100
15326,Application-48,M_Req,missing_destination,73,Application-48-Service,EndDevice-48,Application-48-Service,40100
15336,Application-32,M_Req,missing_destination,57,Application-32-Service,EndDevice-32,Application-32-Service,40100
15346,Application-16,M_Req,missing_destination,41,Application-16-Service,EndDevice-16,Application-16-Service,40100
15349,Application-47,M_Req,missing_destination,72,Application-47-Service,EndDevice-47,Application-47-Service,40100
15355,Application-8,M_Req,missing_destination,33,Application-8-Service,EndDevice-8,Application-8-Service,40200
15357,Application-31,M_Req,missing_destination,56,Application-31-Service,EndDevice-31,Application-31-Service,40200
15358,Application-23,M_Req,missing_destination,48,Application-23-Service,EndDevice-23,Application-23-Service,40200
15362,Application-20,M_Req,missing_destination,45,Application-20-Service,EndDevice-20,Application-20-Service,40200
15364,Application-9,M_Req,missing_destination,34,Application-9-Service,EndDevice-9,Application-9-Service,40200
15368,Application-40,M_Req,missing_destination,65,Application-40-Service,EndDevice-40,Application-40-Service,40200
15370,Application-39,M_Req,missing_destination,64,Application-39-Service,EndDevice-39,Application-39-Service,40200
15377,Application-32,M_Req,missing_destination,57,Application-32-Service,EndDevice-32,Application-32-Service,40200
15403,Application-8,M_Req,missing_destination,33,Application-8-Service,EndDevice-8,Application-8-Service,40300
15405,Application-31,M_Req,missing_destination,56,Application-31-Service,EndDevice-31,Application-31-Service,40300
15406,Application-23,M_Req,missing_destination,48,Application-23-Service,EndDevice-23,Application-23-Service,40300
15410,Application-20,M_Req,missing_destination,45,Application-20-Service,EndDevice-20,Application-20-Service,40300
15412,Application-9,M_Req,missing_destination,34,Application-9-Service,EndDevice-9,Application-9-Service,40300
15416,Application-40,M_Req,missing_destination,65,Application-40-Service,EndDevice-40,Application-40-Service,40300
15425,Application-32,M_Req,missing_destination,57,Application-32-Service,EndDevice-32,Application-32-Service,40300
15432,Application-1,M_Req,missing_destination,26,Application-1-Service,EndDevice-1,Application-1-Service,40400
15435,Application-13,M_Req,missing_destination,38,Application-13-Service,EndDevice-13,Application-13-Service,40400
15438,Application-33,M_Req,missing_destination,58,Application-33-Service,EndDevice-33,Application-33-Service,40400
15439,Application-21,M_Req,missing_destination,46,Application-21-Service,EndDevice-21,Application-21-Service,40400
15442,Application-5,M_Req,missing_destination,30,Application-5-Service,EndDevice-5,Application-5-Service,40400
15447,Application-8,M_Req,missing_destination,33,Application-8-Service,EndDevice-8,Application-8-Service,40400
15449,Application-31,M_Req,missing_destination,56,Application-31-Service,EndDevice-31,Application-31-Service,40400
15450,Application-23,M_Req,missing_destination,48,Application-23-Service,EndDevice-23,Application-23-Service,40400
15451,Application-34,M_Req,missing_destination,59,Application-34-Service,EndDevice-34,Application-34-Service,40400
15453,Application-20,M_Req,missing_destination,45,Application-20-Service,EndDevice-20,Application-20-Service,40400
15454,Application-9,M_Req,missing_destination,34,Application-9-Service,EndDevice-9,Application-9-Service,40400
15457,Application-11,M_Req,missing_destination,36,Application-11-Service,EndDevice-11,Application-11-Service,40500
15462,Application-15,M_Req,missing_destination,40,Application-15-Service,EndDevice-15,Application-15-Service,40500
15463,Application-41,M_Req,missing_destination,66,Application-41-Service,EndDevice-41,Application-41-Service,40500
15466,Application-45,M_Req,missing_destination,70,Application-45-Service,EndDevice-45,Application-45-Service,40500
15480,Application-1,M_Req,missing_destination,26,Application-1-Service,EndDevice-1,Application-1-Service,40500
15483,Application-13,M_Req,missing_destination,38,Application-13-Service,EndDevice-13,Application-13-Service,40500
15486,Application-33,M_Req,missing_destination,58,Application-33-Service,EndDevice-33,Application-33-Service,40500
15487,Application-21,M_Req,missing_destination,46,Application-21-Service,EndDevice-21,Application-21-Service,40500
15490,Application-5,M_Req,missing_destination,30,Application-5-Service,EndDevice-5,Application-5-Service,40500
15495,Application-8,M_Req,missing_destination,33,Application-8-Service,EndDevice-8,Application-8-Service,40500
15497,Application-31,M_Req,missing_destination,56,Application-31-Service,EndDevice-31,Application-31-Service,40500
15498,Application-23,M_Req,missing_destination,48,Application-23-Service,EndDevice-23,Application-23-Service,40500
15499,Application-34,M_Req,missing_destination,59,Application-34-Service,EndDevice-34,Application-34-Service,40500
15501,Application-20,M_Req,missing_destination,45,Application-20-Service,EndDevice-20,Application-20-Service,40500
15502,Application-9,M_Req,missing_destination,34,Application-9-Service,EndDevice-9,Application-9-Service,40500
15548,Application-43,M_Req,missing_destination,68,Application-43-Service,EndDevice-43,Application-43-Service,40700
15556,Application-15,M_Req,missing_destination,40,Application-15-Service,EndDevice-15,Application-15-Service,40700
15559,Application-45,M_Req,missing_destination,70,Application-45-Service,EndDevice-45,Application-45-Service,40700
15561,Application-10,M_Req,missing_destination,35,Application-10-Service,EndDevice-10,Application-10-Service,40700
15565,Application-42,M_Req,missing_destination,67,Application-42-Service,EndDevice-42,Application-42-Service,40700
15566,Application-18,M_Req,missing_destination,43,Application-18-Service,EndDevice-18,Application-18-Service,40700
15570,Application-3,M_Req,missing_destination,28,Application-3-Service,EndDevice-3,Application-3-Service,40700
15574,Application-19,M_Req,missing_destination,44,Application-19-Service,EndDevice-19,Application-19-Service,40700
15575,Application-13,M_Req,missing_destination,38,Application-13-Service,EndDevice-13,Application-13-Service,40700
15578,Application-21,M_Req,missing_destination,46,Application-21-Service,EndDevice-21,Application-21-Service,40700
15579,Application-5,M_Req,missing_destination,30,Application-5-Service,EndDevice-5,Application-5-Service,40700
15600,Application-15,M_Req,missing_destination,40,Application-15-Service,EndDevice-15,Application-15-Service,40800
15603,Application-10,M_Req,missing_destination,35,Application-10-Service,EndDevice-10,Application-10-Service,40800
15607,Application-42,M_Req,missing_destination,67,Application-42-Service,EndDevice-42,Application-42-Service,40800
15608,Application-18,M_Req,missing_destination,43,Application-18-Service,EndDevice-18,Application-18-Service,40800
15648,Application-15,M_Req,missing_destination,40,Application-15-Service,EndDevice-15,Application-15-Service,40900
15662,Application-47,M_Req,missing_destination,72,Application-47-Service,EndDevice-47,Application-47-Service,41000
15666,Application-7,M_Req,missing_destination,32,Application-7-Service,EndDevice-7,Application-7-Service,41000
15673,Application-31,M_Req,missing_destination,56,Application-31-Service,EndDevice-31,Application-31-Service,41000
15684,Application-9,M_Req,missing_destination,34,Application-9-Service,EndDevice-9,Application-9-Service,41000
15687,Application-39,M_Req,missing_destination,64,Application-39-Service,EndDevice-39,Application-39-Service,41100
15691,Application-29,M_Req,missing_destination,54,Application-29-Service,EndDevice-29,Application-29-Service,41100
15695,Application-18,M_Req,missing_destination,43,Application-18-Service,EndDevice-18,Application-18-Service,41100
15710,Application-47,M_Req,missing_destination,72,Application-47-Service,EndDevice-47,Application-47-Service,41100
15714,Application-7,M_Req,missing_destination,32,Application-7-Service,EndDevice-7,Application-7-Service,41100
15721,Application-31,M_Req,missing_destination,56,Application-31-Service,EndDevice-31,Application-31-Service,41100
15732,Application-9,M_Req,missing_destination,34,Application-9-Service,EndDevice-9,Application-9-Service,41100
15740,Application-18,M_Req,missing_destination,43,Application-18-Service,EndDevice-18,Application-18-Service,41200
15765,Application-8,M_Req,missing_destination,33,Application-8-Service,EndDevice-8,Application-8-Service,41300
15771,Application-48,M_Req,missing_destination,73,Application-48-Service,EndDevice-48,Application-48-Service,41300
15775,Application-20,M_Req,missing_destination,45,Application-20-Service,EndDevice-20,Application-20-Service,41300
15780,Application-39,M_Req,missing_destination,64,Application-39-Service,EndDevice-39,Application-39-Service,41300
15781,Application-10,M_Req,missing_destination,35,Application-10-Service,EndDevice-10,Application-10-Service,41300
15782,Application-29,M_Req,missing_destination,54,Application-29-Service,EndDevice-29,Application-29-Service,41300
15788,Application-18,M_Req,missing_destination,43,Application-18-Service,EndDevice-18,Application-18-Service,41300
15802,Application-47,M_Req,missing_destination,72,Application-47-Service,EndDevice-47,Application-47-Service,41300
15806,Application-7,M_Req,missing_destination,32,Application-7-Service,EndDevice-7,Application-7-Service,41300
15810,Application-16,M_Req,missing_destination,41,Application-16-Service,EndDevice-16,Application-16-Service,41300
15812,Application-40,M_Req,missing_destination,65,Application-40-Service,EndDevice-40,Application-40-Service,41300
15813,Application-8,M_Req,missing_destination,33,Application-8-Service,EndDevice-8,Application-8-Service,41400
15817,Application-48,M_Req,missing_destination,73,Application-48-Service,EndDevice-48,Application-48-Service,41400
15820,Application-20,M_Req,missing_destination,45,Application-20-Service,EndDevice-20,Application-20-Service,41400
15823,Application-39,M_Req,missing_destination,64,Application-39-Service,EndDevice-39,Application-39-Service,41400
15824,Application-29,M_Req,missing_destination,54,Application-29-Service,EndDevice-29,Application-29-Service,41400
15871,Application-39,M_Req,missing_destination,64,Application-39-Service,EndDevice-39,Application-39-Service,41500
15872,Application-29,M_Req,missing_destination,54,Application-29-Service,EndDevice-29,Application-29-Service,41500
15887,Application-3,M_Req,missing_destination,28,Application-3-Service,EndDevice-3,Application-3-Service,41600
15890,Application-19,M_Req,missing_destination,44,Application-19-Service,EndDevice-19,Application-19-Service,41600
15901,Application-27,M_Req,missing_destination,52,Application-27-Service,EndDevice-27,Application-27-Service,41600
15905,Application-11,M_Req,missing_destination,36,Application-11-Service,EndDevice-11,Application-11-Service,41600
15910,Application-48,M_Req,missing_destination,73,Application-48-Service,EndDevice-48,Application-48-Service,41600
15913,Application-39,M_Req,missing_destination,64,Application-39-Service,EndDevice-39,Application-39-Service,41600
15914,Application-29,M_Req,missing_destination,54,Application-29-Service,EndDevice-29,Application-29-Service,41600
15915,Application-15,M_Req,missing_destination,40,Application-15-Service,EndDevice-15,Application-15-Service,41700
15916,Application-41,M_Req,missing_destination,66,Application-41-Service,EndDevice-41,Application-41-Service,41700
15923,Application-21,M_Req,missing_destination,46,Application-21-Service,EndDevice-21,Application-21-Service,41700
15935,Application-3,M_Req,missing_destination,28,Application-3-Service,EndDevice-3,Application-3-Service,41700
15938,Application-19,M_Req,missing_destination,44,Application-19-Service,EndDevice-19,Application-19-Service,41700
15949,Application-27,M_Req,missing_destination,52,Application-27-Service,EndDevice-27,Application-27-Service,41700
15953,Application-11,M_Req,missing_destination,36,Application-11-Service,EndDevice-11,Application-11-Service,41700
15958,Application-48,M_Req,missing_destination,73,Application-48-Service,EndDevice-48,Application-48-Service,41700
15961,Application-39,M_Req,missing_destination,64,Application-39-Service,EndDevice-39,Application-39-Service,41700
15962,Application-29,M_Req,missing_destination,54,Application-29-Service,EndDevice-29,Application-29-Service,41700
15977,Application-3,M_Req,missing_destination,28,Application-3-Service,EndDevice-3,Application-3-Service,41800
15980,Application-19,M_Req,missing_destination,44,Application-19-Service,EndDevice-19,Application-19-Service,41800
15994,Application-11,M_Req,missing_destination,36,Application-11-Service,EndDevice-11,Application-11-Service,41800
16002,Application-41,M_Req,missing_destination,66,Application-41-Service,EndDevice-41,Application-41-Service,41900
16016,Application-21,M_Req,missing_destination,46,Application-21-Service,EndDevice-21,Application-21-Service,41900
16025,Application-3,M_Req,missing_destination,28,Application-3-Service,EndDevice-3,Application-3-Service,41900
16028,Application-19,M_Req,missing_destination,44,Application-19-Service,EndDevice-19,Application-19-Service,41900
16042,Application-11,M_Req,missing_destination,36,Application-11-Service,EndDevice-11,Application-11-Service,41900
16050,Application-41,M_Req,missing_destination,66,Application-41-Service,EndDevice-41,Application-41-Service,42000
16062,Application-21,M_Req,missing_destination,46,Application-21-Service,EndDevice-21,Application-21-Service,42000
16120,Application-7,M_Req,missing_destination,32,Application-7-Service,EndDevice-7,Application-7-Service,42200
16131,Application-31,M_Req,missing_destination,56,Application-31-Service,EndDevice-31,Application-31-Service,42200
16132,Application-47,M_Req,missing_destination,72,Application-47-Service,EndDevice-47,Application-47-Service,42200
16136,Application-39,M_Req,missing_destination,64,Application-39-Service,EndDevice-39,Application-39-Service,42200
16142,Application-8,M_Req,missing_destination,33,Application-8-Service,EndDevice-8,Application-8-Service,42200
16143,Application-28,M_Req,missing_destination,53,Application-28-Service,EndDevice-28,Application-28-Service,42200
16168,Application-7,M_Req,missing_destination,32,Application-7-Service,EndDevice-7,Application-7-Service,42300
16179,Application-31,M_Req,missing_destination,56,Application-31-Service,EndDevice-31,Application-31-Service,42300
16180,Application-47,M_Req,missing_destination,72,Application-47-Service,EndDevice-47,Application-47-Service,42300
16184,Application-39,M_Req,missing_destination,64,Application-39-Service,EndDevice-39,Application-39-Service,42300
16190,Application-8,M_Req,missing_destination,33,Application-8-Service,EndDevice-8,Application-8-Service,42300
16191,Application-28,M_Req,missing_destination,53,Application-28-Service,EndDevice-28,Application-28-Service,42300
16228,Application-35,M_Req,missing_destination,60,Application-35-Service,EndDevice-35,Application-35-Service,42500
16229,Application-43,M_Req,missing_destination,68,Application-43-Service,EndDevice-43,Application-43-Service,42500
16230,Application-8,M_Req,missing_destination,33,Application-8-Service,EndDevice-8,Application-8-Service,42500
16239,Application-13,M_Req,missing_destination,38,Application-13-Service,EndDevice-13,Application-13-Service,42500
16243,Application-23,M_Req,missing_destination,48,Application-23-Service,EndDevice-23,Application-23-Service,42500
16245,Application-10,M_Req,missing_destination,35,Application-10-Service,EndDevice-10,Application-10-Service,42500
16246,Application-20,M_Req,missing_destination,45,Application-20-Service,EndDevice-20,Application-20-Service,42500
16249,Application-24,M_Req,missing_destination,49,Application-24-Service,EndDevice-24,Application-24-Service,42500
16259,Application-16,M_Req,missing_destination,41,Application-16-Service,EndDevice-16,Application-16-Service,42500
16260,Application-40,M_Req,missing_destination,65,Application-40-Service,EndDevice-40,Application-40-Service,42500
16261,Application-18,M_Req,missing_destination,43,Application-18-Service,EndDevice-18,Application-18-Service,42500
16262,Application-34,M_Req,missing_destination,59,Application-34-Service,EndDevice-34,Application-34-Service,42500
16273,Application-43,M_Req,missing_destination,68,Application-43-Service,EndDevice-43,Application-43-Service,42600
16281,Application-13,M_Req,missing_destination,38,Application-13-Service,EndDevice-13,Application-13-Service,42600
16285,Application-23,M_Req,missing_destination,48,Application-23-Service,EndDevice-23,Application-23-Service,42600
16287,Application-10,M_Req,missing_destination,35,Application-10-Service,EndDevice-10,Application-10-Service,42600
16288,Application-20,M_Req,missing_destination,45,Application-20-Service,EndDevice-20,Application-20-Service,42600
16290,Application-24,M_Req,missing_destination,49,Application-24-Service,EndDevice-24,Application-24-Service,42600
16335,Application-10,M_Req,missing_destination,35,Application-10-Service,EndDevice-10,Application-10-Service,42700
16336,Application-20,M_Req,missing_destination,45,Application-20-Service,EndDevice-20,Application-20-Service,42700
16338,Application-24,M_Req,missing_destination,49,Application-24-Service,EndDevice-24,Application-24-Service,42700
16362,Application-43,M_Req,missing_destination,68,Application-43-Service,EndDevice-43,Application-43-Service,42800
16365,Application-46,M_Req,missing_destination,71,Application-46-Service,EndDevice-46,Application-46-Service,42800
16369,Application-13,M_Req,missing_destination,38,Application-13-Service,EndDevice-13,Application-13-Service,42800
16371,Application-42,M_Req,missing_destination,67,Application-42-Service,EndDevice-42,Application-42-Service,42900
16379,Application-12,M_Req,missing_destination,37,Application-12-Service,EndDevice-12,Application-12-Service,42900
16381,Application-15,M_Req,missing_destination,40,Application-15-Service,EndDevice-15,Application-15-Service,42900
16410,Application-43,M_Req,missing_destination,68,Application-43-Service,EndDevice-43,Application-43-Service,42900
16413,Application-46,M_Req,missing_destination,71,Application-46-Service,EndDevice-46,Application-46-Service,42900
16417,Application-13,M_Req,missing_destination,38,Application-13-Service,EndDevice-13,Application-13-Service,42900
16419,Application-42,M_Req,missing_destination,67,Application-42-Service,EndDevice-42,Application-42-Service,43000
16449,Application-39,M_Req,missing_destination,64,Application-39-Service,EndDevice-39,Application-39-Service,43100
16452,Application-46,M_Req,missing_destination,71,Application-46-Service,EndDevice-46,Application-46-Service,43100
16467,Application-42,M_Req,missing_destination,67,Application-42-Service,EndDevice-42,Application-42-Service,43100
16473,Application-9,M_Req,missing_destination,34,Application-9-Service,EndDevice-9,Application-9-Service,43100
16478,Application-38,M_Req,missing_destination,63,Application-38-Service,EndDevice-38,Application-38-Service,43100
16487,Application-7,M_Req,missing_destination,32,Application-7-Service,EndDevice-7,Application-7-Service,43100
16491,Application-31,M_Req,missing_destination,56,Application-31-Service,EndDevice-31,Application-31-Service,43100
16492,Application-47,M_Req,missing_destination,72,Application-47-Service,EndDevice-47,Application-47-Service,43100
16497,Application-39,M_Req,missing_destination,64,Application-39-Service,EndDevice-39,Application-39-Service,43200
16500,Application-46,M_Req,missing_destination,71,Application-46-Service,EndDevice-46,Application-46-Service,43200
16513,Application-42,M_Req,missing_destination,67,Application-42-Service,EndDevice-42,Application-42-Service,43200
16518,Application-9,M_Req,missing_destination,34,Application-9-Service,EndDevice-9,Application-9-Service,43200
16521,Application-38,M_Req,missing_destination,63,Application-38-Service,EndDevice-38,Application-38-Service,43200
16545,Application-39,M_Req,missing_destination,64,Application-39-Service,EndDevice-39,Application-39-Service,43300
16566,Application-9,M_Req,missing_destination,34,Application-9-Service,EndDevice-9,Application-9-Service,43300
16575,Application-40,M_Req,missing_destination,65,Application-40-Service,EndDevice-40,Application-40-Service,43400
16581,Application-8,M_Req,missing_destination,33,Application-8-Service,EndDevice-8,Application-8-Service,43400
16590,Application-39,M_Req,missing_destination,64,Application-39-Service,EndDevice-39,Application-39-Service,43400
16591,Application-32,M_Req,missing_destination,57,Application-32-Service,EndDevice-32,Application-32-Service,43400
16596,Application-48,M_Req,missing_destination,73,Application-48-Service,EndDevice-48,Application-48-Service,43400
16601,Application-42,M_Req,missing_destination,67,Application-42-Service,EndDevice-42,Application-42-Service,43500
16609,Application-20,M_Req,missing_destination,45,Application-20-Service,EndDevice-20,Application-20-Service,43500
16623,Application-40,M_Req,missing_destination,65,Application-40-Service,EndDevice-40,Application-40-Service,43500
16629,Application-8,M_Req,missing_destination,33,Application-8-Service,EndDevice-8,Application-8-Service,43500
16638,Application-39,M_Req,missing_destination,64,Application-39-Service,EndDevice-39,Application-39-Service,43500
16639,Application-32,M_Req,missing_destination,57,Application-32-Service,EndDevice-32,Application-32-Service,43500
16644,Application-48,M_Req,missing_destination,73,Application-48-Service,EndDevice-48,Application-48-Service,43500
16685,Application-28,M_Req,missing_destination,53,Application-28-Service,EndDevice-28,Application-28-Service,43700
16686,Application-44,M_Req,missing_destination,69,Application-44-Service,EndDevice-44,Application-44-Service,43700
16696,Application-46,M_Req,missing_destination,71,Application-46-Service,EndDevice-46,Application-46-Service,43700
16697,Application-26,M_Req,missing_destination,51,Application-26-Service,EndDevice-26,Application-26-Service,43700
16703,Application-38,M_Req,missing_destination,63,Application-38-Service,EndDevice-38,Application-38-Service,43700
16707,Application-6,M_Req,missing_destination,31,Application-6-Service,EndDevice-6,Application-6-Service,43700
16709,Application-12,M_Req,missing_destination,37,Application-12-Service,EndDevice-12,Application-12-Service,43700
16711,Application-30,M_Req,missing_destination,55,Application-30-Service,EndDevice-30,Application-30-Service,43700
16712,Application-4,M_Req,missing_destination,29,Application-4-Service,EndDevice-4,Application-4-Service,43700
16715,Application-5,M_Req,missing_destination,30,Application-5-Service,EndDevice-5,Application-5-Service,43700
16720,Application-37,M_Req,missing_destination,62,Application-37-Service,EndDevice-37,Application-37-Service,43700
16725,Application-21,M_Req,missing_destination,46,Application-21-Service,EndDevice-21,Application-21-Service,43700
16733,Application-28,M_Req,missing_destination,53,Application-28-Service,EndDevice-28,Application-28-Service,43800
16734,Application-44,M_Req,missing_destination,69,Application-44-Service,EndDevice-44,Application-44-Service,43800
16742,Application-26,M_Req,missing_destination,51,Application-26-Service,EndDevice-26,Application-26-Service,43800
16748,Application-38,M_Req,missing_destination,63,Application-38-Service,EndDevice-38,Application-38-Service,43800
16752,Application-6,M_Req,missing_destination,31,Application-6-Service,EndDevice-6,Application-6-Service,43800
16754,Application-12,M_Req,missing_destination,37,Application-12-Service,EndDevice-12,Application-12-Service,43800
16781,Application-28,M_Req,missing_destination,53,Application-28-Service,EndDevice-28,Application-28-Service,43900
16782,Application-44,M_Req,missing_destination,69,Application-44-Service,EndDevice-44,Application-44-Service,43900
16790,Application-26,M_Req,missing_destination,51,Application-26-Service,EndDevice-26,Application-26-Service,43900
16802,Application-12,M_Req,missing_destination,37,Application-12-Service,EndDevice-12,Application-12-Service,43900
16807,Application-18,M_Req,missing_destination,43,Application-18-Service,EndDevice-18,Application-18-Service,44000
16814,Application-47,M_Req,missing_destination,72,Application-47-Service,EndDevice-47,Application-47-Service,44000
16816,Application-31,M_Req,missing_destination,56,Application-31-Service,EndDevice-31,Application-31-Service,44000
16818,Application-39,M_Req,missing_destination,64,Application-39-Service,EndDevice-39,Application-39-Service,44000
16820,Application-48,M_Req,missing_destination,73,Application-48-Service,EndDevice-48,Application-48-Service,44000
16822,Application-28,M_Req,missing_destination,53,Application-28-Service,EndDevice-28,Application-28-Service,44000
16823,Application-44,M_Req,missing_destination,69,Application-44-Service,EndDevice-44,Application-44-Service,44000
16825,Application-42,M_Req,missing_destination,67,Application-42-Service,EndDevice-42,Application-42-Service,44000
16827,Application-2,M_Req,missing_destination,27,Application-2-Service,EndDevice-2,Application-2-Service,44000
16828,Application-29,M_Req,missing_destination,54,Application-29-Service,EndDevice-29,Application-29-Service,44000
16833,Application-9,M_Req,missing_destination,34,Application-9-Service,EndDevice-9,Application-9-Service,44100
16839,Application-19,M_Req,missing_destination,44,Application-19-Service,EndDevice-19,Application-19-Service,44100
16841,Application-12,M_Req,missing_destination,37,Application-12-Service,EndDevice-12,Application-12-Service,44100
16855,Application-18,M_Req,missing_destination,43,Application-18-Service,EndDevice-18,Application-18-Service,44100
16862,Application-47,M_Req,missing_destination,72,Application-47-Service,EndDevice-47,Application-47-Service,44100
16864,Application-31,M_Req,missing_destination,56,Application-31-Service,EndDevice-31,Application-31-Service,44100
16866,Application-39,M_Req,missing_destination,64,Application-39-Service,EndDevice-39,Application-39-Service,44100
16868,Application-48,M_Req,missing_destination,73,Application-48-Service,EndDevice-48,Application-48-Service,44100
16870,Application-28,M_Req,missing_destination,53,Application-28-Service,EndDevice-28,Application-28-Service,44100
16871,Application-44,M_Req,missing_destination,69,Application-44-Service,EndDevice-44,Application-44-Service,44100
16873,Application-42,M_Req,missing_destination,67,Application-42-Service,EndDevice-42,Application-42-Service,44100
16875,Application-2,M_Req,missing_destination,27,Application-2-Service,EndDevice-2,Application-2-Service,44100
16876,Application-29,M_Req,missing_destination,54,Application-29-Service,EndDevice-29,Application-29-Service,44100
16910,Application-44,M_Req,missing_destination,69,Application-44-Service,EndDevice-44,Application-44-Service,44300
16922,Application-45,M_Req,missing_destination,70,Application-45-Service,EndDevice-45,Application-45-Service,44300
16927,Application-24,M_Req,missing_destination,49,Application-24-Service,EndDevice-24,Application-24-Service,44300
16929,Application-15,M_Req,missing_destination,40,Application-15-Service,EndDevice-15,Application-15-Service,44300
16930,Application-35,M_Req,missing_destination,60,Application-35-Service,EndDevice-35,Application-35-Service,44300
16945,Application-43,M_Req,missing_destination,68,Application-43-Service,EndDevice-43,Application-43-Service,44300
16951,Application-36,M_Req,missing_destination,61,Application-36-Service,EndDevice-36,Application-36-Service,44300
16952,Application-4,M_Req,missing_destination,29,Application-4-Service,EndDevice-4,Application-4-Service,44300
16958,Application-44,M_Req,missing_destination,69,Application-44-Service,EndDevice-44,Application-44-Service,44400
16971,Application-24,M_Req,missing_destination,49,Application-24-Service,EndDevice-24,Application-24-Service,44400
16973,Application-15,M_Req,missing_destination,40,Application-15-Service,EndDevice-15,Application-15-Service,44400
16974,Application-35,M_Req,missing_destination,60,Application-35-Service,EndDevice-35,Application-35-Service,44400
16986,Application-43,M_Req,missing_destination,68,Application-43-Service,EndDevice-43,Application-43-Service,44400
17019,Application-24,M_Req,missing_destination,49,Application-24-Service,EndDevice-24,Application-24-Service,44500
17034,Application-43,M_Req,missing_destination,68,Application-43-Service,EndDevice-43,Application-43-Service,44500
17037,Application-14,M_Req,missing_destination,39,Application-14-Service,EndDevice-14,Application-14-Service,44600
17044,Application-30,M_Req,missing_destination,55,Application-30-Service,EndDevice-30,Application-30-Service,44600
17049,Application-34,M_Req,missing_destination,59,Application-34-Service,EndDevice-34,Application-34-Service,44600
17052,Application-23,M_Req,missing_destination,48,Application-23-Service,EndDevice-23,Application-23-Service,44600
17054,Application-33,M_Req,missing_destination,58,Application-33-Service,EndDevice-33,Application-33-Service,44600
17055,Application-28,M_Req,missing_destination,53,Application-28-Service,EndDevice-28,Application-28-Service,44600
17057,Application-3,M_Req,missing_destination,28,Application-3-Service,EndDevice-3,Application-3-Service,44600
17070,Application-7,M_Req,missing_destination,32,Application-7-Service,EndDevice-7,Application-7-Service,44700
17073,Application-43,M_Req,missing_destination,68,Application-43-Service,EndDevice-43,Application-43-Service,44700
17085,Application-14,M_Req,missing_destination,39,Application-14-Service,EndDevice-14,Application-14-Service,44700
17092,Application-30,M_Req,missing_destination,55,Application-30-Service,EndDevice-30,Application-30-Service,44700
17097,Application-34,M_Req,missing_destination,59,Application-34-Service,EndDevice-34,Application-34-Service,44700
17100,Application-23,M_Req,missing_destination,48,Application-23-Service,EndDevice-23,Application-23-Service,44700
17102,Application-33,M_Req,missing_destination,58,Application-33-Service,EndDevice-33,Application-33-Service,44700
17103,Application-28,M_Req,missing_destination,53,Application-28-Service,EndDevice-28,Application-28-Service,44700
17105,Application-3,M_Req,missing_destination,28,Application-3-Service,EndDevice-3,Application-3-Service,44700
17133,Application-30,M_Req,missing_destination,55,Application-30-Service,EndDevice-30,Application-30-Service,44800
17137,Application-34,M_Req,missing_destination,59,Application-34-Service,EndDevice-34,Application-34-Service,44900
17139,Application-29,M_Req,missing_destination,54,Application-29-Service,EndDevice-29,Application-29-Service,44900
17145,Application-21,M_Req,missing_destination,46,Application-21-Service,EndDevice-21,Application-21-Service,44900
17149,Application-7,M_Req,missing_destination,32,Application-7-Service,EndDevice-7,Application-7-Service,44900
17152,Application-22,M_Req,missing_destination,47,Application-22-Service,EndDevice-22,Application-22-Service,44900
17155,Application-26,M_Req,missing_destination,51,Application-26-Service,EndDevice-26,Application-26-Service,44900
17162,Application-6,M_Req,missing_destination,31,Application-6-Service,EndDevice-6,Application-6-Service,44900
17163,Application-12,M_Req,missing_destination,37,Application-12-Service,EndDevice-12,Application-12-Service,44900
17164,Application-16,M_Req,missing_destination,41,Application-16-Service,EndDevice-16,Application-16-Service,44900
17165,Application-46,M_Req,missing_destination,71,Application-46-Service,EndDevice-46,Application-46-Service,44900
17172,Application-42,M_Req,missing_destination,67,Application-42-Service,EndDevice-42,Application-42-Service,44900
17173,Application-2,M_Req,missing_destination,27,Application-2-Service,EndDevice-2,Application-2-Service,44900
17179,Application-5,M_Req,missing_destination,30,Application-5-Service,EndDevice-5,Application-5-Service,44900
17180,Application-45,M_Req,missing_destination,70,Application-45-Service,EndDevice-45,Application-45-Service,44900
17181,Application-30,M_Req,missing_destination,55,Application-30-Service,EndDevice-30,Application-30-Service,44900
17182,Application-37,M_Req,missing_destination,62,Application-37-Service,EndDevice-37,Application-37-Service,44900
17183,Application-18,M_Req,missing_destination,43,Application-18-Service,EndDevice-18,Application-18-Service,44900
17185,Application-34,M_Req,missing_destination,59,Application-34-Service,EndDevice-34,Application-34-Service,45000
17187,Application-29,M_Req,missing_destination,54,Application-29-Service,EndDevice-29,Application-29-Service,45000
17192,Application-21,M_Req,missing_destination,46,Application-21-Service,EndDevice-21,Application-21-Service,45000
17196,Application-7,M_Req,missing_destination,32,Application-7-Service,EndDevice-7,Application-7-Service,45000
17198,Application-22,M_Req,missing_destination,47,Application-22-Service,EndDevice-22,Application-22-Service,45000
17205,Application-12,M_Req,missing_destination,37,Application-12-Service,EndDevice-12,Application-12-Service,45000
17206,Application-16,M_Req,missing_destination,41,Application-16-Service,EndDevice-16,Application-16-Service,45000
17207,Application-46,M_Req,missing_destination,71,Application-46-Service,EndDevice-46,Application-46-Service,45000
17214,Application-2,M_Req,missing_destination,27,Application-2-Service,EndDevice-2,Application-2-Service,45000
17233,Application-34,M_Req,missing_destination,59,Application-34-Service,EndDevice-34,Application-34-Service,45100
17235,Application-29,M_Req,missing_destination,54,Application-29-Service,EndDevice-29,Application-29-Service,45100
17240,Application-21,M_Req,missing_destination,46,Application-21-Service,EndDevice-21,Application-21-Service,45100
17244,Application-7,M_Req,missing_destination,32,Application-7-Service,EndDevice-7,Application-7-Service,45100
17246,Application-22,M_Req,missing_destination,47,Application-22-Service,EndDevice-22,Application-22-Service,45100
17253,Application-12,M_Req,missing_destination,37,Application-12-Service,EndDevice-12,Application-12-Service,45100
17254,Application-16,M_Req,missing_destination,41,Application-16-Service,EndDevice-16,Application-16-Service,45100
17255,Application-46,M_Req,missing_destination,71,Application-46-Service,EndDevice-46,Application-46-Service,45100
17262,Application-2,M_Req,missing_destination,27,Application-2-Service,EndDevice-2,Application-2-Service,45100
17264,Application-8,M_Req,missing_destination,33,Application-8-Service,EndDevice-8,Application-8-Service,45200
17276,Application-19,M_Req,missing_destination,44,Application-19-Service,EndDevice-19,Application-19-Service,45200
17279,Application-34,M_Req,missing_destination,59,Application-34-Service,EndDevice-34,Application-34-Service,45200
17284,Application-21,M_Req,missing_destination,46,Application-21-Service,EndDevice-21,Application-21-Service,45200
17288,Application-7,M_Req,missing_destination,32,Application-7-Service,EndDevice-7,Application-7-Service,45200
17289,Application-20,M_Req,missing_destination,45,Application-20-Service,EndDevice-20,Application-20-Service,45200
17291,Application-24,M_Req,missing_destination,49,Application-24-Service,EndDevice-24,Application-24-Service,45300
17298,Application-40,M_Req,missing_destination,65,Application-40-Service,EndDevice-40,Application-40-Service,45300
17312,Application-8,M_Req,missing_destination,33,Application-8-Service,EndDevice-8,Application-8-Service,45300
17324,Application-19,M_Req,missing_destination,44,Application-19-Service,EndDevice-19,Application-19-Service,45300
17327,Application-34,M_Req,missing_destination,59,Application-34-Service,EndDevice-34,Application-34-Service,45300
17332,Application-21,M_Req,missing_destination,46,Application-21-Service,EndDevice-21,Application-21-Service,45300
17336,Application-7,M_Req,missing_destination,32,Application-7-Service,EndDevice-7,Application-7-Service,45300
17337,Application-20,M_Req,missing_destination,45,Application-20-Service,EndDevice-20,Application-20-Service,45300
17339,Application-24,M_Req,missing_destination,49,Application-24-Service,EndDevice-24,Application-24-Service,45400
17346,Application-40,M_Req,missing_destination,65,Application-40-Service,EndDevice-40,Application-40-Service,45400
17356,Application-8,M_Req,missing_destination,33,Application-8-Service,EndDevice-8,Application-8-Service,45400
17371,Application-21,M_Req,missing_destination,46,Application-21-Service,EndDevice-21,Application-21-Service,45500
17374,Application-13,M_Req,missing_destination,38,Application-13-Service,EndDevice-13,Application-13-Service,45500
17379,Application-27,M_Req,missing_destination,52,Application-27-Service,EndDevice-27,Application-27-Service,45500
17387,Application-24,M_Req,missing_destination,49,Application-24-Service,EndDevice-24,Application-24-Service,45500
17394,Application-40,M_Req,missing_destination,65,Application-40-Service,EndDevice-40,Application-40-Service,45500
17399,Application-45,M_Req,missing_destination,70,Application-45-Service,EndDevice-45,Application-45-Service,45500
17402,Application-29,M_Req,missing_destination,54,Application-29-Service,EndDevice-29,Application-29-Service,45500
17404,Application-8,M_Req,missing_destination,33,Application-8-Service,EndDevice-8,Application-8-Service,45500
17419,Application-21,M_Req,missing_destination,46,Application-21-Service,EndDevice-21,Application-21-Service,45600
17425,Application-27,M_Req,missing_destination,52,Application-27-Service,EndDevice-27,Application-27-Service,45600
17432,Application-24,M_Req,missing_destination,49,Application-24-Service,EndDevice-24,Application-24-Service,45600
17439,Application-40,M_Req,missing_destination,65,Application-40-Service,EndDevice-40,Application-40-Service,45600
17467,Application-21,M_Req,missing_destination,46,Application-21-Service,EndDevice-21,Application-21-Service,45700
17473,Application-27,M_Req,missing_destination,52,Application-27-Service,EndDevice-27,Application-27-Service,45700
17493,Application-37,M_Req,missing_destination,62,Application-37-Service,EndDevice-37,Application-37-Service,45800
17495,Application-5,M_Req,missing_destination,30,Application-5-Service,EndDevice-5,Application-5-Service,45800
17502,Application-45,M_Req,missing_destination,70,Application-45-Service,EndDevice-45,Application-45-Service,45800
17505,Application-13,M_Req,missing_destination,38,Application-13-Service,EndDevice-13,Application-13-Service,45800
17506,Application-1,M_Req,missing_destination,26,Application-1-Service,EndDevice-1,Application-1-Service,45800
17508,Application-29,M_Req,missing_destination,54,Application-29-Service,EndDevice-29,Application-29-Service,45800
17509,Application-17,M_Req,missing_destination,42,Application-17-Service,EndDevice-17,Application-17-Service,45800
17511,Application-21,M_Req,missing_destination,46,Application-21-Service,EndDevice-21,Application-21-Service,45800
17515,Application-27,M_Req,missing_destination,52,Application-27-Service,EndDevice-27,Application-27-Service,45800
17517,Application-42,M_Req,missing_destination,67,Application-42-Service,EndDevice-42,Application-42-Service,45800
17518,Application-36,M_Req,missing_destination,61,Application-36-Service,EndDevice-36,Application-36-Service,45800
17520,Application-16,M_Req,missing_destination,41,Application-16-Service,EndDevice-16,Application-16-Service,45800
17525,Application-12,M_Req,missing_destination,37,Application-12-Service,EndDevice-12,Application-12-Service,45900
17529,Application-32,M_Req,missing_destination,57,Application-32-Service,EndDevice-32,Application-32-Service,45900
17531,Application-22,M_Req,missing_destination,47,Application-22-Service,EndDevice-22,Application-22-Service,45900
17541,Application-37,M_Req,missing_destination,62,Application-37-Service,EndDevice-37,Application-37-Service,45900
17543,Application-5,M_Req,missing_destination,30,Application-5-Service,EndDevice-5,Application-5-Service,45900
17550,Application-45,M_Req,missing_destination,70,Application-45-Service,EndDevice-45,Application-45-Service,45900
17553,Application-13,M_Req,missing_destination,38,Application-13-Service,EndDevice-13,Application-13-Service,45900
17554,Application-1,M_Req,missing_destination,26,Application-1-Service,EndDevice-1,Application-1-Service,45900
17556,Application-29,M_Req,missing_destination,54,Application-29-Service,EndDevice-29,Application-29-Service,45900
17557,Application-17,M_Req,missing_destination,42,Application-17-Service,EndDevice-17,Application-17-Service,45900
17559,Application-21,M_Req,missing_destination,46,Application-21-Service,EndDevice-21,Application-21-Service,45900
17563,Application-27,M_Req,missing_destination,52,Application-27-Service,EndDevice-27,Application-27-Service,45900
17565,Application-42,M_Req,missing_destination,67,Application-42-Service,EndDevice-42,Application-42-Service,45900
17566,Application-36,M_Req,missing_destination,61,Application-36-Service,EndDevice-36,Application-36-Service,45900
17568,Application-16,M_Req,missing_destination,41,Application-16-Service,EndDevice-16,Application-16-Service,45900
17571,Application-12,M_Req,missing_destination,37,Application-12-Service,EndDevice-12,Application-12-Service,46000
17573,Application-32,M_Req,missing_destination,57,Application-32-Service,EndDevice-32,Application-32-Service,46000
17575,Application-22,M_Req,missing_destination,47,Application-22-Service,EndDevice-22,Application-22-Service,46000
17595,Application-1,M_Req,missing_destination,26,Application-1-Service,EndDevice-1,Application-1-Service,46000
17600,Application-48,M_Req,missing_destination,73,Application-48-Service,EndDevice-48,Application-48-Service,46100
17602,Application-27,M_Req,missing_destination,52,Application-27-Service,EndDevice-27,Application-27-Service,46100
17603,Application-19,M_Req,missing_destination,44,Application-19-Service,EndDevice-19,Application-19-Service,46100
17607,Application-16,M_Req,missing_destination,41,Application-16-Service,EndDevice-16,Application-16-Service,46100
17610,Application-40,M_Req,missing_destination,65,Application-40-Service,EndDevice-40,Application-40-Service,46100
17613,Application-20,M_Req,missing_destination,45,Application-20-Service,EndDevice-20,Application-20-Service,46100
17614,Application-10,M_Req,missing_destination,35,Application-10-Service,EndDevice-10,Application-10-Service,46100
17617,Application-24,M_Req,missing_destination,49,Application-24-Service,EndDevice-24,Application-24-Service,46100
17619,Application-12,M_Req,missing_destination,37,Application-12-Service,EndDevice-12,Application-12-Service,46100
17621,Application-32,M_Req,missing_destination,57,Application-32-Service,EndDevice-32,Application-32-Service,46100
17623,Application-22,M_Req,missing_destination,47,Application-22-Service,EndDevice-22,Application-22-Service,46100
17627,Application-3,M_Req,missing_destination,28,Application-3-Service,EndDevice-3,Application-3-Service,46100
17630,Application-8,M_Req,missing_destination,33,Application-8-Service,EndDevice-8,Application-8-Service,46100
17631,Application-43,M_Req,missing_destination,68,Application-43-Service,EndDevice-43,Application-43-Service,46100
17643,Application-1,M_Req,missing_destination,26,Application-1-Service,EndDevice-1,Application-1-Service,46100
17646,Application-48,M_Req,missing_destination,73,Application-48-Service,EndDevice-48,Application-48-Service,46200
17648,Application-27,M_Req,missing_destination,52,Application-27-Service,EndDevice-27,Application-27-Service,46200
17649,Application-19,M_Req,missing_destination,44,Application-19-Service,EndDevice-19,Application-19-Service,46200
17656,Application-20,M_Req,missing_destination,45,Application-20-Service,EndDevice-20,Application-20-Service,46200
17657,Application-10,M_Req,missing_destination,35,Application-10-Service,EndDevice-10,Application-10-Service,46200
17660,Application-24,M_Req,missing_destination,49,Application-24-Service,EndDevice-24,Application-24-Service,46200
17662,Application-12,M_Req,missing_destination,37,Application-12-Service,EndDevice-12,Application-12-Service,46200
17664,Application-32,M_Req,missing_destination,57,Application-32-Service,EndDevice-32,Application-32-Service,46200
17666,Application-22,M_Req,missing_destination,47,Application-22-Service,EndDevice-22,Application-22-Service,46200
17670,Application-43,M_Req,missing_destination,68,Application-43-Service,EndDevice-43,Application-43-Service,46200
17696,Application-27,M_Req,missing_destination,52,Application-27-Service,EndDevice-27,Application-27-Service,46300
17697,Application-19,M_Req,missing_destination,44,Application-19-Service,EndDevice-19,Application-19-Service,46300
17708,Application-24,M_Req,missing_destination,49,Application-24-Service,EndDevice-24,Application-24-Service,46300
17710,Application-12,M_Req,missing_destination,37,Application-12-Service,EndDevice-12,Application-12-Service,46300
17712,Application-32,M_Req,missing_destination,57,Application-32-Service,EndDevice-32,Application-32-Service,46300
17714,Application-22,M_Req,missing_destination,47,Application-22-Service,EndDevice-22,Application-22-Service,46300
17718,Application-43,M_Req,missing_destination,68,Application-43-Service,EndDevice-43,Application-43-Service,46300
17720,Application-23,M_Req,missing_destination,48,Application-23-Service,EndDevice-23,Application-23-Service,46400
17721,Application-31,M_Req,missing_destination,56,Application-31-Service,EndDevice-31,Application-31-Service,46400
17732,Application-7,M_Req,missing_destination,32,Application-7-Service,EndDevice-7,Application-7-Service,46400
17733,Application-3,M_Req,missing_destination,28,Application-3-Service,EndDevice-3,Application-3-Service,46400
17736,Application-47,M_Req,missing_destination,72,Application-47-Service,EndDevice-47,Application-47-Service,46400
17738,Application-28,M_Req,missing_destination,53,Application-28-Service,EndDevice-28,Application-28-Service,46400
17739,Application-27,M_Req,missing_destination,52,Application-27-Service,EndDevice-27,Application-27-Service,46400
17740,Application-19,M_Req,missing_destination,44,Application-19-Service,EndDevice-19,Application-19-Service,46400
17742,Application-36,M_Req,missing_destination,61,Application-36-Service,EndDevice-36,Application-36-Service,46400
17743,Application-44,M_Req,missing_destination,69,Application-44-Service,EndDevice-44,Application-44-Service,46400
17748,Application-5,M_Req,missing_destination,30,Application-5-Service,EndDevice-5,Application-5-Service,46400
17749,Application-35,M_Req,missing_destination,60,Application-35-Service,EndDevice-35,Application-35-Service,46400
17750,Application-24,M_Req,missing_destination,49,Application-24-Service,EndDevice-24,Application-24-Service,46500
17752,Application-9,M_Req,missing_destination,34,Application-9-Service,EndDevice-9,Application-9-Service,46500
17768,Application-23,M_Req,missing_destination,48,Application-23-Service,EndDevice-23,Application-23-Service,46500
17769,Application-31,M_Req,missing_destination,56,Application-31-Service,EndDevice-31,Application-31-Service,46500
17780,Application-7,M_Req,missing_destination,32,Application-7-Service,EndDevice-7,Application-7-Service,46500
17781,Application-3,M_Req,missing_destination,28,Application-3-Service,EndDevice-3,Application-3-Service,46500
17784,Application-47,M_Req,missing_destination,72,Application-47-Service,EndDevice-47,Application-47-Service,46500
17786,Application-28,M_Req,missing_destination,53,Application-28-Service,EndDevice-28,Application-28-Service,46500
17787,Application-27,M_Req,missing_destination,52,Application-27-Service,EndDevice-27,Application-27-Service,46500
17788,Application-19,M_Req,missing_destination,44,Application-19-Service,EndDevice-19,Application-19-Service,46500
17790,Application-36,M_Req,missing_destination,61,Application-36-Service,EndDevice-36,Application-36-Service,46500
17791,Application-44,M_Req,missing_destination,69,Application-44-Service,EndDevice-44,Application-44-Service,46500
17796,Application-5,M_Req,missing_destination,30,Application-5-Service,EndDevice-5,Application-5-Service,46500
17797,Application-35,M_Req,missing_destination,60,Application-35-Service,EndDevice-35,Application-35-Service,46500
17799,Application-9,M_Req,missing_destination,34,Application-9-Service,EndDevice-9,Application-9-Service,46600
17813,Application-23,M_Req,missing_destination,48,Application-23-Service,EndDevice-23,Application-23-Service,46600
17814,Application-31,M_Req,missing_destination,56,Application-31-Service,EndDevice-31,Application-31-Service,46600
17822,Application-7,M_Req,missing_destination,32,Application-7-Service,EndDevice-7,Application-7-Service,46600
17845,Application-14,M_Req,missing_destination,39,Application-14-Service,EndDevice-14,Application-14-Service,46700
17847,Application-9,M_Req,missing_destination,34,Application-9-Service,EndDevice-9,Application-9-Service,46700
17851,Application-41,M_Req,missing_destination,66,Application-41-Service,EndDevice-41,Application-41-Service,46700
17855,Application-33,M_Req,missing_destination,58,Application-33-Service,EndDevice-33,Application-33-Service,46700
17861,Application-23,M_Req,missing_destination,48,Application-23-Service,EndDevice-23,Application-23-Service,46700
17862,Application-31,M_Req,missing_destination,56,Application-31-Service,EndDevice-31,Application-31-Service,46700
17868,Application-40,M_Req,missing_destination,65,Application-40-Service,EndDevice-40,Application-40-Service,46700
17869,Application-8,M_Req,missing_destination,33,Application-8-Service,EndDevice-8,Application-8-Service,46700
17870,Application-7,M_Req,missing_destination,32,Application-7-Service,EndDevice-7,Application-7-Service,46700
17889,Application-14,M_Req,missing_destination,39,Application-14-Service,EndDevice-14,Application-14-Service,46800
17891,Application-9,M_Req,missing_destination,34,Application-9-Service,EndDevice-9,Application-9-Service,46800
17894,Application-41,M_Req,missing_destination,66,Application-41-Service,EndDevice-41,Application-41-Service,46800
17898,Application-33,M_Req,missing_destination,58,Application-33-Service,EndDevice-33,Application-33-Service,46800
17937,Application-14,M_Req,missing_destination,39,Application-14-Service,EndDevice-14,Application-14-Service,46900
17939,Application-9,M_Req,missing_destination,34,Application-9-Service,EndDevice-9,Application-9-Service,46900
17957,Application-40,M_Req,missing_destination,65,Application-40-Service,EndDevice-40,Application-40-Service,47000
17958,Application-8,M_Req,missing_destination,33,Application-8-Service,EndDevice-8,Application-8-Service,47000
17960,Application-3,M_Req,missing_destination,28,Application-3-Service,EndDevice-3,Application-3-Service,47000
17963,Application-32,M_Req,missing_destination,57,Application-32-Service,EndDevice-32,Application-32-Service,47000
17978,Application-20,M_Req,missing_destination,45,Application-20-Service,EndDevice-20,Application-20-Service,47000
17980,Application-14,M_Req,missing_destination,39,Application-14-Service,EndDevice-14,Application-14-Service,47000
17982,Application-25,M_Req,missing_destination,50,Application-25-Service,EndDevice-25,Application-25-Service,47100
17985,Application-30,M_Req,missing_destination,55,Application-30-Service,EndDevice-30,Application-30-Service,47100
18005,Application-40,M_Req,missing_destination,65,Application-40-Service,EndDevice-40,Application-40-Service,47100
18006,Application-8,M_Req,missing_destination,33,Application-8-Service,EndDevice-8,Application-8-Service,47100
18008,Application-3,M_Req,missing_destination,28,Application-3-Service,EndDevice-3,Application-3-Service,47100
18011,Application-32,M_Req,missing_destination,57,Application-32-Service,EndDevice-32,Application-32-Service,47100
18026,Application-20,M_Req,missing_destination,45,Application-20-Service,EndDevice-20,Application-20-Service,47100
18028,Application-14,M_Req,missing_destination,39,Application-14-Service,EndDevice-14,Application-14-Service,47100
18032,Application-30,M_Req,missing_destination,55,Application-30-Service,EndDevice-30,Application-30-Service,47200
18048,Application-8,M_Req,missing_destination,33,Application-8-Service,EndDevice-8,Application-8-Service,47200
18050,Application-3,M_Req,missing_destination,28,Application-3-Service,EndDevice-3,Application-3-Service,47200
18052,Application-32,M_Req,missing_destination,57,Application-32-Service,EndDevice-32,Application-32-Service,47200
18066,Application-46,M_Req,missing_destination,71,Application-46-Service,EndDevice-46,Application-46-Service,47300
18067,Application-14,M_Req,missing_destination,39,Application-14-Service,EndDevice-14,Application-14-Service,47300
18073,Application-17,M_Req,missing_destination,42,Application-17-Service,EndDevice-17,Application-17-Service,47300
18080,Application-30,M_Req,missing_destination,55,Application-30-Service,EndDevice-30,Application-30-Service,47300
18081,Application-48,M_Req,missing_destination,73,Application-48-Service,EndDevice-48,Application-48-Service,47300
18085,Application-6,M_Req,missing_destination,31,Application-6-Service,EndDevice-6,Application-6-Service,47300
18096,Application-8,M_Req,missing_destination,33,Application-8-Service,EndDevice-8,Application-8-Service,47300
18098,Application-3,M_Req,missing_destination,28,Application-3-Service,EndDevice-3,Application-3-Service,47300
18100,Application-32,M_Req,missing_destination,57,Application-32-Service,EndDevice-32,Application-32-Service,47300
18112,Application-46,M_Req,missing_destination,71,Application-46-Service,EndDevice-46,Application-46-Service,47400
18113,Application-14,M_Req,missing_destination,39,Application-14-Service,EndDevice-14,Application-14-Service,47400
18118,Application-17,M_Req,missing_destination,42,Application-17-Service,EndDevice-17,Application-17-Service,47400
18125,Application-30,M_Req,missing_destination,55,Application-30-Service,EndDevice-30,Application-30-Service,47400
18126,Application-48,M_Req,missing_destination,73,Application-48-Service,EndDevice-48,Application-48-Service,47400
18130,Application-6,M_Req,missing_destination,31,Application-6-Service,EndDevice-6,Application-6-Service,47400
18183,Application-23,M_Req,missing_destination,48,Application-23-Service,EndDevice-23,Application-23-Service,47600
18184,Application-7,M_Req,missing_destination,32,Application-7-Service,EndDevice-7,Application-7-Service,47600
18190,Application-20,M_Req,missing_destination,45,Application-20-Service,EndDevice-20,Application-20-Service,47600
18191,Application-44,M_Req,missing_destination,69,Application-44-Service,EndDevice-44,Application-44-Service,47600
18194,Application-31,M_Req,missing_destination,56,Application-31-Service,EndDevice-31,Application-31-Service,47600
18195,Application-4,M_Req,missing_destination,29,Application-4-Service,EndDevice-4,Application-4-Service,47600
18200,Application-36,M_Req,missing_destination,61,Application-36-Service,EndDevice-36,Application-36-Service,47600
18205,Application-9,M_Req,missing_destination,34,Application-9-Service,EndDevice-9,Application-9-Service,47600
18218,Application-5,M_Req,missing_destination,30,Application-5-Service,EndDevice-5,Application-5-Service,47700
18219,Application-35,M_Req,missing_destination,60,Application-35-Service,EndDevice-35,Application-35-Service,47700
18220,Application-29,M_Req,missing_destination,54,Application-29-Service,EndDevice-29,Application-29-Service,47700
18231,Application-23,M_Req,missing_destination,48,Application-23-Service,EndDevice-23,Application-23-Service,47700
18232,Application-7,M_Req,missing_destination,32,Application-7-Service,EndDevice-7,Application-7-Service,47700
18238,Application-20,M_Req,missing_destination,45,Application-20-Service,EndDevice-20,Application-20-Service,47700
18239,Application-44,M_Req,missing_destination,69,Application-44-Service,EndDevice-44,Application-44-Service,47700
18242,Application-31,M_Req,missing_destination,56,Application-31-Service,EndDevice-31,Application-31-Service,47700
18243,Application-4,M_Req,missing_destination,29,Application-4-Service,EndDevice-4,Application-4-Service,47700
18248,Application-36,M_Req,missing_destination,61,Application-36-Service,EndDevice-36,Application-36-Service,47700
18253,Application-9,M_Req,missing_destination,34,Application-9-Service,EndDevice-9,Application-9-Service,47700
18264,Application-35,M_Req,missing_destination,60,Application-35-Service,EndDevice-35,Application-35-Service,47800
18265,Application-29,M_Req,missing_destination,54,Application-29-Service,EndDevice-29,Application-29-Service,47800
18274,Application-23,M_Req,missing_destination,48,Application-23-Service,EndDevice-23,Application-23-Service,47800
18275,Application-7,M_Req,missing_destination,32,Application-7-Service,EndDevice-7,Application-7-Service,47800
18279,Application-20,M_Req,missing_destination,45,Application-20-Service,EndDevice-20,Application-20-Service,47800
18280,Application-44,M_Req,missing_destination,69,Application-44-Service,EndDevice-44,Application-44-Service,47800
18282,Application-31,M_Req,missing_destination,56,Application-31-Service,EndDevice-31,Application-31-Service,47800
18283,Application-4,M_Req,missing_destination,29,Application-4-Service,EndDevice-4,Application-4-Service,47800
18290,Application-16,M_Req,missing_destination,41,Application-16-Service,EndDevice-16,Application-16-Service,47900
18293,Application-40,M_Req,missing_destination,65,Application-40-Service,EndDevice-40,Application-40-Service,47900
18297,Application-45,M_Req,missing_destination,70,Application-45-Service,EndDevice-45,Application-45-Service,47900
18302,Application-5,M_Req,missing_destination,30,Application-5-Service,EndDevice-5,Application-5-Service,47900
18305,Application-30,M_Req,missing_destination,55,Application-30-Service,EndDevice-30,Application-30-Service,47900
18312,Application-35,M_Req,missing_destination,60,Application-35-Service,EndDevice-35,Application-35-Service,47900
18313,Application-29,M_Req,missing_destination,54,Application-29-Service,EndDevice-29,Application-29-Service,47900
18322,Application-23,M_Req,missing_destination,48,Application-23-Service,EndDevice-23,Application-23-Service,47900
18323,Application-7,M_Req,missing_destination,32,Application-7-Service,EndDevice-7,Application-7-Service,47900
18327,Application-20,M_Req,missing_destination,45,Application-20-Service,EndDevice-20,Application-20-Service,47900
18328,Application-44,M_Req,missing_destination,69,Application-44-Service,EndDevice-44,Application-44-Service,47900
18330,Application-31,M_Req,missing_destination,56,Application-31-Service,EndDevice-31,Application-31-Service,47900
18331,Application-4,M_Req,missing_destination,29,Application-4-Service,EndDevice-4,Application-4-Service,47900
18336,Application-16,M_Req,missing_destination,41,Application-16-Service,EndDevice-16,Application-16-Service,48000
18339,Application-40,M_Req,missing_destination,65,Application-40-Service,EndDevice-40,Application-40-Service,48000
18346,Application-5,M_Req,missing_destination,30,Application-5-Service,EndDevice-5,Application-5-Service,48000
18349,Application-30,M_Req,missing_destination,55,Application-30-Service,EndDevice-30,Application-30-Service,48000
18356,Application-35,M_Req,missing_destination,60,Application-35-Service,EndDevice-35,Application-35-Service,48000
18357,Application-29,M_Req,missing_destination,54,Application-29-Service,EndDevice-29,Application-29-Service,48000
18404,Application-35,M_Req,missing_destination,60,Application-35-Service,EndDevice-35,Application-35-Service,48100
18405,Application-29,M_Req,missing_destination,54,Application-29-Service,EndDevice-29,Application-29-Service,48100
18412,Application-34,M_Req,missing_destination,59,Application-34-Service,EndDevice-34,Application-34-Service,48200
18422,Application-19,M_Req,missing_destination,44,Application-19-Service,EndDevice-19,Application-19-Service,48200
18424,Application-11,M_Req,missing_destination,36,Application-11-Service,EndDevice-11,Application-11-Service,48200
18425,Application-16,M_Req,missing_destination,41,Application-16-Service,EndDevice-16,Application-16-Service,48200
18427,Application-40,M_Req,missing_destination,65,Application-40-Service,EndDevice-40,Application-40-Service,48200
18430,Application-33,M_Req,missing_destination,58,Application-33-Service,EndDevice-33,Application-33-Service,48200
18432,Application-13,M_Req,missing_destination,38,Application-13-Service,EndDevice-13,Application-13-Service,48200
18436,Application-30,M_Req,missing_destination,55,Application-30-Service,EndDevice-30,Application-30-Service,48200
18441,Application-43,M_Req,missing_destination,68,Application-43-Service,EndDevice-43,Application-43-Service,48300
18460,Application-34,M_Req,missing_destination,59,Application-34-Service,EndDevice-34,Application-34-Service,48300
18470,Application-19,M_Req,missing_destination,44,Application-19-Service,EndDevice-19,Application-19-Service,48300
18472,Application-11,M_Req,missing_destination,36,Application-11-Service,EndDevice-11,Application-11-Service,48300
18473,Application-16,M_Req,missing_destination,41,Application-16-Service,EndDevice-16,Application-16-Service,48300
18475,Application-40,M_Req,missing_destination,65,Application-40-Service,EndDevice-40,Application-40-Service,48300
18478,Application-33,M_Req,missing_destination,58,Application-33-Service,EndDevice-33,Application-33-Service,48300
18480,Application-13,M_Req,missing_destination,38,Application-13-Service,EndDevice-13,Application-13-Service,48300
18484,Application-30,M_Req,missing_destination,55,Application-30-Service,EndDevice-30,Application-30-Service,48300
18513,Application-42,M_Req,missing_destination,67,Application-42-Service,EndDevice-42,Application-42-Service,48500
18517,Application-10,M_Req,missing_destination,35,Application-10-Service,EndDevice-10,Application-10-Service,48500
18530,Application-4,M_Req,missing_destination,29,Application-4-Service,EndDevice-4,Application-4-Service,48500
18533,Application-24,M_Req,missing_destination,49,Application-24-Service,EndDevice-24,Application-24-Service,48500
18539,Application-29,M_Req,missing_destination,54,Application-29-Service,EndDevice-29,Application-29-Service,48500
18543,Application-39,M_Req,missing_destination,64,Application-39-Service,EndDevice-39,Application-39-Service,48500
18545,Application-31,M_Req,missing_destination,56,Application-31-Service,EndDevice-31,Application-31-Service,48500
18546,Application-23,M_Req,missing_destination,48,Application-23-Service,EndDevice-23,Application-23-Service,48500
18547,Application-18,M_Req,missing_destination,43,Application-18-Service,EndDevice-18,Application-18-Service,48500
18549,Application-7,M_Req,missing_destination,32,Application-7-Service,EndDevice-7,Application-7-Service,48500
18550,Application-2,M_Req,missing_destination,27,Application-2-Service,EndDevice-2,Application-2-Service,48500
18555,Application-47,M_Req,missing_destination,72,Application-47-Service,EndDevice-47,Application-47-Service,48500
18559,Application-27,M_Req,missing_destination,52,Application-27-Service,EndDevice-27,Application-27-Service,48500
18561,Application-42,M_Req,missing_destination,67,Application-42-Service,EndDevice-42,Application-42-Service,48600
18578,Application-29,M_Req,missing_destination,54,Application-29-Service,EndDevice-29,Application-29-Service,48600
18582,Application-39,M_Req,missing_destination,64,Application-39-Service,EndDevice-39,Application-39-Service,48600
18584,Application-31,M_Req,missing_destination,56,Application-31-Service,EndDevice-31,Application-31-Service,48600
18585,Application-23,M_Req,missing_destination,48,Application-23-Service,EndDevice-23,Application-23-Service,48600
18586,Application-18,M_Req,missing_destination,43,Application-18-Service,EndDevice-18,Application-18-Service,48600
18588,Application-7,M_Req,missing_destination,32,Application-7-Service,EndDevice-7,Application-7-Service,48600
18589,Application-2,M_Req,missing_destination,27,Application-2-Service,EndDevice-2,Application-2-Service,48600
18643,Application-45,M_Req,missing_destination,70,Application-45-Service,EndDevice-45,Application-45-Service,48800
18647,Application-13,M_Req,missing_destination,38,Application-13-Service,EndDevice-13,Application-13-Service,48800
18649,Application-33,M_Req,missing_destination,58,Application-33-Service,EndDevice-33,Application-33-Service,48800
18654,Application-40,M_Req,missing_destination,65,Application-40-Service,EndDevice-40,Application-40-Service,48800
18657,Application-12,M_Req,missing_destination,37,Application-12-Service,EndDevice-12,Application-12-Service,48800
18662,Application-16,M_Req,missing_destination,41,Application-16-Service,EndDevice-16,Application-16-Service,48800
18663,Application-1,M_Req,missing_destination,26,Application-1-Service,EndDevice-1,Application-1-Service,48800
18665,Application-41,M_Req,missing_destination,66,Application-41-Service,EndDevice-41,Application-41-Service,48900
18669,Application-26,M_Req,missing_destination,51,Application-26-Service,EndDevice-26,Application-26-Service,48900
18671,Application-31,M_Req,missing_destination,56,Application-31-Service,EndDevice-31,Application-31-Service,48900
18674,Application-21,M_Req,missing_destination,46,Application-21-Service,EndDevice-21,Application-21-Service,48900
18691,Application-45,M_Req,missing_destination,70,Application-45-Service,EndDevice-45,Application-45-Service,48900
18695,Application-13,M_Req,missing_destination,38,Application-13-Service,EndDevice-13,Application-13-Service,48900
18697,Application-33,M_Req,missing_destination,58,Application-33-Service,EndDevice-33,Application-33-Service,48900
18702,Application-40,M_Req,missing_destination,65,Application-40-Service,EndDevice-40,Application-40-Service,48900
18705,Application-12,M_Req,missing_destination,37,Application-12-Service,EndDevice-12,Application-12-Service,48900
18710,Application-16,M_Req,missing_destination,41,Application-16-Service,EndDevice-16,Application-16-Service,48900
18711,Application-1,M_Req,missing_destination,26,Application-1-Service,EndDevice-1,Application-1-Service,48900
18717,Application-31,M_Req,missing_destination,56,Application-31-Service,EndDevice-31,Application-31-Service,49000
18719,Application-21,M_Req,missing_destination,46,Application-21-Service,EndDevice-21,Application-21-Service,49000
18739,Application-33,M_Req,missing_destination,58,Application-33-Service,EndDevice-33,Application-33-Service,49000
18749,Application-17,M_Req,missing_destination,42,Application-17-Service,EndDevice-17,Application-17-Service,49100
18752,Application-1,M_Req,missing_destination,26,Application-1-Service,EndDevice-1,Application-1-Service,49100
18753,Application-41,M_Req,missing_destination,66,Application-41-Service,EndDevice-41,Application-41-Service,49100
18756,Application-12,M_Req,missing_destination,37,Application-12-Service,EndDevice-12,Application-12-Service,49100
18760,Application-22,M_Req,missing_destination,47,Application-22-Service,EndDevice-22,Application-22-Service,49100
18765,Application-31,M_Req,missing_destination,56,Application-31-Service,EndDevice-31,Application-31-Service,49100
18766,Application-23,M_Req,missing_destination,48,Application-23-Service,EndDevice-23,Application-23-Service,49100
18767,Application-21,M_Req,missing_destination,46,Application-21-Service,EndDevice-21,Application-21-Service,49100
18769,Application-2,M_Req,missing_destination,27,Application-2-Service,EndDevice-2,Application-2-Service,49100
18771,Application-25,M_Req,missing_destination,50,Application-25-Service,EndDevice-25,Application-25-Service,49100
18772,Application-9,M_Req,missing_destination,34,Application-9-Service,EndDevice-9,Application-9-Service,49100
18773,Application-42,M_Req,missing_destination,67,Application-42-Service,EndDevice-42,Application-42-Service,49100
18778,Application-34,M_Req,missing_destination,59,Application-34-Service,EndDevice-34,Application-34-Service,49100
18783,Application-27,M_Req,missing_destination,52,Application-27-Service,EndDevice-27,Application-27-Service,49100
18784,Application-3,M_Req,missing_destination,28,Application-3-Service,EndDevice-3,Application-3-Service,49100
18787,Application-33,M_Req,missing_destination,58,Application-33-Service,EndDevice-33,Application-33-Service,49100
18789,Application-10,M_Req,missing_destination,35,Application-10-Service,EndDevice-10,Application-10-Service,49100
18790,Application-35,M_Req,missing_destination,60,Application-35-Service,EndDevice-35,Application-35-Service,49100
18801,Application-12,M_Req,missing_destination,37,Application-12-Service,EndDevice-12,Application-12-Service,49200
18807,Application-23,M_Req,missing_destination,48,Application-23-Service,EndDevice-23,Application-23-Service,49200
18808,Application-21,M_Req,missing_destination,46,Application-21-Service,EndDevice-21,Application-21-Service,49200
18810,Application-2,M_Req,missing_destination,27,Application-2-Service,EndDevice-2,Application-2-Service,49200
18812,Application-25,M_Req,missing_destination,50,Application-25-Service,EndDevice-25,Application-25-Service,49200
18813,Application-9,M_Req,missing_destination,34,Application-9-Service,EndDevice-9,Application-9-Service,49200
18814,Application-42,M_Req,missing_destination,67,Application-42-Service,EndDevice-42,Application-42-Service,49200
18858,Application-2,M_Req,missing_destination,27,Application-2-Service,EndDevice-2,Application-2-Service,49300
18860,Application-25,M_Req,missing_destination,50,Application-25-Service,EndDevice-25,Application-25-Service,49300
18861,Application-9,M_Req,missing_destination,34,Application-9-Service,EndDevice-9,Application-9-Service,49300
18867,Application-34,M_Req,missing_destination,59,Application-34-Service,EndDevice-34,Application-34-Service,49400
18868,Application-20,M_Req,missing_destination,45,Application-20-Service,EndDevice-20,Application-20-Service,49400
18875,Application-10,M_Req,missing_destination,35,Application-10-Service,EndDevice-10,Application-10-Service,49400
18879,Application-44,M_Req,missing_destination,69,Application-44-Service,EndDevice-44,Application-44-Service,49400
18883,Application-18,M_Req,missing_destination,43,Application-18-Service,EndDevice-18,Application-18-Service,49400
18889,Application-24,M_Req,missing_destination,49,Application-24-Service,EndDevice-24,Application-24-Service,49400
18895,Application-26,M_Req,missing_destination,51,Application-26-Service,EndDevice-26,Application-26-Service,49500
18900,Application-14,M_Req,missing_destination,39,Application-14-Service,EndDevice-14,Application-14-Service,49500
18904,Application-4,M_Req,missing_destination,29,Application-4-Service,EndDevice-4,Application-4-Service,49500
18915,Application-34,M_Req,missing_destination,59,Application-34-Service,EndDevice-34,Application-34-Service,49500
18916,Application-20,M_Req,missing_destination,45,Application-20-Service,EndDevice-20,Application-20-Service,49500
18923,Application-10,M_Req,missing_destination,35,Application-10-Service,EndDevice-10,Application-10-Service,49500
18927,Application-44,M_Req,missing_destination,69,Application-44-Service,EndDevice-44,Application-44-Service,49500
18931,Application-18,M_Req,missing_destination,43,Application-18-Service,EndDevice-18,Application-18-Service,49500
18937,Application-24,M_Req,missing_destination,49,Application-24-Service,EndDevice-24,Application-24-Service,49500
18943,Application-26,M_Req,missing_destination,51,Application-26-Service,EndDevice-26,Application-26-Service,49600
18961,Application-20,M_Req,missing_destination,45,Application-20-Service,EndDevice-20,Application-20-Service,49600
18970,Application-44,M_Req,missing_destination,69,Application-44-Service,EndDevice-44,Application-44-Service,49600
18975,Application-5,M_Req,missing_destination,30,Application-5-Service,EndDevice-5,Application-5-Service,49700
18977,Application-37,M_Req,missing_destination,62,Application-37-Service,EndDevice-37,Application-37-Service,49700
18991,Application-26,M_Req,missing_destination,51,Application-26-Service,EndDevice-26,Application-26-Service,49700
18997,Application-25,M_Req,missing_destination,50,Application-25-Service,EndDevice-25,Application-25-Service,49700
19005,Application-12,M_Req,missing_destination,37,Application-12-Service,EndDevice-12,Application-12-Service,49700
19006,Application-36,M_Req,missing_destination,61,Application-36-Service,EndDevice-36,Application-36-Service,49700
19009,Application-20,M_Req,missing_destination,45,Application-20-Service,EndDevice-20,Application-20-Service,49700
19011,Application-27,M_Req,missing_destination,52,Application-27-Service,EndDevice-27,Application-27-Service,49700
19012,Application-3,M_Req,missing_destination,28,Application-3-Service,EndDevice-3,Application-3-Service,49700
19015,Application-35,M_Req,missing_destination,60,Application-35-Service,EndDevice-35,Application-35-Service,49700
19018,Application-44,M_Req,missing_destination,69,Application-44-Service,EndDevice-44,Application-44-Service,49700
19023,Application-5,M_Req,missing_destination,30,Application-5-Service,EndDevice-5,Application-5-Service,49800
19025,Application-37,M_Req,missing_destination,62,Application-37-Service,EndDevice-37,Application-37-Service,49800
19046,Application-12,M_Req,missing_destination,37,Application-12-Service,EndDevice-12,Application-12-Service,49800
19047,Application-36,M_Req,missing_destination,61,Application-36-Service,EndDevice-36,Application-36-Service,49800
19131,Application-7,M_Req,missing_destination,32,Application-7-Service,EndDevice-7,Application-7-Service,50100
19132,Application-46,M_Req,missing_destination,71,Application-46-Service,EndDevice-46,Application-46-Service,50100
19177,Application-7,M_Req,missing_destination,32,Application-7-Service,EndDevice-7,Application-7-Service,50200
19178,Application-46,M_Req,missing_destination,71,Application-46-Service,EndDevice-46,Application-46-Service,50200
19206,Application-24,M_Req,missing_destination,49,Application-24-Service,EndDevice-24,Application-24-Service,50300
19209,Application-45,M_Req,missing_destination,70,Application-45-Service,EndDevice-45,Application-45-Service,50300
19214,Application-10,M_Req,missing_destination,35,Application-10-Service,EndDevice-10,Application-10-Service,50300
19219,Application-40,M_Req,missing_destination,65,Application-40-Service,EndDevice-40,Application-40-Service,50300
19225,Application-7,M_Req,missing_destination,32,Application-7-Service,EndDevice-7,Application-7-Service,50300
19226,Application-46,M_Req,missing_destination,71,Application-46-Service,EndDevice-46,Application-46-Service,50300
19231,Application-5,M_Req,missing_destination,30,Application-5-Service,EndDevice-5,Application-5-Service,50300
19234,Application-13,M_Req,missing_destination,38,Application-13-Service,EndDevice-13,Application-13-Service,50300
19235,Application-32,M_Req,missing_destination,57,Application-32-Service,EndDevice-32,Application-32-Service,50300
19239,Application-8,M_Req,missing_destination,33,Application-8-Service,EndDevice-8,Application-8-Service,50300
19250,Application-21,M_Req,missing_destination,46,Application-21-Service,EndDevice-21,Application-21-Service,50300
19254,Application-24,M_Req,missing_destination,49,Application-24-Service,EndDevice-24,Application-24-Service,50400
19257,Application-45,M_Req,missing_destination,70,Application-45-Service,EndDevice-45,Application-45-Service,50400
19261,Application-10,M_Req,missing_destination,35,Application-10-Service,EndDevice-10,Application-10-Service,50400
19264,Application-40,M_Req,missing_destination,65,Application-40-Service,EndDevice-40,Application-40-Service,50400
19270,Application-7,M_Req,missing_destination,32,Application-7-Service,EndDevice-7,Application-7-Service,50400
19271,Application-46,M_Req,missing_destination,71,Application-46-Service,EndDevice-46,Application-46-Service,50400
19276,Application-5,M_Req,missing_destination,30,Application-5-Service,EndDevice-5,Application-5-Service,50400
19305,Application-45,M_Req,missing_destination,70,Application-45-Service,EndDevice-45,Application-45-Service,50500
19318,Application-7,M_Req,missing_destination,32,Application-7-Service,EndDevice-7,Application-7-Service,50500
19324,Application-5,M_Req,missing_destination,30,Application-5-Service,EndDevice-5,Application-5-Service,50500
19334,Application-20,M_Req,missing_destination,45,Application-20-Service,EndDevice-20,Application-20-Service,50600
19336,Application-4,M_Req,missing_destination,29,Application-4-Service,EndDevice-4,Application-4-Service,50600
19351,Application-16,M_Req,missing_destination,41,Application-16-Service,EndDevice-16,Application-16-Service,50600
19359,Application-46,M_Req,missing_destination,71,Application-46-Service,EndDevice-46,Application-46-Service,50700
19363,Application-5,M_Req,missing_destination,30,Application-5-Service,EndDevice-5,Application-5-Service,50700
19364,Application-36,M_Req,missing_destination,61,Application-36-Service,EndDevice-36,Application-36-Service,50700
19382,Application-20,M_Req,missing_destination,45,Application-20-Service,EndDevice-20,Application-20-Service,50700
19384,Application-4,M_Req,missing_destination,29,Application-4-Service,EndDevice-4,Application-4-Service,50700
19399,Application-16,M_Req,missing_destination,41,Application-16-Service,EndDevice-16,Application-16-Service,50700
19410,Application-5,M_Req,missing_destination,30,Application-5-Service,EndDevice-5,Application-5-Service,50800
19441,Application-10,M_Req,missing_destination,35,Application-10-Service,EndDevice-10,Application-10-Service,50900
19442,Application-2,M_Req,missing_destination,27,Application-2-Service,EndDevice-2,Application-2-Service,50900
19450,Application-12,M_Req,missing_destination,37,Application-12-Service,EndDevice-12,Application-12-Service,50900
19452,Application-29,M_Req,missing_destination,54,Application-29-Service,EndDevice-29,Application-29-Service,50900
19453,Application-39,M_Req,missing_destination,64,Application-39-Service,EndDevice-39,Application-39-Service,50900
19458,Application-5,M_Req,missing_destination,30,Application-5-Service,EndDevice-5,Application-5-Service,50900
19461,Application-7,M_Req,missing_destination,32,Application-7-Service,EndDevice-7,Application-7-Service,50900
19463,Application-23,M_Req,missing_destination,48,Application-23-Service,EndDevice-23,Application-23-Service,50900
19470,Application-17,M_Req,missing_destination,42,Application-17-Service,EndDevice-17,Application-17-Service,50900
19471,Application-31,M_Req,missing_destination,56,Application-31-Service,EndDevice-31,Application-31-Service,50900
19477,Application-47,M_Req,missing_destination,72,Application-47-Service,EndDevice-47,Application-47-Service,50900
19483,Application-25,M_Req,missing_destination,50,Application-25-Service,EndDevice-25,Application-25-Service,50900
19489,Application-10,M_Req,missing_destination,35,Application-10-Service,EndDevice-10,Application-10-Service,51000
19490,Application-2,M_Req,missing_destination,27,Application-2-Service,EndDevice-2,Application-2-Service,51000
19498,Application-12,M_Req,missing_destination,37,Application-12-Service,EndDevice-12,Application-12-Service,51000
19500,Application-29,M_Req,missing_destination,54,Application-29-Service,EndDevice-29,Application-29-Service,51000
19501,Application-39,M_Req,missing_destination,64,Application-39-Service,EndDevice-39,Application-39-Service,51000
19505,Application-5,M_Req,missing_destination,30,Application-5-Service,EndDevice-5,Application-5-Service,51000
19508,Application-7,M_Req,missing_destination,32,Application-7-Service,EndDevice-7,Application-7-Service,51000
19537,Application-10,M_Req,missing_destination,35,Application-10-Service,EndDevice-10,Application-10-Service,51100
19538,Application-2,M_Req,missing_destination,27,Application-2-Service,EndDevice-2,Application-2-Service,51100
19546,Application-12,M_Req,missing_destination,37,Application-12-Service,EndDevice-12,Application-12-Service,51100
19548,Application-29,M_Req,missing_destination,54,Application-29-Service,EndDevice-29,Application-29-Service,51100
19549,Application-39,M_Req,missing_destination,64,Application-39-Service,EndDevice-39,Application-39-Service,51100
19556,Application-7,M_Req,missing_destination,32,Application-7-Service,EndDevice-7,Application-7-Service,51100
19562,Application-18,M_Req,missing_destination,43,Application-18-Service,EndDevice-18,Application-18-Service,51200
19565,Application-26,M_Req,missing_destination,51,Application-26-Service,EndDevice-26,Application-26-Service,51200
19567,Application-34,M_Req,missing_destination,59,Application-34-Service,EndDevice-34,Application-34-Service,51200
19579,Application-19,M_Req,missing_destination,44,Application-19-Service,EndDevice-19,Application-19-Service,51200
19582,Application-33,M_Req,missing_destination,58,Application-33-Service,EndDevice-33,Application-33-Service,51200
19585,Application-12,M_Req,missing_destination,37,Application-12-Service,EndDevice-12,Application-12-Service,51200
19586,Application-43,M_Req,missing_destination,68,Application-43-Service,EndDevice-43,Application-43-Service,51200
19592,Application-5,M_Req,missing_destination,30,Application-5-Service,EndDevice-5,Application-5-Service,51300
19610,Application-18,M_Req,missing_destination,43,Application-18-Service,EndDevice-18,Application-18-Service,51300
19613,Application-26,M_Req,missing_destination,51,Application-26-Service,EndDevice-26,Application-26-Service,51300
19615,Application-34,M_Req,missing_destination,59,Application-34-Service,EndDevice-34,Application-34-Service,51300
19627,Application-19,M_Req,missing_destination,44,Application-19-Service,EndDevice-19,Application-19-Service,51300
19630,Application-33,M_Req,missing_destination,58,Application-33-Service,EndDevice-33,Application-33-Service,51300
19633,Application-12,M_Req,missing_destination,37,Application-12-Service,EndDevice-12,Application-12-Service,51300
19634,Application-43,M_Req,missing_destination,68,Application-43-Service,EndDevice-43,Application-43-Service,51300
19653,Application-18,M_Req,missing_destination,43,Application-18-Service,EndDevice-18,Application-18-Service,51400
19657,Application-34,M_Req,missing_destination,59,Application-34-Service,EndDevice-34,Application-34-Service,51400
19667,Application-1,M_Req,missing_destination,26,Application-1-Service,EndDevice-1,Application-1-Service,51500
19668,Application-41,M_Req,missing_destination,66,Application-41-Service,EndDevice-41,Application-41-Service,51500
19669,Application-33,M_Req,missing_destination,58,Application-33-Service,EndDevice-33,Application-33-Service,51500
19670,Application-6,M_Req,missing_destination,31,Application-6-Service,EndDevice-6,Application-6-Service,51500
19676,Application-7,M_Req,missing_destination,32,Application-7-Service,EndDevice-7,Application-7-Service,51500
19686,Application-11,M_Req,missing_destination,36,Application-11-Service,EndDevice-11,Application-11-Service,51500
19689,Application-21,M_Req,missing_destination,46,Application-21-Service,EndDevice-21,Application-21-Service,51500
19699,Application-22,M_Req,missing_destination,47,Application-22-Service,EndDevice-22,Application-22-Service,51500
19701,Application-18,M_Req,missing_destination,43,Application-18-Service,EndDevice-18,Application-18-Service,51500
19705,Application-34,M_Req,missing_destination,59,Application-34-Service,EndDevice-34,Application-34-Service,51500
19707,Application-17,M_Req,missing_destination,42,Application-17-Service,EndDevice-17,Application-17-Service,51500
19708,Application-25,M_Req,missing_destination,50,Application-25-Service,EndDevice-25,Application-25-Service,51500
19711,Application-14,M_Req,missing_destination,39,Application-14-Service,EndDevice-14,Application-14-Service,51500
19715,Application-1,M_Req,missing_destination,26,Application-1-Service,EndDevice-1,Application-1-Service,51600
19716,Application-41,M_Req,missing_destination,66,Application-41-Service,EndDevice-41,Application-41-Service,51600
19717,Application-6,M_Req,missing_destination,31,Application-6-Service,EndDevice-6,Application-6-Service,51600
19722,Application-7,M_Req,missing_destination,32,Application-7-Service,EndDevice-7,Application-7-Service,51600
19730,Application-11,M_Req,missing_destination,36,Application-11-Service,EndDevice-11,Application-11-Service,51600
19732,Application-21,M_Req,missing_destination,46,Application-21-Service,EndDevice-21,Application-21-Service,51600
19765,Application-6,M_Req,missing_destination,31,Application-6-Service,EndDevice-6,Application-6-Service,51700
19770,Application-7,M_Req,missing_destination,32,Application-7-Service,EndDevice-7,Application-7-Service,51700
19787,Application-8,M_Req,missing_destination,33,Application-8-Service,EndDevice-8,Application-8-Service,51800
19790,Application-3,M_Req,missing_destination,28,Application-3-Service,EndDevice-3,Application-3-Service,51800
19793,Application-48,M_Req,missing_destination,73,Application-48-Service,EndDevice-48,Application-48-Service,51800
19800,Application-40,M_Req,missing_destination,65,Application-40-Service,EndDevice-40,Application-40-Service,51800
19802,Application-19,M_Req,missing_destination,44,Application-19-Service,EndDevice-19,Application-19-Service,51800
19806,Application-43,M_Req,missing_destination,68,Application-43-Service,EndDevice-43,Application-43-Service,51800
19808,Application-6,M_Req,missing_destination,31,Application-6-Service,EndDevice-6,Application-6-Service,51800
19812,Application-7,M_Req,missing_destination,32,Application-7-Service,EndDevice-7,Application-7-Service,51800
19814,Application-30,M_Req,missing_destination,55,Application-30-Service,EndDevice-30,Application-30-Service,51800
19823,Application-10,M_Req,missing_destination,35,Application-10-Service,EndDevice-10,Application-10-Service,51900
19835,Application-8,M_Req,missing_destination,33,Application-8-Service,EndDevice-8,Application-8-Service,51900
19838,Application-3,M_Req,missing_destination,28,Application-3-Service,EndDevice-3,Application-3-Service,51900
19841,Application-48,M_Req,missing_destination,73,Application-48-Service,EndDevice-48,Application-48-Service,51900
19848,Application-40,M_Req,missing_destination,65,Application-40-Service,EndDevice-40,Application-40-Service,51900
19850,Application-19,M_Req,missing_destination,44,Application-19-Service,EndDevice-19,Application-19-Service,51900
19854,Application-43,M_Req,missing_destination,68,Application-43-Service,EndDevice-43,Application-43-Service,51900
19856,Application-6,M_Req,missing_destination,31,Application-6-Service,EndDevice-6,Application-6-Service,51900
19860,Application-7,M_Req,missing_destination,32,Application-7-Service,EndDevice-7,Application-7-Service,51900
19862,Application-30,M_Req,missing_destination,55,Application-30-Service,EndDevice-30,Application-30-Service,51900
19868,Application-10,M_Req,missing_destination,35,Application-10-Service,EndDevice-10,Application-10-Service,52000
19877,Application-8,M_Req,missing_destination,33,Application-8-Service,EndDevice-8,Application-8-Service,52000
19889,Application-40,M_Req,missing_destination,65,Application-40-Service,EndDevice-40,Application-40-Service,52000
19899,Application-7,M_Req,missing_destination,32,Application-7-Service,EndDevice-7,Application-7-Service,52100
19906,Application-39,M_Req,missing_destination,64,Application-39-Service,EndDevice-39,Application-39-Service,52100
19908,Application-29,M_Req,missing_destination,54,Application-29-Service,EndDevice-29,Application-29-Service,52100
19916,Application-10,M_Req,missing_destination,35,Application-10-Service,EndDevice-10,Application-10-Service,52100
19922,Application-15,M_Req,missing_destination,40,Application-15-Service,EndDevice-15,Application-15-Service,52100
19925,Application-8,M_Req,missing_destination,33,Application-8-Service,EndDevice-8,Application-8-Service,52100
19928,Application-3,M_Req,missing_destination,28,Application-3-Service,EndDevice-3,Application-3-Service,52100
19932,Application-47,M_Req,missing_destination,72,Application-47-Service,EndDevice-47,Application-47-Service,52100
19935,Application-23,M_Req,missing_destination,48,Application-23-Service,EndDevice-23,Application-23-Service,52100
19937,Application-40,M_Req,missing_destination,65,Application-40-Service,EndDevice-40,Application-40-Service,52100
19939,Application-19,M_Req,missing_destination,44,Application-19-Service,EndDevice-19,Application-19-Service,52100
19941,Application-31,M_Req,missing_destination,56,Application-31-Service,EndDevice-31,Application-31-Service,52100
19942,Application-43,M_Req,missing_destination,68,Application-43-Service,EndDevice-43,Application-43-Service,52100
19946,Application-7,M_Req,missing_destination,32,Application-7-Service,EndDevice-7,Application-7-Service,52200
19953,Application-39,M_Req,missing_destination,64,Application-39-Service,EndDevice-39,Application-39-Service,52200
19954,Application-29,M_Req,missing_destination,54,Application-29-Service,EndDevice-29,Application-29-Service,52200
19965,Application-15,M_Req,missing_destination,40,Application-15-Service,EndDevice-15,Application-15-Service,52200
19994,Application-7,M_Req,missing_destination,32,Application-7-Service,EndDevice-7,Application-7-Service,52300
20001,Application-39,M_Req,missing_destination,64,Application-39-Service,EndDevice-39,Application-39-Service,52300
20002,Application-29,M_Req,missing_destination,54,Application-29-Service,EndDevice-29,Application-29-Service,52300
20013,Application-15,M_Req,missing_destination,40,Application-15-Service,EndDevice-15,Application-15-Service,52300
20020,Application-47,M_Req,missing_destination,72,Application-47-Service,EndDevice-47,Application-47-Service,52400
20021,Application-14,M_Req,missing_destination,39,Application-14-Service,EndDevice-14,Application-14-Service,52400
20025,Application-31,M_Req,missing_destination,56,Application-31-Service,EndDevice-31,Application-31-Service,52400
20030,Application-6,M_Req,missing_destination,31,Application-6-Service,EndDevice-6,Application-6-Service,52400
20037,Application-7,M_Req,missing_destination,32,Application-7-Service,EndDevice-7,Application-7-Service,52400
20039,Application-30,M_Req,missing_destination,55,Application-30-Service,EndDevice-30,Application-30-Service,52400
20041,Application-48,M_Req,missing_destination,73,Application-48-Service,EndDevice-48,Application-48-Service,52400
20044,Application-39,M_Req,missing_destination,64,Application-39-Service,EndDevice-39,Application-39-Service,52400
20045,Application-29,M_Req,missing_destination,54,Application-29-Service,EndDevice-29,Application-29-Service,52400
20051,Application-38,M_Req,missing_destination,63,Application-38-Service,EndDevice-38,Application-38-Service,52500
20068,Application-47,M_Req,missing_destination,72,Application-47-Service,EndDevice-47,Application-47-Service,52500
20069,Application-14,M_Req,missing_destination,39,Application-14-Service,EndDevice-14,Application-14-Service,52500
20073,Application-31,M_Req,missing_destination,56,Application-31-Service,EndDevice-31,Application-31-Service,52500
20078,Application-6,M_Req,missing_destination,31,Application-6-Service,EndDevice-6,Application-6-Service,52500
20085,Application-7,M_Req,missing_destination,32,Application-7-Service,EndDevice-7,Application-7-Service,52500
20087,Application-30,M_Req,missing_destination,55,Application-30-Service,EndDevice-30,Application-30-Service,52500
20089,Application-48,M_Req,missing_destination,73,Application-48-Service,EndDevice-48,Application-48-Service,52500
20092,Application-39,M_Req,missing_destination,64,Application-39-Service,EndDevice-39,Application-39-Service,52500
20093,Application-29,M_Req,missing_destination,54,Application-29-Service,EndDevice-29,Application-29-Service,52500
20099,Application-38,M_Req,missing_destination,63,Application-38-Service,EndDevice-38,Application-38-Service,52600
20115,Application-14,M_Req,missing_destination,39,Application-14-Service,EndDevice-14,Application-14-Service,52600
20122,Application-6,M_Req,missing_destination,31,Application-6-Service,EndDevice-6,Application-6-Service,52600
20127,Application-28,M_Req,missing_destination,53,Application-28-Service,EndDevice-28,Application-28-Service,52700
20129,Application-12,M_Req,missing_destination,37,Application-12-Service,EndDevice-12,Application-12-Service,52700
20147,Application-38,M_Req,missing_destination,63,Application-38-Service,EndDevice-38,Application-38-Service,52700
20152,Application-36,M_Req,missing_destination,61,Application-36-Service,EndDevice-36,Application-36-Service,52700
20153,Application-4,M_Req,missing_destination,29,Application-4-Service,EndDevice-4,Application-4-Service,52700
20158,Application-18,M_Req,missing_destination,43,Application-18-Service,EndDevice-18,Application-18-Service,52700
20161,Application-34,M_Req,missing_destination,59,Application-34-Service,EndDevice-34,Application-34-Service,52700
20162,Application-47,M_Req,missing_destination,72,Application-47-Service,EndDevice-47,Application-47-Service,52700
20163,Application-14,M_Req,missing_destination,39,Application-14-Service,EndDevice-14,Application-14-Service,52700
20170,Application-6,M_Req,missing_destination,31,Application-6-Service,EndDevice-6,Application-6-Service,52700
20173,Application-10,M_Req,missing_destination,35,Application-10-Service,EndDevice-10,Application-10-Service,52700
20175,Application-28,M_Req,missing_destination,53,Application-28-Service,EndDevice-28,Application-28-Service,52800
20177,Application-12,M_Req,missing_destination,37,Application-12-Service,EndDevice-12,Application-12-Service,52800
20192,Application-38,M_Req,missing_destination,63,Application-38-Service,EndDevice-38,Application-38-Service,52800
20196,Application-36,M_Req,missing_destination,61,Application-36-Service,EndDevice-36,Application-36-Service,52800
20197,Application-4,M_Req,missing_destination,29,Application-4-Service,EndDevice-4,Application-4-Service,52800
20250,Application-3,M_Req,missing_destination,28,Application-3-Service,EndDevice-3,Application-3-Service,53000
20253,Application-19,M_Req,missing_destination,44,Application-19-Service,EndDevice-19,Application-19-Service,53000
20254,Application-43,M_Req,missing_destination,68,Application-43-Service,EndDevice-43,Application-43-Service,53000
20258,Application-25,M_Req,missing_destination,50,Application-25-Service,EndDevice-25,Application-25-Service,53000
20261,Application-9,M_Req,missing_destination,34,Application-9-Service,EndDevice-9,Application-9-Service,53000
20272,Application-33,M_Req,missing_destination,58,Application-33-Service,EndDevice-33,Application-33-Service,53000
20273,Application-1,M_Req,missing_destination,26,Application-1-Service,EndDevice-1,Application-1-Service,53000
20277,Application-11,M_Req,missing_destination,36,Application-11-Service,EndDevice-11,Application-11-Service,53000
20286,Application-23,M_Req,missing_destination,48,Application-23-Service,EndDevice-23,Application-23-Service,53100
20287,Application-21,M_Req,missing_destination,46,Application-21-Service,EndDevice-21,Application-21-Service,53100
20298,Application-3,M_Req,missing_destination,28,Application-3-Service,EndDevice-3,Application-3-Service,53100
20301,Application-19,M_Req,missing_destination,44,Application-19-Service,EndDevice-19,Application-19-Service,53100
20302,Application-43,M_Req,missing_destination,68,Application-43-Service,EndDevice-43,Application-43-Service,53100
20306,Application-25,M_Req,missing_destination,50,Application-25-Service,EndDevice-25,Application-25-Service,53100
20309,Application-9,M_Req,missing_destination,34,Application-9-Service,EndDevice-9,Application-9-Service,53100
20320,Application-33,M_Req,missing_destination,58,Application-33-Service,EndDevice-33,Application-33-Service,53100
20321,Application-1,M_Req,missing_destination,26,Application-1-Service,EndDevice-1,Application-1-Service,53100
20325,Application-11,M_Req,missing_destination,36,Application-11-Service,EndDevice-11,Application-11-Service,53100
20332,Application-23,M_Req,missing_destination,48,Application-23-Service,EndDevice-23,Application-23-Service,53200
20342,Application-3,M_Req,missing_destination,28,Application-3-Service,EndDevice-3,Application-3-Service,53200
20345,Application-19,M_Req,missing_destination,44,Application-19-Service,EndDevice-19,Application-19-Service,53200
20346,Application-43,M_Req,missing_destination,68,Application-43-Service,EndDevice-43,Application-43-Service,53200
20356,Application-28,M_Req,missing_destination,53,Application-28-Service,EndDevice-28,Application-28-Service,53300
20357,Application-12,M_Req,missing_destination,37,Application-12-Service,EndDevice-12,Application-12-Service,53300
20373,Application-15,M_Req,missing_destination,40,Application-15-Service,EndDevice-15,Application-15-Service,53300
20375,Application-16,M_Req,missing_destination,41,Application-16-Service,EndDevice-16,Application-16-Service,53300
20376,Application-38,M_Req,missing_destination,63,Application-38-Service,EndDevice-38,Application-38-Service,53300
20378,Application-36,M_Req,missing_destination,61,Application-36-Service,EndDevice-36,Application-36-Service,53300
20380,Application-23,M_Req,missing_destination,48,Application-23-Service,EndDevice-23,Application-23-Service,53300
20383,Application-30,M_Req,missing_destination,55,Application-30-Service,EndDevice-30,Application-30-Service,53300
20384,Application-22,M_Req,missing_destination,47,Application-22-Service,EndDevice-22,Application-22-Service,53300
20387,Application-6,M_Req,missing_destination,31,Application-6-Service,EndDevice-6,Application-6-Service,53300
20388,Application-20,M_Req,missing_destination,45,Application-20-Service,EndDevice-20,Application-20-Service,53300
20390,Application-3,M_Req,missing_destination,28,Application-3-Service,EndDevice-3,Application-3-Service,53300
20391,Application-47,M_Req,missing_destination,72,Application-47-Service,EndDevice-47,Application-47-Service,53300
20393,Application-19,M_Req,missing_destination,44,Application-19-Service,EndDevice-19,Application-19-Service,53300
20394,Application-43,M_Req,missing_destination,68,Application-43-Service,EndDevice-43,Application-43-Service,53300
20395,Application-13,M_Req,missing_destination,38,Application-13-Service,EndDevice-13,Application-13-Service,53300
20399,Application-29,M_Req,missing_destination,54,Application-29-Service,EndDevice-29,Application-29-Service,53300
20401,Application-5,M_Req,missing_destination,30,Application-5-Service,EndDevice-5,Application-5-Service,53300
20403,Application-31,M_Req,missing_destination,56,Application-31-Service,EndDevice-31,Application-31-Service,53300
20404,Application-28,M_Req,missing_destination,53,Application-28-Service,EndDevice-28,Application-28-Service,53400
20405,Application-12,M_Req,missing_destination,37,Application-12-Service,EndDevice-12,Application-12-Service,53400
20417,Application-15,M_Req,missing_destination,40,Application-15-Service,EndDevice-15,Application-15-Service,53400
20419,Application-16,M_Req,missing_destination,41,Application-16-Service,EndDevice-16,Application-16-Service,53400
20420,Application-38,M_Req,missing_destination,63,Application-38-Service,EndDevice-38,Application-38-Service,53400
20422,Application-36,M_Req,missing_destination,61,Application-36-Service,EndDevice-36,Application-36-Service,53400
20424,Application-23,M_Req,missing_destination,48,Application-23-Service,EndDevice-23,Application-23-Service,53400
20427,Application-30,M_Req,missing_destination,55,Application-30-Service,EndDevice-30,Application-30-Service,53400
20429,Application-6,M_Req,missing_destination,31,Application-6-Service,EndDevice-6,Application-6-Service,53400
20452,Application-28,M_Req,missing_destination,53,Application-28-Service,EndDevice-28,Application-28-Service,53500
20453,Application-12,M_Req,missing_destination,37,Application-12-Service,EndDevice-12,Application-12-Service,53500
20465,Application-15,M_Req,missing_destination,40,Application-15-Service,EndDevice-15,Application-15-Service,53500
20467,Application-16,M_Req,missing_destination,41,Application-16-Service,EndDevice-16,Application-16-Service,53500
20470,Application-36,M_Req,missing_destination,61,Application-36-Service,EndDevice-36,Application-36-Service,53500
20479,Application-44,M_Req,missing_destination,69,Application-44-Service,EndDevice-44,Application-44-Service,53600
20492,Application-20,M_Req,missing_destination,45,Application-20-Service,EndDevice-20,Application-20-Service,53600
20494,Application-28,M_Req,missing_destination,53,Application-28-Service,EndDevice-28,Application-28-Service,53600
20495,Application-12,M_Req,missing_destination,37,Application-12-Service,EndDevice-12,Application-12-Service,53600
20500,Application-11,M_Req,missing_destination,36,Application-11-Service,EndDevice-11,Application-11-Service,53600
20501,Application-14,M_Req,missing_destination,39,Application-14-Service,EndDevice-14,Application-14-Service,53600
20506,Application-15,M_Req,missing_destination,40,Application-15-Service,EndDevice-15,Application-15-Service,53600
20507,Application-35,M_Req,missing_destination,60,Application-35-Service,EndDevice-35,Application-35-Service,53700
20512,Application-23,M_Req,missing_destination,48,Application-23-Service,EndDevice-23,Application-23-Service,53700
20527,Application-44,M_Req,missing_destination,69,Application-44-Service,EndDevice-44,Application-44-Service,53700
20540,Application-20,M_Req,missing_destination,45,Application-20-Service,EndDevice-20,Application-20-Service,53700
20542,Application-28,M_Req,missing_destination,53,Application-28-Service,EndDevice-28,Application-28-Service,53700
20543,Application-12,M_Req,missing_destination,37,Application-12-Service,EndDevice-12,Application-12-Service,53700
20548,Application-11,M_Req,missing_destination,36,Application-11-Service,EndDevice-11,Application-11-Service,53700
20549,Application-14,M_Req,missing_destination,39,Application-14-Service,EndDevice-14,Application-14-Service,53700
20554,Application-15,M_Req,missing_destination,40,Application-15-Service,EndDevice-15,Application-15-Service,53700
20555,Application-35,M_Req,missing_destination,60,Application-35-Service,EndDevice-35,Application-35-Service,53800
20588,Application-11,M_Req,missing_destination,36,Application-11-Service,EndDevice-11,Application-11-Service,53900
20590,Application-32,M_Req,missing_destination,57,Application-32-Service,EndDevice-32,Application-32-Service,53900
20592,Application-40,M_Req,missing_destination,65,Application-40-Service,EndDevice-40,Application-40-Service,53900
20596,Application-14,M_Req,missing_destination,39,Application-14-Service,EndDevice-14,Application-14-Service,53900
20597,Application-34,M_Req,missing_destination,59,Application-34-Service,EndDevice-34,Application-34-Service,53900
20598,Application-20,M_Req,missing_destination,45,Application-20-Service,EndDevice-20,Application-20-Service,53900
20600,Application-30,M_Req,missing_destination,55,Application-30-Service,EndDevice-30,Application-30-Service,53900
20601,Application-44,M_Req,missing_destination,69,Application-44-Service,EndDevice-44,Application-44-Service,53900
20603,Application-35,M_Req,missing_destination,60,Application-35-Service,EndDevice-35,Application-35-Service,53900
20607,Application-4,M_Req,missing_destination,29,Application-4-Service,EndDevice-4,Application-4-Service,53900
20614,Application-24,M_Req,missing_destination,49,Application-24-Service,EndDevice-24,Application-24-Service,53900
20618,Application-43,M_Req,missing_destination,68,Application-43-Service,EndDevice-43,Application-43-Service,53900
20621,Application-19,M_Req,missing_destination,44,Application-19-Service,EndDevice-19,Application-19-Service,53900
20631,Application-3,M_Req,missing_destination,28,Application-3-Service,EndDevice-3,Application-3-Service,53900
20634,Application-11,M_Req,missing_destination,36,Application-11-Service,EndDevice-11,Application-11-Service,54000
20636,Application-32,M_Req,missing_destination,57,Application-32-Service,EndDevice-32,Application-32-Service,54000
20637,Application-40,M_Req,missing_destination,65,Application-40-Service,EndDevice-40,Application-40-Service,54000
20641,Application-14,M_Req,missing_destination,39,Application-14-Service,EndDevice-14,Application-14-Service,54000
20642,Application-34,M_Req,missing_destination,59,Application-34-Service,EndDevice-34,Application-34-Service,54000
20644,Application-30,M_Req,missing_destination,55,Application-30-Service,EndDevice-30,Application-30-Service,54000
20645,Application-44,M_Req,missing_destination,69,Application-44-Service,EndDevice-44,Application-44-Service,54000
20646,Application-35,M_Req,missing_destination,60,Application-35-Service,EndDevice-35,Application-35-Service,54000
20649,Application-4,M_Req,missing_destination,29,Application-4-Service,EndDevice-4,Application-4-Service,54000
20656,Application-24,M_Req,missing_destination,49,Application-24-Service,EndDevice-24,Application-24-Service,54000
20659,Application-43,M_Req,missing_destination,68,Application-43-Service,EndDevice-43,Application-43-Service,54000
20682,Application-11,M_Req,missing_destination,36,Application-11-Service,EndDevice-11,Application-11-Service,54100
20689,Application-14,M_Req,missing_destination,39,Application-14-Service,EndDevice-14,Application-14-Service,54100
20690,Application-34,M_Req,missing_destination,59,Application-34-Service,EndDevice-34,Application-34-Service,54100
20693,Application-44,M_Req,missing_destination,69,Application-44-Service,EndDevice-44,Application-44-Service,54100
20697,Application-4,M_Req,missing_destination,29,Application-4-Service,EndDevice-4,Application-4-Service,54100
20707,Application-43,M_Req,missing_destination,68,Application-43-Service,EndDevice-43,Application-43-Service,54100
20723,Application-20,M_Req,missing_destination,45,Application-20-Service,EndDevice-20,Application-20-Service,54200
20724,Application-28,M_Req,missing_destination,53,Application-28-Service,EndDevice-28,Application-28-Service,54200
20725,Application-12,M_Req,missing_destination,37,Application-12-Service,EndDevice-12,Application-12-Service,54200
20726,Application-11,M_Req,missing_destination,36,Application-11-Service,EndDevice-11,Application-11-Service,54200
20732,Application-14,M_Req,missing_destination,39,Application-14-Service,EndDevice-14,Application-14-Service,54200
20733,Application-34,M_Req,missing_destination,59,Application-34-Service,EndDevice-34,Application-34-Service,54200
20736,Application-44,M_Req,missing_destination,69,Application-44-Service,EndDevice-44,Application-44-Service,54200
20738,Application-16,M_Req,missing_destination,41,Application-16-Service,EndDevice-16,Application-16-Service,54300
20740,Application-4,M_Req,missing_destination,29,Application-4-Service,EndDevice-4,Application-4-Service,54300
20743,Application-6,M_Req,missing_destination,31,Application-6-Service,EndDevice-6,Application-6-Service,54300
20744,Application-24,M_Req,missing_destination,49,Application-24-Service,EndDevice-24,Application-24-Service,54300
20745,Application-36,M_Req,missing_destination,61,Application-36-Service,EndDevice-36,Application-36-Service,54300
20771,Application-20,M_Req,missing_destination,45,Application-20-Service,EndDevice-20,Application-20-Service,54300
20772,Application-28,M_Req,missing_destination,53,Application-28-Service,EndDevice-28,Application-28-Service,54300
20773,Application-12,M_Req,missing_destination,37,Application-12-Service,EndDevice-12,Application-12-Service,54300
20774,Application-11,M_Req,missing_destination,36,Application-11-Service,EndDevice-11,Application-11-Service,54300
20780,Application-14,M_Req,missing_destination,39,Application-14-Service,EndDevice-14,Application-14-Service,54300
20781,Application-34,M_Req,missing_destination,59,Application-34-Service,EndDevice-34,Application-34-Service,54300
20784,Application-44,M_Req,missing_destination,69,Application-44-Service,EndDevice-44,Application-44-Service,54300
20786,Application-16,M_Req,missing_destination,41,Application-16-Service,EndDevice-16,Application-16-Service,54400
20790,Application-6,M_Req,missing_destination,31,Application-6-Service,EndDevice-6,Application-6-Service,54400
20792,Application-36,M_Req,missing_destination,61,Application-36-Service,EndDevice-36,Application-36-Service,54400
20811,Application-20,M_Req,missing_destination,45,Application-20-Service,EndDevice-20,Application-20-Service,54400
20815,Application-40,M_Req,missing_destination,65,Application-40-Service,EndDevice-40,Application-40-Service,54500
20817,Application-8,M_Req,missing_destination,33,Application-8-Service,EndDevice-8,Application-8-Service,54500
20834,Application-16,M_Req,missing_destination,41,Application-16-Service,EndDevice-16,Application-16-Service,54500
20835,Application-4,M_Req,missing_destination,29,Application-4-Service,EndDevice-4,Application-4-Service,54500
20838,Application-6,M_Req,missing_destination,31,Application-6-Service,EndDevice-6,Application-6-Service,54500
20839,Application-24,M_Req,missing_destination,49,Application-24-Service,EndDevice-24,Application-24-Service,54500
20840,Application-36,M_Req,missing_destination,61,Application-36-Service,EndDevice-36,Application-36-Service,54500
20845,Application-48,M_Req,missing_destination,73,Application-48-Service,EndDevice-48,Application-48-Service,54500
20859,Application-20,M_Req,missing_destination,45,Application-20-Service,EndDevice-20,Application-20-Service,54500
20862,Application-40,M_Req,missing_destination,65,Application-40-Service,EndDevice-40,Application-40-Service,54600
20864,Application-8,M_Req,missing_destination,33,Application-8-Service,EndDevice-8,Application-8-Service,54600
20877,Application-16,M_Req,missing_destination,41,Application-16-Service,EndDevice-16,Application-16-Service,54600
20878,Application-4,M_Req,missing_destination,29,Application-4-Service,EndDevice-4,Application-4-Service,54600
20881,Application-6,M_Req,missing_destination,31,Application-6-Service,EndDevice-6,Application-6-Service,54600
20882,Application-24,M_Req,missing_destination,49,Application-24-Service,EndDevice-24,Application-24-Service,54600
20883,Application-36,M_Req,missing_destination,61,Application-36-Service,EndDevice-36,Application-36-Service,54600
20886,Application-48,M_Req,missing_destination,73,Application-48-Service,EndDevice-48,Application-48-Service,54600
20910,Application-40,M_Req,missing_destination,65,Application-40-Service,EndDevice-40,Application-40-Service,54700
20912,Application-8,M_Req,missing_destination,33,Application-8-Service,EndDevice-8,Application-8-Service,54700
20926,Application-4,M_Req,missing_destination,29,Application-4-Service,EndDevice-4,Application-4-Service,54700
20930,Application-24,M_Req,missing_destination,49,Application-24-Service,EndDevice-24,Application-24-Service,54700
20934,Application-48,M_Req,missing_destination,73,Application-48-Service,EndDevice-48,Application-48-Service,54700
20939,Application-46,M_Req,missing_destination,71,Application-46-Service,EndDevice-46,Application-46-Service,54800
20944,Application-20,M_Req,missing_destination,45,Application-20-Service,EndDevice-20,Application-20-Service,54800
20948,Application-38,M_Req,missing_destination,63,Application-38-Service,EndDevice-38,Application-38-Service,54800
20952,Application-12,M_Req,missing_destination,37,Application-12-Service,EndDevice-12,Application-12-Service,54800
20956,Application-8,M_Req,missing_destination,33,Application-8-Service,EndDevice-8,Application-8-Service,54800
20966,Application-16,M_Req,missing_destination,41,Application-16-Service,EndDevice-16,Application-16-Service,54900
20969,Application-6,M_Req,missing_destination,31,Application-6-Service,EndDevice-6,Application-6-Service,54900
20971,Application-36,M_Req,missing_destination,61,Application-36-Service,EndDevice-36,Application-36-Service,54900
20972,Application-18,M_Req,missing_destination,43,Application-18-Service,EndDevice-18,Application-18-Service,54900
20973,Application-48,M_Req,missing_destination,73,Application-48-Service,EndDevice-48,Application-48-Service,54900
20987,Application-46,M_Req,missing_destination,71,Application-46-Service,EndDevice-46,Application-46-Service,54900
20992,Application-20,M_Req,missing_destination,45,Application-20-Service,EndDevice-20,Application-20-Service,54900
20996,Application-38,M_Req,missing_destination,63,Application-38-Service,EndDevice-38,Application-38-Service,54900
21000,Application-12,M_Req,missing_destination,37,Application-12-Service,EndDevice-12,Application-12-Service,54900
21004,Application-8,M_Req,missing_destination,33,Application-8-Service,EndDevice-8,Application-8-Service,54900
21019,Application-18,M_Req,missing_destination,43,Application-18-Service,EndDevice-18,Application-18-Service,55000
21020,Application-48,M_Req,missing_destination,73,Application-48-Service,EndDevice-48,Application-48-Service,55000
21034,Application-46,M_Req,missing_destination,71,Application-46-Service,EndDevice-46,Application-46-Service,55000
21040,Application-38,M_Req,missing_destination,63,Application-38-Service,EndDevice-38,Application-38-Service,55000
21057,Application-47,M_Req,missing_destination,72,Application-47-Service,EndDevice-47,Application-47-Service,55100
21062,Application-16,M_Req,missing_destination,41,Application-16-Service,EndDevice-16,Application-16-Service,55100
21064,Application-6,M_Req,missing_destination,31,Application-6-Service,EndDevice-6,Application-6-Service,55100
21066,Application-36,M_Req,missing_destination,61,Application-36-Service,EndDevice-36,Application-36-Service,55100
21067,Application-18,M_Req,missing_destination,43,Application-18-Service,EndDevice-18,Application-18-Service,55100
21068,Application-48,M_Req,missing_destination,73,Application-48-Service,EndDevice-48,Application-48-Service,55100
21074,Application-30,M_Req,missing_destination,55,Application-30-Service,EndDevice-30,Application-30-Service,55100
21082,Application-46,M_Req,missing_destination,71,Application-46-Service,EndDevice-46,Application-46-Service,55100
21083,Application-13,M_Req,missing_destination,38,Application-13-Service,EndDevice-13,Application-13-Service,55100
21084,Application-29,M_Req,missing_destination,54,Application-29-Service,EndDevice-29,Application-29-Service,55100
21085,Application-20,M_Req,missing_destination,45,Application-20-Service,EndDevice-20,Application-20-Service,55100
21087,Application-5,M_Req,missing_destination,30,Application-5-Service,EndDevice-5,Application-5-Service,55100
21088,Application-38,M_Req,missing_destination,63,Application-38-Service,EndDevice-38,Application-38-Service,55100
21090,Application-12,M_Req,missing_destination,37,Application-12-Service,EndDevice-12,Application-12-Service,55100
21103,Application-47,M_Req,missing_destination,72,Application-47-Service,EndDevice-47,Application-47-Service,55200
21108,Application-16,M_Req,missing_destination,41,Application-16-Service,EndDevice-16,Application-16-Service,55200
21111,Application-18,M_Req,missing_destination,43,Application-18-Service,EndDevice-18,Application-18-Service,55200
21115,Application-30,M_Req,missing_destination,55,Application-30-Service,EndDevice-30,Application-30-Service,55200
21163,Application-30,M_Req,missing_destination,55,Application-30-Service,EndDevice-30,Application-30-Service,55300
21175,Application-12,M_Req,missing_destination,37,Application-12-Service,EndDevice-12,Application-12-Service,55400
21178,Application-7,M_Req,missing_destination,32,Application-7-Service,EndDevice-7,Application-7-Service,55400
21185,Application-15,M_Req,missing_destination,40,Application-15-Service,EndDevice-15,Application-15-Service,55400
21187,Application-27,M_Req,missing_destination,52,Application-27-Service,EndDevice-27,Application-27-Service,55400
21190,Application-3,M_Req,missing_destination,28,Application-3-Service,EndDevice-3,Application-3-Service,55400
21193,Application-19,M_Req,missing_destination,44,Application-19-Service,EndDevice-19,Application-19-Service,55400
21195,Application-39,M_Req,missing_destination,64,Application-39-Service,EndDevice-39,Application-39-Service,55400
21196,Application-4,M_Req,missing_destination,29,Application-4-Service,EndDevice-4,Application-4-Service,55400
21199,Application-24,M_Req,missing_destination,49,Application-24-Service,EndDevice-24,Application-24-Service,55500
21204,Application-44,M_Req,missing_destination,69,Application-44-Service,EndDevice-44,Application-44-Service,55500
21223,Application-12,M_Req,missing_destination,37,Application-12-Service,EndDevice-12,Application-12-Service,55500
21226,Application-7,M_Req,missing_destination,32,Application-7-Service,EndDevice-7,Application-7-Service,55500
21233,Application-15,M_Req,missing_destination,40,Application-15-Service,EndDevice-15,Application-15-Service,55500
21235,Application-27,M_Req,missing_destination,52,Application-27-Service,EndDevice-27,Application-27-Service,55500
21238,Application-3,M_Req,missing_destination,28,Application-3-Service,EndDevice-3,Application-3-Service,55500
21241,Application-19,M_Req,missing_destination,44,Application-19-Service,EndDevice-19,Application-19-Service,55500
21243,Application-39,M_Req,missing_destination,64,Application-39-Service,EndDevice-39,Application-39-Service,55500
21244,Application-4,M_Req,missing_destination,29,Application-4-Service,EndDevice-4,Application-4-Service,55500
21268,Application-7,M_Req,missing_destination,32,Application-7-Service,EndDevice-7,Application-7-Service,55600
21275,Application-34,M_Req,missing_destination,59,Application-34-Service,EndDevice-34,Application-34-Service,55700
21276,Application-33,M_Req,missing_destination,58,Application-33-Service,EndDevice-33,Application-33-Service,55700
21277,Application-42,M_Req,missing_destination,67,Application-42-Service,EndDevice-42,Application-42-Service,55700
21279,Application-1,M_Req,missing_destination,26,Application-1-Service,EndDevice-1,Application-1-Service,55700
21284,Application-25,M_Req,missing_destination,50,Application-25-Service,EndDevice-25,Application-25-Service,55700
21286,Application-2,M_Req,missing_destination,27,Application-2-Service,EndDevice-2,Application-2-Service,55700
21288,Application-32,M_Req,missing_destination,57,Application-32-Service,EndDevice-32,Application-32-Service,55700
21290,Application-41,M_Req,missing_destination,66,Application-41-Service,EndDevice-41,Application-41-Service,55700
21293,Application-21,M_Req,missing_destination,46,Application-21-Service,EndDevice-21,Application-21-Service,55700
21297,Application-22,M_Req,missing_destination,47,Application-22-Service,EndDevice-22,Application-22-Service,55700
21298,Application-31,M_Req,missing_destination,56,Application-31-Service,EndDevice-31,Application-31-Service,55700
21302,Application-9,M_Req,missing_destination,34,Application-9-Service,EndDevice-9,Application-9-Service,55700
21307,Application-26,M_Req,missing_destination,51,Application-26-Service,EndDevice-26,Application-26-Service,55700
21310,Application-10,M_Req,missing_destination,35,Application-10-Service,EndDevice-10,Application-10-Service,55700
21316,Application-7,M_Req,missing_destination,32,Application-7-Service,EndDevice-7,Application-7-Service,55700
21323,Application-34,M_Req,missing_destination,59,Application-34-Service,EndDevice-34,Application-34-Service,55800
21324,Application-33,M_Req,missing_destination,58,Application-33-Service,EndDevice-33,Application-33-Service,55800
21325,Application-42,M_Req,missing_destination,67,Application-42-Service,EndDevice-42,Application-42-Service,55800
21327,Application-1,M_Req,missing_destination,26,Application-1-Service,EndDevice-1,Application-1-Service,55800
21332,Application-25,M_Req,missing_destination,50,Application-25-Service,EndDevice-25,Application-25-Service,55800
21334,Application-2,M_Req,missing_destination,27,Application-2-Service,EndDevice-2,Application-2-Service,55800
21335,Application-32,M_Req,missing_destination,57,Application-32-Service,EndDevice-32,Application-32-Service,55800
21337,Application-41,M_Req,missing_destination,66,Application-41-Service,EndDevice-41,Application-41-Service,55800
21339,Application-21,M_Req,missing_destination,46,Application-21-Service,EndDevice-21,Application-21-Service,55800
21342,Application-31,M_Req,missing_destination,56,Application-31-Service,EndDevice-31,Application-31-Service,55800
21402,Application-48,M_Req,missing_destination,73,Application-48-Service,EndDevice-48,Application-48-Service,56000
21410,Application-40,M_Req,missing_destination,65,Application-40-Service,EndDevice-40,Application-40-Service,56000
21414,Application-34,M_Req,missing_destination,59,Application-34-Service,EndDevice-34,Application-34-Service,56000
21415,Application-42,M_Req,missing_destination,67,Application-42-Service,EndDevice-42,Application-42-Service,56000
21424,Application-2,M_Req,missing_destination,27,Application-2-Service,EndDevice-2,Application-2-Service,56000
21425,Application-32,M_Req,missing_destination,57,Application-32-Service,EndDevice-32,Application-32-Service,56000
21434,Application-30,M_Req,missing_destination,55,Application-30-Service,EndDevice-30,Application-30-Service,56100
21450,Application-48,M_Req,missing_destination,73,Application-48-Service,EndDevice-48,Application-48-Service,56100
21458,Application-40,M_Req,missing_destination,65,Application-40-Service,EndDevice-40,Application-40-Service,56100
21462,Application-34,M_Req,missing_destination,59,Application-34-Service,EndDevice-34,Application-34-Service,56100
21463,Application-42,M_Req,missing_destination,67,Application-42-Service,EndDevice-42,Application-42-Service,56100
21472,Application-2,M_Req,missing_destination,27,Application-2-Service,EndDevice-2,Application-2-Service,56100
21473,Application-32,M_Req,missing_destination,57,Application-32-Service,EndDevice-32,Application-32-Service,56100
21501,Application-28,M_Req,missing_destination,53,Application-28-Service,EndDevice-28,Application-28-Service,56300
21505,Application-3,M_Req,missing_destination,28,Application-3-Service,EndDevice-3,Application-3-Service,56300
21507,Application-19,M_Req,missing_destination,44,Application-19-Service,EndDevice-19,Application-19-Service,56300
21511,Application-27,M_Req,missing_destination,52,Application-27-Service,EndDevice-27,Application-27-Service,56300
21516,Application-36,M_Req,missing_destination,61,Application-36-Service,EndDevice-36,Application-36-Service,56300
21523,Application-35,M_Req,missing_destination,60,Application-35-Service,EndDevice-35,Application-35-Service,56300
21525,Application-16,M_Req,missing_destination,41,Application-16-Service,EndDevice-16,Application-16-Service,56300
21536,Application-20,M_Req,missing_destination,45,Application-20-Service,EndDevice-20,Application-20-Service,56300
21541,Application-12,M_Req,missing_destination,37,Application-12-Service,EndDevice-12,Application-12-Service,56300
21543,Application-43,M_Req,missing_destination,68,Application-43-Service,EndDevice-43,Application-43-Service,56300
21549,Application-28,M_Req,missing_destination,53,Application-28-Service,EndDevice-28,Application-28-Service,56400
21552,Application-3,M_Req,missing_destination,28,Application-3-Service,EndDevice-3,Application-3-Service,56400
21557,Application-27,M_Req,missing_destination,52,Application-27-Service,EndDevice-27,Application-27-Service,56400
21561,Application-36,M_Req,missing_destination,61,Application-36-Service,EndDevice-36,Application-36-Service,56400
21568,Application-35,M_Req,missing_destination,60,Application-35-Service,EndDevice-35,Application-35-Service,56400
21569,Application-16,M_Req,missing_destination,41,Application-16-Service,EndDevice-16,Application-16-Service,56400
21579,Application-20,M_Req,missing_destination,45,Application-20-Service,EndDevice-20,Application-20-Service,56400
21600,Application-3,M_Req,missing_destination,28,Application-3-Service,EndDevice-3,Application-3-Service,56500
21605,Application-27,M_Req,missing_destination,52,Application-27-Service,EndDevice-27,Application-27-Service,56500
21616,Application-35,M_Req,missing_destination,60,Application-35-Service,EndDevice-35,Application-35-Service,56500
21631,Application-43,M_Req,missing_destination,68,Application-43-Service,EndDevice-43,Application-43-Service,56600
21637,Application-19,M_Req,missing_destination,44,Application-19-Service,EndDevice-19,Application-19-Service,56600
21641,Application-15,M_Req,missing_destination,40,Application-15-Service,EndDevice-15,Application-15-Service,56600
21643,Application-3,M_Req,missing_destination,28,Application-3-Service,EndDevice-3,Application-3-Service,56600
21644,Application-1,M_Req,missing_destination,26,Application-1-Service,EndDevice-1,Application-1-Service,56600
21645,Application-47,M_Req,missing_destination,72,Application-47-Service,EndDevice-47,Application-47-Service,56600
21646,Application-39,M_Req,missing_destination,64,Application-39-Service,EndDevice-39,Application-39-Service,56600
21647,Application-25,M_Req,missing_destination,50,Application-25-Service,EndDevice-25,Application-25-Service,56600
21648,Application-27,M_Req,missing_destination,52,Application-27-Service,EndDevice-27,Application-27-Service,56600
21654,Application-9,M_Req,missing_destination,34,Application-9-Service,EndDevice-9,Application-9-Service,56600
21662,Application-23,M_Req,missing_destination,48,Application-23-Service,EndDevice-23,Application-23-Service,56700
21679,Application-43,M_Req,missing_destination,68,Application-43-Service,EndDevice-43,Application-43-Service,56700
21685,Application-19,M_Req,missing_destination,44,Application-19-Service,EndDevice-19,Application-19-Service,56700
21689,Application-15,M_Req,missing_destination,40,Application-15-Service,EndDevice-15,Application-15-Service,56700
21691,Application-3,M_Req,missing_destination,28,Application-3-Service,EndDevice-3,Application-3-Service,56700
21692,Application-1,M_Req,missing_destination,26,Application-1-Service,EndDevice-1,Application-1-Service,56700
21693,Application-47,M_Req,missing_destination,72,Application-47-Service,EndDevice-47,Application-47-Service,56700
21694,Application-39,M_Req,missing_destination,64,Application-39-Service,EndDevice-39,Application-39-Service,56700
21695,Application-25,M_Req,missing_destination,50,Application-25-Service,EndDevice-25,Application-25-Service,56700
21696,Application-27,M_Req,missing_destination,52,Application-27-Service,EndDevice-27,Application-27-Service,56700
21702,Application-9,M_Req,missing_destination,34,Application-9-Service,EndDevice-9,Application-9-Service,56700
21730,Application-15,M_Req,missing_destination,40,Application-15-Service,EndDevice-15,Application-15-Service,56900
21732,Application-47,M_Req,missing_destination,72,Application-47-Service,EndDevice-47,Application-47-Service,56900
21733,Application-39,M_Req,missing_destination,64,Application-39-Service,EndDevice-39,Application-39-Service,56900
21740,Application-7,M_Req,missing_destination,32,Application-7-Service,EndDevice-7,Application-7-Service,56900
21752,Application-13,M_Req,missing_destination,38,Application-13-Service,EndDevice-13,Application-13-Service,56900
21757,Application-23,M_Req,missing_destination,48,Application-23-Service,EndDevice-23,Application-23-Service,56900
21772,Application-43,M_Req,missing_destination,68,Application-43-Service,EndDevice-43,Application-43-Service,56900
21775,Application-46,M_Req,missing_destination,71,Application-46-Service,EndDevice-46,Application-46-Service,56900
21776,Application-19,M_Req,missing_destination,44,Application-19-Service,EndDevice-19,Application-19-Service,56900
21777,Application-38,M_Req,missing_destination,63,Application-38-Service,EndDevice-38,Application-38-Service,56900
21779,Application-47,M_Req,missing_destination,72,Application-47-Service,EndDevice-47,Application-47-Service,57000
21780,Application-39,M_Req,missing_destination,64,Application-39-Service,EndDevice-39,Application-39-Service,57000
21787,Application-7,M_Req,missing_destination,32,Application-7-Service,EndDevice-7,Application-7-Service,57000
21796,Application-13,M_Req,missing_destination,38,Application-13-Service,EndDevice-13,Application-13-Service,57000
21800,Application-23,M_Req,missing_destination,48,Application-23-Service,EndDevice-23,Application-23-Service,57000
21844,Application-13,M_Req,missing_destination,38,Application-13-Service,EndDevice-13,Application-13-Service,57100
21848,Application-23,M_Req,missing_destination,48,Application-23-Service,EndDevice-23,Application-23-Service,57100
21861,Application-12,M_Req,missing_destination,37,Application-12-Service,EndDevice-12,Application-12-Service,57200
21876,Application-25,M_Req,missing_destination,50,Application-25-Service,EndDevice-25,Application-25-Service,57200
21880,Application-36,M_Req,missing_destination,61,Application-36-Service,EndDevice-36,Application-36-Service,57200
21881,Application-4,M_Req,missing_destination,29,Application-4-Service,EndDevice-4,Application-4-Service,57200
21882,Application-9,M_Req,missing_destination,34,Application-9-Service,EndDevice-9,Application-9-Service,57200
21886,Application-13,M_Req,missing_destination,38,Application-13-Service,EndDevice-13,Application-13-Service,57200
21887,Application-44,M_Req,missing_destination,69,Application-44-Service,EndDevice-44,Application-44-Service,57300
21888,Application-11,M_Req,missing_destination,36,Application-11-Service,EndDevice-11,Application-11-Service,57300
21895,Application-41,M_Req,missing_destination,66,Application-41-Service,EndDevice-41,Application-41-Service,57300
21909,Application-12,M_Req,missing_destination,37,Application-12-Service,EndDevice-12,Application-12-Service,57300
21924,Application-25,M_Req,missing_destination,50,Application-25-Service,EndDevice-25,Application-25-Service,57300
21928,Application-36,M_Req,missing_destination,61,Application-36-Service,EndDevice-36,Application-36-Service,57300
21929,Application-4,M_Req,missing_destination,29,Application-4-Service,EndDevice-4,Application-4-Service,57300
21930,Application-9,M_Req,missing_destination,34,Application-9-Service,EndDevice-9,Application-9-Service,57300
21934,Application-13,M_Req,missing_destination,38,Application-13-Service,EndDevice-13,Application-13-Service,57300
21964,Application-47,M_Req,missing_destination,72,Application-47-Service,EndDevice-47,Application-47-Service,57500
21965,Application-39,M_Req,missing_destination,64,Application-39-Service,EndDevice-39,Application-39-Service,57500
21980,Application-19,M_Req,missing_destination,44,Application-19-Service,EndDevice-19,Application-19-Service,57500
21982,Application-31,M_Req,missing_destination,56,Application-31-Service,EndDevice-31,Application-31-Service,57500
21984,Application-11,M_Req,missing_destination,36,Application-11-Service,EndDevice-11,Application-11-Service,57500
21990,Application-41,M_Req,missing_destination,66,Application-41-Service,EndDevice-41,Application-41-Service,57500
21997,Application-7,M_Req,missing_destination,32,Application-7-Service,EndDevice-7,Application-7-Service,57500
22012,Application-39,M_Req,missing_destination,64,Application-39-Service,EndDevice-39,Application-39-Service,57600
22026,Application-31,M_Req,missing_destination,56,Application-31-Service,EndDevice-31,Application-31-Service,57600
22032,Application-41,M_Req,missing_destination,66,Application-41-Service,EndDevice-41,Application-41-Service,57600
22039,Application-7,M_Req,missing_destination,32,Application-7-Service,EndDevice-7,Application-7-Service,57600
22060,Application-39,M_Req,missing_destination,64,Application-39-Service,EndDevice-39,Application-39-Service,57700
22087,Application-7,M_Req,missing_destination,32,Application-7-Service,EndDevice-7,Application-7-Service,57700
22099,Application-16,M_Req,missing_destination,41,Application-16-Service,EndDevice-16,Application-16-Service,57800
22100,Application-40,M_Req,missing_destination,65,Application-40-Service,EndDevice-40,Application-40-Service,57800
22103,Application-39,M_Req,missing_destination,64,Application-39-Service,EndDevice-39,Application-39-Service,57800
22107,Application-24,M_Req,missing_destination,49,Application-24-Service,EndDevice-24,Application-24-Service,57800
22116,Application-45,M_Req,missing_destination,70,Application-45-Service,EndDevice-45,Application-45-Service,57900
22117,Application-20,M_Req,missing_destination,45,Application-20-Service,EndDevice-20,Application-20-Service,57900
22121,Application-10,M_Req,missing_destination,35,Application-10-Service,EndDevice-10,Application-10-Service,57900
22147,Application-16,M_Req,missing_destination,41,Application-16-Service,EndDevice-16,Application-16-Service,57900
22148,Application-40,M_Req,missing_destination,65,Application-40-Service,EndDevice-40,Application-40-Service,57900
22151,Application-39,M_Req,missing_destination,64,Application-39-Service,EndDevice-39,Application-39-Service,57900
22155,Application-24,M_Req,missing_destination,49,Application-24-Service,EndDevice-24,Application-24-Service,57900
22164,Application-45,M_Req,missing_destination,70,Application-45-Service,EndDevice-45,Application-45-Service,58000
22195,Application-39,M_Req,missing_destination,64,Application-39-Service,EndDevice-39,Application-39-Service,58100
22200,Application-28,M_Req,missing_destination,53,Application-28-Service,EndDevice-28,Application-28-Service,58100
22201,Application-31,M_Req,missing_destination,56,Application-31-Service,EndDevice-31,Application-31-Service,58100
22212,Application-45,M_Req,missing_destination,70,Application-45-Service,EndDevice-45,Application-45-Service,58100
22229,Application-4,M_Req,missing_destination,29,Application-4-Service,EndDevice-4,Application-4-Service,58100
22232,Application-12,M_Req,missing_destination,37,Application-12-Service,EndDevice-12,Application-12-Service,58100
22237,Application-47,M_Req,missing_destination,72,Application-47-Service,EndDevice-47,Application-47-Service,58100
22241,Application-15,M_Req,missing_destination,40,Application-15-Service,EndDevice-15,Application-15-Service,58100
22246,Application-28,M_Req,missing_destination,53,Application-28-Service,EndDevice-28,Application-28-Service,58200
22247,Application-31,M_Req,missing_destination,56,Application-31-Service,EndDevice-31,Application-31-Service,58200
22253,Application-45,M_Req,missing_destination,70,Application-45-Service,EndDevice-45,Application-45-Service,58200
22268,Application-4,M_Req,missing_destination,29,Application-4-Service,EndDevice-4,Application-4-Service,58200
22295,Application-31,M_Req,missing_destination,56,Application-31-Service,EndDevice-31,Application-31-Service,58300
22301,Application-45,M_Req,missing_destination,70,Application-45-Service,EndDevice-45,Application-45-Service,58300
22319,Application-12,M_Req,missing_destination,37,Application-12-Service,EndDevice-12,Application-12-Service,58400
22329,Application-2,M_Req,missing_destination,27,Application-2-Service,EndDevice-2,Application-2-Service,58400
22331,Application-44,M_Req,missing_destination,69,Application-44-Service,EndDevice-44,Application-44-Service,58400
22334,Application-9,M_Req,missing_destination,34,Application-9-Service,EndDevice-9,Application-9-Service,58400
22336,Application-35,M_Req,missing_destination,60,Application-35-Service,EndDevice-35,Application-35-Service,58400
22337,Application-31,M_Req,missing_destination,56,Application-31-Service,EndDevice-31,Application-31-Service,58400
22339,Application-34,M_Req,missing_destination,59,Application-34-Service,EndDevice-34,Application-34-Service,58400
22343,Application-45,M_Req,missing_destination,70,Application-45-Service,EndDevice-45,Application-45-Service,58500
22349,Application-42,M_Req,missing_destination,67,Application-42-Service,EndDevice-42,Application-42-Service,58500
22353,Application-5,M_Req,missing_destination,30,Application-5-Service,EndDevice-5,Application-5-Service,58500
22356,Application-32,M_Req,missing_destination,57,Application-32-Service,EndDevice-32,Application-32-Service,58500
22367,Application-12,M_Req,missing_destination,37,Application-12-Service,EndDevice-12,Application-12-Service,58500
22377,Application-2,M_Req,missing_destination,27,Application-2-Service,EndDevice-2,Application-2-Service,58500
22379,Application-44,M_Req,missing_destination,69,Application-44-Service,EndDevice-44,Application-44-Service,58500
22382,Application-9,M_Req,missing_destination,34,Application-9-Service,EndDevice-9,Application-9-Service,58500
22384,Application-35,M_Req,missing_destination,60,Application-35-Service,EndDevice-35,Application-35-Service,58500
22385,Application-31,M_Req,missing_destination,56,Application-31-Service,EndDevice-31,Application-31-Service,58500
22387,Application-34,M_Req,missing_destination,59,Application-34-Service,EndDevice-34,Application-34-Service,58500
22391,Application-45,M_Req,missing_destination,70,Application-45-Service,EndDevice-45,Application-45-Service,58600
22398,Application-5,M_Req,missing_destination,30,Application-5-Service,EndDevice-5,Application-5-Service,58600
22411,Application-12,M_Req,missing_destination,37,Application-12-Service,EndDevice-12,Application-12-Service,58600
22432,Application-38,M_Req,missing_destination,63,Application-38-Service,EndDevice-38,Application-38-Service,58700
22438,Application-16,M_Req,missing_destination,41,Application-16-Service,EndDevice-16,Application-16-Service,58700
22439,Application-45,M_Req,missing_destination,70,Application-45-Service,EndDevice-45,Application-45-Service,58700
22446,Application-5,M_Req,missing_destination,30,Application-5-Service,EndDevice-5,Application-5-Service,58700
22450,Application-17,M_Req,missing_destination,42,Application-17-Service,EndDevice-17,Application-17-Service,58700
22453,Application-13,M_Req,missing_destination,38,Application-13-Service,EndDevice-13,Application-13-Service,58700
22455,Application-37,M_Req,missing_destination,62,Application-37-Service,EndDevice-37,Application-37-Service,58700
22459,Application-12,M_Req,missing_destination,37,Application-12-Service,EndDevice-12,Application-12-Service,58700
22477,Application-38,M_Req,missing_destination,63,Application-38-Service,EndDevice-38,Application-38-Service,58800
22483,Application-16,M_Req,missing_destination,41,Application-16-Service,EndDevice-16,Application-16-Service,58800
22490,Application-5,M_Req,missing_destination,30,Application-5-Service,EndDevice-5,Application-5-Service,58800
22493,Application-17,M_Req,missing_destination,42,Application-17-Service,EndDevice-17,Application-17-Service,58800
22496,Application-13,M_Req,missing_destination,38,Application-13-Service,EndDevice-13,Application-13-Service,58800
22497,Application-37,M_Req,missing_destination,62,Application-37-Service,EndDevice-37,Application-37-Service,58800
22525,Application-38,M_Req,missing_destination,63,Application-38-Service,EndDevice-38,Application-38-Service,58900
22538,Application-5,M_Req,missing_destination,30,Application-5-Service,EndDevice-5,Application-5-Service,58900
22551,Application-40,M_Req,missing_destination,65,Application-40-Service,EndDevice-40,Application-40-Service,59000
22562,Application-24,M_Req,missing_destination,49,Application-24-Service,EndDevice-24,Application-24-Service,59000
22568,Application-38,M_Req,missing_destination,63,Application-38-Service,EndDevice-38,Application-38-Service,59000
22573,Application-20,M_Req,missing_destination,45,Application-20-Service,EndDevice-20,Application-20-Service,59100
22580,Application-17,M_Req,missing_destination,42,Application-17-Service,EndDevice-17,Application-17-Service,59100
22581,Application-7,M_Req,missing_destination,32,Application-7-Service,EndDevice-7,Application-7-Service,59100
22584,Application-37,M_Req,missing_destination,62,Application-37-Service,EndDevice-37,Application-37-Service,59100
22599,Application-40,M_Req,missing_destination,65,Application-40-Service,EndDevice-40,Application-40-Service,59100
22610,Application-24,M_Req,missing_destination,49,Application-24-Service,EndDevice-24,Application-24-Service,59100
22616,Application-38,M_Req,missing_destination,63,Application-38-Service,EndDevice-38,Application-38-Service,59100
22656,Application-42,M_Req,missing_destination,67,Application-42-Service,EndDevice-42,Application-42-Service,59300
22662,Application-33,M_Req,missing_destination,58,Application-33-Service,EndDevice-33,Application-33-Service,59300
22669,Application-20,M_Req,missing_destination,45,Application-20-Service,EndDevice-20,Application-20-Service,59300
22676,Application-13,M_Req,missing_destination,38,Application-13-Service,EndDevice-13,Application-13-Service,59300
22678,Application-10,M_Req,missing_destination,35,Application-10-Service,EndDevice-10,Application-10-Service,59300
22688,Application-19,M_Req,missing_destination,44,Application-19-Service,EndDevice-19,Application-19-Service,59300
22689,Application-40,M_Req,missing_destination,65,Application-40-Service,EndDevice-40,Application-40-Service,59300
22691,Application-11,M_Req,missing_destination,36,Application-11-Service,EndDevice-11,Application-11-Service,59300
22696,Application-27,M_Req,missing_destination,52,Application-27-Service,EndDevice-27,Application-27-Service,59300
22703,Application-42,M_Req,missing_destination,67,Application-42-Service,EndDevice-42,Application-42-Service,59400
22707,Application-33,M_Req,missing_destination,58,Application-33-Service,EndDevice-33,Application-33-Service,59400
22714,Application-20,M_Req,missing_destination,45,Application-20-Service,EndDevice-20,Application-20-Service,59400
22721,Application-10,M_Req,missing_destination,35,Application-10-Service,EndDevice-10,Application-10-Service,59400
22751,Application-42,M_Req,missing_destination,67,Application-42-Service,EndDevice-42,Application-42-Service,59500
22755,Application-33,M_Req,missing_destination,58,Application-33-Service,EndDevice-33,Application-33-Service,59500
22762,Application-20,M_Req,missing_destination,45,Application-20-Service,EndDevice-20,Application-20-Service,59500
22769,Application-10,M_Req,missing_destination,35,Application-10-Service,EndDevice-10,Application-10-Service,59500
22783,Application-27,M_Req,missing_destination,52,Application-27-Service,EndDevice-27,Application-27-Service,59600
22786,Application-43,M_Req,missing_destination,68,Application-43-Service,EndDevice-43,Application-43-Service,59600
22789,Application-11,M_Req,missing_destination,36,Application-11-Service,EndDevice-11,Application-11-Service,59600
22790,Application-3,M_Req,missing_destination,28,Application-3-Service,EndDevice-3,Application-3-Service,59600
22796,Application-42,M_Req,missing_destination,67,Application-42-Service,EndDevice-42,Application-42-Service,59600
22799,Application-5,M_Req,missing_destination,30,Application-5-Service,EndDevice-5,Application-5-Service,59600
22831,Application-27,M_Req,missing_destination,52,Application-27-Service,EndDevice-27,Application-27-Service,59700
22834,Application-43,M_Req,missing_destination,68,Application-43-Service,EndDevice-43,Application-43-Service,59700
22837,Application-11,M_Req,missing_destination,36,Application-11-Service,EndDevice-11,Application-11-Service,59700
22838,Application-3,M_Req,missing_destination,28,Application-3-Service,EndDevice-3,Application-3-Service,59700
22844,Application-42,M_Req,missing_destination,67,Application-42-Service,EndDevice-42,Application-42-Service,59700
22847,Application-5,M_Req,missing_destination,30,Application-5-Service,EndDevice-5,Application-5-Service,59700
22875,Application-27,M_Req,missing_destination,52,Application-27-Service,EndDevice-27,Application-27-Service,59800
22876,Application-43,M_Req,missing_destination,68,Application-43-Service,EndDevice-43,Application-43-Service,59800
22878,Application-3,M_Req,missing_destination,28,Application-3-Service,EndDevice-3,Application-3-Service,59800
22890,Application-16,M_Req,missing_destination,41,Application-16-Service,EndDevice-16,Application-16-Service,59900
22893,Application-11,M_Req,missing_destination,36,Application-11-Service,EndDevice-11,Application-11-Service,59900
22904,Application-41,M_Req,missing_destination,66,Application-41-Service,EndDevice-41,Application-41-Service,59900
22905,Application-10,M_Req,missing_destination,35,Application-10-Service,EndDevice-10,Application-10-Service,59900
22909,Application-9,M_Req,missing_destination,34,Application-9-Service,EndDevice-9,Application-9-Service,59900
22911,Application-25,M_Req,missing_destination,50,Application-25-Service,EndDevice-25,Application-25-Service,59900
22913,Application-33,M_Req,missing_destination,58,Application-33-Service,EndDevice-33,Application-33-Service,59900
22914,Application-1,M_Req,missing_destination,26,Application-1-Service,EndDevice-1,Application-1-Service,59900
22918,Application-40,M_Req,missing_destination,65,Application-40-Service,EndDevice-40,Application-40-Service,59900
22923,Application-27,M_Req,missing_destination,52,Application-27-Service,EndDevice-27,Application-27-Service,59900
22924,Application-43,M_Req,missing_destination,68,Application-43-Service,EndDevice-43,Application-43-Service,59900
22926,Application-3,M_Req,missing_destination,28,Application-3-Service,EndDevice-3,Application-3-Service,59900
22927,Application-24,M_Req,missing_destination,49,Application-24-Service,EndDevice-24,Application-24-Service,59900
22929,Application-8,M_Req,missing_destination,33,Application-8-Service,EndDevice-8,Application-8-Service,59900
22935,Application-16,M_Req,missing_destination,41,Application-16-Service,EndDevice-16,Application-16-Service,60000
22937,Application-11,M_Req,missing_destination,36,Application-11-Service,EndDevice-11,Application-11-Service,60000
22947,Application-41,M_Req,missing_destination,66,Application-41-Service,EndDevice-41,Application-41-Service,60000
22948,Application-10,M_Req,missing_destination,35,Application-10-Service,EndDevice-10,Application-10-Service,60000
22952,Application-9,M_Req,missing_destination,34,Application-9-Service,EndDevice-9,Application-9-Service,60000
22954,Application-25,M_Req,missing_destination,50,Application-25-Service,EndDevice-25,Application-25-Service,60000
22956,Application-33,M_Req,missing_destination,58,Application-33-Service,EndDevice-33,Application-33-Service,60000
22957,Application-1,M_Req,missing_destination,26,Application-1-Service,EndDevice-1,Application-1-Service,60000
22995,Application-41,M_Req,missing_destination,66,Application-41-Service,EndDevice-41,Application-41-Service,60100
23000,Application-9,M_Req,missing_destination,34,Application-9-Service,EndDevice-9,Application-9-Service,60100
23002,Application-25,M_Req,missing_destination,50,Application-25-Service,EndDevice-25,Application-25-Service,60100
23004,Application-33,M_Req,missing_destination,58,Application-33-Service,EndDevice-33,Application-33-Service,60100
23005,Application-1,M_Req,missing_destination,26,Application-1-Service,EndDevice-1,Application-1-Service,60100
23007,Application-14,M_Req,missing_destination,39,Application-14-Service,EndDevice-14,Application-14-Service,60200
23008,Application-30,M_Req,missing_destination,55,Application-30-Service,EndDevice-30,Application-30-Service,60200
23011,Application-45,M_Req,missing_destination,70,Application-45-Service,EndDevice-45,Application-45-Service,60200
23016,Application-6,M_Req,missing_destination,31,Application-6-Service,EndDevice-6,Application-6-Service,60200
23022,Application-37,M_Req,missing_destination,62,Application-37-Service,EndDevice-37,Application-37-Service,60200
23024,Application-38,M_Req,missing_destination,63,Application-38-Service,EndDevice-38,Application-38-Service,60200
23026,Application-21,M_Req,missing_destination,46,Application-21-Service,EndDevice-21,Application-21-Service,60200
23027,Application-5,M_Req,missing_destination,30,Application-5-Service,EndDevice-5,Application-5-Service,60200
23032,Application-48,M_Req,missing_destination,73,Application-48-Service,EndDevice-48,Application-48-Service,60200
23035,Application-47,M_Req,missing_destination,72,Application-47-Service,EndDevice-47,Application-47-Service,60200
23036,Application-18,M_Req,missing_destination,43,Application-18-Service,EndDevice-18,Application-18-Service,60300
23045,Application-7,M_Req,missing_destination,32,Application-7-Service,EndDevice-7,Application-7-Service,60300
23055,Application-14,M_Req,missing_destination,39,Application-14-Service,EndDevice-14,Application-14-Service,60300
23056,Application-30,M_Req,missing_destination,55,Application-30-Service,EndDevice-30,Application-30-Service,60300
23059,Application-45,M_Req,missing_destination,70,Application-45-Service,EndDevice-45,Application-45-Service,60300
23064,Application-6,M_Req,missing_destination,31,Application-6-Service,EndDevice-6,Application-6-Service,60300
23070,Application-37,M_Req,missing_destination,62,Application-37-Service,EndDevice-37,Application-37-Service,60300
23072,Application-38,M_Req,missing_destination,63,Application-38-Service,EndDevice-38,Application-38-Service,60300
23074,Application-21,M_Req,missing_destination,46,Application-21-Service,EndDevice-21,Application-21-Service,60300
23075,Application-5,M_Req,missing_destination,30,Application-5-Service,EndDevice-5,Application-5-Service,60300
23080,Application-48,M_Req,missing_destination,73,Application-48-Service,EndDevice-48,Application-48-Service,60300
23083,Application-47,M_Req,missing_destination,72,Application-47-Service,EndDevice-47,Application-47-Service,60300
23084,Application-18,M_Req,missing_destination,43,Application-18-Service,EndDevice-18,Application-18-Service,60400
23099,Application-14,M_Req,missing_destination,39,Application-14-Service,EndDevice-14,Application-14-Service,60400
23100,Application-30,M_Req,missing_destination,55,Application-30-Service,EndDevice-30,Application-30-Service,60400
23104,Application-6,M_Req,missing_destination,31,Application-6-Service,EndDevice-6,Application-6-Service,60400
23112,Application-38,M_Req,missing_destination,63,Application-38-Service,EndDevice-38,Application-38-Service,60500
23113,Application-42,M_Req,missing_destination,67,Application-42-Service,EndDevice-42,Application-42-Service,60500
23123,Application-43,M_Req,missing_destination,68,Application-43-Service,EndDevice-43,Application-43-Service,60500
23124,Application-27,M_Req,missing_destination,52,Application-27-Service,EndDevice-27,Application-27-Service,60500
23132,Application-18,M_Req,missing_destination,43,Application-18-Service,EndDevice-18,Application-18-Service,60500
23133,Application-32,M_Req,missing_destination,57,Application-32-Service,EndDevice-32,Application-32-Service,60500
23135,Application-46,M_Req,missing_destination,71,Application-46-Service,EndDevice-46,Application-46-Service,60500
23136,Application-12,M_Req,missing_destination,37,Application-12-Service,EndDevice-12,Application-12-Service,60500
23143,Application-22,M_Req,missing_destination,47,Application-22-Service,EndDevice-22,Application-22-Service,60500
23147,Application-14,M_Req,missing_destination,39,Application-14-Service,EndDevice-14,Application-14-Service,60500
23148,Application-30,M_Req,missing_destination,55,Application-30-Service,EndDevice-30,Application-30-Service,60500
23152,Application-6,M_Req,missing_destination,31,Application-6-Service,EndDevice-6,Application-6-Service,60500
23153,Application-36,M_Req,missing_destination,61,Application-36-Service,EndDevice-36,Application-36-Service,60500
23155,Application-28,M_Req,missing_destination,53,Application-28-Service,EndDevice-28,Application-28-Service,60500
23159,Application-38,M_Req,missing_destination,63,Application-38-Service,EndDevice-38,Application-38-Service,60600
23160,Application-42,M_Req,missing_destination,67,Application-42-Service,EndDevice-42,Application-42-Service,60600
23168,Application-43,M_Req,missing_destination,68,Application-43-Service,EndDevice-43,Application-43-Service,60600
23169,Application-27,M_Req,missing_destination,52,Application-27-Service,EndDevice-27,Application-27-Service,60600
23176,Application-18,M_Req,missing_destination,43,Application-18-Service,EndDevice-18,Application-18-Service,60600
23177,Application-32,M_Req,missing_destination,57,Application-32-Service,EndDevice-32,Application-32-Service,60600
23179,Application-12,M_Req,missing_destination,37,Application-12-Service,EndDevice-12,Application-12-Service,60600
23184,Application-22,M_Req,missing_destination,47,Application-22-Service,EndDevice-22,Application-22-Service,60600
23224,Application-18,M_Req,missing_destination,43,Application-18-Service,EndDevice-18,Application-18-Service,60700
23242,Application-36,M_Req,missing_destination,61,Application-36-Service,EndDevice-36,Application-36-Service,60800
23244,Application-28,M_Req,missing_destination,53,Application-28-Service,EndDevice-28,Application-28-Service,60800
23253,Application-42,M_Req,missing_destination,67,Application-42-Service,EndDevice-42,Application-42-Service,60800
23259,Application-4,M_Req,missing_destination,29,Application-4-Service,EndDevice-4,Application-4-Service,60800
23261,Application-5,M_Req,missing_destination,30,Application-5-Service,EndDevice-5,Application-5-Service,60800
23270,Application-25,M_Req,missing_destination,50,Application-25-Service,EndDevice-25,Application-25-Service,60900
23274,Application-13,M_Req,missing_destination,38,Application-13-Service,EndDevice-13,Application-13-Service,60900
23290,Application-36,M_Req,missing_destination,61,Application-36-Service,EndDevice-36,Application-36-Service,60900
23292,Application-28,M_Req,missing_destination,53,Application-28-Service,EndDevice-28,Application-28-Service,60900
23301,Application-42,M_Req,missing_destination,67,Application-42-Service,EndDevice-42,Application-42-Service,60900
23307,Application-4,M_Req,missing_destination,29,Application-4-Service,EndDevice-4,Application-4-Service,60900
23309,Application-5,M_Req,missing_destination,30,Application-5-Service,EndDevice-5,Application-5-Service,60900
23316,Application-25,M_Req,missing_destination,50,Application-25-Service,EndDevice-25,Application-25-Service,61000
23319,Application-13,M_Req,missing_destination,38,Application-13-Service,EndDevice-13,Application-13-Service,61000
23332,Application-36,M_Req,missing_destination,61,Application-36-Service,EndDevice-36,Application-36-Service,61000
23334,Application-28,M_Req,missing_destination,53,Application-28-Service,EndDevice-28,Application-28-Service,61000
23345,Application-11,M_Req,missing_destination,36,Application-11-Service,EndDevice-11,Application-11-Service,61100
23348,Application-4,M_Req,missing_destination,29,Application-4-Service,EndDevice-4,Application-4-Service,61100
23354,Application-14,M_Req,missing_destination,39,Application-14-Service,EndDevice-14,Application-14-Service,61100
23360,Application-44,M_Req,missing_destination,69,Application-44-Service,EndDevice-44,Application-44-Service,61100
23364,Application-25,M_Req,missing_destination,50,Application-25-Service,EndDevice-25,Application-25-Service,61100
23365,Application-24,M_Req,missing_destination,49,Application-24-Service,EndDevice-24,Application-24-Service,61100
23367,Application-13,M_Req,missing_destination,38,Application-13-Service,EndDevice-13,Application-13-Service,61100
23370,Application-43,M_Req,missing_destination,68,Application-43-Service,EndDevice-43,Application-43-Service,61100
23371,Application-12,M_Req,missing_destination,37,Application-12-Service,EndDevice-12,Application-12-Service,61100
23373,Application-27,M_Req,missing_destination,52,Application-27-Service,EndDevice-27,Application-27-Service,61100
23376,Application-45,M_Req,missing_destination,70,Application-45-Service,EndDevice-45,Application-45-Service,61100
23377,Application-3,M_Req,missing_destination,28,Application-3-Service,EndDevice-3,Application-3-Service,61100
23380,Application-36,M_Req,missing_destination,61,Application-36-Service,EndDevice-36,Application-36-Service,61100
23382,Application-28,M_Req,missing_destination,53,Application-28-Service,EndDevice-28,Application-28-Service,61100
23383,Application-37,M_Req,missing_destination,62,Application-37-Service,EndDevice-37,Application-37-Service,61100
23387,Application-19,M_Req,missing_destination,44,Application-19-Service,EndDevice-19,Application-19-Service,61100
23388,Application-35,M_Req,missing_destination,60,Application-35-Service,EndDevice-35,Application-35-Service,61100
23393,Application-11,M_Req,missing_destination,36,Application-11-Service,EndDevice-11,Application-11-Service,61200
23396,Application-4,M_Req,missing_destination,29,Application-4-Service,EndDevice-4,Application-4-Service,61200
23400,Application-14,M_Req,missing_destination,39,Application-14-Service,EndDevice-14,Application-14-Service,61200
23405,Application-44,M_Req,missing_destination,69,Application-44-Service,EndDevice-44,Application-44-Service,61200
23408,Application-24,M_Req,missing_destination,49,Application-24-Service,EndDevice-24,Application-24-Service,61200
23410,Application-13,M_Req,missing_destination,38,Application-13-Service,EndDevice-13,Application-13-Service,61200
23413,Application-43,M_Req,missing_destination,68,Application-43-Service,EndDevice-43,Application-43-Service,61200
23414,Application-12,M_Req,missing_destination,37,Application-12-Service,EndDevice-12,Application-12-Service,61200
23416,Application-27,M_Req,missing_destination,52,Application-27-Service,EndDevice-27,Application-27-Service,61200
23444,Application-4,M_Req,missing_destination,29,Application-4-Service,EndDevice-4,Application-4-Service,61300
23462,Application-12,M_Req,missing_destination,37,Application-12-Service,EndDevice-12,Application-12-Service,61300
23474,Application-6,M_Req,missing_destination,31,Application-6-Service,EndDevice-6,Application-6-Service,61400
23478,Application-22,M_Req,missing_destination,47,Application-22-Service,EndDevice-22,Application-22-Service,61400
23485,Application-4,M_Req,missing_destination,29,Application-4-Service,EndDevice-4,Application-4-Service,61400
23492,Application-18,M_Req,missing_destination,43,Application-18-Service,EndDevice-18,Application-18-Service,61400
23496,Application-24,M_Req,missing_destination,49,Application-24-Service,EndDevice-24,Application-24-Service,61500
23499,Application-48,M_Req,missing_destination,73,Application-48-Service,EndDevice-48,Application-48-Service,61500
23522,Application-6,M_Req,missing_destination,31,Application-6-Service,EndDevice-6,Application-6-Service,61500
23526,Application-22,M_Req,missing_destination,47,Application-22-Service,EndDevice-22,Application-22-Service,61500
23533,Application-4,M_Req,missing_destination,29,Application-4-Service,EndDevice-4,Application-4-Service,61500
23540,Application-18,M_Req,missing_destination,43,Application-18-Service,EndDevice-18,Application-18-Service,61500
23543,Application-24,M_Req,missing_destination,49,Application-24-Service,EndDevice-24,Application-24-Service,61600
23567,Application-38,M_Req,missing_destination,63,Application-38-Service,EndDevice-38,Application-38-Service,61700
23576,Application-14,M_Req,missing_destination,39,Application-14-Service,EndDevice-14,Application-14-Service,61700
23586,Application-45,M_Req,missing_destination,70,Application-45-Service,EndDevice-45,Application-45-Service,61700
23591,Application-24,M_Req,missing_destination,49,Application-24-Service,EndDevice-24,Application-24-Service,61700
23592,Application-17,M_Req,missing_destination,42,Application-17-Service,EndDevice-17,Application-17-Service,61700
23595,Application-27,M_Req,missing_destination,52,Application-27-Service,EndDevice-27,Application-27-Service,61700
23599,Application-30,M_Req,missing_destination,55,Application-30-Service,EndDevice-30,Application-30-Service,61700
23602,Application-46,M_Req,missing_destination,71,Application-46-Service,EndDevice-46,Application-46-Service,61700
23605,Application-37,M_Req,missing_destination,62,Application-37-Service,EndDevice-37,Application-37-Service,61700
23621,Application-14,M_Req,missing_destination,39,Application-14-Service,EndDevice-14,Application-14-Service,61800
23634,Application-24,M_Req,missing_destination,49,Application-24-Service,EndDevice-24,Application-24-Service,61800
23637,Application-27,M_Req,missing_destination,52,Application-27-Service,EndDevice-27,Application-27-Service,61800
23669,Application-14,M_Req,missing_destination,39,Application-14-Service,EndDevice-14,Application-14-Service,61900
23685,Application-27,M_Req,missing_destination,52,Application-27-Service,EndDevice-27,Application-27-Service,61900
23694,Application-41,M_Req,missing_destination,66,Application-41-Service,EndDevice-41,Application-41-Service,62000
23695,Application-23,M_Req,missing_destination,48,Application-23-Service,EndDevice-23,Application-23-Service,62000
23696,Application-25,M_Req,missing_destination,50,Application-25-Service,EndDevice-25,Application-25-Service,62000
23697,Application-47,M_Req,missing_destination,72,Application-47-Service,EndDevice-47,Application-47-Service,62000
23705,Application-17,M_Req,missing_destination,42,Application-17-Service,EndDevice-17,Application-17-Service,62000
23711,Application-1,M_Req,missing_destination,26,Application-1-Service,EndDevice-1,Application-1-Service,62000
23712,Application-7,M_Req,missing_destination,32,Application-7-Service,EndDevice-7,Application-7-Service,62000
23717,Application-9,M_Req,missing_destination,34,Application-9-Service,EndDevice-9,Application-9-Service,62000
23727,Application-39,M_Req,missing_destination,64,Application-39-Service,EndDevice-39,Application-39-Service,62100
23742,Application-41,M_Req,missing_destination,66,Application-41-Service,EndDevice-41,Application-41-Service,62100
23743,Application-23,M_Req,missing_destination,48,Application-23-Service,EndDevice-23,Application-23-Service,62100
23744,Application-25,M_Req,missing_destination,50,Application-25-Service,EndDevice-25,Application-25-Service,62100
23745,Application-47,M_Req,missing_destination,72,Application-47-Service,EndDevice-47,Application-47-Service,62100
23753,Application-17,M_Req,missing_destination,42,Application-17-Service,EndDevice-17,Application-17-Service,62100
23759,Application-1,M_Req,missing_destination,26,Application-1-Service,EndDevice-1,Application-1-Service,62100
23760,Application-7,M_Req,missing_destination,32,Application-7-Service,EndDevice-7,Application-7-Service,62100
23765,Application-9,M_Req,missing_destination,34,Application-9-Service,EndDevice-9,Application-9-Service,62100
23772,Application-39,M_Req,missing_destination,64,Application-39-Service,EndDevice-39,Application-39-Service,62200
23785,Application-23,M_Req,missing_destination,48,Application-23-Service,EndDevice-23,Application-23-Service,62200
23787,Application-47,M_Req,missing_destination,72,Application-47-Service,EndDevice-47,Application-47-Service,62200
23800,Application-7,M_Req,missing_destination,32,Application-7-Service,EndDevice-7,Application-7-Service,62300
23811,Application-41,M_Req,missing_destination,66,Application-41-Service,EndDevice-41,Application-41-Service,62300
23820,Application-39,M_Req,missing_destination,64,Application-39-Service,EndDevice-39,Application-39-Service,62300
23821,Application-8,M_Req,missing_destination,33,Application-8-Service,EndDevice-8,Application-8-Service,62300
23824,Application-15,M_Req,missing_destination,40,Application-15-Service,EndDevice-15,Application-15-Service,62300
23828,Application-31,M_Req,missing_destination,56,Application-31-Service,EndDevice-31,Application-31-Service,62300
23833,Application-23,M_Req,missing_destination,48,Application-23-Service,EndDevice-23,Application-23-Service,62300
23834,Application-25,M_Req,missing_destination,50,Application-25-Service,EndDevice-25,Application-25-Service,62300
23835,Application-47,M_Req,missing_destination,72,Application-47-Service,EndDevice-47,Application-47-Service,62300
23839,Application-46,M_Req,missing_destination,71,Application-46-Service,EndDevice-46,Application-46-Service,62300
23841,Application-30,M_Req,missing_destination,55,Application-30-Service,EndDevice-30,Application-30-Service,62300
23842,Application-17,M_Req,missing_destination,42,Application-17-Service,EndDevice-17,Application-17-Service,62300
23848,Application-7,M_Req,missing_destination,32,Application-7-Service,EndDevice-7,Application-7-Service,62400
23857,Application-41,M_Req,missing_destination,66,Application-41-Service,EndDevice-41,Application-41-Service,62400
23864,Application-39,M_Req,missing_destination,64,Application-39-Service,EndDevice-39,Application-39-Service,62400
23865,Application-8,M_Req,missing_destination,33,Application-8-Service,EndDevice-8,Application-8-Service,62400
23871,Application-31,M_Req,missing_destination,56,Application-31-Service,EndDevice-31,Application-31-Service,62400
23905,Application-41,M_Req,missing_destination,66,Application-41-Service,EndDevice-41,Application-41-Service,62500
23924,Application-25,M_Req,missing_destination,50,Application-25-Service,EndDevice-25,Application-25-Service,62600
23928,Application-17,M_Req,missing_destination,42,Application-17-Service,EndDevice-17,Application-17-Service,62600
23938,Application-1,M_Req,missing_destination,26,Application-1-Service,EndDevice-1,Application-1-Service,62600
23939,Application-7,M_Req,missing_destination,32,Application-7-Service,EndDevice-7,Application-7-Service,62600
23941,Application-9,M_Req,missing_destination,34,Application-9-Service,EndDevice-9,Application-9-Service,62600
23942,Application-33,M_Req,missing_destination,58,Application-33-Service,EndDevice-33,Application-33-Service,62600
23946,Application-41,M_Req,missing_destination,66,Application-41-Service,EndDevice-41,Application-41-Service,62600
23948,Application-42,M_Req,missing_destination,67,Application-42-Service,EndDevice-42,Application-42-Service,62600
23953,Application-8,M_Req,missing_destination,33,Application-8-Service,EndDevice-8,Application-8-Service,62700
23956,Application-38,M_Req,missing_destination,63,Application-38-Service,EndDevice-38,Application-38-Service,62700
23958,Application-31,M_Req,missing_destination,56,Application-31-Service,EndDevice-31,Application-31-Service,62700
23972,Application-25,M_Req,missing_destination,50,Application-25-Service,EndDevice-25,Application-25-Service,62700
23976,Application-17,M_Req,missing_destination,42,Application-17-Service,EndDevice-17,Application-17-Service,62700
23986,Application-1,M_Req,missing_destination,26,Application-1-Service,EndDevice-1,Application-1-Service,62700
23987,Application-7,M_Req,missing_destination,32,Application-7-Service,EndDevice-7,Application-7-Service,62700
23989,Application-9,M_Req,missing_destination,34,Application-9-Service,EndDevice-9,Application-9-Service,62700
23990,Application-33,M_Req,missing_destination,58,Application-33-Service,EndDevice-33,Application-33-Service,62700
23994,Application-41,M_Req,missing_destination,66,Application-41-Service,EndDevice-41,Application-41-Service,62700
23996,Application-42,M_Req,missing_destination,67,Application-42-Service,EndDevice-42,Application-42-Service,62700
24000,Application-8,M_Req,missing_destination,33,Application-8-Service,EndDevice-8,Application-8-Service,62800
24003,Application-38,M_Req,missing_destination,63,Application-38-Service,EndDevice-38,Application-38-Service,62800
24033,Application-6,M_Req,missing_destination,31,Application-6-Service,EndDevice-6,Application-6-Service,62900
24044,Application-28,M_Req,missing_destination,53,Application-28-Service,EndDevice-28,Application-28-Service,62900
24045,Application-48,M_Req,missing_destination,73,Application-48-Service,EndDevice-48,Application-48-Service,62900
24048,Application-8,M_Req,missing_destination,33,Application-8-Service,EndDevice-8,Application-8-Service,62900
24049,Application-40,M_Req,missing_destination,65,Application-40-Service,EndDevice-40,Application-40-Service,62900
24051,Application-38,M_Req,missing_destination,63,Application-38-Service,EndDevice-38,Application-38-Service,62900
24052,Application-20,M_Req,missing_destination,45,Application-20-Service,EndDevice-20,Application-20-Service,62900
24054,Application-46,M_Req,missing_destination,71,Application-46-Service,EndDevice-46,Application-46-Service,62900
24057,Application-22,M_Req,missing_destination,47,Application-22-Service,EndDevice-22,Application-22-Service,62900
24064,Application-23,M_Req,missing_destination,48,Application-23-Service,EndDevice-23,Application-23-Service,62900
24066,Application-47,M_Req,missing_destination,72,Application-47-Service,EndDevice-47,Application-47-Service,62900
24070,Application-15,M_Req,missing_destination,40,Application-15-Service,EndDevice-15,Application-15-Service,62900
24079,Application-6,M_Req,missing_destination,31,Application-6-Service,EndDevice-6,Application-6-Service,63000
24086,Application-28,M_Req,missing_destination,53,Application-28-Service,EndDevice-28,Application-28-Service,63000
24087,Application-48,M_Req,missing_destination,73,Application-48-Service,EndDevice-48,Application-48-Service,63000
24089,Application-8,M_Req,missing_destination,33,Application-8-Service,EndDevice-8,Application-8-Service,63000
24090,Application-40,M_Req,missing_destination,65,Application-40-Service,EndDevice-40,Application-40-Service,63000
24092,Application-38,M_Req,missing_destination,63,Application-38-Service,EndDevice-38,Application-38-Service,63000
24093,Application-20,M_Req,missing_destination,45,Application-20-Service,EndDevice-20,Application-20-Service,63000
24095,Application-46,M_Req,missing_destination,71,Application-46-Service,EndDevice-46,Application-46-Service,63000
24098,Application-22,M_Req,missing_destination,47,Application-22-Service,EndDevice-22,Application-22-Service,63000
24127,Application-6,M_Req,missing_destination,31,Application-6-Service,EndDevice-6,Application-6-Service,63100
24134,Application-28,M_Req,missing_destination,53,Application-28-Service,EndDevice-28,Application-28-Service,63100
24135,Application-48,M_Req,missing_destination,73,Application-48-Service,EndDevice-48,Application-48-Service,63100
24143,Application-46,M_Req,missing_destination,71,Application-46-Service,EndDevice-46,Application-46-Service,63100
24146,Application-22,M_Req,missing_destination,47,Application-22-Service,EndDevice-22,Application-22-Service,63100
24153,Application-17,M_Req,missing_destination,42,Application-17-Service,EndDevice-17,Application-17-Service,63200
24155,Application-18,M_Req,missing_destination,43,Application-18-Service,EndDevice-18,Application-18-Service,63200
24156,Application-25,M_Req,missing_destination,50,Application-25-Service,EndDevice-25,Application-25-Service,63200
24162,Application-42,M_Req,missing_destination,67,Application-42-Service,EndDevice-42,Application-42-Service,63200
24164,Application-1,M_Req,missing_destination,26,Application-1-Service,EndDevice-1,Application-1-Service,63200
24166,Application-9,M_Req,missing_destination,34,Application-9-Service,EndDevice-9,Application-9-Service,63200
24168,Application-6,M_Req,missing_destination,31,Application-6-Service,EndDevice-6,Application-6-Service,63200
24175,Application-28,M_Req,missing_destination,53,Application-28-Service,EndDevice-28,Application-28-Service,63200
24176,Application-48,M_Req,missing_destination,73,Application-48-Service,EndDevice-48,Application-48-Service,63200
24177,Application-12,M_Req,missing_destination,37,Application-12-Service,EndDevice-12,Application-12-Service,63300
24182,Application-32,M_Req,missing_destination,57,Application-32-Service,EndDevice-32,Application-32-Service,63300
24184,Application-43,M_Req,missing_destination,68,Application-43-Service,EndDevice-43,Application-43-Service,63300
24189,Application-2,M_Req,missing_destination,27,Application-2-Service,EndDevice-2,Application-2-Service,63300
24201,Application-17,M_Req,missing_destination,42,Application-17-Service,EndDevice-17,Application-17-Service,63300
24203,Application-18,M_Req,missing_destination,43,Application-18-Service,EndDevice-18,Application-18-Service,63300
24204,Application-25,M_Req,missing_destination,50,Application-25-Service,EndDevice-25,Application-25-Service,63300
24210,Application-42,M_Req,missing_destination,67,Application-42-Service,EndDevice-42,Application-42-Service,63300
24212,Application-1,M_Req,missing_destination,26,Application-1-Service,EndDevice-1,Application-1-Service,63300
24214,Application-9,M_Req,missing_destination,34,Application-9-Service,EndDevice-9,Application-9-Service,63300
24216,Application-6,M_Req,missing_destination,31,Application-6-Service,EndDevice-6,Application-6-Service,63300
24223,Application-28,M_Req,missing_destination,53,Application-28-Service,EndDevice-28,Application-28-Service,63300
24224,Application-48,M_Req,missing_destination,73,Application-48-Service,EndDevice-48,Application-48-Service,63300
24225,Application-12,M_Req,missing_destination,37,Application-12-Service,EndDevice-12,Application-12-Service,63400
24230,Application-32,M_Req,missing_destination,57,Application-32-Service,EndDevice-32,Application-32-Service,63400
24243,Application-17,M_Req,missing_destination,42,Application-17-Service,EndDevice-17,Application-17-Service,63400
24246,Application-25,M_Req,missing_destination,50,Application-25-Service,EndDevice-25,Application-25-Service,63400
24256,Application-4,M_Req,missing_destination,29,Application-4-Service,EndDevice-4,Application-4-Service,63500
24261,Application-44,M_Req,missing_destination,69,Application-44-Service,EndDevice-44,Application-44-Service,63500
24262,Application-28,M_Req,missing_destination,53,Application-28-Service,EndDevice-28,Application-28-Service,63500
24267,Application-6,M_Req,missing_destination,31,Application-6-Service,EndDevice-6,Application-6-Service,63500
24273,Application-12,M_Req,missing_destination,37,Application-12-Service,EndDevice-12,Application-12-Service,63500
24278,Application-32,M_Req,missing_destination,57,Application-32-Service,EndDevice-32,Application-32-Service,63500
24279,Application-46,M_Req,missing_destination,71,Application-46-Service,EndDevice-46,Application-46-Service,63500
24282,Application-26,M_Req,missing_destination,51,Application-26-Service,EndDevice-26,Application-26-Service,63500
24287,Application-34,M_Req,missing_destination,59,Application-34-Service,EndDevice-34,Application-34-Service,63500
24288,Application-36,M_Req,missing_destination,61,Application-36-Service,EndDevice-36,Application-36-Service,63500
24291,Application-17,M_Req,missing_destination,42,Application-17-Service,EndDevice-17,Application-17-Service,63500
24294,Application-25,M_Req,missing_destination,50,Application-25-Service,EndDevice-25,Application-25-Service,63500
24297,Application-21,M_Req,missing_destination,46,Application-21-Service,EndDevice-21,Application-21-Service,63500
24299,Application-13,M_Req,missing_destination,38,Application-13-Service,EndDevice-13,Application-13-Service,63500
24303,Application-4,M_Req,missing_destination,29,Application-4-Service,EndDevice-4,Application-4-Service,63600
24307,Application-28,M_Req,missing_destination,53,Application-28-Service,EndDevice-28,Application-28-Service,63600
24311,Application-6,M_Req,missing_destination,31,Application-6-Service,EndDevice-6,Application-6-Service,63600
24315,Application-12,M_Req,missing_destination,37,Application-12-Service,EndDevice-12,Application-12-Service,63600
24320,Application-32,M_Req,missing_destination,57,Application-32-Service,EndDevice-32,Application-32-Service,63600
24321,Application-46,M_Req,missing_destination,71,Application-46-Service,EndDevice-46,Application-46-Service,63600
24324,Application-26,M_Req,missing_destination,51,Application-26-Service,EndDevice-26,Application-26-Service,63600
24329,Application-36,M_Req,missing_destination,61,Application-36-Service,EndDevice-36,Application-36-Service,63600
24363,Application-12,M_Req,missing_destination,37,Application-12-Service,EndDevice-12,Application-12-Service,63700
24368,Application-32,M_Req,missing_destination,57,Application-32-Service,EndDevice-32,Application-32-Service,63700
24378,Application-47,M_Req,missing_destination,72,Application-47-Service,EndDevice-47,Application-47-Service,63800
24380,Application-39,M_Req,missing_destination,64,Application-39-Service,EndDevice-39,Application-39-Service,63800
24387,Application-7,M_Req,missing_destination,32,Application-7-Service,EndDevice-7,Application-7-Service,63800
24391,Application-44,M_Req,missing_destination,69,Application-44-Service,EndDevice-44,Application-44-Service,63800
24396,Application-35,M_Req,missing_destination,60,Application-35-Service,EndDevice-35,Application-35-Service,63800
24397,Application-11,M_Req,missing_destination,36,Application-11-Service,EndDevice-11,Application-11-Service,63800
24412,Application-5,M_Req,missing_destination,30,Application-5-Service,EndDevice-5,Application-5-Service,63900
24415,Application-19,M_Req,missing_destination,44,Application-19-Service,EndDevice-19,Application-19-Service,63900
24426,Application-47,M_Req,missing_destination,72,Application-47-Service,EndDevice-47,Application-47-Service,63900
24428,Application-39,M_Req,missing_destination,64,Application-39-Service,EndDevice-39,Application-39-Service,63900
24435,Application-7,M_Req,missing_destination,32,Application-7-Service,EndDevice-7,Application-7-Service,63900
24439,Application-44,M_Req,missing_destination,69,Application-44-Service,EndDevice-44,Application-44-Service,63900
24444,Application-35,M_Req,missing_destination,60,Application-35-Service,EndDevice-35,Application-35-Service,63900
24445,Application-11,M_Req,missing_destination,36,Application-11-Service,EndDevice-11,Application-11-Service,63900
24460,Application-19,M_Req,missing_destination,44,Application-19-Service,EndDevice-19,Application-19-Service,64000
24468,Application-47,M_Req,missing_destination,72,Application-47-Service,EndDevice-47,Application-47-Service,64000
24470,Application-39,M_Req,missing_destination,64,Application-39-Service,EndDevice-39,Application-39-Service,64000
24489,Application-2,M_Req,missing_destination,27,Application-2-Service,EndDevice-2,Application-2-Service,64100
24492,Application-32,M_Req,missing_destination,57,Application-32-Service,EndDevice-32,Application-32-Service,64100
24496,Application-26,M_Req,missing_destination,51,Application-26-Service,EndDevice-26,Application-26-Service,64100
24500,Application-12,M_Req,missing_destination,37,Application-12-Service,EndDevice-12,Application-12-Service,64100
24504,Application-46,M_Req,missing_destination,71,Application-46-Service,EndDevice-46,Application-46-Service,64100
24508,Application-19,M_Req,missing_destination,44,Application-19-Service,EndDevice-19,Application-19-Service,64100
24515,Application-18,M_Req,missing_destination,43,Application-18-Service,EndDevice-18,Application-18-Service,64100
24516,Application-47,M_Req,missing_destination,72,Application-47-Service,EndDevice-47,Application-47-Service,64100
24518,Application-39,M_Req,missing_destination,64,Application-39-Service,EndDevice-39,Application-39-Service,64100
24523,Application-10,M_Req,missing_destination,35,Application-10-Service,EndDevice-10,Application-10-Service,64100
24525,Application-34,M_Req,missing_destination,59,Application-34-Service,EndDevice-34,Application-34-Service,64100
24526,Application-42,M_Req,missing_destination,67,Application-42-Service,EndDevice-42,Application-42-Service,64100
24535,Application-2,M_Req,missing_destination,27,Application-2-Service,EndDevice-2,Application-2-Service,64200
24538,Application-32,M_Req,missing_destination,57,Application-32-Service,EndDevice-32,Application-32-Service,64200
24542,Application-26,M_Req,missing_destination,51,Application-26-Service,EndDevice-26,Application-26-Service,64200
24548,Application-46,M_Req,missing_destination,71,Application-46-Service,EndDevice-46,Application-46-Service,64200
24552,Application-19,M_Req,missing_destination,44,Application-19-Service,EndDevice-19,Application-19-Service,64200
24557,Application-18,M_Req,missing_destination,43,Application-18-Service,EndDevice-18,Application-18-Service,64200
24590,Application-26,M_Req,missing_destination,51,Application-26-Service,EndDevice-26,Application-26-Service,64300
24596,Application-46,M_Req,missing_destination,71,Application-46-Service,EndDevice-46,Application-46-Service,64300
24613,Application-44,M_Req,missing_destination,69,Application-44-Service,EndDevice-44,Application-44-Service,64400
24619,Application-6,M_Req,missing_destination,31,Application-6-Service,EndDevice-6,Application-6-Service,64400
24630,Application-45,M_Req,missing_destination,70,Application-45-Service,EndDevice-45,Application-45-Service,64400
24631,Application-26,M_Req,missing_destination,51,Application-26-Service,EndDevice-26,Application-26-Service,64400
24632,Application-28,M_Req,missing_destination,53,Application-28-Service,EndDevice-28,Application-28-Service,64400
24638,Application-5,M_Req,missing_destination,30,Application-5-Service,EndDevice-5,Application-5-Service,64500
24639,Application-37,M_Req,missing_destination,62,Application-37-Service,EndDevice-37,Application-37-Service,64500
24661,Application-44,M_Req,missing_destination,69,Application-44-Service,EndDevice-44,Application-44-Service,64500
24667,Application-6,M_Req,missing_destination,31,Application-6-Service,EndDevice-6,Application-6-Service,64500
24678,Application-45,M_Req,missing_destination,70,Application-45-Service,EndDevice-45,Application-45-Service,64500
24679,Application-26,M_Req,missing_destination,51,Application-26-Service,EndDevice-26,Application-26-Service,64500
24680,Application-28,M_Req,missing_destination,53,Application-28-Service,EndDevice-28,Application-28-Service,64500
24686,Application-37,M_Req,missing_destination,62,Application-37-Service,EndDevice-37,Application-37-Service,64600
24711,Application-6,M_Req,missing_destination,31,Application-6-Service,EndDevice-6,Application-6-Service,64600
24718,Application-45,M_Req,missing_destination,70,Application-45-Service,EndDevice-45,Application-45-Service,64700
24729,Application-7,M_Req,missing_destination,32,Application-7-Service,EndDevice-7,Application-7-Service,64700
24730,Application-8,M_Req,missing_destination,33,Application-8-Service,EndDevice-8,Application-8-Service,64700
24731,Application-38,M_Req,missing_destination,63,Application-38-Service,EndDevice-38,Application-38-Service,64700
24732,Application-46,M_Req,missing_destination,71,Application-46-Service,EndDevice-46,Application-46-Service,64700
24734,Application-37,M_Req,missing_destination,62,Application-37-Service,EndDevice-37,Application-37-Service,64700
24738,Application-18,M_Req,missing_destination,43,Application-18-Service,EndDevice-18,Application-18-Service,64700
24739,Application-22,M_Req,missing_destination,47,Application-22-Service,EndDevice-22,Application-22-Service,64700
24749,Application-13,M_Req,missing_destination,38,Application-13-Service,EndDevice-13,Application-13-Service,64700
24751,Application-29,M_Req,missing_destination,54,Application-29-Service,EndDevice-29,Application-29-Service,64700
24755,Application-15,M_Req,missing_destination,40,Application-15-Service,EndDevice-15,Application-15-Service,64700
24757,Application-21,M_Req,missing_destination,46,Application-21-Service,EndDevice-21,Application-21-Service,64700
24758,Application-31,M_Req,missing_destination,56,Application-31-Service,EndDevice-31,Application-31-Service,64700
24759,Application-6,M_Req,missing_destination,31,Application-6-Service,EndDevice-6,Application-6-Service,64700
24766,Application-45,M_Req,missing_destination,70,Application-45-Service,EndDevice-45,Application-45-Service,64800
24775,Application-8,M_Req,missing_destination,33,Application-8-Service,EndDevice-8,Application-8-Service,64800
24776,Application-38,M_Req,missing_destination,63,Application-38-Service,EndDevice-38,Application-38-Service,64800
24777,Application-46,M_Req,missing_destination,71,Application-46-Service,EndDevice-46,Application-46-Service,64800
24781,Application-18,M_Req,missing_destination,43,Application-18-Service,EndDevice-18,Application-18-Service,64800
24782,Application-22,M_Req,missing_destination,47,Application-22-Service,EndDevice-22,Application-22-Service,64800
24814,Application-45,M_Req,missing_destination,70,Application-45-Service,EndDevice-45,Application-45-Service,64900
24825,Application-46,M_Req,missing_destination,71,Application-46-Service,EndDevice-46,Application-46-Service,64900
24841,Application-44,M_Req,missing_destination,69,Application-44-Service,EndDevice-44,Application-44-Service,65000
24843,Application-15,M_Req,missing_destination,40,Application-15-Service,EndDevice-15,Application-15-Service,65000
24844,Application-31,M_Req,missing_destination,56,Application-31-Service,EndDevice-31,Application-31-Service,65000
24847,Application-7,M_Req,missing_destination,32,Application-7-Service,EndDevice-7,Application-7-Service,65000
24860,Application-39,M_Req,missing_destination,64,Application-39-Service,EndDevice-39,Application-39-Service,65000
24862,Application-14,M_Req,missing_destination,39,Application-14-Service,EndDevice-14,Application-14-Service,65000
24864,Application-4,M_Req,missing_destination,29,Application-4-Service,EndDevice-4,Application-4-Service,65000
24873,Application-25,M_Req,missing_destination,50,Application-25-Service,EndDevice-25,Application-25-Service,65100
24889,Application-44,M_Req,missing_destination,69,Application-44-Service,EndDevice-44,Application-44-Service,65100
24891,Application-15,M_Req,missing_destination,40,Application-15-Service,EndDevice-15,Application-15-Service,65100
24892,Application-31,M_Req,missing_destination,56,Application-31-Service,EndDevice-31,Application-31-Service,65100
24895,Application-7,M_Req,missing_destination,32,Application-7-Service,EndDevice-7,Application-7-Service,65100
24908,Application-39,M_Req,missing_destination,64,Application-39-Service,EndDevice-39,Application-39-Service,65100
24910,Application-14,M_Req,missing_destination,39,Application-14-Service,EndDevice-14,Application-14-Service,65100
24912,Application-4,M_Req,missing_destination,29,Application-4-Service,EndDevice-4,Application-4-Service,65100
24920,Application-25,M_Req,missing_destination,50,Application-25-Service,EndDevice-25,Application-25-Service,65200
24933,Application-44,M_Req,missing_destination,69,Application-44-Service,EndDevice-44,Application-44-Service,65200
24943,Application-48,M_Req,missing_destination,73,Application-48-Service,EndDevice-48,Application-48-Service,65300
24945,Application-32,M_Req,missing_destination,57,Application-32-Service,EndDevice-32,Application-32-Service,65300
24957,Application-17,M_Req,missing_destination,42,Application-17-Service,EndDevice-17,Application-17-Service,65300
24964,Application-30,M_Req,missing_destination,55,Application-30-Service,EndDevice-30,Application-30-Service,65300
24966,Application-40,M_Req,missing_destination,65,Application-40-Service,EndDevice-40,Application-40-Service,65300
24968,Application-25,M_Req,missing_destination,50,Application-25-Service,EndDevice-25,Application-25-Service,65300
24975,Application-16,M_Req,missing_destination,41,Application-16-Service,EndDevice-16,Application-16-Service,65300
24981,Application-44,M_Req,missing_destination,69,Application-44-Service,EndDevice-44,Application-44-Service,65300
25005,Application-30,M_Req,missing_destination,55,Application-30-Service,EndDevice-30,Application-30-Service,65400
25007,Application-40,M_Req,missing_destination,65,Application-40-Service,EndDevice-40,Application-40-Service,65400
25008,Application-25,M_Req,missing_destination,50,Application-25-Service,EndDevice-25,Application-25-Service,65400
25071,Application-2,M_Req,missing_destination,27,Application-2-Service,EndDevice-2,Application-2-Service,65600
25073,Application-10,M_Req,missing_destination,35,Application-10-Service,EndDevice-10,Application-10-Service,65600
25074,Application-16,M_Req,missing_destination,41,Application-16-Service,EndDevice-16,Application-16-Service,65600
25077,Application-8,M_Req,missing_destination,33,Application-8-Service,EndDevice-8,Application-8-Service,65600
25078,Application-32,M_Req,missing_destination,57,Application-32-Service,EndDevice-32,Application-32-Service,65600
25079,Application-48,M_Req,missing_destination,73,Application-48-Service,EndDevice-48,Application-48-Service,65600
25081,Application-1,M_Req,missing_destination,26,Application-1-Service,EndDevice-1,Application-1-Service,65600
25082,Application-11,M_Req,missing_destination,36,Application-11-Service,EndDevice-11,Application-11-Service,65600
25083,Application-3,M_Req,missing_destination,28,Application-3-Service,EndDevice-3,Application-3-Service,65600
25098,Application-41,M_Req,missing_destination,66,Application-41-Service,EndDevice-41,Application-41-Service,65700
25102,Application-43,M_Req,missing_destination,68,Application-43-Service,EndDevice-43,Application-43-Service,65700
25119,Application-2,M_Req,missing_destination,27,Application-2-Service,EndDevice-2,Application-2-Service,65700
25121,Application-10,M_Req,missing_destination,35,Application-10-Service,EndDevice-10,Application-10-Service,65700
25122,Application-16,M_Req,missing_destination,41,Application-16-Service,EndDevice-16,Application-16-Service,65700
25125,Application-8,M_Req,missing_destination,33,Application-8-Service,EndDevice-8,Application-8-Service,65700
25126,Application-32,M_Req,missing_destination,57,Application-32-Service,EndDevice-32,Application-32-Service,65700
25127,Application-48,M_Req,missing_destination,73,Application-48-Service,EndDevice-48,Application-48-Service,65700
25129,Application-1,M_Req,missing_destination,26,Application-1-Service,EndDevice-1,Application-1-Service,65700
25130,Application-11,M_Req,missing_destination,36,Application-11-Service,EndDevice-11,Application-11-Service,65700
25131,Application-3,M_Req,missing_destination,28,Application-3-Service,EndDevice-3,Application-3-Service,65700
25173,Application-11,M_Req,missing_destination,36,Application-11-Service,EndDevice-11,Application-11-Service,65900
25191,Application-25,M_Req,missing_destination,50,Application-25-Service,EndDevice-25,Application-25-Service,65900
25193,Application-41,M_Req,missing_destination,66,Application-41-Service,EndDevice-41,Application-41-Service,65900
25217,Application-8,M_Req,missing_destination,33,Application-8-Service,EndDevice-8,Application-8-Service,65900
25218,Application-32,M_Req,missing_destination,57,Application-32-Service,EndDevice-32,Application-32-Service,65900
25221,Application-11,M_Req,missing_destination,36,Application-11-Service,EndDevice-11,Application-11-Service,66000
25237,Application-25,M_Req,missing_destination,50,Application-25-Service,EndDevice-25,Application-25-Service,66000
25239,Application-41,M_Req,missing_destination,66,Application-41-Service,EndDevice-41,Application-41-Service,66000
25269,Application-11,M_Req,missing_destination,36,Application-11-Service,EndDevice-11,Application-11-Service,66100
25285,Application-25,M_Req,missing_destination,50,Application-25-Service,EndDevice-25,Application-25-Service,66100
25304,Application-9,M_Req,missing_destination,34,Application-9-Service,EndDevice-9,Application-9-Service,66200
25307,Application-7,M_Req,missing_destination,32,Application-7-Service,EndDevice-7,Application-7-Service,66200
25308,Application-23,M_Req,missing_destination,48,Application-23-Service,EndDevice-23,Application-23-Service,66200
25314,Application-1,M_Req,missing_destination,26,Application-1-Service,EndDevice-1,Application-1-Service,66200
25315,Application-11,M_Req,missing_destination,36,Application-11-Service,EndDevice-11,Application-11-Service,66200
25318,Application-15,M_Req,missing_destination,40,Application-15-Service,EndDevice-15,Application-15-Service,66200
25321,Application-42,M_Req,missing_destination,67,Application-42-Service,EndDevice-42,Application-42-Service,66200
25334,Application-39,M_Req,missing_destination,64,Application-39-Service,EndDevice-39,Application-39-Service,66300
25352,Application-9,M_Req,missing_destination,34,Application-9-Service,EndDevice-9,Application-9-Service,66300
25355,Application-7,M_Req,missing_destination,32,Application-7-Service,EndDevice-7,Application-7-Service,66300
25356,Application-23,M_Req,missing_destination,48,Application-23-Service,EndDevice-23,Application-23-Service,66300
25362,Application-1,M_Req,missing_destination,26,Application-1-Service,EndDevice-1,Application-1-Service,66300
25363,Application-11,M_Req,missing_destination,36,Application-11-Service,EndDevice-11,Application-11-Service,66300
25366,Application-15,M_Req,missing_destination,40,Application-15-Service,EndDevice-15,Application-15-Service,66300
25369,Application-42,M_Req,missing_destination,67,Application-42-Service,EndDevice-42,Application-42-Service,66300
25380,Application-39,M_Req,missing_destination,64,Application-39-Service,EndDevice-39,Application-39-Service,66400
25392,Application-9,M_Req,missing_destination,34,Application-9-Service,EndDevice-9,Application-9-Service,66400
25395,Application-7,M_Req,missing_destination,32,Application-7-Service,EndDevice-7,Application-7-Service,66400
25396,Application-23,M_Req,missing_destination,48,Application-23-Service,EndDevice-23,Application-23-Service,66400
25409,Application-42,M_Req,missing_destination,67,Application-42-Service,EndDevice-42,Application-42-Service,66500
25417,Application-22,M_Req,missing_destination,47,Application-22-Service,EndDevice-22,Application-22-Service,66500
25428,Application-39,M_Req,missing_destination,64,Application-39-Service,EndDevice-39,Application-39-Service,66500
25432,Application-18,M_Req,missing_destination,43,Application-18-Service,EndDevice-18,Application-18-Service,66500
25437,Application-2,M_Req,missing_destination,27,Application-2-Service,EndDevice-2,Application-2-Service,66500
25438,Application-10,M_Req,missing_destination,35,Application-10-Service,EndDevice-10,Application-10-Service,66500
25440,Application-9,M_Req,missing_destination,34,Application-9-Service,EndDevice-9,Application-9-Service,66500
25443,Application-7,M_Req,missing_destination,32,Application-7-Service,EndDevice-7,Application-7-Service,66500
25444,Application-23,M_Req,missing_destination,48,Application-23-Service,EndDevice-23,Application-23-Service,66500
25447,Application-26,M_Req,missing_destination,51,Application-26-Service,EndDevice-26,Application-26-Service,66500
25448,Application-34,M_Req,missing_destination,59,Application-34-Service,EndDevice-34,Application-34-Service,66500
25456,Application-42,M_Req,missing_destination,67,Application-42-Service,EndDevice-42,Application-42-Service,66600
25463,Application-22,M_Req,missing_destination,47,Application-22-Service,EndDevice-22,Application-22-Service,66600
25472,Application-39,M_Req,missing_destination,64,Application-39-Service,EndDevice-39,Application-39-Service,66600
25476,Application-18,M_Req,missing_destination,43,Application-18-Service,EndDevice-18,Application-18-Service,66600
25520,Application-39,M_Req,missing_destination,64,Application-39-Service,EndDevice-39,Application-39-Service,66700
25527,Application-2,M_Req,missing_destination,27,Application-2-Service,EndDevice-2,Application-2-Service,66800
25528,Application-10,M_Req,missing_destination,35,Application-10-Service,EndDevice-10,Application-10-Service,66800
25534,Application-26,M_Req,missing_destination,51,Application-26-Service,EndDevice-26,Application-26-Service,66800
25535,Application-34,M_Req,missing_destination,59,Application-34-Service,EndDevice-34,Application-34-Service,66800
25547,Application-30,M_Req,missing_destination,55,Application-30-Service,EndDevice-30,Application-30-Service,66800
25550,Application-14,M_Req,missing_destination,39,Application-14-Service,EndDevice-14,Application-14-Service,66800
25554,Application-47,M_Req,missing_destination,72,Application-47-Service,EndDevice-47,Application-47-Service,66800
25559,Application-28,M_Req,missing_destination,53,Application-28-Service,EndDevice-28,Application-28-Service,66900
25564,Application-18,M_Req,missing_destination,43,Application-18-Service,EndDevice-18,Application-18-Service,66900
25575,Application-2,M_Req,missing_destination,27,Application-2-Service,EndDevice-2,Application-2-Service,66900
25576,Application-10,M_Req,missing_destination,35,Application-10-Service,EndDevice-10,Application-10-Service,66900
25582,Application-26,M_Req,missing_destination,51,Application-26-Service,EndDevice-26,Application-26-Service,66900
25583,Application-34,M_Req,missing_destination,59,Application-34-Service,EndDevice-34,Application-34-Service,66900
25595,Application-30,M_Req,missing_destination,55,Application-30-Service,EndDevice-30,Application-30-Service,66900
25598,Application-14,M_Req,missing_destination,39,Application-14-Service,EndDevice-14,Application-14-Service,66900
25602,Application-47,M_Req,missing_destination,72,Application-47-Service,EndDevice-47,Application-47-Service,66900
25606,Application-28,M_Req,missing_destination,53,Application-28-Service,EndDevice-28,Application-28-Service,67000
25648,Application-19,M_Req,missing_destination,44,Application-19-Service,EndDevice-19,Application-19-Service,67100
25653,Application-40,M_Req,missing_destination,65,Application-40-Service,EndDevice-40,Application-40-Service,67100
25654,Application-28,M_Req,missing_destination,53,Application-28-Service,EndDevice-28,Application-28-Service,67100
25657,Application-20,M_Req,missing_destination,45,Application-20-Service,EndDevice-20,Application-20-Service,67100
25675,Application-48,M_Req,missing_destination,73,Application-48-Service,EndDevice-48,Application-48-Service,67100
25691,Application-19,M_Req,missing_destination,44,Application-19-Service,EndDevice-19,Application-19-Service,67200
25696,Application-40,M_Req,missing_destination,65,Application-40-Service,EndDevice-40,Application-40-Service,67200
25697,Application-28,M_Req,missing_destination,53,Application-28-Service,EndDevice-28,Application-28-Service,67200
25700,Application-20,M_Req,missing_destination,45,Application-20-Service,EndDevice-20,Application-20-Service,67200
25744,Application-40,M_Req,missing_destination,65,Application-40-Service,EndDevice-40,Application-40-Service,67300
25745,Application-28,M_Req,missing_destination,53,Application-28-Service,EndDevice-28,Application-28-Service,67300
25748,Application-20,M_Req,missing_destination,45,Application-20-Service,EndDevice-20,Application-20-Service,67300
25763,Application-31,M_Req,missing_destination,56,Application-31-Service,EndDevice-31,Application-31-Service,67400
25766,Application-24,M_Req,missing_destination,49,Application-24-Service,EndDevice-24,Application-24-Service,67400
25772,Application-1,M_Req,missing_destination,26,Application-1-Service,EndDevice-1,Application-1-Service,67400
25775,Application-33,M_Req,missing_destination,58,Application-33-Service,EndDevice-33,Application-33-Service,67400
25778,Application-47,M_Req,missing_destination,72,Application-47-Service,EndDevice-47,Application-47-Service,67400
25780,Application-8,M_Req,missing_destination,33,Application-8-Service,EndDevice-8,Application-8-Service,67400
25784,Application-18,M_Req,missing_destination,43,Application-18-Service,EndDevice-18,Application-18-Service,67400
25786,Application-28,M_Req,missing_destination,53,Application-28-Service,EndDevice-28,Application-28-Service,67500
25789,Application-20,M_Req,missing_destination,45,Application-20-Service,EndDevice-20,Application-20-Service,67500
25811,Application-31,M_Req,missing_destination,56,Application-31-Service,EndDevice-31,Application-31-Service,67500
25814,Application-24,M_Req,missing_destination,49,Application-24-Service,EndDevice-24,Application-24-Service,67500
25820,Application-1,M_Req,missing_destination,26,Application-1-Service,EndDevice-1,Application-1-Service,67500
25823,Application-33,M_Req,missing_destination,58,Application-33-Service,EndDevice-33,Application-33-Service,67500
25826,Application-47,M_Req,missing_destination,72,Application-47-Service,EndDevice-47,Application-47-Service,67500
25828,Application-8,M_Req,missing_destination,33,Application-8-Service,EndDevice-8,Application-8-Service,67500
25832,Application-18,M_Req,missing_destination,43,Application-18-Service,EndDevice-18,Application-18-Service,67500
25837,Application-20,M_Req,missing_destination,45,Application-20-Service,EndDevice-20,Application-20-Service,67600
25856,Application-24,M_Req,missing_destination,49,Application-24-Service,EndDevice-24,Application-24-Service,67600
25865,Application-47,M_Req,missing_destination,72,Application-47-Service,EndDevice-47,Application-47-Service,67700
25870,Application-23,M_Req,missing_destination,48,Application-23-Service,EndDevice-23,Application-23-Service,67700
25882,Application-28,M_Req,missing_destination,53,Application-28-Service,EndDevice-28,Application-28-Service,67700
25885,Application-20,M_Req,missing_destination,45,Application-20-Service,EndDevice-20,Application-20-Service,67700
25890,Application-39,M_Req,missing_destination,64,Application-39-Service,EndDevice-39,Application-39-Service,67700
25901,Application-31,M_Req,missing_destination,56,Application-31-Service,EndDevice-31,Application-31-Service,67700
25904,Application-24,M_Req,missing_destination,49,Application-24-Service,EndDevice-24,Application-24-Service,67700
25913,Application-47,M_Req,missing_destination,72,Application-47-Service,EndDevice-47,Application-47-Service,67800
25916,Application-23,M_Req,missing_destination,48,Application-23-Service,EndDevice-23,Application-23-Service,67800
25926,Application-28,M_Req,missing_destination,53,Application-28-Service,EndDevice-28,Application-28-Service,67800
25929,Application-20,M_Req,missing_destination,45,Application-20-Service,EndDevice-20,Application-20-Service,67800
25933,Application-39,M_Req,missing_destination,64,Application-39-Service,EndDevice-39,Application-39-Service,67800
25961,Application-47,M_Req,missing_destination,72,Application-47-Service,EndDevice-47,Application-47-Service,67900
25964,Application-23,M_Req,missing_destination,48,Application-23-Service,EndDevice-23,Application-23-Service,67900
25977,Application-20,M_Req,missing_destination,45,Application-20-Service,EndDevice-20,Application-20-Service,67900
25981,Application-39,M_Req,missing_destination,64,Application-39-Service,EndDevice-39,Application-39-Service,67900
25993,Application-41,M_Req,missing_destination,66,Application-41-Service,EndDevice-41,Application-41-Service,68000
25999,Application-25,M_Req,missing_destination,50,Application-25-Service,EndDevice-25,Application-25-Service,68000
26002,Application-9,M_Req,missing_destination,34,Application-9-Service,EndDevice-9,Application-9-Service,68000
26008,Application-47,M_Req,missing_destination,72,Application-47-Service,EndDevice-47,Application-47-Service,68000
26013,Application-21,M_Req,missing_destination,46,Application-21-Service,EndDevice-21,Application-21-Service,68000
26041,Application-41,M_Req,missing_destination,66,Application-41-Service,EndDevice-41,Application-41-Service,68100
26047,Application-25,M_Req,missing_destination,50,Application-25-Service,EndDevice-25,Application-25-Service,68100
26050,Application-9,M_Req,missing_destination,34,Application-9-Service,EndDevice-9,Application-9-Service,68100
26056,Application-47,M_Req,missing_destination,72,Application-47-Service,EndDevice-47,Application-47-Service,68100
26061,Application-21,M_Req,missing_destination,46,Application-21-Service,EndDevice-21,Application-21-Service,68100
26095,Application-47,M_Req,missing_destination,72,Application-47-Service,EndDevice-47,Application-47-Service,68300
26097,Application-36,M_Req,missing_destination,61,Application-36-Service,EndDevice-36,Application-36-Service,68300
26098,Application-15,M_Req,missing_destination,40,Application-15-Service,EndDevice-15,Application-15-Service,68300
26099,Application-12,M_Req,missing_destination,37,Application-12-Service,EndDevice-12,Application-12-Service,68300
26104,Application-28,M_Req,missing_destination,53,Application-28-Service,EndDevice-28,Application-28-Service,68300
26106,Application-48,M_Req,missing_destination,73,Application-48-Service,EndDevice-48,Application-48-Service,68300
26111,Application-18,M_Req,missing_destination,43,Application-18-Service,EndDevice-18,Application-18-Service,68300
26116,Application-35,M_Req,missing_destination,60,Application-35-Service,EndDevice-35,Application-35-Service,68300
26121,Application-39,M_Req,missing_destination,64,Application-39-Service,EndDevice-39,Application-39-Service,68300
26123,Application-23,M_Req,missing_destination,48,Application-23-Service,EndDevice-23,Application-23-Service,68300
26128,Application-37,M_Req,missing_destination,62,Application-37-Service,EndDevice-37,Application-37-Service,68300
26135,Application-29,M_Req,missing_destination,54,Application-29-Service,EndDevice-29,Application-29-Service,68300
26140,Application-7,M_Req,missing_destination,32,Application-7-Service,EndDevice-7,Application-7-Service,68300
26143,Application-36,M_Req,missing_destination,61,Application-36-Service,EndDevice-36,Application-36-Service,68400
26144,Application-15,M_Req,missing_destination,40,Application-15-Service,EndDevice-15,Application-15-Service,68400
26145,Application-12,M_Req,missing_destination,37,Application-12-Service,EndDevice-12,Application-12-Service,68400
26157,Application-35,M_Req,missing_destination,60,Application-35-Service,EndDevice-35,Application-35-Service,68400
26162,Application-39,M_Req,missing_destination,64,Application-39-Service,EndDevice-39,Application-39-Service,68400
26164,Application-23,M_Req,missing_destination,48,Application-23-Service,EndDevice-23,Application-23-Service,68400
26191,Application-36,M_Req,missing_destination,61,Application-36-Service,EndDevice-36,Application-36-Service,68500
26193,Application-12,M_Req,missing_destination,37,Application-12-Service,EndDevice-12,Application-12-Service,68500
26205,Application-35,M_Req,missing_destination,60,Application-35-Service,EndDevice-35,Application-35-Service,68500
26221,Application-25,M_Req,missing_destination,50,Application-25-Service,EndDevice-25,Application-25-Service,68600
26222,Application-9,M_Req,missing_destination,34,Application-9-Service,EndDevice-9,Application-9-Service,68600
26223,Application-7,M_Req,missing_destination,32,Application-7-Service,EndDevice-7,Application-7-Service,68600
26224,Application-47,M_Req,missing_destination,72,Application-47-Service,EndDevice-47,Application-47-Service,68600
26234,Application-36,M_Req,missing_destination,61,Application-36-Service,EndDevice-36,Application-36-Service,68600
26235,Application-12,M_Req,missing_destination,37,Application-12-Service,EndDevice-12,Application-12-Service,68600
26240,Application-31,M_Req,missing_destination,56,Application-31-Service,EndDevice-31,Application-31-Service,68600
26251,Application-39,M_Req,missing_destination,64,Application-39-Service,EndDevice-39,Application-39-Service,68700
26269,Application-25,M_Req,missing_destination,50,Application-25-Service,EndDevice-25,Application-25-Service,68700
26270,Application-9,M_Req,missing_destination,34,Application-9-Service,EndDevice-9,Application-9-Service,68700
26271,Application-7,M_Req,missing_destination,32,Application-7-Service,EndDevice-7,Application-7-Service,68700
26272,Application-47,M_Req,missing_destination,72,Application-47-Service,EndDevice-47,Application-47-Service,68700
26282,Application-36,M_Req,missing_destination,61,Application-36-Service,EndDevice-36,Application-36-Service,68700
26283,Application-12,M_Req,missing_destination,37,Application-12-Service,EndDevice-12,Application-12-Service,68700
26288,Application-31,M_Req,missing_destination,56,Application-31-Service,EndDevice-31,Application-31-Service,68700
26298,Application-39,M_Req,missing_destination,64,Application-39-Service,EndDevice-39,Application-39-Service,68800
26312,Application-25,M_Req,missing_destination,50,Application-25-Service,EndDevice-25,Application-25-Service,68800
26313,Application-9,M_Req,missing_destination,34,Application-9-Service,EndDevice-9,Application-9-Service,68800
26314,Application-7,M_Req,missing_destination,32,Application-7-Service,EndDevice-7,Application-7-Service,68800
26315,Application-47,M_Req,missing_destination,72,Application-47-Service,EndDevice-47,Application-47-Service,68800
26324,Application-30,M_Req,missing_destination,55,Application-30-Service,EndDevice-30,Application-30-Service,68900
26329,Application-42,M_Req,missing_destination,67,Application-42-Service,EndDevice-42,Application-42-Service,68900
26331,Application-18,M_Req,missing_destination,43,Application-18-Service,EndDevice-18,Application-18-Service,68900
26338,Application-3,M_Req,missing_destination,28,Application-3-Service,EndDevice-3,Application-3-Service,68900
26346,Application-39,M_Req,missing_destination,64,Application-39-Service,EndDevice-39,Application-39-Service,68900
26351,Application-26,M_Req,missing_destination,51,Application-26-Service,EndDevice-26,Application-26-Service,68900
26360,Application-25,M_Req,missing_destination,50,Application-25-Service,EndDevice-25,Application-25-Service,68900
26361,Application-9,M_Req,missing_destination,34,Application-9-Service,EndDevice-9,Application-9-Service,68900
26362,Application-7,M_Req,missing_destination,32,Application-7-Service,EndDevice-7,Application-7-Service,68900
26363,Application-47,M_Req,missing_destination,72,Application-47-Service,EndDevice-47,Application-47-Service,68900
26365,Application-19,M_Req,missing_destination,44,Application-19-Service,EndDevice-19,Application-19-Service,68900
26370,Application-30,M_Req,missing_destination,55,Application-30-Service,EndDevice-30,Application-30-Service,69000
26375,Application-42,M_Req,missing_destination,67,Application-42-Service,EndDevice-42,Application-42-Service,69000
26382,Application-3,M_Req,missing_destination,28,Application-3-Service,EndDevice-3,Application-3-Service,69000
26390,Application-39,M_Req,missing_destination,64,Application-39-Service,EndDevice-39,Application-39-Service,69000
26394,Application-26,M_Req,missing_destination,51,Application-26-Service,EndDevice-26,Application-26-Service,69000
26423,Application-42,M_Req,missing_destination,67,Application-42-Service,EndDevice-42,Application-42-Service,69100
26430,Application-3,M_Req,missing_destination,28,Application-3-Service,EndDevice-3,Application-3-Service,69100
26442,Application-26,M_Req,missing_destination,51,Application-26-Service,EndDevice-26,Application-26-Service,69100
26454,Application-2,M_Req,missing_destination,27,Application-2-Service,EndDevice-2,Application-2-Service,69200
26456,Application-21,M_Req,missing_destination,46,Application-21-Service,EndDevice-21,Application-21-Service,69200
26458,Application-10,M_Req,missing_destination,35,Application-10-Service,EndDevice-10,Application-10-Service,69200
26462,Application-1,M_Req,missing_destination,26,Application-1-Service,EndDevice-1,Application-1-Service,69200
26466,Application-20,M_Req,missing_destination,45,Application-20-Service,EndDevice-20,Application-20-Service,69200
26467,Application-42,M_Req,missing_destination,67,Application-42-Service,EndDevice-42,Application-42-Service,69200
26468,Application-17,M_Req,missing_destination,42,Application-17-Service,EndDevice-17,Application-17-Service,69200
26469,Application-36,M_Req,missing_destination,61,Application-36-Service,EndDevice-36,Application-36-Service,69200
26472,Application-3,M_Req,missing_destination,28,Application-3-Service,EndDevice-3,Application-3-Service,69200
26475,Application-32,M_Req,missing_destination,57,Application-32-Service,EndDevice-32,Application-32-Service,69300
26476,Application-35,M_Req,missing_destination,60,Application-35-Service,EndDevice-35,Application-35-Service,69300
26478,Application-22,M_Req,missing_destination,47,Application-22-Service,EndDevice-22,Application-22-Service,69300
26502,Application-2,M_Req,missing_destination,27,Application-2-Service,EndDevice-2,Application-2-Service,69300
26504,Application-21,M_Req,missing_destination,46,Application-21-Service,EndDevice-21,Application-21-Service,69300
26506,Application-10,M_Req,missing_destination,35,Application-10-Service,EndDevice-10,Application-10-Service,69300
26510,Application-1,M_Req,missing_destination,26,Application-1-Service,EndDevice-1,Application-1-Service,69300
26514,Application-20,M_Req,missing_destination,45,Application-20-Service,EndDevice-20,Application-20-Service,69300
26515,Application-42,M_Req,missing_destination,67,Application-42-Service,EndDevice-42,Application-42-Service,69300
26516,Application-17,M_Req,missing_destination,42,Application-17-Service,EndDevice-17,Application-17-Service,69300
26517,Application-36,M_Req,missing_destination,61,Application-36-Service,EndDevice-36,Application-36-Service,69300
26520,Application-3,M_Req,missing_destination,28,Application-3-Service,EndDevice-3,Application-3-Service,69300
26550,Application-1,M_Req,missing_destination,26,Application-1-Service,EndDevice-1,Application-1-Service,69500
26556,Application-17,M_Req,missing_destination,42,Application-17-Service,EndDevice-17,Application-17-Service,69500
26558,Application-27,M_Req,missing_destination,52,Application-27-Service,EndDevice-27,Application-27-Service,69500
26559,Application-3,M_Req,missing_destination,28,Application-3-Service,EndDevice-3,Application-3-Service,69500
26565,Application-41,M_Req,missing_destination,66,Application-41-Service,EndDevice-41,Application-41-Service,69500
26573,Application-4,M_Req,missing_destination,29,Application-4-Service,EndDevice-4,Application-4-Service,69500
26576,Application-34,M_Req,missing_destination,59,Application-34-Service,EndDevice-34,Application-34-Service,69500
26586,Application-44,M_Req,missing_destination,69,Application-44-Service,EndDevice-44,Application-44-Service,69500
26591,Application-28,M_Req,missing_destination,53,Application-28-Service,EndDevice-28,Application-28-Service,69500
26594,Application-33,M_Req,missing_destination,58,Application-33-Service,EndDevice-33,Application-33-Service,69500
26598,Application-1,M_Req,missing_destination,26,Application-1-Service,EndDevice-1,Application-1-Service,69600
26603,Application-17,M_Req,missing_destination,42,Application-17-Service,EndDevice-17,Application-17-Service,69600
26605,Application-27,M_Req,missing_destination,52,Application-27-Service,EndDevice-27,Application-27-Service,69600
26606,Application-3,M_Req,missing_destination,28,Application-3-Service,EndDevice-3,Application-3-Service,69600
26612,Application-41,M_Req,missing_destination,66,Application-41-Service,EndDevice-41,Application-41-Service,69600
26618,Application-4,M_Req,missing_destination,29,Application-4-Service,EndDevice-4,Application-4-Service,69600
26620,Application-34,M_Req,missing_destination,59,Application-34-Service,EndDevice-34,Application-34-Service,69600
26682,Application-16,M_Req,missing_destination,41,Application-16-Service,EndDevice-16,Application-16-Service,69800
26686,Application-24,M_Req,missing_destination,49,Application-24-Service,EndDevice-24,Application-24-Service,69800
26687,Application-40,M_Req,missing_destination,65,Application-40-Service,EndDevice-40,Application-40-Service,69800
26689,Application-32,M_Req,missing_destination,57,Application-32-Service,EndDevice-32,Application-32-Service,69800
26695,Application-17,M_Req,missing_destination,42,Application-17-Service,EndDevice-17,Application-17-Service,69800
26701,Application-10,M_Req,missing_destination,35,Application-10-Service,EndDevice-10,Application-10-Service,69800
26730,Application-16,M_Req,missing_destination,41,Application-16-Service,EndDevice-16,Application-16-Service,69900
26734,Application-24,M_Req,missing_destination,49,Application-24-Service,EndDevice-24,Application-24-Service,69900
26735,Application-40,M_Req,missing_destination,65,Application-40-Service,EndDevice-40,Application-40-Service,69900
26737,Application-32,M_Req,missing_destination,57,Application-32-Service,EndDevice-32,Application-32-Service,69900
26743,Application-17,M_Req,missing_destination,42,Application-17-Service,EndDevice-17,Application-17-Service,69900
26749,Application-10,M_Req,missing_destination,35,Application-10-Service,EndDevice-10,Application-10-Service,69900
26794,Application-10,M_Req,missing_destination,35,Application-10-Service,EndDevice-10,Application-10-Service,70100
26826,Application-40,M_Req,missing_destination,65,Application-40-Service,EndDevice-40,Application-40-Service,70100
26828,Application-32,M_Req,missing_destination,57,Application-32-Service,EndDevice-32,Application-32-Service,70100
26841,Application-10,M_Req,missing_destination,35,Application-10-Service,EndDevice-10,Application-10-Service,70200
26924,Application-27,M_Req,missing_destination,52,Application-27-Service,EndDevice-27,Application-27-Service,70400
26938,Application-35,M_Req,missing_destination,60,Application-35-Service,EndDevice-35,Application-35-Service,70500
26972,Application-27,M_Req,missing_destination,52,Application-27-Service,EndDevice-27,Application-27-Service,70500
26985,Application-35,M_Req,missing_destination,60,Application-35-Service,EndDevice-35,Application-35-Service,70600
27019,Application-3,M_Req,missing_destination,28,Application-3-Service,EndDevice-3,Application-3-Service,70700
27028,Application-5,M_Req,missing_destination,30,Application-5-Service,EndDevice-5,Application-5-Service,70700
27031,Application-46,M_Req,missing_destination,71,Application-46-Service,EndDevice-46,Application-46-Service,70700
27032,Application-6,M_Req,missing_destination,31,Application-6-Service,EndDevice-6,Application-6-Service,70700
27033,Application-35,M_Req,missing_destination,60,Application-35-Service,EndDevice-35,Application-35-Service,70700
27035,Application-34,M_Req,missing_destination,59,Application-34-Service,EndDevice-34,Application-34-Service,70700
27040,Application-4,M_Req,missing_destination,29,Application-4-Service,EndDevice-4,Application-4-Service,70700
27044,Application-44,M_Req,missing_destination,69,Application-44-Service,EndDevice-44,Application-44-Service,70700
27051,Application-28,M_Req,missing_destination,53,Application-28-Service,EndDevice-28,Application-28-Service,70700
27054,Application-36,M_Req,missing_destination,61,Application-36-Service,EndDevice-36,Application-36-Service,70700
27056,Application-20,M_Req,missing_destination,45,Application-20-Service,EndDevice-20,Application-20-Service,70700
27065,Application-3,M_Req,missing_destination,28,Application-3-Service,EndDevice-3,Application-3-Service,70800
27073,Application-5,M_Req,missing_destination,30,Application-5-Service,EndDevice-5,Application-5-Service,70800
27074,Application-6,M_Req,missing_destination,31,Application-6-Service,EndDevice-6,Application-6-Service,70800
27075,Application-35,M_Req,missing_destination,60,Application-35-Service,EndDevice-35,Application-35-Service,70800
27077,Application-34,M_Req,missing_destination,59,Application-34-Service,EndDevice-34,Application-34-Service,70800
27082,Application-4,M_Req,missing_destination,29,Application-4-Service,EndDevice-4,Application-4-Service,70800
27084,Application-44,M_Req,missing_destination,69,Application-44-Service,EndDevice-44,Application-44-Service,70800
27113,Application-3,M_Req,missing_destination,28,Application-3-Service,EndDevice-3,Application-3-Service,70900
27121,Application-5,M_Req,missing_destination,30,Application-5-Service,EndDevice-5,Application-5-Service,70900
27125,Application-34,M_Req,missing_destination,59,Application-34-Service,EndDevice-34,Application-34-Service,70900
27130,Application-4,M_Req,missing_destination,29,Application-4-Service,EndDevice-4,Application-4-Service,70900
27137,Application-15,M_Req,missing_destination,40,Application-15-Service,EndDevice-15,Application-15-Service,71000
27138,Application-28,M_Req,missing_destination,53,Application-28-Service,EndDevice-28,Application-28-Service,71000
27139,Application-36,M_Req,missing_destination,61,Application-36-Service,EndDevice-36,Application-36-Service,71000
27141,Application-20,M_Req,missing_destination,45,Application-20-Service,EndDevice-20,Application-20-Service,71000
27143,Application-47,M_Req,missing_destination,72,Application-47-Service,EndDevice-47,Application-47-Service,71000
27145,Application-23,M_Req,missing_destination,48,Application-23-Service,EndDevice-23,Application-23-Service,71000
27151,Application-31,M_Req,missing_destination,56,Application-31-Service,EndDevice-31,Application-31-Service,71000
27152,Application-42,M_Req,missing_destination,67,Application-42-Service,EndDevice-42,Application-42-Service,71000
27154,Application-39,M_Req,missing_destination,64,Application-39-Service,EndDevice-39,Application-39-Service,71000
27157,Application-3,M_Req,missing_destination,28,Application-3-Service,EndDevice-3,Application-3-Service,71000
27160,Application-29,M_Req,missing_destination,54,Application-29-Service,EndDevice-29,Application-29-Service,71000
27166,Application-34,M_Req,missing_destination,59,Application-34-Service,EndDevice-34,Application-34-Service,71100
27169,Application-4,M_Req,missing_destination,29,Application-4-Service,EndDevice-4,Application-4-Service,71100
27171,Application-44,M_Req,missing_destination,69,Application-44-Service,EndDevice-44,Application-44-Service,71100
27185,Application-15,M_Req,missing_destination,40,Application-15-Service,EndDevice-15,Application-15-Service,71100
27186,Application-28,M_Req,missing_destination,53,Application-28-Service,EndDevice-28,Application-28-Service,71100
27187,Application-36,M_Req,missing_destination,61,Application-36-Service,EndDevice-36,Application-36-Service,71100
27189,Application-20,M_Req,missing_destination,45,Application-20-Service,EndDevice-20,Application-20-Service,71100
27191,Application-47,M_Req,missing_destination,72,Application-47-Service,EndDevice-47,Application-47-Service,71100
27193,Application-23,M_Req,missing_destination,48,Application-23-Service,EndDevice-23,Application-23-Service,71100
27199,Application-31,M_Req,missing_destination,56,Application-31-Service,EndDevice-31,Application-31-Service,71100
27200,Application-42,M_Req,missing_destination,67,Application-42-Service,EndDevice-42,Application-42-Service,71100
27202,Application-39,M_Req,missing_destination,64,Application-39-Service,EndDevice-39,Application-39-Service,71100
27205,Application-3,M_Req,missing_destination,28,Application-3-Service,EndDevice-3,Application-3-Service,71100
27208,Application-29,M_Req,missing_destination,54,Application-29-Service,EndDevice-29,Application-29-Service,71100
27214,Application-34,M_Req,missing_destination,59,Application-34-Service,EndDevice-34,Application-34-Service,71200
27217,Application-44,M_Req,missing_destination,69,Application-44-Service,EndDevice-44,Application-44-Service,71200
27229,Application-36,M_Req,missing_destination,61,Application-36-Service,EndDevice-36,Application-36-Service,71200
27231,Application-20,M_Req,missing_destination,45,Application-20-Service,EndDevice-20,Application-20-Service,71200
27237,Application-30,M_Req,missing_destination,55,Application-30-Service,EndDevice-30,Application-30-Service,71300
27243,Application-14,M_Req,missing_destination,39,Application-14-Service,EndDevice-14,Application-14-Service,71300
27253,Application-5,M_Req,missing_destination,30,Application-5-Service,EndDevice-5,Application-5-Service,71300
27260,Application-35,M_Req,missing_destination,60,Application-35-Service,EndDevice-35,Application-35-Service,71300
27262,Application-34,M_Req,missing_destination,59,Application-34-Service,EndDevice-34,Application-34-Service,71300
27265,Application-44,M_Req,missing_destination,69,Application-44-Service,EndDevice-44,Application-44-Service,71300
27267,Application-45,M_Req,missing_destination,70,Application-45-Service,EndDevice-45,Application-45-Service,71300
27268,Application-7,M_Req,missing_destination,32,Application-7-Service,EndDevice-7,Application-7-Service,71300
27274,Application-12,M_Req,missing_destination,37,Application-12-Service,EndDevice-12,Application-12-Service,71300
27277,Application-36,M_Req,missing_destination,61,Application-36-Service,EndDevice-36,Application-36-Service,71300
27279,Application-20,M_Req,missing_destination,45,Application-20-Service,EndDevice-20,Application-20-Service,71300
27285,Application-30,M_Req,missing_destination,55,Application-30-Service,EndDevice-30,Application-30-Service,71400
27290,Application-14,M_Req,missing_destination,39,Application-14-Service,EndDevice-14,Application-14-Service,71400
27304,Application-35,M_Req,missing_destination,60,Application-35-Service,EndDevice-35,Application-35-Service,71400
27308,Application-44,M_Req,missing_destination,69,Application-44-Service,EndDevice-44,Application-44-Service,71400
27310,Application-45,M_Req,missing_destination,70,Application-45-Service,EndDevice-45,Application-45-Service,71400
27311,Application-7,M_Req,missing_destination,32,Application-7-Service,EndDevice-7,Application-7-Service,71400
27333,Application-30,M_Req,missing_destination,55,Application-30-Service,EndDevice-30,Application-30-Service,71500
27338,Application-14,M_Req,missing_destination,39,Application-14-Service,EndDevice-14,Application-14-Service,71500
27359,Application-7,M_Req,missing_destination,32,Application-7-Service,EndDevice-7,Application-7-Service,71500
27372,Application-41,M_Req,missing_destination,66,Application-41-Service,EndDevice-41,Application-41-Service,71600
27373,Application-33,M_Req,missing_destination,58,Application-33-Service,EndDevice-33,Application-33-Service,71600
27379,Application-9,M_Req,missing_destination,34,Application-9-Service,EndDevice-9,Application-9-Service,71600
27381,Application-14,M_Req,missing_destination,39,Application-14-Service,EndDevice-14,Application-14-Service,71600
27393,Application-6,M_Req,missing_destination,31,Application-6-Service,EndDevice-6,Application-6-Service,71700
27420,Application-41,M_Req,missing_destination,66,Application-41-Service,EndDevice-41,Application-41-Service,71700
27421,Application-33,M_Req,missing_destination,58,Application-33-Service,EndDevice-33,Application-33-Service,71700
27427,Application-9,M_Req,missing_destination,34,Application-9-Service,EndDevice-9,Application-9-Service,71700
27429,Application-14,M_Req,missing_destination,39,Application-14-Service,EndDevice-14,Application-14-Service,71700
27441,Application-6,M_Req,missing_destination,31,Application-6-Service,EndDevice-6,Application-6-Service,71800
27468,Application-39,M_Req,missing_destination,64,Application-39-Service,EndDevice-39,Application-39-Service,71900
27478,Application-13,M_Req,missing_destination,38,Application-13-Service,EndDevice-13,Application-13-Service,71900
27480,Application-36,M_Req,missing_destination,61,Application-36-Service,EndDevice-36,Application-36-Service,71900
27481,Application-29,M_Req,missing_destination,54,Application-29-Service,EndDevice-29,Application-29-Service,71900
27487,Application-9,M_Req,missing_destination,34,Application-9-Service,EndDevice-9,Application-9-Service,71900
27489,Application-6,M_Req,missing_destination,31,Application-6-Service,EndDevice-6,Application-6-Service,71900
27494,Application-17,M_Req,missing_destination,42,Application-17-Service,EndDevice-17,Application-17-Service,71900
27496,Application-19,M_Req,missing_destination,44,Application-19-Service,EndDevice-19,Application-19-Service,71900
27505,Application-15,M_Req,missing_destination,40,Application-15-Service,EndDevice-15,Application-15-Service,71900
27506,Application-47,M_Req,missing_destination,72,Application-47-Service,EndDevice-47,Application-47-Service,71900
27507,Application-23,M_Req,missing_destination,48,Application-23-Service,EndDevice-23,Application-23-Service,71900
27512,Application-21,M_Req,missing_destination,46,Application-21-Service,EndDevice-21,Application-21-Service,71900
27514,Application-5,M_Req,missing_destination,30,Application-5-Service,EndDevice-5,Application-5-Service,71900
27515,Application-39,M_Req,missing_destination,64,Application-39-Service,EndDevice-39,Application-39-Service,72000
27522,Application-13,M_Req,missing_destination,38,Application-13-Service,EndDevice-13,Application-13-Service,72000
27524,Application-36,M_Req,missing_destination,61,Application-36-Service,EndDevice-36,Application-36-Service,72000
27525,Application-29,M_Req,missing_destination,54,Application-29-Service,EndDevice-29,Application-29-Service,72000
27528,Application-9,M_Req,missing_destination,34,Application-9-Service,EndDevice-9,Application-9-Service,72000
27530,Application-6,M_Req,missing_destination,31,Application-6-Service,EndDevice-6,Application-6-Service,72000
27534,Application-17,M_Req,missing_destination,42,Application-17-Service,EndDevice-17,Application-17-Service,72000
27536,Application-19,M_Req,missing_destination,44,Application-19-Service,EndDevice-19,Application-19-Service,72000
27563,Application-39,M_Req,missing_destination,64,Application-39-Service,EndDevice-39,Application-39-Service,72100
27573,Application-29,M_Req,missing_destination,54,Application-29-Service,EndDevice-29,Application-29-Service,72100
27576,Application-9,M_Req,missing_destination,34,Application-9-Service,EndDevice-9,Application-9-Service,72100
27584,Application-19,M_Req,missing_destination,44,Application-19-Service,EndDevice-19,Application-19-Service,72100
27592,Application-38,M_Req,missing_destination,63,Application-38-Service,EndDevice-38,Application-38-Service,72200
27598,Application-21,M_Req,missing_destination,46,Application-21-Service,EndDevice-21,Application-21-Service,72200
27600,Application-5,M_Req,missing_destination,30,Application-5-Service,EndDevice-5,Application-5-Service,72200
27604,Application-45,M_Req,missing_destination,70,Application-45-Service,EndDevice-45,Application-45-Service,72200
27605,Application-37,M_Req,missing_destination,62,Application-37-Service,EndDevice-37,Application-37-Service,72200
27612,Application-4,M_Req,missing_destination,29,Application-4-Service,EndDevice-4,Application-4-Service,72200
27613,Application-28,M_Req,missing_destination,53,Application-28-Service,EndDevice-28,Application-28-Service,72200
27616,Application-29,M_Req,missing_destination,54,Application-29-Service,EndDevice-29,Application-29-Service,72200
27626,Application-48,M_Req,missing_destination,73,Application-48-Service,EndDevice-48,Application-48-Service,72300
27629,Application-18,M_Req,missing_destination,43,Application-18-Service,EndDevice-18,Application-18-Service,72300
27640,Application-38,M_Req,missing_destination,63,Application-38-Service,EndDevice-38,Application-38-Service,72300
27646,Application-21,M_Req,missing_destination,46,Application-21-Service,EndDevice-21,Application-21-Service,72300
27648,Application-5,M_Req,missing_destination,30,Application-5-Service,EndDevice-5,Application-5-Service,72300
27652,Application-45,M_Req,missing_destination,70,Application-45-Service,EndDevice-45,Application-45-Service,72300
27653,Application-37,M_Req,missing_destination,62,Application-37-Service,EndDevice-37,Application-37-Service,72300
27660,Application-4,M_Req,missing_destination,29,Application-4-Service,EndDevice-4,Application-4-Service,72300
27661,Application-28,M_Req,missing_destination,53,Application-28-Service,EndDevice-28,Application-28-Service,72300
27664,Application-29,M_Req,missing_destination,54,Application-29-Service,EndDevice-29,Application-29-Service,72300
27673,Application-48,M_Req,missing_destination,73,Application-48-Service,EndDevice-48,Application-48-Service,72400
27676,Application-18,M_Req,missing_destination,43,Application-18-Service,EndDevice-18,Application-18-Service,72400
27685,Application-38,M_Req,missing_destination,63,Application-38-Service,EndDevice-38,Application-38-Service,72400
27711,Application-36,M_Req,missing_destination,61,Application-36-Service,EndDevice-36,Application-36-Service,72500
27714,Application-22,M_Req,missing_destination,47,Application-22-Service,EndDevice-22,Application-22-Service,72500
27719,Application-26,M_Req,missing_destination,51,Application-26-Service,EndDevice-26,Application-26-Service,72500
27721,Application-48,M_Req,missing_destination,73,Application-48-Service,EndDevice-48,Application-48-Service,72500
27723,Application-32,M_Req,missing_destination,57,Application-32-Service,EndDevice-32,Application-32-Service,72500
27724,Application-18,M_Req,missing_destination,43,Application-18-Service,EndDevice-18,Application-18-Service,72500
27726,Application-13,M_Req,missing_destination,38,Application-13-Service,EndDevice-13,Application-13-Service,72500
27733,Application-38,M_Req,missing_destination,63,Application-38-Service,EndDevice-38,Application-38-Service,72500
27734,Application-2,M_Req,missing_destination,27,Application-2-Service,EndDevice-2,Application-2-Service,72500
27741,Application-42,M_Req,missing_destination,67,Application-42-Service,EndDevice-42,Application-42-Service,72500
27760,Application-22,M_Req,missing_destination,47,Application-22-Service,EndDevice-22,Application-22-Service,72600
27766,Application-48,M_Req,missing_destination,73,Application-48-Service,EndDevice-48,Application-48-Service,72600
27768,Application-18,M_Req,missing_destination,43,Application-18-Service,EndDevice-18,Application-18-Service,72600
27808,Application-22,M_Req,missing_destination,47,Application-22-Service,EndDevice-22,Application-22-Service,72700
27823,Application-2,M_Req,missing_destination,27,Application-2-Service,EndDevice-2,Application-2-Service,72800
27828,Application-37,M_Req,missing_destination,62,Application-37-Service,EndDevice-37,Application-37-Service,72800
27831,Application-5,M_Req,missing_destination,30,Application-5-Service,EndDevice-5,Application-5-Service,72800
27835,Application-13,M_Req,missing_destination,38,Application-13-Service,EndDevice-13,Application-13-Service,72800
27836,Application-3,M_Req,missing_destination,28,Application-3-Service,EndDevice-3,Application-3-Service,72800
27837,Application-11,M_Req,missing_destination,36,Application-11-Service,EndDevice-11,Application-11-Service,72800
27841,Application-46,M_Req,missing_destination,71,Application-46-Service,EndDevice-46,Application-46-Service,72800
27858,Application-23,M_Req,missing_destination,48,Application-23-Service,EndDevice-23,Application-23-Service,72900
27871,Application-2,M_Req,missing_destination,27,Application-2-Service,EndDevice-2,Application-2-Service,72900
27876,Application-37,M_Req,missing_destination,62,Application-37-Service,EndDevice-37,Application-37-Service,72900
27879,Application-5,M_Req,missing_destination,30,Application-5-Service,EndDevice-5,Application-5-Service,72900
27883,Application-13,M_Req,missing_destination,38,Application-13-Service,EndDevice-13,Application-13-Service,72900
27884,Application-3,M_Req,missing_destination,28,Application-3-Service,EndDevice-3,Application-3-Service,72900
27885,Application-11,M_Req,missing_destination,36,Application-11-Service,EndDevice-11,Application-11-Service,72900
27889,Application-46,M_Req,missing_destination,71,Application-46-Service,EndDevice-46,Application-46-Service,72900
27919,Application-5,M_Req,missing_destination,30,Application-5-Service,EndDevice-5,Application-5-Service,73000
27922,Application-13,M_Req,missing_destination,38,Application-13-Service,EndDevice-13,Application-13-Service,73000
27927,Application-40,M_Req,missing_destination,65,Application-40-Service,EndDevice-40,Application-40-Service,73100
27928,Application-46,M_Req,missing_destination,71,Application-46-Service,EndDevice-46,Application-46-Service,73100
27935,Application-14,M_Req,missing_destination,39,Application-14-Service,EndDevice-14,Application-14-Service,73100
27944,Application-8,M_Req,missing_destination,33,Application-8-Service,EndDevice-8,Application-8-Service,73100
27947,Application-10,M_Req,missing_destination,35,Application-10-Service,EndDevice-10,Application-10-Service,73100
27950,Application-48,M_Req,missing_destination,73,Application-48-Service,EndDevice-48,Application-48-Service,73100
27952,Application-18,M_Req,missing_destination,43,Application-18-Service,EndDevice-18,Application-18-Service,73100
27955,Application-16,M_Req,missing_destination,41,Application-16-Service,EndDevice-16,Application-16-Service,73100
27956,Application-32,M_Req,missing_destination,57,Application-32-Service,EndDevice-32,Application-32-Service,73100
27959,Application-30,M_Req,missing_destination,55,Application-30-Service,EndDevice-30,Application-30-Service,73100
27961,Application-38,M_Req,missing_destination,63,Application-38-Service,EndDevice-38,Application-38-Service,73100
27967,Application-5,M_Req,missing_destination,30,Application-5-Service,EndDevice-5,Application-5-Service,73100
27970,Application-13,M_Req,missing_destination,38,Application-13-Service,EndDevice-13,Application-13-Service,73100
27974,Application-46,M_Req,missing_destination,71,Application-46-Service,EndDevice-46,Application-46-Service,73200
27981,Application-14,M_Req,missing_destination,39,Application-14-Service,EndDevice-14,Application-14-Service,73200
27989,Application-8,M_Req,missing_destination,33,Application-8-Service,EndDevice-8,Application-8-Service,73200
27991,Application-10,M_Req,missing_destination,35,Application-10-Service,EndDevice-10,Application-10-Service,73200
27993,Application-48,M_Req,missing_destination,73,Application-48-Service,EndDevice-48,Application-48-Service,73200
27995,Application-18,M_Req,missing_destination,43,Application-18-Service,EndDevice-18,Application-18-Service,73200
27997,Application-16,M_Req,missing_destination,41,Application-16-Service,EndDevice-16,Application-16-Service,73200
27998,Application-32,M_Req,missing_destination,57,Application-32-Service,EndDevice-32,Application-32-Service,73200
28001,Application-30,M_Req,missing_destination,55,Application-30-Service,EndDevice-30,Application-30-Service,73200
28022,Application-46,M_Req,missing_destination,71,Application-46-Service,EndDevice-46,Application-46-Service,73300
28029,Application-14,M_Req,missing_destination,39,Application-14-Service,EndDevice-14,Application-14-Service,73300
28037,Application-8,M_Req,missing_destination,33,Application-8-Service,EndDevice-8,Application-8-Service,73300
28039,Application-10,M_Req,missing_destination,35,Application-10-Service,EndDevice-10,Application-10-Service,73300
28041,Application-48,M_Req,missing_destination,73,Application-48-Service,EndDevice-48,Application-48-Service,73300
28043,Application-18,M_Req,missing_destination,43,Application-18-Service,EndDevice-18,Application-18-Service,73300
28045,Application-16,M_Req,missing_destination,41,Application-16-Service,EndDevice-16,Application-16-Service,73300
28046,Application-32,M_Req,missing_destination,57,Application-32-Service,EndDevice-32,Application-32-Service,73300
28049,Application-30,M_Req,missing_destination,55,Application-30-Service,EndDevice-30,Application-30-Service,73300
28053,Application-27,M_Req,missing_destination,52,Application-27-Service,EndDevice-27,Application-27-Service,73400
28061,Application-35,M_Req,missing_destination,60,Application-35-Service,EndDevice-35,Application-35-Service,73400
28062,Application-43,M_Req,missing_destination,68,Application-43-Service,EndDevice-43,Application-43-Service,73400
28063,Application-3,M_Req,missing_destination,28,Application-3-Service,EndDevice-3,Application-3-Service,73400
28064,Application-11,M_Req,missing_destination,36,Application-11-Service,EndDevice-11,Application-11-Service,73400
28067,Application-46,M_Req,missing_destination,71,Application-46-Service,EndDevice-46,Application-46-Service,73400
28069,Application-21,M_Req,missing_destination,46,Application-21-Service,EndDevice-21,Application-21-Service,73400
28071,Application-29,M_Req,missing_destination,54,Application-29-Service,EndDevice-29,Application-29-Service,73400
28072,Application-14,M_Req,missing_destination,39,Application-14-Service,EndDevice-14,Application-14-Service,73400
28073,Application-37,M_Req,missing_destination,62,Application-37-Service,EndDevice-37,Application-37-Service,73400
28077,Application-8,M_Req,missing_destination,33,Application-8-Service,EndDevice-8,Application-8-Service,73400
28080,Application-48,M_Req,missing_destination,73,Application-48-Service,EndDevice-48,Application-48-Service,73500
28081,Application-34,M_Req,missing_destination,59,Application-34-Service,EndDevice-34,Application-34-Service,73500
28082,Application-18,M_Req,missing_destination,43,Application-18-Service,EndDevice-18,Application-18-Service,73500
28101,Application-27,M_Req,missing_destination,52,Application-27-Service,EndDevice-27,Application-27-Service,73500
28109,Application-35,M_Req,missing_destination,60,Application-35-Service,EndDevice-35,Application-35-Service,73500
28110,Application-43,M_Req,missing_destination,68,Application-43-Service,EndDevice-43,Application-43-Service,73500
28111,Application-3,M_Req,missing_destination,28,Application-3-Service,EndDevice-3,Application-3-Service,73500
28112,Application-11,M_Req,missing_destination,36,Application-11-Service,EndDevice-11,Application-11-Service,73500
28115,Application-46,M_Req,missing_destination,71,Application-46-Service,EndDevice-46,Application-46-Service,73500
28117,Application-21,M_Req,missing_destination,46,Application-21-Service,EndDevice-21,Application-21-Service,73500
28119,Application-29,M_Req,missing_destination,54,Application-29-Service,EndDevice-29,Application-29-Service,73500
28120,Application-14,M_Req,missing_destination,39,Application-14-Service,EndDevice-14,Application-14-Service,73500
28121,Application-37,M_Req,missing_destination,62,Application-37-Service,EndDevice-37,Application-37-Service,73500
28125,Application-8,M_Req,missing_destination,33,Application-8-Service,EndDevice-8,Application-8-Service,73500
28171,Application-48,M_Req,missing_destination,73,Application-48-Service,EndDevice-48,Application-48-Service,73700
28174,Application-34,M_Req,missing_destination,59,Application-34-Service,EndDevice-34,Application-34-Service,73700
28175,Application-18,M_Req,missing_destination,43,Application-18-Service,EndDevice-18,Application-18-Service,73700
28191,Application-27,M_Req,missing_destination,52,Application-27-Service,EndDevice-27,Application-27-Service,73700
28199,Application-35,M_Req,missing_destination,60,Application-35-Service,EndDevice-35,Application-35-Service,73700
28200,Application-43,M_Req,missing_destination,68,Application-43-Service,EndDevice-43,Application-43-Service,73700
28201,Application-3,M_Req,missing_destination,28,Application-3-Service,EndDevice-3,Application-3-Service,73700
28219,Application-34,M_Req,missing_destination,59,Application-34-Service,EndDevice-34,Application-34-Service,73800
28220,Application-18,M_Req,missing_destination,43,Application-18-Service,EndDevice-18,Application-18-Service,73800
28268,Application-18,M_Req,missing_destination,43,Application-18-Service,EndDevice-18,Application-18-Service,73900
28278,Application-41,M_Req,missing_destination,66,Application-41-Service,EndDevice-41,Application-41-Service,74000
28279,Application-33,M_Req,missing_destination,58,Application-33-Service,EndDevice-33,Application-33-Service,74000
28281,Application-27,M_Req,missing_destination,52,Application-27-Service,EndDevice-27,Application-27-Service,74000
28285,Application-35,M_Req,missing_destination,60,Application-35-Service,EndDevice-35,Application-35-Service,74000
28286,Application-3,M_Req,missing_destination,28,Application-3-Service,EndDevice-3,Application-3-Service,74000
28291,Application-43,M_Req,missing_destination,68,Application-43-Service,EndDevice-43,Application-43-Service,74000
28295,Application-11,M_Req,missing_destination,36,Application-11-Service,EndDevice-11,Application-11-Service,74000
28300,Application-25,M_Req,missing_destination,50,Application-25-Service,EndDevice-25,Application-25-Service,74000
28311,Application-32,M_Req,missing_destination,57,Application-32-Service,EndDevice-32,Application-32-Service,74100
28312,Application-44,M_Req,missing_destination,69,Application-44-Service,EndDevice-44,Application-44-Service,74100
28326,Application-41,M_Req,missing_destination,66,Application-41-Service,EndDevice-41,Application-41-Service,74100
28327,Application-33,M_Req,missing_destination,58,Application-33-Service,EndDevice-33,Application-33-Service,74100
28329,Application-27,M_Req,missing_destination,52,Application-27-Service,EndDevice-27,Application-27-Service,74100
28333,Application-35,M_Req,missing_destination,60,Application-35-Service,EndDevice-35,Application-35-Service,74100
28334,Application-3,M_Req,missing_destination,28,Application-3-Service,EndDevice-3,Application-3-Service,74100
28339,Application-43,M_Req,missing_destination,68,Application-43-Service,EndDevice-43,Application-43-Service,74100
28343,Application-11,M_Req,missing_destination,36,Application-11-Service,EndDevice-11,Application-11-Service,74100
28348,Application-25,M_Req,missing_destination,50,Application-25-Service,EndDevice-25,Application-25-Service,74100
28357,Application-32,M_Req,missing_destination,57,Application-32-Service,EndDevice-32,Application-32-Service,74200
28368,Application-41,M_Req,missing_destination,66,Application-41-Service,EndDevice-41,Application-41-Service,74200
28373,Application-35,M_Req,missing_destination,60,Application-35-Service,EndDevice-35,Application-35-Service,74200
28374,Application-3,M_Req,missing_destination,28,Application-3-Service,EndDevice-3,Application-3-Service,74200
28379,Application-43,M_Req,missing_destination,68,Application-43-Service,EndDevice-43,Application-43-Service,74200
28383,Application-11,M_Req,missing_destination,36,Application-11-Service,EndDevice-11,Application-11-Service,74300
28395,Application-18,M_Req,missing_destination,43,Application-18-Service,EndDevice-18,Application-18-Service,74300
28397,Application-33,M_Req,missing_destination,58,Application-33-Service,EndDevice-33,Application-33-Service,74300
28400,Application-23,M_Req,missing_destination,48,Application-23-Service,EndDevice-23,Application-23-Service,74300
28405,Application-32,M_Req,missing_destination,57,Application-32-Service,EndDevice-32,Application-32-Service,74300
28408,Application-15,M_Req,missing_destination,40,Application-15-Service,EndDevice-15,Application-15-Service,74300
28416,Application-41,M_Req,missing_destination,66,Application-41-Service,EndDevice-41,Application-41-Service,74300
28421,Application-35,M_Req,missing_destination,60,Application-35-Service,EndDevice-35,Application-35-Service,74300
28422,Application-3,M_Req,missing_destination,28,Application-3-Service,EndDevice-3,Application-3-Service,74300
28427,Application-43,M_Req,missing_destination,68,Application-43-Service,EndDevice-43,Application-43-Service,74300
28431,Application-11,M_Req,missing_destination,36,Application-11-Service,EndDevice-11,Application-11-Service,74400
28441,Application-18,M_Req,missing_destination,43,Application-18-Service,EndDevice-18,Application-18-Service,74400
28443,Application-33,M_Req,missing_destination,58,Application-33-Service,EndDevice-33,Application-33-Service,74400
28446,Application-23,M_Req,missing_destination,48,Application-23-Service,EndDevice-23,Application-23-Service,74400
28451,Application-32,M_Req,missing_destination,57,Application-32-Service,EndDevice-32,Application-32-Service,74400
28453,Application-15,M_Req,missing_destination,40,Application-15-Service,EndDevice-15,Application-15-Service,74400
28489,Application-18,M_Req,missing_destination,43,Application-18-Service,EndDevice-18,Application-18-Service,74500
28499,Application-32,M_Req,missing_destination,57,Application-32-Service,EndDevice-32,Application-32-Service,74500
28517,Application-17,M_Req,missing_destination,42,Application-17-Service,EndDevice-17,Application-17-Service,74600
28519,Application-41,M_Req,missing_destination,66,Application-41-Service,EndDevice-41,Application-41-Service,74600
28529,Application-18,M_Req,missing_destination,43,Application-18-Service,EndDevice-18,Application-18-Service,74600
28539,Application-13,M_Req,missing_destination,38,Application-13-Service,EndDevice-13,Application-13-Service,74700
28543,Application-1,M_Req,missing_destination,26,Application-1-Service,EndDevice-1,Application-1-Service,74700
28565,Application-17,M_Req,missing_destination,42,Application-17-Service,EndDevice-17,Application-17-Service,74700
28567,Application-41,M_Req,missing_destination,66,Application-41-Service,EndDevice-41,Application-41-Service,74700
28577,Application-18,M_Req,missing_destination,43,Application-18-Service,EndDevice-18,Application-18-Service,74700
28587,Application-13,M_Req,missing_destination,38,Application-13-Service,EndDevice-13,Application-13-Service,74800
28612,Application-4,M_Req,missing_destination,29,Application-4-Service,EndDevice-4,Application-4-Service,74900
28613,Application-12,M_Req,missing_destination,37,Application-12-Service,EndDevice-12,Application-12-Service,74900
28614,Application-21,M_Req,missing_destination,46,Application-21-Service,EndDevice-21,Application-21-Service,74900
28615,Application-37,M_Req,missing_destination,62,Application-37-Service,EndDevice-37,Application-37-Service,74900
28616,Application-36,M_Req,missing_destination,61,Application-36-Service,EndDevice-36,Application-36-Service,74900
28617,Application-45,M_Req,missing_destination,70,Application-45-Service,EndDevice-45,Application-45-Service,74900
28623,Application-44,M_Req,missing_destination,69,Application-44-Service,EndDevice-44,Application-44-Service,74900
28631,Application-17,M_Req,missing_destination,42,Application-17-Service,EndDevice-17,Application-17-Service,74900
28633,Application-16,M_Req,missing_destination,41,Application-16-Service,EndDevice-16,Application-16-Service,74900
28635,Application-13,M_Req,missing_destination,38,Application-13-Service,EndDevice-13,Application-13-Service,74900
28647,Application-20,M_Req,missing_destination,45,Application-20-Service,EndDevice-20,Application-20-Service,74900
28650,Application-5,M_Req,missing_destination,30,Application-5-Service,EndDevice-5,Application-5-Service,74900
28659,Application-12,M_Req,missing_destination,37,Application-12-Service,EndDevice-12,Application-12-Service,75000
28660,Application-21,M_Req,missing_destination,46,Application-21-Service,EndDevice-21,Application-21-Service,75000
28661,Application-37,M_Req,missing_destination,62,Application-37-Service,EndDevice-37,Application-37-Service,75000
28662,Application-36,M_Req,missing_destination,61,Application-36-Service,EndDevice-36,Application-36-Service,75000
28663,Application-45,M_Req,missing_destination,70,Application-45-Service,EndDevice-45,Application-45-Service,75000
28667,Application-44,M_Req,missing_destination,69,Application-44-Service,EndDevice-44,Application-44-Service,75000
28675,Application-16,M_Req,missing_destination,41,Application-16-Service,EndDevice-16,Application-16-Service,75000
28677,Application-13,M_Req,missing_destination,38,Application-13-Service,EndDevice-13,Application-13-Service,75000
28708,Application-21,M_Req,missing_destination,46,Application-21-Service,EndDevice-21,Application-21-Service,75100
28709,Application-37,M_Req,missing_destination,62,Application-37-Service,EndDevice-37,Application-37-Service,75100
28711,Application-45,M_Req,missing_destination,70,Application-45-Service,EndDevice-45,Application-45-Service,75100
28725,Application-13,M_Req,missing_destination,38,Application-13-Service,EndDevice-13,Application-13-Service,75100
28737,Application-46,M_Req,missing_destination,71,Application-46-Service,EndDevice-46,Application-46-Service,75200
28740,Application-30,M_Req,missing_destination,55,Application-30-Service,EndDevice-30,Application-30-Service,75200
28741,Application-14,M_Req,missing_destination,39,Application-14-Service,EndDevice-14,Application-14-Service,75200
28744,Application-17,M_Req,missing_destination,42,Application-17-Service,EndDevice-17,Application-17-Service,75200
28746,Application-6,M_Req,missing_destination,31,Application-6-Service,EndDevice-6,Application-6-Service,75200
28751,Application-37,M_Req,missing_destination,62,Application-37-Service,EndDevice-37,Application-37-Service,75200
28756,Application-18,M_Req,missing_destination,43,Application-18-Service,EndDevice-18,Application-18-Service,75200
28758,Application-8,M_Req,missing_destination,33,Application-8-Service,EndDevice-8,Application-8-Service,75200
28761,Application-28,M_Req,missing_destination,53,Application-28-Service,EndDevice-28,Application-28-Service,75200
28768,Application-1,M_Req,missing_destination,26,Application-1-Service,EndDevice-1,Application-1-Service,75300
28769,Application-47,M_Req,missing_destination,72,Application-47-Service,EndDevice-47,Application-47-Service,75300
28771,Application-31,M_Req,missing_destination,56,Application-31-Service,EndDevice-31,Application-31-Service,75300
28785,Application-46,M_Req,missing_destination,71,Application-46-Service,EndDevice-46,Application-46-Service,75300
28788,Application-30,M_Req,missing_destination,55,Application-30-Service,EndDevice-30,Application-30-Service,75300
28789,Application-14,M_Req,missing_destination,39,Application-14-Service,EndDevice-14,Application-14-Service,75300
28792,Application-17,M_Req,missing_destination,42,Application-17-Service,EndDevice-17,Application-17-Service,75300
28794,Application-6,M_Req,missing_destination,31,Application-6-Service,EndDevice-6,Application-6-Service,75300
28799,Application-37,M_Req,missing_destination,62,Application-37-Service,EndDevice-37,Application-37-Service,75300
28804,Application-18,M_Req,missing_destination,43,Application-18-Service,EndDevice-18,Application-18-Service,75300
28806,Application-8,M_Req,missing_destination,33,Application-8-Service,EndDevice-8,Application-8-Service,75300
28809,Application-28,M_Req,missing_destination,53,Application-28-Service,EndDevice-28,Application-28-Service,75300
28815,Application-47,M_Req,missing_destination,72,Application-47-Service,EndDevice-47,Application-47-Service,75400
28830,Application-46,M_Req,missing_destination,71,Application-46-Service,EndDevice-46,Application-46-Service,75400
28831,Application-30,M_Req,missing_destination,55,Application-30-Service,EndDevice-30,Application-30-Service,75400
28832,Application-14,M_Req,missing_destination,39,Application-14-Service,EndDevice-14,Application-14-Service,75400
28836,Application-6,M_Req,missing_destination,31,Application-6-Service,EndDevice-6,Application-6-Service,75400
28845,Application-8,M_Req,missing_destination,33,Application-8-Service,EndDevice-8,Application-8-Service,75500
28846,Application-35,M_Req,missing_destination,60,Application-35-Service,EndDevice-35,Application-35-Service,75500
28847,Application-43,M_Req,missing_destination,68,Application-43-Service,EndDevice-43,Application-43-Service,75500
28851,Application-20,M_Req,missing_destination,45,Application-20-Service,EndDevice-20,Application-20-Service,75500
28863,Application-47,M_Req,missing_destination,72,Application-47-Service,EndDevice-47,Application-47-Service,75500
28866,Application-24,M_Req,missing_destination,49,Application-24-Service,EndDevice-24,Application-24-Service,75500
28869,Application-40,M_Req,missing_destination,65,Application-40-Service,EndDevice-40,Application-40-Service,75500
28872,Application-3,M_Req,missing_destination,28,Application-3-Service,EndDevice-3,Application-3-Service,75500
28873,Application-27,M_Req,missing_destination,52,Application-27-Service,EndDevice-27,Application-27-Service,75500
28878,Application-46,M_Req,missing_destination,71,Application-46-Service,EndDevice-46,Application-46-Service,75500
28879,Application-30,M_Req,missing_destination,55,Application-30-Service,EndDevice-30,Application-30-Service,75500
28880,Application-14,M_Req,missing_destination,39,Application-14-Service,EndDevice-14,Application-14-Service,75500
28882,Application-4,M_Req,missing_destination,29,Application-4-Service,EndDevice-4,Application-4-Service,75500
28884,Application-6,M_Req,missing_destination,31,Application-6-Service,EndDevice-6,Application-6-Service,75500
28892,Application-8,M_Req,missing_destination,33,Application-8-Service,EndDevice-8,Application-8-Service,75600
28893,Application-35,M_Req,missing_destination,60,Application-35-Service,EndDevice-35,Application-35-Service,75600
28896,Application-20,M_Req,missing_destination,45,Application-20-Service,EndDevice-20,Application-20-Service,75600
28906,Application-24,M_Req,missing_destination,49,Application-24-Service,EndDevice-24,Application-24-Service,75600
28909,Application-40,M_Req,missing_destination,65,Application-40-Service,EndDevice-40,Application-40-Service,75600
28912,Application-3,M_Req,missing_destination,28,Application-3-Service,EndDevice-3,Application-3-Service,75600
28913,Application-27,M_Req,missing_destination,52,Application-27-Service,EndDevice-27,Application-27-Service,75600
28940,Application-8,M_Req,missing_destination,33,Application-8-Service,EndDevice-8,Application-8-Service,75700
28941,Application-35,M_Req,missing_destination,60,Application-35-Service,EndDevice-35,Application-35-Service,75700
28944,Application-20,M_Req,missing_destination,45,Application-20-Service,EndDevice-20,Application-20-Service,75700
28954,Application-24,M_Req,missing_destination,49,Application-24-Service,EndDevice-24,Application-24-Service,75700
28957,Application-40,M_Req,missing_destination,65,Application-40-Service,EndDevice-40,Application-40-Service,75700
28960,Application-3,M_Req,missing_destination,28,Application-3-Service,EndDevice-3,Application-3-Service,75700
28961,Application-27,M_Req,missing_destination,52,Application-27-Service,EndDevice-27,Application-27-Service,75700
28967,Application-4,M_Req,missing_destination,29,Application-4-Service,EndDevice-4,Application-4-Service,75800
28974,Application-12,M_Req,missing_destination,37,Application-12-Service,EndDevice-12,Application-12-Service,75800
28978,Application-33,M_Req,missing_destination,58,Application-33-Service,EndDevice-33,Application-33-Service,75800
28979,Application-44,M_Req,missing_destination,69,Application-44-Service,EndDevice-44,Application-44-Service,75800
28981,Application-8,M_Req,missing_destination,33,Application-8-Service,EndDevice-8,Application-8-Service,75800
28982,Application-35,M_Req,missing_destination,60,Application-35-Service,EndDevice-35,Application-35-Service,75800
28983,Application-28,M_Req,missing_destination,53,Application-28-Service,EndDevice-28,Application-28-Service,75800
28985,Application-20,M_Req,missing_destination,45,Application-20-Service,EndDevice-20,Application-20-Service,75800
28986,Application-32,M_Req,missing_destination,57,Application-32-Service,EndDevice-32,Application-32-Service,75800
28991,Application-22,M_Req,missing_destination,47,Application-22-Service,EndDevice-22,Application-22-Service,75800
28993,Application-1,M_Req,missing_destination,26,Application-1-Service,EndDevice-1,Application-1-Service,75900
28995,Application-24,M_Req,missing_destination,49,Application-24-Service,EndDevice-24,Application-24-Service,75900
29001,Application-21,M_Req,missing_destination,46,Application-21-Service,EndDevice-21,Application-21-Service,75900
29015,Application-4,M_Req,missing_destination,29,Application-4-Service,EndDevice-4,Application-4-Service,75900
29022,Application-12,M_Req,missing_destination,37,Application-12-Service,EndDevice-12,Application-12-Service,75900
29026,Application-33,M_Req,missing_destination,58,Application-33-Service,EndDevice-33,Application-33-Service,75900
29027,Application-44,M_Req,missing_destination,69,Application-44-Service,EndDevice-44,Application-44-Service,75900
29029,Application-8,M_Req,missing_destination,33,Application-8-Service,EndDevice-8,Application-8-Service,75900
29030,Application-35,M_Req,missing_destination,60,Application-35-Service,EndDevice-35,Application-35-Service,75900
29031,Application-28,M_Req,missing_destination,53,Application-28-Service,EndDevice-28,Application-28-Service,75900
29033,Application-20,M_Req,missing_destination,45,Application-20-Service,EndDevice-20,Application-20-Service,75900
29034,Application-32,M_Req,missing_destination,57,Application-32-Service,EndDevice-32,Application-32-Service,75900
29039,Application-22,M_Req,missing_destination,47,Application-22-Service,EndDevice-22,Application-22-Service,75900
29078,Application-22,M_Req,missing_destination,47,Application-22-Service,EndDevice-22,Application-22-Service,76100
29082,Application-28,M_Req,missing_destination,53,Application-28-Service,EndDevice-28,Application-28-Service,76100
29088,Application-38,M_Req,missing_destination,63,Application-38-Service,EndDevice-38,Application-38-Service,76100
29089,Application-24,M_Req,missing_destination,49,Application-24-Service,EndDevice-24,Application-24-Service,76100
29101,Application-14,M_Req,missing_destination,39,Application-14-Service,EndDevice-14,Application-14-Service,76100
29103,Application-46,M_Req,missing_destination,71,Application-46-Service,EndDevice-46,Application-46-Service,76100
29104,Application-30,M_Req,missing_destination,55,Application-30-Service,EndDevice-30,Application-30-Service,76100
29106,Application-4,M_Req,missing_destination,29,Application-4-Service,EndDevice-4,Application-4-Service,76100
29108,Application-6,M_Req,missing_destination,31,Application-6-Service,EndDevice-6,Application-6-Service,76100
29113,Application-12,M_Req,missing_destination,37,Application-12-Service,EndDevice-12,Application-12-Service,76100
29124,Application-22,M_Req,missing_destination,47,Application-22-Service,EndDevice-22,Application-22-Service,76200
29127,Application-28,M_Req,missing_destination,53,Application-28-Service,EndDevice-28,Application-28-Service,76200
29132,Application-38,M_Req,missing_destination,63,Application-38-Service,EndDevice-38,Application-38-Service,76200
29133,Application-24,M_Req,missing_destination,49,Application-24-Service,EndDevice-24,Application-24-Service,76200
29143,Application-14,M_Req,missing_destination,39,Application-14-Service,EndDevice-14,Application-14-Service,76200
29172,Application-22,M_Req,missing_destination,47,Application-22-Service,EndDevice-22,Application-22-Service,76300
29175,Application-28,M_Req,missing_destination,53,Application-28-Service,EndDevice-28,Application-28-Service,76300
29180,Application-38,M_Req,missing_destination,63,Application-38-Service,EndDevice-38,Application-38-Service,76300
29191,Application-14,M_Req,missing_destination,39,Application-14-Service,EndDevice-14,Application-14-Service,76300
29199,Application-29,M_Req,missing_destination,54,Application-29-Service,EndDevice-29,Application-29-Service,76400
29203,Application-6,M_Req,missing_destination,31,Application-6-Service,EndDevice-6,Application-6-Service,76400
29207,Application-46,M_Req,missing_destination,71,Application-46-Service,EndDevice-46,Application-46-Service,76400
29211,Application-20,M_Req,missing_destination,45,Application-20-Service,EndDevice-20,Application-20-Service,76400
29214,Application-37,M_Req,missing_destination,62,Application-37-Service,EndDevice-37,Application-37-Service,76400
29215,Application-22,M_Req,missing_destination,47,Application-22-Service,EndDevice-22,Application-22-Service,76400
29216,Application-36,M_Req,missing_destination,61,Application-36-Service,EndDevice-36,Application-36-Service,76400
29218,Application-28,M_Req,missing_destination,53,Application-28-Service,EndDevice-28,Application-28-Service,76400
29223,Application-38,M_Req,missing_destination,63,Application-38-Service,EndDevice-38,Application-38-Service,76500
29226,Application-27,M_Req,missing_destination,52,Application-27-Service,EndDevice-27,Application-27-Service,76500
29247,Application-29,M_Req,missing_destination,54,Application-29-Service,EndDevice-29,Application-29-Service,76500
29251,Application-6,M_Req,missing_destination,31,Application-6-Service,EndDevice-6,Application-6-Service,76500
29255,Application-46,M_Req,missing_destination,71,Application-46-Service,EndDevice-46,Application-46-Service,76500
29259,Application-20,M_Req,missing_destination,45,Application-20-Service,EndDevice-20,Application-20-Service,76500
29262,Application-37,M_Req,missing_destination,62,Application-37-Service,EndDevice-37,Application-37-Service,76500
29263,Application-22,M_Req,missing_destination,47,Application-22-Service,EndDevice-22,Application-22-Service,76500
29264,Application-36,M_Req,missing_destination,61,Application-36-Service,EndDevice-36,Application-36-Service,76500
29266,Application-28,M_Req,missing_destination,53,Application-28-Service,EndDevice-28,Application-28-Service,76500
29271,Application-38,M_Req,missing_destination,63,Application-38-Service,EndDevice-38,Application-38-Service,76600
29297,Application-46,M_Req,missing_destination,71,Application-46-Service,EndDevice-46,Application-46-Service,76600
29300,Application-35,M_Req,missing_destination,60,Application-35-Service,EndDevice-35,Application-35-Service,76700
29304,Application-36,M_Req,missing_destination,61,Application-36-Service,EndDevice-36,Application-36-Service,76700
29306,Application-28,M_Req,missing_destination,53,Application-28-Service,EndDevice-28,Application-28-Service,76700
29311,Application-4,M_Req,missing_destination,29,Application-4-Service,EndDevice-4,Application-4-Service,76700
29315,Application-23,M_Req,missing_destination,48,Application-23-Service,EndDevice-23,Application-23-Service,76700
29319,Application-38,M_Req,missing_destination,63,Application-38-Service,EndDevice-38,Application-38-Service,76700
29320,Application-24,M_Req,missing_destination,49,Application-24-Service,EndDevice-24,Application-24-Service,76700
29331,Application-3,M_Req,missing_destination,28,Application-3-Service,EndDevice-3,Application-3-Service,76700
29334,Application-34,M_Req,missing_destination,59,Application-34-Service,EndDevice-34,Application-34-Service,76700
29337,Application-43,M_Req,missing_destination,68,Application-43-Service,EndDevice-43,Application-43-Service,76700
29338,Application-18,M_Req,missing_destination,43,Application-18-Service,EndDevice-18,Application-18-Service,76700
29341,Application-11,M_Req,missing_destination,36,Application-11-Service,EndDevice-11,Application-11-Service,76700
29345,Application-46,M_Req,missing_destination,71,Application-46-Service,EndDevice-46,Application-46-Service,76700
29348,Application-35,M_Req,missing_destination,60,Application-35-Service,EndDevice-35,Application-35-Service,76800
29352,Application-36,M_Req,missing_destination,61,Application-36-Service,EndDevice-36,Application-36-Service,76800
29354,Application-28,M_Req,missing_destination,53,Application-28-Service,EndDevice-28,Application-28-Service,76800
29357,Application-4,M_Req,missing_destination,29,Application-4-Service,EndDevice-4,Application-4-Service,76800
29361,Application-23,M_Req,missing_destination,48,Application-23-Service,EndDevice-23,Application-23-Service,76800
29373,Application-3,M_Req,missing_destination,28,Application-3-Service,EndDevice-3,Application-3-Service,76800
29400,Application-36,M_Req,missing_destination,61,Application-36-Service,EndDevice-36,Application-36-Service,76900
29402,Application-28,M_Req,missing_destination,53,Application-28-Service,EndDevice-28,Application-28-Service,76900
29405,Application-4,M_Req,missing_destination,29,Application-4-Service,EndDevice-4,Application-4-Service,76900
29426,Application-29,M_Req,missing_destination,54,Application-29-Service,EndDevice-29,Application-29-Service,77000
29428,Application-48,M_Req,missing_destination,73,Application-48-Service,EndDevice-48,Application-48-Service,77000
29435,Application-24,M_Req,missing_destination,49,Application-24-Service,EndDevice-24,Application-24-Service,77000
29438,Application-32,M_Req,missing_destination,57,Application-32-Service,EndDevice-32,Application-32-Service,77000
29441,Application-36,M_Req,missing_destination,61,Application-36-Service,EndDevice-36,Application-36-Service,77000
29443,Application-28,M_Req,missing_destination,53,Application-28-Service,EndDevice-28,Application-28-Service,77000
29445,Application-4,M_Req,missing_destination,29,Application-4-Service,EndDevice-4,Application-4-Service,77000
29446,Application-30,M_Req,missing_destination,55,Application-30-Service,EndDevice-30,Application-30-Service,77000
29454,Application-26,M_Req,missing_destination,51,Application-26-Service,EndDevice-26,Application-26-Service,77100
29455,Application-40,M_Req,missing_destination,65,Application-40-Service,EndDevice-40,Application-40-Service,77100
29458,Application-10,M_Req,missing_destination,35,Application-10-Service,EndDevice-10,Application-10-Service,77100
29474,Application-29,M_Req,missing_destination,54,Application-29-Service,EndDevice-29,Application-29-Service,77100
29476,Application-48,M_Req,missing_destination,73,Application-48-Service,EndDevice-48,Application-48-Service,77100
29483,Application-24,M_Req,missing_destination,49,Application-24-Service,EndDevice-24,Application-24-Service,77100
29486,Application-32,M_Req,missing_destination,57,Application-32-Service,EndDevice-32,Application-32-Service,77100
29489,Application-36,M_Req,missing_destination,61,Application-36-Service,EndDevice-36,Application-36-Service,77100
29491,Application-28,M_Req,missing_destination,53,Application-28-Service,EndDevice-28,Application-28-Service,77100
29493,Application-4,M_Req,missing_destination,29,Application-4-Service,EndDevice-4,Application-4-Service,77100
29494,Application-30,M_Req,missing_destination,55,Application-30-Service,EndDevice-30,Application-30-Service,77100
29505,Application-10,M_Req,missing_destination,35,Application-10-Service,EndDevice-10,Application-10-Service,77200
29519,Application-48,M_Req,missing_destination,73,Application-48-Service,EndDevice-48,Application-48-Service,77200
29525,Application-24,M_Req,missing_destination,49,Application-24-Service,EndDevice-24,Application-24-Service,77200
29532,Application-15,M_Req,missing_destination,40,Application-15-Service,EndDevice-15,Application-15-Service,77300
29546,Application-25,M_Req,missing_destination,50,Application-25-Service,EndDevice-25,Application-25-Service,77300
29550,Application-26,M_Req,missing_destination,51,Application-26-Service,EndDevice-26,Application-26-Service,77300
29553,Application-10,M_Req,missing_destination,35,Application-10-Service,EndDevice-10,Application-10-Service,77300
29564,Application-47,M_Req,missing_destination,72,Application-47-Service,EndDevice-47,Application-47-Service,77300
29566,Application-29,M_Req,missing_destination,54,Application-29-Service,EndDevice-29,Application-29-Service,77300
29567,Application-48,M_Req,missing_destination,73,Application-48-Service,EndDevice-48,Application-48-Service,77300
29571,Application-39,M_Req,missing_destination,64,Application-39-Service,EndDevice-39,Application-39-Service,77300
29573,Application-24,M_Req,missing_destination,49,Application-24-Service,EndDevice-24,Application-24-Service,77300
29574,Application-7,M_Req,missing_destination,32,Application-7-Service,EndDevice-7,Application-7-Service,77300
29591,Application-25,M_Req,missing_destination,50,Application-25-Service,EndDevice-25,Application-25-Service,77400
29594,Application-26,M_Req,missing_destination,51,Application-26-Service,EndDevice-26,Application-26-Service,77400
29596,Application-10,M_Req,missing_destination,35,Application-10-Service,EndDevice-10,Application-10-Service,77400
29644,Application-10,M_Req,missing_destination,35,Application-10-Service,EndDevice-10,Application-10-Service,77500
29657,Application-44,M_Req,missing_destination,69,Application-44-Service,EndDevice-44,Application-44-Service,77600
29669,Application-36,M_Req,missing_destination,61,Application-36-Service,EndDevice-36,Application-36-Service,77600
29685,Application-3,M_Req,missing_destination,28,Application-3-Service,EndDevice-3,Application-3-Service,77700
29687,Application-13,M_Req,missing_destination,38,Application-13-Service,EndDevice-13,Application-13-Service,77700
29689,Application-5,M_Req,missing_destination,30,Application-5-Service,EndDevice-5,Application-5-Service,77700
29705,Application-44,M_Req,missing_destination,69,Application-44-Service,EndDevice-44,Application-44-Service,77700
29717,Application-36,M_Req,missing_destination,61,Application-36-Service,EndDevice-36,Application-36-Service,77700
29733,Application-3,M_Req,missing_destination,28,Application-3-Service,EndDevice-3,Application-3-Service,77800
29735,Application-13,M_Req,missing_destination,38,Application-13-Service,EndDevice-13,Application-13-Service,77800
29737,Application-5,M_Req,missing_destination,30,Application-5-Service,EndDevice-5,Application-5-Service,77800
29755,Application-35,M_Req,missing_destination,60,Application-35-Service,EndDevice-35,Application-35-Service,77900
29761,Application-19,M_Req,missing_destination,44,Application-19-Service,EndDevice-19,Application-19-Service,77900
29770,Application-44,M_Req,missing_destination,69,Application-44-Service,EndDevice-44,Application-44-Service,77900
29781,Application-3,M_Req,missing_destination,28,Application-3-Service,EndDevice-3,Application-3-Service,77900
29782,Application-14,M_Req,missing_destination,39,Application-14-Service,EndDevice-14,Application-14-Service,77900
29783,Application-13,M_Req,missing_destination,38,Application-13-Service,EndDevice-13,Application-13-Service,77900
29784,Application-34,M_Req,missing_destination,59,Application-34-Service,EndDevice-34,Application-34-Service,77900
29785,Application-5,M_Req,missing_destination,30,Application-5-Service,EndDevice-5,Application-5-Service,77900
29798,Application-11,M_Req,missing_destination,36,Application-11-Service,EndDevice-11,Application-11-Service,77900
29803,Application-35,M_Req,missing_destination,60,Application-35-Service,EndDevice-35,Application-35-Service,78000
29808,Application-19,M_Req,missing_destination,44,Application-19-Service,EndDevice-19,Application-19-Service,78000
29816,Application-44,M_Req,missing_destination,69,Application-44-Service,EndDevice-44,Application-44-Service,78000
29825,Application-3,M_Req,missing_destination,28,Application-3-Service,EndDevice-3,Application-3-Service,78000
29826,Application-13,M_Req,missing_destination,38,Application-13-Service,EndDevice-13,Application-13-Service,78000
29827,Application-34,M_Req,missing_destination,59,Application-34-Service,EndDevice-34,Application-34-Service,78000
29828,Application-5,M_Req,missing_destination,30,Application-5-Service,EndDevice-5,Application-5-Service,78000
29873,Application-3,M_Req,missing_destination,28,Application-3-Service,EndDevice-3,Application-3-Service,78100
29874,Application-13,M_Req,missing_destination,38,Application-13-Service,EndDevice-13,Application-13-Service,78100
29888,Application-28,M_Req,missing_destination,53,Application-28-Service,EndDevice-28,Application-28-Service,78200
29893,Application-21,M_Req,missing_destination,46,Application-21-Service,EndDevice-21,Application-21-Service,78200
29896,Application-37,M_Req,missing_destination,62,Application-37-Service,EndDevice-37,Application-37-Service,78200
29898,Application-45,M_Req,missing_destination,70,Application-45-Service,EndDevice-45,Application-45-Service,78200
29900,Application-38,M_Req,missing_destination,63,Application-38-Service,EndDevice-38,Application-38-Service,78200
29908,Application-16,M_Req,missing_destination,41,Application-16-Service,EndDevice-16,Application-16-Service,78200
29918,Application-26,M_Req,missing_destination,51,Application-26-Service,EndDevice-26,Application-26-Service,78300
29936,Application-28,M_Req,missing_destination,53,Application-28-Service,EndDevice-28,Application-28-Service,78300
29941,Application-21,M_Req,missing_destination,46,Application-21-Service,EndDevice-21,Application-21-Service,78300
29944,Application-37,M_Req,missing_destination,62,Application-37-Service,EndDevice-37,Application-37-Service,78300
29946,Application-45,M_Req,missing_destination,70,Application-45-Service,EndDevice-45,Application-45-Service,78300
29948,Application-38,M_Req,missing_destination,63,Application-38-Service,EndDevice-38,Application-38-Service,78300
29956,Application-16,M_Req,missing_destination,41,Application-16-Service,EndDevice-16,Application-16-Service,78300
29987,Application-37,M_Req,missing_destination,62,Application-37-Service,EndDevice-37,Application-37-Service,78500
29989,Application-45,M_Req,missing_destination,70,Application-45-Service,EndDevice-45,Application-45-Service,78500
29994,Application-29,M_Req,missing_destination,54,Application-29-Service,EndDevice-29,Application-29-Service,78500
29996,Application-16,M_Req,missing_destination,41,Application-16-Service,EndDevice-16,Application-16-Service,78500
30003,Application-26,M_Req,missing_destination,51,Application-26-Service,EndDevice-26,Application-26-Service,78500
30007,Application-10,M_Req,missing_destination,35,Application-10-Service,EndDevice-10,Application-10-Service,78500
30010,Application-5,M_Req,missing_destination,30,Application-5-Service,EndDevice-5,Application-5-Service,78500
30013,Application-40,M_Req,missing_destination,65,Application-40-Service,EndDevice-40,Application-40-Service,78500
30014,Application-20,M_Req,missing_destination,45,Application-20-Service,EndDevice-20,Application-20-Service,78500
30024,Application-24,M_Req,missing_destination,49,Application-24-Service,EndDevice-24,Application-24-Service,78500
30025,Application-11,M_Req,missing_destination,36,Application-11-Service,EndDevice-11,Application-11-Service,78500
30034,Application-27,M_Req,missing_destination,52,Application-27-Service,EndDevice-27,Application-27-Service,78500
30035,Application-37,M_Req,missing_destination,62,Application-37-Service,EndDevice-37,Application-37-Service,78600
30037,Application-45,M_Req,missing_destination,70,Application-45-Service,EndDevice-45,Application-45-Service,78600
30040,Application-29,M_Req,missing_destination,54,Application-29-Service,EndDevice-29,Application-29-Service,78600
30042,Application-16,M_Req,missing_destination,41,Application-16-Service,EndDevice-16,Application-16-Service,78600
30051,Application-10,M_Req,missing_destination,35,Application-10-Service,EndDevice-10,Application-10-Service,78600
30054,Application-5,M_Req,missing_destination,30,Application-5-Service,EndDevice-5,Application-5-Service,78600
30057,Application-40,M_Req,missing_destination,65,Application-40-Service,EndDevice-40,Application-40-Service,78600
30058,Application-20,M_Req,missing_destination,45,Application-20-Service,EndDevice-20,Application-20-Service,78600
30083,Application-37,M_Req,missing_destination,62,Application-37-Service,EndDevice-37,Application-37-Service,78700
30085,Application-45,M_Req,missing_destination,70,Application-45-Service,EndDevice-45,Application-45-Service,78700
30088,Application-29,M_Req,missing_destination,54,Application-29-Service,EndDevice-29,Application-29-Service,78700
30102,Application-5,M_Req,missing_destination,30,Application-5-Service,EndDevice-5,Application-5-Service,78700
30114,Application-24,M_Req,missing_destination,49,Application-24-Service,EndDevice-24,Application-24-Service,78800
30129,Application-37,M_Req,missing_destination,62,Application-37-Service,EndDevice-37,Application-37-Service,78800
30130,Application-36,M_Req,missing_destination,61,Application-36-Service,EndDevice-36,Application-36-Service,78800
30131,Application-45,M_Req,missing_destination,70,Application-45-Service,EndDevice-45,Application-45-Service,78800
30133,Application-29,M_Req,missing_destination,54,Application-29-Service,EndDevice-29,Application-29-Service,78800
30145,Application-20,M_Req,missing_destination,45,Application-20-Service,EndDevice-20,Application-20-Service,78900
30147,Application-6,M_Req,missing_destination,31,Application-6-Service,EndDevice-6,Application-6-Service,78900
30149,Application-46,M_Req,missing_destination,71,Application-46-Service,EndDevice-46,Application-46-Service,78900
30150,Application-30,M_Req,missing_destination,55,Application-30-Service,EndDevice-30,Application-30-Service,78900
30162,Application-24,M_Req,missing_destination,49,Application-24-Service,EndDevice-24,Application-24-Service,78900
30177,Application-37,M_Req,missing_destination,62,Application-37-Service,EndDevice-37,Application-37-Service,78900
30178,Application-36,M_Req,missing_destination,61,Application-36-Service,EndDevice-36,Application-36-Service,78900
30179,Application-45,M_Req,missing_destination,70,Application-45-Service,EndDevice-45,Application-45-Service,78900
30181,Application-29,M_Req,missing_destination,54,Application-29-Service,EndDevice-29,Application-29-Service,78900
30195,Application-6,M_Req,missing_destination,31,Application-6-Service,EndDevice-6,Application-6-Service,79000
30196,Application-46,M_Req,missing_destination,71,Application-46-Service,EndDevice-46,Application-46-Service,79000
30220,Application-45,M_Req,missing_destination,70,Application-45-Service,EndDevice-45,Application-45-Service,79100
30222,Application-29,M_Req,missing_destination,54,Application-29-Service,EndDevice-29,Application-29-Service,79100
30230,Application-10,M_Req,missing_destination,35,Application-10-Service,EndDevice-10,Application-10-Service,79100
30234,Application-47,M_Req,missing_destination,72,Application-47-Service,EndDevice-47,Application-47-Service,79100
30236,Application-17,M_Req,missing_destination,42,Application-17-Service,EndDevice-17,Application-17-Service,79100
30237,Application-37,M_Req,missing_destination,62,Application-37-Service,EndDevice-37,Application-37-Service,79100
30241,Application-20,M_Req,missing_destination,45,Application-20-Service,EndDevice-20,Application-20-Service,79100
30243,Application-6,M_Req,missing_destination,31,Application-6-Service,EndDevice-6,Application-6-Service,79100
30244,Application-46,M_Req,missing_destination,71,Application-46-Service,EndDevice-46,Application-46-Service,79100
30245,Application-30,M_Req,missing_destination,55,Application-30-Service,EndDevice-30,Application-30-Service,79100
30253,Application-24,M_Req,missing_destination,49,Application-24-Service,EndDevice-24,Application-24-Service,79100
30257,Application-21,M_Req,missing_destination,46,Application-21-Service,EndDevice-21,Application-21-Service,79100
30269,Application-29,M_Req,missing_destination,54,Application-29-Service,EndDevice-29,Application-29-Service,79200
30277,Application-10,M_Req,missing_destination,35,Application-10-Service,EndDevice-10,Application-10-Service,79200
30282,Application-37,M_Req,missing_destination,62,Application-37-Service,EndDevice-37,Application-37-Service,79200
30286,Application-6,M_Req,missing_destination,31,Application-6-Service,EndDevice-6,Application-6-Service,79200
30287,Application-46,M_Req,missing_destination,71,Application-46-Service,EndDevice-46,Application-46-Service,79200
30317,Application-29,M_Req,missing_destination,54,Application-29-Service,EndDevice-29,Application-29-Service,79300
30325,Application-10,M_Req,missing_destination,35,Application-10-Service,EndDevice-10,Application-10-Service,79300
30330,Application-37,M_Req,missing_destination,62,Application-37-Service,EndDevice-37,Application-37-Service,79300
30346,Application-27,M_Req,missing_destination,52,Application-27-Service,EndDevice-27,Application-27-Service,79400
30347,Application-15,M_Req,missing_destination,40,Application-15-Service,EndDevice-15,Application-15-Service,79400
30348,Application-43,M_Req,missing_destination,68,Application-43-Service,EndDevice-43,Application-43-Service,79400
30349,Application-7,M_Req,missing_destination,32,Application-7-Service,EndDevice-7,Application-7-Service,79400
30356,Application-47,M_Req,missing_destination,72,Application-47-Service,EndDevice-47,Application-47-Service,79400
30361,Application-29,M_Req,missing_destination,54,Application-29-Service,EndDevice-29,Application-29-Service,79400
30364,Application-19,M_Req,missing_destination,44,Application-19-Service,EndDevice-19,Application-19-Service,79400
30368,Application-10,M_Req,missing_destination,35,Application-10-Service,EndDevice-10,Application-10-Service,79400
30371,Application-37,M_Req,missing_destination,62,Application-37-Service,EndDevice-37,Application-37-Service,79400
30379,Application-23,M_Req,missing_destination,48,Application-23-Service,EndDevice-23,Application-23-Service,79500
30394,Application-27,M_Req,missing_destination,52,Application-27-Service,EndDevice-27,Application-27-Service,79500
30395,Application-15,M_Req,missing_destination,40,Application-15-Service,EndDevice-15,Application-15-Service,79500
30396,Application-43,M_Req,missing_destination,68,Application-43-Service,EndDevice-43,Application-43-Service,79500
30397,Application-7,M_Req,missing_destination,32,Application-7-Service,EndDevice-7,Application-7-Service,79500
30404,Application-47,M_Req,missing_destination,72,Application-47-Service,EndDevice-47,Application-47-Service,79500
30409,Application-29,M_Req,missing_destination,54,Application-29-Service,EndDevice-29,Application-29-Service,79500
30412,Application-19,M_Req,missing_destination,44,Application-19-Service,EndDevice-19,Application-19-Service,79500
30416,Application-10,M_Req,missing_destination,35,Application-10-Service,EndDevice-10,Application-10-Service,79500
30419,Application-37,M_Req,missing_destination,62,Application-37-Service,EndDevice-37,Application-37-Service,79500
30426,Application-23,M_Req,missing_destination,48,Application-23-Service,EndDevice-23,Application-23-Service,79600
30438,Application-27,M_Req,missing_destination,52,Application-27-Service,EndDevice-27,Application-27-Service,79600
30440,Application-43,M_Req,missing_destination,68,Application-43-Service,EndDevice-43,Application-43-Service,79600
30455,Application-10,M_Req,missing_destination,35,Application-10-Service,EndDevice-10,Application-10-Service,79700
30467,Application-1,M_Req,missing_destination,26,Application-1-Service,EndDevice-1,Application-1-Service,79700
30472,Application-40,M_Req,missing_destination,65,Application-40-Service,EndDevice-40,Application-40-Service,79700
30473,Application-32,M_Req,missing_destination,57,Application-32-Service,EndDevice-32,Application-32-Service,79700
30474,Application-23,M_Req,missing_destination,48,Application-23-Service,EndDevice-23,Application-23-Service,79700
30483,Application-24,M_Req,missing_destination,49,Application-24-Service,EndDevice-24,Application-24-Service,79700
30486,Application-27,M_Req,missing_destination,52,Application-27-Service,EndDevice-27,Application-27-Service,79700
30488,Application-43,M_Req,missing_destination,68,Application-43-Service,EndDevice-43,Application-43-Service,79700
30493,Application-26,M_Req,missing_destination,51,Application-26-Service,EndDevice-26,Application-26-Service,79700
30495,Application-2,M_Req,missing_destination,27,Application-2-Service,EndDevice-2,Application-2-Service,79700
30511,Application-1,M_Req,missing_destination,26,Application-1-Service,EndDevice-1,Application-1-Service,79800
30516,Application-40,M_Req,missing_destination,65,Application-40-Service,EndDevice-40,Application-40-Service,79800
30517,Application-32,M_Req,missing_destination,57,Application-32-Service,EndDevice-32,Application-32-Service,79800
30518,Application-23,M_Req,missing_destination,48,Application-23-Service,EndDevice-23,Application-23-Service,79800
30566,Application-23,M_Req,missing_destination,48,Application-23-Service,EndDevice-23,Application-23-Service,79900
30575,Application-15,M_Req,missing_destination,40,Application-15-Service,EndDevice-15,Application-15-Service,80000
30577,Application-7,M_Req,missing_destination,32,Application-7-Service,EndDevice-7,Application-7-Service,80000
30580,Application-47,M_Req,missing_destination,72,Application-47-Service,EndDevice-47,Application-47-Service,80000
30597,Application-29,M_Req,missing_destination,54,Application-29-Service,EndDevice-29,Application-29-Service,80000
30605,Application-23,M_Req,missing_destination,48,Application-23-Service,EndDevice-23,Application-23-Service,80100
30606,Application-33,M_Req,missing_destination,58,Application-33-Service,EndDevice-33,Application-33-Service,80100
30623,Application-15,M_Req,missing_destination,40,Application-15-Service,EndDevice-15,Application-15-Service,80100
30625,Application-7,M_Req,missing_destination,32,Application-7-Service,EndDevice-7,Application-7-Service,80100
30628,Application-47,M_Req,missing_destination,72,Application-47-Service,EndDevice-47,Application-47-Service,80100
30645,Application-29,M_Req,missing_destination,54,Application-29-Service,EndDevice-29,Application-29-Service,80100
30666,Application-15,M_Req,missing_destination,40,Application-15-Service,EndDevice-15,Application-15-Service,80200
30668,Application-7,M_Req,missing_destination,32,Application-7-Service,EndDevice-7,Application-7-Service,80200
30685,Application-8,M_Req,missing_destination,33,Application-8-Service,EndDevice-8,Application-8-Service,80300
30686,Application-42,M_Req,missing_destination,67,Application-42-Service,EndDevice-42,Application-42-Service,80300
30687,Application-34,M_Req,missing_destination,59,Application-34-Service,EndDevice-34,Application-34-Service,80300
30693,Application-2,M_Req,missing_destination,27,Application-2-Service,EndDevice-2,Application-2-Service,80300
30697,Application-10,M_Req,missing_destination,35,Application-10-Service,EndDevice-10,Application-10-Service,80300
30700,Application-40,M_Req,missing_destination,65,Application-40-Service,EndDevice-40,Application-40-Service,80300
30709,Application-32,M_Req,missing_destination,57,Application-32-Service,EndDevice-32,Application-32-Service,80300
30714,Application-15,M_Req,missing_destination,40,Application-15-Service,EndDevice-15,Application-15-Service,80300
30716,Application-7,M_Req,missing_destination,32,Application-7-Service,EndDevice-7,Application-7-Service,80300
30724,Application-16,M_Req,missing_destination,41,Application-16-Service,EndDevice-16,Application-16-Service,80300
30730,Application-8,M_Req,missing_destination,33,Application-8-Service,EndDevice-8,Application-8-Service,80400
30731,Application-42,M_Req,missing_destination,67,Application-42-Service,EndDevice-42,Application-42-Service,80400
30732,Application-34,M_Req,missing_destination,59,Application-34-Service,EndDevice-34,Application-34-Service,80400
30737,Application-2,M_Req,missing_destination,27,Application-2-Service,EndDevice-2,Application-2-Service,80400
30740,Application-10,M_Req,missing_destination,35,Application-10-Service,EndDevice-10,Application-10-Service,80400
30743,Application-40,M_Req,missing_destination,65,Application-40-Service,EndDevice-40,Application-40-Service,80400
30752,Application-32,M_Req,missing_destination,57,Application-32-Service,EndDevice-32,Application-32-Service,80400
30778,Application-8,M_Req,missing_destination,33,Application-8-Service,EndDevice-8,Application-8-Service,80500
30779,Application-42,M_Req,missing_destination,67,Application-42-Service,EndDevice-42,Application-42-Service,80500
30780,Application-34,M_Req,missing_destination,59,Application-34-Service,EndDevice-34,Application-34-Service,80500
30785,Application-2,M_Req,missing_destination,27,Application-2-Service,EndDevice-2,Application-2-Service,80500
30788,Application-10,M_Req,missing_destination,35,Application-10-Service,EndDevice-10,Application-10-Service,80500
30791,Application-40,M_Req,missing_destination,65,Application-40-Service,EndDevice-40,Application-40-Service,80500
30800,Application-32,M_Req,missing_destination,57,Application-32-Service,EndDevice-32,Application-32-Service,80500
30802,Application-15,M_Req,missing_destination,40,Application-15-Service,EndDevice-15,Application-15-Service,80600
30804,Application-7,M_Req,missing_destination,32,Application-7-Service,EndDevice-7,Application-7-Service,80600
30820,Application-8,M_Req,missing_destination,33,Application-8-Service,EndDevice-8,Application-8-Service,80600
30821,Application-42,M_Req,missing_destination,67,Application-42-Service,EndDevice-42,Application-42-Service,80600
30822,Application-34,M_Req,missing_destination,59,Application-34-Service,EndDevice-34,Application-34-Service,80600
30823,Application-39,M_Req,missing_destination,64,Application-39-Service,EndDevice-39,Application-39-Service,80600
30827,Application-2,M_Req,missing_destination,27,Application-2-Service,EndDevice-2,Application-2-Service,80600
30837,Application-9,M_Req,missing_destination,34,Application-9-Service,EndDevice-9,Application-9-Service,80700
30850,Application-15,M_Req,missing_destination,40,Application-15-Service,EndDevice-15,Application-15-Service,80700
30852,Application-7,M_Req,missing_destination,32,Application-7-Service,EndDevice-7,Application-7-Service,80700
30868,Application-8,M_Req,missing_destination,33,Application-8-Service,EndDevice-8,Application-8-Service,80700
30869,Application-42,M_Req,missing_destination,67,Application-42-Service,EndDevice-42,Application-42-Service,80700
30870,Application-34,M_Req,missing_destination,59,Application-34-Service,EndDevice-34,Application-34-Service,80700
30871,Application-39,M_Req,missing_destination,64,Application-39-Service,EndDevice-39,Application-39-Service,80700
30875,Application-2,M_Req,missing_destination,27,Application-2-Service,EndDevice-2,Application-2-Service,80700
30907,Application-3,M_Req,missing_destination,28,Application-3-Service,EndDevice-3,Application-3-Service,80900
30921,Application-28,M_Req,missing_destination,53,Application-28-Service,EndDevice-28,Application-28-Service,80900
30925,Application-43,M_Req,missing_destination,68,Application-43-Service,EndDevice-43,Application-43-Service,80900
30928,Application-33,M_Req,missing_destination,58,Application-33-Service,EndDevice-33,Application-33-Service,80900
30938,Application-11,M_Req,missing_destination,36,Application-11-Service,EndDevice-11,Application-11-Service,80900
30939,Application-27,M_Req,missing_destination,52,Application-27-Service,EndDevice-27,Application-27-Service,80900
30942,Application-15,M_Req,missing_destination,40,Application-15-Service,EndDevice-15,Application-15-Service,80900
30943,Application-7,M_Req,missing_destination,32,Application-7-Service,EndDevice-7,Application-7-Service,80900
30949,Application-19,M_Req,missing_destination,44,Application-19-Service,EndDevice-19,Application-19-Service,80900
30955,Application-3,M_Req,missing_destination,28,Application-3-Service,EndDevice-3,Application-3-Service,81000
30968,Application-28,M_Req,missing_destination,53,Application-28-Service,EndDevice-28,Application-28-Service,81000
30971,Application-43,M_Req,missing_destination,68,Application-43-Service,EndDevice-43,Application-43-Service,81000
30981,Application-11,M_Req,missing_destination,36,Application-11-Service,EndDevice-11,Application-11-Service,81000
30982,Application-27,M_Req,missing_destination,52,Application-27-Service,EndDevice-27,Application-27-Service,81000
31003,Application-3,M_Req,missing_destination,28,Application-3-Service,EndDevice-3,Application-3-Service,81100
31019,Application-43,M_Req,missing_destination,68,Application-43-Service,EndDevice-43,Application-43-Service,81100
31029,Application-11,M_Req,missing_destination,36,Application-11-Service,EndDevice-11,Application-11-Service,81100
31030,Application-27,M_Req,missing_destination,52,Application-27-Service,EndDevice-27,Application-27-Service,81100
31043,Application-36,M_Req,missing_destination,61,Application-36-Service,EndDevice-36,Application-36-Service,81200
31047,Application-3,M_Req,missing_destination,28,Application-3-Service,EndDevice-3,Application-3-Service,81200
31048,Application-8,M_Req,missing_destination,33,Application-8-Service,EndDevice-8,Application-8-Service,81200
31051,Application-24,M_Req,missing_destination,49,Application-24-Service,EndDevice-24,Application-24-Service,81200
31053,Application-37,M_Req,missing_destination,62,Application-37-Service,EndDevice-37,Application-37-Service,81200
31054,Application-21,M_Req,missing_destination,46,Application-21-Service,EndDevice-21,Application-21-Service,81200
31056,Application-5,M_Req,missing_destination,30,Application-5-Service,EndDevice-5,Application-5-Service,81200
31061,Application-40,M_Req,missing_destination,65,Application-40-Service,EndDevice-40,Application-40-Service,81300
31065,Application-45,M_Req,missing_destination,70,Application-45-Service,EndDevice-45,Application-45-Service,81300
31070,Application-10,M_Req,missing_destination,35,Application-10-Service,EndDevice-10,Application-10-Service,81300
31091,Application-36,M_Req,missing_destination,61,Application-36-Service,EndDevice-36,Application-36-Service,81300
31095,Application-3,M_Req,missing_destination,28,Application-3-Service,EndDevice-3,Application-3-Service,81300
31096,Application-8,M_Req,missing_destination,33,Application-8-Service,EndDevice-8,Application-8-Service,81300
31099,Application-24,M_Req,missing_destination,49,Application-24-Service,EndDevice-24,Application-24-Service,81300
31101,Application-37,M_Req,missing_destination,62,Application-37-Service,EndDevice-37,Application-37-Service,81300
31102,Application-21,M_Req,missing_destination,46,Application-21-Service,EndDevice-21,Application-21-Service,81300
31104,Application-5,M_Req,missing_destination,30,Application-5-Service,EndDevice-5,Application-5-Service,81300
31111,Application-45,M_Req,missing_destination,70,Application-45-Service,EndDevice-45,Application-45-Service,81400
31115,Application-10,M_Req,missing_destination,35,Application-10-Service,EndDevice-10,Application-10-Service,81400
31133,Application-36,M_Req,missing_destination,61,Application-36-Service,EndDevice-36,Application-36-Service,81400
31137,Application-3,M_Req,missing_destination,28,Application-3-Service,EndDevice-3,Application-3-Service,81500
31152,Application-5,M_Req,missing_destination,30,Application-5-Service,EndDevice-5,Application-5-Service,81500
31153,Application-15,M_Req,missing_destination,40,Application-15-Service,EndDevice-15,Application-15-Service,81500
31158,Application-32,M_Req,missing_destination,57,Application-32-Service,EndDevice-32,Application-32-Service,81500
31159,Application-45,M_Req,missing_destination,70,Application-45-Service,EndDevice-45,Application-45-Service,81500
31163,Application-10,M_Req,missing_destination,35,Application-10-Service,EndDevice-10,Application-10-Service,81500
31164,Application-12,M_Req,missing_destination,37,Application-12-Service,EndDevice-12,Application-12-Service,81500
31165,Application-43,M_Req,missing_destination,68,Application-43-Service,EndDevice-43,Application-43-Service,81500
31168,Application-25,M_Req,missing_destination,50,Application-25-Service,EndDevice-25,Application-25-Service,81500
31176,Application-19,M_Req,missing_destination,44,Application-19-Service,EndDevice-19,Application-19-Service,81500
31178,Application-17,M_Req,missing_destination,42,Application-17-Service,EndDevice-17,Application-17-Service,81500
31179,Application-33,M_Req,missing_destination,58,Application-33-Service,EndDevice-33,Application-33-Service,81500
31181,Application-36,M_Req,missing_destination,61,Application-36-Service,EndDevice-36,Application-36-Service,81500
31182,Application-1,M_Req,missing_destination,26,Application-1-Service,EndDevice-1,Application-1-Service,81500
31183,Application-9,M_Req,missing_destination,34,Application-9-Service,EndDevice-9,Application-9-Service,81500
31184,Application-35,M_Req,missing_destination,60,Application-35-Service,EndDevice-35,Application-35-Service,81500
31185,Application-3,M_Req,missing_destination,28,Application-3-Service,EndDevice-3,Application-3-Service,81600
31199,Application-5,M_Req,missing_destination,30,Application-5-Service,EndDevice-5,Application-5-Service,81600
31200,Application-15,M_Req,missing_destination,40,Application-15-Service,EndDevice-15,Application-15-Service,81600
31207,Application-43,M_Req,missing_destination,68,Application-43-Service,EndDevice-43,Application-43-Service,81600
31209,Application-25,M_Req,missing_destination,50,Application-25-Service,EndDevice-25,Application-25-Service,81600
31266,Application-7,M_Req,missing_destination,32,Application-7-Service,EndDevice-7,Application-7-Service,81800
31273,Application-16,M_Req,missing_destination,41,Application-16-Service,EndDevice-16,Application-16-Service,81800
31275,Application-32,M_Req,missing_destination,57,Application-32-Service,EndDevice-32,Application-32-Service,81800
31277,Application-23,M_Req,missing_destination,48,Application-23-Service,EndDevice-23,Application-23-Service,81800
31285,Application-39,M_Req,missing_destination,64,Application-39-Service,EndDevice-39,Application-39-Service,81800
31297,Application-20,M_Req,missing_destination,45,Application-20-Service,EndDevice-20,Application-20-Service,81900
31298,Application-30,M_Req,missing_destination,55,Application-30-Service,EndDevice-30,Application-30-Service,81900
31314,Application-7,M_Req,missing_destination,32,Application-7-Service,EndDevice-7,Application-7-Service,81900
31321,Application-16,M_Req,missing_destination,41,Application-16-Service,EndDevice-16,Application-16-Service,81900
31323,Application-32,M_Req,missing_destination,57,Application-32-Service,EndDevice-32,Application-32-Service,81900
31325,Application-23,M_Req,missing_destination,48,Application-23-Service,EndDevice-23,Application-23-Service,81900
31333,Application-39,M_Req,missing_destination,64,Application-39-Service,EndDevice-39,Application-39-Service,81900
31357,Application-7,M_Req,missing_destination,32,Application-7-Service,EndDevice-7,Application-7-Service,82000
31367,Application-23,M_Req,missing_destination,48,Application-23-Service,EndDevice-23,Application-23-Service,82000
31378,Application-6,M_Req,missing_destination,31,Application-6-Service,EndDevice-6,Application-6-Service,82100
31381,Application-20,M_Req,missing_destination,45,Application-20-Service,EndDevice-20,Application-20-Service,82100
31391,Application-30,M_Req,missing_destination,55,Application-30-Service,EndDevice-30,Application-30-Service,82100
31392,Application-47,M_Req,missing_destination,72,Application-47-Service,EndDevice-47,Application-47-Service,82100
31394,Application-46,M_Req,missing_destination,71,Application-46-Service,EndDevice-46,Application-46-Service,82100
31405,Application-7,M_Req,missing_destination,32,Application-7-Service,EndDevice-7,Application-7-Service,82100
31412,Application-16,M_Req,missing_destination,41,Application-16-Service,EndDevice-16,Application-16-Service,82100
31413,Application-32,M_Req,missing_destination,57,Application-32-Service,EndDevice-32,Application-32-Service,82100
31415,Application-23,M_Req,missing_destination,48,Application-23-Service,EndDevice-23,Application-23-Service,82100
31424,Application-6,M_Req,missing_destination,31,Application-6-Service,EndDevice-6,Application-6-Service,82200
31427,Application-20,M_Req,missing_destination,45,Application-20-Service,EndDevice-20,Application-20-Service,82200
31436,Application-30,M_Req,missing_destination,55,Application-30-Service,EndDevice-30,Application-30-Service,82200
31437,Application-47,M_Req,missing_destination,72,Application-47-Service,EndDevice-47,Application-47-Service,82200
31439,Application-46,M_Req,missing_destination,71,Application-46-Service,EndDevice-46,Application-46-Service,82200
31472,Application-6,M_Req,missing_destination,31,Application-6-Service,EndDevice-6,Application-6-Service,82300
31485,Application-47,M_Req,missing_destination,72,Application-47-Service,EndDevice-47,Application-47-Service,82300
31487,Application-46,M_Req,missing_destination,71,Application-46-Service,EndDevice-46,Application-46-Service,82300
31499,Application-36,M_Req,missing_destination,61,Application-36-Service,EndDevice-36,Application-36-Service,82400
31500,Application-12,M_Req,missing_destination,37,Application-12-Service,EndDevice-12,Application-12-Service,82400
31510,Application-28,M_Req,missing_destination,53,Application-28-Service,EndDevice-28,Application-28-Service,82400
31515,Application-6,M_Req,missing_destination,31,Application-6-Service,EndDevice-6,Application-6-Service,82400
31547,Application-36,M_Req,missing_destination,61,Application-36-Service,EndDevice-36,Application-36-Service,82500
31548,Application-12,M_Req,missing_destination,37,Application-12-Service,EndDevice-12,Application-12-Service,82500
31558,Application-28,M_Req,missing_destination,53,Application-28-Service,EndDevice-28,Application-28-Service,82500
31563,Application-6,M_Req,missing_destination,31,Application-6-Service,EndDevice-6,Application-6-Service,82500
31590,Application-12,M_Req,missing_destination,37,Application-12-Service,EndDevice-12,Application-12-Service,82600
31599,Application-31,M_Req,missing_destination,56,Application-31-Service,EndDevice-31,Application-31-Service,82700
31600,Application-39,M_Req,missing_destination,64,Application-39-Service,EndDevice-39,Application-39-Service,82700
31602,Application-15,M_Req,missing_destination,40,Application-15-Service,EndDevice-15,Application-15-Service,82700
31612,Application-21,M_Req,missing_destination,46,Application-21-Service,EndDevice-21,Application-21-Service,82700
31624,Application-19,M_Req,missing_destination,44,Application-19-Service,EndDevice-19,Application-19-Service,82700
31626,Application-23,M_Req,missing_destination,48,Application-23-Service,EndDevice-23,Application-23-Service,82700
31634,Application-7,M_Req,missing_destination,32,Application-7-Service,EndDevice-7,Application-7-Service,82700
31638,Application-12,M_Req,missing_destination,37,Application-12-Service,EndDevice-12,Application-12-Service,82700
31644,Application-32,M_Req,missing_destination,57,Application-32-Service,EndDevice-32,Application-32-Service,82700
31647,Application-31,M_Req,missing_destination,56,Application-31-Service,EndDevice-31,Application-31-Service,82800
31648,Application-39,M_Req,missing_destination,64,Application-39-Service,EndDevice-39,Application-39-Service,82800
31650,Application-15,M_Req,missing_destination,40,Application-15-Service,EndDevice-15,Application-15-Service,82800
31659,Application-21,M_Req,missing_destination,46,Application-21-Service,EndDevice-21,Application-21-Service,82800
31671,Application-23,M_Req,missing_destination,48,Application-23-Service,EndDevice-23,Application-23-Service,82800
31695,Application-31,M_Req,missing_destination,56,Application-31-Service,EndDevice-31,Application-31-Service,82900
31696,Application-39,M_Req,missing_destination,64,Application-39-Service,EndDevice-39,Application-39-Service,82900
31698,Application-15,M_Req,missing_destination,40,Application-15-Service,EndDevice-15,Application-15-Service,82900
31719,Application-23,M_Req,missing_destination,48,Application-23-Service,EndDevice-23,Application-23-Service,82900
31726,Application-35,M_Req,missing_destination,60,Application-35-Service,EndDevice-35,Application-35-Service,83000
31736,Application-28,M_Req,missing_destination,53,Application-28-Service,EndDevice-28,Application-28-Service,83000
31737,Application-31,M_Req,missing_destination,56,Application-31-Service,EndDevice-31,Application-31-Service,83000
31738,Application-39,M_Req,missing_destination,64,Application-39-Service,EndDevice-39,Application-39-Service,83000
31740,Application-15,M_Req,missing_destination,40,Application-15-Service,EndDevice-15,Application-15-Service,83000
31741,Application-44,M_Req,missing_destination,69,Application-44-Service,EndDevice-44,Application-44-Service,83000
31742,Application-20,M_Req,missing_destination,45,Application-20-Service,EndDevice-20,Application-20-Service,83000
31743,Application-37,M_Req,missing_destination,62,Application-37-Service,EndDevice-37,Application-37-Service,83000
31746,Application-29,M_Req,missing_destination,54,Application-29-Service,EndDevice-29,Application-29-Service,83000
31752,Application-5,M_Req,missing_destination,30,Application-5-Service,EndDevice-5,Application-5-Service,83000
31755,Application-25,M_Req,missing_destination,50,Application-25-Service,EndDevice-25,Application-25-Service,83100
31758,Application-45,M_Req,missing_destination,70,Application-45-Service,EndDevice-45,Application-45-Service,83100
31774,Application-35,M_Req,missing_destination,60,Application-35-Service,EndDevice-35,Application-35-Service,83100
31784,Application-28,M_Req,missing_destination,53,Application-28-Service,EndDevice-28,Application-28-Service,83100
31785,Application-31,M_Req,missing_destination,56,Application-31-Service,EndDevice-31,Application-31-Service,83100
31786,Application-39,M_Req,missing_destination,64,Application-39-Service,EndDevice-39,Application-39-Service,83100
31788,Application-15,M_Req,missing_destination,40,Application-15-Service,EndDevice-15,Application-15-Service,83100
31789,Application-44,M_Req,missing_destination,69,Application-44-Service,EndDevice-44,Application-44-Service,83100
31790,Application-20,M_Req,missing_destination,45,Application-20-Service,EndDevice-20,Application-20-Service,83100
31791,Application-37,M_Req,missing_destination,62,Application-37-Service,EndDevice-37,Application-37-Service,83100
31794,Application-29,M_Req,missing_destination,54,Application-29-Service,EndDevice-29,Application-29-Service,83100
31800,Application-5,M_Req,missing_destination,30,Application-5-Service,EndDevice-5,Application-5-Service,83100
31803,Application-25,M_Req,missing_destination,50,Application-25-Service,EndDevice-25,Application-25-Service,83200
31828,Application-28,M_Req,missing_destination,53,Application-28-Service,EndDevice-28,Application-28-Service,83300
31831,Application-20,M_Req,missing_destination,45,Application-20-Service,EndDevice-20,Application-20-Service,83300
31835,Application-36,M_Req,missing_destination,61,Application-36-Service,EndDevice-36,Application-36-Service,83300
31848,Application-44,M_Req,missing_destination,69,Application-44-Service,EndDevice-44,Application-44-Service,83300
31850,Application-38,M_Req,missing_destination,63,Application-38-Service,EndDevice-38,Application-38-Service,83300
31851,Application-25,M_Req,missing_destination,50,Application-25-Service,EndDevice-25,Application-25-Service,83300
31853,Application-34,M_Req,missing_destination,59,Application-34-Service,EndDevice-34,Application-34-Service,83300
31855,Application-4,M_Req,missing_destination,29,Application-4-Service,EndDevice-4,Application-4-Service,83300
31857,Application-18,M_Req,missing_destination,43,Application-18-Service,EndDevice-18,Application-18-Service,83300
31861,Application-12,M_Req,missing_destination,37,Application-12-Service,EndDevice-12,Application-12-Service,83300
31862,Application-6,M_Req,missing_destination,31,Application-6-Service,EndDevice-6,Application-6-Service,83300
31869,Application-42,M_Req,missing_destination,67,Application-42-Service,EndDevice-42,Application-42-Service,83300
31872,Application-14,M_Req,missing_destination,39,Application-14-Service,EndDevice-14,Application-14-Service,83300
31873,Application-22,M_Req,missing_destination,47,Application-22-Service,EndDevice-22,Application-22-Service,83300
31874,Application-46,M_Req,missing_destination,71,Application-46-Service,EndDevice-46,Application-46-Service,83300
31876,Application-28,M_Req,missing_destination,53,Application-28-Service,EndDevice-28,Application-28-Service,83400
31879,Application-20,M_Req,missing_destination,45,Application-20-Service,EndDevice-20,Application-20-Service,83400
31882,Application-36,M_Req,missing_destination,61,Application-36-Service,EndDevice-36,Application-36-Service,83400
31893,Application-44,M_Req,missing_destination,69,Application-44-Service,EndDevice-44,Application-44-Service,83400
31895,Application-25,M_Req,missing_destination,50,Application-25-Service,EndDevice-25,Application-25-Service,83400
31897,Application-34,M_Req,missing_destination,59,Application-34-Service,EndDevice-34,Application-34-Service,83400
31899,Application-4,M_Req,missing_destination,29,Application-4-Service,EndDevice-4,Application-4-Service,83400
31901,Application-18,M_Req,missing_destination,43,Application-18-Service,EndDevice-18,Application-18-Service,83400
31905,Application-6,M_Req,missing_destination,31,Application-6-Service,EndDevice-6,Application-6-Service,83400
31943,Application-25,M_Req,missing_destination,50,Application-25-Service,EndDevice-25,Application-25-Service,83500
31949,Application-18,M_Req,missing_destination,43,Application-18-Service,EndDevice-18,Application-18-Service,83500
31953,Application-6,M_Req,missing_destination,31,Application-6-Service,EndDevice-6,Application-6-Service,83500
31957,Application-13,M_Req,missing_destination,38,Application-13-Service,EndDevice-13,Application-13-Service,83600
31958,Application-7,M_Req,missing_destination,32,Application-7-Service,EndDevice-7,Application-7-Service,83600
31962,Application-37,M_Req,missing_destination,62,Application-37-Service,EndDevice-37,Application-37-Service,83600
31964,Application-47,M_Req,missing_destination,72,Application-47-Service,EndDevice-47,Application-47-Service,83600
31979,Application-19,M_Req,missing_destination,44,Application-19-Service,EndDevice-19,Application-19-Service,83600
31982,Application-29,M_Req,missing_destination,54,Application-29-Service,EndDevice-29,Application-29-Service,83600
31989,Application-16,M_Req,missing_destination,41,Application-16-Service,EndDevice-16,Application-16-Service,83700
31992,Application-6,M_Req,missing_destination,31,Application-6-Service,EndDevice-6,Application-6-Service,83700
31993,Application-26,M_Req,missing_destination,51,Application-26-Service,EndDevice-26,Application-26-Service,83700
32005,Application-13,M_Req,missing_destination,38,Application-13-Service,EndDevice-13,Application-13-Service,83700
32006,Application-7,M_Req,missing_destination,32,Application-7-Service,EndDevice-7,Application-7-Service,83700
32010,Application-37,M_Req,missing_destination,62,Application-37-Service,EndDevice-37,Application-37-Service,83700
32012,Application-47,M_Req,missing_destination,72,Application-47-Service,EndDevice-47,Application-47-Service,83700
32027,Application-19,M_Req,missing_destination,44,Application-19-Service,EndDevice-19,Application-19-Service,83700
32030,Application-29,M_Req,missing_destination,54,Application-29-Service,EndDevice-29,Application-29-Service,83700
32058,Application-28,M_Req,missing_destination,53,Application-28-Service,EndDevice-28,Application-28-Service,83900
32059,Application-20,M_Req,missing_destination,45,Application-20-Service,EndDevice-20,Application-20-Service,83900
32061,Application-36,M_Req,missing_destination,61,Application-36-Service,EndDevice-36,Application-36-Service,83900
32069,Application-44,M_Req,missing_destination,69,Application-44-Service,EndDevice-44,Application-44-Service,83900
32071,Application-29,M_Req,missing_destination,54,Application-29-Service,EndDevice-29,Application-29-Service,83900
32080,Application-34,M_Req,missing_destination,59,Application-34-Service,EndDevice-34,Application-34-Service,83900
32082,Application-4,M_Req,missing_destination,29,Application-4-Service,EndDevice-4,Application-4-Service,83900
32092,Application-12,M_Req,missing_destination,37,Application-12-Service,EndDevice-12,Application-12-Service,83900
32098,Application-7,M_Req,missing_destination,32,Application-7-Service,EndDevice-7,Application-7-Service,83900
32103,Application-47,M_Req,missing_destination,72,Application-47-Service,EndDevice-47,Application-47-Service,83900
32105,Application-28,M_Req,missing_destination,53,Application-28-Service,EndDevice-28,Application-28-Service,84000
32106,Application-20,M_Req,missing_destination,45,Application-20-Service,EndDevice-20,Application-20-Service,84000
32108,Application-36,M_Req,missing_destination,61,Application-36-Service,EndDevice-36,Application-36-Service,84000
32114,Application-44,M_Req,missing_destination,69,Application-44-Service,EndDevice-44,Application-44-Service,84000
32123,Application-4,M_Req,missing_destination,29,Application-4-Service,EndDevice-4,Application-4-Service,84000
32133,Application-12,M_Req,missing_destination,37,Application-12-Service,EndDevice-12,Application-12-Service,84000
32199,Application-28,M_Req,missing_destination,53,Application-28-Service,EndDevice-28,Application-28-Service,84200
32200,Application-20,M_Req,missing_destination,45,Application-20-Service,EndDevice-20,Application-20-Service,84200
32202,Application-36,M_Req,missing_destination,61,Application-36-Service,EndDevice-36,Application-36-Service,84200
32206,Application-44,M_Req,missing_destination,69,Application-44-Service,EndDevice-44,Application-44-Service,84200
32208,Application-3,M_Req,missing_destination,28,Application-3-Service,EndDevice-3,Application-3-Service,84200
32214,Application-23,M_Req,missing_destination,48,Application-23-Service,EndDevice-23,Application-23-Service,84300
32215,Application-4,M_Req,missing_destination,29,Application-4-Service,EndDevice-4,Application-4-Service,84300
32220,Application-43,M_Req,missing_destination,68,Application-43-Service,EndDevice-43,Application-43-Service,84300
32247,Application-28,M_Req,missing_destination,53,Application-28-Service,EndDevice-28,Application-28-Service,84300
32248,Application-20,M_Req,missing_destination,45,Application-20-Service,EndDevice-20,Application-20-Service,84300
32250,Application-36,M_Req,missing_destination,61,Application-36-Service,EndDevice-36,Application-36-Service,84300
32254,Application-44,M_Req,missing_destination,69,Application-44-Service,EndDevice-44,Application-44-Service,84300
32256,Application-3,M_Req,missing_destination,28,Application-3-Service,EndDevice-3,Application-3-Service,84300
32291,Application-41,M_Req,missing_destination,66,Application-41-Service,EndDevice-41,Application-41-Service,84500
32313,Application-1,M_Req,missing_destination,26,Application-1-Service,EndDevice-1,Application-1-Service,84500
32321,Application-22,M_Req,missing_destination,47,Application-22-Service,EndDevice-22,Application-22-Service,84500
32329,Application-17,M_Req,missing_destination,42,Application-17-Service,EndDevice-17,Application-17-Service,84500
32332,Application-9,M_Req,missing_destination,34,Application-9-Service,EndDevice-9,Application-9-Service,84500
32333,Application-25,M_Req,missing_destination,50,Application-25-Service,EndDevice-25,Application-25-Service,84500
32339,Application-41,M_Req,missing_destination,66,Application-41-Service,EndDevice-41,Application-41-Service,84600
32364,Application-22,M_Req,missing_destination,47,Application-22-Service,EndDevice-22,Application-22-Service,84600
32387,Application-41,M_Req,missing_destination,66,Application-41-Service,EndDevice-41,Application-41-Service,84700
32412,Application-22,M_Req,missing_destination,47,Application-22-Service,EndDevice-22,Application-22-Service,84700
32416,Application-7,M_Req,missing_destination,32,Application-7-Service,EndDevice-7,Application-7-Service,84800
32429,Application-8,M_Req,missing_destination,33,Application-8-Service,EndDevice-8,Application-8-Service,84800
32433,Application-41,M_Req,missing_destination,66,Application-41-Service,EndDevice-41,Application-41-Service,84800
32445,Application-30,M_Req,missing_destination,55,Application-30-Service,EndDevice-30,Application-30-Service,84900
32447,Application-40,M_Req,missing_destination,65,Application-40-Service,EndDevice-40,Application-40-Service,84900
32449,Application-39,M_Req,missing_destination,64,Application-39-Service,EndDevice-39,Application-39-Service,84900
32464,Application-7,M_Req,missing_destination,32,Application-7-Service,EndDevice-7,Application-7-Service,84900
32477,Application-8,M_Req,missing_destination,33,Application-8-Service,EndDevice-8,Application-8-Service,84900
32481,Application-41,M_Req,missing_destination,66,Application-41-Service,EndDevice-41,Application-41-Service,84900
32517,Application-8,M_Req,missing_destination,33,Application-8-Service,EndDevice-8,Application-8-Service,85000
32524,Application-3,M_Req,missing_destination,28,Application-3-Service,EndDevice-3,Application-3-Service,85100
32525,Application-27,M_Req,missing_destination,52,Application-27-Service,EndDevice-27,Application-27-Service,85100
32528,Application-43,M_Req,missing_destination,68,Application-43-Service,EndDevice-43,Application-43-Service,85100
32538,Application-7,M_Req,missing_destination,32,Application-7-Service,EndDevice-7,Application-7-Service,85100
32546,Application-11,M_Req,missing_destination,36,Application-11-Service,EndDevice-11,Application-11-Service,85100
32548,Application-19,M_Req,missing_destination,44,Application-19-Service,EndDevice-19,Application-19-Service,85100
32565,Application-8,M_Req,missing_destination,33,Application-8-Service,EndDevice-8,Application-8-Service,85100
32571,Application-3,M_Req,missing_destination,28,Application-3-Service,EndDevice-3,Application-3-Service,85200
32573,Application-43,M_Req,missing_destination,68,Application-43-Service,EndDevice-43,Application-43-Service,85200
32587,Application-11,M_Req,missing_destination,36,Application-11-Service,EndDevice-11,Application-11-Service,85200
32588,Application-19,M_Req,missing_destination,44,Application-19-Service,EndDevice-19,Application-19-Service,85200
32657,Application-28,M_Req,missing_destination,53,Application-28-Service,EndDevice-28,Application-28-Service,85400
32660,Application-5,M_Req,missing_destination,30,Application-5-Service,EndDevice-5,Application-5-Service,85400
32664,Application-3,M_Req,missing_destination,28,Application-3-Service,EndDevice-3,Application-3-Service,85400
32676,Application-36,M_Req,missing_destination,61,Application-36-Service,EndDevice-36,Application-36-Service,85500
32678,Application-24,M_Req,missing_destination,49,Application-24-Service,EndDevice-24,Application-24-Service,85500
32705,Application-28,M_Req,missing_destination,53,Application-28-Service,EndDevice-28,Application-28-Service,85500
32708,Application-5,M_Req,missing_destination,30,Application-5-Service,EndDevice-5,Application-5-Service,85500
32712,Application-3,M_Req,missing_destination,28,Application-3-Service,EndDevice-3,Application-3-Service,85500
32747,Application-28,M_Req,missing_destination,53,Application-28-Service,EndDevice-28,Application-28-Service,85600
32750,Application-41,M_Req,missing_destination,66,Application-41-Service,EndDevice-41,Application-41-Service,85700
32754,Application-33,M_Req,missing_destination,58,Application-33-Service,EndDevice-33,Application-33-Service,85700
32756,Application-40,M_Req,missing_destination,65,Application-40-Service,EndDevice-40,Application-40-Service,85700
32772,Application-31,M_Req,missing_destination,56,Application-31-Service,EndDevice-31,Application-31-Service,85700
32776,Application-48,M_Req,missing_destination,73,Application-48-Service,EndDevice-48,Application-48-Service,85700
32777,Application-17,M_Req,missing_destination,42,Application-17-Service,EndDevice-17,Application-17-Service,85700
32779,Application-32,M_Req,missing_destination,57,Application-32-Service,EndDevice-32,Application-32-Service,85700
32789,Application-8,M_Req,missing_destination,33,Application-8-Service,EndDevice-8,Application-8-Service,85700
32791,Application-16,M_Req,missing_destination,41,Application-16-Service,EndDevice-16,Application-16-Service,85700
32795,Application-28,M_Req,missing_destination,53,Application-28-Service,EndDevice-28,Application-28-Service,85700
32798,Application-41,M_Req,missing_destination,66,Application-41-Service,EndDevice-41,Application-41-Service,85800
32802,Application-33,M_Req,missing_destination,58,Application-33-Service,EndDevice-33,Application-33-Service,85800
32804,Application-40,M_Req,missing_destination,65,Application-40-Service,EndDevice-40,Application-40-Service,85800
32817,Application-31,M_Req,missing_destination,56,Application-31-Service,EndDevice-31,Application-31-Service,85800
32820,Application-48,M_Req,missing_destination,73,Application-48-Service,EndDevice-48,Application-48-Service,85800
32821,Application-17,M_Req,missing_destination,42,Application-17-Service,EndDevice-17,Application-17-Service,85800
32823,Application-32,M_Req,missing_destination,57,Application-32-Service,EndDevice-32,Application-32-Service,85800
32846,Application-41,M_Req,missing_destination,66,Application-41-Service,EndDevice-41,Application-41-Service,85900
32850,Application-33,M_Req,missing_destination,58,Application-33-Service,EndDevice-33,Application-33-Service,85900
32865,Application-31,M_Req,missing_destination,56,Application-31-Service,EndDevice-31,Application-31-Service,85900
32869,Application-17,M_Req,missing_destination,42,Application-17-Service,EndDevice-17,Application-17-Service,85900
32873,Application-10,M_Req,missing_destination,35,Application-10-Service,EndDevice-10,Application-10-Service,86000
32876,Application-2,M_Req,missing_destination,27,Application-2-Service,EndDevice-2,Application-2-Service,86000
32880,Application-7,M_Req,missing_destination,32,Application-7-Service,EndDevice-7,Application-7-Service,86000
32885,Application-42,M_Req,missing_destination,67,Application-42-Service,EndDevice-42,Application-42-Service,86000
32888,Application-47,M_Req,missing_destination,72,Application-47-Service,EndDevice-47,Application-47-Service,86000
32890,Application-41,M_Req,missing_destination,66,Application-41-Service,EndDevice-41,Application-41-Service,86000
32891,Application-15,M_Req,missing_destination,40,Application-15-Service,EndDevice-15,Application-15-Service,86000
32893,Application-33,M_Req,missing_destination,58,Application-33-Service,EndDevice-33,Application-33-Service,86000
32898,Application-34,M_Req,missing_destination,59,Application-34-Service,EndDevice-34,Application-34-Service,86000
32900,Application-44,M_Req,missing_destination,69,Application-44-Service,EndDevice-44,Application-44-Service,86000
32902,Application-24,M_Req,missing_destination,49,Application-24-Service,EndDevice-24,Application-24-Service,86000
32904,Application-19,M_Req,missing_destination,44,Application-19-Service,EndDevice-19,Application-19-Service,86100
32911,Application-43,M_Req,missing_destination,68,Application-43-Service,EndDevice-43,Application-43-Service,86100
32921,Application-10,M_Req,missing_destination,35,Application-10-Service,EndDevice-10,Application-10-Service,86100
32924,Application-2,M_Req,missing_destination,27,Application-2-Service,EndDevice-2,Application-2-Service,86100
32928,Application-7,M_Req,missing_destination,32,Application-7-Service,EndDevice-7,Application-7-Service,86100
32933,Application-42,M_Req,missing_destination,67,Application-42-Service,EndDevice-42,Application-42-Service,86100
32936,Application-47,M_Req,missing_destination,72,Application-47-Service,EndDevice-47,Application-47-Service,86100
32938,Application-41,M_Req,missing_destination,66,Application-41-Service,EndDevice-41,Application-41-Service,86100
32939,Application-15,M_Req,missing_destination,40,Application-15-Service,EndDevice-15,Application-15-Service,86100
32941,Application-33,M_Req,missing_destination,58,Application-33-Service,EndDevice-33,Application-33-Service,86100
32946,Application-34,M_Req,missing_destination,59,Application-34-Service,EndDevice-34,Application-34-Service,86100
32948,Application-44,M_Req,missing_destination,69,Application-44-Service,EndDevice-44,Application-44-Service,86100
32950,Application-24,M_Req,missing_destination,49,Application-24-Service,EndDevice-24,Application-24-Service,86100
32970,Application-7,M_Req,missing_destination,32,Application-7-Service,EndDevice-7,Application-7-Service,86200
32986,Application-5,M_Req,missing_destination,30,Application-5-Service,EndDevice-5,Application-5-Service,86300
32990,Application-43,M_Req,missing_destination,68,Application-43-Service,EndDevice-43,Application-43-Service,86300
32994,Application-26,M_Req,missing_destination,51,Application-26-Service,EndDevice-26,Application-26-Service,86300
33012,Application-10,M_Req,missing_destination,35,Application-10-Service,EndDevice-10,Application-10-Service,86300
33014,Application-2,M_Req,missing_destination,27,Application-2-Service,EndDevice-2,Application-2-Service,86300
33018,Application-7,M_Req,missing_destination,32,Application-7-Service,EndDevice-7,Application-7-Service,86300
33023,Application-42,M_Req,missing_destination,67,Application-42-Service,EndDevice-42,Application-42-Service,86300
33032,Application-5,M_Req,missing_destination,30,Application-5-Service,EndDevice-5,Application-5-Service,86400
33035,Application-43,M_Req,missing_destination,68,Application-43-Service,EndDevice-43,Application-43-Service,86400
33039,Application-26,M_Req,missing_destination,51,Application-26-Service,EndDevice-26,Application-26-Service,86400
33083,Application-43,M_Req,missing_destination,68,Application-43-Service,EndDevice-43,Application-43-Service,86500
33102,Application-10,M_Req,missing_destination,35,Application-10-Service,EndDevice-10,Application-10-Service,86600
33104,Application-16,M_Req,missing_destination,41,Application-16-Service,EndDevice-16,Application-16-Service,86600
33108,Application-42,M_Req,missing_destination,67,Application-42-Service,EndDevice-42,Application-42-Service,86600
33111,Application-32,M_Req,missing_destination,57,Application-32-Service,EndDevice-32,Application-32-Service,86600
33119,Application-40,M_Req,missing_destination,65,Application-40-Service,EndDevice-40,Application-40-Service,86600
33121,Application-34,M_Req,missing_destination,59,Application-34-Service,EndDevice-34,Application-34-Service,86600
33124,Application-24,M_Req,missing_destination,49,Application-24-Service,EndDevice-24,Application-24-Service,86600
33125,Application-43,M_Req,missing_destination,68,Application-43-Service,EndDevice-43,Application-43-Service,86600
33132,Application-12,M_Req,missing_destination,37,Application-12-Service,EndDevice-12,Application-12-Service,86700
33136,Application-30,M_Req,missing_destination,55,Application-30-Service,EndDevice-30,Application-30-Service,86700
33150,Application-10,M_Req,missing_destination,35,Application-10-Service,EndDevice-10,Application-10-Service,86700
33152,Application-16,M_Req,missing_destination,41,Application-16-Service,EndDevice-16,Application-16-Service,86700
33156,Application-42,M_Req,missing_destination,67,Application-42-Service,EndDevice-42,Application-42-Service,86700
33159,Application-32,M_Req,missing_destination,57,Application-32-Service,EndDevice-32,Application-32-Service,86700
33167,Application-40,M_Req,missing_destination,65,Application-40-Service,EndDevice-40,Application-40-Service,86700
33169,Application-34,M_Req,missing_destination,59,Application-34-Service,EndDevice-34,Application-34-Service,86700
33172,Application-24,M_Req,missing_destination,49,Application-24-Service,EndDevice-24,Application-24-Service,86700
33173,Application-43,M_Req,missing_destination,68,Application-43-Service,EndDevice-43,Application-43-Service,86700
33180,Application-12,M_Req,missing_destination,37,Application-12-Service,EndDevice-12,Application-12-Service,86800
33193,Application-10,M_Req,missing_destination,35,Application-10-Service,EndDevice-10,Application-10-Service,86800
33208,Application-34,M_Req,missing_destination,59,Application-34-Service,EndDevice-34,Application-34-Service,86900
33216,Application-26,M_Req,missing_destination,51,Application-26-Service,EndDevice-26,Application-26-Service,86900
33219,Application-30,M_Req,missing_destination,55,Application-30-Service,EndDevice-30,Application-30-Service,86900
33228,Application-12,M_Req,missing_destination,37,Application-12-Service,EndDevice-12,Application-12-Service,86900
33235,Application-18,M_Req,missing_destination,43,Application-18-Service,EndDevice-18,Application-18-Service,86900
33239,Application-2,M_Req,missing_destination,27,Application-2-Service,EndDevice-2,Application-2-Service,86900
33241,Application-10,M_Req,missing_destination,35,Application-10-Service,EndDevice-10,Application-10-Service,86900
33242,Application-16,M_Req,missing_destination,41,Application-16-Service,EndDevice-16,Application-16-Service,86900
33243,Application-28,M_Req,missing_destination,53,Application-28-Service,EndDevice-28,Application-28-Service,86900
33247,Application-20,M_Req,missing_destination,45,Application-20-Service,EndDevice-20,Application-20-Service,86900
33248,Application-32,M_Req,missing_destination,57,Application-32-Service,EndDevice-32,Application-32-Service,86900
33254,Application-34,M_Req,missing_destination,59,Application-34-Service,EndDevice-34,Application-34-Service,87000
33261,Application-26,M_Req,missing_destination,51,Application-26-Service,EndDevice-26,Application-26-Service,87000
33262,Application-30,M_Req,missing_destination,55,Application-30-Service,EndDevice-30,Application-30-Service,87000
33269,Application-12,M_Req,missing_destination,37,Application-12-Service,EndDevice-12,Application-12-Service,87000
33279,Application-2,M_Req,missing_destination,27,Application-2-Service,EndDevice-2,Application-2-Service,87000
33302,Application-34,M_Req,missing_destination,59,Application-34-Service,EndDevice-34,Application-34-Service,87100
33309,Application-26,M_Req,missing_destination,51,Application-26-Service,EndDevice-26,Application-26-Service,87100
33327,Application-2,M_Req,missing_destination,27,Application-2-Service,EndDevice-2,Application-2-Service,87100
33331,Application-28,M_Req,missing_destination,53,Application-28-Service,EndDevice-28,Application-28-Service,87200
33333,Application-20,M_Req,missing_destination,45,Application-20-Service,EndDevice-20,Application-20-Service,87200
33336,Application-7,M_Req,missing_destination,32,Application-7-Service,EndDevice-7,Application-7-Service,87200
33346,Application-15,M_Req,missing_destination,40,Application-15-Service,EndDevice-15,Application-15-Service,87200
33347,Application-36,M_Req,missing_destination,61,Application-36-Service,EndDevice-36,Application-36-Service,87200
33348,Application-34,M_Req,missing_destination,59,Application-34-Service,EndDevice-34,Application-34-Service,87200
33352,Application-26,M_Req,missing_destination,51,Application-26-Service,EndDevice-26,Application-26-Service,87200
33363,Application-39,M_Req,missing_destination,64,Application-39-Service,EndDevice-39,Application-39-Service,87300
33366,Application-9,M_Req,missing_destination,34,Application-9-Service,EndDevice-9,Application-9-Service,87300
33379,Application-28,M_Req,missing_destination,53,Application-28-Service,EndDevice-28,Application-28-Service,87300
33381,Application-20,M_Req,missing_destination,45,Application-20-Service,EndDevice-20,Application-20-Service,87300
33384,Application-7,M_Req,missing_destination,32,Application-7-Service,EndDevice-7,Application-7-Service,87300
33394,Application-15,M_Req,missing_destination,40,Application-15-Service,EndDevice-15,Application-15-Service,87300
33395,Application-36,M_Req,missing_destination,61,Application-36-Service,EndDevice-36,Application-36-Service,87300
33396,Application-34,M_Req,missing_destination,59,Application-34-Service,EndDevice-34,Application-34-Service,87300
33400,Application-26,M_Req,missing_destination,51,Application-26-Service,EndDevice-26,Application-26-Service,87300
33411,Application-39,M_Req,missing_destination,64,Application-39-Service,EndDevice-39,Application-39-Service,87400
33413,Application-9,M_Req,missing_destination,34,Application-9-Service,EndDevice-9,Application-9-Service,87400
33426,Application-7,M_Req,missing_destination,32,Application-7-Service,EndDevice-7,Application-7-Service,87400
33444,Application-48,M_Req,missing_destination,73,Application-48-Service,EndDevice-48,Application-48-Service,87500
33455,Application-45,M_Req,missing_destination,70,Application-45-Service,EndDevice-45,Application-45-Service,87500
33459,Application-39,M_Req,missing_destination,64,Application-39-Service,EndDevice-39,Application-39-Service,87500
33461,Application-9,M_Req,missing_destination,34,Application-9-Service,EndDevice-9,Application-9-Service,87500
33474,Application-7,M_Req,missing_destination,32,Application-7-Service,EndDevice-7,Application-7-Service,87500
33489,Application-48,M_Req,missing_destination,73,Application-48-Service,EndDevice-48,Application-48-Service,87600
33502,Application-39,M_Req,missing_destination,64,Application-39-Service,EndDevice-39,Application-39-Service,87600
33503,Application-9,M_Req,missing_destination,34,Application-9-Service,EndDevice-9,Application-9-Service,87600
33550,Application-39,M_Req,missing_destination,64,Application-39-Service,EndDevice-39,Application-39-Service,87700
33551,Application-9,M_Req,missing_destination,34,Application-9-Service,EndDevice-9,Application-9-Service,87700
33560,Application-20,M_Req,missing_destination,45,Application-20-Service,EndDevice-20,Application-20-Service,87800
33562,Application-7,M_Req,missing_destination,32,Application-7-Service,EndDevice-7,Application-7-Service,87800
33572,Application-36,M_Req,missing_destination,61,Application-36-Service,EndDevice-36,Application-36-Service,87800
33575,Application-15,M_Req,missing_destination,40,Application-15-Service,EndDevice-15,Application-15-Service,87800
33577,Application-5,M_Req,missing_destination,30,Application-5-Service,EndDevice-5,Application-5-Service,87800
33587,Application-19,M_Req,missing_destination,44,Application-19-Service,EndDevice-19,Application-19-Service,87800
33590,Application-39,M_Req,missing_destination,64,Application-39-Service,EndDevice-39,Application-39-Service,87900
33591,Application-9,M_Req,missing_destination,34,Application-9-Service,EndDevice-9,Application-9-Service,87900
33593,Application-6,M_Req,missing_destination,31,Application-6-Service,EndDevice-6,Application-6-Service,87900
33608,Application-20,M_Req,missing_destination,45,Application-20-Service,EndDevice-20,Application-20-Service,87900
33610,Application-7,M_Req,missing_destination,32,Application-7-Service,EndDevice-7,Application-7-Service,87900
33620,Application-36,M_Req,missing_destination,61,Application-36-Service,EndDevice-36,Application-36-Service,87900
33623,Application-15,M_Req,missing_destination,40,Application-15-Service,EndDevice-15,Application-15-Service,87900
33625,Application-5,M_Req,missing_destination,30,Application-5-Service,EndDevice-5,Application-5-Service,87900
33635,Application-19,M_Req,missing_destination,44,Application-19-Service,EndDevice-19,Application-19-Service,87900
33640,Application-6,M_Req,missing_destination,31,Application-6-Service,EndDevice-6,Application-6-Service,88000
33652,Application-20,M_Req,missing_destination,45,Application-20-Service,EndDevice-20,Application-20-Service,88000
33663,Application-36,M_Req,missing_destination,61,Application-36-Service,EndDevice-36,Application-36-Service,88000
33667,Application-34,M_Req,missing_destination,59,Application-34-Service,EndDevice-34,Application-34-Service,88100
33668,Application-5,M_Req,missing_destination,30,Application-5-Service,EndDevice-5,Application-5-Service,88100
33673,Application-42,M_Req,missing_destination,67,Application-42-Service,EndDevice-42,Application-42-Service,88100
33678,Application-32,M_Req,missing_destination,57,Application-32-Service,EndDevice-32,Application-32-Service,88100
33680,Application-35,M_Req,missing_destination,60,Application-35-Service,EndDevice-35,Application-35-Service,88100
33687,Application-2,M_Req,missing_destination,27,Application-2-Service,EndDevice-2,Application-2-Service,88100
33688,Application-6,M_Req,missing_destination,31,Application-6-Service,EndDevice-6,Application-6-Service,88100
33697,Application-26,M_Req,missing_destination,51,Application-26-Service,EndDevice-26,Application-26-Service,88100
33700,Application-20,M_Req,missing_destination,45,Application-20-Service,EndDevice-20,Application-20-Service,88100
33707,Application-1,M_Req,missing_destination,26,Application-1-Service,EndDevice-1,Application-1-Service,88100
33709,Application-41,M_Req,missing_destination,66,Application-41-Service,EndDevice-41,Application-41-Service,88100
33711,Application-36,M_Req,missing_destination,61,Application-36-Service,EndDevice-36,Application-36-Service,88100
33712,Application-3,M_Req,missing_destination,28,Application-3-Service,EndDevice-3,Application-3-Service,88100
33715,Application-34,M_Req,missing_destination,59,Application-34-Service,EndDevice-34,Application-34-Service,88200
33721,Application-32,M_Req,missing_destination,57,Application-32-Service,EndDevice-32,Application-32-Service,88200
33723,Application-35,M_Req,missing_destination,60,Application-35-Service,EndDevice-35,Application-35-Service,88200
33728,Application-6,M_Req,missing_destination,31,Application-6-Service,EndDevice-6,Application-6-Service,88200
33736,Application-26,M_Req,missing_destination,51,Application-26-Service,EndDevice-26,Application-26-Service,88200
33771,Application-35,M_Req,missing_destination,60,Application-35-Service,EndDevice-35,Application-35-Service,88300
33796,Application-3,M_Req,missing_destination,28,Application-3-Service,EndDevice-3,Application-3-Service,88400
33800,Application-19,M_Req,missing_destination,44,Application-19-Service,EndDevice-19,Application-19-Service,88400
33804,Application-30,M_Req,missing_destination,55,Application-30-Service,EndDevice-30,Application-30-Service,88400
33810,Application-28,M_Req,missing_destination,53,Application-28-Service,EndDevice-28,Application-28-Service,88400
33812,Application-35,M_Req,missing_destination,60,Application-35-Service,EndDevice-35,Application-35-Service,88400
33813,Application-24,M_Req,missing_destination,49,Application-24-Service,EndDevice-24,Application-24-Service,88400
33815,Application-14,M_Req,missing_destination,39,Application-14-Service,EndDevice-14,Application-14-Service,88400
33821,Application-38,M_Req,missing_destination,63,Application-38-Service,EndDevice-38,Application-38-Service,88500
33844,Application-3,M_Req,missing_destination,28,Application-3-Service,EndDevice-3,Application-3-Service,88500
33848,Application-19,M_Req,missing_destination,44,Application-19-Service,EndDevice-19,Application-19-Service,88500
33852,Application-30,M_Req,missing_destination,55,Application-30-Service,EndDevice-30,Application-30-Service,88500
33858,Application-28,M_Req,missing_destination,53,Application-28-Service,EndDevice-28,Application-28-Service,88500
33860,Application-35,M_Req,missing_destination,60,Application-35-Service,EndDevice-35,Application-35-Service,88500
33861,Application-24,M_Req,missing_destination,49,Application-24-Service,EndDevice-24,Application-24-Service,88500
33863,Application-14,M_Req,missing_destination,39,Application-14-Service,EndDevice-14,Application-14-Service,88500
33868,Application-38,M_Req,missing_destination,63,Application-38-Service,EndDevice-38,Application-38-Service,88600
33897,Application-28,M_Req,missing_destination,53,Application-28-Service,EndDevice-28,Application-28-Service,88700
33903,Application-4,M_Req,missing_destination,29,Application-4-Service,EndDevice-4,Application-4-Service,88700
33904,Application-26,M_Req,missing_destination,51,Application-26-Service,EndDevice-26,Application-26-Service,88700
33905,Application-34,M_Req,missing_destination,59,Application-34-Service,EndDevice-34,Application-34-Service,88700
33909,Application-16,M_Req,missing_destination,41,Application-16-Service,EndDevice-16,Application-16-Service,88700
33916,Application-38,M_Req,missing_destination,63,Application-38-Service,EndDevice-38,Application-38-Service,88700
33922,Application-20,M_Req,missing_destination,45,Application-20-Service,EndDevice-20,Application-20-Service,88700
33934,Application-3,M_Req,missing_destination,28,Application-3-Service,EndDevice-3,Application-3-Service,88700
33938,Application-19,M_Req,missing_destination,44,Application-19-Service,EndDevice-19,Application-19-Service,88700
33948,Application-26,M_Req,missing_destination,51,Application-26-Service,EndDevice-26,Application-26-Service,88800
33951,Application-16,M_Req,missing_destination,41,Application-16-Service,EndDevice-16,Application-16-Service,88800
33958,Application-38,M_Req,missing_destination,63,Application-38-Service,EndDevice-38,Application-38-Service,88800
33964,Application-20,M_Req,missing_destination,45,Application-20-Service,EndDevice-20,Application-20-Service,88800
33996,Application-26,M_Req,missing_destination,51,Application-26-Service,EndDevice-26,Application-26-Service,88900
33999,Application-16,M_Req,missing_destination,41,Application-16-Service,EndDevice-16,Application-16-Service,88900
34006,Application-38,M_Req,missing_destination,63,Application-38-Service,EndDevice-38,Application-38-Service,88900
34012,Application-20,M_Req,missing_destination,45,Application-20-Service,EndDevice-20,Application-20-Service,88900
34022,Application-3,M_Req,missing_destination,28,Application-3-Service,EndDevice-3,Application-3-Service,89000
34024,Application-19,M_Req,missing_destination,44,Application-19-Service,EndDevice-19,Application-19-Service,89000
34033,Application-43,M_Req,missing_destination,68,Application-43-Service,EndDevice-43,Application-43-Service,89000
34037,Application-35,M_Req,missing_destination,60,Application-35-Service,EndDevice-35,Application-35-Service,89000
34042,Application-16,M_Req,missing_destination,41,Application-16-Service,EndDevice-16,Application-16-Service,89000
34070,Application-3,M_Req,missing_destination,28,Application-3-Service,EndDevice-3,Application-3-Service,89100
34072,Application-19,M_Req,missing_destination,44,Application-19-Service,EndDevice-19,Application-19-Service,89100
34081,Application-43,M_Req,missing_destination,68,Application-43-Service,EndDevice-43,Application-43-Service,89100
34085,Application-35,M_Req,missing_destination,60,Application-35-Service,EndDevice-35,Application-35-Service,89100
34090,Application-16,M_Req,missing_destination,41,Application-16-Service,EndDevice-16,Application-16-Service,89100
34115,Application-19,M_Req,missing_destination,44,Application-19-Service,EndDevice-19,Application-19-Service,89200
34124,Application-43,M_Req,missing_destination,68,Application-43-Service,EndDevice-43,Application-43-Service,89200
34131,Application-30,M_Req,missing_destination,55,Application-30-Service,EndDevice-30,Application-30-Service,89300
34136,Application-48,M_Req,missing_destination,73,Application-48-Service,EndDevice-48,Application-48-Service,89300
34138,Application-16,M_Req,missing_destination,41,Application-16-Service,EndDevice-16,Application-16-Service,89300
34152,Application-38,M_Req,missing_destination,63,Application-38-Service,EndDevice-38,Application-38-Service,89300
34163,Application-19,M_Req,missing_destination,44,Application-19-Service,EndDevice-19,Application-19-Service,89300
34172,Application-43,M_Req,missing_destination,68,Application-43-Service,EndDevice-43,Application-43-Service,89300
34178,Application-30,M_Req,missing_destination,55,Application-30-Service,EndDevice-30,Application-30-Service,89400
34182,Application-48,M_Req,missing_destination,73,Application-48-Service,EndDevice-48,Application-48-Service,89400
34183,Application-16,M_Req,missing_destination,41,Application-16-Service,EndDevice-16,Application-16-Service,89400
34194,Application-38,M_Req,missing_destination,63,Application-38-Service,EndDevice-38,Application-38-Service,89400
34226,Application-30,M_Req,missing_destination,55,Application-30-Service,EndDevice-30,Application-30-Service,89500
34230,Application-48,M_Req,missing_destination,73,Application-48-Service,EndDevice-48,Application-48-Service,89500
34242,Application-38,M_Req,missing_destination,63,Application-38-Service,EndDevice-38,Application-38-Service,89500
34246,Application-7,M_Req,missing_destination,32,Application-7-Service,EndDevice-7,Application-7-Service,89600
34250,Application-23,M_Req,missing_destination,48,Application-23-Service,EndDevice-23,Application-23-Service,89600
34254,Application-1,M_Req,missing_destination,26,Application-1-Service,EndDevice-1,Application-1-Service,89600
34255,Application-9,M_Req,missing_destination,34,Application-9-Service,EndDevice-9,Application-9-Service,89600
34264,Application-47,M_Req,missing_destination,72,Application-47-Service,EndDevice-47,Application-47-Service,89600
34267,Application-30,M_Req,missing_destination,55,Application-30-Service,EndDevice-30,Application-30-Service,89600
34269,Application-11,M_Req,missing_destination,36,Application-11-Service,EndDevice-11,Application-11-Service,89600
34270,Application-48,M_Req,missing_destination,73,Application-48-Service,EndDevice-48,Application-48-Service,89600
34274,Application-41,M_Req,missing_destination,66,Application-41-Service,EndDevice-41,Application-41-Service,89700
34294,Application-7,M_Req,missing_destination,32,Application-7-Service,EndDevice-7,Application-7-Service,89700
34298,Application-23,M_Req,missing_destination,48,Application-23-Service,EndDevice-23,Application-23-Service,89700
34302,Application-1,M_Req,missing_destination,26,Application-1-Service,EndDevice-1,Application-1-Service,89700
34303,Application-9,M_Req,missing_destination,34,Application-9-Service,EndDevice-9,Application-9-Service,89700
34312,Application-47,M_Req,missing_destination,72,Application-47-Service,EndDevice-47,Application-47-Service,89700
34315,Application-30,M_Req,missing_destination,55,Application-30-Service,EndDevice-30,Application-30-Service,89700
34317,Application-11,M_Req,missing_destination,36,Application-11-Service,EndDevice-11,Application-11-Service,89700
34318,Application-48,M_Req,missing_destination,73,Application-48-Service,EndDevice-48,Application-48-Service,89700
34340,Application-7,M_Req,missing_destination,32,Application-7-Service,EndDevice-7,Application-7-Service,89800
34344,Application-23,M_Req,missing_destination,48,Application-23-Service,EndDevice-23,Application-23-Service,89800
34355,Application-24,M_Req,missing_destination,49,Application-24-Service,EndDevice-24,Application-24-Service,89900
34356,Application-30,M_Req,missing_destination,55,Application-30-Service,EndDevice-30,Application-30-Service,89900
34358,Application-48,M_Req,missing_destination,73,Application-48-Service,EndDevice-48,Application-48-Service,89900
34362,Application-20,M_Req,missing_destination,45,Application-20-Service,EndDevice-20,Application-20-Service,89900
34371,Application-37,M_Req,missing_destination,62,Application-37-Service,EndDevice-37,Application-37-Service,89900
34372,Application-40,M_Req,missing_destination,65,Application-40-Service,EndDevice-40,Application-40-Service,89900
34375,Application-17,M_Req,missing_destination,42,Application-17-Service,EndDevice-17,Application-17-Service,89900
34378,Application-27,M_Req,missing_destination,52,Application-27-Service,EndDevice-27,Application-27-Service,89900
34382,Application-6,M_Req,missing_destination,31,Application-6-Service,EndDevice-6,Application-6-Service,89900
34384,Application-14,M_Req,missing_destination,39,Application-14-Service,EndDevice-14,Application-14-Service,89900
34388,Application-7,M_Req,missing_destination,32,Application-7-Service,EndDevice-7,Application-7-Service,89900
34390,Application-8,M_Req,missing_destination,33,Application-8-Service,EndDevice-8,Application-8-Service,89900
34392,Application-23,M_Req,missing_destination,48,Application-23-Service,EndDevice-23,Application-23-Service,89900
34396,Application-32,M_Req,missing_destination,57,Application-32-Service,EndDevice-32,Application-32-Service,89900
34402,Application-24,M_Req,missing_destination,49,Application-24-Service,EndDevice-24,Application-24-Service,90000
34407,Application-20,M_Req,missing_destination,45,Application-20-Service,EndDevice-20,Application-20-Service,90000
34414,Application-37,M_Req,missing_destination,62,Application-37-Service,EndDevice-37,Application-37-Service,90000
34415,Application-40,M_Req,missing_destination,65,Application-40-Service,EndDevice-40,Application-40-Service,90000
34417,Application-17,M_Req,missing_destination,42,Application-17-Service,EndDevice-17,Application-17-Service,90000
34420,Application-27,M_Req,missing_destination,52,Application-27-Service,EndDevice-27,Application-27-Service,90000
34424,Application-6,M_Req,missing_destination,31,Application-6-Service,EndDevice-6,Application-6-Service,90000
34425,Application-14,M_Req,missing_destination,39,Application-14-Service,EndDevice-14,Application-14-Service,90000
34489,Application-41,M_Req,missing_destination,66,Application-41-Service,EndDevice-41,Application-41-Service,90200
34493,Application-33,M_Req,missing_destination,58,Application-33-Service,EndDevice-33,Application-33-Service,90200
34505,Application-12,M_Req,missing_destination,37,Application-12-Service,EndDevice-12,Application-12-Service,90300
34508,Application-17,M_Req,missing_destination,42,Application-17-Service,EndDevice-17,Application-17-Service,90300
34537,Application-41,M_Req,missing_destination,66,Application-41-Service,EndDevice-41,Application-41-Service,90300
34541,Application-33,M_Req,missing_destination,58,Application-33-Service,EndDevice-33,Application-33-Service,90300
34553,Application-12,M_Req,missing_destination,37,Application-12-Service,EndDevice-12,Application-12-Service,90400
34582,Application-41,M_Req,missing_destination,66,Application-41-Service,EndDevice-41,Application-41-Service,90400
34587,Application-11,M_Req,missing_destination,36,Application-11-Service,EndDevice-11,Application-11-Service,90500
34591,Application-9,M_Req,missing_destination,34,Application-9-Service,EndDevice-9,Application-9-Service,90500
34592,Application-1,M_Req,missing_destination,26,Application-1-Service,EndDevice-1,Application-1-Service,90500
34594,Application-21,M_Req,missing_destination,46,Application-21-Service,EndDevice-21,Application-21-Service,90500
34595,Application-3,M_Req,missing_destination,28,Application-3-Service,EndDevice-3,Application-3-Service,90500
34597,Application-33,M_Req,missing_destination,58,Application-33-Service,EndDevice-33,Application-33-Service,90500
34601,Application-12,M_Req,missing_destination,37,Application-12-Service,EndDevice-12,Application-12-Service,90500
34605,Application-34,M_Req,missing_destination,59,Application-34-Service,EndDevice-34,Application-34-Service,90500
34607,Application-14,M_Req,missing_destination,39,Application-14-Service,EndDevice-14,Application-14-Service,90500
34610,Application-35,M_Req,missing_destination,60,Application-35-Service,EndDevice-35,Application-35-Service,90500
34615,Application-27,M_Req,missing_destination,52,Application-27-Service,EndDevice-27,Application-27-Service,90500
34619,Application-8,M_Req,missing_destination,33,Application-8-Service,EndDevice-8,Application-8-Service,90500
34623,Application-32,M_Req,missing_destination,57,Application-32-Service,EndDevice-32,Application-32-Service,90500
34624,Application-43,M_Req,missing_destination,68,Application-43-Service,EndDevice-43,Application-43-Service,90500
34630,Application-41,M_Req,missing_destination,66,Application-41-Service,EndDevice-41,Application-41-Service,90500
34632,Application-48,M_Req,missing_destination,73,Application-48-Service,EndDevice-48,Application-48-Service,90500
34635,Application-11,M_Req,missing_destination,36,Application-11-Service,EndDevice-11,Application-11-Service,90600
34638,Application-21,M_Req,missing_destination,46,Application-21-Service,EndDevice-21,Application-21-Service,90600
34639,Application-3,M_Req,missing_destination,28,Application-3-Service,EndDevice-3,Application-3-Service,90600
34641,Application-33,M_Req,missing_destination,58,Application-33-Service,EndDevice-33,Application-33-Service,90600
34647,Application-34,M_Req,missing_destination,59,Application-34-Service,EndDevice-34,Application-34-Service,90600
34649,Application-14,M_Req,missing_destination,39,Application-14-Service,EndDevice-14,Application-14-Service,90600
34652,Application-35,M_Req,missing_destination,60,Application-35-Service,EndDevice-35,Application-35-Service,90600
34655,Application-27,M_Req,missing_destination,52,Application-27-Service,EndDevice-27,Application-27-Service,90600
34686,Application-21,M_Req,missing_destination,46,Application-21-Service,EndDevice-21,Application-21-Service,90700
34717,Application-9,M_Req,missing_destination,34,Application-9-Service,EndDevice-9,Application-9-Service,90800
34723,Application-1,M_Req,missing_destination,26,Application-1-Service,EndDevice-1,Application-1-Service,90800
34724,Application-17,M_Req,missing_destination,42,Application-17-Service,EndDevice-17,Application-17-Service,90800
34729,Application-21,M_Req,missing_destination,46,Application-21-Service,EndDevice-21,Application-21-Service,90800
34738,Application-38,M_Req,missing_destination,63,Application-38-Service,EndDevice-38,Application-38-Service,90900
34765,Application-9,M_Req,missing_destination,34,Application-9-Service,EndDevice-9,Application-9-Service,90900
34771,Application-1,M_Req,missing_destination,26,Application-1-Service,EndDevice-1,Application-1-Service,90900
34772,Application-17,M_Req,missing_destination,42,Application-17-Service,EndDevice-17,Application-17-Service,90900
34777,Application-21,M_Req,missing_destination,46,Application-21-Service,EndDevice-21,Application-21-Service,90900
34807,Application-9,M_Req,missing_destination,34,Application-9-Service,EndDevice-9,Application-9-Service,91000
34812,Application-1,M_Req,missing_destination,26,Application-1-Service,EndDevice-1,Application-1-Service,91000
34813,Application-17,M_Req,missing_destination,42,Application-17-Service,EndDevice-17,Application-17-Service,91000
34816,Application-15,M_Req,missing_destination,40,Application-15-Service,EndDevice-15,Application-15-Service,91100
34817,Application-39,M_Req,missing_destination,64,Application-39-Service,EndDevice-39,Application-39-Service,91100
34826,Application-42,M_Req,missing_destination,67,Application-42-Service,EndDevice-42,Application-42-Service,91100
34836,Application-22,M_Req,missing_destination,47,Application-22-Service,EndDevice-22,Application-22-Service,91100
34840,Application-25,M_Req,missing_destination,50,Application-25-Service,EndDevice-25,Application-25-Service,91100
34841,Application-41,M_Req,missing_destination,66,Application-41-Service,EndDevice-41,Application-41-Service,91100
34843,Application-7,M_Req,missing_destination,32,Application-7-Service,EndDevice-7,Application-7-Service,91100
34849,Application-23,M_Req,missing_destination,48,Application-23-Service,EndDevice-23,Application-23-Service,91100
34852,Application-47,M_Req,missing_destination,72,Application-47-Service,EndDevice-47,Application-47-Service,91100
34853,Application-31,M_Req,missing_destination,56,Application-31-Service,EndDevice-31,Application-31-Service,91100
34855,Application-9,M_Req,missing_destination,34,Application-9-Service,EndDevice-9,Application-9-Service,91100
34860,Application-1,M_Req,missing_destination,26,Application-1-Service,EndDevice-1,Application-1-Service,91100
34861,Application-17,M_Req,missing_destination,42,Application-17-Service,EndDevice-17,Application-17-Service,91100
34864,Application-15,M_Req,missing_destination,40,Application-15-Service,EndDevice-15,Application-15-Service,91200
34871,Application-42,M_Req,missing_destination,67,Application-42-Service,EndDevice-42,Application-42-Service,91200
34880,Application-22,M_Req,missing_destination,47,Application-22-Service,EndDevice-22,Application-22-Service,91200
34883,Application-25,M_Req,missing_destination,50,Application-25-Service,EndDevice-25,Application-25-Service,91200
34884,Application-41,M_Req,missing_destination,66,Application-41-Service,EndDevice-41,Application-41-Service,91200
34886,Application-7,M_Req,missing_destination,32,Application-7-Service,EndDevice-7,Application-7-Service,91200
34912,Application-15,M_Req,missing_destination,40,Application-15-Service,EndDevice-15,Application-15-Service,91300
34934,Application-7,M_Req,missing_destination,32,Application-7-Service,EndDevice-7,Application-7-Service,91300
34940,Application-2,M_Req,missing_destination,27,Application-2-Service,EndDevice-2,Application-2-Service,91400
34956,Application-15,M_Req,missing_destination,40,Application-15-Service,EndDevice-15,Application-15-Service,91400
34958,Application-18,M_Req,missing_destination,43,Application-18-Service,EndDevice-18,Application-18-Service,91400
34961,Application-33,M_Req,missing_destination,58,Application-33-Service,EndDevice-33,Application-33-Service,91400
34962,Application-42,M_Req,missing_destination,67,Application-42-Service,EndDevice-42,Application-42-Service,91400
34967,Application-34,M_Req,missing_destination,59,Application-34-Service,EndDevice-34,Application-34-Service,91500
34975,Application-43,M_Req,missing_destination,68,Application-43-Service,EndDevice-43,Application-43-Service,91500
34976,Application-13,M_Req,missing_destination,38,Application-13-Service,EndDevice-13,Application-13-Service,91500
34988,Application-2,M_Req,missing_destination,27,Application-2-Service,EndDevice-2,Application-2-Service,91500
35004,Application-15,M_Req,missing_destination,40,Application-15-Service,EndDevice-15,Application-15-Service,91500
35006,Application-18,M_Req,missing_destination,43,Application-18-Service,EndDevice-18,Application-18-Service,91500
35009,Application-33,M_Req,missing_destination,58,Application-33-Service,EndDevice-33,Application-33-Service,91500
35010,Application-42,M_Req,missing_destination,67,Application-42-Service,EndDevice-42,Application-42-Service,91500
35045,Application-3,M_Req,missing_destination,28,Application-3-Service,EndDevice-3,Application-3-Service,91700
35046,Application-19,M_Req,missing_destination,44,Application-19-Service,EndDevice-19,Application-19-Service,91700
35052,Application-38,M_Req,missing_destination,63,Application-38-Service,EndDevice-38,Application-38-Service,91700
35054,Application-18,M_Req,missing_destination,43,Application-18-Service,EndDevice-18,Application-18-Service,91700
35056,Application-15,M_Req,missing_destination,40,Application-15-Service,EndDevice-15,Application-15-Service,91700
35063,Application-35,M_Req,missing_destination,60,Application-35-Service,EndDevice-35,Application-35-Service,91700
35065,Application-5,M_Req,missing_destination,30,Application-5-Service,EndDevice-5,Application-5-Service,91700
35066,Application-25,M_Req,missing_destination,50,Application-25-Service,EndDevice-25,Application-25-Service,91700
35089,Application-30,M_Req,missing_destination,55,Application-30-Service,EndDevice-30,Application-30-Service,91700
35090,Application-14,M_Req,missing_destination,39,Application-14-Service,EndDevice-14,Application-14-Service,91700
35093,Application-3,M_Req,missing_destination,28,Application-3-Service,EndDevice-3,Application-3-Service,91800
35094,Application-19,M_Req,missing_destination,44,Application-19-Service,EndDevice-19,Application-19-Service,91800
35099,Application-38,M_Req,missing_destination,63,Application-38-Service,EndDevice-38,Application-38-Service,91800
35100,Application-18,M_Req,missing_destination,43,Application-18-Service,EndDevice-18,Application-18-Service,91800
35102,Application-15,M_Req,missing_destination,40,Application-15-Service,EndDevice-15,Application-15-Service,91800
35108,Application-35,M_Req,missing_destination,60,Application-35-Service,EndDevice-35,Application-35-Service,91800
35109,Application-25,M_Req,missing_destination,50,Application-25-Service,EndDevice-25,Application-25-Service,91800
35141,Application-3,M_Req,missing_destination,28,Application-3-Service,EndDevice-3,Application-3-Service,91900
35142,Application-19,M_Req,missing_destination,44,Application-19-Service,EndDevice-19,Application-19-Service,91900
35150,Application-15,M_Req,missing_destination,40,Application-15-Service,EndDevice-15,Application-15-Service,91900
35156,Application-35,M_Req,missing_destination,60,Application-35-Service,EndDevice-35,Application-35-Service,91900
35157,Application-25,M_Req,missing_destination,50,Application-25-Service,EndDevice-25,Application-25-Service,91900
35168,Application-47,M_Req,missing_destination,72,Application-47-Service,EndDevice-47,Application-47-Service,92000
35173,Application-30,M_Req,missing_destination,55,Application-30-Service,EndDevice-30,Application-30-Service,92000
35174,Application-14,M_Req,missing_destination,39,Application-14-Service,EndDevice-14,Application-14-Service,92000
35176,Application-31,M_Req,missing_destination,56,Application-31-Service,EndDevice-31,Application-31-Service,92000
35178,Application-7,M_Req,missing_destination,32,Application-7-Service,EndDevice-7,Application-7-Service,92000
35183,Application-3,M_Req,missing_destination,28,Application-3-Service,EndDevice-3,Application-3-Service,92000
35184,Application-19,M_Req,missing_destination,44,Application-19-Service,EndDevice-19,Application-19-Service,92000
35187,Application-45,M_Req,missing_destination,70,Application-45-Service,EndDevice-45,Application-45-Service,92000
35191,Application-15,M_Req,missing_destination,40,Application-15-Service,EndDevice-15,Application-15-Service,92000
35195,Application-9,M_Req,missing_destination,34,Application-9-Service,EndDevice-9,Application-9-Service,92000
35196,Application-46,M_Req,missing_destination,71,Application-46-Service,EndDevice-46,Application-46-Service,92100
35200,Application-36,M_Req,missing_destination,61,Application-36-Service,EndDevice-36,Application-36-Service,92100
35203,Application-16,M_Req,missing_destination,41,Application-16-Service,EndDevice-16,Application-16-Service,92100
35216,Application-47,M_Req,missing_destination,72,Application-47-Service,EndDevice-47,Application-47-Service,92100
35221,Application-30,M_Req,missing_destination,55,Application-30-Service,EndDevice-30,Application-30-Service,92100
35222,Application-14,M_Req,missing_destination,39,Application-14-Service,EndDevice-14,Application-14-Service,92100
35224,Application-31,M_Req,missing_destination,56,Application-31-Service,EndDevice-31,Application-31-Service,92100
35226,Application-7,M_Req,missing_destination,32,Application-7-Service,EndDevice-7,Application-7-Service,92100
35231,Application-3,M_Req,missing_destination,28,Application-3-Service,EndDevice-3,Application-3-Service,92100
35232,Application-19,M_Req,missing_destination,44,Application-19-Service,EndDevice-19,Application-19-Service,92100
35235,Application-45,M_Req,missing_destination,70,Application-45-Service,EndDevice-45,Application-45-Service,92100
35239,Application-15,M_Req,missing_destination,40,Application-15-Service,EndDevice-15,Application-15-Service,92100
35243,Application-9,M_Req,missing_destination,34,Application-9-Service,EndDevice-9,Application-9-Service,92100
35244,Application-46,M_Req,missing_destination,71,Application-46-Service,EndDevice-46,Application-46-Service,92200
35248,Application-36,M_Req,missing_destination,61,Application-36-Service,EndDevice-36,Application-36-Service,92200
35251,Application-16,M_Req,missing_destination,41,Application-16-Service,EndDevice-16,Application-16-Service,92200
35264,Application-30,M_Req,missing_destination,55,Application-30-Service,EndDevice-30,Application-30-Service,92200
35265,Application-14,M_Req,missing_destination,39,Application-14-Service,EndDevice-14,Application-14-Service,92200
35284,Application-20,M_Req,missing_destination,45,Application-20-Service,EndDevice-20,Application-20-Service,92300
35285,Application-15,M_Req,missing_destination,40,Application-15-Service,EndDevice-15,Application-15-Service,92300
35292,Application-46,M_Req,missing_destination,71,Application-46-Service,EndDevice-46,Application-46-Service,92300
35296,Application-36,M_Req,missing_destination,61,Application-36-Service,EndDevice-36,Application-36-Service,92300
35297,Application-10,M_Req,missing_destination,35,Application-10-Service,EndDevice-10,Application-10-Service,92300
35299,Application-16,M_Req,missing_destination,41,Application-16-Service,EndDevice-16,Application-16-Service,92300
35300,Application-40,M_Req,missing_destination,65,Application-40-Service,EndDevice-40,Application-40-Service,92300
35306,Application-8,M_Req,missing_destination,33,Application-8-Service,EndDevice-8,Application-8-Service,92300
35312,Application-30,M_Req,missing_destination,55,Application-30-Service,EndDevice-30,Application-30-Service,92300
35313,Application-14,M_Req,missing_destination,39,Application-14-Service,EndDevice-14,Application-14-Service,92300
35318,Application-32,M_Req,missing_destination,57,Application-32-Service,EndDevice-32,Application-32-Service,92300
35328,Application-20,M_Req,missing_destination,45,Application-20-Service,EndDevice-20,Application-20-Service,92400
35329,Application-15,M_Req,missing_destination,40,Application-15-Service,EndDevice-15,Application-15-Service,92400
35334,Application-46,M_Req,missing_destination,71,Application-46-Service,EndDevice-46,Application-46-Service,92400
35337,Application-36,M_Req,missing_destination,61,Application-36-Service,EndDevice-36,Application-36-Service,92400
35338,Application-10,M_Req,missing_destination,35,Application-10-Service,EndDevice-10,Application-10-Service,92400
35340,Application-16,M_Req,missing_destination,41,Application-16-Service,EndDevice-16,Application-16-Service,92400
35341,Application-40,M_Req,missing_destination,65,Application-40-Service,EndDevice-40,Application-40-Service,92400
35377,Application-15,M_Req,missing_destination,40,Application-15-Service,EndDevice-15,Application-15-Service,92500
35397,Application-1,M_Req,missing_destination,26,Application-1-Service,EndDevice-1,Application-1-Service,92600
35398,Application-17,M_Req,missing_destination,42,Application-17-Service,EndDevice-17,Application-17-Service,92600
35399,Application-30,M_Req,missing_destination,55,Application-30-Service,EndDevice-30,Application-30-Service,92600
35400,Application-14,M_Req,missing_destination,39,Application-14-Service,EndDevice-14,Application-14-Service,92600
35404,Application-41,M_Req,missing_destination,66,Application-41-Service,EndDevice-41,Application-41-Service,92600
35409,Application-6,M_Req,missing_destination,31,Application-6-Service,EndDevice-6,Application-6-Service,92600
35410,Application-25,M_Req,missing_destination,50,Application-25-Service,EndDevice-25,Application-25-Service,92600
35421,Application-28,M_Req,missing_destination,53,Application-28-Service,EndDevice-28,Application-28-Service,92600
35422,Application-48,M_Req,missing_destination,73,Application-48-Service,EndDevice-48,Application-48-Service,92600
35431,Application-22,M_Req,missing_destination,47,Application-22-Service,EndDevice-22,Application-22-Service,92700
35432,Application-42,M_Req,missing_destination,67,Application-42-Service,EndDevice-42,Application-42-Service,92700
35445,Application-1,M_Req,missing_destination,26,Application-1-Service,EndDevice-1,Application-1-Service,92700
35446,Application-17,M_Req,missing_destination,42,Application-17-Service,EndDevice-17,Application-17-Service,92700
35447,Application-30,M_Req,missing_destination,55,Application-30-Service,EndDevice-30,Application-30-Service,92700
35448,Application-14,M_Req,missing_destination,39,Application-14-Service,EndDevice-14,Application-14-Service,92700
35452,Application-41,M_Req,missing_destination,66,Application-41-Service,EndDevice-41,Application-41-Service,92700
35457,Application-6,M_Req,missing_destination,31,Application-6-Service,EndDevice-6,Application-6-Service,92700
35458,Application-25,M_Req,missing_destination,50,Application-25-Service,EndDevice-25,Application-25-Service,92700
35469,Application-28,M_Req,missing_destination,53,Application-28-Service,EndDevice-28,Application-28-Service,92700
35470,Application-48,M_Req,missing_destination,73,Application-48-Service,EndDevice-48,Application-48-Service,92700
35490,Application-30,M_Req,missing_destination,55,Application-30-Service,EndDevice-30,Application-30-Service,92800
35491,Application-14,M_Req,missing_destination,39,Application-14-Service,EndDevice-14,Application-14-Service,92800
35498,Application-6,M_Req,missing_destination,31,Application-6-Service,EndDevice-6,Application-6-Service,92800
35507,Application-9,M_Req,missing_destination,34,Application-9-Service,EndDevice-9,Application-9-Service,92900
35514,Application-42,M_Req,missing_destination,67,Application-42-Service,EndDevice-42,Application-42-Service,92900
35522,Application-39,M_Req,missing_destination,64,Application-39-Service,EndDevice-39,Application-39-Service,92900
35532,Application-15,M_Req,missing_destination,40,Application-15-Service,EndDevice-15,Application-15-Service,92900
35534,Application-8,M_Req,missing_destination,33,Application-8-Service,EndDevice-8,Application-8-Service,92900
35535,Application-47,M_Req,missing_destination,72,Application-47-Service,EndDevice-47,Application-47-Service,92900
35538,Application-30,M_Req,missing_destination,55,Application-30-Service,EndDevice-30,Application-30-Service,92900
35539,Application-14,M_Req,missing_destination,39,Application-14-Service,EndDevice-14,Application-14-Service,92900
35541,Application-31,M_Req,missing_destination,56,Application-31-Service,EndDevice-31,Application-31-Service,92900
35546,Application-6,M_Req,missing_destination,31,Application-6-Service,EndDevice-6,Application-6-Service,92900
35549,Application-24,M_Req,missing_destination,49,Application-24-Service,EndDevice-24,Application-24-Service,92900
35553,Application-9,M_Req,missing_destination,34,Application-9-Service,EndDevice-9,Application-9-Service,93000
35559,Application-42,M_Req,missing_destination,67,Application-42-Service,EndDevice-42,Application-42-Service,93000
35567,Application-39,M_Req,missing_destination,64,Application-39-Service,EndDevice-39,Application-39-Service,93000
35634,Application-18,M_Req,missing_destination,43,Application-18-Service,EndDevice-18,Application-18-Service,93200
35637,Application-34,M_Req,missing_destination,59,Application-34-Service,EndDevice-34,Application-34-Service,93200
35647,Application-9,M_Req,missing_destination,34,Application-9-Service,EndDevice-9,Application-9-Service,93200
35652,Application-42,M_Req,missing_destination,67,Application-42-Service,EndDevice-42,Application-42-Service,93200
35656,Application-33,M_Req,missing_destination,58,Application-33-Service,EndDevice-33,Application-33-Service,93200
35657,Application-13,M_Req,missing_destination,38,Application-13-Service,EndDevice-13,Application-13-Service,93300
35660,Application-23,M_Req,missing_destination,48,Application-23-Service,EndDevice-23,Application-23-Service,93300
35661,Application-2,M_Req,missing_destination,27,Application-2-Service,EndDevice-2,Application-2-Service,93300
35662,Application-32,M_Req,missing_destination,57,Application-32-Service,EndDevice-32,Application-32-Service,93300
35682,Application-18,M_Req,missing_destination,43,Application-18-Service,EndDevice-18,Application-18-Service,93300
35685,Application-34,M_Req,missing_destination,59,Application-34-Service,EndDevice-34,Application-34-Service,93300
35695,Application-9,M_Req,missing_destination,34,Application-9-Service,EndDevice-9,Application-9-Service,93300
35700,Application-42,M_Req,missing_destination,67,Application-42-Service,EndDevice-42,Application-42-Service,93300
35704,Application-33,M_Req,missing_destination,58,Application-33-Service,EndDevice-33,Application-33-Service,93300
35736,Application-20,M_Req,missing_destination,45,Application-20-Service,EndDevice-20,Application-20-Service,93500
35741,Application-28,M_Req,missing_destination,53,Application-28-Service,EndDevice-28,Application-28-Service,93500
35742,Application-36,M_Req,missing_destination,61,Application-36-Service,EndDevice-36,Application-36-Service,93500
35744,Application-16,M_Req,missing_destination,41,Application-16-Service,EndDevice-16,Application-16-Service,93500
35745,Application-2,M_Req,missing_destination,27,Application-2-Service,EndDevice-2,Application-2-Service,93500
35747,Application-46,M_Req,missing_destination,71,Application-46-Service,EndDevice-46,Application-46-Service,93500
35749,Application-32,M_Req,missing_destination,57,Application-32-Service,EndDevice-32,Application-32-Service,93500
35753,Application-13,M_Req,missing_destination,38,Application-13-Service,EndDevice-13,Application-13-Service,93500
35754,Application-23,M_Req,missing_destination,48,Application-23-Service,EndDevice-23,Application-23-Service,93500
35756,Application-4,M_Req,missing_destination,29,Application-4-Service,EndDevice-4,Application-4-Service,93500
35773,Application-34,M_Req,missing_destination,59,Application-34-Service,EndDevice-34,Application-34-Service,93500
35774,Application-5,M_Req,missing_destination,30,Application-5-Service,EndDevice-5,Application-5-Service,93500
35784,Application-20,M_Req,missing_destination,45,Application-20-Service,EndDevice-20,Application-20-Service,93600
35787,Application-28,M_Req,missing_destination,53,Application-28-Service,EndDevice-28,Application-28-Service,93600
35788,Application-36,M_Req,missing_destination,61,Application-36-Service,EndDevice-36,Application-36-Service,93600
35790,Application-16,M_Req,missing_destination,41,Application-16-Service,EndDevice-16,Application-16-Service,93600
35791,Application-2,M_Req,missing_destination,27,Application-2-Service,EndDevice-2,Application-2-Service,93600
35793,Application-46,M_Req,missing_destination,71,Application-46-Service,EndDevice-46,Application-46-Service,93600
35798,Application-13,M_Req,missing_destination,38,Application-13-Service,EndDevice-13,Application-13-Service,93600
35800,Application-4,M_Req,missing_destination,29,Application-4-Service,EndDevice-4,Application-4-Service,93600
35839,Application-2,M_Req,missing_destination,27,Application-2-Service,EndDevice-2,Application-2-Service,93700
35846,Application-13,M_Req,missing_destination,38,Application-13-Service,EndDevice-13,Application-13-Service,93700
35857,Application-12,M_Req,missing_destination,37,Application-12-Service,EndDevice-12,Application-12-Service,93800
35863,Application-5,M_Req,missing_destination,30,Application-5-Service,EndDevice-5,Application-5-Service,93800
35869,Application-44,M_Req,missing_destination,69,Application-44-Service,EndDevice-44,Application-44-Service,93800
35873,Application-45,M_Req,missing_destination,70,Application-45-Service,EndDevice-45,Application-45-Service,93800
35875,Application-29,M_Req,missing_destination,54,Application-29-Service,EndDevice-29,Application-29-Service,93800
35876,Application-37,M_Req,missing_destination,62,Application-37-Service,EndDevice-37,Application-37-Service,93800
35881,Application-2,M_Req,missing_destination,27,Application-2-Service,EndDevice-2,Application-2-Service,93800
35888,Application-4,M_Req,missing_destination,29,Application-4-Service,EndDevice-4,Application-4-Service,93900
35890,Application-26,M_Req,missing_destination,51,Application-26-Service,EndDevice-26,Application-26-Service,93900
35905,Application-12,M_Req,missing_destination,37,Application-12-Service,EndDevice-12,Application-12-Service,93900
35911,Application-5,M_Req,missing_destination,30,Application-5-Service,EndDevice-5,Application-5-Service,93900
35917,Application-44,M_Req,missing_destination,69,Application-44-Service,EndDevice-44,Application-44-Service,93900
35921,Application-45,M_Req,missing_destination,70,Application-45-Service,EndDevice-45,Application-45-Service,93900
35923,Application-29,M_Req,missing_destination,54,Application-29-Service,EndDevice-29,Application-29-Service,93900
35924,Application-37,M_Req,missing_destination,62,Application-37-Service,EndDevice-37,Application-37-Service,93900
35929,Application-2,M_Req,missing_destination,27,Application-2-Service,EndDevice-2,Application-2-Service,93900
35938,Application-26,M_Req,missing_destination,51,Application-26-Service,EndDevice-26,Application-26-Service,94000
35957,Application-5,M_Req,missing_destination,30,Application-5-Service,EndDevice-5,Application-5-Service,94000
35969,Application-33,M_Req,missing_destination,58,Application-33-Service,EndDevice-33,Application-33-Service,94100
35972,Application-46,M_Req,missing_destination,71,Application-46-Service,EndDevice-46,Application-46-Service,94100
35976,Application-38,M_Req,missing_destination,63,Application-38-Service,EndDevice-38,Application-38-Service,94100
35981,Application-21,M_Req,missing_destination,46,Application-21-Service,EndDevice-21,Application-21-Service,94100
35986,Application-26,M_Req,missing_destination,51,Application-26-Service,EndDevice-26,Application-26-Service,94100
35993,Application-1,M_Req,missing_destination,26,Application-1-Service,EndDevice-1,Application-1-Service,94100
35994,Application-22,M_Req,missing_destination,47,Application-22-Service,EndDevice-22,Application-22-Service,94100
35995,Application-41,M_Req,missing_destination,66,Application-41-Service,EndDevice-41,Application-41-Service,94100
36002,Application-25,M_Req,missing_destination,50,Application-25-Service,EndDevice-25,Application-25-Service,94100
36005,Application-5,M_Req,missing_destination,30,Application-5-Service,EndDevice-5,Application-5-Service,94100
36016,Application-33,M_Req,missing_destination,58,Application-33-Service,EndDevice-33,Application-33-Service,94200
36019,Application-46,M_Req,missing_destination,71,Application-46-Service,EndDevice-46,Application-46-Service,94200
36021,Application-38,M_Req,missing_destination,63,Application-38-Service,EndDevice-38,Application-38-Service,94200
36025,Application-21,M_Req,missing_destination,46,Application-21-Service,EndDevice-21,Application-21-Service,94200
36029,Application-26,M_Req,missing_destination,51,Application-26-Service,EndDevice-26,Application-26-Service,94200
36035,Application-22,M_Req,missing_destination,47,Application-22-Service,EndDevice-22,Application-22-Service,94200
36036,Application-41,M_Req,missing_destination,66,Application-41-Service,EndDevice-41,Application-41-Service,94200
36064,Application-33,M_Req,missing_destination,58,Application-33-Service,EndDevice-33,Application-33-Service,94300
36067,Application-46,M_Req,missing_destination,71,Application-46-Service,EndDevice-46,Application-46-Service,94300
36069,Application-38,M_Req,missing_destination,63,Application-38-Service,EndDevice-38,Application-38-Service,94300
36073,Application-21,M_Req,missing_destination,46,Application-21-Service,EndDevice-21,Application-21-Service,94300
36083,Application-22,M_Req,missing_destination,47,Application-22-Service,EndDevice-22,Application-22-Service,94300
36084,Application-41,M_Req,missing_destination,66,Application-41-Service,EndDevice-41,Application-41-Service,94300
36091,Application-34,M_Req,missing_destination,59,Application-34-Service,EndDevice-34,Application-34-Service,94400
36094,Application-42,M_Req,missing_destination,67,Application-42-Service,EndDevice-42,Application-42-Service,94400
36105,Application-18,M_Req,missing_destination,43,Application-18-Service,EndDevice-18,Application-18-Service,94400
36108,Application-2,M_Req,missing_destination,27,Application-2-Service,EndDevice-2,Application-2-Service,94400
36109,Application-10,M_Req,missing_destination,35,Application-10-Service,EndDevice-10,Application-10-Service,94400
36110,Application-46,M_Req,missing_destination,71,Application-46-Service,EndDevice-46,Application-46-Service,94400
36113,Application-21,M_Req,missing_destination,46,Application-21-Service,EndDevice-21,Application-21-Service,94400
36115,Application-13,M_Req,missing_destination,38,Application-13-Service,EndDevice-13,Application-13-Service,94500
36118,Application-17,M_Req,missing_destination,42,Application-17-Service,EndDevice-17,Application-17-Service,94500
36119,Application-3,M_Req,missing_destination,28,Application-3-Service,EndDevice-3,Application-3-Service,94500
36139,Application-34,M_Req,missing_destination,59,Application-34-Service,EndDevice-34,Application-34-Service,94500
36142,Application-42,M_Req,missing_destination,67,Application-42-Service,EndDevice-42,Application-42-Service,94500
36153,Application-18,M_Req,missing_destination,43,Application-18-Service,EndDevice-18,Application-18-Service,94500
36156,Application-2,M_Req,missing_destination,27,Application-2-Service,EndDevice-2,Application-2-Service,94500
36157,Application-10,M_Req,missing_destination,35,Application-10-Service,EndDevice-10,Application-10-Service,94500
36158,Application-46,M_Req,missing_destination,71,Application-46-Service,EndDevice-46,Application-46-Service,94500
36161,Application-21,M_Req,missing_destination,46,Application-21-Service,EndDevice-21,Application-21-Service,94500
36163,Application-13,M_Req,missing_destination,38,Application-13-Service,EndDevice-13,Application-13-Service,94600
36167,Application-3,M_Req,missing_destination,28,Application-3-Service,EndDevice-3,Application-3-Service,94600
36183,Application-34,M_Req,missing_destination,59,Application-34-Service,EndDevice-34,Application-34-Service,94600
36186,Application-42,M_Req,missing_destination,67,Application-42-Service,EndDevice-42,Application-42-Service,94600
36198,Application-15,M_Req,missing_destination,40,Application-15-Service,EndDevice-15,Application-15-Service,94700
36203,Application-9,M_Req,missing_destination,34,Application-9-Service,EndDevice-9,Application-9-Service,94700
36205,Application-19,M_Req,missing_destination,44,Application-19-Service,EndDevice-19,Application-19-Service,94700
36207,Application-41,M_Req,missing_destination,66,Application-41-Service,EndDevice-41,Application-41-Service,94700
36211,Application-13,M_Req,missing_destination,38,Application-13-Service,EndDevice-13,Application-13-Service,94700
36215,Application-3,M_Req,missing_destination,28,Application-3-Service,EndDevice-3,Application-3-Service,94700
36217,Application-39,M_Req,missing_destination,64,Application-39-Service,EndDevice-39,Application-39-Service,94700
36224,Application-7,M_Req,missing_destination,32,Application-7-Service,EndDevice-7,Application-7-Service,94700
36226,Application-47,M_Req,missing_destination,72,Application-47-Service,EndDevice-47,Application-47-Service,94700
36228,Application-31,M_Req,missing_destination,56,Application-31-Service,EndDevice-31,Application-31-Service,94700
36231,Application-34,M_Req,missing_destination,59,Application-34-Service,EndDevice-34,Application-34-Service,94700
36234,Application-42,M_Req,missing_destination,67,Application-42-Service,EndDevice-42,Application-42-Service,94700
36236,Application-23,M_Req,missing_destination,48,Application-23-Service,EndDevice-23,Application-23-Service,94700
36245,Application-15,M_Req,missing_destination,40,Application-15-Service,EndDevice-15,Application-15-Service,94800
36250,Application-9,M_Req,missing_destination,34,Application-9-Service,EndDevice-9,Application-9-Service,94800
36252,Application-41,M_Req,missing_destination,66,Application-41-Service,EndDevice-41,Application-41-Service,94800
36256,Application-13,M_Req,missing_destination,38,Application-13-Service,EndDevice-13,Application-13-Service,94800
36259,Application-3,M_Req,missing_destination,28,Application-3-Service,EndDevice-3,Application-3-Service,94800
36261,Application-39,M_Req,missing_destination,64,Application-39-Service,EndDevice-39,Application-39-Service,94800
36264,Application-7,M_Req,missing_destination,32,Application-7-Service,EndDevice-7,Application-7-Service,94800
36293,Application-15,M_Req,missing_destination,40,Application-15-Service,EndDevice-15,Application-15-Service,94900
36298,Application-9,M_Req,missing_destination,34,Application-9-Service,EndDevice-9,Application-9-Service,94900
36304,Application-13,M_Req,missing_destination,38,Application-13-Service,EndDevice-13,Application-13-Service,94900
36307,Application-3,M_Req,missing_destination,28,Application-3-Service,EndDevice-3,Application-3-Service,94900
36309,Application-39,M_Req,missing_destination,64,Application-39-Service,EndDevice-39,Application-39-Service,94900
36312,Application-7,M_Req,missing_destination,32,Application-7-Service,EndDevice-7,Application-7-Service,94900
36320,Application-12,M_Req,missing_destination,37,Application-12-Service,EndDevice-12,Application-12-Service,95000
36322,Application-27,M_Req,missing_destination,52,Application-27-Service,EndDevice-27,Application-27-Service,95000
36326,Application-4,M_Req,missing_destination,29,Application-4-Service,EndDevice-4,Application-4-Service,95000
36328,Application-19,M_Req,missing_destination,44,Application-19-Service,EndDevice-19,Application-19-Service,95000
36330,Application-28,M_Req,missing_destination,53,Application-28-Service,EndDevice-28,Application-28-Service,95000
36335,Application-15,M_Req,missing_destination,40,Application-15-Service,EndDevice-15,Application-15-Service,95000
36339,Application-9,M_Req,missing_destination,34,Application-9-Service,EndDevice-9,Application-9-Service,95000
36340,Application-44,M_Req,missing_destination,69,Application-44-Service,EndDevice-44,Application-44-Service,95000
36368,Application-12,M_Req,missing_destination,37,Application-12-Service,EndDevice-12,Application-12-Service,95100
36370,Application-27,M_Req,missing_destination,52,Application-27-Service,EndDevice-27,Application-27-Service,95100
36374,Application-4,M_Req,missing_destination,29,Application-4-Service,EndDevice-4,Application-4-Service,95100
36376,Application-19,M_Req,missing_destination,44,Application-19-Service,EndDevice-19,Application-19-Service,95100
36378,Application-28,M_Req,missing_destination,53,Application-28-Service,EndDevice-28,Application-28-Service,95100
36383,Application-15,M_Req,missing_destination,40,Application-15-Service,EndDevice-15,Application-15-Service,95100
36387,Application-9,M_Req,missing_destination,34,Application-9-Service,EndDevice-9,Application-9-Service,95100
36388,Application-44,M_Req,missing_destination,69,Application-44-Service,EndDevice-44,Application-44-Service,95100
36412,Application-27,M_Req,missing_destination,52,Application-27-Service,EndDevice-27,Application-27-Service,95200
36417,Application-19,M_Req,missing_destination,44,Application-19-Service,EndDevice-19,Application-19-Service,95200
36421,Application-10,M_Req,missing_destination,35,Application-10-Service,EndDevice-10,Application-10-Service,95300
36431,Application-48,M_Req,missing_destination,73,Application-48-Service,EndDevice-48,Application-48-Service,95300
36435,Application-2,M_Req,missing_destination,27,Application-2-Service,EndDevice-2,Application-2-Service,95300
36443,Application-40,M_Req,missing_destination,65,Application-40-Service,EndDevice-40,Application-40-Service,95300
36445,Application-22,M_Req,missing_destination,47,Application-22-Service,EndDevice-22,Application-22-Service,95300
36457,Application-32,M_Req,missing_destination,57,Application-32-Service,EndDevice-32,Application-32-Service,95300
36459,Application-1,M_Req,missing_destination,26,Application-1-Service,EndDevice-1,Application-1-Service,95300
36460,Application-27,M_Req,missing_destination,52,Application-27-Service,EndDevice-27,Application-27-Service,95300
36461,Application-25,M_Req,missing_destination,50,Application-25-Service,EndDevice-25,Application-25-Service,95300
36462,Application-33,M_Req,missing_destination,58,Application-33-Service,EndDevice-33,Application-33-Service,95300
36465,Application-19,M_Req,missing_destination,44,Application-19-Service,EndDevice-19,Application-19-Service,95300
36469,Application-10,M_Req,missing_destination,35,Application-10-Service,EndDevice-10,Application-10-Service,95400
36477,Application-48,M_Req,missing_destination,73,Application-48-Service,EndDevice-48,Application-48-Service,95400
36481,Application-2,M_Req,missing_destination,27,Application-2-Service,EndDevice-2,Application-2-Service,95400
36486,Application-40,M_Req,missing_destination,65,Application-40-Service,EndDevice-40,Application-40-Service,95400
36488,Application-22,M_Req,missing_destination,47,Application-22-Service,EndDevice-22,Application-22-Service,95400
36525,Application-48,M_Req,missing_destination,73,Application-48-Service,EndDevice-48,Application-48-Service,95500
36534,Application-40,M_Req,missing_destination,65,Application-40-Service,EndDevice-40,Application-40-Service,95500
36549,Application-1,M_Req,missing_destination,26,Application-1-Service,EndDevice-1,Application-1-Service,95600
36551,Application-33,M_Req,missing_destination,58,Application-33-Service,EndDevice-33,Application-33-Service,95600
36555,Application-37,M_Req,missing_destination,62,Application-37-Service,EndDevice-37,Application-37-Service,95600
36558,Application-9,M_Req,missing_destination,34,Application-9-Service,EndDevice-9,Application-9-Service,95600
36560,Application-29,M_Req,missing_destination,54,Application-29-Service,EndDevice-29,Application-29-Service,95600
36562,Application-25,M_Req,missing_destination,50,Application-25-Service,EndDevice-25,Application-25-Service,95600
36567,Application-30,M_Req,missing_destination,55,Application-30-Service,EndDevice-30,Application-30-Service,95600
36575,Application-17,M_Req,missing_destination,42,Application-17-Service,EndDevice-17,Application-17-Service,95700
36597,Application-1,M_Req,missing_destination,26,Application-1-Service,EndDevice-1,Application-1-Service,95700
36599,Application-33,M_Req,missing_destination,58,Application-33-Service,EndDevice-33,Application-33-Service,95700
36603,Application-37,M_Req,missing_destination,62,Application-37-Service,EndDevice-37,Application-37-Service,95700
36606,Application-9,M_Req,missing_destination,34,Application-9-Service,EndDevice-9,Application-9-Service,95700
36608,Application-29,M_Req,missing_destination,54,Application-29-Service,EndDevice-29,Application-29-Service,95700
36610,Application-25,M_Req,missing_destination,50,Application-25-Service,EndDevice-25,Application-25-Service,95700
36615,Application-30,M_Req,missing_destination,55,Application-30-Service,EndDevice-30,Application-30-Service,95700
36623,Application-17,M_Req,missing_destination,42,Application-17-Service,EndDevice-17,Application-17-Service,95800
36645,Application-37,M_Req,missing_destination,62,Application-37-Service,EndDevice-37,Application-37-Service,95800
36649,Application-29,M_Req,missing_destination,54,Application-29-Service,EndDevice-29,Application-29-Service,95800
36656,Application-28,M_Req,missing_destination,53,Application-28-Service,EndDevice-28,Application-28-Service,95900
36669,Application-36,M_Req,missing_destination,61,Application-36-Service,EndDevice-36,Application-36-Service,95900
36671,Application-17,M_Req,missing_destination,42,Application-17-Service,EndDevice-17,Application-17-Service,95900
36673,Application-39,M_Req,missing_destination,64,Application-39-Service,EndDevice-39,Application-39-Service,95900
36675,Application-5,M_Req,missing_destination,30,Application-5-Service,EndDevice-5,Application-5-Service,95900
36680,Application-7,M_Req,missing_destination,32,Application-7-Service,EndDevice-7,Application-7-Service,95900
36682,Application-44,M_Req,missing_destination,69,Application-44-Service,EndDevice-44,Application-44-Service,95900
36683,Application-47,M_Req,missing_destination,72,Application-47-Service,EndDevice-47,Application-47-Service,95900
36684,Application-31,M_Req,missing_destination,56,Application-31-Service,EndDevice-31,Application-31-Service,95900
36690,Application-19,M_Req,missing_destination,44,Application-19-Service,EndDevice-19,Application-19-Service,95900
36693,Application-37,M_Req,missing_destination,62,Application-37-Service,EndDevice-37,Application-37-Service,95900
36697,Application-29,M_Req,missing_destination,54,Application-29-Service,EndDevice-29,Application-29-Service,95900
36698,Application-35,M_Req,missing_destination,60,Application-35-Service,EndDevice-35,Application-35-Service,95900
36703,Application-28,M_Req,missing_destination,53,Application-28-Service,EndDevice-28,Application-28-Service,96000
36710,Application-36,M_Req,missing_destination,61,Application-36-Service,EndDevice-36,Application-36-Service,96000
36711,Application-17,M_Req,missing_destination,42,Application-17-Service,EndDevice-17,Application-17-Service,96000
36713,Application-39,M_Req,missing_destination,64,Application-39-Service,EndDevice-39,Application-39-Service,96000
36715,Application-5,M_Req,missing_destination,30,Application-5-Service,EndDevice-5,Application-5-Service,96000
36719,Application-7,M_Req,missing_destination,32,Application-7-Service,EndDevice-7,Application-7-Service,96000
36721,Application-44,M_Req,missing_destination,69,Application-44-Service,EndDevice-44,Application-44-Service,96000
36722,Application-47,M_Req,missing_destination,72,Application-47-Service,EndDevice-47,Application-47-Service,96000
36761,Application-39,M_Req,missing_destination,64,Application-39-Service,EndDevice-39,Application-39-Service,96100
36767,Application-7,M_Req,missing_destination,32,Application-7-Service,EndDevice-7,Application-7-Service,96100
36770,Application-47,M_Req,missing_destination,72,Application-47-Service,EndDevice-47,Application-47-Service,96100
36772,Application-12,M_Req,missing_destination,37,Application-12-Service,EndDevice-12,Application-12-Service,96200
36786,Application-15,M_Req,missing_destination,40,Application-15-Service,EndDevice-15,Application-15-Service,96200
36794,Application-14,M_Req,missing_destination,39,Application-14-Service,EndDevice-14,Application-14-Service,96200
36798,Application-4,M_Req,missing_destination,29,Application-4-Service,EndDevice-4,Application-4-Service,96200
36820,Application-12,M_Req,missing_destination,37,Application-12-Service,EndDevice-12,Application-12-Service,96300
36834,Application-15,M_Req,missing_destination,40,Application-15-Service,EndDevice-15,Application-15-Service,96300
36842,Application-14,M_Req,missing_destination,39,Application-14-Service,EndDevice-14,Application-14-Service,96300
36846,Application-4,M_Req,missing_destination,29,Application-4-Service,EndDevice-4,Application-4-Service,96300
36863,Application-12,M_Req,missing_destination,37,Application-12-Service,EndDevice-12,Application-12-Service,96400
36881,Application-14,M_Req,missing_destination,39,Application-14-Service,EndDevice-14,Application-14-Service,96500
36882,Application-22,M_Req,missing_destination,47,Application-22-Service,EndDevice-22,Application-22-Service,96500
36886,Application-42,M_Req,missing_destination,67,Application-42-Service,EndDevice-42,Application-42-Service,96500
36888,Application-26,M_Req,missing_destination,51,Application-26-Service,EndDevice-26,Application-26-Service,96500
36897,Application-17,M_Req,missing_destination,42,Application-17-Service,EndDevice-17,Application-17-Service,96500
36903,Application-7,M_Req,missing_destination,32,Application-7-Service,EndDevice-7,Application-7-Service,96500
36908,Application-46,M_Req,missing_destination,71,Application-46-Service,EndDevice-46,Application-46-Service,96500
36909,Application-6,M_Req,missing_destination,31,Application-6-Service,EndDevice-6,Application-6-Service,96500
36911,Application-12,M_Req,missing_destination,37,Application-12-Service,EndDevice-12,Application-12-Service,96500
36914,Application-18,M_Req,missing_destination,43,Application-18-Service,EndDevice-18,Application-18-Service,96500
36915,Application-38,M_Req,missing_destination,63,Application-38-Service,EndDevice-38,Application-38-Service,96500
36923,Application-2,M_Req,missing_destination,27,Application-2-Service,EndDevice-2,Application-2-Service,96500
36929,Application-22,M_Req,missing_destination,47,Application-22-Service,EndDevice-22,Application-22-Service,96600
36933,Application-42,M_Req,missing_destination,67,Application-42-Service,EndDevice-42,Application-42-Service,96600
36940,Application-17,M_Req,missing_destination,42,Application-17-Service,EndDevice-17,Application-17-Service,96600
36946,Application-7,M_Req,missing_destination,32,Application-7-Service,EndDevice-7,Application-7-Service,96600
36951,Application-46,M_Req,missing_destination,71,Application-46-Service,EndDevice-46,Application-46-Service,96600
36952,Application-6,M_Req,missing_destination,31,Application-6-Service,EndDevice-6,Application-6-Service,96600
36981,Application-42,M_Req,missing_destination,67,Application-42-Service,EndDevice-42,Application-42-Service,96700
37002,Application-19,M_Req,missing_destination,44,Application-19-Service,EndDevice-19,Application-19-Service,96800
37003,Application-18,M_Req,missing_destination,43,Application-18-Service,EndDevice-18,Application-18-Service,96800
37005,Application-27,M_Req,missing_destination,52,Application-27-Service,EndDevice-27,Application-27-Service,96800
37011,Application-2,M_Req,missing_destination,27,Application-2-Service,EndDevice-2,Application-2-Service,96800
37012,Application-26,M_Req,missing_destination,51,Application-26-Service,EndDevice-26,Application-26-Service,96800
37017,Application-28,M_Req,missing_destination,53,Application-28-Service,EndDevice-28,Application-28-Service,96800
37019,Application-43,M_Req,missing_destination,68,Application-43-Service,EndDevice-43,Application-43-Service,96800
37020,Application-20,M_Req,missing_destination,45,Application-20-Service,EndDevice-20,Application-20-Service,96800
37021,Application-4,M_Req,missing_destination,29,Application-4-Service,EndDevice-4,Application-4-Service,96800
37022,Application-42,M_Req,missing_destination,67,Application-42-Service,EndDevice-42,Application-42-Service,96800
37023,Application-36,M_Req,missing_destination,61,Application-36-Service,EndDevice-36,Application-36-Service,96800
37024,Application-44,M_Req,missing_destination,69,Application-44-Service,EndDevice-44,Application-44-Service,96800
37050,Application-19,M_Req,missing_destination,44,Application-19-Service,EndDevice-19,Application-19-Service,96900
37051,Application-18,M_Req,missing_destination,43,Application-18-Service,EndDevice-18,Application-18-Service,96900
37053,Application-27,M_Req,missing_destination,52,Application-27-Service,EndDevice-27,Application-27-Service,96900
37059,Application-2,M_Req,missing_destination,27,Application-2-Service,EndDevice-2,Application-2-Service,96900
37060,Application-26,M_Req,missing_destination,51,Application-26-Service,EndDevice-26,Application-26-Service,96900
37065,Application-28,M_Req,missing_destination,53,Application-28-Service,EndDevice-28,Application-28-Service,96900
37067,Application-43,M_Req,missing_destination,68,Application-43-Service,EndDevice-43,Application-43-Service,96900
37068,Application-20,M_Req,missing_destination,45,Application-20-Service,EndDevice-20,Application-20-Service,96900
37069,Application-4,M_Req,missing_destination,29,Application-4-Service,EndDevice-4,Application-4-Service,96900
37070,Application-42,M_Req,missing_destination,67,Application-42-Service,EndDevice-42,Application-42-Service,96900
37071,Application-36,M_Req,missing_destination,61,Application-36-Service,EndDevice-36,Application-36-Service,96900
37072,Application-44,M_Req,missing_destination,69,Application-44-Service,EndDevice-44,Application-44-Service,96900
37108,Application-43,M_Req,missing_destination,68,Application-43-Service,EndDevice-43,Application-43-Service,97100
37110,Application-42,M_Req,missing_destination,67,Application-42-Service,EndDevice-42,Application-42-Service,97100
37113,Application-10,M_Req,missing_destination,35,Application-10-Service,EndDevice-10,Application-10-Service,97100
37118,Application-13,M_Req,missing_destination,38,Application-13-Service,EndDevice-13,Application-13-Service,97100
37122,Application-5,M_Req,missing_destination,30,Application-5-Service,EndDevice-5,Application-5-Service,97100
37125,Application-3,M_Req,missing_destination,28,Application-3-Service,EndDevice-3,Application-3-Service,97100
37126,Application-23,M_Req,missing_destination,48,Application-23-Service,EndDevice-23,Application-23-Service,97100
37131,Application-35,M_Req,missing_destination,60,Application-35-Service,EndDevice-35,Application-35-Service,97100
37134,Application-34,M_Req,missing_destination,59,Application-34-Service,EndDevice-34,Application-34-Service,97100
37148,Application-12,M_Req,missing_destination,37,Application-12-Service,EndDevice-12,Application-12-Service,97100
37155,Application-43,M_Req,missing_destination,68,Application-43-Service,EndDevice-43,Application-43-Service,97200
37157,Application-42,M_Req,missing_destination,67,Application-42-Service,EndDevice-42,Application-42-Service,97200
37159,Application-10,M_Req,missing_destination,35,Application-10-Service,EndDevice-10,Application-10-Service,97200
37163,Application-13,M_Req,missing_destination,38,Application-13-Service,EndDevice-13,Application-13-Service,97200
37166,Application-5,M_Req,missing_destination,30,Application-5-Service,EndDevice-5,Application-5-Service,97200
37169,Application-3,M_Req,missing_destination,28,Application-3-Service,EndDevice-3,Application-3-Service,97200
37170,Application-23,M_Req,missing_destination,48,Application-23-Service,EndDevice-23,Application-23-Service,97200
37174,Application-35,M_Req,missing_destination,60,Application-35-Service,EndDevice-35,Application-35-Service,97200
37176,Application-34,M_Req,missing_destination,59,Application-34-Service,EndDevice-34,Application-34-Service,97200
37205,Application-42,M_Req,missing_destination,67,Application-42-Service,EndDevice-42,Application-42-Service,97300
37207,Application-10,M_Req,missing_destination,35,Application-10-Service,EndDevice-10,Application-10-Service,97300
37211,Application-13,M_Req,missing_destination,38,Application-13-Service,EndDevice-13,Application-13-Service,97300
37217,Application-3,M_Req,missing_destination,28,Application-3-Service,EndDevice-3,Application-3-Service,97300
37218,Application-23,M_Req,missing_destination,48,Application-23-Service,EndDevice-23,Application-23-Service,97300
37224,Application-34,M_Req,missing_destination,59,Application-34-Service,EndDevice-34,Application-34-Service,97300
37229,Application-32,M_Req,missing_destination,57,Application-32-Service,EndDevice-32,Application-32-Service,97400
37231,Application-8,M_Req,missing_destination,33,Application-8-Service,EndDevice-8,Application-8-Service,97400
37233,Application-48,M_Req,missing_destination,73,Application-48-Service,EndDevice-48,Application-48-Service,97400
37239,Application-25,M_Req,missing_destination,50,Application-25-Service,EndDevice-25,Application-25-Service,97400
37244,Application-1,M_Req,missing_destination,26,Application-1-Service,EndDevice-1,Application-1-Service,97400
37248,Application-42,M_Req,missing_destination,67,Application-42-Service,EndDevice-42,Application-42-Service,97400
37250,Application-10,M_Req,missing_destination,35,Application-10-Service,EndDevice-10,Application-10-Service,97400
37253,Application-13,M_Req,missing_destination,38,Application-13-Service,EndDevice-13,Application-13-Service,97400
37257,Application-40,M_Req,missing_destination,65,Application-40-Service,EndDevice-40,Application-40-Service,97500
37264,Application-21,M_Req,missing_destination,46,Application-21-Service,EndDevice-21,Application-21-Service,97500
37265,Application-30,M_Req,missing_destination,55,Application-30-Service,EndDevice-30,Application-30-Service,97500
37277,Application-32,M_Req,missing_destination,57,Application-32-Service,EndDevice-32,Application-32-Service,97500
37279,Application-8,M_Req,missing_destination,33,Application-8-Service,EndDevice-8,Application-8-Service,97500
37281,Application-48,M_Req,missing_destination,73,Application-48-Service,EndDevice-48,Application-48-Service,97500
37287,Application-25,M_Req,missing_destination,50,Application-25-Service,EndDevice-25,Application-25-Service,97500
37292,Application-1,M_Req,missing_destination,26,Application-1-Service,EndDevice-1,Application-1-Service,97500
37296,Application-42,M_Req,missing_destination,67,Application-42-Service,EndDevice-42,Application-42-Service,97500
37298,Application-10,M_Req,missing_destination,35,Application-10-Service,EndDevice-10,Application-10-Service,97500
37301,Application-13,M_Req,missing_destination,38,Application-13-Service,EndDevice-13,Application-13-Service,97500
37309,Application-21,M_Req,missing_destination,46,Application-21-Service,EndDevice-21,Application-21-Service,97600
37331,Application-25,M_Req,missing_destination,50,Application-25-Service,EndDevice-25,Application-25-Service,97600
37335,Application-1,M_Req,missing_destination,26,Application-1-Service,EndDevice-1,Application-1-Service,97600
37340,Application-16,M_Req,missing_destination,41,Application-16-Service,EndDevice-16,Application-16-Service,97700
37341,Application-29,M_Req,missing_destination,54,Application-29-Service,EndDevice-29,Application-29-Service,97700
37342,Application-5,M_Req,missing_destination,30,Application-5-Service,EndDevice-5,Application-5-Service,97700
37343,Application-27,M_Req,missing_destination,52,Application-27-Service,EndDevice-27,Application-27-Service,97700
37347,Application-7,M_Req,missing_destination,32,Application-7-Service,EndDevice-7,Application-7-Service,97700
37348,Application-47,M_Req,missing_destination,72,Application-47-Service,EndDevice-47,Application-47-Service,97700
37352,Application-17,M_Req,missing_destination,42,Application-17-Service,EndDevice-17,Application-17-Service,97700
37357,Application-21,M_Req,missing_destination,46,Application-21-Service,EndDevice-21,Application-21-Service,97700
37367,Application-45,M_Req,missing_destination,70,Application-45-Service,EndDevice-45,Application-45-Service,97700
37375,Application-37,M_Req,missing_destination,62,Application-37-Service,EndDevice-37,Application-37-Service,97700
37377,Application-2,M_Req,missing_destination,27,Application-2-Service,EndDevice-2,Application-2-Service,97700
37378,Application-26,M_Req,missing_destination,51,Application-26-Service,EndDevice-26,Application-26-Service,97700
37379,Application-25,M_Req,missing_destination,50,Application-25-Service,EndDevice-25,Application-25-Service,97700
37382,Application-18,M_Req,missing_destination,43,Application-18-Service,EndDevice-18,Application-18-Service,97700
37383,Application-1,M_Req,missing_destination,26,Application-1-Service,EndDevice-1,Application-1-Service,97700
37388,Application-29,M_Req,missing_destination,54,Application-29-Service,EndDevice-29,Application-29-Service,97800
37389,Application-5,M_Req,missing_destination,30,Application-5-Service,EndDevice-5,Application-5-Service,97800
37390,Application-27,M_Req,missing_destination,52,Application-27-Service,EndDevice-27,Application-27-Service,97800
37394,Application-7,M_Req,missing_destination,32,Application-7-Service,EndDevice-7,Application-7-Service,97800
37398,Application-17,M_Req,missing_destination,42,Application-17-Service,EndDevice-17,Application-17-Service,97800
37403,Application-21,M_Req,missing_destination,46,Application-21-Service,EndDevice-21,Application-21-Service,97800
37410,Application-45,M_Req,missing_destination,70,Application-45-Service,EndDevice-45,Application-45-Service,97800
37436,Application-29,M_Req,missing_destination,54,Application-29-Service,EndDevice-29,Application-29-Service,97900
37437,Application-5,M_Req,missing_destination,30,Application-5-Service,EndDevice-5,Application-5-Service,97900
37438,Application-27,M_Req,missing_destination,52,Application-27-Service,EndDevice-27,Application-27-Service,97900
37442,Application-7,M_Req,missing_destination,32,Application-7-Service,EndDevice-7,Application-7-Service,97900
37446,Application-17,M_Req,missing_destination,42,Application-17-Service,EndDevice-17,Application-17-Service,97900
37451,Application-21,M_Req,missing_destination,46,Application-21-Service,EndDevice-21,Application-21-Service,97900
37458,Application-45,M_Req,missing_destination,70,Application-45-Service,EndDevice-45,Application-45-Service,97900
37461,Application-19,M_Req,missing_destination,44,Application-19-Service,EndDevice-19,Application-19-Service,98000
37462,Application-15,M_Req,missing_destination,40,Application-15-Service,EndDevice-15,Application-15-Service,98000
37477,Application-29,M_Req,missing_destination,54,Application-29-Service,EndDevice-29,Application-29-Service,98000
37478,Application-5,M_Req,missing_destination,30,Application-5-Service,EndDevice-5,Application-5-Service,98000
37479,Application-27,M_Req,missing_destination,52,Application-27-Service,EndDevice-27,Application-27-Service,98000
37482,Application-7,M_Req,missing_destination,32,Application-7-Service,EndDevice-7,Application-7-Service,98000
37484,Application-14,M_Req,missing_destination,39,Application-14-Service,EndDevice-14,Application-14-Service,98000
37488,Application-39,M_Req,missing_destination,64,Application-39-Service,EndDevice-39,Application-39-Service,98100
37497,Application-45,M_Req,missing_destination,70,Application-45-Service,EndDevice-45,Application-45-Service,98100
37509,Application-19,M_Req,missing_destination,44,Application-19-Service,EndDevice-19,Application-19-Service,98100
37510,Application-15,M_Req,missing_destination,40,Application-15-Service,EndDevice-15,Application-15-Service,98100
37525,Application-29,M_Req,missing_destination,54,Application-29-Service,EndDevice-29,Application-29-Service,98100
37526,Application-5,M_Req,missing_destination,30,Application-5-Service,EndDevice-5,Application-5-Service,98100
37527,Application-27,M_Req,missing_destination,52,Application-27-Service,EndDevice-27,Application-27-Service,98100
37530,Application-7,M_Req,missing_destination,32,Application-7-Service,EndDevice-7,Application-7-Service,98100
37532,Application-14,M_Req,missing_destination,39,Application-14-Service,EndDevice-14,Application-14-Service,98100
37545,Application-45,M_Req,missing_destination,70,Application-45-Service,EndDevice-45,Application-45-Service,98200
37566,Application-9,M_Req,missing_destination,34,Application-9-Service,EndDevice-9,Application-9-Service,98300
37568,Application-40,M_Req,missing_destination,65,Application-40-Service,EndDevice-40,Application-40-Service,98300
37587,Application-21,M_Req,missing_destination,46,Application-21-Service,EndDevice-21,Application-21-Service,98300
37588,Application-30,M_Req,missing_destination,55,Application-30-Service,EndDevice-30,Application-30-Service,98300
37593,Application-45,M_Req,missing_destination,70,Application-45-Service,EndDevice-45,Application-45-Service,98300
37601,Application-8,M_Req,missing_destination,33,Application-8-Service,EndDevice-8,Application-8-Service,98300
37602,Application-32,M_Req,missing_destination,57,Application-32-Service,EndDevice-32,Application-32-Service,98300
37604,Application-48,M_Req,missing_destination,73,Application-48-Service,EndDevice-48,Application-48-Service,98300
37609,Application-24,M_Req,missing_destination,49,Application-24-Service,EndDevice-24,Application-24-Service,98300
37612,Application-16,M_Req,missing_destination,41,Application-16-Service,EndDevice-16,Application-16-Service,98300
37613,Application-9,M_Req,missing_destination,34,Application-9-Service,EndDevice-9,Application-9-Service,98400
37615,Application-40,M_Req,missing_destination,65,Application-40-Service,EndDevice-40,Application-40-Service,98400
37630,Application-21,M_Req,missing_destination,46,Application-21-Service,EndDevice-21,Application-21-Service,98400
37631,Application-30,M_Req,missing_destination,55,Application-30-Service,EndDevice-30,Application-30-Service,98400
37636,Application-45,M_Req,missing_destination,70,Application-45-Service,EndDevice-45,Application-45-Service,98400
37642,Application-8,M_Req,missing_destination,33,Application-8-Service,EndDevice-8,Application-8-Service,98400
37661,Application-9,M_Req,missing_destination,34,Application-9-Service,EndDevice-9,Application-9-Service,98500
37678,Application-21,M_Req,missing_destination,46,Application-21-Service,EndDevice-21,Application-21-Service,98500
37695,Application-25,M_Req,missing_destination,50,Application-25-Service,EndDevice-25,Application-25-Service,98600
37700,Application-41,M_Req,missing_destination,66,Application-41-Service,EndDevice-41,Application-41-Service,98600
37701,Application-11,M_Req,missing_destination,36,Application-11-Service,EndDevice-11,Application-11-Service,98600
37705,Application-9,M_Req,missing_destination,34,Application-9-Service,EndDevice-9,Application-9-Service,98600
37707,Application-36,M_Req,missing_destination,61,Application-36-Service,EndDevice-36,Application-36-Service,98600
37715,Application-35,M_Req,missing_destination,60,Application-35-Service,EndDevice-35,Application-35-Service,98600
37718,Application-34,M_Req,missing_destination,59,Application-34-Service,EndDevice-34,Application-34-Service,98700
37722,Application-4,M_Req,missing_destination,29,Application-4-Service,EndDevice-4,Application-4-Service,98700
37727,Application-42,M_Req,missing_destination,67,Application-42-Service,EndDevice-42,Application-42-Service,98700
37729,Application-12,M_Req,missing_destination,37,Application-12-Service,EndDevice-12,Application-12-Service,98700
37743,Application-25,M_Req,missing_destination,50,Application-25-Service,EndDevice-25,Application-25-Service,98700
37748,Application-41,M_Req,missing_destination,66,Application-41-Service,EndDevice-41,Application-41-Service,98700
37749,Application-11,M_Req,missing_destination,36,Application-11-Service,EndDevice-11,Application-11-Service,98700
37753,Application-9,M_Req,missing_destination,34,Application-9-Service,EndDevice-9,Application-9-Service,98700
37755,Application-36,M_Req,missing_destination,61,Application-36-Service,EndDevice-36,Application-36-Service,98700
37763,Application-35,M_Req,missing_destination,60,Application-35-Service,EndDevice-35,Application-35-Service,98700
37774,Application-42,M_Req,missing_destination,67,Application-42-Service,EndDevice-42,Application-42-Service,98800
37776,Application-12,M_Req,missing_destination,37,Application-12-Service,EndDevice-12,Application-12-Service,98800
37787,Application-25,M_Req,missing_destination,50,Application-25-Service,EndDevice-25,Application-25-Service,98800
37791,Application-41,M_Req,missing_destination,66,Application-41-Service,EndDevice-41,Application-41-Service,98800
37802,Application-19,M_Req,missing_destination,44,Application-19-Service,EndDevice-19,Application-19-Service,98900
37803,Application-27,M_Req,missing_destination,52,Application-27-Service,EndDevice-27,Application-27-Service,98900
37806,Application-34,M_Req,missing_destination,59,Application-34-Service,EndDevice-34,Application-34-Service,98900
37807,Application-24,M_Req,missing_destination,49,Application-24-Service,EndDevice-24,Application-24-Service,98900
37812,Application-44,M_Req,missing_destination,69,Application-44-Service,EndDevice-44,Application-44-Service,98900
37815,Application-30,M_Req,missing_destination,55,Application-30-Service,EndDevice-30,Application-30-Service,98900
37819,Application-45,M_Req,missing_destination,70,Application-45-Service,EndDevice-45,Application-45-Service,98900
37821,Application-10,M_Req,missing_destination,35,Application-10-Service,EndDevice-10,Application-10-Service,98900
37822,Application-42,M_Req,missing_destination,67,Application-42-Service,EndDevice-42,Application-42-Service,98900
37823,Application-20,M_Req,missing_destination,45,Application-20-Service,EndDevice-20,Application-20-Service,98900
37824,Application-12,M_Req,missing_destination,37,Application-12-Service,EndDevice-12,Application-12-Service,98900
37826,Application-40,M_Req,missing_destination,65,Application-40-Service,EndDevice-40,Application-40-Service,98900
37827,Application-32,M_Req,missing_destination,57,Application-32-Service,EndDevice-32,Application-32-Service,98900
37828,Application-3,M_Req,missing_destination,28,Application-3-Service,EndDevice-3,Application-3-Service,98900
37831,Application-8,M_Req,missing_destination,33,Application-8-Service,EndDevice-8,Application-8-Service,98900
37835,Application-25,M_Req,missing_destination,50,Application-25-Service,EndDevice-25,Application-25-Service,98900
37839,Application-41,M_Req,missing_destination,66,Application-41-Service,EndDevice-41,Application-41-Service,98900
37847,Application-19,M_Req,missing_destination,44,Application-19-Service,EndDevice-19,Application-19-Service,99000
37848,Application-27,M_Req,missing_destination,52,Application-27-Service,EndDevice-27,Application-27-Service,99000
37851,Application-34,M_Req,missing_destination,59,Application-34-Service,EndDevice-34,Application-34-Service,99000
37856,Application-44,M_Req,missing_destination,69,Application-44-Service,EndDevice-44,Application-44-Service,99000
37863,Application-10,M_Req,missing_destination,35,Application-10-Service,EndDevice-10,Application-10-Service,99000
37864,Application-42,M_Req,missing_destination,67,Application-42-Service,EndDevice-42,Application-42-Service,99000
37865,Application-20,M_Req,missing_destination,45,Application-20-Service,EndDevice-20,Application-20-Service,99000
37867,Application-40,M_Req,missing_destination,65,Application-40-Service,EndDevice-40,Application-40-Service,99000
37868,Application-32,M_Req,missing_destination,57,Application-32-Service,EndDevice-32,Application-32-Service,99000
37869,Application-3,M_Req,missing_destination,28,Application-3-Service,EndDevice-3,Application-3-Service,99000
37871,Application-8,M_Req,missing_destination,33,Application-8-Service,EndDevice-8,Application-8-Service,99000
37912,Application-42,M_Req,missing_destination,67,Application-42-Service,EndDevice-42,Application-42-Service,99100
37921,Application-37,M_Req,missing_destination,62,Application-37-Service,EndDevice-37,Application-37-Service,99200
37928,Application-5,M_Req,missing_destination,30,Application-5-Service,EndDevice-5,Application-5-Service,99200
37935,Application-30,M_Req,missing_destination,55,Application-30-Service,EndDevice-30,Application-30-Service,99200
37936,Application-45,M_Req,missing_destination,70,Application-45-Service,EndDevice-45,Application-45-Service,99200
37940,Application-14,M_Req,missing_destination,39,Application-14-Service,EndDevice-14,Application-14-Service,99200
37950,Application-38,M_Req,missing_destination,63,Application-38-Service,EndDevice-38,Application-38-Service,99300
37958,Application-8,M_Req,missing_destination,33,Application-8-Service,EndDevice-8,Application-8-Service,99300
37969,Application-37,M_Req,missing_destination,62,Application-37-Service,EndDevice-37,Application-37-Service,99300
37976,Application-5,M_Req,missing_destination,30,Application-5-Service,EndDevice-5,Application-5-Service,99300
37983,Application-30,M_Req,missing_destination,55,Application-30-Service,EndDevice-30,Application-30-Service,99300
37984,Application-45,M_Req,missing_destination,70,Application-45-Service,EndDevice-45,Application-45-Service,99300
37988,Application-14,M_Req,missing_destination,39,Application-14-Service,EndDevice-14,Application-14-Service,99300
37998,Application-38,M_Req,missing_destination,63,Application-38-Service,EndDevice-38,Application-38-Service,99400
38005,Application-8,M_Req,missing_destination,33,Application-8-Service,EndDevice-8,Application-8-Service,99400
38013,Application-37,M_Req,missing_destination,62,Application-37-Service,EndDevice-37,Application-37-Service,99400
38020,Application-5,M_Req,missing_destination,30,Application-5-Service,EndDevice-5,Application-5-Service,99400
38030,Application-46,M_Req,missing_destination,71,Application-46-Service,EndDevice-46,Application-46-Service,99500
38037,Application-19,M_Req,missing_destination,44,Application-19-Service,EndDevice-19,Application-19-Service,99500
38043,Application-29,M_Req,missing_destination,54,Application-29-Service,EndDevice-29,Application-29-Service,99500
38046,Application-38,M_Req,missing_destination,63,Application-38-Service,EndDevice-38,Application-38-Service,99500
38053,Application-8,M_Req,missing_destination,33,Application-8-Service,EndDevice-8,Application-8-Service,99500
38058,Application-22,M_Req,missing_destination,47,Application-22-Service,EndDevice-22,Application-22-Service,99500
38061,Application-37,M_Req,missing_destination,62,Application-37-Service,EndDevice-37,Application-37-Service,99500
38065,Application-39,M_Req,missing_destination,64,Application-39-Service,EndDevice-39,Application-39-Service,99500
38068,Application-5,M_Req,missing_destination,30,Application-5-Service,EndDevice-5,Application-5-Service,99500
38069,Application-15,M_Req,missing_destination,40,Application-15-Service,EndDevice-15,Application-15-Service,99500
38070,Application-47,M_Req,missing_destination,72,Application-47-Service,EndDevice-47,Application-47-Service,99500
38071,Application-7,M_Req,missing_destination,32,Application-7-Service,EndDevice-7,Application-7-Service,99500
38072,Application-31,M_Req,missing_destination,56,Application-31-Service,EndDevice-31,Application-31-Service,99500
38074,Application-28,M_Req,missing_destination,53,Application-28-Service,EndDevice-28,Application-28-Service,99500
38075,Application-36,M_Req,missing_destination,61,Application-36-Service,EndDevice-36,Application-36-Service,99500
38078,Application-46,M_Req,missing_destination,71,Application-46-Service,EndDevice-46,Application-46-Service,99600
38082,Application-19,M_Req,missing_destination,44,Application-19-Service,EndDevice-19,Application-19-Service,99600
38088,Application-29,M_Req,missing_destination,54,Application-29-Service,EndDevice-29,Application-29-Service,99600
38101,Application-22,M_Req,missing_destination,47,Application-22-Service,EndDevice-22,Application-22-Service,99600
38126,Application-46,M_Req,missing_destination,71,Application-46-Service,EndDevice-46,Application-46-Service,99700
38149,Application-22,M_Req,missing_destination,47,Application-22-Service,EndDevice-22,Application-22-Service,99700
38151,Application-48,M_Req,missing_destination,73,Application-48-Service,EndDevice-48,Application-48-Service,99800
38158,Application-24,M_Req,missing_destination,49,Application-24-Service,EndDevice-24,Application-24-Service,99800
38164,Application-8,M_Req,missing_destination,33,Application-8-Service,EndDevice-8,Application-8-Service,99800
38171,Application-46,M_Req,missing_destination,71,Application-46-Service,EndDevice-46,Application-46-Service,99800
38173,Application-16,M_Req,missing_destination,41,Application-16-Service,EndDevice-16,Application-16-Service,99800
38176,Application-30,M_Req,missing_destination,55,Application-30-Service,EndDevice-30,Application-30-Service,99800
38178,Application-20,M_Req,missing_destination,45,Application-20-Service,EndDevice-20,Application-20-Service,99800
38185,Application-10,M_Req,missing_destination,35,Application-10-Service,EndDevice-10,Application-10-Service,99900
38199,Application-48,M_Req,missing_destination,73,Application-48-Service,EndDevice-48,Application-48-Service,99900
38206,Application-24,M_Req,missing_destination,49,Application-24-Service,EndDevice-24,Application-24-Service,99900
38212,Application-8,M_Req,missing_destination,33,Application-8-Service,EndDevice-8,Application-8-Service,99900
38219,Application-46,M_Req,missing_destination,71,Application-46-Service,EndDevice-46,Application-46-Service,99900
38221,Application-16,M_Req,missing_destination,41,Application-16-Service,EndDevice-16,Application-16-Service,99900
38224,Application-30,M_Req,missing_destination,55,Application-30-Service,EndDevice-30,Application-30-Service,99900
38226,Application-20,M_Req,missing_destination,45,Application-20-Service,EndDevice-20,Application-20-Service,99900
