id,app,message,reason,TOPO.src,TOPO.dst,TOPO.srcLabel,TOPO.dstLabel,ctime
298,Application-37,M_Req,missing_destination,62,Application-37-Service,EndDevice-37,Application-37-Service,800
299,Application-38,M_Req,missing_destination,63,Application-38-Service,EndDevice-38,Application-38-Service,800
300,Application-39,M_Req,missing_destination,64,Application-39-Service,EndDevice-39,Application-39-Service,800
346,Application-37,M_Req,missing_destination,62,Application-37-Service,EndDevice-37,Application-37-Service,900
347,Application-38,M_Req,missing_destination,63,Application-38-Service,EndDevice-38,Application-38-Service,900
348,Application-39,M_Req,missing_destination,64,Application-39-Service,EndDevice-39,Application-39-Service,900
391,Application-38,M_Req,missing_destination,63,Application-38-Service,EndDevice-38,Application-38-Service,1000
392,Application-39,M_Req,missing_destination,64,Application-39-Service,EndDevice-39,Application-39-Service,1000
416,Application-10,M_Req,missing_destination,35,Application-10-Service,EndDevice-10,Application-10-Service,1100
426,Application-9,M_Req,missing_destination,34,Application-9-Service,EndDevice-9,Application-9-Service,1100
432,Application-11,M_Req,missing_destination,36,Application-11-Service,EndDevice-11,Application-11-Service,1100
439,Application-38,M_Req,missing_destination,63,Application-38-Service,EndDevice-38,Application-38-Service,1100
440,Application-39,M_Req,missing_destination,64,Application-39-Service,EndDevice-39,Application-39-Service,1100
446,Application-12,M_Req,missing_destination,37,Application-12-Service,EndDevice-12,Application-12-Service,1100
460,Application-10,M_Req,missing_destination,35,Application-10-Service,EndDevice-10,Application-10-Service,1200
469,Application-9,M_Req,missing_destination,34,Application-9-Service,EndDevice-9,Application-9-Service,1200
524,Application-28,M_Req,missing_destination,53,Application-28-Service,EndDevice-28,Application-28-Service,1400
541,Application-26,M_Req,missing_destination,51,Application-26-Service,EndDevice-26,Application-26-Service,1400
572,Application-28,M_Req,missing_destination,53,Application-28-Service,EndDevice-28,Application-28-Service,1500
589,Application-26,M_Req,missing_destination,51,Application-26-Service,EndDevice-26,Application-26-Service,1500
615,Application-28,M_Req,missing_destination,53,Application-28-Service,EndDevice-28,Application-28-Service,1600
638,Application-32,M_Req,missing_destination,57,Application-32-Service,EndDevice-32,Application-32-Service,1700
645,Application-29,M_Req,missing_destination,54,Application-29-Service,EndDevice-29,Application-29-Service,1700
663,Application-28,M_Req,missing_destination,53,Application-28-Service,EndDevice-28,Application-28-Service,1700
664,Application-30,M_Req,missing_destination,55,Application-30-Service,EndDevice-30,Application-30-Service,1700
671,Application-31,M_Req,missing_destination,56,Application-31-Service,EndDevice-31,Application-31-Service,1700
685,Application-32,M_Req,missing_destination,57,Application-32-Service,EndDevice-32,Application-32-Service,1800
690,Application-29,M_Req,missing_destination,54,Application-29-Service,EndDevice-29,Application-29-Service,1800
763,Application-6,M_Req,missing_destination,31,Application-6-Service,EndDevice-6,Application-6-Service,2000
775,Application-7,M_Req,missing_destination,32,Application-7-Service,EndDevice-7,Application-7-Service,2000
783,Application-25,M_Req,missing_destination,50,Application-25-Service,EndDevice-25,Application-25-Service,2100
785,Application-8,M_Req,missing_destination,33,Application-8-Service,EndDevice-8,Application-8-Service,2100
786,Application-27,M_Req,missing_destination,52,Application-27-Service,EndDevice-27,Application-27-Service,2100
787,Application-5,M_Req,missing_destination,30,Application-5-Service,EndDevice-5,Application-5-Service,2100
811,Application-6,M_Req,missing_destination,31,Application-6-Service,EndDevice-6,Application-6-Service,2100
823,Application-7,M_Req,missing_destination,32,Application-7-Service,EndDevice-7,Application-7-Service,2100
831,Application-25,M_Req,missing_destination,50,Application-25-Service,EndDevice-25,Application-25-Service,2200
833,Application-8,M_Req,missing_destination,33,Application-8-Service,EndDevice-8,Application-8-Service,2200
834,Application-27,M_Req,missing_destination,52,Application-27-Service,EndDevice-27,Application-27-Service,2200
835,Application-5,M_Req,missing_destination,30,Application-5-Service,EndDevice-5,Application-5-Service,2200
852,Application-6,M_Req,missing_destination,31,Application-6-Service,EndDevice-6,Application-6-Service,2200
860,Application-47,M_Req,missing_destination,72,Application-47-Service,EndDevice-47,Application-47-Service,2300
867,Application-48,M_Req,missing_destination,73,Application-48-Service,EndDevice-48,Application-48-Service,2300
871,Application-45,M_Req,missing_destination,70,Application-45-Service,EndDevice-45,Application-45-Service,2300
879,Application-25,M_Req,missing_destination,50,Application-25-Service,EndDevice-25,Application-25-Service,2300
881,Application-8,M_Req,missing_destination,33,Application-8-Service,EndDevice-8,Application-8-Service,2300
882,Application-27,M_Req,missing_destination,52,Application-27-Service,EndDevice-27,Application-27-Service,2300
883,Application-5,M_Req,missing_destination,30,Application-5-Service,EndDevice-5,Application-5-Service,2300
899,Application-46,M_Req,missing_destination,71,Application-46-Service,EndDevice-46,Application-46-Service,2300
900,Application-6,M_Req,missing_destination,31,Application-6-Service,EndDevice-6,Application-6-Service,2300
908,Application-47,M_Req,missing_destination,72,Application-47-Service,EndDevice-47,Application-47-Service,2400
914,Application-48,M_Req,missing_destination,73,Application-48-Service,EndDevice-48,Application-48-Service,2400
922,Application-25,M_Req,missing_destination,50,Application-25-Service,EndDevice-25,Application-25-Service,2400
924,Application-8,M_Req,missing_destination,33,Application-8-Service,EndDevice-8,Application-8-Service,2400
925,Application-27,M_Req,missing_destination,52,Application-27-Service,EndDevice-27,Application-27-Service,2400
926,Application-5,M_Req,missing_destination,30,Application-5-Service,EndDevice-5,Application-5-Service,2400
956,Application-47,M_Req,missing_destination,72,Application-47-Service,EndDevice-47,Application-47-Service,2500
962,Application-48,M_Req,missing_destination,73,Application-48-Service,EndDevice-48,Application-48-Service,2500
998,Application-43,M_Req,missing_destination,68,Application-43-Service,EndDevice-43,Application-43-Service,2600
1001,Application-42,M_Req,missing_destination,67,Application-42-Service,EndDevice-42,Application-42-Service,2600
1004,Application-48,M_Req,missing_destination,73,Application-48-Service,EndDevice-48,Application-48-Service,2600
1006,Application-44,M_Req,missing_destination,69,Application-44-Service,EndDevice-44,Application-44-Service,2600
1046,Application-43,M_Req,missing_destination,68,Application-43-Service,EndDevice-43,Application-43-Service,2700
1049,Application-42,M_Req,missing_destination,67,Application-42-Service,EndDevice-42,Application-42-Service,2700
1052,Application-48,M_Req,missing_destination,73,Application-48-Service,EndDevice-48,Application-48-Service,2700
1054,Application-44,M_Req,missing_destination,69,Application-44-Service,EndDevice-44,Application-44-Service,2700
1089,Application-38,M_Req,missing_destination,63,Application-38-Service,EndDevice-38,Application-38-Service,2900
1095,Application-39,M_Req,missing_destination,64,Application-39-Service,EndDevice-39,Application-39-Service,2900
1105,Application-40,M_Req,missing_destination,65,Application-40-Service,EndDevice-40,Application-40-Service,2900
1107,Application-37,M_Req,missing_destination,62,Application-37-Service,EndDevice-37,Application-37-Service,2900
1137,Application-38,M_Req,missing_destination,63,Application-38-Service,EndDevice-38,Application-38-Service,3000
1150,Application-40,M_Req,missing_destination,65,Application-40-Service,EndDevice-40,Application-40-Service,3000
1152,Application-37,M_Req,missing_destination,62,Application-37-Service,EndDevice-37,Application-37-Service,3000
1185,Application-38,M_Req,missing_destination,63,Application-38-Service,EndDevice-38,Application-38-Service,3100
1198,Application-40,M_Req,missing_destination,65,Application-40-Service,EndDevice-40,Application-40-Service,3100
1200,Application-37,M_Req,missing_destination,62,Application-37-Service,EndDevice-37,Application-37-Service,3100
1219,Application-32,M_Req,missing_destination,57,Application-32-Service,EndDevice-32,Application-32-Service,3200
1229,Application-38,M_Req,missing_destination,63,Application-38-Service,EndDevice-38,Application-38-Service,3200
1234,Application-29,M_Req,missing_destination,54,Application-29-Service,EndDevice-29,Application-29-Service,3200
1267,Application-32,M_Req,missing_destination,57,Application-32-Service,EndDevice-32,Application-32-Service,3300
1277,Application-38,M_Req,missing_destination,63,Application-38-Service,EndDevice-38,Application-38-Service,3300
1282,Application-29,M_Req,missing_destination,54,Application-29-Service,EndDevice-29,Application-29-Service,3300
1334,Application-25,M_Req,missing_destination,50,Application-25-Service,EndDevice-25,Application-25-Service,3500
1336,Application-27,M_Req,missing_destination,52,Application-27-Service,EndDevice-27,Application-27-Service,3500
1349,Application-28,M_Req,missing_destination,53,Application-28-Service,EndDevice-28,Application-28-Service,3500
1361,Application-26,M_Req,missing_destination,51,Application-26-Service,EndDevice-26,Application-26-Service,3500
1380,Application-25,M_Req,missing_destination,50,Application-25-Service,EndDevice-25,Application-25-Service,3600
1428,Application-25,M_Req,missing_destination,50,Application-25-Service,EndDevice-25,Application-25-Service,3700
1440,Application-28,M_Req,missing_destination,53,Application-28-Service,EndDevice-28,Application-28-Service,3800
1457,Application-42,M_Req,missing_destination,67,Application-42-Service,EndDevice-42,Application-42-Service,3800
1460,Application-44,M_Req,missing_destination,69,Application-44-Service,EndDevice-44,Application-44-Service,3800
1463,Application-43,M_Req,missing_destination,68,Application-43-Service,EndDevice-43,Application-43-Service,3800
1474,Application-41,M_Req,missing_destination,66,Application-41-Service,EndDevice-41,Application-41-Service,3900
1488,Application-28,M_Req,missing_destination,53,Application-28-Service,EndDevice-28,Application-28-Service,3900
1505,Application-42,M_Req,missing_destination,67,Application-42-Service,EndDevice-42,Application-42-Service,3900
1508,Application-44,M_Req,missing_destination,69,Application-44-Service,EndDevice-44,Application-44-Service,3900
1511,Application-43,M_Req,missing_destination,68,Application-43-Service,EndDevice-43,Application-43-Service,3900
1520,Application-41,M_Req,missing_destination,66,Application-41-Service,EndDevice-41,Application-41-Service,4000
1532,Application-28,M_Req,missing_destination,53,Application-28-Service,EndDevice-28,Application-28-Service,4000
1567,Application-22,M_Req,missing_destination,47,Application-22-Service,EndDevice-22,Application-22-Service,4100
1568,Application-41,M_Req,missing_destination,66,Application-41-Service,EndDevice-41,Application-41-Service,4100
1576,Application-23,M_Req,missing_destination,48,Application-23-Service,EndDevice-23,Application-23-Service,4100
1580,Application-28,M_Req,missing_destination,53,Application-28-Service,EndDevice-28,Application-28-Service,4100
1581,Application-24,M_Req,missing_destination,49,Application-24-Service,EndDevice-24,Application-24-Service,4100
1588,Application-21,M_Req,missing_destination,46,Application-21-Service,EndDevice-21,Application-21-Service,4100
1610,Application-22,M_Req,missing_destination,47,Application-22-Service,EndDevice-22,Application-22-Service,4200
1611,Application-41,M_Req,missing_destination,66,Application-41-Service,EndDevice-41,Application-41-Service,4200
1658,Application-22,M_Req,missing_destination,47,Application-22-Service,EndDevice-22,Application-22-Service,4300
1669,Application-24,M_Req,missing_destination,49,Application-24-Service,EndDevice-24,Application-24-Service,4400
1672,Application-19,M_Req,missing_destination,44,Application-19-Service,EndDevice-19,Application-19-Service,4400
1680,Application-17,M_Req,missing_destination,42,Application-17-Service,EndDevice-17,Application-17-Service,4400
1687,Application-42,M_Req,missing_destination,67,Application-42-Service,EndDevice-42,Application-42-Service,4400
1694,Application-18,M_Req,missing_destination,43,Application-18-Service,EndDevice-18,Application-18-Service,4400
1717,Application-24,M_Req,missing_destination,49,Application-24-Service,EndDevice-24,Application-24-Service,4500
1720,Application-19,M_Req,missing_destination,44,Application-19-Service,EndDevice-19,Application-19-Service,4500
1728,Application-17,M_Req,missing_destination,42,Application-17-Service,EndDevice-17,Application-17-Service,4500
1735,Application-42,M_Req,missing_destination,67,Application-42-Service,EndDevice-42,Application-42-Service,4500
1742,Application-18,M_Req,missing_destination,43,Application-18-Service,EndDevice-18,Application-18-Service,4500
1762,Application-24,M_Req,missing_destination,49,Application-24-Service,EndDevice-24,Application-24-Service,4600
1764,Application-19,M_Req,missing_destination,44,Application-19-Service,EndDevice-19,Application-19-Service,4600
1774,Application-1,M_Req,missing_destination,26,Application-1-Service,EndDevice-1,Application-1-Service,4700
1776,Application-3,M_Req,missing_destination,28,Application-3-Service,EndDevice-3,Application-3-Service,4700
1800,Application-4,M_Req,missing_destination,29,Application-4-Service,EndDevice-4,Application-4-Service,4700
1810,Application-24,M_Req,missing_destination,49,Application-24-Service,EndDevice-24,Application-24-Service,4700
1812,Application-19,M_Req,missing_destination,44,Application-19-Service,EndDevice-19,Application-19-Service,4700
1816,Application-21,M_Req,missing_destination,46,Application-21-Service,EndDevice-21,Application-21-Service,4700
1821,Application-2,M_Req,missing_destination,27,Application-2-Service,EndDevice-2,Application-2-Service,4700
1822,Application-1,M_Req,missing_destination,26,Application-1-Service,EndDevice-1,Application-1-Service,4800
1823,Application-3,M_Req,missing_destination,28,Application-3-Service,EndDevice-3,Application-3-Service,4800
1870,Application-1,M_Req,missing_destination,26,Application-1-Service,EndDevice-1,Application-1-Service,4900
1871,Application-3,M_Req,missing_destination,28,Application-3-Service,EndDevice-3,Application-3-Service,4900
1898,Application-28,M_Req,missing_destination,53,Application-28-Service,EndDevice-28,Application-28-Service,5000
1904,Application-27,M_Req,missing_destination,52,Application-27-Service,EndDevice-27,Application-27-Service,5000
1914,Application-3,M_Req,missing_destination,28,Application-3-Service,EndDevice-3,Application-3-Service,5000
1920,Application-26,M_Req,missing_destination,51,Application-26-Service,EndDevice-26,Application-26-Service,5000
1926,Application-25,M_Req,missing_destination,50,Application-25-Service,EndDevice-25,Application-25-Service,5100
1946,Application-28,M_Req,missing_destination,53,Application-28-Service,EndDevice-28,Application-28-Service,5100
1952,Application-27,M_Req,missing_destination,52,Application-27-Service,EndDevice-27,Application-27-Service,5100
1962,Application-3,M_Req,missing_destination,28,Application-3-Service,EndDevice-3,Application-3-Service,5100
1968,Application-26,M_Req,missing_destination,51,Application-26-Service,EndDevice-26,Application-26-Service,5100
2009,Application-44,M_Req,missing_destination,69,Application-44-Service,EndDevice-44,Application-44-Service,5300
2024,Application-41,M_Req,missing_destination,66,Application-41-Service,EndDevice-41,Application-41-Service,5300
2031,Application-43,M_Req,missing_destination,68,Application-43-Service,EndDevice-43,Application-43-Service,5300
2045,Application-2,M_Req,missing_destination,27,Application-2-Service,EndDevice-2,Application-2-Service,5300
2048,Application-42,M_Req,missing_destination,67,Application-42-Service,EndDevice-42,Application-42-Service,5300
2057,Application-44,M_Req,missing_destination,69,Application-44-Service,EndDevice-44,Application-44-Service,5400
2071,Application-41,M_Req,missing_destination,66,Application-41-Service,EndDevice-41,Application-41-Service,5400
2077,Application-43,M_Req,missing_destination,68,Application-43-Service,EndDevice-43,Application-43-Service,5400
2142,Application-33,M_Req,missing_destination,58,Application-33-Service,EndDevice-33,Application-33-Service,5600
2147,Application-35,M_Req,missing_destination,60,Application-35-Service,EndDevice-35,Application-35-Service,5600
2150,Application-36,M_Req,missing_destination,61,Application-36-Service,EndDevice-36,Application-36-Service,5600
2190,Application-33,M_Req,missing_destination,58,Application-33-Service,EndDevice-33,Application-33-Service,5700
2195,Application-35,M_Req,missing_destination,60,Application-35-Service,EndDevice-35,Application-35-Service,5700
2198,Application-36,M_Req,missing_destination,61,Application-36-Service,EndDevice-36,Application-36-Service,5700
2231,Application-33,M_Req,missing_destination,58,Application-33-Service,EndDevice-33,Application-33-Service,5800
2279,Application-33,M_Req,missing_destination,58,Application-33-Service,EndDevice-33,Application-33-Service,5900
2361,Application-8,M_Req,missing_destination,33,Application-8-Service,EndDevice-8,Application-8-Service,6200
2375,Application-5,M_Req,missing_destination,30,Application-5-Service,EndDevice-5,Application-5-Service,6200
2381,Application-7,M_Req,missing_destination,32,Application-7-Service,EndDevice-7,Application-7-Service,6200
2409,Application-8,M_Req,missing_destination,33,Application-8-Service,EndDevice-8,Application-8-Service,6300
2423,Application-5,M_Req,missing_destination,30,Application-5-Service,EndDevice-5,Application-5-Service,6300
2429,Application-7,M_Req,missing_destination,32,Application-7-Service,EndDevice-7,Application-7-Service,6300
2469,Application-12,M_Req,missing_destination,37,Application-12-Service,EndDevice-12,Application-12-Service,6500
2476,Application-10,M_Req,missing_destination,35,Application-10-Service,EndDevice-10,Application-10-Service,6500
2477,Application-2,M_Req,missing_destination,27,Application-2-Service,EndDevice-2,Application-2-Service,6500
2493,Application-6,M_Req,missing_destination,31,Application-6-Service,EndDevice-6,Application-6-Service,6500
2498,Application-11,M_Req,missing_destination,36,Application-11-Service,EndDevice-11,Application-11-Service,6500
2500,Application-9,M_Req,missing_destination,34,Application-9-Service,EndDevice-9,Application-9-Service,6500
2522,Application-10,M_Req,missing_destination,35,Application-10-Service,EndDevice-10,Application-10-Service,6600
2523,Application-2,M_Req,missing_destination,27,Application-2-Service,EndDevice-2,Application-2-Service,6600
2537,Application-6,M_Req,missing_destination,31,Application-6-Service,EndDevice-6,Application-6-Service,6600
2540,Application-11,M_Req,missing_destination,36,Application-11-Service,EndDevice-11,Application-11-Service,6600
2600,Application-33,M_Req,missing_destination,58,Application-33-Service,EndDevice-33,Application-33-Service,6800
2612,Application-34,M_Req,missing_destination,59,Application-34-Service,EndDevice-34,Application-34-Service,6800
2617,Application-36,M_Req,missing_destination,61,Application-36-Service,EndDevice-36,Application-36-Service,6800
2648,Application-33,M_Req,missing_destination,58,Application-33-Service,EndDevice-33,Application-33-Service,6900
2660,Application-34,M_Req,missing_destination,59,Application-34-Service,EndDevice-34,Application-34-Service,6900
2665,Application-36,M_Req,missing_destination,61,Application-36-Service,EndDevice-36,Application-36-Service,6900
2690,Application-33,M_Req,missing_destination,58,Application-33-Service,EndDevice-33,Application-33-Service,7000
2738,Application-33,M_Req,missing_destination,58,Application-33-Service,EndDevice-33,Application-33-Service,7100
2827,Application-26,M_Req,missing_destination,51,Application-26-Service,EndDevice-26,Application-26-Service,7400
2841,Application-27,M_Req,missing_destination,52,Application-27-Service,EndDevice-27,Application-27-Service,7400
2842,Application-28,M_Req,missing_destination,53,Application-28-Service,EndDevice-28,Application-28-Service,7400
2875,Application-26,M_Req,missing_destination,51,Application-26-Service,EndDevice-26,Application-26-Service,7500
2889,Application-27,M_Req,missing_destination,52,Application-27-Service,EndDevice-27,Application-27-Service,7500
2890,Application-28,M_Req,missing_destination,53,Application-28-Service,EndDevice-28,Application-28-Service,7500
2918,Application-26,M_Req,missing_destination,51,Application-26-Service,EndDevice-26,Application-26-Service,7600
2927,Application-47,M_Req,missing_destination,72,Application-47-Service,EndDevice-47,Application-47-Service,7700
2944,Application-45,M_Req,missing_destination,70,Application-45-Service,EndDevice-45,Application-45-Service,7700
2953,Application-46,M_Req,missing_destination,71,Application-46-Service,EndDevice-46,Application-46-Service,7700
2955,Application-48,M_Req,missing_destination,73,Application-48-Service,EndDevice-48,Application-48-Service,7700
2966,Application-26,M_Req,missing_destination,51,Application-26-Service,EndDevice-26,Application-26-Service,7700
2974,Application-47,M_Req,missing_destination,72,Application-47-Service,EndDevice-47,Application-47-Service,7800
2989,Application-45,M_Req,missing_destination,70,Application-45-Service,EndDevice-45,Application-45-Service,7800
2995,Application-46,M_Req,missing_destination,71,Application-46-Service,EndDevice-46,Application-46-Service,7800
2997,Application-48,M_Req,missing_destination,73,Application-48-Service,EndDevice-48,Application-48-Service,7800
3049,Application-9,M_Req,missing_destination,34,Application-9-Service,EndDevice-9,Application-9-Service,8000
3054,Application-26,M_Req,missing_destination,51,Application-26-Service,EndDevice-26,Application-26-Service,8000
3063,Application-12,M_Req,missing_destination,37,Application-12-Service,EndDevice-12,Application-12-Service,8000
3072,Application-10,M_Req,missing_destination,35,Application-10-Service,EndDevice-10,Application-10-Service,8000
3082,Application-11,M_Req,missing_destination,36,Application-11-Service,EndDevice-11,Application-11-Service,8100
3097,Application-9,M_Req,missing_destination,34,Application-9-Service,EndDevice-9,Application-9-Service,8100
3102,Application-26,M_Req,missing_destination,51,Application-26-Service,EndDevice-26,Application-26-Service,8100
3111,Application-12,M_Req,missing_destination,37,Application-12-Service,EndDevice-12,Application-12-Service,8100
3120,Application-10,M_Req,missing_destination,35,Application-10-Service,EndDevice-10,Application-10-Service,8100
3129,Application-11,M_Req,missing_destination,36,Application-11-Service,EndDevice-11,Application-11-Service,8200
3141,Application-9,M_Req,missing_destination,34,Application-9-Service,EndDevice-9,Application-9-Service,8200
3145,Application-26,M_Req,missing_destination,51,Application-26-Service,EndDevice-26,Application-26-Service,8200
3153,Application-12,M_Req,missing_destination,37,Application-12-Service,EndDevice-12,Application-12-Service,8200
3157,Application-47,M_Req,missing_destination,72,Application-47-Service,EndDevice-47,Application-47-Service,8300
3159,Application-10,M_Req,missing_destination,35,Application-10-Service,EndDevice-10,Application-10-Service,8300
3176,Application-45,M_Req,missing_destination,70,Application-45-Service,EndDevice-45,Application-45-Service,8300
3177,Application-11,M_Req,missing_destination,36,Application-11-Service,EndDevice-11,Application-11-Service,8300
3185,Application-46,M_Req,missing_destination,71,Application-46-Service,EndDevice-46,Application-46-Service,8300
3188,Application-48,M_Req,missing_destination,73,Application-48-Service,EndDevice-48,Application-48-Service,8300
3189,Application-9,M_Req,missing_destination,34,Application-9-Service,EndDevice-9,Application-9-Service,8300
3193,Application-26,M_Req,missing_destination,51,Application-26-Service,EndDevice-26,Application-26-Service,8300
3201,Application-12,M_Req,missing_destination,37,Application-12-Service,EndDevice-12,Application-12-Service,8300
3205,Application-47,M_Req,missing_destination,72,Application-47-Service,EndDevice-47,Application-47-Service,8400
3207,Application-10,M_Req,missing_destination,35,Application-10-Service,EndDevice-10,Application-10-Service,8400
3220,Application-45,M_Req,missing_destination,70,Application-45-Service,EndDevice-45,Application-45-Service,8400
3221,Application-11,M_Req,missing_destination,36,Application-11-Service,EndDevice-11,Application-11-Service,8400
3227,Application-46,M_Req,missing_destination,71,Application-46-Service,EndDevice-46,Application-46-Service,8400
3230,Application-48,M_Req,missing_destination,73,Application-48-Service,EndDevice-48,Application-48-Service,8400
3253,Application-47,M_Req,missing_destination,72,Application-47-Service,EndDevice-47,Application-47-Service,8500
3255,Application-10,M_Req,missing_destination,35,Application-10-Service,EndDevice-10,Application-10-Service,8500
3268,Application-45,M_Req,missing_destination,70,Application-45-Service,EndDevice-45,Application-45-Service,8500
3275,Application-46,M_Req,missing_destination,71,Application-46-Service,EndDevice-46,Application-46-Service,8500
3278,Application-48,M_Req,missing_destination,73,Application-48-Service,EndDevice-48,Application-48-Service,8500
3289,Application-1,M_Req,missing_destination,26,Application-1-Service,EndDevice-1,Application-1-Service,8600
3299,Application-47,M_Req,missing_destination,72,Application-47-Service,EndDevice-47,Application-47-Service,8600
3301,Application-10,M_Req,missing_destination,35,Application-10-Service,EndDevice-10,Application-10-Service,8600
3304,Application-4,M_Req,missing_destination,29,Application-4-Service,EndDevice-4,Application-4-Service,8600
3310,Application-3,M_Req,missing_destination,28,Application-3-Service,EndDevice-3,Application-3-Service,8600
3315,Application-2,M_Req,missing_destination,27,Application-2-Service,EndDevice-2,Application-2-Service,8700
3337,Application-1,M_Req,missing_destination,26,Application-1-Service,EndDevice-1,Application-1-Service,8700
3347,Application-47,M_Req,missing_destination,72,Application-47-Service,EndDevice-47,Application-47-Service,8700
3349,Application-10,M_Req,missing_destination,35,Application-10-Service,EndDevice-10,Application-10-Service,8700
3352,Application-4,M_Req,missing_destination,29,Application-4-Service,EndDevice-4,Application-4-Service,8700
3358,Application-3,M_Req,missing_destination,28,Application-3-Service,EndDevice-3,Application-3-Service,8700
3388,Application-13,M_Req,missing_destination,38,Application-13-Service,EndDevice-13,Application-13-Service,8900
3401,Application-15,M_Req,missing_destination,40,Application-15-Service,EndDevice-15,Application-15-Service,8900
3405,Application-14,M_Req,missing_destination,39,Application-14-Service,EndDevice-14,Application-14-Service,8900
3429,Application-16,M_Req,missing_destination,41,Application-16-Service,EndDevice-16,Application-16-Service,8900
3436,Application-13,M_Req,missing_destination,38,Application-13-Service,EndDevice-13,Application-13-Service,9000
3450,Application-14,M_Req,missing_destination,39,Application-14-Service,EndDevice-14,Application-14-Service,9000
3511,Application-29,M_Req,missing_destination,54,Application-29-Service,EndDevice-29,Application-29-Service,9200
3517,Application-30,M_Req,missing_destination,55,Application-30-Service,EndDevice-30,Application-30-Service,9200
3521,Application-32,M_Req,missing_destination,57,Application-32-Service,EndDevice-32,Application-32-Service,9200
3559,Application-29,M_Req,missing_destination,54,Application-29-Service,EndDevice-29,Application-29-Service,9300
3565,Application-30,M_Req,missing_destination,55,Application-30-Service,EndDevice-30,Application-30-Service,9300
3569,Application-32,M_Req,missing_destination,57,Application-32-Service,EndDevice-32,Application-32-Service,9300
3609,Application-30,M_Req,missing_destination,55,Application-30-Service,EndDevice-30,Application-30-Service,9400
3612,Application-32,M_Req,missing_destination,57,Application-32-Service,EndDevice-32,Application-32-Service,9400
3627,Application-46,M_Req,missing_destination,71,Application-46-Service,EndDevice-46,Application-46-Service,9500
3628,Application-47,M_Req,missing_destination,72,Application-47-Service,EndDevice-47,Application-47-Service,9500
3657,Application-30,M_Req,missing_destination,55,Application-30-Service,EndDevice-30,Application-30-Service,9500
3660,Application-32,M_Req,missing_destination,57,Application-32-Service,EndDevice-32,Application-32-Service,9500
3673,Application-46,M_Req,missing_destination,71,Application-46-Service,EndDevice-46,Application-46-Service,9600
3674,Application-47,M_Req,missing_destination,72,Application-47-Service,EndDevice-47,Application-47-Service,9600
3721,Application-46,M_Req,missing_destination,71,Application-46-Service,EndDevice-46,Application-46-Service,9700
3722,Application-47,M_Req,missing_destination,72,Application-47-Service,EndDevice-47,Application-47-Service,9700
3749,Application-44,M_Req,missing_destination,69,Application-44-Service,EndDevice-44,Application-44-Service,9800
3752,Application-43,M_Req,missing_destination,68,Application-43-Service,EndDevice-43,Application-43-Service,9800
3757,Application-41,M_Req,missing_destination,66,Application-41-Service,EndDevice-41,Application-41-Service,9800
3767,Application-46,M_Req,missing_destination,71,Application-46-Service,EndDevice-46,Application-46-Service,9800
3768,Application-47,M_Req,missing_destination,72,Application-47-Service,EndDevice-47,Application-47-Service,9800
3775,Application-42,M_Req,missing_destination,67,Application-42-Service,EndDevice-42,Application-42-Service,9900
3797,Application-44,M_Req,missing_destination,69,Application-44-Service,EndDevice-44,Application-44-Service,9900
3800,Application-43,M_Req,missing_destination,68,Application-43-Service,EndDevice-43,Application-43-Service,9900
3805,Application-41,M_Req,missing_destination,66,Application-41-Service,EndDevice-41,Application-41-Service,9900
3815,Application-46,M_Req,missing_destination,71,Application-46-Service,EndDevice-46,Application-46-Service,9900
3816,Application-47,M_Req,missing_destination,72,Application-47-Service,EndDevice-47,Application-47-Service,9900
3858,Application-9,M_Req,missing_destination,34,Application-9-Service,EndDevice-9,Application-9-Service,10100
3862,Application-10,M_Req,missing_destination,35,Application-10-Service,EndDevice-10,Application-10-Service,10100
3888,Application-11,M_Req,missing_destination,36,Application-11-Service,EndDevice-11,Application-11-Service,10100
3892,Application-48,M_Req,missing_destination,73,Application-48-Service,EndDevice-48,Application-48-Service,10100
3893,Application-12,M_Req,missing_destination,37,Application-12-Service,EndDevice-12,Application-12-Service,10100
3908,Application-10,M_Req,missing_destination,35,Application-10-Service,EndDevice-10,Application-10-Service,10200
3973,Application-32,M_Req,missing_destination,57,Application-32-Service,EndDevice-32,Application-32-Service,10400
4021,Application-32,M_Req,missing_destination,57,Application-32-Service,EndDevice-32,Application-32-Service,10500
4065,Application-32,M_Req,missing_destination,57,Application-32-Service,EndDevice-32,Application-32-Service,10600
4078,Application-6,M_Req,missing_destination,31,Application-6-Service,EndDevice-6,Application-6-Service,10700
4088,Application-5,M_Req,missing_destination,30,Application-5-Service,EndDevice-5,Application-5-Service,10700
4103,Application-7,M_Req,missing_destination,32,Application-7-Service,EndDevice-7,Application-7-Service,10700
4107,Application-31,M_Req,missing_destination,56,Application-31-Service,EndDevice-31,Application-31-Service,10700
4112,Application-8,M_Req,missing_destination,33,Application-8-Service,EndDevice-8,Application-8-Service,10700
4113,Application-32,M_Req,missing_destination,57,Application-32-Service,EndDevice-32,Application-32-Service,10700
4126,Application-6,M_Req,missing_destination,31,Application-6-Service,EndDevice-6,Application-6-Service,10800
4136,Application-5,M_Req,missing_destination,30,Application-5-Service,EndDevice-5,Application-5-Service,10800
4147,Application-7,M_Req,missing_destination,32,Application-7-Service,EndDevice-7,Application-7-Service,10800
4150,Application-31,M_Req,missing_destination,56,Application-31-Service,EndDevice-31,Application-31-Service,10800
4174,Application-6,M_Req,missing_destination,31,Application-6-Service,EndDevice-6,Application-6-Service,10900
4184,Application-5,M_Req,missing_destination,30,Application-5-Service,EndDevice-5,Application-5-Service,10900
4195,Application-7,M_Req,missing_destination,32,Application-7-Service,EndDevice-7,Application-7-Service,10900
4198,Application-31,M_Req,missing_destination,56,Application-31-Service,EndDevice-31,Application-31-Service,10900
4202,Application-32,M_Req,missing_destination,57,Application-32-Service,EndDevice-32,Application-32-Service,11000
4216,Application-6,M_Req,missing_destination,31,Application-6-Service,EndDevice-6,Application-6-Service,11000
4219,Application-14,M_Req,missing_destination,39,Application-14-Service,EndDevice-14,Application-14-Service,11000
4222,Application-13,M_Req,missing_destination,38,Application-13-Service,EndDevice-13,Application-13-Service,11000
4225,Application-5,M_Req,missing_destination,30,Application-5-Service,EndDevice-5,Application-5-Service,11000
4229,Application-16,M_Req,missing_destination,41,Application-16-Service,EndDevice-16,Application-16-Service,11000
4233,Application-15,M_Req,missing_destination,40,Application-15-Service,EndDevice-15,Application-15-Service,11100
4250,Application-32,M_Req,missing_destination,57,Application-32-Service,EndDevice-32,Application-32-Service,11100
4264,Application-6,M_Req,missing_destination,31,Application-6-Service,EndDevice-6,Application-6-Service,11100
4267,Application-14,M_Req,missing_destination,39,Application-14-Service,EndDevice-14,Application-14-Service,11100
4270,Application-13,M_Req,missing_destination,38,Application-13-Service,EndDevice-13,Application-13-Service,11100
4273,Application-5,M_Req,missing_destination,30,Application-5-Service,EndDevice-5,Application-5-Service,11100
4277,Application-16,M_Req,missing_destination,41,Application-16-Service,EndDevice-16,Application-16-Service,11100
4306,Application-6,M_Req,missing_destination,31,Application-6-Service,EndDevice-6,Application-6-Service,11300
4308,Application-25,M_Req,missing_destination,50,Application-25-Service,EndDevice-25,Application-25-Service,11300
4313,Application-26,M_Req,missing_destination,51,Application-26-Service,EndDevice-26,Application-26-Service,11300
4336,Application-27,M_Req,missing_destination,52,Application-27-Service,EndDevice-27,Application-27-Service,11300
4340,Application-28,M_Req,missing_destination,53,Application-28-Service,EndDevice-28,Application-28-Service,11300
4355,Application-25,M_Req,missing_destination,50,Application-25-Service,EndDevice-25,Application-25-Service,11400
4379,Application-27,M_Req,missing_destination,52,Application-27-Service,EndDevice-27,Application-27-Service,11400
4403,Application-25,M_Req,missing_destination,50,Application-25-Service,EndDevice-25,Application-25-Service,11500
4427,Application-27,M_Req,missing_destination,52,Application-27-Service,EndDevice-27,Application-27-Service,11500
4441,Application-28,M_Req,missing_destination,53,Application-28-Service,EndDevice-28,Application-28-Service,11600
4446,Application-8,M_Req,missing_destination,33,Application-8-Service,EndDevice-8,Application-8-Service,11600
4449,Application-25,M_Req,missing_destination,50,Application-25-Service,EndDevice-25,Application-25-Service,11600
4489,Application-28,M_Req,missing_destination,53,Application-28-Service,EndDevice-28,Application-28-Service,11700
4494,Application-8,M_Req,missing_destination,33,Application-8-Service,EndDevice-8,Application-8-Service,11700
4497,Application-25,M_Req,missing_destination,50,Application-25-Service,EndDevice-25,Application-25-Service,11700
4541,Application-13,M_Req,missing_destination,38,Application-13-Service,EndDevice-13,Application-13-Service,11900
4569,Application-18,M_Req,missing_destination,43,Application-18-Service,EndDevice-18,Application-18-Service,11900
4570,Application-20,M_Req,missing_destination,45,Application-20-Service,EndDevice-20,Application-20-Service,11900
4572,Application-19,M_Req,missing_destination,44,Application-19-Service,EndDevice-19,Application-19-Service,11900
4585,Application-17,M_Req,missing_destination,42,Application-17-Service,EndDevice-17,Application-17-Service,11900
4613,Application-20,M_Req,missing_destination,45,Application-20-Service,EndDevice-20,Application-20-Service,12000
4661,Application-20,M_Req,missing_destination,45,Application-20-Service,EndDevice-20,Application-20-Service,12100
4664,Application-22,M_Req,missing_destination,47,Application-22-Service,EndDevice-22,Application-22-Service,12200
4671,Application-24,M_Req,missing_destination,49,Application-24-Service,EndDevice-24,Application-24-Service,12200
4674,Application-21,M_Req,missing_destination,46,Application-21-Service,EndDevice-21,Application-21-Service,12200
4690,Application-23,M_Req,missing_destination,48,Application-23-Service,EndDevice-23,Application-23-Service,12200
4712,Application-22,M_Req,missing_destination,47,Application-22-Service,EndDevice-22,Application-22-Service,12300
4719,Application-24,M_Req,missing_destination,49,Application-24-Service,EndDevice-24,Application-24-Service,12300
4722,Application-21,M_Req,missing_destination,46,Application-21-Service,EndDevice-21,Application-21-Service,12300
4738,Application-23,M_Req,missing_destination,48,Application-23-Service,EndDevice-23,Application-23-Service,12300
4785,Application-25,M_Req,missing_destination,50,Application-25-Service,EndDevice-25,Application-25-Service,12500
4788,Application-28,M_Req,missing_destination,53,Application-28-Service,EndDevice-28,Application-28-Service,12500
4792,Application-27,M_Req,missing_destination,52,Application-27-Service,EndDevice-27,Application-27-Service,12500
4793,Application-26,M_Req,missing_destination,51,Application-26-Service,EndDevice-26,Application-26-Service,12500
4829,Application-25,M_Req,missing_destination,50,Application-25-Service,EndDevice-25,Application-25-Service,12600
4832,Application-28,M_Req,missing_destination,53,Application-28-Service,EndDevice-28,Application-28-Service,12600
4835,Application-27,M_Req,missing_destination,52,Application-27-Service,EndDevice-27,Application-27-Service,12600
4836,Application-26,M_Req,missing_destination,51,Application-26-Service,EndDevice-26,Application-26-Service,12600
4877,Application-25,M_Req,missing_destination,50,Application-25-Service,EndDevice-25,Application-25-Service,12700
4880,Application-28,M_Req,missing_destination,53,Application-28-Service,EndDevice-28,Application-28-Service,12700
4883,Application-27,M_Req,missing_destination,52,Application-27-Service,EndDevice-27,Application-27-Service,12700
4884,Application-26,M_Req,missing_destination,51,Application-26-Service,EndDevice-26,Application-26-Service,12700
4906,Application-30,M_Req,missing_destination,55,Application-30-Service,EndDevice-30,Application-30-Service,12800
4920,Application-25,M_Req,missing_destination,50,Application-25-Service,EndDevice-25,Application-25-Service,12800
4922,Application-28,M_Req,missing_destination,53,Application-28-Service,EndDevice-28,Application-28-Service,12800
4925,Application-26,M_Req,missing_destination,51,Application-26-Service,EndDevice-26,Application-26-Service,12900
4929,Application-32,M_Req,missing_destination,57,Application-32-Service,EndDevice-32,Application-32-Service,12900
4954,Application-30,M_Req,missing_destination,55,Application-30-Service,EndDevice-30,Application-30-Service,12900
4968,Application-25,M_Req,missing_destination,50,Application-25-Service,EndDevice-25,Application-25-Service,12900
4970,Application-28,M_Req,missing_destination,53,Application-28-Service,EndDevice-28,Application-28-Service,12900
5008,Application-1,M_Req,missing_destination,26,Application-1-Service,EndDevice-1,Application-1-Service,13100
5035,Application-4,M_Req,missing_destination,29,Application-4-Service,EndDevice-4,Application-4-Service,13100
5036,Application-2,M_Req,missing_destination,27,Application-2-Service,EndDevice-2,Application-2-Service,13100
5040,Application-3,M_Req,missing_destination,28,Application-3-Service,EndDevice-3,Application-3-Service,13100
5127,Application-24,M_Req,missing_destination,49,Application-24-Service,EndDevice-24,Application-24-Service,13400
5152,Application-21,M_Req,missing_destination,46,Application-21-Service,EndDevice-21,Application-21-Service,13400
5160,Application-23,M_Req,missing_destination,48,Application-23-Service,EndDevice-23,Application-23-Service,13500
5175,Application-24,M_Req,missing_destination,49,Application-24-Service,EndDevice-24,Application-24-Service,13500
5200,Application-21,M_Req,missing_destination,46,Application-21-Service,EndDevice-21,Application-21-Service,13500
5218,Application-24,M_Req,missing_destination,49,Application-24-Service,EndDevice-24,Application-24-Service,13600
5244,Application-30,M_Req,missing_destination,55,Application-30-Service,EndDevice-30,Application-30-Service,13700
5257,Application-29,M_Req,missing_destination,54,Application-29-Service,EndDevice-29,Application-29-Service,13700
5260,Application-31,M_Req,missing_destination,56,Application-31-Service,EndDevice-31,Application-31-Service,13700
5266,Application-24,M_Req,missing_destination,49,Application-24-Service,EndDevice-24,Application-24-Service,13700
5273,Application-32,M_Req,missing_destination,57,Application-32-Service,EndDevice-32,Application-32-Service,13700
5288,Application-30,M_Req,missing_destination,55,Application-30-Service,EndDevice-30,Application-30-Service,13800
5299,Application-29,M_Req,missing_destination,54,Application-29-Service,EndDevice-29,Application-29-Service,13800
5302,Application-31,M_Req,missing_destination,56,Application-31-Service,EndDevice-31,Application-31-Service,13800
5336,Application-30,M_Req,missing_destination,55,Application-30-Service,EndDevice-30,Application-30-Service,13900
5347,Application-29,M_Req,missing_destination,54,Application-29-Service,EndDevice-29,Application-29-Service,13900
5350,Application-31,M_Req,missing_destination,56,Application-31-Service,EndDevice-31,Application-31-Service,13900
5362,Application-9,M_Req,missing_destination,34,Application-9-Service,EndDevice-9,Application-9-Service,14000
5377,Application-30,M_Req,missing_destination,55,Application-30-Service,EndDevice-30,Application-30-Service,14000
5379,Application-11,M_Req,missing_destination,36,Application-11-Service,EndDevice-11,Application-11-Service,14000
5391,Application-12,M_Req,missing_destination,37,Application-12-Service,EndDevice-12,Application-12-Service,14100
5392,Application-10,M_Req,missing_destination,35,Application-10-Service,EndDevice-10,Application-10-Service,14100
5410,Application-9,M_Req,missing_destination,34,Application-9-Service,EndDevice-9,Application-9-Service,14100
5425,Application-30,M_Req,missing_destination,55,Application-30-Service,EndDevice-30,Application-30-Service,14100
5427,Application-11,M_Req,missing_destination,36,Application-11-Service,EndDevice-11,Application-11-Service,14100
5467,Application-23,M_Req,missing_destination,48,Application-23-Service,EndDevice-23,Application-23-Service,14300
5471,Application-21,M_Req,missing_destination,46,Application-21-Service,EndDevice-21,Application-21-Service,14300
5483,Application-29,M_Req,missing_destination,54,Application-29-Service,EndDevice-29,Application-29-Service,14300
5486,Application-22,M_Req,missing_destination,47,Application-22-Service,EndDevice-22,Application-22-Service,14300
5512,Application-23,M_Req,missing_destination,48,Application-23-Service,EndDevice-23,Application-23-Service,14400
5516,Application-21,M_Req,missing_destination,46,Application-21-Service,EndDevice-21,Application-21-Service,14400
5524,Application-29,M_Req,missing_destination,54,Application-29-Service,EndDevice-29,Application-29-Service,14400
5527,Application-22,M_Req,missing_destination,47,Application-22-Service,EndDevice-22,Application-22-Service,14400
5560,Application-23,M_Req,missing_destination,48,Application-23-Service,EndDevice-23,Application-23-Service,14500
5564,Application-21,M_Req,missing_destination,46,Application-21-Service,EndDevice-21,Application-21-Service,14500
5572,Application-29,M_Req,missing_destination,54,Application-29-Service,EndDevice-29,Application-29-Service,14500
5575,Application-22,M_Req,missing_destination,47,Application-22-Service,EndDevice-22,Application-22-Service,14500
5584,Application-24,M_Req,missing_destination,49,Application-24-Service,EndDevice-24,Application-24-Service,14600
5588,Application-9,M_Req,missing_destination,34,Application-9-Service,EndDevice-9,Application-9-Service,14600
5606,Application-21,M_Req,missing_destination,46,Application-21-Service,EndDevice-21,Application-21-Service,14600
5618,Application-10,M_Req,missing_destination,35,Application-10-Service,EndDevice-10,Application-10-Service,14700
5632,Application-24,M_Req,missing_destination,49,Application-24-Service,EndDevice-24,Application-24-Service,14700
5636,Application-9,M_Req,missing_destination,34,Application-9-Service,EndDevice-9,Application-9-Service,14700
5654,Application-21,M_Req,missing_destination,46,Application-21-Service,EndDevice-21,Application-21-Service,14700
5695,Application-2,M_Req,missing_destination,27,Application-2-Service,EndDevice-2,Application-2-Service,14900
5702,Application-4,M_Req,missing_destination,29,Application-4-Service,EndDevice-4,Application-4-Service,14900
5703,Application-1,M_Req,missing_destination,26,Application-1-Service,EndDevice-1,Application-1-Service,14900
5715,Application-3,M_Req,missing_destination,28,Application-3-Service,EndDevice-3,Application-3-Service,14900
5742,Application-2,M_Req,missing_destination,27,Application-2-Service,EndDevice-2,Application-2-Service,15000
5749,Application-4,M_Req,missing_destination,29,Application-4-Service,EndDevice-4,Application-4-Service,15000
5750,Application-1,M_Req,missing_destination,26,Application-1-Service,EndDevice-1,Application-1-Service,15000
5759,Application-3,M_Req,missing_destination,28,Application-3-Service,EndDevice-3,Application-3-Service,15000
5790,Application-2,M_Req,missing_destination,27,Application-2-Service,EndDevice-2,Application-2-Service,15100
5797,Application-4,M_Req,missing_destination,29,Application-4-Service,EndDevice-4,Application-4-Service,15100
5798,Application-1,M_Req,missing_destination,26,Application-1-Service,EndDevice-1,Application-1-Service,15100
5807,Application-3,M_Req,missing_destination,28,Application-3-Service,EndDevice-3,Application-3-Service,15100
5818,Application-39,M_Req,missing_destination,64,Application-39-Service,EndDevice-39,Application-39-Service,15200
5820,Application-40,M_Req,missing_destination,65,Application-40-Service,EndDevice-40,Application-40-Service,15200
5827,Application-38,M_Req,missing_destination,63,Application-38-Service,EndDevice-38,Application-38-Service,15200
5836,Application-37,M_Req,missing_destination,62,Application-37-Service,EndDevice-37,Application-37-Service,15200
5839,Application-1,M_Req,missing_destination,26,Application-1-Service,EndDevice-1,Application-1-Service,15200
5866,Application-39,M_Req,missing_destination,64,Application-39-Service,EndDevice-39,Application-39-Service,15300
5868,Application-40,M_Req,missing_destination,65,Application-40-Service,EndDevice-40,Application-40-Service,15300
5875,Application-38,M_Req,missing_destination,63,Application-38-Service,EndDevice-38,Application-38-Service,15300
5884,Application-37,M_Req,missing_destination,62,Application-37-Service,EndDevice-37,Application-37-Service,15300
5887,Application-1,M_Req,missing_destination,26,Application-1-Service,EndDevice-1,Application-1-Service,15300
5909,Application-39,M_Req,missing_destination,64,Application-39-Service,EndDevice-39,Application-39-Service,15400
5910,Application-40,M_Req,missing_destination,65,Application-40-Service,EndDevice-40,Application-40-Service,15400
5919,Application-25,M_Req,missing_destination,50,Application-25-Service,EndDevice-25,Application-25-Service,15500
5947,Application-2,M_Req,missing_destination,27,Application-2-Service,EndDevice-2,Application-2-Service,15500
5957,Application-39,M_Req,missing_destination,64,Application-39-Service,EndDevice-39,Application-39-Service,15500
5958,Application-40,M_Req,missing_destination,65,Application-40-Service,EndDevice-40,Application-40-Service,15500
5959,Application-26,M_Req,missing_destination,51,Application-26-Service,EndDevice-26,Application-26-Service,15500
5962,Application-28,M_Req,missing_destination,53,Application-28-Service,EndDevice-28,Application-28-Service,15500
5963,Application-27,M_Req,missing_destination,52,Application-27-Service,EndDevice-27,Application-27-Service,15500
5967,Application-25,M_Req,missing_destination,50,Application-25-Service,EndDevice-25,Application-25-Service,15600
5989,Application-2,M_Req,missing_destination,27,Application-2-Service,EndDevice-2,Application-2-Service,15600
6044,Application-39,M_Req,missing_destination,64,Application-39-Service,EndDevice-39,Application-39-Service,15800
6064,Application-3,M_Req,missing_destination,28,Application-3-Service,EndDevice-3,Application-3-Service,15800
6076,Application-2,M_Req,missing_destination,27,Application-2-Service,EndDevice-2,Application-2-Service,15900
6078,Application-4,M_Req,missing_destination,29,Application-4-Service,EndDevice-4,Application-4-Service,15900
6092,Application-39,M_Req,missing_destination,64,Application-39-Service,EndDevice-39,Application-39-Service,15900
6112,Application-3,M_Req,missing_destination,28,Application-3-Service,EndDevice-3,Application-3-Service,15900
6150,Application-48,M_Req,missing_destination,73,Application-48-Service,EndDevice-48,Application-48-Service,16100
6151,Application-1,M_Req,missing_destination,26,Application-1-Service,EndDevice-1,Application-1-Service,16100
6153,Application-45,M_Req,missing_destination,70,Application-45-Service,EndDevice-45,Application-45-Service,16100
6170,Application-47,M_Req,missing_destination,72,Application-47-Service,EndDevice-47,Application-47-Service,16100
6191,Application-46,M_Req,missing_destination,71,Application-46-Service,EndDevice-46,Application-46-Service,16100
6198,Application-48,M_Req,missing_destination,73,Application-48-Service,EndDevice-48,Application-48-Service,16200
6199,Application-1,M_Req,missing_destination,26,Application-1-Service,EndDevice-1,Application-1-Service,16200
6214,Application-47,M_Req,missing_destination,72,Application-47-Service,EndDevice-47,Application-47-Service,16200
6246,Application-48,M_Req,missing_destination,73,Application-48-Service,EndDevice-48,Application-48-Service,16300
6247,Application-1,M_Req,missing_destination,26,Application-1-Service,EndDevice-1,Application-1-Service,16300
6262,Application-47,M_Req,missing_destination,72,Application-47-Service,EndDevice-47,Application-47-Service,16300
6273,Application-9,M_Req,missing_destination,34,Application-9-Service,EndDevice-9,Application-9-Service,16400
6277,Application-11,M_Req,missing_destination,36,Application-11-Service,EndDevice-11,Application-11-Service,16400
6288,Application-12,M_Req,missing_destination,37,Application-12-Service,EndDevice-12,Application-12-Service,16400
6291,Application-48,M_Req,missing_destination,73,Application-48-Service,EndDevice-48,Application-48-Service,16400
6297,Application-10,M_Req,missing_destination,35,Application-10-Service,EndDevice-10,Application-10-Service,16500
6301,Application-47,M_Req,missing_destination,72,Application-47-Service,EndDevice-47,Application-47-Service,16500
6321,Application-9,M_Req,missing_destination,34,Application-9-Service,EndDevice-9,Application-9-Service,16500
6325,Application-11,M_Req,missing_destination,36,Application-11-Service,EndDevice-11,Application-11-Service,16500
6336,Application-12,M_Req,missing_destination,37,Application-12-Service,EndDevice-12,Application-12-Service,16500
6339,Application-48,M_Req,missing_destination,73,Application-48-Service,EndDevice-48,Application-48-Service,16500
6378,Application-19,M_Req,missing_destination,44,Application-19-Service,EndDevice-19,Application-19-Service,16700
6395,Application-17,M_Req,missing_destination,42,Application-17-Service,EndDevice-17,Application-17-Service,16700
6415,Application-18,M_Req,missing_destination,43,Application-18-Service,EndDevice-18,Application-18-Service,16700
6424,Application-20,M_Req,missing_destination,45,Application-20-Service,EndDevice-20,Application-20-Service,16700
6426,Application-19,M_Req,missing_destination,44,Application-19-Service,EndDevice-19,Application-19-Service,16800
6442,Application-17,M_Req,missing_destination,42,Application-17-Service,EndDevice-17,Application-17-Service,16800
6474,Application-19,M_Req,missing_destination,44,Application-19-Service,EndDevice-19,Application-19-Service,16900
6490,Application-17,M_Req,missing_destination,42,Application-17-Service,EndDevice-17,Application-17-Service,16900
6509,Application-23,M_Req,missing_destination,48,Application-23-Service,EndDevice-23,Application-23-Service,17000
6540,Application-22,M_Req,missing_destination,47,Application-22-Service,EndDevice-22,Application-22-Service,17100
6557,Application-23,M_Req,missing_destination,48,Application-23-Service,EndDevice-23,Application-23-Service,17100
6607,Application-48,M_Req,missing_destination,73,Application-48-Service,EndDevice-48,Application-48-Service,17300
6611,Application-46,M_Req,missing_destination,71,Application-46-Service,EndDevice-46,Application-46-Service,17300
6628,Application-47,M_Req,missing_destination,72,Application-47-Service,EndDevice-47,Application-47-Service,17300
6655,Application-48,M_Req,missing_destination,73,Application-48-Service,EndDevice-48,Application-48-Service,17400
6659,Application-46,M_Req,missing_destination,71,Application-46-Service,EndDevice-46,Application-46-Service,17400
6674,Application-47,M_Req,missing_destination,72,Application-47-Service,EndDevice-47,Application-47-Service,17400
6703,Application-48,M_Req,missing_destination,73,Application-48-Service,EndDevice-48,Application-48-Service,17500
6707,Application-46,M_Req,missing_destination,71,Application-46-Service,EndDevice-46,Application-46-Service,17500
6722,Application-47,M_Req,missing_destination,72,Application-47-Service,EndDevice-47,Application-47-Service,17500
6734,Application-20,M_Req,missing_destination,45,Application-20-Service,EndDevice-20,Application-20-Service,17600
6738,Application-28,M_Req,missing_destination,53,Application-28-Service,EndDevice-28,Application-28-Service,17600
6745,Application-27,M_Req,missing_destination,52,Application-27-Service,EndDevice-27,Application-27-Service,17600
6750,Application-46,M_Req,missing_destination,71,Application-46-Service,EndDevice-46,Application-46-Service,17600
6757,Application-25,M_Req,missing_destination,50,Application-25-Service,EndDevice-25,Application-25-Service,17600
6782,Application-20,M_Req,missing_destination,45,Application-20-Service,EndDevice-20,Application-20-Service,17700
6786,Application-28,M_Req,missing_destination,53,Application-28-Service,EndDevice-28,Application-28-Service,17700
6793,Application-27,M_Req,missing_destination,52,Application-27-Service,EndDevice-27,Application-27-Service,17700
6798,Application-46,M_Req,missing_destination,71,Application-46-Service,EndDevice-46,Application-46-Service,17700
6805,Application-25,M_Req,missing_destination,50,Application-25-Service,EndDevice-25,Application-25-Service,17700
6844,Application-25,M_Req,missing_destination,50,Application-25-Service,EndDevice-25,Application-25-Service,17900
6856,Application-7,M_Req,missing_destination,32,Application-7-Service,EndDevice-7,Application-7-Service,17900
6865,Application-8,M_Req,missing_destination,33,Application-8-Service,EndDevice-8,Application-8-Service,17900
6873,Application-5,M_Req,missing_destination,30,Application-5-Service,EndDevice-5,Application-5-Service,17900
6878,Application-6,M_Req,missing_destination,31,Application-6-Service,EndDevice-6,Application-6-Service,17900
6890,Application-25,M_Req,missing_destination,50,Application-25-Service,EndDevice-25,Application-25-Service,18000
6908,Application-8,M_Req,missing_destination,33,Application-8-Service,EndDevice-8,Application-8-Service,18000
6938,Application-25,M_Req,missing_destination,50,Application-25-Service,EndDevice-25,Application-25-Service,18100
6956,Application-8,M_Req,missing_destination,33,Application-8-Service,EndDevice-8,Application-8-Service,18100
6966,Application-29,M_Req,missing_destination,54,Application-29-Service,EndDevice-29,Application-29-Service,18200
6981,Application-25,M_Req,missing_destination,50,Application-25-Service,EndDevice-25,Application-25-Service,18200
6983,Application-31,M_Req,missing_destination,56,Application-31-Service,EndDevice-31,Application-31-Service,18200
7014,Application-29,M_Req,missing_destination,54,Application-29-Service,EndDevice-29,Application-29-Service,18300
7029,Application-25,M_Req,missing_destination,50,Application-25-Service,EndDevice-25,Application-25-Service,18300
7031,Application-31,M_Req,missing_destination,56,Application-31-Service,EndDevice-31,Application-31-Service,18300
7059,Application-29,M_Req,missing_destination,54,Application-29-Service,EndDevice-29,Application-29-Service,18400
7070,Application-17,M_Req,missing_destination,42,Application-17-Service,EndDevice-17,Application-17-Service,18500
7079,Application-18,M_Req,missing_destination,43,Application-18-Service,EndDevice-18,Application-18-Service,18500
7107,Application-29,M_Req,missing_destination,54,Application-29-Service,EndDevice-29,Application-29-Service,18500
7110,Application-19,M_Req,missing_destination,44,Application-19-Service,EndDevice-19,Application-19-Service,18500
7112,Application-20,M_Req,missing_destination,45,Application-20-Service,EndDevice-20,Application-20-Service,18500
7117,Application-17,M_Req,missing_destination,42,Application-17-Service,EndDevice-17,Application-17-Service,18600
7125,Application-18,M_Req,missing_destination,43,Application-18-Service,EndDevice-18,Application-18-Service,18600
7192,Application-5,M_Req,missing_destination,30,Application-5-Service,EndDevice-5,Application-5-Service,18800
7195,Application-6,M_Req,missing_destination,31,Application-6-Service,EndDevice-6,Application-6-Service,18800
7199,Application-7,M_Req,missing_destination,32,Application-7-Service,EndDevice-7,Application-7-Service,18800
7216,Application-8,M_Req,missing_destination,33,Application-8-Service,EndDevice-8,Application-8-Service,18800
7240,Application-5,M_Req,missing_destination,30,Application-5-Service,EndDevice-5,Application-5-Service,18900
7243,Application-6,M_Req,missing_destination,31,Application-6-Service,EndDevice-6,Application-6-Service,18900
7247,Application-7,M_Req,missing_destination,32,Application-7-Service,EndDevice-7,Application-7-Service,18900
7264,Application-8,M_Req,missing_destination,33,Application-8-Service,EndDevice-8,Application-8-Service,18900
7305,Application-6,M_Req,missing_destination,31,Application-6-Service,EndDevice-6,Application-6-Service,19100
7308,Application-32,M_Req,missing_destination,57,Application-32-Service,EndDevice-32,Application-32-Service,19100
7330,Application-5,M_Req,missing_destination,30,Application-5-Service,EndDevice-5,Application-5-Service,19100
7336,Application-7,M_Req,missing_destination,32,Application-7-Service,EndDevice-7,Application-7-Service,19100
7351,Application-6,M_Req,missing_destination,31,Application-6-Service,EndDevice-6,Application-6-Service,19200
7354,Application-32,M_Req,missing_destination,57,Application-32-Service,EndDevice-32,Application-32-Service,19200
7416,Application-11,M_Req,missing_destination,36,Application-11-Service,EndDevice-11,Application-11-Service,19400
7422,Application-7,M_Req,missing_destination,32,Application-7-Service,EndDevice-7,Application-7-Service,19400
7431,Application-10,M_Req,missing_destination,35,Application-10-Service,EndDevice-10,Application-10-Service,19400
7440,Application-12,M_Req,missing_destination,37,Application-12-Service,EndDevice-12,Application-12-Service,19400
7464,Application-11,M_Req,missing_destination,36,Application-11-Service,EndDevice-11,Application-11-Service,19500
7470,Application-7,M_Req,missing_destination,32,Application-7-Service,EndDevice-7,Application-7-Service,19500
7479,Application-10,M_Req,missing_destination,35,Application-10-Service,EndDevice-10,Application-10-Service,19500
7488,Application-12,M_Req,missing_destination,37,Application-12-Service,EndDevice-12,Application-12-Service,19500
7525,Application-4,M_Req,missing_destination,29,Application-4-Service,EndDevice-4,Application-4-Service,19700
7548,Application-3,M_Req,missing_destination,28,Application-3-Service,EndDevice-3,Application-3-Service,19700
7556,Application-2,M_Req,missing_destination,27,Application-2-Service,EndDevice-2,Application-2-Service,19700
7562,Application-1,M_Req,missing_destination,26,Application-1-Service,EndDevice-1,Application-1-Service,19700
7591,Application-3,M_Req,missing_destination,28,Application-3-Service,EndDevice-3,Application-3-Service,19800
7639,Application-3,M_Req,missing_destination,28,Application-3-Service,EndDevice-3,Application-3-Service,19900
7646,Application-45,M_Req,missing_destination,70,Application-45-Service,EndDevice-45,Application-45-Service,20000
7661,Application-2,M_Req,missing_destination,27,Application-2-Service,EndDevice-2,Application-2-Service,20000
7666,Application-48,M_Req,missing_destination,73,Application-48-Service,EndDevice-48,Application-48-Service,20000
7682,Application-46,M_Req,missing_destination,71,Application-46-Service,EndDevice-46,Application-46-Service,20100
7694,Application-45,M_Req,missing_destination,70,Application-45-Service,EndDevice-45,Application-45-Service,20100
7709,Application-2,M_Req,missing_destination,27,Application-2-Service,EndDevice-2,Application-2-Service,20100
7714,Application-48,M_Req,missing_destination,73,Application-48-Service,EndDevice-48,Application-48-Service,20100
7775,Application-37,M_Req,missing_destination,62,Application-37-Service,EndDevice-37,Application-37-Service,20300
7777,Application-39,M_Req,missing_destination,64,Application-39-Service,EndDevice-39,Application-39-Service,20300
7790,Application-38,M_Req,missing_destination,63,Application-38-Service,EndDevice-38,Application-38-Service,20300
7791,Application-40,M_Req,missing_destination,65,Application-40-Service,EndDevice-40,Application-40-Service,20300
7822,Application-39,M_Req,missing_destination,64,Application-39-Service,EndDevice-39,Application-39-Service,20400
7870,Application-39,M_Req,missing_destination,64,Application-39-Service,EndDevice-39,Application-39-Service,20500
7886,Application-19,M_Req,missing_destination,44,Application-19-Service,EndDevice-19,Application-19-Service,20600
7893,Application-17,M_Req,missing_destination,42,Application-17-Service,EndDevice-17,Application-17-Service,20600
7899,Application-20,M_Req,missing_destination,45,Application-20-Service,EndDevice-20,Application-20-Service,20600
7913,Application-18,M_Req,missing_destination,43,Application-18-Service,EndDevice-18,Application-18-Service,20700
7934,Application-19,M_Req,missing_destination,44,Application-19-Service,EndDevice-19,Application-19-Service,20700
7941,Application-17,M_Req,missing_destination,42,Application-17-Service,EndDevice-17,Application-17-Service,20700
7947,Application-20,M_Req,missing_destination,45,Application-20-Service,EndDevice-20,Application-20-Service,20700
7978,Application-19,M_Req,missing_destination,44,Application-19-Service,EndDevice-19,Application-19-Service,20800
7985,Application-12,M_Req,missing_destination,37,Application-12-Service,EndDevice-12,Application-12-Service,20900
7992,Application-10,M_Req,missing_destination,35,Application-10-Service,EndDevice-10,Application-10-Service,20900
8006,Application-39,M_Req,missing_destination,64,Application-39-Service,EndDevice-39,Application-39-Service,20900
8017,Application-11,M_Req,missing_destination,36,Application-11-Service,EndDevice-11,Application-11-Service,20900
8020,Application-38,M_Req,missing_destination,63,Application-38-Service,EndDevice-38,Application-38-Service,20900
8026,Application-19,M_Req,missing_destination,44,Application-19-Service,EndDevice-19,Application-19-Service,20900
8028,Application-40,M_Req,missing_destination,65,Application-40-Service,EndDevice-40,Application-40-Service,20900
8029,Application-3,M_Req,missing_destination,28,Application-3-Service,EndDevice-3,Application-3-Service,20900
8030,Application-9,M_Req,missing_destination,34,Application-9-Service,EndDevice-9,Application-9-Service,20900
8033,Application-12,M_Req,missing_destination,37,Application-12-Service,EndDevice-12,Application-12-Service,21000
8040,Application-10,M_Req,missing_destination,35,Application-10-Service,EndDevice-10,Application-10-Service,21000
8048,Application-39,M_Req,missing_destination,64,Application-39-Service,EndDevice-39,Application-39-Service,21000
8058,Application-11,M_Req,missing_destination,36,Application-11-Service,EndDevice-11,Application-11-Service,21000
8114,Application-3,M_Req,missing_destination,28,Application-3-Service,EndDevice-3,Application-3-Service,21200
8121,Application-2,M_Req,missing_destination,27,Application-2-Service,EndDevice-2,Application-2-Service,21200
8133,Application-4,M_Req,missing_destination,29,Application-4-Service,EndDevice-4,Application-4-Service,21200
8162,Application-3,M_Req,missing_destination,28,Application-3-Service,EndDevice-3,Application-3-Service,21300
8169,Application-2,M_Req,missing_destination,27,Application-2-Service,EndDevice-2,Application-2-Service,21300
8181,Application-4,M_Req,missing_destination,29,Application-4-Service,EndDevice-4,Application-4-Service,21300
8205,Application-3,M_Req,missing_destination,28,Application-3-Service,EndDevice-3,Application-3-Service,21400
8211,Application-2,M_Req,missing_destination,27,Application-2-Service,EndDevice-2,Application-2-Service,21400
8223,Application-18,M_Req,missing_destination,43,Application-18-Service,EndDevice-18,Application-18-Service,21500
8224,Application-37,M_Req,missing_destination,62,Application-37-Service,EndDevice-37,Application-37-Service,21500
8233,Application-39,M_Req,missing_destination,64,Application-39-Service,EndDevice-39,Application-39-Service,21500
8252,Application-40,M_Req,missing_destination,65,Application-40-Service,EndDevice-40,Application-40-Service,21500
8253,Application-3,M_Req,missing_destination,28,Application-3-Service,EndDevice-3,Application-3-Service,21500
8258,Application-38,M_Req,missing_destination,63,Application-38-Service,EndDevice-38,Application-38-Service,21500
8259,Application-2,M_Req,missing_destination,27,Application-2-Service,EndDevice-2,Application-2-Service,21500
8271,Application-18,M_Req,missing_destination,43,Application-18-Service,EndDevice-18,Application-18-Service,21600
8272,Application-37,M_Req,missing_destination,62,Application-37-Service,EndDevice-37,Application-37-Service,21600
8337,Application-16,M_Req,missing_destination,41,Application-16-Service,EndDevice-16,Application-16-Service,21800
8338,Application-14,M_Req,missing_destination,39,Application-14-Service,EndDevice-14,Application-14-Service,21800
8348,Application-13,M_Req,missing_destination,38,Application-13-Service,EndDevice-13,Application-13-Service,21800
8351,Application-39,M_Req,missing_destination,64,Application-39-Service,EndDevice-39,Application-39-Service,21800
8385,Application-16,M_Req,missing_destination,41,Application-16-Service,EndDevice-16,Application-16-Service,21900
8386,Application-14,M_Req,missing_destination,39,Application-14-Service,EndDevice-14,Application-14-Service,21900
8396,Application-13,M_Req,missing_destination,38,Application-13-Service,EndDevice-13,Application-13-Service,21900
8399,Application-39,M_Req,missing_destination,64,Application-39-Service,EndDevice-39,Application-39-Service,21900
8431,Application-16,M_Req,missing_destination,41,Application-16-Service,EndDevice-16,Application-16-Service,22000
8432,Application-14,M_Req,missing_destination,39,Application-14-Service,EndDevice-14,Application-14-Service,22000
8438,Application-13,M_Req,missing_destination,38,Application-13-Service,EndDevice-13,Application-13-Service,22000
8441,Application-39,M_Req,missing_destination,64,Application-39-Service,EndDevice-39,Application-39-Service,22000
8450,Application-25,M_Req,missing_destination,50,Application-25-Service,EndDevice-25,Application-25-Service,22100
8462,Application-27,M_Req,missing_destination,52,Application-27-Service,EndDevice-27,Application-27-Service,22100
8465,Application-26,M_Req,missing_destination,51,Application-26-Service,EndDevice-26,Application-26-Service,22100
8479,Application-16,M_Req,missing_destination,41,Application-16-Service,EndDevice-16,Application-16-Service,22100
8480,Application-14,M_Req,missing_destination,39,Application-14-Service,EndDevice-14,Application-14-Service,22100
8485,Application-28,M_Req,missing_destination,53,Application-28-Service,EndDevice-28,Application-28-Service,22100
8486,Application-13,M_Req,missing_destination,38,Application-13-Service,EndDevice-13,Application-13-Service,22100
8489,Application-39,M_Req,missing_destination,64,Application-39-Service,EndDevice-39,Application-39-Service,22100
8495,Application-25,M_Req,missing_destination,50,Application-25-Service,EndDevice-25,Application-25-Service,22200
8506,Application-27,M_Req,missing_destination,52,Application-27-Service,EndDevice-27,Application-27-Service,22200
8509,Application-26,M_Req,missing_destination,51,Application-26-Service,EndDevice-26,Application-26-Service,22200
8543,Application-25,M_Req,missing_destination,50,Application-25-Service,EndDevice-25,Application-25-Service,22300
8554,Application-27,M_Req,missing_destination,52,Application-27-Service,EndDevice-27,Application-27-Service,22300
8557,Application-26,M_Req,missing_destination,51,Application-26-Service,EndDevice-26,Application-26-Service,22300
8571,Application-28,M_Req,missing_destination,53,Application-28-Service,EndDevice-28,Application-28-Service,22400
8574,Application-39,M_Req,missing_destination,64,Application-39-Service,EndDevice-39,Application-39-Service,22400
8587,Application-25,M_Req,missing_destination,50,Application-25-Service,EndDevice-25,Application-25-Service,22400
8591,Application-40,M_Req,missing_destination,65,Application-40-Service,EndDevice-40,Application-40-Service,22400
8595,Application-27,M_Req,missing_destination,52,Application-27-Service,EndDevice-27,Application-27-Service,22400
8606,Application-38,M_Req,missing_destination,63,Application-38-Service,EndDevice-38,Application-38-Service,22500
8619,Application-28,M_Req,missing_destination,53,Application-28-Service,EndDevice-28,Application-28-Service,22500
8622,Application-39,M_Req,missing_destination,64,Application-39-Service,EndDevice-39,Application-39-Service,22500
8635,Application-25,M_Req,missing_destination,50,Application-25-Service,EndDevice-25,Application-25-Service,22500
8639,Application-40,M_Req,missing_destination,65,Application-40-Service,EndDevice-40,Application-40-Service,22500
8643,Application-27,M_Req,missing_destination,52,Application-27-Service,EndDevice-27,Application-27-Service,22500
8653,Application-38,M_Req,missing_destination,63,Application-38-Service,EndDevice-38,Application-38-Service,22600
8663,Application-28,M_Req,missing_destination,53,Application-28-Service,EndDevice-28,Application-28-Service,22600
8666,Application-39,M_Req,missing_destination,64,Application-39-Service,EndDevice-39,Application-39-Service,22600
8674,Application-45,M_Req,missing_destination,70,Application-45-Service,EndDevice-45,Application-45-Service,22700
8681,Application-48,M_Req,missing_destination,73,Application-48-Service,EndDevice-48,Application-48-Service,22700
8701,Application-38,M_Req,missing_destination,63,Application-38-Service,EndDevice-38,Application-38-Service,22700
8709,Application-46,M_Req,missing_destination,71,Application-46-Service,EndDevice-46,Application-46-Service,22700
8711,Application-28,M_Req,missing_destination,53,Application-28-Service,EndDevice-28,Application-28-Service,22700
8713,Application-47,M_Req,missing_destination,72,Application-47-Service,EndDevice-47,Application-47-Service,22700
8714,Application-39,M_Req,missing_destination,64,Application-39-Service,EndDevice-39,Application-39-Service,22700
8722,Application-45,M_Req,missing_destination,70,Application-45-Service,EndDevice-45,Application-45-Service,22800
8728,Application-48,M_Req,missing_destination,73,Application-48-Service,EndDevice-48,Application-48-Service,22800
8744,Application-38,M_Req,missing_destination,63,Application-38-Service,EndDevice-38,Application-38-Service,22800
8750,Application-46,M_Req,missing_destination,71,Application-46-Service,EndDevice-46,Application-46-Service,22800
8792,Application-38,M_Req,missing_destination,63,Application-38-Service,EndDevice-38,Application-38-Service,22900
8811,Application-45,M_Req,missing_destination,70,Application-45-Service,EndDevice-45,Application-45-Service,23000
8817,Application-48,M_Req,missing_destination,73,Application-48-Service,EndDevice-48,Application-48-Service,23000
8837,Application-46,M_Req,missing_destination,71,Application-46-Service,EndDevice-46,Application-46-Service,23100
8859,Application-45,M_Req,missing_destination,70,Application-45-Service,EndDevice-45,Application-45-Service,23100
8865,Application-48,M_Req,missing_destination,73,Application-48-Service,EndDevice-48,Application-48-Service,23100
8882,Application-46,M_Req,missing_destination,71,Application-46-Service,EndDevice-46,Application-46-Service,23200
8912,Application-11,M_Req,missing_destination,36,Application-11-Service,EndDevice-11,Application-11-Service,23300
8916,Application-9,M_Req,missing_destination,34,Application-9-Service,EndDevice-9,Application-9-Service,23300
8926,Application-10,M_Req,missing_destination,35,Application-10-Service,EndDevice-10,Application-10-Service,23300
8929,Application-12,M_Req,missing_destination,37,Application-12-Service,EndDevice-12,Application-12-Service,23300
8930,Application-46,M_Req,missing_destination,71,Application-46-Service,EndDevice-46,Application-46-Service,23300
8938,Application-47,M_Req,missing_destination,72,Application-47-Service,EndDevice-47,Application-47-Service,23300
8958,Application-11,M_Req,missing_destination,36,Application-11-Service,EndDevice-11,Application-11-Service,23400
8961,Application-9,M_Req,missing_destination,34,Application-9-Service,EndDevice-9,Application-9-Service,23400
8970,Application-10,M_Req,missing_destination,35,Application-10-Service,EndDevice-10,Application-10-Service,23400
8972,Application-12,M_Req,missing_destination,37,Application-12-Service,EndDevice-12,Application-12-Service,23400
8973,Application-46,M_Req,missing_destination,71,Application-46-Service,EndDevice-46,Application-46-Service,23400
9021,Application-46,M_Req,missing_destination,71,Application-46-Service,EndDevice-46,Application-46-Service,23500
9028,Application-19,M_Req,missing_destination,44,Application-19-Service,EndDevice-19,Application-19-Service,23600
9041,Application-18,M_Req,missing_destination,43,Application-18-Service,EndDevice-18,Application-18-Service,23600
9046,Application-17,M_Req,missing_destination,42,Application-17-Service,EndDevice-17,Application-17-Service,23600
9056,Application-20,M_Req,missing_destination,45,Application-20-Service,EndDevice-20,Application-20-Service,23600
9076,Application-19,M_Req,missing_destination,44,Application-19-Service,EndDevice-19,Application-19-Service,23700
9089,Application-18,M_Req,missing_destination,43,Application-18-Service,EndDevice-18,Application-18-Service,23700
9094,Application-17,M_Req,missing_destination,42,Application-17-Service,EndDevice-17,Application-17-Service,23700
9104,Application-20,M_Req,missing_destination,45,Application-20-Service,EndDevice-20,Application-20-Service,23700
9118,Application-19,M_Req,missing_destination,44,Application-19-Service,EndDevice-19,Application-19-Service,23800
9145,Application-41,M_Req,missing_destination,66,Application-41-Service,EndDevice-41,Application-41-Service,23900
9152,Application-42,M_Req,missing_destination,67,Application-42-Service,EndDevice-42,Application-42-Service,23900
9163,Application-43,M_Req,missing_destination,68,Application-43-Service,EndDevice-43,Application-43-Service,23900
9166,Application-19,M_Req,missing_destination,44,Application-19-Service,EndDevice-19,Application-19-Service,23900
9172,Application-44,M_Req,missing_destination,69,Application-44-Service,EndDevice-44,Application-44-Service,23900
9188,Application-41,M_Req,missing_destination,66,Application-41-Service,EndDevice-41,Application-41-Service,24000
9194,Application-42,M_Req,missing_destination,67,Application-42-Service,EndDevice-42,Application-42-Service,24000
9203,Application-43,M_Req,missing_destination,68,Application-43-Service,EndDevice-43,Application-43-Service,24000
9236,Application-41,M_Req,missing_destination,66,Application-41-Service,EndDevice-41,Application-41-Service,24100
9242,Application-42,M_Req,missing_destination,67,Application-42-Service,EndDevice-42,Application-42-Service,24100
9251,Application-43,M_Req,missing_destination,68,Application-43-Service,EndDevice-43,Application-43-Service,24100
9261,Application-39,M_Req,missing_destination,64,Application-39-Service,EndDevice-39,Application-39-Service,24200
9264,Application-37,M_Req,missing_destination,62,Application-37-Service,EndDevice-37,Application-37-Service,24200
9271,Application-17,M_Req,missing_destination,42,Application-17-Service,EndDevice-17,Application-17-Service,24200
9272,Application-40,M_Req,missing_destination,65,Application-40-Service,EndDevice-40,Application-40-Service,24200
9277,Application-20,M_Req,missing_destination,45,Application-20-Service,EndDevice-20,Application-20-Service,24200
9282,Application-42,M_Req,missing_destination,67,Application-42-Service,EndDevice-42,Application-42-Service,24200
9284,Application-38,M_Req,missing_destination,63,Application-38-Service,EndDevice-38,Application-38-Service,24300
9309,Application-39,M_Req,missing_destination,64,Application-39-Service,EndDevice-39,Application-39-Service,24300
9312,Application-37,M_Req,missing_destination,62,Application-37-Service,EndDevice-37,Application-37-Service,24300
9319,Application-17,M_Req,missing_destination,42,Application-17-Service,EndDevice-17,Application-17-Service,24300
9320,Application-40,M_Req,missing_destination,65,Application-40-Service,EndDevice-40,Application-40-Service,24300
9325,Application-20,M_Req,missing_destination,45,Application-20-Service,EndDevice-20,Application-20-Service,24300
9330,Application-42,M_Req,missing_destination,67,Application-42-Service,EndDevice-42,Application-42-Service,24300
9332,Application-38,M_Req,missing_destination,63,Application-38-Service,EndDevice-38,Application-38-Service,24400
9353,Application-39,M_Req,missing_destination,64,Application-39-Service,EndDevice-39,Application-39-Service,24400
9355,Application-37,M_Req,missing_destination,62,Application-37-Service,EndDevice-37,Application-37-Service,24400
9364,Application-33,M_Req,missing_destination,58,Application-33-Service,EndDevice-33,Application-33-Service,24500
9380,Application-38,M_Req,missing_destination,63,Application-38-Service,EndDevice-38,Application-38-Service,24500
9382,Application-36,M_Req,missing_destination,61,Application-36-Service,EndDevice-36,Application-36-Service,24500
9386,Application-35,M_Req,missing_destination,60,Application-35-Service,EndDevice-35,Application-35-Service,24500
9387,Application-41,M_Req,missing_destination,66,Application-41-Service,EndDevice-41,Application-41-Service,24500
9400,Application-34,M_Req,missing_destination,59,Application-34-Service,EndDevice-34,Application-34-Service,24500
9401,Application-39,M_Req,missing_destination,64,Application-39-Service,EndDevice-39,Application-39-Service,24500
9403,Application-37,M_Req,missing_destination,62,Application-37-Service,EndDevice-37,Application-37-Service,24500
9410,Application-33,M_Req,missing_destination,58,Application-33-Service,EndDevice-33,Application-33-Service,24600
9424,Application-38,M_Req,missing_destination,63,Application-38-Service,EndDevice-38,Application-38-Service,24600
9429,Application-35,M_Req,missing_destination,60,Application-35-Service,EndDevice-35,Application-35-Service,24600
9472,Application-38,M_Req,missing_destination,63,Application-38-Service,EndDevice-38,Application-38-Service,24700
9487,Application-47,M_Req,missing_destination,72,Application-47-Service,EndDevice-47,Application-47-Service,24800
9490,Application-45,M_Req,missing_destination,70,Application-45-Service,EndDevice-45,Application-45-Service,24800
9498,Application-48,M_Req,missing_destination,73,Application-48-Service,EndDevice-48,Application-48-Service,24800
9535,Application-47,M_Req,missing_destination,72,Application-47-Service,EndDevice-47,Application-47-Service,24900
9538,Application-45,M_Req,missing_destination,70,Application-45-Service,EndDevice-45,Application-45-Service,24900
9546,Application-48,M_Req,missing_destination,73,Application-48-Service,EndDevice-48,Application-48-Service,24900
9593,Application-25,M_Req,missing_destination,50,Application-25-Service,EndDevice-25,Application-25-Service,25100
9598,Application-28,M_Req,missing_destination,53,Application-28-Service,EndDevice-28,Application-28-Service,25100
9601,Application-39,M_Req,missing_destination,64,Application-39-Service,EndDevice-39,Application-39-Service,25100
9611,Application-26,M_Req,missing_destination,51,Application-26-Service,EndDevice-26,Application-26-Service,25100
9624,Application-27,M_Req,missing_destination,52,Application-27-Service,EndDevice-27,Application-27-Service,25100
9639,Application-25,M_Req,missing_destination,50,Application-25-Service,EndDevice-25,Application-25-Service,25200
9644,Application-28,M_Req,missing_destination,53,Application-28-Service,EndDevice-28,Application-28-Service,25200
9653,Application-26,M_Req,missing_destination,51,Application-26-Service,EndDevice-26,Application-26-Service,25200
9722,Application-39,M_Req,missing_destination,64,Application-39-Service,EndDevice-39,Application-39-Service,25400
9724,Application-2,M_Req,missing_destination,27,Application-2-Service,EndDevice-2,Application-2-Service,25400
9726,Application-1,M_Req,missing_destination,26,Application-1-Service,EndDevice-1,Application-1-Service,25400
9742,Application-3,M_Req,missing_destination,28,Application-3-Service,EndDevice-3,Application-3-Service,25500
9770,Application-39,M_Req,missing_destination,64,Application-39-Service,EndDevice-39,Application-39-Service,25500
9772,Application-2,M_Req,missing_destination,27,Application-2-Service,EndDevice-2,Application-2-Service,25500
9774,Application-1,M_Req,missing_destination,26,Application-1-Service,EndDevice-1,Application-1-Service,25500
9820,Application-44,M_Req,missing_destination,69,Application-44-Service,EndDevice-44,Application-44-Service,25700
9823,Application-42,M_Req,missing_destination,67,Application-42-Service,EndDevice-42,Application-42-Service,25700
9824,Application-43,M_Req,missing_destination,68,Application-43-Service,EndDevice-43,Application-43-Service,25700
9847,Application-37,M_Req,missing_destination,62,Application-37-Service,EndDevice-37,Application-37-Service,25700
9849,Application-4,M_Req,missing_destination,29,Application-4-Service,EndDevice-4,Application-4-Service,25700
9857,Application-41,M_Req,missing_destination,66,Application-41-Service,EndDevice-41,Application-41-Service,25700
9867,Application-44,M_Req,missing_destination,69,Application-44-Service,EndDevice-44,Application-44-Service,25800
9870,Application-42,M_Req,missing_destination,67,Application-42-Service,EndDevice-42,Application-42-Service,25800
9889,Application-37,M_Req,missing_destination,62,Application-37-Service,EndDevice-37,Application-37-Service,25800
9891,Application-4,M_Req,missing_destination,29,Application-4-Service,EndDevice-4,Application-4-Service,25800
9943,Application-10,M_Req,missing_destination,35,Application-10-Service,EndDevice-10,Application-10-Service,26000
9967,Application-9,M_Req,missing_destination,34,Application-9-Service,EndDevice-9,Application-9-Service,26000
9971,Application-11,M_Req,missing_destination,36,Application-11-Service,EndDevice-11,Application-11-Service,26100
9991,Application-10,M_Req,missing_destination,35,Application-10-Service,EndDevice-10,Application-10-Service,26100
10015,Application-9,M_Req,missing_destination,34,Application-9-Service,EndDevice-9,Application-9-Service,26100
10019,Application-11,M_Req,missing_destination,36,Application-11-Service,EndDevice-11,Application-11-Service,26200
10056,Application-12,M_Req,missing_destination,37,Application-12-Service,EndDevice-12,Application-12-Service,26300
10059,Application-14,M_Req,missing_destination,39,Application-14-Service,EndDevice-14,Application-14-Service,26300
10067,Application-11,M_Req,missing_destination,36,Application-11-Service,EndDevice-11,Application-11-Service,26300
10069,Application-13,M_Req,missing_destination,38,Application-13-Service,EndDevice-13,Application-13-Service,26300
10074,Application-16,M_Req,missing_destination,41,Application-16-Service,EndDevice-16,Application-16-Service,26300
10089,Application-15,M_Req,missing_destination,40,Application-15-Service,EndDevice-15,Application-15-Service,26300
10101,Application-12,M_Req,missing_destination,37,Application-12-Service,EndDevice-12,Application-12-Service,26400
10103,Application-14,M_Req,missing_destination,39,Application-14-Service,EndDevice-14,Application-14-Service,26400
10110,Application-11,M_Req,missing_destination,36,Application-11-Service,EndDevice-11,Application-11-Service,26400
10112,Application-13,M_Req,missing_destination,38,Application-13-Service,EndDevice-13,Application-13-Service,26400
10115,Application-16,M_Req,missing_destination,41,Application-16-Service,EndDevice-16,Application-16-Service,26400
10158,Application-11,M_Req,missing_destination,36,Application-11-Service,EndDevice-11,Application-11-Service,26500
10169,Application-45,M_Req,missing_destination,70,Application-45-Service,EndDevice-45,Application-45-Service,26600
10182,Application-9,M_Req,missing_destination,34,Application-9-Service,EndDevice-9,Application-9-Service,26600
10193,Application-48,M_Req,missing_destination,73,Application-48-Service,EndDevice-48,Application-48-Service,26600
10205,Application-46,M_Req,missing_destination,71,Application-46-Service,EndDevice-46,Application-46-Service,26700
10217,Application-45,M_Req,missing_destination,70,Application-45-Service,EndDevice-45,Application-45-Service,26700
10230,Application-9,M_Req,missing_destination,34,Application-9-Service,EndDevice-9,Application-9-Service,26700
10241,Application-48,M_Req,missing_destination,73,Application-48-Service,EndDevice-48,Application-48-Service,26700
10252,Application-46,M_Req,missing_destination,71,Application-46-Service,EndDevice-46,Application-46-Service,26800
10271,Application-9,M_Req,missing_destination,34,Application-9-Service,EndDevice-9,Application-9-Service,26800
10278,Application-1,M_Req,missing_destination,26,Application-1-Service,EndDevice-1,Application-1-Service,26900
10286,Application-3,M_Req,missing_destination,28,Application-3-Service,EndDevice-3,Application-3-Service,26900
10300,Application-46,M_Req,missing_destination,71,Application-46-Service,EndDevice-46,Application-46-Service,26900
10302,Application-4,M_Req,missing_destination,29,Application-4-Service,EndDevice-4,Application-4-Service,26900
10313,Application-2,M_Req,missing_destination,27,Application-2-Service,EndDevice-2,Application-2-Service,26900
10319,Application-9,M_Req,missing_destination,34,Application-9-Service,EndDevice-9,Application-9-Service,26900
10326,Application-1,M_Req,missing_destination,26,Application-1-Service,EndDevice-1,Application-1-Service,27000
10332,Application-3,M_Req,missing_destination,28,Application-3-Service,EndDevice-3,Application-3-Service,27000
10342,Application-46,M_Req,missing_destination,71,Application-46-Service,EndDevice-46,Application-46-Service,27000
10344,Application-4,M_Req,missing_destination,29,Application-4-Service,EndDevice-4,Application-4-Service,27000
10390,Application-46,M_Req,missing_destination,71,Application-46-Service,EndDevice-46,Application-46-Service,27100
10405,Application-9,M_Req,missing_destination,34,Application-9-Service,EndDevice-9,Application-9-Service,27200
10409,Application-48,M_Req,missing_destination,73,Application-48-Service,EndDevice-48,Application-48-Service,27200
10427,Application-11,M_Req,missing_destination,36,Application-11-Service,EndDevice-11,Application-11-Service,27300
10436,Application-12,M_Req,missing_destination,37,Application-12-Service,EndDevice-12,Application-12-Service,27300
10453,Application-9,M_Req,missing_destination,34,Application-9-Service,EndDevice-9,Application-9-Service,27300
10457,Application-48,M_Req,missing_destination,73,Application-48-Service,EndDevice-48,Application-48-Service,27300
10511,Application-34,M_Req,missing_destination,59,Application-34-Service,EndDevice-34,Application-34-Service,27500
10517,Application-35,M_Req,missing_destination,60,Application-35-Service,EndDevice-35,Application-35-Service,27500
10537,Application-36,M_Req,missing_destination,61,Application-36-Service,EndDevice-36,Application-36-Service,27500
10542,Application-33,M_Req,missing_destination,58,Application-33-Service,EndDevice-33,Application-33-Service,27500
10561,Application-35,M_Req,missing_destination,60,Application-35-Service,EndDevice-35,Application-35-Service,27600
10579,Application-36,M_Req,missing_destination,61,Application-36-Service,EndDevice-36,Application-36-Service,27600
10609,Application-35,M_Req,missing_destination,60,Application-35-Service,EndDevice-35,Application-35-Service,27700
10627,Application-36,M_Req,missing_destination,61,Application-36-Service,EndDevice-36,Application-36-Service,27700
10651,Application-9,M_Req,missing_destination,34,Application-9-Service,EndDevice-9,Application-9-Service,27800
10663,Application-12,M_Req,missing_destination,37,Application-12-Service,EndDevice-12,Application-12-Service,27900
10699,Application-9,M_Req,missing_destination,34,Application-9-Service,EndDevice-9,Application-9-Service,27900
10743,Application-13,M_Req,missing_destination,38,Application-13-Service,EndDevice-13,Application-13-Service,28100
10747,Application-16,M_Req,missing_destination,41,Application-16-Service,EndDevice-16,Application-16-Service,28100
10769,Application-14,M_Req,missing_destination,39,Application-14-Service,EndDevice-14,Application-14-Service,28100
10772,Application-15,M_Req,missing_destination,40,Application-15-Service,EndDevice-15,Application-15-Service,28100
10793,Application-16,M_Req,missing_destination,41,Application-16-Service,EndDevice-16,Application-16-Service,28200
10810,Application-14,M_Req,missing_destination,39,Application-14-Service,EndDevice-14,Application-14-Service,28200
10841,Application-16,M_Req,missing_destination,41,Application-16-Service,EndDevice-16,Application-16-Service,28300
10858,Application-14,M_Req,missing_destination,39,Application-14-Service,EndDevice-14,Application-14-Service,28300
10861,Application-26,M_Req,missing_destination,51,Application-26-Service,EndDevice-26,Application-26-Service,28400
10865,Application-28,M_Req,missing_destination,53,Application-28-Service,EndDevice-28,Application-28-Service,28400
10867,Application-13,M_Req,missing_destination,38,Application-13-Service,EndDevice-13,Application-13-Service,28400
10876,Application-25,M_Req,missing_destination,50,Application-25-Service,EndDevice-25,Application-25-Service,28400
10882,Application-16,M_Req,missing_destination,41,Application-16-Service,EndDevice-16,Application-16-Service,28400
10883,Application-34,M_Req,missing_destination,59,Application-34-Service,EndDevice-34,Application-34-Service,28400
10909,Application-26,M_Req,missing_destination,51,Application-26-Service,EndDevice-26,Application-26-Service,28500
10913,Application-28,M_Req,missing_destination,53,Application-28-Service,EndDevice-28,Application-28-Service,28500
10915,Application-13,M_Req,missing_destination,38,Application-13-Service,EndDevice-13,Application-13-Service,28500
10924,Application-25,M_Req,missing_destination,50,Application-25-Service,EndDevice-25,Application-25-Service,28500
10930,Application-16,M_Req,missing_destination,41,Application-16-Service,EndDevice-16,Application-16-Service,28500
10931,Application-34,M_Req,missing_destination,59,Application-34-Service,EndDevice-34,Application-34-Service,28500
10953,Application-26,M_Req,missing_destination,51,Application-26-Service,EndDevice-26,Application-26-Service,28600
10957,Application-28,M_Req,missing_destination,53,Application-28-Service,EndDevice-28,Application-28-Service,28600
10959,Application-13,M_Req,missing_destination,38,Application-13-Service,EndDevice-13,Application-13-Service,28600
10977,Application-47,M_Req,missing_destination,72,Application-47-Service,EndDevice-47,Application-47-Service,28700
10981,Application-46,M_Req,missing_destination,71,Application-46-Service,EndDevice-46,Application-46-Service,28700
11001,Application-26,M_Req,missing_destination,51,Application-26-Service,EndDevice-26,Application-26-Service,28700
11003,Application-48,M_Req,missing_destination,73,Application-48-Service,EndDevice-48,Application-48-Service,28700
11004,Application-45,M_Req,missing_destination,70,Application-45-Service,EndDevice-45,Application-45-Service,28700
11005,Application-28,M_Req,missing_destination,53,Application-28-Service,EndDevice-28,Application-28-Service,28700
11007,Application-13,M_Req,missing_destination,38,Application-13-Service,EndDevice-13,Application-13-Service,28700
11026,Application-46,M_Req,missing_destination,71,Application-46-Service,EndDevice-46,Application-46-Service,28800
11074,Application-46,M_Req,missing_destination,71,Application-46-Service,EndDevice-46,Application-46-Service,28900
11126,Application-27,M_Req,missing_destination,52,Application-27-Service,EndDevice-27,Application-27-Service,29100
11173,Application-27,M_Req,missing_destination,52,Application-27-Service,EndDevice-27,Application-27-Service,29200
11206,Application-23,M_Req,missing_destination,48,Application-23-Service,EndDevice-23,Application-23-Service,29300
11207,Application-22,M_Req,missing_destination,47,Application-22-Service,EndDevice-22,Application-22-Service,29300
11221,Application-27,M_Req,missing_destination,52,Application-27-Service,EndDevice-27,Application-27-Service,29300
11224,Application-21,M_Req,missing_destination,46,Application-21-Service,EndDevice-21,Application-21-Service,29300
11242,Application-24,M_Req,missing_destination,49,Application-24-Service,EndDevice-24,Application-24-Service,29300
11250,Application-23,M_Req,missing_destination,48,Application-23-Service,EndDevice-23,Application-23-Service,29400
11251,Application-22,M_Req,missing_destination,47,Application-22-Service,EndDevice-22,Application-22-Service,29400
11264,Application-27,M_Req,missing_destination,52,Application-27-Service,EndDevice-27,Application-27-Service,29400
11266,Application-21,M_Req,missing_destination,46,Application-21-Service,EndDevice-21,Application-21-Service,29400
11312,Application-27,M_Req,missing_destination,52,Application-27-Service,EndDevice-27,Application-27-Service,29500
11325,Application-6,M_Req,missing_destination,31,Application-6-Service,EndDevice-6,Application-6-Service,29600
11328,Application-8,M_Req,missing_destination,33,Application-8-Service,EndDevice-8,Application-8-Service,29600
11345,Application-5,M_Req,missing_destination,30,Application-5-Service,EndDevice-5,Application-5-Service,29600
11373,Application-6,M_Req,missing_destination,31,Application-6-Service,EndDevice-6,Application-6-Service,29700
11376,Application-8,M_Req,missing_destination,33,Application-8-Service,EndDevice-8,Application-8-Service,29700
11393,Application-5,M_Req,missing_destination,30,Application-5-Service,EndDevice-5,Application-5-Service,29700
11422,Application-44,M_Req,missing_destination,69,Application-44-Service,EndDevice-44,Application-44-Service,29900
11434,Application-42,M_Req,missing_destination,67,Application-42-Service,EndDevice-42,Application-42-Service,29900
11435,Application-41,M_Req,missing_destination,66,Application-41-Service,EndDevice-41,Application-41-Service,29900
11452,Application-7,M_Req,missing_destination,32,Application-7-Service,EndDevice-7,Application-7-Service,29900
11468,Application-43,M_Req,missing_destination,68,Application-43-Service,EndDevice-43,Application-43-Service,29900
11470,Application-44,M_Req,missing_destination,69,Application-44-Service,EndDevice-44,Application-44-Service,30000
11479,Application-42,M_Req,missing_destination,67,Application-42-Service,EndDevice-42,Application-42-Service,30000
11494,Application-7,M_Req,missing_destination,32,Application-7-Service,EndDevice-7,Application-7-Service,30000
11518,Application-44,M_Req,missing_destination,69,Application-44-Service,EndDevice-44,Application-44-Service,30100
11527,Application-42,M_Req,missing_destination,67,Application-42-Service,EndDevice-42,Application-42-Service,30100
11542,Application-7,M_Req,missing_destination,32,Application-7-Service,EndDevice-7,Application-7-Service,30100
11557,Application-2,M_Req,missing_destination,27,Application-2-Service,EndDevice-2,Application-2-Service,30200
11563,Application-44,M_Req,missing_destination,69,Application-44-Service,EndDevice-44,Application-44-Service,30200
11564,Application-1,M_Req,missing_destination,26,Application-1-Service,EndDevice-1,Application-1-Service,30200
11572,Application-42,M_Req,missing_destination,67,Application-42-Service,EndDevice-42,Application-42-Service,30200
11586,Application-4,M_Req,missing_destination,29,Application-4-Service,EndDevice-4,Application-4-Service,30300
11605,Application-2,M_Req,missing_destination,27,Application-2-Service,EndDevice-2,Application-2-Service,30300
11611,Application-44,M_Req,missing_destination,69,Application-44-Service,EndDevice-44,Application-44-Service,30300
11612,Application-1,M_Req,missing_destination,26,Application-1-Service,EndDevice-1,Application-1-Service,30300
11620,Application-42,M_Req,missing_destination,67,Application-42-Service,EndDevice-42,Application-42-Service,30300
11657,Application-36,M_Req,missing_destination,61,Application-36-Service,EndDevice-36,Application-36-Service,30500
11673,Application-35,M_Req,missing_destination,60,Application-35-Service,EndDevice-35,Application-35-Service,30500
11679,Application-34,M_Req,missing_destination,59,Application-34-Service,EndDevice-34,Application-34-Service,30500
11696,Application-33,M_Req,missing_destination,58,Application-33-Service,EndDevice-33,Application-33-Service,30500
11704,Application-36,M_Req,missing_destination,61,Application-36-Service,EndDevice-36,Application-36-Service,30600
11717,Application-35,M_Req,missing_destination,60,Application-35-Service,EndDevice-35,Application-35-Service,30600
11721,Application-34,M_Req,missing_destination,59,Application-34-Service,EndDevice-34,Application-34-Service,30600
11785,Application-48,M_Req,missing_destination,73,Application-48-Service,EndDevice-48,Application-48-Service,30800
11797,Application-45,M_Req,missing_destination,70,Application-45-Service,EndDevice-45,Application-45-Service,30800
11814,Application-46,M_Req,missing_destination,71,Application-46-Service,EndDevice-46,Application-46-Service,30900
11833,Application-48,M_Req,missing_destination,73,Application-48-Service,EndDevice-48,Application-48-Service,30900
11845,Application-45,M_Req,missing_destination,70,Application-45-Service,EndDevice-45,Application-45-Service,30900
11887,Application-45,M_Req,missing_destination,70,Application-45-Service,EndDevice-45,Application-45-Service,31100
11899,Application-31,M_Req,missing_destination,56,Application-31-Service,EndDevice-31,Application-31-Service,31100
11911,Application-30,M_Req,missing_destination,55,Application-30-Service,EndDevice-30,Application-30-Service,31100
11926,Application-29,M_Req,missing_destination,54,Application-29-Service,EndDevice-29,Application-29-Service,31100
11931,Application-32,M_Req,missing_destination,57,Application-32-Service,EndDevice-32,Application-32-Service,31100
11942,Application-31,M_Req,missing_destination,56,Application-31-Service,EndDevice-31,Application-31-Service,31200
11951,Application-30,M_Req,missing_destination,55,Application-30-Service,EndDevice-30,Application-30-Service,31200
12005,Application-43,M_Req,missing_destination,68,Application-43-Service,EndDevice-43,Application-43-Service,31400
12017,Application-21,M_Req,missing_destination,46,Application-21-Service,EndDevice-21,Application-21-Service,31400
12020,Application-23,M_Req,missing_destination,48,Application-23-Service,EndDevice-23,Application-23-Service,31400
12027,Application-24,M_Req,missing_destination,49,Application-24-Service,EndDevice-24,Application-24-Service,31400
12028,Application-22,M_Req,missing_destination,47,Application-22-Service,EndDevice-22,Application-22-Service,31400
12053,Application-43,M_Req,missing_destination,68,Application-43-Service,EndDevice-43,Application-43-Service,31500
12065,Application-21,M_Req,missing_destination,46,Application-21-Service,EndDevice-21,Application-21-Service,31500
12068,Application-23,M_Req,missing_destination,48,Application-23-Service,EndDevice-23,Application-23-Service,31500
12075,Application-24,M_Req,missing_destination,49,Application-24-Service,EndDevice-24,Application-24-Service,31500
12076,Application-22,M_Req,missing_destination,47,Application-22-Service,EndDevice-22,Application-22-Service,31500
12116,Application-24,M_Req,missing_destination,49,Application-24-Service,EndDevice-24,Application-24-Service,31700
12122,Application-46,M_Req,missing_destination,71,Application-46-Service,EndDevice-46,Application-46-Service,31700
12137,Application-47,M_Req,missing_destination,72,Application-47-Service,EndDevice-47,Application-47-Service,31700
12150,Application-48,M_Req,missing_destination,73,Application-48-Service,EndDevice-48,Application-48-Service,31700
12155,Application-45,M_Req,missing_destination,70,Application-45-Service,EndDevice-45,Application-45-Service,31700
12162,Application-24,M_Req,missing_destination,49,Application-24-Service,EndDevice-24,Application-24-Service,31800
12167,Application-46,M_Req,missing_destination,71,Application-46-Service,EndDevice-46,Application-46-Service,31800
12179,Application-47,M_Req,missing_destination,72,Application-47-Service,EndDevice-47,Application-47-Service,31800
12210,Application-24,M_Req,missing_destination,49,Application-24-Service,EndDevice-24,Application-24-Service,31900
12215,Application-46,M_Req,missing_destination,71,Application-46-Service,EndDevice-46,Application-46-Service,31900
12227,Application-47,M_Req,missing_destination,72,Application-47-Service,EndDevice-47,Application-47-Service,31900
12252,Application-24,M_Req,missing_destination,49,Application-24-Service,EndDevice-24,Application-24-Service,32000
12253,Application-22,M_Req,missing_destination,47,Application-22-Service,EndDevice-22,Application-22-Service,32000
12257,Application-46,M_Req,missing_destination,71,Application-46-Service,EndDevice-46,Application-46-Service,32000
12258,Application-5,M_Req,missing_destination,30,Application-5-Service,EndDevice-5,Application-5-Service,32000
12263,Application-8,M_Req,missing_destination,33,Application-8-Service,EndDevice-8,Application-8-Service,32000
12271,Application-6,M_Req,missing_destination,31,Application-6-Service,EndDevice-6,Application-6-Service,32100
12274,Application-7,M_Req,missing_destination,32,Application-7-Service,EndDevice-7,Application-7-Service,32100
12300,Application-24,M_Req,missing_destination,49,Application-24-Service,EndDevice-24,Application-24-Service,32100
12301,Application-22,M_Req,missing_destination,47,Application-22-Service,EndDevice-22,Application-22-Service,32100
12305,Application-46,M_Req,missing_destination,71,Application-46-Service,EndDevice-46,Application-46-Service,32100
12306,Application-5,M_Req,missing_destination,30,Application-5-Service,EndDevice-5,Application-5-Service,32100
12311,Application-8,M_Req,missing_destination,33,Application-8-Service,EndDevice-8,Application-8-Service,32100
12320,Application-7,M_Req,missing_destination,32,Application-7-Service,EndDevice-7,Application-7-Service,32200
12345,Application-37,M_Req,missing_destination,62,Application-37-Service,EndDevice-37,Application-37-Service,32300
12350,Application-8,M_Req,missing_destination,33,Application-8-Service,EndDevice-8,Application-8-Service,32300
12351,Application-5,M_Req,missing_destination,30,Application-5-Service,EndDevice-5,Application-5-Service,32300
12368,Application-7,M_Req,missing_destination,32,Application-7-Service,EndDevice-7,Application-7-Service,32300
12371,Application-38,M_Req,missing_destination,63,Application-38-Service,EndDevice-38,Application-38-Service,32300
12376,Application-40,M_Req,missing_destination,65,Application-40-Service,EndDevice-40,Application-40-Service,32300
12381,Application-39,M_Req,missing_destination,64,Application-39-Service,EndDevice-39,Application-39-Service,32300
12387,Application-43,M_Req,missing_destination,68,Application-43-Service,EndDevice-43,Application-43-Service,32300
12396,Application-5,M_Req,missing_destination,30,Application-5-Service,EndDevice-5,Application-5-Service,32400
12408,Application-7,M_Req,missing_destination,32,Application-7-Service,EndDevice-7,Application-7-Service,32400
12415,Application-40,M_Req,missing_destination,65,Application-40-Service,EndDevice-40,Application-40-Service,32400
12444,Application-5,M_Req,missing_destination,30,Application-5-Service,EndDevice-5,Application-5-Service,32500
12463,Application-40,M_Req,missing_destination,65,Application-40-Service,EndDevice-40,Application-40-Service,32500
12478,Application-4,M_Req,missing_destination,29,Application-4-Service,EndDevice-4,Application-4-Service,32600
12482,Application-1,M_Req,missing_destination,26,Application-1-Service,EndDevice-1,Application-1-Service,32600
12487,Application-5,M_Req,missing_destination,30,Application-5-Service,EndDevice-5,Application-5-Service,32600
12497,Application-3,M_Req,missing_destination,28,Application-3-Service,EndDevice-3,Application-3-Service,32700
12498,Application-2,M_Req,missing_destination,27,Application-2-Service,EndDevice-2,Application-2-Service,32700
12526,Application-4,M_Req,missing_destination,29,Application-4-Service,EndDevice-4,Application-4-Service,32700
12530,Application-1,M_Req,missing_destination,26,Application-1-Service,EndDevice-1,Application-1-Service,32700
12535,Application-5,M_Req,missing_destination,30,Application-5-Service,EndDevice-5,Application-5-Service,32700
12544,Application-3,M_Req,missing_destination,28,Application-3-Service,EndDevice-3,Application-3-Service,32800
12567,Application-4,M_Req,missing_destination,29,Application-4-Service,EndDevice-4,Application-4-Service,32800
12575,Application-5,M_Req,missing_destination,30,Application-5-Service,EndDevice-5,Application-5-Service,32900
12579,Application-6,M_Req,missing_destination,31,Application-6-Service,EndDevice-6,Application-6-Service,32900
12591,Application-7,M_Req,missing_destination,32,Application-7-Service,EndDevice-7,Application-7-Service,32900
12592,Application-3,M_Req,missing_destination,28,Application-3-Service,EndDevice-3,Application-3-Service,32900
12615,Application-4,M_Req,missing_destination,29,Application-4-Service,EndDevice-4,Application-4-Service,32900
12620,Application-5,M_Req,missing_destination,30,Application-5-Service,EndDevice-5,Application-5-Service,33000
12623,Application-6,M_Req,missing_destination,31,Application-6-Service,EndDevice-6,Application-6-Service,33000
12633,Application-7,M_Req,missing_destination,32,Application-7-Service,EndDevice-7,Application-7-Service,33000
12634,Application-3,M_Req,missing_destination,28,Application-3-Service,EndDevice-3,Application-3-Service,33000
12682,Application-3,M_Req,missing_destination,28,Application-3-Service,EndDevice-3,Application-3-Service,33100
12692,Application-26,M_Req,missing_destination,51,Application-26-Service,EndDevice-26,Application-26-Service,33200
12695,Application-25,M_Req,missing_destination,50,Application-25-Service,EndDevice-25,Application-25-Service,33200
12711,Application-27,M_Req,missing_destination,52,Application-27-Service,EndDevice-27,Application-27-Service,33200
12722,Application-28,M_Req,missing_destination,53,Application-28-Service,EndDevice-28,Application-28-Service,33300
12740,Application-26,M_Req,missing_destination,51,Application-26-Service,EndDevice-26,Application-26-Service,33300
12743,Application-25,M_Req,missing_destination,50,Application-25-Service,EndDevice-25,Application-25-Service,33300
12759,Application-27,M_Req,missing_destination,52,Application-27-Service,EndDevice-27,Application-27-Service,33300
12805,Application-34,M_Req,missing_destination,59,Application-34-Service,EndDevice-34,Application-34-Service,33500
12806,Application-36,M_Req,missing_destination,61,Application-36-Service,EndDevice-36,Application-36-Service,33500
12823,Application-35,M_Req,missing_destination,60,Application-35-Service,EndDevice-35,Application-35-Service,33500
12824,Application-33,M_Req,missing_destination,58,Application-33-Service,EndDevice-33,Application-33-Service,33500
12865,Application-35,M_Req,missing_destination,60,Application-35-Service,EndDevice-35,Application-35-Service,33600
12866,Application-33,M_Req,missing_destination,58,Application-33-Service,EndDevice-33,Application-33-Service,33600
12913,Application-35,M_Req,missing_destination,60,Application-35-Service,EndDevice-35,Application-35-Service,33700
12914,Application-33,M_Req,missing_destination,58,Application-33-Service,EndDevice-33,Application-33-Service,33700
12926,Application-4,M_Req,missing_destination,29,Application-4-Service,EndDevice-4,Application-4-Service,33800
12936,Application-18,M_Req,missing_destination,43,Application-18-Service,EndDevice-18,Application-18-Service,33800
12938,Application-27,M_Req,missing_destination,52,Application-27-Service,EndDevice-27,Application-27-Service,33800
12940,Application-20,M_Req,missing_destination,45,Application-20-Service,EndDevice-20,Application-20-Service,33800
12974,Application-4,M_Req,missing_destination,29,Application-4-Service,EndDevice-4,Application-4-Service,33900
12984,Application-18,M_Req,missing_destination,43,Application-18-Service,EndDevice-18,Application-18-Service,33900
12986,Application-27,M_Req,missing_destination,52,Application-27-Service,EndDevice-27,Application-27-Service,33900
12988,Application-20,M_Req,missing_destination,45,Application-20-Service,EndDevice-20,Application-20-Service,33900
13040,Application-35,M_Req,missing_destination,60,Application-35-Service,EndDevice-35,Application-35-Service,34100
13049,Application-12,M_Req,missing_destination,37,Application-12-Service,EndDevice-12,Application-12-Service,34100
13057,Application-10,M_Req,missing_destination,35,Application-10-Service,EndDevice-10,Application-10-Service,34100
13064,Application-11,M_Req,missing_destination,36,Application-11-Service,EndDevice-11,Application-11-Service,34100
13067,Application-9,M_Req,missing_destination,34,Application-9-Service,EndDevice-9,Application-9-Service,34100
13086,Application-35,M_Req,missing_destination,60,Application-35-Service,EndDevice-35,Application-35-Service,34200
13093,Application-12,M_Req,missing_destination,37,Application-12-Service,EndDevice-12,Application-12-Service,34200
13099,Application-10,M_Req,missing_destination,35,Application-10-Service,EndDevice-10,Application-10-Service,34200
13134,Application-35,M_Req,missing_destination,60,Application-35-Service,EndDevice-35,Application-35-Service,34300
13141,Application-12,M_Req,missing_destination,37,Application-12-Service,EndDevice-12,Application-12-Service,34300
13147,Application-10,M_Req,missing_destination,35,Application-10-Service,EndDevice-10,Application-10-Service,34300
13159,Application-45,M_Req,missing_destination,70,Application-45-Service,EndDevice-45,Application-45-Service,34400
13167,Application-46,M_Req,missing_destination,71,Application-46-Service,EndDevice-46,Application-46-Service,34400
13175,Application-35,M_Req,missing_destination,60,Application-35-Service,EndDevice-35,Application-35-Service,34400
13189,Application-48,M_Req,missing_destination,73,Application-48-Service,EndDevice-48,Application-48-Service,34500
13207,Application-45,M_Req,missing_destination,70,Application-45-Service,EndDevice-45,Application-45-Service,34500
13215,Application-46,M_Req,missing_destination,71,Application-46-Service,EndDevice-46,Application-46-Service,34500
13223,Application-35,M_Req,missing_destination,60,Application-35-Service,EndDevice-35,Application-35-Service,34500
13236,Application-48,M_Req,missing_destination,73,Application-48-Service,EndDevice-48,Application-48-Service,34600
13249,Application-45,M_Req,missing_destination,70,Application-45-Service,EndDevice-45,Application-45-Service,34600
13272,Application-18,M_Req,missing_destination,43,Application-18-Service,EndDevice-18,Application-18-Service,34700
13283,Application-17,M_Req,missing_destination,42,Application-17-Service,EndDevice-17,Application-17-Service,34700
13284,Application-48,M_Req,missing_destination,73,Application-48-Service,EndDevice-48,Application-48-Service,34700
13290,Application-19,M_Req,missing_destination,44,Application-19-Service,EndDevice-19,Application-19-Service,34700
13297,Application-45,M_Req,missing_destination,70,Application-45-Service,EndDevice-45,Application-45-Service,34700
13301,Application-20,M_Req,missing_destination,45,Application-20-Service,EndDevice-20,Application-20-Service,34700
13315,Application-18,M_Req,missing_destination,43,Application-18-Service,EndDevice-18,Application-18-Service,34800
13325,Application-17,M_Req,missing_destination,42,Application-17-Service,EndDevice-17,Application-17-Service,34800
13330,Application-19,M_Req,missing_destination,44,Application-19-Service,EndDevice-19,Application-19-Service,34800
13387,Application-20,M_Req,missing_destination,45,Application-20-Service,EndDevice-20,Application-20-Service,35000
13402,Application-46,M_Req,missing_destination,71,Application-46-Service,EndDevice-46,Application-46-Service,35000
13406,Application-33,M_Req,missing_destination,58,Application-33-Service,EndDevice-33,Application-33-Service,35100
13410,Application-36,M_Req,missing_destination,61,Application-36-Service,EndDevice-36,Application-36-Service,35100
13412,Application-34,M_Req,missing_destination,59,Application-34-Service,EndDevice-34,Application-34-Service,35100
13435,Application-20,M_Req,missing_destination,45,Application-20-Service,EndDevice-20,Application-20-Service,35100
13450,Application-46,M_Req,missing_destination,71,Application-46-Service,EndDevice-46,Application-46-Service,35100
13458,Application-34,M_Req,missing_destination,59,Application-34-Service,EndDevice-34,Application-34-Service,35200
13479,Application-20,M_Req,missing_destination,45,Application-20-Service,EndDevice-20,Application-20-Service,35200
13486,Application-39,M_Req,missing_destination,64,Application-39-Service,EndDevice-39,Application-39-Service,35300
13499,Application-33,M_Req,missing_destination,58,Application-33-Service,EndDevice-33,Application-33-Service,35300
13504,Application-40,M_Req,missing_destination,65,Application-40-Service,EndDevice-40,Application-40-Service,35300
13506,Application-34,M_Req,missing_destination,59,Application-34-Service,EndDevice-34,Application-34-Service,35300
13508,Application-38,M_Req,missing_destination,63,Application-38-Service,EndDevice-38,Application-38-Service,35300
13527,Application-20,M_Req,missing_destination,45,Application-20-Service,EndDevice-20,Application-20-Service,35300
13531,Application-37,M_Req,missing_destination,62,Application-37-Service,EndDevice-37,Application-37-Service,35300
13534,Application-39,M_Req,missing_destination,64,Application-39-Service,EndDevice-39,Application-39-Service,35400
13546,Application-40,M_Req,missing_destination,65,Application-40-Service,EndDevice-40,Application-40-Service,35400
13549,Application-38,M_Req,missing_destination,63,Application-38-Service,EndDevice-38,Application-38-Service,35400
13615,Application-48,M_Req,missing_destination,73,Application-48-Service,EndDevice-48,Application-48-Service,35600
13629,Application-47,M_Req,missing_destination,72,Application-47-Service,EndDevice-47,Application-47-Service,35600
13632,Application-46,M_Req,missing_destination,71,Application-46-Service,EndDevice-46,Application-46-Service,35600
13663,Application-48,M_Req,missing_destination,73,Application-48-Service,EndDevice-48,Application-48-Service,35700
13677,Application-47,M_Req,missing_destination,72,Application-47-Service,EndDevice-47,Application-47-Service,35700
13680,Application-46,M_Req,missing_destination,71,Application-46-Service,EndDevice-46,Application-46-Service,35700
13705,Application-48,M_Req,missing_destination,73,Application-48-Service,EndDevice-48,Application-48-Service,35800
13716,Application-18,M_Req,missing_destination,43,Application-18-Service,EndDevice-18,Application-18-Service,35900
13732,Application-17,M_Req,missing_destination,42,Application-17-Service,EndDevice-17,Application-17-Service,35900
13735,Application-19,M_Req,missing_destination,44,Application-19-Service,EndDevice-19,Application-19-Service,35900
13748,Application-20,M_Req,missing_destination,45,Application-20-Service,EndDevice-20,Application-20-Service,35900
13753,Application-48,M_Req,missing_destination,73,Application-48-Service,EndDevice-48,Application-48-Service,35900
13763,Application-18,M_Req,missing_destination,43,Application-18-Service,EndDevice-18,Application-18-Service,36000
13777,Application-17,M_Req,missing_destination,42,Application-17-Service,EndDevice-17,Application-17-Service,36000
13780,Application-19,M_Req,missing_destination,44,Application-19-Service,EndDevice-19,Application-19-Service,36000
13791,Application-20,M_Req,missing_destination,45,Application-20-Service,EndDevice-20,Application-20-Service,36000
13811,Application-18,M_Req,missing_destination,43,Application-18-Service,EndDevice-18,Application-18-Service,36100
13825,Application-17,M_Req,missing_destination,42,Application-17-Service,EndDevice-17,Application-17-Service,36100
13828,Application-19,M_Req,missing_destination,44,Application-19-Service,EndDevice-19,Application-19-Service,36100
13839,Application-20,M_Req,missing_destination,45,Application-20-Service,EndDevice-20,Application-20-Service,36100
13845,Application-12,M_Req,missing_destination,37,Application-12-Service,EndDevice-12,Application-12-Service,36200
13846,Application-9,M_Req,missing_destination,34,Application-9-Service,EndDevice-9,Application-9-Service,36200
13854,Application-18,M_Req,missing_destination,43,Application-18-Service,EndDevice-18,Application-18-Service,36200
13855,Application-47,M_Req,missing_destination,72,Application-47-Service,EndDevice-47,Application-47-Service,36200
13865,Application-17,M_Req,missing_destination,42,Application-17-Service,EndDevice-17,Application-17-Service,36300
13876,Application-11,M_Req,missing_destination,36,Application-11-Service,EndDevice-11,Application-11-Service,36300
13893,Application-12,M_Req,missing_destination,37,Application-12-Service,EndDevice-12,Application-12-Service,36300
13894,Application-9,M_Req,missing_destination,34,Application-9-Service,EndDevice-9,Application-9-Service,36300
13902,Application-18,M_Req,missing_destination,43,Application-18-Service,EndDevice-18,Application-18-Service,36300
13903,Application-47,M_Req,missing_destination,72,Application-47-Service,EndDevice-47,Application-47-Service,36300
13956,Application-38,M_Req,missing_destination,63,Application-38-Service,EndDevice-38,Application-38-Service,36500
13957,Application-40,M_Req,missing_destination,65,Application-40-Service,EndDevice-40,Application-40-Service,36500
13966,Application-39,M_Req,missing_destination,64,Application-39-Service,EndDevice-39,Application-39-Service,36500
13980,Application-48,M_Req,missing_destination,73,Application-48-Service,EndDevice-48,Application-48-Service,36500
13988,Application-37,M_Req,missing_destination,62,Application-37-Service,EndDevice-37,Application-37-Service,36500
14000,Application-40,M_Req,missing_destination,65,Application-40-Service,EndDevice-40,Application-40-Service,36600
14006,Application-39,M_Req,missing_destination,64,Application-39-Service,EndDevice-39,Application-39-Service,36600
14075,Application-2,M_Req,missing_destination,27,Application-2-Service,EndDevice-2,Application-2-Service,36800
14077,Application-3,M_Req,missing_destination,28,Application-3-Service,EndDevice-3,Application-3-Service,36800
14085,Application-4,M_Req,missing_destination,29,Application-4-Service,EndDevice-4,Application-4-Service,36800
14123,Application-2,M_Req,missing_destination,27,Application-2-Service,EndDevice-2,Application-2-Service,36900
14125,Application-3,M_Req,missing_destination,28,Application-3-Service,EndDevice-3,Application-3-Service,36900
14133,Application-4,M_Req,missing_destination,29,Application-4-Service,EndDevice-4,Application-4-Service,36900
14180,Application-17,M_Req,missing_destination,42,Application-17-Service,EndDevice-17,Application-17-Service,37100
14196,Application-7,M_Req,missing_destination,32,Application-7-Service,EndDevice-7,Application-7-Service,37100
14202,Application-5,M_Req,missing_destination,30,Application-5-Service,EndDevice-5,Application-5-Service,37100
14205,Application-6,M_Req,missing_destination,31,Application-6-Service,EndDevice-6,Application-6-Service,37100
14217,Application-8,M_Req,missing_destination,33,Application-8-Service,EndDevice-8,Application-8-Service,37100
14244,Application-5,M_Req,missing_destination,30,Application-5-Service,EndDevice-5,Application-5-Service,37200
14292,Application-5,M_Req,missing_destination,30,Application-5-Service,EndDevice-5,Application-5-Service,37300
14298,Application-23,M_Req,missing_destination,48,Application-23-Service,EndDevice-23,Application-23-Service,37400
14303,Application-22,M_Req,missing_destination,47,Application-22-Service,EndDevice-22,Application-22-Service,37400
14314,Application-21,M_Req,missing_destination,46,Application-21-Service,EndDevice-21,Application-21-Service,37400
14328,Application-24,M_Req,missing_destination,49,Application-24-Service,EndDevice-24,Application-24-Service,37500
14346,Application-23,M_Req,missing_destination,48,Application-23-Service,EndDevice-23,Application-23-Service,37500
14351,Application-22,M_Req,missing_destination,47,Application-22-Service,EndDevice-22,Application-22-Service,37500
14362,Application-21,M_Req,missing_destination,46,Application-21-Service,EndDevice-21,Application-21-Service,37500
14376,Application-24,M_Req,missing_destination,49,Application-24-Service,EndDevice-24,Application-24-Service,37600
14395,Application-22,M_Req,missing_destination,47,Application-22-Service,EndDevice-22,Application-22-Service,37600
14409,Application-44,M_Req,missing_destination,69,Application-44-Service,EndDevice-44,Application-44-Service,37700
14414,Application-23,M_Req,missing_destination,48,Application-23-Service,EndDevice-23,Application-23-Service,37700
14415,Application-21,M_Req,missing_destination,46,Application-21-Service,EndDevice-21,Application-21-Service,37700
14420,Application-41,M_Req,missing_destination,66,Application-41-Service,EndDevice-41,Application-41-Service,37700
14424,Application-24,M_Req,missing_destination,49,Application-24-Service,EndDevice-24,Application-24-Service,37700
14426,Application-43,M_Req,missing_destination,68,Application-43-Service,EndDevice-43,Application-43-Service,37700
14443,Application-22,M_Req,missing_destination,47,Application-22-Service,EndDevice-22,Application-22-Service,37700
14447,Application-42,M_Req,missing_destination,67,Application-42-Service,EndDevice-42,Application-42-Service,37700
14459,Application-23,M_Req,missing_destination,48,Application-23-Service,EndDevice-23,Application-23-Service,37800
14460,Application-21,M_Req,missing_destination,46,Application-21-Service,EndDevice-21,Application-21-Service,37800
14465,Application-41,M_Req,missing_destination,66,Application-41-Service,EndDevice-41,Application-41-Service,37800
14469,Application-24,M_Req,missing_destination,49,Application-24-Service,EndDevice-24,Application-24-Service,37800
14507,Application-23,M_Req,missing_destination,48,Application-23-Service,EndDevice-23,Application-23-Service,37900
14508,Application-21,M_Req,missing_destination,46,Application-21-Service,EndDevice-21,Application-21-Service,37900
14513,Application-41,M_Req,missing_destination,66,Application-41-Service,EndDevice-41,Application-41-Service,37900
14551,Application-23,M_Req,missing_destination,48,Application-23-Service,EndDevice-23,Application-23-Service,38000
14599,Application-23,M_Req,missing_destination,48,Application-23-Service,EndDevice-23,Application-23-Service,38100
14642,Application-9,M_Req,missing_destination,34,Application-9-Service,EndDevice-9,Application-9-Service,38300
14648,Application-12,M_Req,missing_destination,37,Application-12-Service,EndDevice-12,Application-12-Service,38300
14653,Application-10,M_Req,missing_destination,35,Application-10-Service,EndDevice-10,Application-10-Service,38300
14658,Application-11,M_Req,missing_destination,36,Application-11-Service,EndDevice-11,Application-11-Service,38300
14689,Application-9,M_Req,missing_destination,34,Application-9-Service,EndDevice-9,Application-9-Service,38400
14700,Application-11,M_Req,missing_destination,36,Application-11-Service,EndDevice-11,Application-11-Service,38400
14737,Application-9,M_Req,missing_destination,34,Application-9-Service,EndDevice-9,Application-9-Service,38500
14748,Application-11,M_Req,missing_destination,36,Application-11-Service,EndDevice-11,Application-11-Service,38500
14779,Application-31,M_Req,missing_destination,56,Application-31-Service,EndDevice-31,Application-31-Service,38600
14780,Application-9,M_Req,missing_destination,34,Application-9-Service,EndDevice-9,Application-9-Service,38600
14788,Application-29,M_Req,missing_destination,54,Application-29-Service,EndDevice-29,Application-29-Service,38700
14791,Application-30,M_Req,missing_destination,55,Application-30-Service,EndDevice-30,Application-30-Service,38700
14827,Application-31,M_Req,missing_destination,56,Application-31-Service,EndDevice-31,Application-31-Service,38700
14828,Application-9,M_Req,missing_destination,34,Application-9-Service,EndDevice-9,Application-9-Service,38700
14836,Application-29,M_Req,missing_destination,54,Application-29-Service,EndDevice-29,Application-29-Service,38800
14838,Application-30,M_Req,missing_destination,55,Application-30-Service,EndDevice-30,Application-30-Service,38800
14884,Application-29,M_Req,missing_destination,54,Application-29-Service,EndDevice-29,Application-29-Service,38900
14886,Application-30,M_Req,missing_destination,55,Application-30-Service,EndDevice-30,Application-30-Service,38900
14888,Application-41,M_Req,missing_destination,66,Application-41-Service,EndDevice-41,Application-41-Service,38900
14892,Application-43,M_Req,missing_destination,68,Application-43-Service,EndDevice-43,Application-43-Service,38900
14893,Application-32,M_Req,missing_destination,57,Application-32-Service,EndDevice-32,Application-32-Service,38900
14928,Application-29,M_Req,missing_destination,54,Application-29-Service,EndDevice-29,Application-29-Service,39000
14930,Application-30,M_Req,missing_destination,55,Application-30-Service,EndDevice-30,Application-30-Service,39000
14932,Application-41,M_Req,missing_destination,66,Application-41-Service,EndDevice-41,Application-41-Service,39000
14934,Application-43,M_Req,missing_destination,68,Application-43-Service,EndDevice-43,Application-43-Service,39000
14935,Application-32,M_Req,missing_destination,57,Application-32-Service,EndDevice-32,Application-32-Service,39000
14980,Application-41,M_Req,missing_destination,66,Application-41-Service,EndDevice-41,Application-41-Service,39100
14982,Application-43,M_Req,missing_destination,68,Application-43-Service,EndDevice-43,Application-43-Service,39100
14983,Application-32,M_Req,missing_destination,57,Application-32-Service,EndDevice-32,Application-32-Service,39100
14992,Application-38,M_Req,missing_destination,63,Application-38-Service,EndDevice-38,Application-38-Service,39200
14993,Application-37,M_Req,missing_destination,62,Application-37-Service,EndDevice-37,Application-37-Service,39200
14995,Application-40,M_Req,missing_destination,65,Application-40-Service,EndDevice-40,Application-40-Service,39200
15022,Application-39,M_Req,missing_destination,64,Application-39-Service,EndDevice-39,Application-39-Service,39300
15040,Application-38,M_Req,missing_destination,63,Application-38-Service,EndDevice-38,Application-38-Service,39300
15041,Application-37,M_Req,missing_destination,62,Application-37-Service,EndDevice-37,Application-37-Service,39300
15043,Application-40,M_Req,missing_destination,65,Application-40-Service,EndDevice-40,Application-40-Service,39300
15099,Application-2,M_Req,missing_destination,27,Application-2-Service,EndDevice-2,Application-2-Service,39500
15108,Application-3,M_Req,missing_destination,28,Application-3-Service,EndDevice-3,Application-3-Service,39500
15122,Application-4,M_Req,missing_destination,29,Application-4-Service,EndDevice-4,Application-4-Service,39500
15140,Application-1,M_Req,missing_destination,26,Application-1-Service,EndDevice-1,Application-1-Service,39500
15154,Application-3,M_Req,missing_destination,28,Application-3-Service,EndDevice-3,Application-3-Service,39600
15166,Application-4,M_Req,missing_destination,29,Application-4-Service,EndDevice-4,Application-4-Service,39600
15202,Application-3,M_Req,missing_destination,28,Application-3-Service,EndDevice-3,Application-3-Service,39700
15214,Application-4,M_Req,missing_destination,29,Application-4-Service,EndDevice-4,Application-4-Service,39700
15224,Application-21,M_Req,missing_destination,46,Application-21-Service,EndDevice-21,Application-21-Service,39800
15233,Application-1,M_Req,missing_destination,26,Application-1-Service,EndDevice-1,Application-1-Service,39800
15244,Application-3,M_Req,missing_destination,28,Application-3-Service,EndDevice-3,Application-3-Service,39800
15247,Application-23,M_Req,missing_destination,48,Application-23-Service,EndDevice-23,Application-23-Service,39800
15254,Application-24,M_Req,missing_destination,49,Application-24-Service,EndDevice-24,Application-24-Service,39900
15258,Application-22,M_Req,missing_destination,47,Application-22-Service,EndDevice-22,Application-22-Service,39900
15272,Application-21,M_Req,missing_destination,46,Application-21-Service,EndDevice-21,Application-21-Service,39900
15281,Application-1,M_Req,missing_destination,26,Application-1-Service,EndDevice-1,Application-1-Service,39900
15292,Application-3,M_Req,missing_destination,28,Application-3-Service,EndDevice-3,Application-3-Service,39900
15295,Application-23,M_Req,missing_destination,48,Application-23-Service,EndDevice-23,Application-23-Service,39900
15346,Application-41,M_Req,missing_destination,66,Application-41-Service,EndDevice-41,Application-41-Service,40100
15348,Application-43,M_Req,missing_destination,68,Application-43-Service,EndDevice-43,Application-43-Service,40100
15350,Application-4,M_Req,missing_destination,29,Application-4-Service,EndDevice-4,Application-4-Service,40100
15351,Application-44,M_Req,missing_destination,69,Application-44-Service,EndDevice-44,Application-44-Service,40100
15391,Application-43,M_Req,missing_destination,68,Application-43-Service,EndDevice-43,Application-43-Service,40200
15392,Application-44,M_Req,missing_destination,69,Application-44-Service,EndDevice-44,Application-44-Service,40200
15439,Application-43,M_Req,missing_destination,68,Application-43-Service,EndDevice-43,Application-43-Service,40300
15440,Application-44,M_Req,missing_destination,69,Application-44-Service,EndDevice-44,Application-44-Service,40300
15449,Application-38,M_Req,missing_destination,63,Application-38-Service,EndDevice-38,Application-38-Service,40400
15462,Application-40,M_Req,missing_destination,65,Application-40-Service,EndDevice-40,Application-40-Service,40400
15470,Application-39,M_Req,missing_destination,64,Application-39-Service,EndDevice-39,Application-39-Service,40400
15497,Application-38,M_Req,missing_destination,63,Application-38-Service,EndDevice-38,Application-38-Service,40500
15510,Application-40,M_Req,missing_destination,65,Application-40-Service,EndDevice-40,Application-40-Service,40500
15518,Application-39,M_Req,missing_destination,64,Application-39-Service,EndDevice-39,Application-39-Service,40500
15543,Application-38,M_Req,missing_destination,63,Application-38-Service,EndDevice-38,Application-38-Service,40600
15579,Application-6,M_Req,missing_destination,31,Application-6-Service,EndDevice-6,Application-6-Service,40700
15584,Application-5,M_Req,missing_destination,30,Application-5-Service,EndDevice-5,Application-5-Service,40700
15587,Application-8,M_Req,missing_destination,33,Application-8-Service,EndDevice-8,Application-8-Service,40700
15591,Application-38,M_Req,missing_destination,63,Application-38-Service,EndDevice-38,Application-38-Service,40700
15592,Application-7,M_Req,missing_destination,32,Application-7-Service,EndDevice-7,Application-7-Service,40700
15623,Application-6,M_Req,missing_destination,31,Application-6-Service,EndDevice-6,Application-6-Service,40800
15627,Application-5,M_Req,missing_destination,30,Application-5-Service,EndDevice-5,Application-5-Service,40800
15713,Application-6,M_Req,missing_destination,31,Application-6-Service,EndDevice-6,Application-6-Service,41100
15716,Application-5,M_Req,missing_destination,30,Application-5-Service,EndDevice-5,Application-5-Service,41100
15785,Application-47,M_Req,missing_destination,72,Application-47-Service,EndDevice-47,Application-47-Service,41300
15800,Application-48,M_Req,missing_destination,73,Application-48-Service,EndDevice-48,Application-48-Service,41300
15806,Application-45,M_Req,missing_destination,70,Application-45-Service,EndDevice-45,Application-45-Service,41300
15830,Application-46,M_Req,missing_destination,71,Application-46-Service,EndDevice-46,Application-46-Service,41300
15833,Application-47,M_Req,missing_destination,72,Application-47-Service,EndDevice-47,Application-47-Service,41400
15847,Application-48,M_Req,missing_destination,73,Application-48-Service,EndDevice-48,Application-48-Service,41400
15853,Application-45,M_Req,missing_destination,70,Application-45-Service,EndDevice-45,Application-45-Service,41400
15930,Application-25,M_Req,missing_destination,50,Application-25-Service,EndDevice-25,Application-25-Service,41600
15940,Application-27,M_Req,missing_destination,52,Application-27-Service,EndDevice-27,Application-27-Service,41600
15941,Application-26,M_Req,missing_destination,51,Application-26-Service,EndDevice-26,Application-26-Service,41600
15978,Application-25,M_Req,missing_destination,50,Application-25-Service,EndDevice-25,Application-25-Service,41700
15988,Application-27,M_Req,missing_destination,52,Application-27-Service,EndDevice-27,Application-27-Service,41700
15989,Application-26,M_Req,missing_destination,51,Application-26-Service,EndDevice-26,Application-26-Service,41700
16023,Application-24,M_Req,missing_destination,49,Application-24-Service,EndDevice-24,Application-24-Service,41900
16036,Application-22,M_Req,missing_destination,47,Application-22-Service,EndDevice-22,Application-22-Service,41900
16047,Application-21,M_Req,missing_destination,46,Application-21-Service,EndDevice-21,Application-21-Service,41900
16056,Application-38,M_Req,missing_destination,63,Application-38-Service,EndDevice-38,Application-38-Service,41900
16062,Application-23,M_Req,missing_destination,48,Application-23-Service,EndDevice-23,Application-23-Service,41900
16071,Application-24,M_Req,missing_destination,49,Application-24-Service,EndDevice-24,Application-24-Service,42000
16082,Application-22,M_Req,missing_destination,47,Application-22-Service,EndDevice-22,Application-22-Service,42000
16143,Application-38,M_Req,missing_destination,63,Application-38-Service,EndDevice-38,Application-38-Service,42200
16155,Application-21,M_Req,missing_destination,46,Application-21-Service,EndDevice-21,Application-21-Service,42200
16160,Application-17,M_Req,missing_destination,42,Application-17-Service,EndDevice-17,Application-17-Service,42200
16174,Application-37,M_Req,missing_destination,62,Application-37-Service,EndDevice-37,Application-37-Service,42300
16175,Application-20,M_Req,missing_destination,45,Application-20-Service,EndDevice-20,Application-20-Service,42300
16176,Application-18,M_Req,missing_destination,43,Application-18-Service,EndDevice-18,Application-18-Service,42300
16191,Application-38,M_Req,missing_destination,63,Application-38-Service,EndDevice-38,Application-38-Service,42300
16203,Application-21,M_Req,missing_destination,46,Application-21-Service,EndDevice-21,Application-21-Service,42300
16208,Application-17,M_Req,missing_destination,42,Application-17-Service,EndDevice-17,Application-17-Service,42300
16222,Application-37,M_Req,missing_destination,62,Application-37-Service,EndDevice-37,Application-37-Service,42400
16223,Application-20,M_Req,missing_destination,45,Application-20-Service,EndDevice-20,Application-20-Service,42400
16224,Application-18,M_Req,missing_destination,43,Application-18-Service,EndDevice-18,Application-18-Service,42400
16237,Application-38,M_Req,missing_destination,63,Application-38-Service,EndDevice-38,Application-38-Service,42400
16246,Application-21,M_Req,missing_destination,46,Application-21-Service,EndDevice-21,Application-21-Service,42400
16270,Application-37,M_Req,missing_destination,62,Application-37-Service,EndDevice-37,Application-37-Service,42500
16271,Application-20,M_Req,missing_destination,45,Application-20-Service,EndDevice-20,Application-20-Service,42500
16272,Application-18,M_Req,missing_destination,43,Application-18-Service,EndDevice-18,Application-18-Service,42500
16285,Application-38,M_Req,missing_destination,63,Application-38-Service,EndDevice-38,Application-38-Service,42500
16294,Application-21,M_Req,missing_destination,46,Application-21-Service,EndDevice-21,Application-21-Service,42500
16315,Application-37,M_Req,missing_destination,62,Application-37-Service,EndDevice-37,Application-37-Service,42600
16316,Application-18,M_Req,missing_destination,43,Application-18-Service,EndDevice-18,Application-18-Service,42600
16387,Application-16,M_Req,missing_destination,41,Application-16-Service,EndDevice-16,Application-16-Service,42800
16395,Application-14,M_Req,missing_destination,39,Application-14-Service,EndDevice-14,Application-14-Service,42800
16403,Application-37,M_Req,missing_destination,62,Application-37-Service,EndDevice-37,Application-37-Service,42900
16406,Application-15,M_Req,missing_destination,40,Application-15-Service,EndDevice-15,Application-15-Service,42900
16435,Application-16,M_Req,missing_destination,41,Application-16-Service,EndDevice-16,Application-16-Service,42900
16443,Application-14,M_Req,missing_destination,39,Application-14-Service,EndDevice-14,Application-14-Service,42900
16451,Application-37,M_Req,missing_destination,62,Application-37-Service,EndDevice-37,Application-37-Service,43000
16476,Application-10,M_Req,missing_destination,35,Application-10-Service,EndDevice-10,Application-10-Service,43100
16490,Application-9,M_Req,missing_destination,34,Application-9-Service,EndDevice-9,Application-9-Service,43100
16492,Application-12,M_Req,missing_destination,37,Application-12-Service,EndDevice-12,Application-12-Service,43100
16499,Application-37,M_Req,missing_destination,62,Application-37-Service,EndDevice-37,Application-37-Service,43100
16512,Application-11,M_Req,missing_destination,36,Application-11-Service,EndDevice-11,Application-11-Service,43100
16524,Application-10,M_Req,missing_destination,35,Application-10-Service,EndDevice-10,Application-10-Service,43200
16537,Application-9,M_Req,missing_destination,34,Application-9-Service,EndDevice-9,Application-9-Service,43200
16539,Application-12,M_Req,missing_destination,37,Application-12-Service,EndDevice-12,Application-12-Service,43200
16543,Application-37,M_Req,missing_destination,62,Application-37-Service,EndDevice-37,Application-37-Service,43200
16591,Application-37,M_Req,missing_destination,62,Application-37-Service,EndDevice-37,Application-37-Service,43300
16601,Application-40,M_Req,missing_destination,65,Application-40-Service,EndDevice-40,Application-40-Service,43400
16626,Application-38,M_Req,missing_destination,63,Application-38-Service,EndDevice-38,Application-38-Service,43400
16649,Application-40,M_Req,missing_destination,65,Application-40-Service,EndDevice-40,Application-40-Service,43500
16674,Application-38,M_Req,missing_destination,63,Application-38-Service,EndDevice-38,Application-38-Service,43500
16723,Application-39,M_Req,missing_destination,64,Application-39-Service,EndDevice-39,Application-39-Service,43700
16743,Application-40,M_Req,missing_destination,65,Application-40-Service,EndDevice-40,Application-40-Service,43700
16766,Application-39,M_Req,missing_destination,64,Application-39-Service,EndDevice-39,Application-39-Service,43800
16814,Application-39,M_Req,missing_destination,64,Application-39-Service,EndDevice-39,Application-39-Service,43900
16849,Application-5,M_Req,missing_destination,30,Application-5-Service,EndDevice-5,Application-5-Service,44000
16863,Application-7,M_Req,missing_destination,32,Application-7-Service,EndDevice-7,Application-7-Service,44100
16897,Application-5,M_Req,missing_destination,30,Application-5-Service,EndDevice-5,Application-5-Service,44100
16940,Application-17,M_Req,missing_destination,42,Application-17-Service,EndDevice-17,Application-17-Service,44300
16949,Application-18,M_Req,missing_destination,43,Application-18-Service,EndDevice-18,Application-18-Service,44300
16958,Application-20,M_Req,missing_destination,45,Application-20-Service,EndDevice-20,Application-20-Service,44300
16964,Application-39,M_Req,missing_destination,64,Application-39-Service,EndDevice-39,Application-39-Service,44300
16979,Application-19,M_Req,missing_destination,44,Application-19-Service,EndDevice-19,Application-19-Service,44300
16987,Application-17,M_Req,missing_destination,42,Application-17-Service,EndDevice-17,Application-17-Service,44400
16996,Application-18,M_Req,missing_destination,43,Application-18-Service,EndDevice-18,Application-18-Service,44400
17005,Application-20,M_Req,missing_destination,45,Application-20-Service,EndDevice-20,Application-20-Service,44400
17009,Application-39,M_Req,missing_destination,64,Application-39-Service,EndDevice-39,Application-39-Service,44400
17035,Application-17,M_Req,missing_destination,42,Application-17-Service,EndDevice-17,Application-17-Service,44500
17044,Application-18,M_Req,missing_destination,43,Application-18-Service,EndDevice-18,Application-18-Service,44500
17053,Application-20,M_Req,missing_destination,45,Application-20-Service,EndDevice-20,Application-20-Service,44500
17057,Application-39,M_Req,missing_destination,64,Application-39-Service,EndDevice-39,Application-39-Service,44500
17061,Application-11,M_Req,missing_destination,36,Application-11-Service,EndDevice-11,Application-11-Service,44600
17067,Application-19,M_Req,missing_destination,44,Application-19-Service,EndDevice-19,Application-19-Service,44600
17076,Application-10,M_Req,missing_destination,35,Application-10-Service,EndDevice-10,Application-10-Service,44600
17077,Application-17,M_Req,missing_destination,42,Application-17-Service,EndDevice-17,Application-17-Service,44600
17085,Application-9,M_Req,missing_destination,34,Application-9-Service,EndDevice-9,Application-9-Service,44600
17086,Application-18,M_Req,missing_destination,43,Application-18-Service,EndDevice-18,Application-18-Service,44600
17093,Application-20,M_Req,missing_destination,45,Application-20-Service,EndDevice-20,Application-20-Service,44700
17099,Application-12,M_Req,missing_destination,37,Application-12-Service,EndDevice-12,Application-12-Service,44700
17109,Application-11,M_Req,missing_destination,36,Application-11-Service,EndDevice-11,Application-11-Service,44700
17115,Application-19,M_Req,missing_destination,44,Application-19-Service,EndDevice-19,Application-19-Service,44700
17124,Application-10,M_Req,missing_destination,35,Application-10-Service,EndDevice-10,Application-10-Service,44700
17125,Application-17,M_Req,missing_destination,42,Application-17-Service,EndDevice-17,Application-17-Service,44700
17133,Application-9,M_Req,missing_destination,34,Application-9-Service,EndDevice-9,Application-9-Service,44700
17134,Application-18,M_Req,missing_destination,43,Application-18-Service,EndDevice-18,Application-18-Service,44700
17141,Application-20,M_Req,missing_destination,45,Application-20-Service,EndDevice-20,Application-20-Service,44800
17147,Application-12,M_Req,missing_destination,37,Application-12-Service,EndDevice-12,Application-12-Service,44800
17155,Application-11,M_Req,missing_destination,36,Application-11-Service,EndDevice-11,Application-11-Service,44800
17181,Application-16,M_Req,missing_destination,41,Application-16-Service,EndDevice-16,Application-16-Service,44900
17188,Application-13,M_Req,missing_destination,38,Application-13-Service,EndDevice-13,Application-13-Service,44900
17189,Application-20,M_Req,missing_destination,45,Application-20-Service,EndDevice-20,Application-20-Service,44900
17195,Application-12,M_Req,missing_destination,37,Application-12-Service,EndDevice-12,Application-12-Service,44900
17196,Application-14,M_Req,missing_destination,39,Application-14-Service,EndDevice-14,Application-14-Service,44900
17203,Application-11,M_Req,missing_destination,36,Application-11-Service,EndDevice-11,Application-11-Service,44900
17206,Application-15,M_Req,missing_destination,40,Application-15-Service,EndDevice-15,Application-15-Service,44900
17227,Application-16,M_Req,missing_destination,41,Application-16-Service,EndDevice-16,Application-16-Service,45000
17232,Application-13,M_Req,missing_destination,38,Application-13-Service,EndDevice-13,Application-13-Service,45000
17233,Application-20,M_Req,missing_destination,45,Application-20-Service,EndDevice-20,Application-20-Service,45000
17239,Application-12,M_Req,missing_destination,37,Application-12-Service,EndDevice-12,Application-12-Service,45000
17240,Application-14,M_Req,missing_destination,39,Application-14-Service,EndDevice-14,Application-14-Service,45000
17281,Application-20,M_Req,missing_destination,45,Application-20-Service,EndDevice-20,Application-20-Service,45100
17287,Application-12,M_Req,missing_destination,37,Application-12-Service,EndDevice-12,Application-12-Service,45100
17316,Application-16,M_Req,missing_destination,41,Application-16-Service,EndDevice-16,Application-16-Service,45200
17321,Application-13,M_Req,missing_destination,38,Application-13-Service,EndDevice-13,Application-13-Service,45300
17328,Application-14,M_Req,missing_destination,39,Application-14-Service,EndDevice-14,Application-14-Service,45300
17364,Application-16,M_Req,missing_destination,41,Application-16-Service,EndDevice-16,Application-16-Service,45300
17369,Application-13,M_Req,missing_destination,38,Application-13-Service,EndDevice-13,Application-13-Service,45400
17375,Application-14,M_Req,missing_destination,39,Application-14-Service,EndDevice-14,Application-14-Service,45400
17407,Application-4,M_Req,missing_destination,29,Application-4-Service,EndDevice-4,Application-4-Service,45500
17417,Application-13,M_Req,missing_destination,38,Application-13-Service,EndDevice-13,Application-13-Service,45500
17423,Application-14,M_Req,missing_destination,39,Application-14-Service,EndDevice-14,Application-14-Service,45500
17428,Application-1,M_Req,missing_destination,26,Application-1-Service,EndDevice-1,Application-1-Service,45500
17430,Application-2,M_Req,missing_destination,27,Application-2-Service,EndDevice-2,Application-2-Service,45500
17438,Application-3,M_Req,missing_destination,28,Application-3-Service,EndDevice-3,Application-3-Service,45500
17452,Application-4,M_Req,missing_destination,29,Application-4-Service,EndDevice-4,Application-4-Service,45600
17466,Application-14,M_Req,missing_destination,39,Application-14-Service,EndDevice-14,Application-14-Service,45600
17471,Application-1,M_Req,missing_destination,26,Application-1-Service,EndDevice-1,Application-1-Service,45600
17473,Application-2,M_Req,missing_destination,27,Application-2-Service,EndDevice-2,Application-2-Service,45600
17500,Application-4,M_Req,missing_destination,29,Application-4-Service,EndDevice-4,Application-4-Service,45700
17519,Application-1,M_Req,missing_destination,26,Application-1-Service,EndDevice-1,Application-1-Service,45700
17521,Application-2,M_Req,missing_destination,27,Application-2-Service,EndDevice-2,Application-2-Service,45700
17542,Application-4,M_Req,missing_destination,29,Application-4-Service,EndDevice-4,Application-4-Service,45800
17554,Application-14,M_Req,missing_destination,39,Application-14-Service,EndDevice-14,Application-14-Service,45900
17560,Application-2,M_Req,missing_destination,27,Application-2-Service,EndDevice-2,Application-2-Service,45900
17590,Application-4,M_Req,missing_destination,29,Application-4-Service,EndDevice-4,Application-4-Service,45900
17606,Application-2,M_Req,missing_destination,27,Application-2-Service,EndDevice-2,Application-2-Service,46000
17625,Application-7,M_Req,missing_destination,32,Application-7-Service,EndDevice-7,Application-7-Service,46100
17641,Application-6,M_Req,missing_destination,31,Application-6-Service,EndDevice-6,Application-6-Service,46100
17654,Application-2,M_Req,missing_destination,27,Application-2-Service,EndDevice-2,Application-2-Service,46100
17666,Application-8,M_Req,missing_destination,33,Application-8-Service,EndDevice-8,Application-8-Service,46100
17667,Application-5,M_Req,missing_destination,30,Application-5-Service,EndDevice-5,Application-5-Service,46100
17673,Application-7,M_Req,missing_destination,32,Application-7-Service,EndDevice-7,Application-7-Service,46200
17697,Application-2,M_Req,missing_destination,27,Application-2-Service,EndDevice-2,Application-2-Service,46200
17721,Application-7,M_Req,missing_destination,32,Application-7-Service,EndDevice-7,Application-7-Service,46300
17759,Application-40,M_Req,missing_destination,65,Application-40-Service,EndDevice-40,Application-40-Service,46400
17807,Application-40,M_Req,missing_destination,65,Application-40-Service,EndDevice-40,Application-40-Service,46500
17849,Application-40,M_Req,missing_destination,65,Application-40-Service,EndDevice-40,Application-40-Service,46600
17863,Application-14,M_Req,missing_destination,39,Application-14-Service,EndDevice-14,Application-14-Service,46700
17871,Application-16,M_Req,missing_destination,41,Application-16-Service,EndDevice-16,Application-16-Service,46700
17897,Application-40,M_Req,missing_destination,65,Application-40-Service,EndDevice-40,Application-40-Service,46700
17915,Application-16,M_Req,missing_destination,41,Application-16-Service,EndDevice-16,Application-16-Service,46800
17963,Application-16,M_Req,missing_destination,41,Application-16-Service,EndDevice-16,Application-16-Service,46900
17985,Application-25,M_Req,missing_destination,50,Application-25-Service,EndDevice-25,Application-25-Service,47000
17987,Application-28,M_Req,missing_destination,53,Application-28-Service,EndDevice-28,Application-28-Service,47000
17992,Application-27,M_Req,missing_destination,52,Application-27-Service,EndDevice-27,Application-27-Service,47000
17998,Application-26,M_Req,missing_destination,51,Application-26-Service,EndDevice-26,Application-26-Service,47000
18004,Application-16,M_Req,missing_destination,41,Application-16-Service,EndDevice-16,Application-16-Service,47000
18033,Application-25,M_Req,missing_destination,50,Application-25-Service,EndDevice-25,Application-25-Service,47100
18035,Application-28,M_Req,missing_destination,53,Application-28-Service,EndDevice-28,Application-28-Service,47100
18040,Application-27,M_Req,missing_destination,52,Application-27-Service,EndDevice-27,Application-27-Service,47100
18046,Application-26,M_Req,missing_destination,51,Application-26-Service,EndDevice-26,Application-26-Service,47100
18052,Application-16,M_Req,missing_destination,41,Application-16-Service,EndDevice-16,Application-16-Service,47100
18092,Application-16,M_Req,missing_destination,41,Application-16-Service,EndDevice-16,Application-16-Service,47300
18095,Application-8,M_Req,missing_destination,33,Application-8-Service,EndDevice-8,Application-8-Service,47300
18111,Application-7,M_Req,missing_destination,32,Application-7-Service,EndDevice-7,Application-7-Service,47300
18116,Application-6,M_Req,missing_destination,31,Application-6-Service,EndDevice-6,Application-6-Service,47300
18120,Application-5,M_Req,missing_destination,30,Application-5-Service,EndDevice-5,Application-5-Service,47300
18138,Application-16,M_Req,missing_destination,41,Application-16-Service,EndDevice-16,Application-16-Service,47400
18155,Application-7,M_Req,missing_destination,32,Application-7-Service,EndDevice-7,Application-7-Service,47400
18159,Application-6,M_Req,missing_destination,31,Application-6-Service,EndDevice-6,Application-6-Service,47400
18186,Application-16,M_Req,missing_destination,41,Application-16-Service,EndDevice-16,Application-16-Service,47500
18203,Application-7,M_Req,missing_destination,32,Application-7-Service,EndDevice-7,Application-7-Service,47500
18207,Application-6,M_Req,missing_destination,31,Application-6-Service,EndDevice-6,Application-6-Service,47500
18231,Application-18,M_Req,missing_destination,43,Application-18-Service,EndDevice-18,Application-18-Service,47600
18233,Application-17,M_Req,missing_destination,42,Application-17-Service,EndDevice-17,Application-17-Service,47600
18243,Application-19,M_Req,missing_destination,44,Application-19-Service,EndDevice-19,Application-19-Service,47700
18249,Application-20,M_Req,missing_destination,45,Application-20-Service,EndDevice-20,Application-20-Service,47700
18279,Application-18,M_Req,missing_destination,43,Application-18-Service,EndDevice-18,Application-18-Service,47700
18281,Application-17,M_Req,missing_destination,42,Application-17-Service,EndDevice-17,Application-17-Service,47700
18291,Application-19,M_Req,missing_destination,44,Application-19-Service,EndDevice-19,Application-19-Service,47800
18296,Application-20,M_Req,missing_destination,45,Application-20-Service,EndDevice-20,Application-20-Service,47800
18314,Application-26,M_Req,missing_destination,51,Application-26-Service,EndDevice-26,Application-26-Service,47900
18339,Application-19,M_Req,missing_destination,44,Application-19-Service,EndDevice-19,Application-19-Service,47900
18344,Application-20,M_Req,missing_destination,45,Application-20-Service,EndDevice-20,Application-20-Service,47900
18347,Application-25,M_Req,missing_destination,50,Application-25-Service,EndDevice-25,Application-25-Service,47900
18352,Application-28,M_Req,missing_destination,53,Application-28-Service,EndDevice-28,Application-28-Service,47900
18360,Application-27,M_Req,missing_destination,52,Application-27-Service,EndDevice-27,Application-27-Service,47900
18382,Application-19,M_Req,missing_destination,44,Application-19-Service,EndDevice-19,Application-19-Service,48000
18386,Application-20,M_Req,missing_destination,45,Application-20-Service,EndDevice-20,Application-20-Service,48000
18443,Application-13,M_Req,missing_destination,38,Application-13-Service,EndDevice-13,Application-13-Service,48200
18451,Application-25,M_Req,missing_destination,50,Application-25-Service,EndDevice-25,Application-25-Service,48200
18457,Application-15,M_Req,missing_destination,40,Application-15-Service,EndDevice-15,Application-15-Service,48200
18465,Application-16,M_Req,missing_destination,41,Application-16-Service,EndDevice-16,Application-16-Service,48200
18491,Application-13,M_Req,missing_destination,38,Application-13-Service,EndDevice-13,Application-13-Service,48300
18499,Application-25,M_Req,missing_destination,50,Application-25-Service,EndDevice-25,Application-25-Service,48300
18505,Application-15,M_Req,missing_destination,40,Application-15-Service,EndDevice-15,Application-15-Service,48300
18513,Application-16,M_Req,missing_destination,41,Application-16-Service,EndDevice-16,Application-16-Service,48300
18550,Application-47,M_Req,missing_destination,72,Application-47-Service,EndDevice-47,Application-47-Service,48500
18551,Application-45,M_Req,missing_destination,70,Application-45-Service,EndDevice-45,Application-45-Service,48500
18580,Application-48,M_Req,missing_destination,73,Application-48-Service,EndDevice-48,Application-48-Service,48500
18585,Application-46,M_Req,missing_destination,71,Application-46-Service,EndDevice-46,Application-46-Service,48500
18596,Application-47,M_Req,missing_destination,72,Application-47-Service,EndDevice-47,Application-47-Service,48600
18597,Application-45,M_Req,missing_destination,70,Application-45-Service,EndDevice-45,Application-45-Service,48600
18692,Application-23,M_Req,missing_destination,48,Application-23-Service,EndDevice-23,Application-23-Service,48800
18701,Application-24,M_Req,missing_destination,49,Application-24-Service,EndDevice-24,Application-24-Service,48900
18706,Application-22,M_Req,missing_destination,47,Application-22-Service,EndDevice-22,Application-22-Service,48900
18740,Application-23,M_Req,missing_destination,48,Application-23-Service,EndDevice-23,Application-23-Service,48900
18748,Application-24,M_Req,missing_destination,49,Application-24-Service,EndDevice-24,Application-24-Service,49000
18753,Application-22,M_Req,missing_destination,47,Application-22-Service,EndDevice-22,Application-22-Service,49000
18781,Application-23,M_Req,missing_destination,48,Application-23-Service,EndDevice-23,Application-23-Service,49100
18785,Application-17,M_Req,missing_destination,42,Application-17-Service,EndDevice-17,Application-17-Service,49100
18792,Application-18,M_Req,missing_destination,43,Application-18-Service,EndDevice-18,Application-18-Service,49100
18796,Application-24,M_Req,missing_destination,49,Application-24-Service,EndDevice-24,Application-24-Service,49100
18801,Application-22,M_Req,missing_destination,47,Application-22-Service,EndDevice-22,Application-22-Service,49100
18802,Application-19,M_Req,missing_destination,44,Application-19-Service,EndDevice-19,Application-19-Service,49100
18808,Application-20,M_Req,missing_destination,45,Application-20-Service,EndDevice-20,Application-20-Service,49100
18826,Application-23,M_Req,missing_destination,48,Application-23-Service,EndDevice-23,Application-23-Service,49200
18830,Application-17,M_Req,missing_destination,42,Application-17-Service,EndDevice-17,Application-17-Service,49200
18836,Application-18,M_Req,missing_destination,43,Application-18-Service,EndDevice-18,Application-18-Service,49200
18839,Application-24,M_Req,missing_destination,49,Application-24-Service,EndDevice-24,Application-24-Service,49200
18843,Application-22,M_Req,missing_destination,47,Application-22-Service,EndDevice-22,Application-22-Service,49200
18844,Application-19,M_Req,missing_destination,44,Application-19-Service,EndDevice-19,Application-19-Service,49200
18850,Application-20,M_Req,missing_destination,45,Application-20-Service,EndDevice-20,Application-20-Service,49200
18887,Application-24,M_Req,missing_destination,49,Application-24-Service,EndDevice-24,Application-24-Service,49300
18891,Application-22,M_Req,missing_destination,47,Application-22-Service,EndDevice-22,Application-22-Service,49300
18907,Application-1,M_Req,missing_destination,26,Application-1-Service,EndDevice-1,Application-1-Service,49400
18913,Application-2,M_Req,missing_destination,27,Application-2-Service,EndDevice-2,Application-2-Service,49400
18917,Application-4,M_Req,missing_destination,29,Application-4-Service,EndDevice-4,Application-4-Service,49400
18928,Application-3,M_Req,missing_destination,28,Application-3-Service,EndDevice-3,Application-3-Service,49500
18955,Application-1,M_Req,missing_destination,26,Application-1-Service,EndDevice-1,Application-1-Service,49500
18961,Application-2,M_Req,missing_destination,27,Application-2-Service,EndDevice-2,Application-2-Service,49500
18965,Application-4,M_Req,missing_destination,29,Application-4-Service,EndDevice-4,Application-4-Service,49500
19009,Application-17,M_Req,missing_destination,42,Application-17-Service,EndDevice-17,Application-17-Service,49700
19014,Application-18,M_Req,missing_destination,43,Application-18-Service,EndDevice-18,Application-18-Service,49700
19017,Application-24,M_Req,missing_destination,49,Application-24-Service,EndDevice-24,Application-24-Service,49700
19027,Application-19,M_Req,missing_destination,44,Application-19-Service,EndDevice-19,Application-19-Service,49700
19030,Application-20,M_Req,missing_destination,45,Application-20-Service,EndDevice-20,Application-20-Service,49700
19057,Application-17,M_Req,missing_destination,42,Application-17-Service,EndDevice-17,Application-17-Service,49800
19062,Application-18,M_Req,missing_destination,43,Application-18-Service,EndDevice-18,Application-18-Service,49800
19064,Application-24,M_Req,missing_destination,49,Application-24-Service,EndDevice-24,Application-24-Service,49800
19073,Application-19,M_Req,missing_destination,44,Application-19-Service,EndDevice-19,Application-19-Service,49800
19074,Application-20,M_Req,missing_destination,45,Application-20-Service,EndDevice-20,Application-20-Service,49800
19105,Application-17,M_Req,missing_destination,42,Application-17-Service,EndDevice-17,Application-17-Service,49900
19110,Application-18,M_Req,missing_destination,43,Application-18-Service,EndDevice-18,Application-18-Service,49900
19112,Application-24,M_Req,missing_destination,49,Application-24-Service,EndDevice-24,Application-24-Service,49900
19121,Application-19,M_Req,missing_destination,44,Application-19-Service,EndDevice-19,Application-19-Service,49900
19122,Application-20,M_Req,missing_destination,45,Application-20-Service,EndDevice-20,Application-20-Service,49900
19133,Application-33,M_Req,missing_destination,58,Application-33-Service,EndDevice-33,Application-33-Service,50000
19147,Application-17,M_Req,missing_destination,42,Application-17-Service,EndDevice-17,Application-17-Service,50000
19151,Application-18,M_Req,missing_destination,43,Application-18-Service,EndDevice-18,Application-18-Service,50000
19153,Application-24,M_Req,missing_destination,49,Application-24-Service,EndDevice-24,Application-24-Service,50000
19155,Application-34,M_Req,missing_destination,59,Application-34-Service,EndDevice-34,Application-34-Service,50000
19160,Application-35,M_Req,missing_destination,60,Application-35-Service,EndDevice-35,Application-35-Service,50100
19181,Application-33,M_Req,missing_destination,58,Application-33-Service,EndDevice-33,Application-33-Service,50100
19195,Application-17,M_Req,missing_destination,42,Application-17-Service,EndDevice-17,Application-17-Service,50100
19199,Application-18,M_Req,missing_destination,43,Application-18-Service,EndDevice-18,Application-18-Service,50100
19201,Application-24,M_Req,missing_destination,49,Application-24-Service,EndDevice-24,Application-24-Service,50100
19203,Application-34,M_Req,missing_destination,59,Application-34-Service,EndDevice-34,Application-34-Service,50100
19208,Application-35,M_Req,missing_destination,60,Application-35-Service,EndDevice-35,Application-35-Service,50200
19226,Application-33,M_Req,missing_destination,58,Application-33-Service,EndDevice-33,Application-33-Service,50200
19240,Application-32,M_Req,missing_destination,57,Application-32-Service,EndDevice-32,Application-32-Service,50300
19251,Application-31,M_Req,missing_destination,56,Application-31-Service,EndDevice-31,Application-31-Service,50300
19256,Application-35,M_Req,missing_destination,60,Application-35-Service,EndDevice-35,Application-35-Service,50300
19259,Application-29,M_Req,missing_destination,54,Application-29-Service,EndDevice-29,Application-29-Service,50300
19267,Application-30,M_Req,missing_destination,55,Application-30-Service,EndDevice-30,Application-30-Service,50300
19274,Application-33,M_Req,missing_destination,58,Application-33-Service,EndDevice-33,Application-33-Service,50300
19287,Application-32,M_Req,missing_destination,57,Application-32-Service,EndDevice-32,Application-32-Service,50400
19296,Application-31,M_Req,missing_destination,56,Application-31-Service,EndDevice-31,Application-31-Service,50400
19301,Application-35,M_Req,missing_destination,60,Application-35-Service,EndDevice-35,Application-35-Service,50400
19308,Application-30,M_Req,missing_destination,55,Application-30-Service,EndDevice-30,Application-30-Service,50400
19335,Application-32,M_Req,missing_destination,57,Application-32-Service,EndDevice-32,Application-32-Service,50500
19344,Application-31,M_Req,missing_destination,56,Application-31-Service,EndDevice-31,Application-31-Service,50500
19356,Application-30,M_Req,missing_destination,55,Application-30-Service,EndDevice-30,Application-30-Service,50500
19362,Application-42,M_Req,missing_destination,67,Application-42-Service,EndDevice-42,Application-42-Service,50600
19364,Application-43,M_Req,missing_destination,68,Application-43-Service,EndDevice-43,Application-43-Service,50600
19367,Application-29,M_Req,missing_destination,54,Application-29-Service,EndDevice-29,Application-29-Service,50600
19376,Application-32,M_Req,missing_destination,57,Application-32-Service,EndDevice-32,Application-32-Service,50600
19380,Application-41,M_Req,missing_destination,66,Application-41-Service,EndDevice-41,Application-41-Service,50600
19410,Application-42,M_Req,missing_destination,67,Application-42-Service,EndDevice-42,Application-42-Service,50700
19412,Application-43,M_Req,missing_destination,68,Application-43-Service,EndDevice-43,Application-43-Service,50700
19415,Application-29,M_Req,missing_destination,54,Application-29-Service,EndDevice-29,Application-29-Service,50700
19424,Application-32,M_Req,missing_destination,57,Application-32-Service,EndDevice-32,Application-32-Service,50700
19428,Application-41,M_Req,missing_destination,66,Application-41-Service,EndDevice-41,Application-41-Service,50700
19453,Application-42,M_Req,missing_destination,67,Application-42-Service,EndDevice-42,Application-42-Service,50800
19455,Application-43,M_Req,missing_destination,68,Application-43-Service,EndDevice-43,Application-43-Service,50800
19458,Application-29,M_Req,missing_destination,54,Application-29-Service,EndDevice-29,Application-29-Service,50800
19464,Application-39,M_Req,missing_destination,64,Application-39-Service,EndDevice-39,Application-39-Service,50900
19481,Application-44,M_Req,missing_destination,69,Application-44-Service,EndDevice-44,Application-44-Service,50900
19491,Application-37,M_Req,missing_destination,62,Application-37-Service,EndDevice-37,Application-37-Service,50900
19495,Application-40,M_Req,missing_destination,65,Application-40-Service,EndDevice-40,Application-40-Service,50900
19501,Application-42,M_Req,missing_destination,67,Application-42-Service,EndDevice-42,Application-42-Service,50900
19503,Application-43,M_Req,missing_destination,68,Application-43-Service,EndDevice-43,Application-43-Service,50900
19506,Application-29,M_Req,missing_destination,54,Application-29-Service,EndDevice-29,Application-29-Service,50900
19508,Application-38,M_Req,missing_destination,63,Application-38-Service,EndDevice-38,Application-38-Service,50900
19512,Application-39,M_Req,missing_destination,64,Application-39-Service,EndDevice-39,Application-39-Service,51000
19525,Application-44,M_Req,missing_destination,69,Application-44-Service,EndDevice-44,Application-44-Service,51000
19535,Application-37,M_Req,missing_destination,62,Application-37-Service,EndDevice-37,Application-37-Service,51000
19594,Application-46,M_Req,missing_destination,71,Application-46-Service,EndDevice-46,Application-46-Service,51200
19603,Application-48,M_Req,missing_destination,73,Application-48-Service,EndDevice-48,Application-48-Service,51200
19606,Application-41,M_Req,missing_destination,66,Application-41-Service,EndDevice-41,Application-41-Service,51200
19610,Application-45,M_Req,missing_destination,70,Application-45-Service,EndDevice-45,Application-45-Service,51200
19620,Application-47,M_Req,missing_destination,72,Application-47-Service,EndDevice-47,Application-47-Service,51300
19642,Application-46,M_Req,missing_destination,71,Application-46-Service,EndDevice-46,Application-46-Service,51300
19651,Application-48,M_Req,missing_destination,73,Application-48-Service,EndDevice-48,Application-48-Service,51300
19654,Application-41,M_Req,missing_destination,66,Application-41-Service,EndDevice-41,Application-41-Service,51300
19658,Application-45,M_Req,missing_destination,70,Application-45-Service,EndDevice-45,Application-45-Service,51300
19709,Application-43,M_Req,missing_destination,68,Application-43-Service,EndDevice-43,Application-43-Service,51500
19713,Application-19,M_Req,missing_destination,44,Application-19-Service,EndDevice-19,Application-19-Service,51500
19736,Application-17,M_Req,missing_destination,42,Application-17-Service,EndDevice-17,Application-17-Service,51500
19737,Application-20,M_Req,missing_destination,45,Application-20-Service,EndDevice-20,Application-20-Service,51500
19738,Application-40,M_Req,missing_destination,65,Application-40-Service,EndDevice-40,Application-40-Service,51500
19739,Application-18,M_Req,missing_destination,43,Application-18-Service,EndDevice-18,Application-18-Service,51500
19758,Application-19,M_Req,missing_destination,44,Application-19-Service,EndDevice-19,Application-19-Service,51600
19849,Application-8,M_Req,missing_destination,33,Application-8-Service,EndDevice-8,Application-8-Service,51900
19853,Application-6,M_Req,missing_destination,31,Application-6-Service,EndDevice-6,Application-6-Service,51900
19897,Application-8,M_Req,missing_destination,33,Application-8-Service,EndDevice-8,Application-8-Service,52000
19925,Application-33,M_Req,missing_destination,58,Application-33-Service,EndDevice-33,Application-33-Service,52100
19931,Application-41,M_Req,missing_destination,66,Application-41-Service,EndDevice-41,Application-41-Service,52100
19936,Application-36,M_Req,missing_destination,61,Application-36-Service,EndDevice-36,Application-36-Service,52100
19945,Application-8,M_Req,missing_destination,33,Application-8-Service,EndDevice-8,Application-8-Service,52100
19953,Application-34,M_Req,missing_destination,59,Application-34-Service,EndDevice-34,Application-34-Service,52100
19965,Application-35,M_Req,missing_destination,60,Application-35-Service,EndDevice-35,Application-35-Service,52100
19973,Application-33,M_Req,missing_destination,58,Application-33-Service,EndDevice-33,Application-33-Service,52200
19979,Application-41,M_Req,missing_destination,66,Application-41-Service,EndDevice-41,Application-41-Service,52200
19982,Application-36,M_Req,missing_destination,61,Application-36-Service,EndDevice-36,Application-36-Service,52200
19988,Application-8,M_Req,missing_destination,33,Application-8-Service,EndDevice-8,Application-8-Service,52200
19995,Application-34,M_Req,missing_destination,59,Application-34-Service,EndDevice-34,Application-34-Service,52200
20036,Application-8,M_Req,missing_destination,33,Application-8-Service,EndDevice-8,Application-8-Service,52300
20068,Application-21,M_Req,missing_destination,46,Application-21-Service,EndDevice-21,Application-21-Service,52400
20074,Application-22,M_Req,missing_destination,47,Application-22-Service,EndDevice-22,Application-22-Service,52500
20078,Application-24,M_Req,missing_destination,49,Application-24-Service,EndDevice-24,Application-24-Service,52500
20083,Application-7,M_Req,missing_destination,32,Application-7-Service,EndDevice-7,Application-7-Service,52500
20116,Application-21,M_Req,missing_destination,46,Application-21-Service,EndDevice-21,Application-21-Service,52500
20122,Application-22,M_Req,missing_destination,47,Application-22-Service,EndDevice-22,Application-22-Service,52600
20126,Application-24,M_Req,missing_destination,49,Application-24-Service,EndDevice-24,Application-24-Service,52600
20131,Application-7,M_Req,missing_destination,32,Application-7-Service,EndDevice-7,Application-7-Service,52600
20170,Application-22,M_Req,missing_destination,47,Application-22-Service,EndDevice-22,Application-22-Service,52700
20174,Application-24,M_Req,missing_destination,49,Application-24-Service,EndDevice-24,Application-24-Service,52700
20179,Application-7,M_Req,missing_destination,32,Application-7-Service,EndDevice-7,Application-7-Service,52700
20183,Application-32,M_Req,missing_destination,57,Application-32-Service,EndDevice-32,Application-32-Service,52700
20187,Application-29,M_Req,missing_destination,54,Application-29-Service,EndDevice-29,Application-29-Service,52700
20198,Application-30,M_Req,missing_destination,55,Application-30-Service,EndDevice-30,Application-30-Service,52700
20199,Application-31,M_Req,missing_destination,56,Application-31-Service,EndDevice-31,Application-31-Service,52700
20215,Application-22,M_Req,missing_destination,47,Application-22-Service,EndDevice-22,Application-22-Service,52800
20221,Application-7,M_Req,missing_destination,32,Application-7-Service,EndDevice-7,Application-7-Service,52800
20227,Application-29,M_Req,missing_destination,54,Application-29-Service,EndDevice-29,Application-29-Service,52800
20275,Application-29,M_Req,missing_destination,54,Application-29-Service,EndDevice-29,Application-29-Service,52900
20304,Application-22,M_Req,missing_destination,47,Application-22-Service,EndDevice-22,Application-22-Service,53100
20352,Application-22,M_Req,missing_destination,47,Application-22-Service,EndDevice-22,Application-22-Service,53200
20389,Application-20,M_Req,missing_destination,45,Application-20-Service,EndDevice-20,Application-20-Service,53300
20400,Application-22,M_Req,missing_destination,47,Application-22-Service,EndDevice-22,Application-22-Service,53300
20401,Application-19,M_Req,missing_destination,44,Application-19-Service,EndDevice-19,Application-19-Service,53300
20416,Application-18,M_Req,missing_destination,43,Application-18-Service,EndDevice-18,Application-18-Service,53300
20426,Application-17,M_Req,missing_destination,42,Application-17-Service,EndDevice-17,Application-17-Service,53300
20436,Application-20,M_Req,missing_destination,45,Application-20-Service,EndDevice-20,Application-20-Service,53400
20444,Application-22,M_Req,missing_destination,47,Application-22-Service,EndDevice-22,Application-22-Service,53400
20445,Application-19,M_Req,missing_destination,44,Application-19-Service,EndDevice-19,Application-19-Service,53400
20492,Application-22,M_Req,missing_destination,47,Application-22-Service,EndDevice-22,Application-22-Service,53500
20521,Application-34,M_Req,missing_destination,59,Application-34-Service,EndDevice-34,Application-34-Service,53600
20526,Application-35,M_Req,missing_destination,60,Application-35-Service,EndDevice-35,Application-35-Service,53600
20542,Application-33,M_Req,missing_destination,58,Application-33-Service,EndDevice-33,Application-33-Service,53700
20543,Application-36,M_Req,missing_destination,61,Application-36-Service,EndDevice-36,Application-36-Service,53700
20569,Application-34,M_Req,missing_destination,59,Application-34-Service,EndDevice-34,Application-34-Service,53700
20574,Application-35,M_Req,missing_destination,60,Application-35-Service,EndDevice-35,Application-35-Service,53700
20588,Application-33,M_Req,missing_destination,58,Application-33-Service,EndDevice-33,Application-33-Service,53800
20589,Application-36,M_Req,missing_destination,61,Application-36-Service,EndDevice-36,Application-36-Service,53800
20610,Application-34,M_Req,missing_destination,59,Application-34-Service,EndDevice-34,Application-34-Service,53800
20626,Application-13,M_Req,missing_destination,38,Application-13-Service,EndDevice-13,Application-13-Service,53900
20636,Application-33,M_Req,missing_destination,58,Application-33-Service,EndDevice-33,Application-33-Service,53900
20637,Application-36,M_Req,missing_destination,61,Application-36-Service,EndDevice-36,Application-36-Service,53900
20638,Application-15,M_Req,missing_destination,40,Application-15-Service,EndDevice-15,Application-15-Service,53900
20645,Application-16,M_Req,missing_destination,41,Application-16-Service,EndDevice-16,Application-16-Service,53900
20653,Application-14,M_Req,missing_destination,39,Application-14-Service,EndDevice-14,Application-14-Service,53900
20654,Application-24,M_Req,missing_destination,49,Application-24-Service,EndDevice-24,Application-24-Service,53900
20658,Application-34,M_Req,missing_destination,59,Application-34-Service,EndDevice-34,Application-34-Service,53900
20674,Application-13,M_Req,missing_destination,38,Application-13-Service,EndDevice-13,Application-13-Service,54000
20682,Application-33,M_Req,missing_destination,58,Application-33-Service,EndDevice-33,Application-33-Service,54000
20683,Application-36,M_Req,missing_destination,61,Application-36-Service,EndDevice-36,Application-36-Service,54000
20684,Application-15,M_Req,missing_destination,40,Application-15-Service,EndDevice-15,Application-15-Service,54000
20730,Application-33,M_Req,missing_destination,58,Application-33-Service,EndDevice-33,Application-33-Service,54100
20731,Application-36,M_Req,missing_destination,61,Application-36-Service,EndDevice-36,Application-36-Service,54100
20736,Application-18,M_Req,missing_destination,43,Application-18-Service,EndDevice-18,Application-18-Service,54200
20760,Application-19,M_Req,missing_destination,44,Application-19-Service,EndDevice-19,Application-19-Service,54200
20764,Application-20,M_Req,missing_destination,45,Application-20-Service,EndDevice-20,Application-20-Service,54200
20773,Application-17,M_Req,missing_destination,42,Application-17-Service,EndDevice-17,Application-17-Service,54300
20784,Application-18,M_Req,missing_destination,43,Application-18-Service,EndDevice-18,Application-18-Service,54300
20808,Application-19,M_Req,missing_destination,44,Application-19-Service,EndDevice-19,Application-19-Service,54300
20812,Application-20,M_Req,missing_destination,45,Application-20-Service,EndDevice-20,Application-20-Service,54300
20820,Application-17,M_Req,missing_destination,42,Application-17-Service,EndDevice-17,Application-17-Service,54400
20829,Application-18,M_Req,missing_destination,43,Application-18-Service,EndDevice-18,Application-18-Service,54400
20848,Application-19,M_Req,missing_destination,44,Application-19-Service,EndDevice-19,Application-19-Service,54500
20856,Application-10,M_Req,missing_destination,35,Application-10-Service,EndDevice-10,Application-10-Service,54500
20861,Application-12,M_Req,missing_destination,37,Application-12-Service,EndDevice-12,Application-12-Service,54500
20868,Application-17,M_Req,missing_destination,42,Application-17-Service,EndDevice-17,Application-17-Service,54500
20873,Application-9,M_Req,missing_destination,34,Application-9-Service,EndDevice-9,Application-9-Service,54500
20877,Application-18,M_Req,missing_destination,43,Application-18-Service,EndDevice-18,Application-18-Service,54500
20886,Application-11,M_Req,missing_destination,36,Application-11-Service,EndDevice-11,Application-11-Service,54500
20895,Application-19,M_Req,missing_destination,44,Application-19-Service,EndDevice-19,Application-19-Service,54600
20906,Application-12,M_Req,missing_destination,37,Application-12-Service,EndDevice-12,Application-12-Service,54600
20912,Application-17,M_Req,missing_destination,42,Application-17-Service,EndDevice-17,Application-17-Service,54600
20917,Application-9,M_Req,missing_destination,34,Application-9-Service,EndDevice-9,Application-9-Service,54600
20960,Application-17,M_Req,missing_destination,42,Application-17-Service,EndDevice-17,Application-17-Service,54700
20971,Application-4,M_Req,missing_destination,29,Application-4-Service,EndDevice-4,Application-4-Service,54800
20973,Application-2,M_Req,missing_destination,27,Application-2-Service,EndDevice-2,Application-2-Service,54800
20981,Application-10,M_Req,missing_destination,35,Application-10-Service,EndDevice-10,Application-10-Service,54800
21000,Application-1,M_Req,missing_destination,26,Application-1-Service,EndDevice-1,Application-1-Service,54900
21019,Application-4,M_Req,missing_destination,29,Application-4-Service,EndDevice-4,Application-4-Service,54900
21021,Application-2,M_Req,missing_destination,27,Application-2-Service,EndDevice-2,Application-2-Service,54900
21029,Application-10,M_Req,missing_destination,35,Application-10-Service,EndDevice-10,Application-10-Service,54900
21046,Application-1,M_Req,missing_destination,26,Application-1-Service,EndDevice-1,Application-1-Service,55000
21062,Application-4,M_Req,missing_destination,29,Application-4-Service,EndDevice-4,Application-4-Service,55000
21063,Application-2,M_Req,missing_destination,27,Application-2-Service,EndDevice-2,Application-2-Service,55000
21070,Application-10,M_Req,missing_destination,35,Application-10-Service,EndDevice-10,Application-10-Service,55000
21073,Application-23,M_Req,missing_destination,48,Application-23-Service,EndDevice-23,Application-23-Service,55100
21092,Application-21,M_Req,missing_destination,46,Application-21-Service,EndDevice-21,Application-21-Service,55100
21094,Application-1,M_Req,missing_destination,26,Application-1-Service,EndDevice-1,Application-1-Service,55100
21102,Application-22,M_Req,missing_destination,47,Application-22-Service,EndDevice-22,Application-22-Service,55100
21110,Application-4,M_Req,missing_destination,29,Application-4-Service,EndDevice-4,Application-4-Service,55100
21111,Application-2,M_Req,missing_destination,27,Application-2-Service,EndDevice-2,Application-2-Service,55100
21115,Application-24,M_Req,missing_destination,49,Application-24-Service,EndDevice-24,Application-24-Service,55100
21118,Application-10,M_Req,missing_destination,35,Application-10-Service,EndDevice-10,Application-10-Service,55100
21138,Application-21,M_Req,missing_destination,46,Application-21-Service,EndDevice-21,Application-21-Service,55200
21140,Application-1,M_Req,missing_destination,26,Application-1-Service,EndDevice-1,Application-1-Service,55200
21188,Application-1,M_Req,missing_destination,26,Application-1-Service,EndDevice-1,Application-1-Service,55300
21217,Application-29,M_Req,missing_destination,54,Application-29-Service,EndDevice-29,Application-29-Service,55400
21220,Application-32,M_Req,missing_destination,57,Application-32-Service,EndDevice-32,Application-32-Service,55400
21222,Application-31,M_Req,missing_destination,56,Application-31-Service,EndDevice-31,Application-31-Service,55400
21223,Application-30,M_Req,missing_destination,55,Application-30-Service,EndDevice-30,Application-30-Service,55400
21265,Application-29,M_Req,missing_destination,54,Application-29-Service,EndDevice-29,Application-29-Service,55500
21268,Application-32,M_Req,missing_destination,57,Application-32-Service,EndDevice-32,Application-32-Service,55500
21270,Application-31,M_Req,missing_destination,56,Application-31-Service,EndDevice-31,Application-31-Service,55500
21271,Application-30,M_Req,missing_destination,55,Application-30-Service,EndDevice-30,Application-30-Service,55500
21330,Application-5,M_Req,missing_destination,30,Application-5-Service,EndDevice-5,Application-5-Service,55700
21332,Application-7,M_Req,missing_destination,32,Application-7-Service,EndDevice-7,Application-7-Service,55700
21343,Application-6,M_Req,missing_destination,31,Application-6-Service,EndDevice-6,Application-6-Service,55700
21351,Application-8,M_Req,missing_destination,33,Application-8-Service,EndDevice-8,Application-8-Service,55700
21373,Application-5,M_Req,missing_destination,30,Application-5-Service,EndDevice-5,Application-5-Service,55800
21375,Application-7,M_Req,missing_destination,32,Application-7-Service,EndDevice-7,Application-7-Service,55800
21421,Application-5,M_Req,missing_destination,30,Application-5-Service,EndDevice-5,Application-5-Service,55900
21423,Application-7,M_Req,missing_destination,32,Application-7-Service,EndDevice-7,Application-7-Service,55900
21433,Application-42,M_Req,missing_destination,67,Application-42-Service,EndDevice-42,Application-42-Service,56000
21440,Application-41,M_Req,missing_destination,66,Application-41-Service,EndDevice-41,Application-41-Service,56000
21481,Application-42,M_Req,missing_destination,67,Application-42-Service,EndDevice-42,Application-42-Service,56100
21488,Application-41,M_Req,missing_destination,66,Application-41-Service,EndDevice-41,Application-41-Service,56100
21531,Application-41,M_Req,missing_destination,66,Application-41-Service,EndDevice-41,Application-41-Service,56200
21543,Application-42,M_Req,missing_destination,67,Application-42-Service,EndDevice-42,Application-42-Service,56300
21544,Application-18,M_Req,missing_destination,43,Application-18-Service,EndDevice-18,Application-18-Service,56300
21555,Application-19,M_Req,missing_destination,44,Application-19-Service,EndDevice-19,Application-19-Service,56300
21560,Application-20,M_Req,missing_destination,45,Application-20-Service,EndDevice-20,Application-20-Service,56300
21567,Application-17,M_Req,missing_destination,42,Application-17-Service,EndDevice-17,Application-17-Service,56300
21576,Application-6,M_Req,missing_destination,31,Application-6-Service,EndDevice-6,Application-6-Service,56300
21579,Application-41,M_Req,missing_destination,66,Application-41-Service,EndDevice-41,Application-41-Service,56300
21588,Application-42,M_Req,missing_destination,67,Application-42-Service,EndDevice-42,Application-42-Service,56400
21589,Application-18,M_Req,missing_destination,43,Application-18-Service,EndDevice-18,Application-18-Service,56400
21596,Application-19,M_Req,missing_destination,44,Application-19-Service,EndDevice-19,Application-19-Service,56400
21601,Application-20,M_Req,missing_destination,45,Application-20-Service,EndDevice-20,Application-20-Service,56400
21608,Application-17,M_Req,missing_destination,42,Application-17-Service,EndDevice-17,Application-17-Service,56400
21636,Application-42,M_Req,missing_destination,67,Application-42-Service,EndDevice-42,Application-42-Service,56500
21637,Application-18,M_Req,missing_destination,43,Application-18-Service,EndDevice-18,Application-18-Service,56500
21644,Application-19,M_Req,missing_destination,44,Application-19-Service,EndDevice-19,Application-19-Service,56500
21649,Application-20,M_Req,missing_destination,45,Application-20-Service,EndDevice-20,Application-20-Service,56500
21656,Application-17,M_Req,missing_destination,42,Application-17-Service,EndDevice-17,Application-17-Service,56500
21666,Application-41,M_Req,missing_destination,66,Application-41-Service,EndDevice-41,Application-41-Service,56600
21680,Application-42,M_Req,missing_destination,67,Application-42-Service,EndDevice-42,Application-42-Service,56600
21681,Application-18,M_Req,missing_destination,43,Application-18-Service,EndDevice-18,Application-18-Service,56600
21688,Application-3,M_Req,missing_destination,28,Application-3-Service,EndDevice-3,Application-3-Service,56700
21698,Application-4,M_Req,missing_destination,29,Application-4-Service,EndDevice-4,Application-4-Service,56700
21714,Application-41,M_Req,missing_destination,66,Application-41-Service,EndDevice-41,Application-41-Service,56700
21728,Application-42,M_Req,missing_destination,67,Application-42-Service,EndDevice-42,Application-42-Service,56700
21729,Application-18,M_Req,missing_destination,43,Application-18-Service,EndDevice-18,Application-18-Service,56700
21735,Application-3,M_Req,missing_destination,28,Application-3-Service,EndDevice-3,Application-3-Service,56800
21742,Application-4,M_Req,missing_destination,29,Application-4-Service,EndDevice-4,Application-4-Service,56800
21755,Application-41,M_Req,missing_destination,66,Application-41-Service,EndDevice-41,Application-41-Service,56800
21783,Application-3,M_Req,missing_destination,28,Application-3-Service,EndDevice-3,Application-3-Service,56900
21790,Application-4,M_Req,missing_destination,29,Application-4-Service,EndDevice-4,Application-4-Service,56900
21792,Application-5,M_Req,missing_destination,30,Application-5-Service,EndDevice-5,Application-5-Service,56900
21797,Application-7,M_Req,missing_destination,32,Application-7-Service,EndDevice-7,Application-7-Service,56900
21800,Application-8,M_Req,missing_destination,33,Application-8-Service,EndDevice-8,Application-8-Service,56900
21801,Application-6,M_Req,missing_destination,31,Application-6-Service,EndDevice-6,Application-6-Service,56900
21803,Application-41,M_Req,missing_destination,66,Application-41-Service,EndDevice-41,Application-41-Service,56900
21826,Application-3,M_Req,missing_destination,28,Application-3-Service,EndDevice-3,Application-3-Service,57000
21832,Application-4,M_Req,missing_destination,29,Application-4-Service,EndDevice-4,Application-4-Service,57000
21834,Application-5,M_Req,missing_destination,30,Application-5-Service,EndDevice-5,Application-5-Service,57000
21838,Application-7,M_Req,missing_destination,32,Application-7-Service,EndDevice-7,Application-7-Service,57000
21874,Application-3,M_Req,missing_destination,28,Application-3-Service,EndDevice-3,Application-3-Service,57100
21880,Application-4,M_Req,missing_destination,29,Application-4-Service,EndDevice-4,Application-4-Service,57100
21889,Application-8,M_Req,missing_destination,33,Application-8-Service,EndDevice-8,Application-8-Service,57200
21890,Application-6,M_Req,missing_destination,31,Application-6-Service,EndDevice-6,Application-6-Service,57200
21894,Application-27,M_Req,missing_destination,52,Application-27-Service,EndDevice-27,Application-27-Service,57200
21897,Application-25,M_Req,missing_destination,50,Application-25-Service,EndDevice-25,Application-25-Service,57200
21906,Application-26,M_Req,missing_destination,51,Application-26-Service,EndDevice-26,Application-26-Service,57200
21910,Application-28,M_Req,missing_destination,53,Application-28-Service,EndDevice-28,Application-28-Service,57200
21937,Application-8,M_Req,missing_destination,33,Application-8-Service,EndDevice-8,Application-8-Service,57300
21938,Application-6,M_Req,missing_destination,31,Application-6-Service,EndDevice-6,Application-6-Service,57300
21942,Application-27,M_Req,missing_destination,52,Application-27-Service,EndDevice-27,Application-27-Service,57300
21945,Application-25,M_Req,missing_destination,50,Application-25-Service,EndDevice-25,Application-25-Service,57300
21954,Application-26,M_Req,missing_destination,51,Application-26-Service,EndDevice-26,Application-26-Service,57300
21958,Application-28,M_Req,missing_destination,53,Application-28-Service,EndDevice-28,Application-28-Service,57300
22015,Application-5,M_Req,missing_destination,30,Application-5-Service,EndDevice-5,Application-5-Service,57500
22019,Application-7,M_Req,missing_destination,32,Application-7-Service,EndDevice-7,Application-7-Service,57500
22057,Application-5,M_Req,missing_destination,30,Application-5-Service,EndDevice-5,Application-5-Service,57600
22061,Application-7,M_Req,missing_destination,32,Application-7-Service,EndDevice-7,Application-7-Service,57600
22123,Application-19,M_Req,missing_destination,44,Application-19-Service,EndDevice-19,Application-19-Service,57800
22143,Application-20,M_Req,missing_destination,45,Application-20-Service,EndDevice-20,Application-20-Service,57900
22151,Application-18,M_Req,missing_destination,43,Application-18-Service,EndDevice-18,Application-18-Service,57900
22154,Application-17,M_Req,missing_destination,42,Application-17-Service,EndDevice-17,Application-17-Service,57900
22171,Application-19,M_Req,missing_destination,44,Application-19-Service,EndDevice-19,Application-19-Service,57900
22242,Application-46,M_Req,missing_destination,71,Application-46-Service,EndDevice-46,Application-46-Service,58100
22252,Application-48,M_Req,missing_destination,73,Application-48-Service,EndDevice-48,Application-48-Service,58100
22258,Application-8,M_Req,missing_destination,33,Application-8-Service,EndDevice-8,Application-8-Service,58100
22262,Application-45,M_Req,missing_destination,70,Application-45-Service,EndDevice-45,Application-45-Service,58100
22268,Application-47,M_Req,missing_destination,72,Application-47-Service,EndDevice-47,Application-47-Service,58100
22295,Application-48,M_Req,missing_destination,73,Application-48-Service,EndDevice-48,Application-48-Service,58200
22359,Application-12,M_Req,missing_destination,37,Application-12-Service,EndDevice-12,Application-12-Service,58400
22362,Application-11,M_Req,missing_destination,36,Application-11-Service,EndDevice-11,Application-11-Service,58400
22371,Application-1,M_Req,missing_destination,26,Application-1-Service,EndDevice-1,Application-1-Service,58400
22387,Application-10,M_Req,missing_destination,35,Application-10-Service,EndDevice-10,Application-10-Service,58500
22407,Application-12,M_Req,missing_destination,37,Application-12-Service,EndDevice-12,Application-12-Service,58500
22410,Application-11,M_Req,missing_destination,36,Application-11-Service,EndDevice-11,Application-11-Service,58500
22419,Application-1,M_Req,missing_destination,26,Application-1-Service,EndDevice-1,Application-1-Service,58500
22449,Application-12,M_Req,missing_destination,37,Application-12-Service,EndDevice-12,Application-12-Service,58600
22452,Application-11,M_Req,missing_destination,36,Application-11-Service,EndDevice-11,Application-11-Service,58600
22472,Application-5,M_Req,missing_destination,30,Application-5-Service,EndDevice-5,Application-5-Service,58700
22473,Application-7,M_Req,missing_destination,32,Application-7-Service,EndDevice-7,Application-7-Service,58700
22483,Application-9,M_Req,missing_destination,34,Application-9-Service,EndDevice-9,Application-9-Service,58700
22491,Application-8,M_Req,missing_destination,33,Application-8-Service,EndDevice-8,Application-8-Service,58700
22492,Application-6,M_Req,missing_destination,31,Application-6-Service,EndDevice-6,Application-6-Service,58700
22497,Application-12,M_Req,missing_destination,37,Application-12-Service,EndDevice-12,Application-12-Service,58700
22500,Application-11,M_Req,missing_destination,36,Application-11-Service,EndDevice-11,Application-11-Service,58700
22515,Application-5,M_Req,missing_destination,30,Application-5-Service,EndDevice-5,Application-5-Service,58800
22524,Application-9,M_Req,missing_destination,34,Application-9-Service,EndDevice-9,Application-9-Service,58800
22581,Application-13,M_Req,missing_destination,38,Application-13-Service,EndDevice-13,Application-13-Service,59000
22593,Application-7,M_Req,missing_destination,32,Application-7-Service,EndDevice-7,Application-7-Service,59000
22605,Application-14,M_Req,missing_destination,39,Application-14-Service,EndDevice-14,Application-14-Service,59100
22608,Application-16,M_Req,missing_destination,41,Application-16-Service,EndDevice-16,Application-16-Service,59100
22629,Application-13,M_Req,missing_destination,38,Application-13-Service,EndDevice-13,Application-13-Service,59100
22641,Application-7,M_Req,missing_destination,32,Application-7-Service,EndDevice-7,Application-7-Service,59100
22696,Application-31,M_Req,missing_destination,56,Application-31-Service,EndDevice-31,Application-31-Service,59300
22703,Application-30,M_Req,missing_destination,55,Application-30-Service,EndDevice-30,Application-30-Service,59300
22710,Application-29,M_Req,missing_destination,54,Application-29-Service,EndDevice-29,Application-29-Service,59300
22723,Application-32,M_Req,missing_destination,57,Application-32-Service,EndDevice-32,Application-32-Service,59300
22741,Application-31,M_Req,missing_destination,56,Application-31-Service,EndDevice-31,Application-31-Service,59400
22747,Application-30,M_Req,missing_destination,55,Application-30-Service,EndDevice-30,Application-30-Service,59400
22753,Application-29,M_Req,missing_destination,54,Application-29-Service,EndDevice-29,Application-29-Service,59400
22814,Application-43,M_Req,missing_destination,68,Application-43-Service,EndDevice-43,Application-43-Service,59600
22816,Application-44,M_Req,missing_destination,69,Application-44-Service,EndDevice-44,Application-44-Service,59600
22825,Application-41,M_Req,missing_destination,66,Application-41-Service,EndDevice-41,Application-41-Service,59600
22845,Application-12,M_Req,missing_destination,37,Application-12-Service,EndDevice-12,Application-12-Service,59700
22862,Application-43,M_Req,missing_destination,68,Application-43-Service,EndDevice-43,Application-43-Service,59700
22864,Application-44,M_Req,missing_destination,69,Application-44-Service,EndDevice-44,Application-44-Service,59700
22873,Application-41,M_Req,missing_destination,66,Application-41-Service,EndDevice-41,Application-41-Service,59700
22915,Application-3,M_Req,missing_destination,28,Application-3-Service,EndDevice-3,Application-3-Service,59900
22917,Application-1,M_Req,missing_destination,26,Application-1-Service,EndDevice-1,Application-1-Service,59900
22929,Application-4,M_Req,missing_destination,29,Application-4-Service,EndDevice-4,Application-4-Service,59900
22960,Application-2,M_Req,missing_destination,27,Application-2-Service,EndDevice-2,Application-2-Service,59900
22963,Application-3,M_Req,missing_destination,28,Application-3-Service,EndDevice-3,Application-3-Service,60000
22965,Application-1,M_Req,missing_destination,26,Application-1-Service,EndDevice-1,Application-1-Service,60000
22974,Application-4,M_Req,missing_destination,29,Application-4-Service,EndDevice-4,Application-4-Service,60000
23046,Application-12,M_Req,missing_destination,37,Application-12-Service,EndDevice-12,Application-12-Service,60200
23051,Application-39,M_Req,missing_destination,64,Application-39-Service,EndDevice-39,Application-39-Service,60200
23054,Application-38,M_Req,missing_destination,63,Application-38-Service,EndDevice-38,Application-38-Service,60200
23067,Application-40,M_Req,missing_destination,65,Application-40-Service,EndDevice-40,Application-40-Service,60300
23094,Application-12,M_Req,missing_destination,37,Application-12-Service,EndDevice-12,Application-12-Service,60300
23099,Application-39,M_Req,missing_destination,64,Application-39-Service,EndDevice-39,Application-39-Service,60300
23102,Application-38,M_Req,missing_destination,63,Application-38-Service,EndDevice-38,Application-38-Service,60300
23115,Application-40,M_Req,missing_destination,65,Application-40-Service,EndDevice-40,Application-40-Service,60400
23140,Application-39,M_Req,missing_destination,64,Application-39-Service,EndDevice-39,Application-39-Service,60400
23159,Application-24,M_Req,missing_destination,49,Application-24-Service,EndDevice-24,Application-24-Service,60500
23163,Application-40,M_Req,missing_destination,65,Application-40-Service,EndDevice-40,Application-40-Service,60500
23166,Application-22,M_Req,missing_destination,47,Application-22-Service,EndDevice-22,Application-22-Service,60500
23169,Application-23,M_Req,missing_destination,48,Application-23-Service,EndDevice-23,Application-23-Service,60500
23183,Application-21,M_Req,missing_destination,46,Application-21-Service,EndDevice-21,Application-21-Service,60500
23184,Application-10,M_Req,missing_destination,35,Application-10-Service,EndDevice-10,Application-10-Service,60500
23188,Application-39,M_Req,missing_destination,64,Application-39-Service,EndDevice-39,Application-39-Service,60500
23202,Application-24,M_Req,missing_destination,49,Application-24-Service,EndDevice-24,Application-24-Service,60600
23206,Application-40,M_Req,missing_destination,65,Application-40-Service,EndDevice-40,Application-40-Service,60600
23209,Application-22,M_Req,missing_destination,47,Application-22-Service,EndDevice-22,Application-22-Service,60600
23211,Application-23,M_Req,missing_destination,48,Application-23-Service,EndDevice-23,Application-23-Service,60600
23254,Application-40,M_Req,missing_destination,65,Application-40-Service,EndDevice-40,Application-40-Service,60700
23274,Application-27,M_Req,missing_destination,52,Application-27-Service,EndDevice-27,Application-27-Service,60800
23301,Application-26,M_Req,missing_destination,51,Application-26-Service,EndDevice-26,Application-26-Service,60900
23302,Application-28,M_Req,missing_destination,53,Application-28-Service,EndDevice-28,Application-28-Service,60900
23303,Application-25,M_Req,missing_destination,50,Application-25-Service,EndDevice-25,Application-25-Service,60900
23322,Application-27,M_Req,missing_destination,52,Application-27-Service,EndDevice-27,Application-27-Service,60900
23348,Application-26,M_Req,missing_destination,51,Application-26-Service,EndDevice-26,Application-26-Service,61000
23349,Application-28,M_Req,missing_destination,53,Application-28-Service,EndDevice-28,Application-28-Service,61000
23350,Application-25,M_Req,missing_destination,50,Application-25-Service,EndDevice-25,Application-25-Service,61000
23366,Application-27,M_Req,missing_destination,52,Application-27-Service,EndDevice-27,Application-27-Service,61000
23396,Application-26,M_Req,missing_destination,51,Application-26-Service,EndDevice-26,Application-26-Service,61100
23397,Application-28,M_Req,missing_destination,53,Application-28-Service,EndDevice-28,Application-28-Service,61100
23398,Application-25,M_Req,missing_destination,50,Application-25-Service,EndDevice-25,Application-25-Service,61100
23399,Application-41,M_Req,missing_destination,66,Application-41-Service,EndDevice-41,Application-41-Service,61100
23409,Application-43,M_Req,missing_destination,68,Application-43-Service,EndDevice-43,Application-43-Service,61100
23410,Application-44,M_Req,missing_destination,69,Application-44-Service,EndDevice-44,Application-44-Service,61100
23414,Application-27,M_Req,missing_destination,52,Application-27-Service,EndDevice-27,Application-27-Service,61100
23419,Application-42,M_Req,missing_destination,67,Application-42-Service,EndDevice-42,Application-42-Service,61100
23440,Application-26,M_Req,missing_destination,51,Application-26-Service,EndDevice-26,Application-26-Service,61200
23441,Application-28,M_Req,missing_destination,53,Application-28-Service,EndDevice-28,Application-28-Service,61200
23442,Application-25,M_Req,missing_destination,50,Application-25-Service,EndDevice-25,Application-25-Service,61200
23443,Application-41,M_Req,missing_destination,66,Application-41-Service,EndDevice-41,Application-41-Service,61200
23488,Application-26,M_Req,missing_destination,51,Application-26-Service,EndDevice-26,Application-26-Service,61300
23489,Application-28,M_Req,missing_destination,53,Application-28-Service,EndDevice-28,Application-28-Service,61300
23490,Application-25,M_Req,missing_destination,50,Application-25-Service,EndDevice-25,Application-25-Service,61300
23499,Application-43,M_Req,missing_destination,68,Application-43-Service,EndDevice-43,Application-43-Service,61400
23507,Application-17,M_Req,missing_destination,42,Application-17-Service,EndDevice-17,Application-17-Service,61400
23516,Application-18,M_Req,missing_destination,43,Application-18-Service,EndDevice-18,Application-18-Service,61400
23527,Application-19,M_Req,missing_destination,44,Application-19-Service,EndDevice-19,Application-19-Service,61500
23536,Application-20,M_Req,missing_destination,45,Application-20-Service,EndDevice-20,Application-20-Service,61500
23547,Application-43,M_Req,missing_destination,68,Application-43-Service,EndDevice-43,Application-43-Service,61500
23555,Application-17,M_Req,missing_destination,42,Application-17-Service,EndDevice-17,Application-17-Service,61500
23564,Application-18,M_Req,missing_destination,43,Application-18-Service,EndDevice-18,Application-18-Service,61500
23581,Application-20,M_Req,missing_destination,45,Application-20-Service,EndDevice-20,Application-20-Service,61600
23590,Application-43,M_Req,missing_destination,68,Application-43-Service,EndDevice-43,Application-43-Service,61600
23596,Application-17,M_Req,missing_destination,42,Application-17-Service,EndDevice-17,Application-17-Service,61600
23629,Application-20,M_Req,missing_destination,45,Application-20-Service,EndDevice-20,Application-20-Service,61700
23638,Application-43,M_Req,missing_destination,68,Application-43-Service,EndDevice-43,Application-43-Service,61700
23644,Application-17,M_Req,missing_destination,42,Application-17-Service,EndDevice-17,Application-17-Service,61700
23732,Application-35,M_Req,missing_destination,60,Application-35-Service,EndDevice-35,Application-35-Service,62000
23749,Application-33,M_Req,missing_destination,58,Application-33-Service,EndDevice-33,Application-33-Service,62000
23758,Application-36,M_Req,missing_destination,61,Application-36-Service,EndDevice-36,Application-36-Service,62100
23762,Application-25,M_Req,missing_destination,50,Application-25-Service,EndDevice-25,Application-25-Service,62100
23780,Application-35,M_Req,missing_destination,60,Application-35-Service,EndDevice-35,Application-35-Service,62100
23797,Application-33,M_Req,missing_destination,58,Application-33-Service,EndDevice-33,Application-33-Service,62100
23806,Application-36,M_Req,missing_destination,61,Application-36-Service,EndDevice-36,Application-36-Service,62200
23810,Application-25,M_Req,missing_destination,50,Application-25-Service,EndDevice-25,Application-25-Service,62200
23826,Application-35,M_Req,missing_destination,60,Application-35-Service,EndDevice-35,Application-35-Service,62200
23847,Application-23,M_Req,missing_destination,48,Application-23-Service,EndDevice-23,Application-23-Service,62300
23849,Application-24,M_Req,missing_destination,49,Application-24-Service,EndDevice-24,Application-24-Service,62300
23854,Application-36,M_Req,missing_destination,61,Application-36-Service,EndDevice-36,Application-36-Service,62300
23858,Application-25,M_Req,missing_destination,50,Application-25-Service,EndDevice-25,Application-25-Service,62300
23865,Application-22,M_Req,missing_destination,47,Application-22-Service,EndDevice-22,Application-22-Service,62300
23871,Application-21,M_Req,missing_destination,46,Application-21-Service,EndDevice-21,Application-21-Service,62300
23874,Application-35,M_Req,missing_destination,60,Application-35-Service,EndDevice-35,Application-35-Service,62300
23896,Application-36,M_Req,missing_destination,61,Application-36-Service,EndDevice-36,Application-36-Service,62400
23900,Application-25,M_Req,missing_destination,50,Application-25-Service,EndDevice-25,Application-25-Service,62400
23944,Application-36,M_Req,missing_destination,61,Application-36-Service,EndDevice-36,Application-36-Service,62500
23948,Application-25,M_Req,missing_destination,50,Application-25-Service,EndDevice-25,Application-25-Service,62500
23958,Application-21,M_Req,missing_destination,46,Application-21-Service,EndDevice-21,Application-21-Service,62600
23967,Application-23,M_Req,missing_destination,48,Application-23-Service,EndDevice-23,Application-23-Service,62600
23983,Application-48,M_Req,missing_destination,73,Application-48-Service,EndDevice-48,Application-48-Service,62600
23984,Application-47,M_Req,missing_destination,72,Application-47-Service,EndDevice-47,Application-47-Service,62600
23985,Application-45,M_Req,missing_destination,70,Application-45-Service,EndDevice-45,Application-45-Service,62600
23991,Application-46,M_Req,missing_destination,71,Application-46-Service,EndDevice-46,Application-46-Service,62700
24006,Application-21,M_Req,missing_destination,46,Application-21-Service,EndDevice-21,Application-21-Service,62700
24015,Application-23,M_Req,missing_destination,48,Application-23-Service,EndDevice-23,Application-23-Service,62700
24031,Application-48,M_Req,missing_destination,73,Application-48-Service,EndDevice-48,Application-48-Service,62700
24032,Application-47,M_Req,missing_destination,72,Application-47-Service,EndDevice-47,Application-47-Service,62700
24033,Application-45,M_Req,missing_destination,70,Application-45-Service,EndDevice-45,Application-45-Service,62700
24065,Application-32,M_Req,missing_destination,57,Application-32-Service,EndDevice-32,Application-32-Service,62900
24071,Application-47,M_Req,missing_destination,72,Application-47-Service,EndDevice-47,Application-47-Service,62900
24074,Application-31,M_Req,missing_destination,56,Application-31-Service,EndDevice-31,Application-31-Service,62900
24091,Application-30,M_Req,missing_destination,55,Application-30-Service,EndDevice-30,Application-30-Service,62900
24104,Application-29,M_Req,missing_destination,54,Application-29-Service,EndDevice-29,Application-29-Service,62900
24108,Application-22,M_Req,missing_destination,47,Application-22-Service,EndDevice-22,Application-22-Service,62900
24113,Application-32,M_Req,missing_destination,57,Application-32-Service,EndDevice-32,Application-32-Service,63000
24119,Application-47,M_Req,missing_destination,72,Application-47-Service,EndDevice-47,Application-47-Service,63000
24121,Application-31,M_Req,missing_destination,56,Application-31-Service,EndDevice-31,Application-31-Service,63000
24134,Application-30,M_Req,missing_destination,55,Application-30-Service,EndDevice-30,Application-30-Service,63000
24191,Application-29,M_Req,missing_destination,54,Application-29-Service,EndDevice-29,Application-29-Service,63200
24198,Application-48,M_Req,missing_destination,73,Application-48-Service,EndDevice-48,Application-48-Service,63200
24213,Application-46,M_Req,missing_destination,71,Application-46-Service,EndDevice-46,Application-46-Service,63200
24216,Application-33,M_Req,missing_destination,58,Application-33-Service,EndDevice-33,Application-33-Service,63200
24239,Application-29,M_Req,missing_destination,54,Application-29-Service,EndDevice-29,Application-29-Service,63300
24246,Application-48,M_Req,missing_destination,73,Application-48-Service,EndDevice-48,Application-48-Service,63300
24261,Application-46,M_Req,missing_destination,71,Application-46-Service,EndDevice-46,Application-46-Service,63300
24264,Application-33,M_Req,missing_destination,58,Application-33-Service,EndDevice-33,Application-33-Service,63300
24292,Application-18,M_Req,missing_destination,43,Application-18-Service,EndDevice-18,Application-18-Service,63500
24298,Application-45,M_Req,missing_destination,70,Application-45-Service,EndDevice-45,Application-45-Service,63500
24311,Application-19,M_Req,missing_destination,44,Application-19-Service,EndDevice-19,Application-19-Service,63500
24315,Application-17,M_Req,missing_destination,42,Application-17-Service,EndDevice-17,Application-17-Service,63500
24320,Application-20,M_Req,missing_destination,45,Application-20-Service,EndDevice-20,Application-20-Service,63500
24339,Application-18,M_Req,missing_destination,43,Application-18-Service,EndDevice-18,Application-18-Service,63600
24345,Application-45,M_Req,missing_destination,70,Application-45-Service,EndDevice-45,Application-45-Service,63600
24354,Application-19,M_Req,missing_destination,44,Application-19-Service,EndDevice-19,Application-19-Service,63600
24357,Application-17,M_Req,missing_destination,42,Application-17-Service,EndDevice-17,Application-17-Service,63600
24362,Application-20,M_Req,missing_destination,45,Application-20-Service,EndDevice-20,Application-20-Service,63600
24387,Application-18,M_Req,missing_destination,43,Application-18-Service,EndDevice-18,Application-18-Service,63700
24393,Application-45,M_Req,missing_destination,70,Application-45-Service,EndDevice-45,Application-45-Service,63700
24402,Application-19,M_Req,missing_destination,44,Application-19-Service,EndDevice-19,Application-19-Service,63700
24405,Application-17,M_Req,missing_destination,42,Application-17-Service,EndDevice-17,Application-17-Service,63700
24410,Application-20,M_Req,missing_destination,45,Application-20-Service,EndDevice-20,Application-20-Service,63700
24420,Application-22,M_Req,missing_destination,47,Application-22-Service,EndDevice-22,Application-22-Service,63800
24432,Application-24,M_Req,missing_destination,49,Application-24-Service,EndDevice-24,Application-24-Service,63800
24434,Application-18,M_Req,missing_destination,43,Application-18-Service,EndDevice-18,Application-18-Service,63800
24440,Application-45,M_Req,missing_destination,70,Application-45-Service,EndDevice-45,Application-45-Service,63800
24446,Application-19,M_Req,missing_destination,44,Application-19-Service,EndDevice-19,Application-19-Service,63800
24454,Application-21,M_Req,missing_destination,46,Application-21-Service,EndDevice-21,Application-21-Service,63900
24468,Application-22,M_Req,missing_destination,47,Application-22-Service,EndDevice-22,Application-22-Service,63900
24480,Application-24,M_Req,missing_destination,49,Application-24-Service,EndDevice-24,Application-24-Service,63900
24482,Application-18,M_Req,missing_destination,43,Application-18-Service,EndDevice-18,Application-18-Service,63900
24488,Application-45,M_Req,missing_destination,70,Application-45-Service,EndDevice-45,Application-45-Service,63900
24494,Application-19,M_Req,missing_destination,44,Application-19-Service,EndDevice-19,Application-19-Service,63900
24527,Application-47,M_Req,missing_destination,72,Application-47-Service,EndDevice-47,Application-47-Service,64100
24528,Application-45,M_Req,missing_destination,70,Application-45-Service,EndDevice-45,Application-45-Service,64100
24530,Application-46,M_Req,missing_destination,71,Application-46-Service,EndDevice-46,Application-46-Service,64100
24563,Application-48,M_Req,missing_destination,73,Application-48-Service,EndDevice-48,Application-48-Service,64100
24574,Application-45,M_Req,missing_destination,70,Application-45-Service,EndDevice-45,Application-45-Service,64200
24576,Application-46,M_Req,missing_destination,71,Application-46-Service,EndDevice-46,Application-46-Service,64200
24659,Application-28,M_Req,missing_destination,53,Application-28-Service,EndDevice-28,Application-28-Service,64400
24672,Application-25,M_Req,missing_destination,50,Application-25-Service,EndDevice-25,Application-25-Service,64400
24707,Application-28,M_Req,missing_destination,53,Application-28-Service,EndDevice-28,Application-28-Service,64500
24720,Application-25,M_Req,missing_destination,50,Application-25-Service,EndDevice-25,Application-25-Service,64500
24748,Application-28,M_Req,missing_destination,53,Application-28-Service,EndDevice-28,Application-28-Service,64600
24754,Application-45,M_Req,missing_destination,70,Application-45-Service,EndDevice-45,Application-45-Service,64700
24764,Application-48,M_Req,missing_destination,73,Application-48-Service,EndDevice-48,Application-48-Service,64700
24783,Application-47,M_Req,missing_destination,72,Application-47-Service,EndDevice-47,Application-47-Service,64700
24786,Application-46,M_Req,missing_destination,71,Application-46-Service,EndDevice-46,Application-46-Service,64700
24796,Application-28,M_Req,missing_destination,53,Application-28-Service,EndDevice-28,Application-28-Service,64700
24801,Application-45,M_Req,missing_destination,70,Application-45-Service,EndDevice-45,Application-45-Service,64800
24810,Application-48,M_Req,missing_destination,73,Application-48-Service,EndDevice-48,Application-48-Service,64800
24826,Application-47,M_Req,missing_destination,72,Application-47-Service,EndDevice-47,Application-47-Service,64800
24849,Application-45,M_Req,missing_destination,70,Application-45-Service,EndDevice-45,Application-45-Service,64900
24858,Application-48,M_Req,missing_destination,73,Application-48-Service,EndDevice-48,Application-48-Service,64900
24874,Application-47,M_Req,missing_destination,72,Application-47-Service,EndDevice-47,Application-47-Service,64900
24883,Application-28,M_Req,missing_destination,53,Application-28-Service,EndDevice-28,Application-28-Service,65000
24886,Application-1,M_Req,missing_destination,26,Application-1-Service,EndDevice-1,Application-1-Service,65000
24893,Application-45,M_Req,missing_destination,70,Application-45-Service,EndDevice-45,Application-45-Service,65000
24900,Application-4,M_Req,missing_destination,29,Application-4-Service,EndDevice-4,Application-4-Service,65000
24902,Application-48,M_Req,missing_destination,73,Application-48-Service,EndDevice-48,Application-48-Service,65000
24931,Application-28,M_Req,missing_destination,53,Application-28-Service,EndDevice-28,Application-28-Service,65100
24934,Application-1,M_Req,missing_destination,26,Application-1-Service,EndDevice-1,Application-1-Service,65100
24941,Application-45,M_Req,missing_destination,70,Application-45-Service,EndDevice-45,Application-45-Service,65100
24948,Application-4,M_Req,missing_destination,29,Application-4-Service,EndDevice-4,Application-4-Service,65100
24950,Application-48,M_Req,missing_destination,73,Application-48-Service,EndDevice-48,Application-48-Service,65100
24972,Application-28,M_Req,missing_destination,53,Application-28-Service,EndDevice-28,Application-28-Service,65200
24975,Application-1,M_Req,missing_destination,26,Application-1-Service,EndDevice-1,Application-1-Service,65200
24989,Application-48,M_Req,missing_destination,73,Application-48-Service,EndDevice-48,Application-48-Service,65300
24990,Application-39,M_Req,missing_destination,64,Application-39-Service,EndDevice-39,Application-39-Service,65300
24994,Application-40,M_Req,missing_destination,65,Application-40-Service,EndDevice-40,Application-40-Service,65300
24995,Application-38,M_Req,missing_destination,63,Application-38-Service,EndDevice-38,Application-38-Service,65300
25015,Application-2,M_Req,missing_destination,27,Application-2-Service,EndDevice-2,Application-2-Service,65300
25016,Application-37,M_Req,missing_destination,62,Application-37-Service,EndDevice-37,Application-37-Service,65300
25020,Application-28,M_Req,missing_destination,53,Application-28-Service,EndDevice-28,Application-28-Service,65300
25023,Application-1,M_Req,missing_destination,26,Application-1-Service,EndDevice-1,Application-1-Service,65300
25035,Application-48,M_Req,missing_destination,73,Application-48-Service,EndDevice-48,Application-48-Service,65400
25036,Application-39,M_Req,missing_destination,64,Application-39-Service,EndDevice-39,Application-39-Service,65400
25040,Application-40,M_Req,missing_destination,65,Application-40-Service,EndDevice-40,Application-40-Service,65400
25041,Application-38,M_Req,missing_destination,63,Application-38-Service,EndDevice-38,Application-38-Service,65400
25057,Application-37,M_Req,missing_destination,62,Application-37-Service,EndDevice-37,Application-37-Service,65400
25123,Application-45,M_Req,missing_destination,70,Application-45-Service,EndDevice-45,Application-45-Service,65600
25128,Application-24,M_Req,missing_destination,49,Application-24-Service,EndDevice-24,Application-24-Service,65600
25142,Application-23,M_Req,missing_destination,48,Application-23-Service,EndDevice-23,Application-23-Service,65700
25171,Application-45,M_Req,missing_destination,70,Application-45-Service,EndDevice-45,Application-45-Service,65700
25176,Application-24,M_Req,missing_destination,49,Application-24-Service,EndDevice-24,Application-24-Service,65700
25212,Application-32,M_Req,missing_destination,57,Application-32-Service,EndDevice-32,Application-32-Service,65900
25235,Application-31,M_Req,missing_destination,56,Application-31-Service,EndDevice-31,Application-31-Service,65900
25236,Application-29,M_Req,missing_destination,54,Application-29-Service,EndDevice-29,Application-29-Service,65900
25244,Application-22,M_Req,missing_destination,47,Application-22-Service,EndDevice-22,Application-22-Service,65900
25248,Application-30,M_Req,missing_destination,55,Application-30-Service,EndDevice-30,Application-30-Service,65900
25277,Application-31,M_Req,missing_destination,56,Application-31-Service,EndDevice-31,Application-31-Service,66000
25278,Application-29,M_Req,missing_destination,54,Application-29-Service,EndDevice-29,Application-29-Service,66000
25325,Application-31,M_Req,missing_destination,56,Application-31-Service,EndDevice-31,Application-31-Service,66100
25326,Application-29,M_Req,missing_destination,54,Application-29-Service,EndDevice-29,Application-29-Service,66100
25338,Application-35,M_Req,missing_destination,60,Application-35-Service,EndDevice-35,Application-35-Service,66200
25347,Application-34,M_Req,missing_destination,59,Application-34-Service,EndDevice-34,Application-34-Service,66200
25351,Application-33,M_Req,missing_destination,58,Application-33-Service,EndDevice-33,Application-33-Service,66200
25386,Application-35,M_Req,missing_destination,60,Application-35-Service,EndDevice-35,Application-35-Service,66300
25395,Application-34,M_Req,missing_destination,59,Application-34-Service,EndDevice-34,Application-34-Service,66300
25399,Application-33,M_Req,missing_destination,58,Application-33-Service,EndDevice-33,Application-33-Service,66300
25447,Application-24,M_Req,missing_destination,49,Application-24-Service,EndDevice-24,Application-24-Service,66500
25452,Application-21,M_Req,missing_destination,46,Application-21-Service,EndDevice-21,Application-21-Service,66500
25460,Application-23,M_Req,missing_destination,48,Application-23-Service,EndDevice-23,Application-23-Service,66500
25462,Application-29,M_Req,missing_destination,54,Application-29-Service,EndDevice-29,Application-29-Service,66500
25484,Application-32,M_Req,missing_destination,57,Application-32-Service,EndDevice-32,Application-32-Service,66500
25487,Application-22,M_Req,missing_destination,47,Application-22-Service,EndDevice-22,Application-22-Service,66500
25494,Application-24,M_Req,missing_destination,49,Application-24-Service,EndDevice-24,Application-24-Service,66600
25496,Application-21,M_Req,missing_destination,46,Application-21-Service,EndDevice-21,Application-21-Service,66600
25503,Application-23,M_Req,missing_destination,48,Application-23-Service,EndDevice-23,Application-23-Service,66600
25505,Application-29,M_Req,missing_destination,54,Application-29-Service,EndDevice-29,Application-29-Service,66600
25542,Application-24,M_Req,missing_destination,49,Application-24-Service,EndDevice-24,Application-24-Service,66700
25544,Application-21,M_Req,missing_destination,46,Application-21-Service,EndDevice-21,Application-21-Service,66700
25551,Application-23,M_Req,missing_destination,48,Application-23-Service,EndDevice-23,Application-23-Service,66700
25553,Application-29,M_Req,missing_destination,54,Application-29-Service,EndDevice-29,Application-29-Service,66700
25585,Application-24,M_Req,missing_destination,49,Application-24-Service,EndDevice-24,Application-24-Service,66800
25587,Application-21,M_Req,missing_destination,46,Application-21-Service,EndDevice-21,Application-21-Service,66800
25593,Application-23,M_Req,missing_destination,48,Application-23-Service,EndDevice-23,Application-23-Service,66800
25600,Application-31,M_Req,missing_destination,56,Application-31-Service,EndDevice-31,Application-31-Service,66900
25633,Application-24,M_Req,missing_destination,49,Application-24-Service,EndDevice-24,Application-24-Service,66900
25635,Application-21,M_Req,missing_destination,46,Application-21-Service,EndDevice-21,Application-21-Service,66900
25641,Application-23,M_Req,missing_destination,48,Application-23-Service,EndDevice-23,Application-23-Service,66900
25676,Application-7,M_Req,missing_destination,32,Application-7-Service,EndDevice-7,Application-7-Service,67100
25689,Application-8,M_Req,missing_destination,33,Application-8-Service,EndDevice-8,Application-8-Service,67100
25692,Application-6,M_Req,missing_destination,31,Application-6-Service,EndDevice-6,Application-6-Service,67100
25693,Application-5,M_Req,missing_destination,30,Application-5-Service,EndDevice-5,Application-5-Service,67100
25704,Application-30,M_Req,missing_destination,55,Application-30-Service,EndDevice-30,Application-30-Service,67100
25724,Application-7,M_Req,missing_destination,32,Application-7-Service,EndDevice-7,Application-7-Service,67200
25735,Application-6,M_Req,missing_destination,31,Application-6-Service,EndDevice-6,Application-6-Service,67200
25736,Application-5,M_Req,missing_destination,30,Application-5-Service,EndDevice-5,Application-5-Service,67200
25772,Application-7,M_Req,missing_destination,32,Application-7-Service,EndDevice-7,Application-7-Service,67300
25783,Application-6,M_Req,missing_destination,31,Application-6-Service,EndDevice-6,Application-6-Service,67300
25784,Application-5,M_Req,missing_destination,30,Application-5-Service,EndDevice-5,Application-5-Service,67300
25796,Application-2,M_Req,missing_destination,27,Application-2-Service,EndDevice-2,Application-2-Service,67400
25797,Application-1,M_Req,missing_destination,26,Application-1-Service,EndDevice-1,Application-1-Service,67400
25800,Application-3,M_Req,missing_destination,28,Application-3-Service,EndDevice-3,Application-3-Service,67400
25815,Application-7,M_Req,missing_destination,32,Application-7-Service,EndDevice-7,Application-7-Service,67400
25824,Application-4,M_Req,missing_destination,29,Application-4-Service,EndDevice-4,Application-4-Service,67400
25844,Application-2,M_Req,missing_destination,27,Application-2-Service,EndDevice-2,Application-2-Service,67500
25845,Application-1,M_Req,missing_destination,26,Application-1-Service,EndDevice-1,Application-1-Service,67500
25848,Application-3,M_Req,missing_destination,28,Application-3-Service,EndDevice-3,Application-3-Service,67500
25863,Application-7,M_Req,missing_destination,32,Application-7-Service,EndDevice-7,Application-7-Service,67500
25872,Application-4,M_Req,missing_destination,29,Application-4-Service,EndDevice-4,Application-4-Service,67500
25890,Application-1,M_Req,missing_destination,26,Application-1-Service,EndDevice-1,Application-1-Service,67600
25893,Application-3,M_Req,missing_destination,28,Application-3-Service,EndDevice-3,Application-3-Service,67600
25906,Application-18,M_Req,missing_destination,43,Application-18-Service,EndDevice-18,Application-18-Service,67700
25907,Application-17,M_Req,missing_destination,42,Application-17-Service,EndDevice-17,Application-17-Service,67700
25928,Application-19,M_Req,missing_destination,44,Application-19-Service,EndDevice-19,Application-19-Service,67700
25938,Application-1,M_Req,missing_destination,26,Application-1-Service,EndDevice-1,Application-1-Service,67700
25941,Application-3,M_Req,missing_destination,28,Application-3-Service,EndDevice-3,Application-3-Service,67700
25946,Application-20,M_Req,missing_destination,45,Application-20-Service,EndDevice-20,Application-20-Service,67700
25953,Application-17,M_Req,missing_destination,42,Application-17-Service,EndDevice-17,Application-17-Service,67800
25969,Application-19,M_Req,missing_destination,44,Application-19-Service,EndDevice-19,Application-19-Service,67800
26032,Application-27,M_Req,missing_destination,52,Application-27-Service,EndDevice-27,Application-27-Service,68000
26034,Application-25,M_Req,missing_destination,50,Application-25-Service,EndDevice-25,Application-25-Service,68000
26037,Application-4,M_Req,missing_destination,29,Application-4-Service,EndDevice-4,Application-4-Service,68000
26045,Application-26,M_Req,missing_destination,51,Application-26-Service,EndDevice-26,Application-26-Service,68000
26052,Application-28,M_Req,missing_destination,53,Application-28-Service,EndDevice-28,Application-28-Service,68000
26080,Application-27,M_Req,missing_destination,52,Application-27-Service,EndDevice-27,Application-27-Service,68100
26082,Application-25,M_Req,missing_destination,50,Application-25-Service,EndDevice-25,Application-25-Service,68100
26085,Application-4,M_Req,missing_destination,29,Application-4-Service,EndDevice-4,Application-4-Service,68100
26093,Application-26,M_Req,missing_destination,51,Application-26-Service,EndDevice-26,Application-26-Service,68100
26100,Application-28,M_Req,missing_destination,53,Application-28-Service,EndDevice-28,Application-28-Service,68100
26125,Application-25,M_Req,missing_destination,50,Application-25-Service,EndDevice-25,Application-25-Service,68200
26140,Application-14,M_Req,missing_destination,39,Application-14-Service,EndDevice-14,Application-14-Service,68300
26142,Application-2,M_Req,missing_destination,27,Application-2-Service,EndDevice-2,Application-2-Service,68300
26147,Application-13,M_Req,missing_destination,38,Application-13-Service,EndDevice-13,Application-13-Service,68300
26156,Application-15,M_Req,missing_destination,40,Application-15-Service,EndDevice-15,Application-15-Service,68300
26160,Application-16,M_Req,missing_destination,41,Application-16-Service,EndDevice-16,Application-16-Service,68300
26173,Application-25,M_Req,missing_destination,50,Application-25-Service,EndDevice-25,Application-25-Service,68300
26187,Application-14,M_Req,missing_destination,39,Application-14-Service,EndDevice-14,Application-14-Service,68400
26193,Application-13,M_Req,missing_destination,38,Application-13-Service,EndDevice-13,Application-13-Service,68400
26200,Application-15,M_Req,missing_destination,40,Application-15-Service,EndDevice-15,Application-15-Service,68400
26204,Application-16,M_Req,missing_destination,41,Application-16-Service,EndDevice-16,Application-16-Service,68400
26235,Application-14,M_Req,missing_destination,39,Application-14-Service,EndDevice-14,Application-14-Service,68500
26241,Application-13,M_Req,missing_destination,38,Application-13-Service,EndDevice-13,Application-13-Service,68500
26248,Application-15,M_Req,missing_destination,40,Application-15-Service,EndDevice-15,Application-15-Service,68500
26252,Application-16,M_Req,missing_destination,41,Application-16-Service,EndDevice-16,Application-16-Service,68500
26260,Application-3,M_Req,missing_destination,28,Application-3-Service,EndDevice-3,Application-3-Service,68600
26267,Application-2,M_Req,missing_destination,27,Application-2-Service,EndDevice-2,Application-2-Service,68600
26283,Application-4,M_Req,missing_destination,29,Application-4-Service,EndDevice-4,Application-4-Service,68600
26284,Application-13,M_Req,missing_destination,38,Application-13-Service,EndDevice-13,Application-13-Service,68600
26286,Application-27,M_Req,missing_destination,52,Application-27-Service,EndDevice-27,Application-27-Service,68600
26308,Application-3,M_Req,missing_destination,28,Application-3-Service,EndDevice-3,Application-3-Service,68700
26315,Application-2,M_Req,missing_destination,27,Application-2-Service,EndDevice-2,Application-2-Service,68700
26331,Application-4,M_Req,missing_destination,29,Application-4-Service,EndDevice-4,Application-4-Service,68700
26332,Application-13,M_Req,missing_destination,38,Application-13-Service,EndDevice-13,Application-13-Service,68700
26334,Application-27,M_Req,missing_destination,52,Application-27-Service,EndDevice-27,Application-27-Service,68700
26380,Application-22,M_Req,missing_destination,47,Application-22-Service,EndDevice-22,Application-22-Service,68900
26387,Application-24,M_Req,missing_destination,49,Application-24-Service,EndDevice-24,Application-24-Service,68900
26410,Application-21,M_Req,missing_destination,46,Application-21-Service,EndDevice-21,Application-21-Service,68900
26411,Application-23,M_Req,missing_destination,48,Application-23-Service,EndDevice-23,Application-23-Service,68900
26427,Application-22,M_Req,missing_destination,47,Application-22-Service,EndDevice-22,Application-22-Service,69000
26433,Application-24,M_Req,missing_destination,49,Application-24-Service,EndDevice-24,Application-24-Service,69000
26475,Application-22,M_Req,missing_destination,47,Application-22-Service,EndDevice-22,Application-22-Service,69100
26481,Application-24,M_Req,missing_destination,49,Application-24-Service,EndDevice-24,Application-24-Service,69100
26515,Application-22,M_Req,missing_destination,47,Application-22-Service,EndDevice-22,Application-22-Service,69200
26520,Application-15,M_Req,missing_destination,40,Application-15-Service,EndDevice-15,Application-15-Service,69300
26524,Application-16,M_Req,missing_destination,41,Application-16-Service,EndDevice-16,Application-16-Service,69300
26563,Application-22,M_Req,missing_destination,47,Application-22-Service,EndDevice-22,Application-22-Service,69300
26601,Application-10,M_Req,missing_destination,35,Application-10-Service,EndDevice-10,Application-10-Service,69500
26615,Application-11,M_Req,missing_destination,36,Application-11-Service,EndDevice-11,Application-11-Service,69500
26618,Application-12,M_Req,missing_destination,37,Application-12-Service,EndDevice-12,Application-12-Service,69500
26630,Application-9,M_Req,missing_destination,34,Application-9-Service,EndDevice-9,Application-9-Service,69500
26646,Application-10,M_Req,missing_destination,35,Application-10-Service,EndDevice-10,Application-10-Service,69600
26657,Application-11,M_Req,missing_destination,36,Application-11-Service,EndDevice-11,Application-11-Service,69600
26716,Application-35,M_Req,missing_destination,60,Application-35-Service,EndDevice-35,Application-35-Service,69800
26720,Application-33,M_Req,missing_destination,58,Application-33-Service,EndDevice-33,Application-33-Service,69800
26764,Application-35,M_Req,missing_destination,60,Application-35-Service,EndDevice-35,Application-35-Service,69900
26768,Application-33,M_Req,missing_destination,58,Application-33-Service,EndDevice-33,Application-33-Service,69900
26809,Application-35,M_Req,missing_destination,60,Application-35-Service,EndDevice-35,Application-35-Service,70000
26828,Application-26,M_Req,missing_destination,51,Application-26-Service,EndDevice-26,Application-26-Service,70100
26831,Application-25,M_Req,missing_destination,50,Application-25-Service,EndDevice-25,Application-25-Service,70100
26846,Application-28,M_Req,missing_destination,53,Application-28-Service,EndDevice-28,Application-28-Service,70100
26853,Application-36,M_Req,missing_destination,61,Application-36-Service,EndDevice-36,Application-36-Service,70100
26856,Application-27,M_Req,missing_destination,52,Application-27-Service,EndDevice-27,Application-27-Service,70100
26857,Application-35,M_Req,missing_destination,60,Application-35-Service,EndDevice-35,Application-35-Service,70100
26875,Application-26,M_Req,missing_destination,51,Application-26-Service,EndDevice-26,Application-26-Service,70200
26877,Application-25,M_Req,missing_destination,50,Application-25-Service,EndDevice-25,Application-25-Service,70200
26889,Application-28,M_Req,missing_destination,53,Application-28-Service,EndDevice-28,Application-28-Service,70200
26893,Application-36,M_Req,missing_destination,61,Application-36-Service,EndDevice-36,Application-36-Service,70200
26896,Application-27,M_Req,missing_destination,52,Application-27-Service,EndDevice-27,Application-27-Service,70200
26923,Application-26,M_Req,missing_destination,51,Application-26-Service,EndDevice-26,Application-26-Service,70300
26925,Application-25,M_Req,missing_destination,50,Application-25-Service,EndDevice-25,Application-25-Service,70300
26937,Application-28,M_Req,missing_destination,53,Application-28-Service,EndDevice-28,Application-28-Service,70300
26941,Application-36,M_Req,missing_destination,61,Application-36-Service,EndDevice-36,Application-36-Service,70300
26944,Application-27,M_Req,missing_destination,52,Application-27-Service,EndDevice-27,Application-27-Service,70300
26958,Application-41,M_Req,missing_destination,66,Application-41-Service,EndDevice-41,Application-41-Service,70400
26959,Application-44,M_Req,missing_destination,69,Application-44-Service,EndDevice-44,Application-44-Service,70400
26964,Application-26,M_Req,missing_destination,51,Application-26-Service,EndDevice-26,Application-26-Service,70400
26966,Application-25,M_Req,missing_destination,50,Application-25-Service,EndDevice-25,Application-25-Service,70400
26978,Application-43,M_Req,missing_destination,68,Application-43-Service,EndDevice-43,Application-43-Service,70500
27006,Application-41,M_Req,missing_destination,66,Application-41-Service,EndDevice-41,Application-41-Service,70500
27007,Application-44,M_Req,missing_destination,69,Application-44-Service,EndDevice-44,Application-44-Service,70500
27012,Application-26,M_Req,missing_destination,51,Application-26-Service,EndDevice-26,Application-26-Service,70500
27014,Application-25,M_Req,missing_destination,50,Application-25-Service,EndDevice-25,Application-25-Service,70500
27026,Application-43,M_Req,missing_destination,68,Application-43-Service,EndDevice-43,Application-43-Service,70600
27048,Application-44,M_Req,missing_destination,69,Application-44-Service,EndDevice-44,Application-44-Service,70600
27057,Application-13,M_Req,missing_destination,38,Application-13-Service,EndDevice-13,Application-13-Service,70700
27059,Application-16,M_Req,missing_destination,41,Application-16-Service,EndDevice-16,Application-16-Service,70700
27060,Application-14,M_Req,missing_destination,39,Application-14-Service,EndDevice-14,Application-14-Service,70700
27064,Application-15,M_Req,missing_destination,40,Application-15-Service,EndDevice-15,Application-15-Service,70700
27074,Application-43,M_Req,missing_destination,68,Application-43-Service,EndDevice-43,Application-43-Service,70700
27096,Application-44,M_Req,missing_destination,69,Application-44-Service,EndDevice-44,Application-44-Service,70700
27109,Application-15,M_Req,missing_destination,40,Application-15-Service,EndDevice-15,Application-15-Service,70800
27177,Application-32,M_Req,missing_destination,57,Application-32-Service,EndDevice-32,Application-32-Service,71000
27179,Application-29,M_Req,missing_destination,54,Application-29-Service,EndDevice-29,Application-29-Service,71000
27180,Application-31,M_Req,missing_destination,56,Application-31-Service,EndDevice-31,Application-31-Service,71000
27192,Application-26,M_Req,missing_destination,51,Application-26-Service,EndDevice-26,Application-26-Service,71000
27204,Application-30,M_Req,missing_destination,55,Application-30-Service,EndDevice-30,Application-30-Service,71100
27225,Application-32,M_Req,missing_destination,57,Application-32-Service,EndDevice-32,Application-32-Service,71100
27227,Application-29,M_Req,missing_destination,54,Application-29-Service,EndDevice-29,Application-29-Service,71100
27228,Application-31,M_Req,missing_destination,56,Application-31-Service,EndDevice-31,Application-31-Service,71100
27240,Application-26,M_Req,missing_destination,51,Application-26-Service,EndDevice-26,Application-26-Service,71100
27252,Application-30,M_Req,missing_destination,55,Application-30-Service,EndDevice-30,Application-30-Service,71200
27270,Application-32,M_Req,missing_destination,57,Application-32-Service,EndDevice-32,Application-32-Service,71200
27272,Application-29,M_Req,missing_destination,54,Application-29-Service,EndDevice-29,Application-29-Service,71200
27273,Application-31,M_Req,missing_destination,56,Application-31-Service,EndDevice-31,Application-31-Service,71200
27283,Application-33,M_Req,missing_destination,58,Application-33-Service,EndDevice-33,Application-33-Service,71300
27300,Application-30,M_Req,missing_destination,55,Application-30-Service,EndDevice-30,Application-30-Service,71300
27305,Application-34,M_Req,missing_destination,59,Application-34-Service,EndDevice-34,Application-34-Service,71300
27312,Application-35,M_Req,missing_destination,60,Application-35-Service,EndDevice-35,Application-35-Service,71300
27317,Application-36,M_Req,missing_destination,61,Application-36-Service,EndDevice-36,Application-36-Service,71300
27318,Application-32,M_Req,missing_destination,57,Application-32-Service,EndDevice-32,Application-32-Service,71300
27320,Application-29,M_Req,missing_destination,54,Application-29-Service,EndDevice-29,Application-29-Service,71300
27321,Application-31,M_Req,missing_destination,56,Application-31-Service,EndDevice-31,Application-31-Service,71300
27322,Application-42,M_Req,missing_destination,67,Application-42-Service,EndDevice-42,Application-42-Service,71300
27344,Application-30,M_Req,missing_destination,55,Application-30-Service,EndDevice-30,Application-30-Service,71400
27347,Application-34,M_Req,missing_destination,59,Application-34-Service,EndDevice-34,Application-34-Service,71400
27353,Application-35,M_Req,missing_destination,60,Application-35-Service,EndDevice-35,Application-35-Service,71400
27356,Application-36,M_Req,missing_destination,61,Application-36-Service,EndDevice-36,Application-36-Service,71400
27392,Application-30,M_Req,missing_destination,55,Application-30-Service,EndDevice-30,Application-30-Service,71500
27417,Application-26,M_Req,missing_destination,51,Application-26-Service,EndDevice-26,Application-26-Service,71600
27428,Application-27,M_Req,missing_destination,52,Application-27-Service,EndDevice-27,Application-27-Service,71600
27432,Application-30,M_Req,missing_destination,55,Application-30-Service,EndDevice-30,Application-30-Service,71700
27433,Application-28,M_Req,missing_destination,53,Application-28-Service,EndDevice-28,Application-28-Service,71700
27465,Application-26,M_Req,missing_destination,51,Application-26-Service,EndDevice-26,Application-26-Service,71700
27476,Application-27,M_Req,missing_destination,52,Application-27-Service,EndDevice-27,Application-27-Service,71700
27510,Application-2,M_Req,missing_destination,27,Application-2-Service,EndDevice-2,Application-2-Service,71900
27515,Application-27,M_Req,missing_destination,52,Application-27-Service,EndDevice-27,Application-27-Service,71900
27516,Application-3,M_Req,missing_destination,28,Application-3-Service,EndDevice-3,Application-3-Service,71900
27524,Application-4,M_Req,missing_destination,29,Application-4-Service,EndDevice-4,Application-4-Service,71900
27530,Application-1,M_Req,missing_destination,26,Application-1-Service,EndDevice-1,Application-1-Service,71900
27560,Application-27,M_Req,missing_destination,52,Application-27-Service,EndDevice-27,Application-27-Service,72000
27561,Application-3,M_Req,missing_destination,28,Application-3-Service,EndDevice-3,Application-3-Service,72000
27568,Application-4,M_Req,missing_destination,29,Application-4-Service,EndDevice-4,Application-4-Service,72000
27608,Application-27,M_Req,missing_destination,52,Application-27-Service,EndDevice-27,Application-27-Service,72100
27609,Application-3,M_Req,missing_destination,28,Application-3-Service,EndDevice-3,Application-3-Service,72100
27616,Application-4,M_Req,missing_destination,29,Application-4-Service,EndDevice-4,Application-4-Service,72100
27641,Application-2,M_Req,missing_destination,27,Application-2-Service,EndDevice-2,Application-2-Service,72200
27650,Application-21,M_Req,missing_destination,46,Application-21-Service,EndDevice-21,Application-21-Service,72200
27652,Application-27,M_Req,missing_destination,52,Application-27-Service,EndDevice-27,Application-27-Service,72200
27659,Application-23,M_Req,missing_destination,48,Application-23-Service,EndDevice-23,Application-23-Service,72200
27668,Application-22,M_Req,missing_destination,47,Application-22-Service,EndDevice-22,Application-22-Service,72300
27669,Application-24,M_Req,missing_destination,49,Application-24-Service,EndDevice-24,Application-24-Service,72300
27689,Application-2,M_Req,missing_destination,27,Application-2-Service,EndDevice-2,Application-2-Service,72300
27698,Application-21,M_Req,missing_destination,46,Application-21-Service,EndDevice-21,Application-21-Service,72300
27700,Application-27,M_Req,missing_destination,52,Application-27-Service,EndDevice-27,Application-27-Service,72300
27707,Application-23,M_Req,missing_destination,48,Application-23-Service,EndDevice-23,Application-23-Service,72300
27716,Application-22,M_Req,missing_destination,47,Application-22-Service,EndDevice-22,Application-22-Service,72400
27717,Application-24,M_Req,missing_destination,49,Application-24-Service,EndDevice-24,Application-24-Service,72400
27735,Application-2,M_Req,missing_destination,27,Application-2-Service,EndDevice-2,Application-2-Service,72400
27738,Application-10,M_Req,missing_destination,35,Application-10-Service,EndDevice-10,Application-10-Service,72500
27761,Application-9,M_Req,missing_destination,34,Application-9-Service,EndDevice-9,Application-9-Service,72500
27764,Application-22,M_Req,missing_destination,47,Application-22-Service,EndDevice-22,Application-22-Service,72500
27765,Application-24,M_Req,missing_destination,49,Application-24-Service,EndDevice-24,Application-24-Service,72500
27770,Application-12,M_Req,missing_destination,37,Application-12-Service,EndDevice-12,Application-12-Service,72500
27779,Application-11,M_Req,missing_destination,36,Application-11-Service,EndDevice-11,Application-11-Service,72500
27783,Application-2,M_Req,missing_destination,27,Application-2-Service,EndDevice-2,Application-2-Service,72500
27805,Application-9,M_Req,missing_destination,34,Application-9-Service,EndDevice-9,Application-9-Service,72600
27808,Application-22,M_Req,missing_destination,47,Application-22-Service,EndDevice-22,Application-22-Service,72600
27809,Application-24,M_Req,missing_destination,49,Application-24-Service,EndDevice-24,Application-24-Service,72600
27856,Application-22,M_Req,missing_destination,47,Application-22-Service,EndDevice-22,Application-22-Service,72700
27857,Application-24,M_Req,missing_destination,49,Application-24-Service,EndDevice-24,Application-24-Service,72700
27870,Application-31,M_Req,missing_destination,56,Application-31-Service,EndDevice-31,Application-31-Service,72800
27872,Application-32,M_Req,missing_destination,57,Application-32-Service,EndDevice-32,Application-32-Service,72800
27888,Application-29,M_Req,missing_destination,54,Application-29-Service,EndDevice-29,Application-29-Service,72800
27890,Application-30,M_Req,missing_destination,55,Application-30-Service,EndDevice-30,Application-30-Service,72900
27918,Application-31,M_Req,missing_destination,56,Application-31-Service,EndDevice-31,Application-31-Service,72900
27920,Application-32,M_Req,missing_destination,57,Application-32-Service,EndDevice-32,Application-32-Service,72900
27936,Application-29,M_Req,missing_destination,54,Application-29-Service,EndDevice-29,Application-29-Service,72900
27970,Application-43,M_Req,missing_destination,68,Application-43-Service,EndDevice-43,Application-43-Service,73100
27979,Application-44,M_Req,missing_destination,69,Application-44-Service,EndDevice-44,Application-44-Service,73100
27980,Application-42,M_Req,missing_destination,67,Application-42-Service,EndDevice-42,Application-42-Service,73100
27984,Application-41,M_Req,missing_destination,66,Application-41-Service,EndDevice-41,Application-41-Service,73100
27985,Application-23,M_Req,missing_destination,48,Application-23-Service,EndDevice-23,Application-23-Service,73100
28018,Application-43,M_Req,missing_destination,68,Application-43-Service,EndDevice-43,Application-43-Service,73200
28026,Application-44,M_Req,missing_destination,69,Application-44-Service,EndDevice-44,Application-44-Service,73200
28030,Application-41,M_Req,missing_destination,66,Application-41-Service,EndDevice-41,Application-41-Service,73200
28066,Application-43,M_Req,missing_destination,68,Application-43-Service,EndDevice-43,Application-43-Service,73300
28074,Application-44,M_Req,missing_destination,69,Application-44-Service,EndDevice-44,Application-44-Service,73300
28078,Application-41,M_Req,missing_destination,66,Application-41-Service,EndDevice-41,Application-41-Service,73300
28111,Application-40,M_Req,missing_destination,65,Application-40-Service,EndDevice-40,Application-40-Service,73400
28114,Application-39,M_Req,missing_destination,64,Application-39-Service,EndDevice-39,Application-39-Service,73400
28116,Application-44,M_Req,missing_destination,69,Application-44-Service,EndDevice-44,Application-44-Service,73400
28119,Application-38,M_Req,missing_destination,63,Application-38-Service,EndDevice-38,Application-38-Service,73400
28120,Application-41,M_Req,missing_destination,66,Application-41-Service,EndDevice-41,Application-41-Service,73400
28159,Application-40,M_Req,missing_destination,65,Application-40-Service,EndDevice-40,Application-40-Service,73500
28162,Application-39,M_Req,missing_destination,64,Application-39-Service,EndDevice-39,Application-39-Service,73500
28164,Application-44,M_Req,missing_destination,69,Application-44-Service,EndDevice-44,Application-44-Service,73500
28167,Application-38,M_Req,missing_destination,63,Application-38-Service,EndDevice-38,Application-38-Service,73500
28168,Application-41,M_Req,missing_destination,66,Application-41-Service,EndDevice-41,Application-41-Service,73500
28204,Application-11,M_Req,missing_destination,36,Application-11-Service,EndDevice-11,Application-11-Service,73700
28229,Application-10,M_Req,missing_destination,35,Application-10-Service,EndDevice-10,Application-10-Service,73700
28234,Application-12,M_Req,missing_destination,37,Application-12-Service,EndDevice-12,Application-12-Service,73700
28237,Application-9,M_Req,missing_destination,34,Application-9-Service,EndDevice-9,Application-9-Service,73700
28250,Application-11,M_Req,missing_destination,36,Application-11-Service,EndDevice-11,Application-11-Service,73800
28270,Application-10,M_Req,missing_destination,35,Application-10-Service,EndDevice-10,Application-10-Service,73800
28325,Application-9,M_Req,missing_destination,34,Application-9-Service,EndDevice-9,Application-9-Service,74000
28330,Application-42,M_Req,missing_destination,67,Application-42-Service,EndDevice-42,Application-42-Service,74000
28336,Application-44,M_Req,missing_destination,69,Application-44-Service,EndDevice-44,Application-44-Service,74000
28350,Application-43,M_Req,missing_destination,68,Application-43-Service,EndDevice-43,Application-43-Service,74000
28373,Application-9,M_Req,missing_destination,34,Application-9-Service,EndDevice-9,Application-9-Service,74100
28378,Application-42,M_Req,missing_destination,67,Application-42-Service,EndDevice-42,Application-42-Service,74100
28384,Application-44,M_Req,missing_destination,69,Application-44-Service,EndDevice-44,Application-44-Service,74100
28398,Application-43,M_Req,missing_destination,68,Application-43-Service,EndDevice-43,Application-43-Service,74100
28422,Application-42,M_Req,missing_destination,67,Application-42-Service,EndDevice-42,Application-42-Service,74200
28427,Application-44,M_Req,missing_destination,69,Application-44-Service,EndDevice-44,Application-44-Service,74200
28438,Application-43,M_Req,missing_destination,68,Application-43-Service,EndDevice-43,Application-43-Service,74300
28442,Application-4,M_Req,missing_destination,29,Application-4-Service,EndDevice-4,Application-4-Service,74300
28462,Application-1,M_Req,missing_destination,26,Application-1-Service,EndDevice-1,Application-1-Service,74300
28469,Application-3,M_Req,missing_destination,28,Application-3-Service,EndDevice-3,Application-3-Service,74300
28470,Application-42,M_Req,missing_destination,67,Application-42-Service,EndDevice-42,Application-42-Service,74300
28471,Application-2,M_Req,missing_destination,27,Application-2-Service,EndDevice-2,Application-2-Service,74300
28475,Application-44,M_Req,missing_destination,69,Application-44-Service,EndDevice-44,Application-44-Service,74300
28486,Application-4,M_Req,missing_destination,29,Application-4-Service,EndDevice-4,Application-4-Service,74400
28534,Application-4,M_Req,missing_destination,29,Application-4-Service,EndDevice-4,Application-4-Service,74500
28553,Application-12,M_Req,missing_destination,37,Application-12-Service,EndDevice-12,Application-12-Service,74600
28568,Application-11,M_Req,missing_destination,36,Application-11-Service,EndDevice-11,Application-11-Service,74600
28571,Application-9,M_Req,missing_destination,34,Application-9-Service,EndDevice-9,Application-9-Service,74600
28573,Application-10,M_Req,missing_destination,35,Application-10-Service,EndDevice-10,Application-10-Service,74600
28574,Application-4,M_Req,missing_destination,29,Application-4-Service,EndDevice-4,Application-4-Service,74600
28601,Application-12,M_Req,missing_destination,37,Application-12-Service,EndDevice-12,Application-12-Service,74700
28616,Application-11,M_Req,missing_destination,36,Application-11-Service,EndDevice-11,Application-11-Service,74700
28619,Application-9,M_Req,missing_destination,34,Application-9-Service,EndDevice-9,Application-9-Service,74700
28621,Application-10,M_Req,missing_destination,35,Application-10-Service,EndDevice-10,Application-10-Service,74700
28622,Application-4,M_Req,missing_destination,29,Application-4-Service,EndDevice-4,Application-4-Service,74700
28656,Application-19,M_Req,missing_destination,44,Application-19-Service,EndDevice-19,Application-19-Service,74900
28657,Application-11,M_Req,missing_destination,36,Application-11-Service,EndDevice-11,Application-11-Service,74900
28671,Application-18,M_Req,missing_destination,43,Application-18-Service,EndDevice-18,Application-18-Service,74900
28686,Application-17,M_Req,missing_destination,42,Application-17-Service,EndDevice-17,Application-17-Service,74900
28692,Application-20,M_Req,missing_destination,45,Application-20-Service,EndDevice-20,Application-20-Service,74900
28704,Application-19,M_Req,missing_destination,44,Application-19-Service,EndDevice-19,Application-19-Service,75000
28705,Application-11,M_Req,missing_destination,36,Application-11-Service,EndDevice-11,Application-11-Service,75000
28716,Application-18,M_Req,missing_destination,43,Application-18-Service,EndDevice-18,Application-18-Service,75000
28728,Application-17,M_Req,missing_destination,42,Application-17-Service,EndDevice-17,Application-17-Service,75000
28752,Application-19,M_Req,missing_destination,44,Application-19-Service,EndDevice-19,Application-19-Service,75100
28753,Application-11,M_Req,missing_destination,36,Application-11-Service,EndDevice-11,Application-11-Service,75100
28764,Application-18,M_Req,missing_destination,43,Application-18-Service,EndDevice-18,Application-18-Service,75100
28776,Application-17,M_Req,missing_destination,42,Application-17-Service,EndDevice-17,Application-17-Service,75100
28785,Application-29,M_Req,missing_destination,54,Application-29-Service,EndDevice-29,Application-29-Service,75200
28789,Application-32,M_Req,missing_destination,57,Application-32-Service,EndDevice-32,Application-32-Service,75200
28792,Application-31,M_Req,missing_destination,56,Application-31-Service,EndDevice-31,Application-31-Service,75200
28795,Application-19,M_Req,missing_destination,44,Application-19-Service,EndDevice-19,Application-19-Service,75200
28796,Application-11,M_Req,missing_destination,36,Application-11-Service,EndDevice-11,Application-11-Service,75200
28806,Application-18,M_Req,missing_destination,43,Application-18-Service,EndDevice-18,Application-18-Service,75200
28833,Application-29,M_Req,missing_destination,54,Application-29-Service,EndDevice-29,Application-29-Service,75300
28837,Application-32,M_Req,missing_destination,57,Application-32-Service,EndDevice-32,Application-32-Service,75300
28840,Application-31,M_Req,missing_destination,56,Application-31-Service,EndDevice-31,Application-31-Service,75300
28843,Application-19,M_Req,missing_destination,44,Application-19-Service,EndDevice-19,Application-19-Service,75300
28844,Application-11,M_Req,missing_destination,36,Application-11-Service,EndDevice-11,Application-11-Service,75300
28854,Application-18,M_Req,missing_destination,43,Application-18-Service,EndDevice-18,Application-18-Service,75300
28895,Application-38,M_Req,missing_destination,63,Application-38-Service,EndDevice-38,Application-38-Service,75500
28906,Application-40,M_Req,missing_destination,65,Application-40-Service,EndDevice-40,Application-40-Service,75500
28922,Application-39,M_Req,missing_destination,64,Application-39-Service,EndDevice-39,Application-39-Service,75500
28927,Application-37,M_Req,missing_destination,62,Application-37-Service,EndDevice-37,Application-37-Service,75500
28942,Application-38,M_Req,missing_destination,63,Application-38-Service,EndDevice-38,Application-38-Service,75600
28952,Application-40,M_Req,missing_destination,65,Application-40-Service,EndDevice-40,Application-40-Service,75600
29025,Application-22,M_Req,missing_destination,47,Application-22-Service,EndDevice-22,Application-22-Service,75800
29032,Application-18,M_Req,missing_destination,43,Application-18-Service,EndDevice-18,Application-18-Service,75800
29041,Application-23,M_Req,missing_destination,48,Application-23-Service,EndDevice-23,Application-23-Service,75900
29073,Application-22,M_Req,missing_destination,47,Application-22-Service,EndDevice-22,Application-22-Service,75900
29080,Application-18,M_Req,missing_destination,43,Application-18-Service,EndDevice-18,Application-18-Service,75900
29089,Application-23,M_Req,missing_destination,48,Application-23-Service,EndDevice-23,Application-23-Service,76000
29137,Application-23,M_Req,missing_destination,48,Application-23-Service,EndDevice-23,Application-23-Service,76100
29144,Application-4,M_Req,missing_destination,29,Application-4-Service,EndDevice-4,Application-4-Service,76100
29146,Application-3,M_Req,missing_destination,28,Application-3-Service,EndDevice-3,Application-3-Service,76100
29154,Application-1,M_Req,missing_destination,26,Application-1-Service,EndDevice-1,Application-1-Service,76100
29156,Application-2,M_Req,missing_destination,27,Application-2-Service,EndDevice-2,Application-2-Service,76100
29181,Application-23,M_Req,missing_destination,48,Application-23-Service,EndDevice-23,Application-23-Service,76200
29189,Application-3,M_Req,missing_destination,28,Application-3-Service,EndDevice-3,Application-3-Service,76200
29237,Application-3,M_Req,missing_destination,28,Application-3-Service,EndDevice-3,Application-3-Service,76300
29249,Application-14,M_Req,missing_destination,39,Application-14-Service,EndDevice-14,Application-14-Service,76400
29250,Application-16,M_Req,missing_destination,41,Application-16-Service,EndDevice-16,Application-16-Service,76400
29264,Application-15,M_Req,missing_destination,40,Application-15-Service,EndDevice-15,Application-15-Service,76400
29297,Application-14,M_Req,missing_destination,39,Application-14-Service,EndDevice-14,Application-14-Service,76500
29298,Application-16,M_Req,missing_destination,41,Application-16-Service,EndDevice-16,Application-16-Service,76500
29312,Application-15,M_Req,missing_destination,40,Application-15-Service,EndDevice-15,Application-15-Service,76500
29341,Application-14,M_Req,missing_destination,39,Application-14-Service,EndDevice-14,Application-14-Service,76600
29342,Application-16,M_Req,missing_destination,41,Application-16-Service,EndDevice-16,Application-16-Service,76600
29354,Application-24,M_Req,missing_destination,49,Application-24-Service,EndDevice-24,Application-24-Service,76700
29358,Application-21,M_Req,missing_destination,46,Application-21-Service,EndDevice-21,Application-21-Service,76700
29365,Application-22,M_Req,missing_destination,47,Application-22-Service,EndDevice-22,Application-22-Service,76700
29366,Application-23,M_Req,missing_destination,48,Application-23-Service,EndDevice-23,Application-23-Service,76700
29389,Application-14,M_Req,missing_destination,39,Application-14-Service,EndDevice-14,Application-14-Service,76700
29390,Application-16,M_Req,missing_destination,41,Application-16-Service,EndDevice-16,Application-16-Service,76700
29400,Application-24,M_Req,missing_destination,49,Application-24-Service,EndDevice-24,Application-24-Service,76800
29404,Application-21,M_Req,missing_destination,46,Application-21-Service,EndDevice-21,Application-21-Service,76800
29411,Application-22,M_Req,missing_destination,47,Application-22-Service,EndDevice-22,Application-22-Service,76800
29412,Application-23,M_Req,missing_destination,48,Application-23-Service,EndDevice-23,Application-23-Service,76800
29475,Application-18,M_Req,missing_destination,43,Application-18-Service,EndDevice-18,Application-18-Service,77000
29479,Application-20,M_Req,missing_destination,45,Application-20-Service,EndDevice-20,Application-20-Service,77000
29485,Application-19,M_Req,missing_destination,44,Application-19-Service,EndDevice-19,Application-19-Service,77000
29505,Application-17,M_Req,missing_destination,42,Application-17-Service,EndDevice-17,Application-17-Service,77100
29523,Application-18,M_Req,missing_destination,43,Application-18-Service,EndDevice-18,Application-18-Service,77100
29527,Application-20,M_Req,missing_destination,45,Application-20-Service,EndDevice-20,Application-20-Service,77100
29533,Application-19,M_Req,missing_destination,44,Application-19-Service,EndDevice-19,Application-19-Service,77100
29552,Application-17,M_Req,missing_destination,42,Application-17-Service,EndDevice-17,Application-17-Service,77200
29568,Application-18,M_Req,missing_destination,43,Application-18-Service,EndDevice-18,Application-18-Service,77200
29572,Application-20,M_Req,missing_destination,45,Application-20-Service,EndDevice-20,Application-20-Service,77200
29589,Application-30,M_Req,missing_destination,55,Application-30-Service,EndDevice-30,Application-30-Service,77300
29598,Application-31,M_Req,missing_destination,56,Application-31-Service,EndDevice-31,Application-31-Service,77300
29600,Application-17,M_Req,missing_destination,42,Application-17-Service,EndDevice-17,Application-17-Service,77300
29602,Application-13,M_Req,missing_destination,38,Application-13-Service,EndDevice-13,Application-13-Service,77300
29613,Application-29,M_Req,missing_destination,54,Application-29-Service,EndDevice-29,Application-29-Service,77300
29616,Application-18,M_Req,missing_destination,43,Application-18-Service,EndDevice-18,Application-18-Service,77300
29619,Application-32,M_Req,missing_destination,57,Application-32-Service,EndDevice-32,Application-32-Service,77300
29620,Application-20,M_Req,missing_destination,45,Application-20-Service,EndDevice-20,Application-20-Service,77300
29633,Application-30,M_Req,missing_destination,55,Application-30-Service,EndDevice-30,Application-30-Service,77400
29641,Application-31,M_Req,missing_destination,56,Application-31-Service,EndDevice-31,Application-31-Service,77400
29643,Application-17,M_Req,missing_destination,42,Application-17-Service,EndDevice-17,Application-17-Service,77400
29645,Application-13,M_Req,missing_destination,38,Application-13-Service,EndDevice-13,Application-13-Service,77400
29691,Application-17,M_Req,missing_destination,42,Application-17-Service,EndDevice-17,Application-17-Service,77500
29715,Application-43,M_Req,missing_destination,68,Application-43-Service,EndDevice-43,Application-43-Service,77600
29722,Application-42,M_Req,missing_destination,67,Application-42-Service,EndDevice-42,Application-42-Service,77600
29763,Application-43,M_Req,missing_destination,68,Application-43-Service,EndDevice-43,Application-43-Service,77700
29770,Application-42,M_Req,missing_destination,67,Application-42-Service,EndDevice-42,Application-42-Service,77700
29804,Application-43,M_Req,missing_destination,68,Application-43-Service,EndDevice-43,Application-43-Service,77800
29808,Application-35,M_Req,missing_destination,60,Application-35-Service,EndDevice-35,Application-35-Service,77900
29816,Application-36,M_Req,missing_destination,61,Application-36-Service,EndDevice-36,Application-36-Service,77900
29838,Application-33,M_Req,missing_destination,58,Application-33-Service,EndDevice-33,Application-33-Service,77900
29841,Application-29,M_Req,missing_destination,54,Application-29-Service,EndDevice-29,Application-29-Service,77900
29845,Application-34,M_Req,missing_destination,59,Application-34-Service,EndDevice-34,Application-34-Service,77900
29852,Application-43,M_Req,missing_destination,68,Application-43-Service,EndDevice-43,Application-43-Service,77900
29880,Application-33,M_Req,missing_destination,58,Application-33-Service,EndDevice-33,Application-33-Service,78000
29928,Application-33,M_Req,missing_destination,58,Application-33-Service,EndDevice-33,Application-33-Service,78100
29939,Application-21,M_Req,missing_destination,46,Application-21-Service,EndDevice-21,Application-21-Service,78200
29944,Application-23,M_Req,missing_destination,48,Application-23-Service,EndDevice-23,Application-23-Service,78200
29948,Application-22,M_Req,missing_destination,47,Application-22-Service,EndDevice-22,Application-22-Service,78200
29955,Application-24,M_Req,missing_destination,49,Application-24-Service,EndDevice-24,Application-24-Service,78200
29987,Application-21,M_Req,missing_destination,46,Application-21-Service,EndDevice-21,Application-21-Service,78300
29992,Application-23,M_Req,missing_destination,48,Application-23-Service,EndDevice-23,Application-23-Service,78300
29996,Application-22,M_Req,missing_destination,47,Application-22-Service,EndDevice-22,Application-22-Service,78300
30003,Application-24,M_Req,missing_destination,49,Application-24-Service,EndDevice-24,Application-24-Service,78300
30029,Application-21,M_Req,missing_destination,46,Application-21-Service,EndDevice-21,Application-21-Service,78400
30033,Application-23,M_Req,missing_destination,48,Application-23-Service,EndDevice-23,Application-23-Service,78400
30038,Application-4,M_Req,missing_destination,29,Application-4-Service,EndDevice-4,Application-4-Service,78500
30045,Application-1,M_Req,missing_destination,26,Application-1-Service,EndDevice-1,Application-1-Service,78500
30046,Application-3,M_Req,missing_destination,28,Application-3-Service,EndDevice-3,Application-3-Service,78500
30071,Application-2,M_Req,missing_destination,27,Application-2-Service,EndDevice-2,Application-2-Service,78500
30077,Application-21,M_Req,missing_destination,46,Application-21-Service,EndDevice-21,Application-21-Service,78500
30081,Application-23,M_Req,missing_destination,48,Application-23-Service,EndDevice-23,Application-23-Service,78500
30085,Application-4,M_Req,missing_destination,29,Application-4-Service,EndDevice-4,Application-4-Service,78600
30092,Application-1,M_Req,missing_destination,26,Application-1-Service,EndDevice-1,Application-1-Service,78600
30164,Application-27,M_Req,missing_destination,52,Application-27-Service,EndDevice-27,Application-27-Service,78800
30171,Application-26,M_Req,missing_destination,51,Application-26-Service,EndDevice-26,Application-26-Service,78800
30175,Application-28,M_Req,missing_destination,53,Application-28-Service,EndDevice-28,Application-28-Service,78800
30190,Application-25,M_Req,missing_destination,50,Application-25-Service,EndDevice-25,Application-25-Service,78900
30212,Application-27,M_Req,missing_destination,52,Application-27-Service,EndDevice-27,Application-27-Service,78900
30219,Application-26,M_Req,missing_destination,51,Application-26-Service,EndDevice-26,Application-26-Service,78900
30223,Application-28,M_Req,missing_destination,53,Application-28-Service,EndDevice-28,Application-28-Service,78900
30270,Application-14,M_Req,missing_destination,39,Application-14-Service,EndDevice-14,Application-14-Service,79100
30284,Application-16,M_Req,missing_destination,41,Application-16-Service,EndDevice-16,Application-16-Service,79100
30288,Application-13,M_Req,missing_destination,38,Application-13-Service,EndDevice-13,Application-13-Service,79100
30300,Application-15,M_Req,missing_destination,40,Application-15-Service,EndDevice-15,Application-15-Service,79100
30328,Application-16,M_Req,missing_destination,41,Application-16-Service,EndDevice-16,Application-16-Service,79200
30340,Application-15,M_Req,missing_destination,40,Application-15-Service,EndDevice-15,Application-15-Service,79200
30390,Application-6,M_Req,missing_destination,31,Application-6-Service,EndDevice-6,Application-6-Service,79400
30394,Application-5,M_Req,missing_destination,30,Application-5-Service,EndDevice-5,Application-5-Service,79400
30407,Application-7,M_Req,missing_destination,32,Application-7-Service,EndDevice-7,Application-7-Service,79400
30438,Application-6,M_Req,missing_destination,31,Application-6-Service,EndDevice-6,Application-6-Service,79500
30442,Application-5,M_Req,missing_destination,30,Application-5-Service,EndDevice-5,Application-5-Service,79500
30455,Application-7,M_Req,missing_destination,32,Application-7-Service,EndDevice-7,Application-7-Service,79500
30497,Application-12,M_Req,missing_destination,37,Application-12-Service,EndDevice-12,Application-12-Service,79700
30514,Application-9,M_Req,missing_destination,34,Application-9-Service,EndDevice-9,Application-9-Service,79700
30535,Application-10,M_Req,missing_destination,35,Application-10-Service,EndDevice-10,Application-10-Service,79700
30541,Application-11,M_Req,missing_destination,36,Application-11-Service,EndDevice-11,Application-11-Service,79700
30545,Application-12,M_Req,missing_destination,37,Application-12-Service,EndDevice-12,Application-12-Service,79800
30561,Application-9,M_Req,missing_destination,34,Application-9-Service,EndDevice-9,Application-9-Service,79800
30629,Application-14,M_Req,missing_destination,39,Application-14-Service,EndDevice-14,Application-14-Service,80000
30631,Application-16,M_Req,missing_destination,41,Application-16-Service,EndDevice-16,Application-16-Service,80000
30633,Application-13,M_Req,missing_destination,38,Application-13-Service,EndDevice-13,Application-13-Service,80000
30656,Application-15,M_Req,missing_destination,40,Application-15-Service,EndDevice-15,Application-15-Service,80100
30677,Application-14,M_Req,missing_destination,39,Application-14-Service,EndDevice-14,Application-14-Service,80100
30679,Application-16,M_Req,missing_destination,41,Application-16-Service,EndDevice-16,Application-16-Service,80100
30681,Application-13,M_Req,missing_destination,38,Application-13-Service,EndDevice-13,Application-13-Service,80100
30721,Application-14,M_Req,missing_destination,39,Application-14-Service,EndDevice-14,Application-14-Service,80200
30723,Application-16,M_Req,missing_destination,41,Application-16-Service,EndDevice-16,Application-16-Service,80200
30725,Application-13,M_Req,missing_destination,38,Application-13-Service,EndDevice-13,Application-13-Service,80200
30731,Application-39,M_Req,missing_destination,64,Application-39-Service,EndDevice-39,Application-39-Service,80300
30737,Application-38,M_Req,missing_destination,63,Application-38-Service,EndDevice-38,Application-38-Service,80300
30753,Application-40,M_Req,missing_destination,65,Application-40-Service,EndDevice-40,Application-40-Service,80300
30761,Application-37,M_Req,missing_destination,62,Application-37-Service,EndDevice-37,Application-37-Service,80300
30767,Application-21,M_Req,missing_destination,46,Application-21-Service,EndDevice-21,Application-21-Service,80300
30769,Application-14,M_Req,missing_destination,39,Application-14-Service,EndDevice-14,Application-14-Service,80300
30771,Application-16,M_Req,missing_destination,41,Application-16-Service,EndDevice-16,Application-16-Service,80300
30773,Application-13,M_Req,missing_destination,38,Application-13-Service,EndDevice-13,Application-13-Service,80300
30778,Application-39,M_Req,missing_destination,64,Application-39-Service,EndDevice-39,Application-39-Service,80400
30794,Application-40,M_Req,missing_destination,65,Application-40-Service,EndDevice-40,Application-40-Service,80400
30800,Application-37,M_Req,missing_destination,62,Application-37-Service,EndDevice-37,Application-37-Service,80400
30826,Application-39,M_Req,missing_destination,64,Application-39-Service,EndDevice-39,Application-39-Service,80500
30842,Application-40,M_Req,missing_destination,65,Application-40-Service,EndDevice-40,Application-40-Service,80500
30848,Application-37,M_Req,missing_destination,62,Application-37-Service,EndDevice-37,Application-37-Service,80500
30861,Application-2,M_Req,missing_destination,27,Application-2-Service,EndDevice-2,Application-2-Service,80600
30868,Application-1,M_Req,missing_destination,26,Application-1-Service,EndDevice-1,Application-1-Service,80600
30869,Application-39,M_Req,missing_destination,64,Application-39-Service,EndDevice-39,Application-39-Service,80600
30886,Application-4,M_Req,missing_destination,29,Application-4-Service,EndDevice-4,Application-4-Service,80700
30909,Application-2,M_Req,missing_destination,27,Application-2-Service,EndDevice-2,Application-2-Service,80700
30916,Application-1,M_Req,missing_destination,26,Application-1-Service,EndDevice-1,Application-1-Service,80700
30917,Application-39,M_Req,missing_destination,64,Application-39-Service,EndDevice-39,Application-39-Service,80700
30957,Application-39,M_Req,missing_destination,64,Application-39-Service,EndDevice-39,Application-39-Service,80900
30962,Application-32,M_Req,missing_destination,57,Application-32-Service,EndDevice-32,Application-32-Service,80900
30967,Application-29,M_Req,missing_destination,54,Application-29-Service,EndDevice-29,Application-29-Service,80900
30973,Application-4,M_Req,missing_destination,29,Application-4-Service,EndDevice-4,Application-4-Service,80900
30976,Application-30,M_Req,missing_destination,55,Application-30-Service,EndDevice-30,Application-30-Service,80900
30988,Application-3,M_Req,missing_destination,28,Application-3-Service,EndDevice-3,Application-3-Service,80900
30995,Application-16,M_Req,missing_destination,41,Application-16-Service,EndDevice-16,Application-16-Service,80900
30997,Application-31,M_Req,missing_destination,56,Application-31-Service,EndDevice-31,Application-31-Service,80900
31005,Application-39,M_Req,missing_destination,64,Application-39-Service,EndDevice-39,Application-39-Service,81000
31010,Application-32,M_Req,missing_destination,57,Application-32-Service,EndDevice-32,Application-32-Service,81000
31015,Application-29,M_Req,missing_destination,54,Application-29-Service,EndDevice-29,Application-29-Service,81000
31019,Application-4,M_Req,missing_destination,29,Application-4-Service,EndDevice-4,Application-4-Service,81000
31021,Application-30,M_Req,missing_destination,55,Application-30-Service,EndDevice-30,Application-30-Service,81000
31031,Application-3,M_Req,missing_destination,28,Application-3-Service,EndDevice-3,Application-3-Service,81000
31053,Application-39,M_Req,missing_destination,64,Application-39-Service,EndDevice-39,Application-39-Service,81100
31058,Application-32,M_Req,missing_destination,57,Application-32-Service,EndDevice-32,Application-32-Service,81100
31063,Application-29,M_Req,missing_destination,54,Application-29-Service,EndDevice-29,Application-29-Service,81100
31067,Application-4,M_Req,missing_destination,29,Application-4-Service,EndDevice-4,Application-4-Service,81100
31069,Application-30,M_Req,missing_destination,55,Application-30-Service,EndDevice-30,Application-30-Service,81100
31079,Application-3,M_Req,missing_destination,28,Application-3-Service,EndDevice-3,Application-3-Service,81100
31097,Application-39,M_Req,missing_destination,64,Application-39-Service,EndDevice-39,Application-39-Service,81200
31102,Application-32,M_Req,missing_destination,57,Application-32-Service,EndDevice-32,Application-32-Service,81200
31106,Application-29,M_Req,missing_destination,54,Application-29-Service,EndDevice-29,Application-29-Service,81200
31110,Application-4,M_Req,missing_destination,29,Application-4-Service,EndDevice-4,Application-4-Service,81200
31119,Application-3,M_Req,missing_destination,28,Application-3-Service,EndDevice-3,Application-3-Service,81300
31145,Application-39,M_Req,missing_destination,64,Application-39-Service,EndDevice-39,Application-39-Service,81300
31150,Application-32,M_Req,missing_destination,57,Application-32-Service,EndDevice-32,Application-32-Service,81300
31154,Application-29,M_Req,missing_destination,54,Application-29-Service,EndDevice-29,Application-29-Service,81300
31158,Application-4,M_Req,missing_destination,29,Application-4-Service,EndDevice-4,Application-4-Service,81300
31205,Application-3,M_Req,missing_destination,28,Application-3-Service,EndDevice-3,Application-3-Service,81500
31251,Application-3,M_Req,missing_destination,28,Application-3-Service,EndDevice-3,Application-3-Service,81600
31299,Application-3,M_Req,missing_destination,28,Application-3-Service,EndDevice-3,Application-3-Service,81700
31311,Application-10,M_Req,missing_destination,35,Application-10-Service,EndDevice-10,Application-10-Service,81800
31328,Application-2,M_Req,missing_destination,27,Application-2-Service,EndDevice-2,Application-2-Service,81800
31329,Application-29,M_Req,missing_destination,54,Application-29-Service,EndDevice-29,Application-29-Service,81800
31335,Application-11,M_Req,missing_destination,36,Application-11-Service,EndDevice-11,Application-11-Service,81800
31337,Application-12,M_Req,missing_destination,37,Application-12-Service,EndDevice-12,Application-12-Service,81800
31338,Application-32,M_Req,missing_destination,57,Application-32-Service,EndDevice-32,Application-32-Service,81800
31340,Application-3,M_Req,missing_destination,28,Application-3-Service,EndDevice-3,Application-3-Service,81800
31348,Application-9,M_Req,missing_destination,34,Application-9-Service,EndDevice-9,Application-9-Service,81900
31359,Application-10,M_Req,missing_destination,35,Application-10-Service,EndDevice-10,Application-10-Service,81900
31376,Application-2,M_Req,missing_destination,27,Application-2-Service,EndDevice-2,Application-2-Service,81900
31377,Application-29,M_Req,missing_destination,54,Application-29-Service,EndDevice-29,Application-29-Service,81900
31383,Application-11,M_Req,missing_destination,36,Application-11-Service,EndDevice-11,Application-11-Service,81900
31385,Application-12,M_Req,missing_destination,37,Application-12-Service,EndDevice-12,Application-12-Service,81900
31386,Application-32,M_Req,missing_destination,57,Application-32-Service,EndDevice-32,Application-32-Service,81900
31388,Application-3,M_Req,missing_destination,28,Application-3-Service,EndDevice-3,Application-3-Service,81900
31402,Application-10,M_Req,missing_destination,35,Application-10-Service,EndDevice-10,Application-10-Service,82000
31424,Application-12,M_Req,missing_destination,37,Application-12-Service,EndDevice-12,Application-12-Service,82100
31433,Application-5,M_Req,missing_destination,30,Application-5-Service,EndDevice-5,Application-5-Service,82100
31440,Application-6,M_Req,missing_destination,31,Application-6-Service,EndDevice-6,Application-6-Service,82100
31444,Application-8,M_Req,missing_destination,33,Application-8-Service,EndDevice-8,Application-8-Service,82100
31447,Application-7,M_Req,missing_destination,32,Application-7-Service,EndDevice-7,Application-7-Service,82100
31450,Application-10,M_Req,missing_destination,35,Application-10-Service,EndDevice-10,Application-10-Service,82100
31453,Application-31,M_Req,missing_destination,56,Application-31-Service,EndDevice-31,Application-31-Service,82100
31471,Application-12,M_Req,missing_destination,37,Application-12-Service,EndDevice-12,Application-12-Service,82200
31479,Application-5,M_Req,missing_destination,30,Application-5-Service,EndDevice-5,Application-5-Service,82200
31488,Application-7,M_Req,missing_destination,32,Application-7-Service,EndDevice-7,Application-7-Service,82200
31519,Application-12,M_Req,missing_destination,37,Application-12-Service,EndDevice-12,Application-12-Service,82300
31527,Application-5,M_Req,missing_destination,30,Application-5-Service,EndDevice-5,Application-5-Service,82300
31536,Application-7,M_Req,missing_destination,32,Application-7-Service,EndDevice-7,Application-7-Service,82300
31549,Application-31,M_Req,missing_destination,56,Application-31-Service,EndDevice-31,Application-31-Service,82400
31554,Application-6,M_Req,missing_destination,31,Application-6-Service,EndDevice-6,Application-6-Service,82400
31556,Application-30,M_Req,missing_destination,55,Application-30-Service,EndDevice-30,Application-30-Service,82400
31559,Application-29,M_Req,missing_destination,54,Application-29-Service,EndDevice-29,Application-29-Service,82400
31563,Application-12,M_Req,missing_destination,37,Application-12-Service,EndDevice-12,Application-12-Service,82400
31568,Application-11,M_Req,missing_destination,36,Application-11-Service,EndDevice-11,Application-11-Service,82400
31569,Application-5,M_Req,missing_destination,30,Application-5-Service,EndDevice-5,Application-5-Service,82400
31597,Application-31,M_Req,missing_destination,56,Application-31-Service,EndDevice-31,Application-31-Service,82500
31602,Application-6,M_Req,missing_destination,31,Application-6-Service,EndDevice-6,Application-6-Service,82500
31604,Application-30,M_Req,missing_destination,55,Application-30-Service,EndDevice-30,Application-30-Service,82500
31607,Application-29,M_Req,missing_destination,54,Application-29-Service,EndDevice-29,Application-29-Service,82500
31611,Application-12,M_Req,missing_destination,37,Application-12-Service,EndDevice-12,Application-12-Service,82500
31616,Application-11,M_Req,missing_destination,36,Application-11-Service,EndDevice-11,Application-11-Service,82500
31617,Application-5,M_Req,missing_destination,30,Application-5-Service,EndDevice-5,Application-5-Service,82500
31666,Application-8,M_Req,missing_destination,33,Application-8-Service,EndDevice-8,Application-8-Service,82700
31677,Application-34,M_Req,missing_destination,59,Application-34-Service,EndDevice-34,Application-34-Service,82700
31683,Application-36,M_Req,missing_destination,61,Application-36-Service,EndDevice-36,Application-36-Service,82700
31684,Application-33,M_Req,missing_destination,58,Application-33-Service,EndDevice-33,Application-33-Service,82700
31687,Application-35,M_Req,missing_destination,60,Application-35-Service,EndDevice-35,Application-35-Service,82700
31718,Application-34,M_Req,missing_destination,59,Application-34-Service,EndDevice-34,Application-34-Service,82800
31774,Application-24,M_Req,missing_destination,49,Application-24-Service,EndDevice-24,Application-24-Service,83000
31775,Application-21,M_Req,missing_destination,46,Application-21-Service,EndDevice-21,Application-21-Service,83000
31822,Application-24,M_Req,missing_destination,49,Application-24-Service,EndDevice-24,Application-24-Service,83100
31823,Application-21,M_Req,missing_destination,46,Application-21-Service,EndDevice-21,Application-21-Service,83100
31867,Application-21,M_Req,missing_destination,46,Application-21-Service,EndDevice-21,Application-21-Service,83200
31915,Application-21,M_Req,missing_destination,46,Application-21-Service,EndDevice-21,Application-21-Service,83300
32004,Application-40,M_Req,missing_destination,65,Application-40-Service,EndDevice-40,Application-40-Service,83600
32006,Application-39,M_Req,missing_destination,64,Application-39-Service,EndDevice-39,Application-39-Service,83600
32007,Application-7,M_Req,missing_destination,32,Application-7-Service,EndDevice-7,Application-7-Service,83600
32025,Application-37,M_Req,missing_destination,62,Application-37-Service,EndDevice-37,Application-37-Service,83600
32052,Application-40,M_Req,missing_destination,65,Application-40-Service,EndDevice-40,Application-40-Service,83700
32054,Application-39,M_Req,missing_destination,64,Application-39-Service,EndDevice-39,Application-39-Service,83700
32055,Application-7,M_Req,missing_destination,32,Application-7-Service,EndDevice-7,Application-7-Service,83700
32073,Application-37,M_Req,missing_destination,62,Application-37-Service,EndDevice-37,Application-37-Service,83700
32125,Application-4,M_Req,missing_destination,29,Application-4-Service,EndDevice-4,Application-4-Service,83900
32130,Application-1,M_Req,missing_destination,26,Application-1-Service,EndDevice-1,Application-1-Service,83900
32141,Application-3,M_Req,missing_destination,28,Application-3-Service,EndDevice-3,Application-3-Service,83900
32156,Application-2,M_Req,missing_destination,27,Application-2-Service,EndDevice-2,Application-2-Service,83900
32169,Application-4,M_Req,missing_destination,29,Application-4-Service,EndDevice-4,Application-4-Service,84000
32173,Application-1,M_Req,missing_destination,26,Application-1-Service,EndDevice-1,Application-1-Service,84000
32181,Application-3,M_Req,missing_destination,28,Application-3-Service,EndDevice-3,Application-3-Service,84000
32217,Application-4,M_Req,missing_destination,29,Application-4-Service,EndDevice-4,Application-4-Service,84100
32221,Application-1,M_Req,missing_destination,26,Application-1-Service,EndDevice-1,Application-1-Service,84100
32229,Application-3,M_Req,missing_destination,28,Application-3-Service,EndDevice-3,Application-3-Service,84100
32244,Application-15,M_Req,missing_destination,40,Application-15-Service,EndDevice-15,Application-15-Service,84200
32257,Application-13,M_Req,missing_destination,38,Application-13-Service,EndDevice-13,Application-13-Service,84200
32259,Application-4,M_Req,missing_destination,29,Application-4-Service,EndDevice-4,Application-4-Service,84200
32292,Application-15,M_Req,missing_destination,40,Application-15-Service,EndDevice-15,Application-15-Service,84300
32305,Application-13,M_Req,missing_destination,38,Application-13-Service,EndDevice-13,Application-13-Service,84300
32307,Application-4,M_Req,missing_destination,29,Application-4-Service,EndDevice-4,Application-4-Service,84300
32345,Application-13,M_Req,missing_destination,38,Application-13-Service,EndDevice-13,Application-13-Service,84500
32348,Application-36,M_Req,missing_destination,61,Application-36-Service,EndDevice-36,Application-36-Service,84500
32356,Application-35,M_Req,missing_destination,60,Application-35-Service,EndDevice-35,Application-35-Service,84500
32360,Application-34,M_Req,missing_destination,59,Application-34-Service,EndDevice-34,Application-34-Service,84500
32364,Application-3,M_Req,missing_destination,28,Application-3-Service,EndDevice-3,Application-3-Service,84500
32382,Application-33,M_Req,missing_destination,58,Application-33-Service,EndDevice-33,Application-33-Service,84500
32392,Application-13,M_Req,missing_destination,38,Application-13-Service,EndDevice-13,Application-13-Service,84600
32394,Application-36,M_Req,missing_destination,61,Application-36-Service,EndDevice-36,Application-36-Service,84600
32402,Application-35,M_Req,missing_destination,60,Application-35-Service,EndDevice-35,Application-35-Service,84600
32468,Application-26,M_Req,missing_destination,51,Application-26-Service,EndDevice-26,Application-26-Service,84800
32480,Application-28,M_Req,missing_destination,53,Application-28-Service,EndDevice-28,Application-28-Service,84800
32482,Application-4,M_Req,missing_destination,29,Application-4-Service,EndDevice-4,Application-4-Service,84800
32516,Application-26,M_Req,missing_destination,51,Application-26-Service,EndDevice-26,Application-26-Service,84900
32528,Application-28,M_Req,missing_destination,53,Application-28-Service,EndDevice-28,Application-28-Service,84900
32530,Application-4,M_Req,missing_destination,29,Application-4-Service,EndDevice-4,Application-4-Service,84900
32569,Application-24,M_Req,missing_destination,49,Application-24-Service,EndDevice-24,Application-24-Service,85100
32573,Application-21,M_Req,missing_destination,46,Application-21-Service,EndDevice-21,Application-21-Service,85100
32586,Application-23,M_Req,missing_destination,48,Application-23-Service,EndDevice-23,Application-23-Service,85100
32592,Application-22,M_Req,missing_destination,47,Application-22-Service,EndDevice-22,Application-22-Service,85100
32617,Application-24,M_Req,missing_destination,49,Application-24-Service,EndDevice-24,Application-24-Service,85200
32619,Application-21,M_Req,missing_destination,46,Application-21-Service,EndDevice-21,Application-21-Service,85200
32629,Application-23,M_Req,missing_destination,48,Application-23-Service,EndDevice-23,Application-23-Service,85200
32635,Application-22,M_Req,missing_destination,47,Application-22-Service,EndDevice-22,Application-22-Service,85200
32665,Application-24,M_Req,missing_destination,49,Application-24-Service,EndDevice-24,Application-24-Service,85300
32667,Application-21,M_Req,missing_destination,46,Application-21-Service,EndDevice-21,Application-21-Service,85300
32677,Application-23,M_Req,missing_destination,48,Application-23-Service,EndDevice-23,Application-23-Service,85300
32683,Application-22,M_Req,missing_destination,47,Application-22-Service,EndDevice-22,Application-22-Service,85300
32697,Application-32,M_Req,missing_destination,57,Application-32-Service,EndDevice-32,Application-32-Service,85400
32702,Application-29,M_Req,missing_destination,54,Application-29-Service,EndDevice-29,Application-29-Service,85400
32705,Application-30,M_Req,missing_destination,55,Application-30-Service,EndDevice-30,Application-30-Service,85400
32707,Application-31,M_Req,missing_destination,56,Application-31-Service,EndDevice-31,Application-31-Service,85400
32710,Application-24,M_Req,missing_destination,49,Application-24-Service,EndDevice-24,Application-24-Service,85400
32711,Application-21,M_Req,missing_destination,46,Application-21-Service,EndDevice-21,Application-21-Service,85400
32719,Application-23,M_Req,missing_destination,48,Application-23-Service,EndDevice-23,Application-23-Service,85400
32745,Application-32,M_Req,missing_destination,57,Application-32-Service,EndDevice-32,Application-32-Service,85500
32750,Application-29,M_Req,missing_destination,54,Application-29-Service,EndDevice-29,Application-29-Service,85500
32753,Application-30,M_Req,missing_destination,55,Application-30-Service,EndDevice-30,Application-30-Service,85500
32755,Application-31,M_Req,missing_destination,56,Application-31-Service,EndDevice-31,Application-31-Service,85500
32758,Application-24,M_Req,missing_destination,49,Application-24-Service,EndDevice-24,Application-24-Service,85500
32759,Application-21,M_Req,missing_destination,46,Application-21-Service,EndDevice-21,Application-21-Service,85500
32767,Application-23,M_Req,missing_destination,48,Application-23-Service,EndDevice-23,Application-23-Service,85500
32815,Application-26,M_Req,missing_destination,51,Application-26-Service,EndDevice-26,Application-26-Service,85700
32823,Application-27,M_Req,missing_destination,52,Application-27-Service,EndDevice-27,Application-27-Service,85700
32824,Application-25,M_Req,missing_destination,50,Application-25-Service,EndDevice-25,Application-25-Service,85700
32842,Application-28,M_Req,missing_destination,53,Application-28-Service,EndDevice-28,Application-28-Service,85700
32857,Application-26,M_Req,missing_destination,51,Application-26-Service,EndDevice-26,Application-26-Service,85800
32863,Application-27,M_Req,missing_destination,52,Application-27-Service,EndDevice-27,Application-27-Service,85800
32864,Application-25,M_Req,missing_destination,50,Application-25-Service,EndDevice-25,Application-25-Service,85800
32927,Application-45,M_Req,missing_destination,70,Application-45-Service,EndDevice-45,Application-45-Service,86000
32931,Application-48,M_Req,missing_destination,73,Application-48-Service,EndDevice-48,Application-48-Service,86000
32932,Application-47,M_Req,missing_destination,72,Application-47-Service,EndDevice-47,Application-47-Service,86000
32944,Application-46,M_Req,missing_destination,71,Application-46-Service,EndDevice-46,Application-46-Service,86000
32975,Application-45,M_Req,missing_destination,70,Application-45-Service,EndDevice-45,Application-45-Service,86100
32979,Application-48,M_Req,missing_destination,73,Application-48-Service,EndDevice-48,Application-48-Service,86100
32980,Application-47,M_Req,missing_destination,72,Application-47-Service,EndDevice-47,Application-47-Service,86100
32992,Application-46,M_Req,missing_destination,71,Application-46-Service,EndDevice-46,Application-46-Service,86100
33047,Application-14,M_Req,missing_destination,39,Application-14-Service,EndDevice-14,Application-14-Service,86300
33050,Application-15,M_Req,missing_destination,40,Application-15-Service,EndDevice-15,Application-15-Service,86300
33051,Application-16,M_Req,missing_destination,41,Application-16-Service,EndDevice-16,Application-16-Service,86300
33071,Application-21,M_Req,missing_destination,46,Application-21-Service,EndDevice-21,Application-21-Service,86300
33072,Application-13,M_Req,missing_destination,38,Application-13-Service,EndDevice-13,Application-13-Service,86300
33093,Application-15,M_Req,missing_destination,40,Application-15-Service,EndDevice-15,Application-15-Service,86400
33094,Application-16,M_Req,missing_destination,41,Application-16-Service,EndDevice-16,Application-16-Service,86400
33141,Application-15,M_Req,missing_destination,40,Application-15-Service,EndDevice-15,Application-15-Service,86500
33142,Application-16,M_Req,missing_destination,41,Application-16-Service,EndDevice-16,Application-16-Service,86500
33160,Application-32,M_Req,missing_destination,57,Application-32-Service,EndDevice-32,Application-32-Service,86600
33163,Application-14,M_Req,missing_destination,39,Application-14-Service,EndDevice-14,Application-14-Service,86600
33169,Application-30,M_Req,missing_destination,55,Application-30-Service,EndDevice-30,Application-30-Service,86600
33171,Application-23,M_Req,missing_destination,48,Application-23-Service,EndDevice-23,Application-23-Service,86600
33175,Application-31,M_Req,missing_destination,56,Application-31-Service,EndDevice-31,Application-31-Service,86600
33208,Application-32,M_Req,missing_destination,57,Application-32-Service,EndDevice-32,Application-32-Service,86700
33211,Application-14,M_Req,missing_destination,39,Application-14-Service,EndDevice-14,Application-14-Service,86700
33217,Application-30,M_Req,missing_destination,55,Application-30-Service,EndDevice-30,Application-30-Service,86700
33219,Application-23,M_Req,missing_destination,48,Application-23-Service,EndDevice-23,Application-23-Service,86700
33223,Application-31,M_Req,missing_destination,56,Application-31-Service,EndDevice-31,Application-31-Service,86700
33250,Application-32,M_Req,missing_destination,57,Application-32-Service,EndDevice-32,Application-32-Service,86800
33253,Application-14,M_Req,missing_destination,39,Application-14-Service,EndDevice-14,Application-14-Service,86800
33268,Application-15,M_Req,missing_destination,40,Application-15-Service,EndDevice-15,Application-15-Service,86900
33298,Application-32,M_Req,missing_destination,57,Application-32-Service,EndDevice-32,Application-32-Service,86900
33301,Application-14,M_Req,missing_destination,39,Application-14-Service,EndDevice-14,Application-14-Service,86900
33384,Application-32,M_Req,missing_destination,57,Application-32-Service,EndDevice-32,Application-32-Service,87200
33388,Application-25,M_Req,missing_destination,50,Application-25-Service,EndDevice-25,Application-25-Service,87200
33393,Application-15,M_Req,missing_destination,40,Application-15-Service,EndDevice-15,Application-15-Service,87200
33432,Application-32,M_Req,missing_destination,57,Application-32-Service,EndDevice-32,Application-32-Service,87300
33436,Application-25,M_Req,missing_destination,50,Application-25-Service,EndDevice-25,Application-25-Service,87300
33441,Application-15,M_Req,missing_destination,40,Application-15-Service,EndDevice-15,Application-15-Service,87300
33500,Application-9,M_Req,missing_destination,34,Application-9-Service,EndDevice-9,Application-9-Service,87500
33504,Application-10,M_Req,missing_destination,35,Application-10-Service,EndDevice-10,Application-10-Service,87500
33524,Application-11,M_Req,missing_destination,36,Application-11-Service,EndDevice-11,Application-11-Service,87500
33529,Application-12,M_Req,missing_destination,37,Application-12-Service,EndDevice-12,Application-12-Service,87500
33546,Application-10,M_Req,missing_destination,35,Application-10-Service,EndDevice-10,Application-10-Service,87600
33608,Application-45,M_Req,missing_destination,70,Application-45-Service,EndDevice-45,Application-45-Service,87800
33612,Application-48,M_Req,missing_destination,73,Application-48-Service,EndDevice-48,Application-48-Service,87800
33616,Application-47,M_Req,missing_destination,72,Application-47-Service,EndDevice-47,Application-47-Service,87800
33626,Application-46,M_Req,missing_destination,71,Application-46-Service,EndDevice-46,Application-46-Service,87800
33656,Application-45,M_Req,missing_destination,70,Application-45-Service,EndDevice-45,Application-45-Service,87900
33660,Application-48,M_Req,missing_destination,73,Application-48-Service,EndDevice-48,Application-48-Service,87900
33664,Application-47,M_Req,missing_destination,72,Application-47-Service,EndDevice-47,Application-47-Service,87900
33674,Application-46,M_Req,missing_destination,71,Application-46-Service,EndDevice-46,Application-46-Service,87900
33714,Application-41,M_Req,missing_destination,66,Application-41-Service,EndDevice-41,Application-41-Service,88100
33721,Application-42,M_Req,missing_destination,67,Application-42-Service,EndDevice-42,Application-42-Service,88100
33753,Application-43,M_Req,missing_destination,68,Application-43-Service,EndDevice-43,Application-43-Service,88100
33759,Application-44,M_Req,missing_destination,69,Application-44-Service,EndDevice-44,Application-44-Service,88100
33762,Application-41,M_Req,missing_destination,66,Application-41-Service,EndDevice-41,Application-41-Service,88200
33769,Application-42,M_Req,missing_destination,67,Application-42-Service,EndDevice-42,Application-42-Service,88200
33852,Application-37,M_Req,missing_destination,62,Application-37-Service,EndDevice-37,Application-37-Service,88400
33857,Application-40,M_Req,missing_destination,65,Application-40-Service,EndDevice-40,Application-40-Service,88400
33900,Application-37,M_Req,missing_destination,62,Application-37-Service,EndDevice-37,Application-37-Service,88500
33905,Application-40,M_Req,missing_destination,65,Application-40-Service,EndDevice-40,Application-40-Service,88500
33963,Application-18,M_Req,missing_destination,43,Application-18-Service,EndDevice-18,Application-18-Service,88700
33975,Application-19,M_Req,missing_destination,44,Application-19-Service,EndDevice-19,Application-19-Service,88700
33978,Application-38,M_Req,missing_destination,63,Application-38-Service,EndDevice-38,Application-38-Service,88700
33987,Application-20,M_Req,missing_destination,45,Application-20-Service,EndDevice-20,Application-20-Service,88700
33988,Application-17,M_Req,missing_destination,42,Application-17-Service,EndDevice-17,Application-17-Service,88700
34008,Application-18,M_Req,missing_destination,43,Application-18-Service,EndDevice-18,Application-18-Service,88800
34079,Application-9,M_Req,missing_destination,34,Application-9-Service,EndDevice-9,Application-9-Service,89000
34093,Application-12,M_Req,missing_destination,37,Application-12-Service,EndDevice-12,Application-12-Service,89000
34098,Application-10,M_Req,missing_destination,35,Application-10-Service,EndDevice-10,Application-10-Service,89100
34127,Application-9,M_Req,missing_destination,34,Application-9-Service,EndDevice-9,Application-9-Service,89100
34141,Application-12,M_Req,missing_destination,37,Application-12-Service,EndDevice-12,Application-12-Service,89100
34191,Application-10,M_Req,missing_destination,35,Application-10-Service,EndDevice-10,Application-10-Service,89300
34218,Application-9,M_Req,missing_destination,34,Application-9-Service,EndDevice-9,Application-9-Service,89300
34235,Application-10,M_Req,missing_destination,35,Application-10-Service,EndDevice-10,Application-10-Service,89400
34299,Application-30,M_Req,missing_destination,55,Application-30-Service,EndDevice-30,Application-30-Service,89600
34325,Application-16,M_Req,missing_destination,41,Application-16-Service,EndDevice-16,Application-16-Service,89700
34332,Application-13,M_Req,missing_destination,38,Application-13-Service,EndDevice-13,Application-13-Service,89700
34347,Application-30,M_Req,missing_destination,55,Application-30-Service,EndDevice-30,Application-30-Service,89700
34373,Application-16,M_Req,missing_destination,41,Application-16-Service,EndDevice-16,Application-16-Service,89800
34379,Application-13,M_Req,missing_destination,38,Application-13-Service,EndDevice-13,Application-13-Service,89800
34391,Application-30,M_Req,missing_destination,55,Application-30-Service,EndDevice-30,Application-30-Service,89800
34408,Application-27,M_Req,missing_destination,52,Application-27-Service,EndDevice-27,Application-27-Service,89900
34421,Application-16,M_Req,missing_destination,41,Application-16-Service,EndDevice-16,Application-16-Service,89900
34423,Application-28,M_Req,missing_destination,53,Application-28-Service,EndDevice-28,Application-28-Service,89900
34426,Application-26,M_Req,missing_destination,51,Application-26-Service,EndDevice-26,Application-26-Service,89900
34427,Application-13,M_Req,missing_destination,38,Application-13-Service,EndDevice-13,Application-13-Service,89900
34431,Application-25,M_Req,missing_destination,50,Application-25-Service,EndDevice-25,Application-25-Service,89900
34439,Application-30,M_Req,missing_destination,55,Application-30-Service,EndDevice-30,Application-30-Service,89900
34454,Application-27,M_Req,missing_destination,52,Application-27-Service,EndDevice-27,Application-27-Service,90000
34465,Application-16,M_Req,missing_destination,41,Application-16-Service,EndDevice-16,Application-16-Service,90000
34469,Application-26,M_Req,missing_destination,51,Application-26-Service,EndDevice-26,Application-26-Service,90000
34470,Application-13,M_Req,missing_destination,38,Application-13-Service,EndDevice-13,Application-13-Service,90000
34502,Application-27,M_Req,missing_destination,52,Application-27-Service,EndDevice-27,Application-27-Service,90100
34517,Application-26,M_Req,missing_destination,51,Application-26-Service,EndDevice-26,Application-26-Service,90100
34537,Application-28,M_Req,missing_destination,53,Application-28-Service,EndDevice-28,Application-28-Service,90200
34538,Application-46,M_Req,missing_destination,71,Application-46-Service,EndDevice-46,Application-46-Service,90200
34542,Application-47,M_Req,missing_destination,72,Application-47-Service,EndDevice-47,Application-47-Service,90200
34547,Application-27,M_Req,missing_destination,52,Application-27-Service,EndDevice-27,Application-27-Service,90200
34558,Application-45,M_Req,missing_destination,70,Application-45-Service,EndDevice-45,Application-45-Service,90300
34562,Application-48,M_Req,missing_destination,73,Application-48-Service,EndDevice-48,Application-48-Service,90300
34585,Application-28,M_Req,missing_destination,53,Application-28-Service,EndDevice-28,Application-28-Service,90300
34586,Application-46,M_Req,missing_destination,71,Application-46-Service,EndDevice-46,Application-46-Service,90300
34590,Application-47,M_Req,missing_destination,72,Application-47-Service,EndDevice-47,Application-47-Service,90300
34595,Application-27,M_Req,missing_destination,52,Application-27-Service,EndDevice-27,Application-27-Service,90300
34646,Application-6,M_Req,missing_destination,31,Application-6-Service,EndDevice-6,Application-6-Service,90500
34651,Application-5,M_Req,missing_destination,30,Application-5-Service,EndDevice-5,Application-5-Service,90500
34658,Application-7,M_Req,missing_destination,32,Application-7-Service,EndDevice-7,Application-7-Service,90500
34664,Application-8,M_Req,missing_destination,33,Application-8-Service,EndDevice-8,Application-8-Service,90500
34691,Application-6,M_Req,missing_destination,31,Application-6-Service,EndDevice-6,Application-6-Service,90600
34694,Application-5,M_Req,missing_destination,30,Application-5-Service,EndDevice-5,Application-5-Service,90600
34701,Application-7,M_Req,missing_destination,32,Application-7-Service,EndDevice-7,Application-7-Service,90600
34761,Application-46,M_Req,missing_destination,71,Application-46-Service,EndDevice-46,Application-46-Service,90800
34764,Application-47,M_Req,missing_destination,72,Application-47-Service,EndDevice-47,Application-47-Service,90800
34778,Application-48,M_Req,missing_destination,73,Application-48-Service,EndDevice-48,Application-48-Service,90800
34785,Application-45,M_Req,missing_destination,70,Application-45-Service,EndDevice-45,Application-45-Service,90900
34809,Application-46,M_Req,missing_destination,71,Application-46-Service,EndDevice-46,Application-46-Service,90900
34812,Application-47,M_Req,missing_destination,72,Application-47-Service,EndDevice-47,Application-47-Service,90900
34826,Application-48,M_Req,missing_destination,73,Application-48-Service,EndDevice-48,Application-48-Service,90900
34869,Application-6,M_Req,missing_destination,31,Application-6-Service,EndDevice-6,Application-6-Service,91100
34878,Application-26,M_Req,missing_destination,51,Application-26-Service,EndDevice-26,Application-26-Service,91100
34887,Application-7,M_Req,missing_destination,32,Application-7-Service,EndDevice-7,Application-7-Service,91100
34889,Application-8,M_Req,missing_destination,33,Application-8-Service,EndDevice-8,Application-8-Service,91100
34891,Application-5,M_Req,missing_destination,30,Application-5-Service,EndDevice-5,Application-5-Service,91100
34916,Application-6,M_Req,missing_destination,31,Application-6-Service,EndDevice-6,Application-6-Service,91200
34923,Application-26,M_Req,missing_destination,51,Application-26-Service,EndDevice-26,Application-26-Service,91200
34931,Application-7,M_Req,missing_destination,32,Application-7-Service,EndDevice-7,Application-7-Service,91200
34933,Application-8,M_Req,missing_destination,33,Application-8-Service,EndDevice-8,Application-8-Service,91200
34934,Application-5,M_Req,missing_destination,30,Application-5-Service,EndDevice-5,Application-5-Service,91200
34964,Application-6,M_Req,missing_destination,31,Application-6-Service,EndDevice-6,Application-6-Service,91300
34971,Application-26,M_Req,missing_destination,51,Application-26-Service,EndDevice-26,Application-26-Service,91300
34979,Application-7,M_Req,missing_destination,32,Application-7-Service,EndDevice-7,Application-7-Service,91300
34981,Application-8,M_Req,missing_destination,33,Application-8-Service,EndDevice-8,Application-8-Service,91300
34982,Application-5,M_Req,missing_destination,30,Application-5-Service,EndDevice-5,Application-5-Service,91300
34990,Application-28,M_Req,missing_destination,53,Application-28-Service,EndDevice-28,Application-28-Service,91400
35003,Application-15,M_Req,missing_destination,40,Application-15-Service,EndDevice-15,Application-15-Service,91400
35006,Application-6,M_Req,missing_destination,31,Application-6-Service,EndDevice-6,Application-6-Service,91400
35011,Application-26,M_Req,missing_destination,51,Application-26-Service,EndDevice-26,Application-26-Service,91400
35012,Application-16,M_Req,missing_destination,41,Application-16-Service,EndDevice-16,Application-16-Service,91500
35015,Application-13,M_Req,missing_destination,38,Application-13-Service,EndDevice-13,Application-13-Service,91500
35017,Application-14,M_Req,missing_destination,39,Application-14-Service,EndDevice-14,Application-14-Service,91500
35038,Application-28,M_Req,missing_destination,53,Application-28-Service,EndDevice-28,Application-28-Service,91500
35051,Application-15,M_Req,missing_destination,40,Application-15-Service,EndDevice-15,Application-15-Service,91500
35054,Application-6,M_Req,missing_destination,31,Application-6-Service,EndDevice-6,Application-6-Service,91500
35059,Application-26,M_Req,missing_destination,51,Application-26-Service,EndDevice-26,Application-26-Service,91500
35096,Application-33,M_Req,missing_destination,58,Application-33-Service,EndDevice-33,Application-33-Service,91700
35101,Application-35,M_Req,missing_destination,60,Application-35-Service,EndDevice-35,Application-35-Service,91700
35120,Application-36,M_Req,missing_destination,61,Application-36-Service,EndDevice-36,Application-36-Service,91700
35125,Application-34,M_Req,missing_destination,59,Application-34-Service,EndDevice-34,Application-34-Service,91700
35142,Application-33,M_Req,missing_destination,58,Application-33-Service,EndDevice-33,Application-33-Service,91800
35147,Application-35,M_Req,missing_destination,60,Application-35-Service,EndDevice-35,Application-35-Service,91800
35160,Application-36,M_Req,missing_destination,61,Application-36-Service,EndDevice-36,Application-36-Service,91800
35220,Application-10,M_Req,missing_destination,35,Application-10-Service,EndDevice-10,Application-10-Service,92000
35233,Application-12,M_Req,missing_destination,37,Application-12-Service,EndDevice-12,Application-12-Service,92000
35240,Application-11,M_Req,missing_destination,36,Application-11-Service,EndDevice-11,Application-11-Service,92000
35268,Application-10,M_Req,missing_destination,35,Application-10-Service,EndDevice-10,Application-10-Service,92100
35281,Application-12,M_Req,missing_destination,37,Application-12-Service,EndDevice-12,Application-12-Service,92100
35288,Application-11,M_Req,missing_destination,36,Application-11-Service,EndDevice-11,Application-11-Service,92100
35310,Application-10,M_Req,missing_destination,35,Application-10-Service,EndDevice-10,Application-10-Service,92200
35335,Application-7,M_Req,missing_destination,32,Application-7-Service,EndDevice-7,Application-7-Service,92300
35358,Application-10,M_Req,missing_destination,35,Application-10-Service,EndDevice-10,Application-10-Service,92300
35380,Application-7,M_Req,missing_destination,32,Application-7-Service,EndDevice-7,Application-7-Service,92400
35428,Application-7,M_Req,missing_destination,32,Application-7-Service,EndDevice-7,Application-7-Service,92500
35468,Application-7,M_Req,missing_destination,32,Application-7-Service,EndDevice-7,Application-7-Service,92600
35516,Application-7,M_Req,missing_destination,32,Application-7-Service,EndDevice-7,Application-7-Service,92700
35557,Application-34,M_Req,missing_destination,59,Application-34-Service,EndDevice-34,Application-34-Service,92900
35559,Application-33,M_Req,missing_destination,58,Application-33-Service,EndDevice-33,Application-33-Service,92900
35569,Application-36,M_Req,missing_destination,61,Application-36-Service,EndDevice-36,Application-36-Service,92900
35577,Application-35,M_Req,missing_destination,60,Application-35-Service,EndDevice-35,Application-35-Service,92900
35585,Application-10,M_Req,missing_destination,35,Application-10-Service,EndDevice-10,Application-10-Service,92900
35604,Application-34,M_Req,missing_destination,59,Application-34-Service,EndDevice-34,Application-34-Service,93000
35606,Application-33,M_Req,missing_destination,58,Application-33-Service,EndDevice-33,Application-33-Service,93000
35615,Application-36,M_Req,missing_destination,61,Application-36-Service,EndDevice-36,Application-36-Service,93000
35620,Application-35,M_Req,missing_destination,60,Application-35-Service,EndDevice-35,Application-35-Service,93000
35652,Application-34,M_Req,missing_destination,59,Application-34-Service,EndDevice-34,Application-34-Service,93100
35654,Application-33,M_Req,missing_destination,58,Application-33-Service,EndDevice-33,Application-33-Service,93100
35663,Application-36,M_Req,missing_destination,61,Application-36-Service,EndDevice-36,Application-36-Service,93100
35668,Application-35,M_Req,missing_destination,60,Application-35-Service,EndDevice-35,Application-35-Service,93100
35674,Application-47,M_Req,missing_destination,72,Application-47-Service,EndDevice-47,Application-47-Service,93200
35677,Application-45,M_Req,missing_destination,70,Application-45-Service,EndDevice-45,Application-45-Service,93200
35684,Application-46,M_Req,missing_destination,71,Application-46-Service,EndDevice-46,Application-46-Service,93200
35688,Application-48,M_Req,missing_destination,73,Application-48-Service,EndDevice-48,Application-48-Service,93200
35696,Application-34,M_Req,missing_destination,59,Application-34-Service,EndDevice-34,Application-34-Service,93200
35698,Application-33,M_Req,missing_destination,58,Application-33-Service,EndDevice-33,Application-33-Service,93200
35722,Application-47,M_Req,missing_destination,72,Application-47-Service,EndDevice-47,Application-47-Service,93300
35725,Application-45,M_Req,missing_destination,70,Application-45-Service,EndDevice-45,Application-45-Service,93300
35732,Application-46,M_Req,missing_destination,71,Application-46-Service,EndDevice-46,Application-46-Service,93300
35736,Application-48,M_Req,missing_destination,73,Application-48-Service,EndDevice-48,Application-48-Service,93300
35744,Application-34,M_Req,missing_destination,59,Application-34-Service,EndDevice-34,Application-34-Service,93300
35746,Application-33,M_Req,missing_destination,58,Application-33-Service,EndDevice-33,Application-33-Service,93300
35767,Application-47,M_Req,missing_destination,72,Application-47-Service,EndDevice-47,Application-47-Service,93400
35770,Application-45,M_Req,missing_destination,70,Application-45-Service,EndDevice-45,Application-45-Service,93400
35775,Application-46,M_Req,missing_destination,71,Application-46-Service,EndDevice-46,Application-46-Service,93400
35778,Application-48,M_Req,missing_destination,73,Application-48-Service,EndDevice-48,Application-48-Service,93400
35789,Application-39,M_Req,missing_destination,64,Application-39-Service,EndDevice-39,Application-39-Service,93500
35793,Application-40,M_Req,missing_destination,65,Application-40-Service,EndDevice-40,Application-40-Service,93500
35807,Application-38,M_Req,missing_destination,63,Application-38-Service,EndDevice-38,Application-38-Service,93500
35815,Application-47,M_Req,missing_destination,72,Application-47-Service,EndDevice-47,Application-47-Service,93500
35818,Application-45,M_Req,missing_destination,70,Application-45-Service,EndDevice-45,Application-45-Service,93500
35819,Application-37,M_Req,missing_destination,62,Application-37-Service,EndDevice-37,Application-37-Service,93500
35823,Application-46,M_Req,missing_destination,71,Application-46-Service,EndDevice-46,Application-46-Service,93500
35826,Application-48,M_Req,missing_destination,73,Application-48-Service,EndDevice-48,Application-48-Service,93500
35837,Application-39,M_Req,missing_destination,64,Application-39-Service,EndDevice-39,Application-39-Service,93600
35841,Application-40,M_Req,missing_destination,65,Application-40-Service,EndDevice-40,Application-40-Service,93600
35885,Application-39,M_Req,missing_destination,64,Application-39-Service,EndDevice-39,Application-39-Service,93700
35889,Application-40,M_Req,missing_destination,65,Application-40-Service,EndDevice-40,Application-40-Service,93700
35929,Application-40,M_Req,missing_destination,65,Application-40-Service,EndDevice-40,Application-40-Service,93800
35977,Application-40,M_Req,missing_destination,65,Application-40-Service,EndDevice-40,Application-40-Service,93900
36018,Application-21,M_Req,missing_destination,46,Application-21-Service,EndDevice-21,Application-21-Service,94100
36029,Application-22,M_Req,missing_destination,47,Application-22-Service,EndDevice-22,Application-22-Service,94100
36032,Application-23,M_Req,missing_destination,48,Application-23-Service,EndDevice-23,Application-23-Service,94100
36047,Application-47,M_Req,missing_destination,72,Application-47-Service,EndDevice-47,Application-47-Service,94100
36050,Application-24,M_Req,missing_destination,49,Application-24-Service,EndDevice-24,Application-24-Service,94100
36069,Application-22,M_Req,missing_destination,47,Application-22-Service,EndDevice-22,Application-22-Service,94200
36072,Application-23,M_Req,missing_destination,48,Application-23-Service,EndDevice-23,Application-23-Service,94200
36117,Application-22,M_Req,missing_destination,47,Application-22-Service,EndDevice-22,Application-22-Service,94300
36120,Application-23,M_Req,missing_destination,48,Application-23-Service,EndDevice-23,Application-23-Service,94300
36252,Application-39,M_Req,missing_destination,64,Application-39-Service,EndDevice-39,Application-39-Service,94700
36253,Application-45,M_Req,missing_destination,70,Application-45-Service,EndDevice-45,Application-45-Service,94700
36254,Application-46,M_Req,missing_destination,71,Application-46-Service,EndDevice-46,Application-46-Service,94700
36268,Application-22,M_Req,missing_destination,47,Application-22-Service,EndDevice-22,Application-22-Service,94700
36272,Application-48,M_Req,missing_destination,73,Application-48-Service,EndDevice-48,Application-48-Service,94700
36273,Application-47,M_Req,missing_destination,72,Application-47-Service,EndDevice-47,Application-47-Service,94700
36296,Application-45,M_Req,missing_destination,70,Application-45-Service,EndDevice-45,Application-45-Service,94800
36297,Application-46,M_Req,missing_destination,71,Application-46-Service,EndDevice-46,Application-46-Service,94800
36308,Application-22,M_Req,missing_destination,47,Application-22-Service,EndDevice-22,Application-22-Service,94800
36312,Application-48,M_Req,missing_destination,73,Application-48-Service,EndDevice-48,Application-48-Service,94800
36363,Application-32,M_Req,missing_destination,57,Application-32-Service,EndDevice-32,Application-32-Service,95000
36368,Application-29,M_Req,missing_destination,54,Application-29-Service,EndDevice-29,Application-29-Service,95000
36387,Application-31,M_Req,missing_destination,56,Application-31-Service,EndDevice-31,Application-31-Service,95100
36411,Application-32,M_Req,missing_destination,57,Application-32-Service,EndDevice-32,Application-32-Service,95100
36416,Application-29,M_Req,missing_destination,54,Application-29-Service,EndDevice-29,Application-29-Service,95100
36435,Application-31,M_Req,missing_destination,56,Application-31-Service,EndDevice-31,Application-31-Service,95200
36456,Application-29,M_Req,missing_destination,54,Application-29-Service,EndDevice-29,Application-29-Service,95200
36472,Application-45,M_Req,missing_destination,70,Application-45-Service,EndDevice-45,Application-45-Service,95300
36473,Application-46,M_Req,missing_destination,71,Application-46-Service,EndDevice-46,Application-46-Service,95300
36475,Application-48,M_Req,missing_destination,73,Application-48-Service,EndDevice-48,Application-48-Service,95300
36483,Application-31,M_Req,missing_destination,56,Application-31-Service,EndDevice-31,Application-31-Service,95300
36491,Application-47,M_Req,missing_destination,72,Application-47-Service,EndDevice-47,Application-47-Service,95300
36504,Application-29,M_Req,missing_destination,54,Application-29-Service,EndDevice-29,Application-29-Service,95300
36518,Application-45,M_Req,missing_destination,70,Application-45-Service,EndDevice-45,Application-45-Service,95400
36520,Application-48,M_Req,missing_destination,73,Application-48-Service,EndDevice-48,Application-48-Service,95400
36526,Application-31,M_Req,missing_destination,56,Application-31-Service,EndDevice-31,Application-31-Service,95400
36533,Application-47,M_Req,missing_destination,72,Application-47-Service,EndDevice-47,Application-47-Service,95400
36574,Application-31,M_Req,missing_destination,56,Application-31-Service,EndDevice-31,Application-31-Service,95500
36590,Application-18,M_Req,missing_destination,43,Application-18-Service,EndDevice-18,Application-18-Service,95600
36594,Application-20,M_Req,missing_destination,45,Application-20-Service,EndDevice-20,Application-20-Service,95600
36600,Application-17,M_Req,missing_destination,42,Application-17-Service,EndDevice-17,Application-17-Service,95600
36605,Application-19,M_Req,missing_destination,44,Application-19-Service,EndDevice-19,Application-19-Service,95600
36638,Application-18,M_Req,missing_destination,43,Application-18-Service,EndDevice-18,Application-18-Service,95700
36642,Application-20,M_Req,missing_destination,45,Application-20-Service,EndDevice-20,Application-20-Service,95700
36648,Application-17,M_Req,missing_destination,42,Application-17-Service,EndDevice-17,Application-17-Service,95700
36653,Application-19,M_Req,missing_destination,44,Application-19-Service,EndDevice-19,Application-19-Service,95700
36701,Application-38,M_Req,missing_destination,63,Application-38-Service,EndDevice-38,Application-38-Service,95900
36719,Application-37,M_Req,missing_destination,62,Application-37-Service,EndDevice-37,Application-37-Service,95900
36733,Application-39,M_Req,missing_destination,64,Application-39-Service,EndDevice-39,Application-39-Service,95900
36736,Application-40,M_Req,missing_destination,65,Application-40-Service,EndDevice-40,Application-40-Service,95900
36762,Application-37,M_Req,missing_destination,62,Application-37-Service,EndDevice-37,Application-37-Service,96000
36820,Application-18,M_Req,missing_destination,43,Application-18-Service,EndDevice-18,Application-18-Service,96200
36825,Application-17,M_Req,missing_destination,42,Application-17-Service,EndDevice-17,Application-17-Service,96200
36831,Application-20,M_Req,missing_destination,45,Application-20-Service,EndDevice-20,Application-20-Service,96200
36868,Application-18,M_Req,missing_destination,43,Application-18-Service,EndDevice-18,Application-18-Service,96300
36873,Application-17,M_Req,missing_destination,42,Application-17-Service,EndDevice-17,Application-17-Service,96300
36879,Application-20,M_Req,missing_destination,45,Application-20-Service,EndDevice-20,Application-20-Service,96300
36933,Application-41,M_Req,missing_destination,66,Application-41-Service,EndDevice-41,Application-41-Service,96500
36939,Application-42,M_Req,missing_destination,67,Application-42-Service,EndDevice-42,Application-42-Service,96500
36944,Application-43,M_Req,missing_destination,68,Application-43-Service,EndDevice-43,Application-43-Service,96500
36966,Application-44,M_Req,missing_destination,69,Application-44-Service,EndDevice-44,Application-44-Service,96500
36979,Application-41,M_Req,missing_destination,66,Application-41-Service,EndDevice-41,Application-41-Service,96600
36983,Application-42,M_Req,missing_destination,67,Application-42-Service,EndDevice-42,Application-42-Service,96600
36988,Application-43,M_Req,missing_destination,68,Application-43-Service,EndDevice-43,Application-43-Service,96600
37057,Application-31,M_Req,missing_destination,56,Application-31-Service,EndDevice-31,Application-31-Service,96800
37074,Application-32,M_Req,missing_destination,57,Application-32-Service,EndDevice-32,Application-32-Service,96800
37080,Application-16,M_Req,missing_destination,41,Application-16-Service,EndDevice-16,Application-16-Service,96900
37081,Application-14,M_Req,missing_destination,39,Application-14-Service,EndDevice-14,Application-14-Service,96900
37087,Application-13,M_Req,missing_destination,38,Application-13-Service,EndDevice-13,Application-13-Service,96900
37105,Application-31,M_Req,missing_destination,56,Application-31-Service,EndDevice-31,Application-31-Service,96900
37122,Application-32,M_Req,missing_destination,57,Application-32-Service,EndDevice-32,Application-32-Service,96900
37132,Application-13,M_Req,missing_destination,38,Application-13-Service,EndDevice-13,Application-13-Service,97000
37149,Application-31,M_Req,missing_destination,56,Application-31-Service,EndDevice-31,Application-31-Service,97000
37169,Application-32,M_Req,missing_destination,57,Application-32-Service,EndDevice-32,Application-32-Service,97100
37180,Application-13,M_Req,missing_destination,38,Application-13-Service,EndDevice-13,Application-13-Service,97100
37197,Application-31,M_Req,missing_destination,56,Application-31-Service,EndDevice-31,Application-31-Service,97100
37217,Application-32,M_Req,missing_destination,57,Application-32-Service,EndDevice-32,Application-32-Service,97200
37226,Application-13,M_Req,missing_destination,38,Application-13-Service,EndDevice-13,Application-13-Service,97200
37274,Application-13,M_Req,missing_destination,38,Application-13-Service,EndDevice-13,Application-13-Service,97300
37306,Application-32,M_Req,missing_destination,57,Application-32-Service,EndDevice-32,Application-32-Service,97400
37313,Application-30,M_Req,missing_destination,55,Application-30-Service,EndDevice-30,Application-30-Service,97500
37354,Application-32,M_Req,missing_destination,57,Application-32-Service,EndDevice-32,Application-32-Service,97500
37396,Application-38,M_Req,missing_destination,63,Application-38-Service,EndDevice-38,Application-38-Service,97700
37411,Application-40,M_Req,missing_destination,65,Application-40-Service,EndDevice-40,Application-40-Service,97700
37414,Application-15,M_Req,missing_destination,40,Application-15-Service,EndDevice-15,Application-15-Service,97700
37415,Application-37,M_Req,missing_destination,62,Application-37-Service,EndDevice-37,Application-37-Service,97700
37416,Application-39,M_Req,missing_destination,64,Application-39-Service,EndDevice-39,Application-39-Service,97700
37418,Application-31,M_Req,missing_destination,56,Application-31-Service,EndDevice-31,Application-31-Service,97700
37451,Application-40,M_Req,missing_destination,65,Application-40-Service,EndDevice-40,Application-40-Service,97800
37454,Application-15,M_Req,missing_destination,40,Application-15-Service,EndDevice-15,Application-15-Service,97800
37455,Application-37,M_Req,missing_destination,62,Application-37-Service,EndDevice-37,Application-37-Service,97800
37456,Application-39,M_Req,missing_destination,64,Application-39-Service,EndDevice-39,Application-39-Service,97800
37510,Application-35,M_Req,missing_destination,60,Application-35-Service,EndDevice-35,Application-35-Service,98000
37523,Application-38,M_Req,missing_destination,63,Application-38-Service,EndDevice-38,Application-38-Service,98000
37525,Application-36,M_Req,missing_destination,61,Application-36-Service,EndDevice-36,Application-36-Service,98000
37530,Application-32,M_Req,missing_destination,57,Application-32-Service,EndDevice-32,Application-32-Service,98000
37533,Application-34,M_Req,missing_destination,59,Application-34-Service,EndDevice-34,Application-34-Service,98000
37537,Application-33,M_Req,missing_destination,58,Application-33-Service,EndDevice-33,Application-33-Service,98100
37558,Application-35,M_Req,missing_destination,60,Application-35-Service,EndDevice-35,Application-35-Service,98100
37571,Application-38,M_Req,missing_destination,63,Application-38-Service,EndDevice-38,Application-38-Service,98100
37573,Application-36,M_Req,missing_destination,61,Application-36-Service,EndDevice-36,Application-36-Service,98100
37578,Application-32,M_Req,missing_destination,57,Application-32-Service,EndDevice-32,Application-32-Service,98100
37581,Application-34,M_Req,missing_destination,59,Application-34-Service,EndDevice-34,Application-34-Service,98100
37585,Application-33,M_Req,missing_destination,58,Application-33-Service,EndDevice-33,Application-33-Service,98200
37603,Application-35,M_Req,missing_destination,60,Application-35-Service,EndDevice-35,Application-35-Service,98200
37614,Application-38,M_Req,missing_destination,63,Application-38-Service,EndDevice-38,Application-38-Service,98200
37633,Application-33,M_Req,missing_destination,58,Application-33-Service,EndDevice-33,Application-33-Service,98300
37651,Application-35,M_Req,missing_destination,60,Application-35-Service,EndDevice-35,Application-35-Service,98300
37662,Application-38,M_Req,missing_destination,63,Application-38-Service,EndDevice-38,Application-38-Service,98300
37680,Application-33,M_Req,missing_destination,58,Application-33-Service,EndDevice-33,Application-33-Service,98400
37748,Application-38,M_Req,missing_destination,63,Application-38-Service,EndDevice-38,Application-38-Service,98600
37751,Application-37,M_Req,missing_destination,62,Application-37-Service,EndDevice-37,Application-37-Service,98600
37753,Application-39,M_Req,missing_destination,64,Application-39-Service,EndDevice-39,Application-39-Service,98600
37754,Application-15,M_Req,missing_destination,40,Application-15-Service,EndDevice-15,Application-15-Service,98600
37774,Application-40,M_Req,missing_destination,65,Application-40-Service,EndDevice-40,Application-40-Service,98700
37796,Application-38,M_Req,missing_destination,63,Application-38-Service,EndDevice-38,Application-38-Service,98700
37799,Application-37,M_Req,missing_destination,62,Application-37-Service,EndDevice-37,Application-37-Service,98700
37801,Application-39,M_Req,missing_destination,64,Application-39-Service,EndDevice-39,Application-39-Service,98700
37802,Application-15,M_Req,missing_destination,40,Application-15-Service,EndDevice-15,Application-15-Service,98700
37848,Application-4,M_Req,missing_destination,29,Application-4-Service,EndDevice-4,Application-4-Service,98900
37855,Application-2,M_Req,missing_destination,27,Application-2-Service,EndDevice-2,Application-2-Service,98900
37857,Application-3,M_Req,missing_destination,28,Application-3-Service,EndDevice-3,Application-3-Service,98900
37880,Application-1,M_Req,missing_destination,26,Application-1-Service,EndDevice-1,Application-1-Service,98900
37896,Application-4,M_Req,missing_destination,29,Application-4-Service,EndDevice-4,Application-4-Service,99000
37900,Application-2,M_Req,missing_destination,27,Application-2-Service,EndDevice-2,Application-2-Service,99000
37902,Application-3,M_Req,missing_destination,28,Application-3-Service,EndDevice-3,Application-3-Service,99000
37921,Application-1,M_Req,missing_destination,26,Application-1-Service,EndDevice-1,Application-1-Service,99000
37974,Application-29,M_Req,missing_destination,54,Application-29-Service,EndDevice-29,Application-29-Service,99200
37995,Application-32,M_Req,missing_destination,57,Application-32-Service,EndDevice-32,Application-32-Service,99200
37999,Application-30,M_Req,missing_destination,55,Application-30-Service,EndDevice-30,Application-30-Service,99300
38022,Application-29,M_Req,missing_destination,54,Application-29-Service,EndDevice-29,Application-29-Service,99300
38043,Application-32,M_Req,missing_destination,57,Application-32-Service,EndDevice-32,Application-32-Service,99300
38065,Application-29,M_Req,missing_destination,54,Application-29-Service,EndDevice-29,Application-29-Service,99400
38081,Application-42,M_Req,missing_destination,67,Application-42-Service,EndDevice-42,Application-42-Service,99500
38083,Application-44,M_Req,missing_destination,69,Application-44-Service,EndDevice-44,Application-44-Service,99500
38084,Application-32,M_Req,missing_destination,57,Application-32-Service,EndDevice-32,Application-32-Service,99500
38086,Application-43,M_Req,missing_destination,68,Application-43-Service,EndDevice-43,Application-43-Service,99500
38088,Application-30,M_Req,missing_destination,55,Application-30-Service,EndDevice-30,Application-30-Service,99500
38112,Application-41,M_Req,missing_destination,66,Application-41-Service,EndDevice-41,Application-41-Service,99500
38113,Application-29,M_Req,missing_destination,54,Application-29-Service,EndDevice-29,Application-29-Service,99500
38127,Application-42,M_Req,missing_destination,67,Application-42-Service,EndDevice-42,Application-42-Service,99600
38129,Application-44,M_Req,missing_destination,69,Application-44-Service,EndDevice-44,Application-44-Service,99600
38130,Application-32,M_Req,missing_destination,57,Application-32-Service,EndDevice-32,Application-32-Service,99600
38132,Application-30,M_Req,missing_destination,55,Application-30-Service,EndDevice-30,Application-30-Service,99600
38211,Application-4,M_Req,missing_destination,29,Application-4-Service,EndDevice-4,Application-4-Service,99800
38216,Application-2,M_Req,missing_destination,27,Application-2-Service,EndDevice-2,Application-2-Service,99800
38218,Application-3,M_Req,missing_destination,28,Application-3-Service,EndDevice-3,Application-3-Service,99800
38259,Application-4,M_Req,missing_destination,29,Application-4-Service,EndDevice-4,Application-4-Service,99900
38264,Application-2,M_Req,missing_destination,27,Application-2-Service,EndDevice-2,Application-2-Service,99900
38266,Application-3,M_Req,missing_destination,28,Application-3-Service,EndDevice-3,Application-3-Service,99900
