id,app,message,reason,TOPO.src,TOPO.dst,TOPO.srcLabel,TOPO.dstLabel,ctime
288,Application-15,M_Req,missing_destination,40,Application-15-Service,EndDevice-15,Application-15-Service,800
307,Application-39,M_Req,missing_destination,64,Application-39-Service,EndDevice-39,Application-39-Service,800
310,Application-27,M_Req,missing_destination,52,Application-27-Service,EndDevice-27,Application-27-Service,800
317,Application-3,M_Req,missing_destination,28,Application-3-Service,EndDevice-3,Application-3-Service,800
336,Application-15,M_Req,missing_destination,40,Application-15-Service,EndDevice-15,Application-15-Service,900
355,Application-39,M_Req,missing_destination,64,Application-39-Service,EndDevice-39,Application-39-Service,900
358,Application-27,M_Req,missing_destination,52,Application-27-Service,EndDevice-27,Application-27-Service,900
365,Application-3,M_Req,missing_destination,28,Application-3-Service,EndDevice-3,Application-3-Service,900
380,Application-15,M_Req,missing_destination,40,Application-15-Service,EndDevice-15,Application-15-Service,1000
396,Application-39,M_Req,missing_destination,64,Application-39-Service,EndDevice-39,Application-39-Service,1000
399,Application-27,M_Req,missing_destination,52,Application-27-Service,EndDevice-27,Application-27-Service,1000
414,Application-38,M_Req,missing_destination,63,Application-38-Service,EndDevice-38,Application-38-Service,1100
424,Application-5,M_Req,missing_destination,30,Application-5-Service,EndDevice-5,Application-5-Service,1100
428,Application-15,M_Req,missing_destination,40,Application-15-Service,EndDevice-15,Application-15-Service,1100
439,Application-42,M_Req,missing_destination,67,Application-42-Service,EndDevice-42,Application-42-Service,1100
444,Application-39,M_Req,missing_destination,64,Application-39-Service,EndDevice-39,Application-39-Service,1100
447,Application-27,M_Req,missing_destination,52,Application-27-Service,EndDevice-27,Application-27-Service,1100
448,Application-18,M_Req,missing_destination,43,Application-18-Service,EndDevice-18,Application-18-Service,1100
459,Application-38,M_Req,missing_destination,63,Application-38-Service,EndDevice-38,Application-38-Service,1200
507,Application-38,M_Req,missing_destination,63,Application-38-Service,EndDevice-38,Application-38-Service,1300
519,Application-17,M_Req,missing_destination,42,Application-17-Service,EndDevice-17,Application-17-Service,1400
533,Application-27,M_Req,missing_destination,52,Application-27-Service,EndDevice-27,Application-27-Service,1400
549,Application-8,M_Req,missing_destination,33,Application-8-Service,EndDevice-8,Application-8-Service,1500
567,Application-17,M_Req,missing_destination,42,Application-17-Service,EndDevice-17,Application-17-Service,1500
581,Application-27,M_Req,missing_destination,52,Application-27-Service,EndDevice-27,Application-27-Service,1500
630,Application-14,M_Req,missing_destination,39,Application-14-Service,EndDevice-14,Application-14-Service,1700
632,Application-24,M_Req,missing_destination,49,Application-24-Service,EndDevice-24,Application-24-Service,1700
639,Application-37,M_Req,missing_destination,62,Application-37-Service,EndDevice-37,Application-37-Service,1700
645,Application-48,M_Req,missing_destination,73,Application-48-Service,EndDevice-48,Application-48-Service,1700
650,Application-4,M_Req,missing_destination,29,Application-4-Service,EndDevice-4,Application-4-Service,1700
653,Application-44,M_Req,missing_destination,69,Application-44-Service,EndDevice-44,Application-44-Service,1700
665,Application-43,M_Req,missing_destination,68,Application-43-Service,EndDevice-43,Application-43-Service,1700
672,Application-33,M_Req,missing_destination,58,Application-33-Service,EndDevice-33,Application-33-Service,1700
679,Application-24,M_Req,missing_destination,49,Application-24-Service,EndDevice-24,Application-24-Service,1800
686,Application-37,M_Req,missing_destination,62,Application-37-Service,EndDevice-37,Application-37-Service,1800
692,Application-48,M_Req,missing_destination,73,Application-48-Service,EndDevice-48,Application-48-Service,1800
756,Application-2,M_Req,missing_destination,27,Application-2-Service,EndDevice-2,Application-2-Service,2000
761,Application-12,M_Req,missing_destination,37,Application-12-Service,EndDevice-12,Application-12-Service,2000
771,Application-22,M_Req,missing_destination,47,Application-22-Service,EndDevice-22,Application-22-Service,2000
780,Application-46,M_Req,missing_destination,71,Application-46-Service,EndDevice-46,Application-46-Service,2000
787,Application-13,M_Req,missing_destination,38,Application-13-Service,EndDevice-13,Application-13-Service,2100
804,Application-2,M_Req,missing_destination,27,Application-2-Service,EndDevice-2,Application-2-Service,2100
809,Application-12,M_Req,missing_destination,37,Application-12-Service,EndDevice-12,Application-12-Service,2100
819,Application-22,M_Req,missing_destination,47,Application-22-Service,EndDevice-22,Application-22-Service,2100
828,Application-46,M_Req,missing_destination,71,Application-46-Service,EndDevice-46,Application-46-Service,2100
870,Application-3,M_Req,missing_destination,28,Application-3-Service,EndDevice-3,Application-3-Service,2300
878,Application-47,M_Req,missing_destination,72,Application-47-Service,EndDevice-47,Application-47-Service,2300
898,Application-33,M_Req,missing_destination,58,Application-33-Service,EndDevice-33,Application-33-Service,2300
917,Application-3,M_Req,missing_destination,28,Application-3-Service,EndDevice-3,Application-3-Service,2400
924,Application-47,M_Req,missing_destination,72,Application-47-Service,EndDevice-47,Application-47-Service,2400
965,Application-3,M_Req,missing_destination,28,Application-3-Service,EndDevice-3,Application-3-Service,2500
972,Application-47,M_Req,missing_destination,72,Application-47-Service,EndDevice-47,Application-47-Service,2500
981,Application-26,M_Req,missing_destination,51,Application-26-Service,EndDevice-26,Application-26-Service,2600
984,Application-36,M_Req,missing_destination,61,Application-36-Service,EndDevice-36,Application-36-Service,2600
999,Application-6,M_Req,missing_destination,31,Application-6-Service,EndDevice-6,Application-6-Service,2600
1005,Application-3,M_Req,missing_destination,28,Application-3-Service,EndDevice-3,Application-3-Service,2600
1029,Application-26,M_Req,missing_destination,51,Application-26-Service,EndDevice-26,Application-26-Service,2700
1032,Application-36,M_Req,missing_destination,61,Application-36-Service,EndDevice-36,Application-36-Service,2700
1047,Application-6,M_Req,missing_destination,31,Application-6-Service,EndDevice-6,Application-6-Service,2700
1053,Application-3,M_Req,missing_destination,28,Application-3-Service,EndDevice-3,Application-3-Service,2700
1113,Application-44,M_Req,missing_destination,69,Application-44-Service,EndDevice-44,Application-44-Service,2900
1128,Application-30,M_Req,missing_destination,55,Application-30-Service,EndDevice-30,Application-30-Service,2900
1130,Application-10,M_Req,missing_destination,35,Application-10-Service,EndDevice-10,Application-10-Service,2900
1158,Application-44,M_Req,missing_destination,69,Application-44-Service,EndDevice-44,Application-44-Service,3000
1230,Application-8,M_Req,missing_destination,33,Application-8-Service,EndDevice-8,Application-8-Service,3200
1236,Application-20,M_Req,missing_destination,45,Application-20-Service,EndDevice-20,Application-20-Service,3200
1278,Application-8,M_Req,missing_destination,33,Application-8-Service,EndDevice-8,Application-8-Service,3300
1284,Application-20,M_Req,missing_destination,45,Application-20-Service,EndDevice-20,Application-20-Service,3300
1329,Application-27,M_Req,missing_destination,52,Application-27-Service,EndDevice-27,Application-27-Service,3500
1347,Application-15,M_Req,missing_destination,40,Application-15-Service,EndDevice-15,Application-15-Service,3500
1352,Application-4,M_Req,missing_destination,29,Application-4-Service,EndDevice-4,Application-4-Service,3500
1355,Application-14,M_Req,missing_destination,39,Application-14-Service,EndDevice-14,Application-14-Service,3500
1358,Application-24,M_Req,missing_destination,49,Application-24-Service,EndDevice-24,Application-24-Service,3500
1392,Application-15,M_Req,missing_destination,40,Application-15-Service,EndDevice-15,Application-15-Service,3600
1455,Application-27,M_Req,missing_destination,52,Application-27-Service,EndDevice-27,Application-27-Service,3800
1469,Application-41,M_Req,missing_destination,66,Application-41-Service,EndDevice-41,Application-41-Service,3800
1472,Application-8,M_Req,missing_destination,33,Application-8-Service,EndDevice-8,Application-8-Service,3800
1477,Application-19,M_Req,missing_destination,44,Application-19-Service,EndDevice-19,Application-19-Service,3900
1503,Application-27,M_Req,missing_destination,52,Application-27-Service,EndDevice-27,Application-27-Service,3900
1517,Application-41,M_Req,missing_destination,66,Application-41-Service,EndDevice-41,Application-41-Service,3900
1520,Application-8,M_Req,missing_destination,33,Application-8-Service,EndDevice-8,Application-8-Service,3900
1524,Application-19,M_Req,missing_destination,44,Application-19-Service,EndDevice-19,Application-19-Service,4000
1559,Application-8,M_Req,missing_destination,33,Application-8-Service,EndDevice-8,Application-8-Service,4100
1569,Application-42,M_Req,missing_destination,67,Application-42-Service,EndDevice-42,Application-42-Service,4100
1572,Application-19,M_Req,missing_destination,44,Application-19-Service,EndDevice-19,Application-19-Service,4100
1576,Application-9,M_Req,missing_destination,34,Application-9-Service,EndDevice-9,Application-9-Service,4100
1578,Application-38,M_Req,missing_destination,63,Application-38-Service,EndDevice-38,Application-38-Service,4100
1581,Application-18,M_Req,missing_destination,43,Application-18-Service,EndDevice-18,Application-18-Service,4100
1606,Application-8,M_Req,missing_destination,33,Application-8-Service,EndDevice-8,Application-8-Service,4200
1617,Application-19,M_Req,missing_destination,44,Application-19-Service,EndDevice-19,Application-19-Service,4200
1621,Application-9,M_Req,missing_destination,34,Application-9-Service,EndDevice-9,Application-9-Service,4200
1623,Application-38,M_Req,missing_destination,63,Application-38-Service,EndDevice-38,Application-38-Service,4200
1626,Application-18,M_Req,missing_destination,43,Application-18-Service,EndDevice-18,Application-18-Service,4200
1665,Application-19,M_Req,missing_destination,44,Application-19-Service,EndDevice-19,Application-19-Service,4300
1678,Application-31,M_Req,missing_destination,56,Application-31-Service,EndDevice-31,Application-31-Service,4400
1681,Application-1,M_Req,missing_destination,26,Application-1-Service,EndDevice-1,Application-1-Service,4400
1689,Application-11,M_Req,missing_destination,36,Application-11-Service,EndDevice-11,Application-11-Service,4400
1707,Application-23,M_Req,missing_destination,48,Application-23-Service,EndDevice-23,Application-23-Service,4500
1726,Application-31,M_Req,missing_destination,56,Application-31-Service,EndDevice-31,Application-31-Service,4500
1729,Application-1,M_Req,missing_destination,26,Application-1-Service,EndDevice-1,Application-1-Service,4500
1737,Application-11,M_Req,missing_destination,36,Application-11-Service,EndDevice-11,Application-11-Service,4500
1754,Application-23,M_Req,missing_destination,48,Application-23-Service,EndDevice-23,Application-23-Service,4600
1770,Application-31,M_Req,missing_destination,56,Application-31-Service,EndDevice-31,Application-31-Service,4600
1801,Application-28,M_Req,missing_destination,53,Application-28-Service,EndDevice-28,Application-28-Service,4700
1802,Application-23,M_Req,missing_destination,48,Application-23-Service,EndDevice-23,Application-23-Service,4700
1807,Application-6,M_Req,missing_destination,31,Application-6-Service,EndDevice-6,Application-6-Service,4700
1811,Application-39,M_Req,missing_destination,64,Application-39-Service,EndDevice-39,Application-39-Service,4700
1818,Application-31,M_Req,missing_destination,56,Application-31-Service,EndDevice-31,Application-31-Service,4700
1825,Application-26,M_Req,missing_destination,51,Application-26-Service,EndDevice-26,Application-26-Service,4700
1844,Application-28,M_Req,missing_destination,53,Application-28-Service,EndDevice-28,Application-28-Service,4800
1848,Application-6,M_Req,missing_destination,31,Application-6-Service,EndDevice-6,Application-6-Service,4800
1851,Application-39,M_Req,missing_destination,64,Application-39-Service,EndDevice-39,Application-39-Service,4800
1892,Application-28,M_Req,missing_destination,53,Application-28-Service,EndDevice-28,Application-28-Service,4900
1896,Application-6,M_Req,missing_destination,31,Application-6-Service,EndDevice-6,Application-6-Service,4900
1899,Application-39,M_Req,missing_destination,64,Application-39-Service,EndDevice-39,Application-39-Service,4900
1909,Application-17,M_Req,missing_destination,42,Application-17-Service,EndDevice-17,Application-17-Service,5000
1957,Application-17,M_Req,missing_destination,42,Application-17-Service,EndDevice-17,Application-17-Service,5100
2016,Application-25,M_Req,missing_destination,50,Application-25-Service,EndDevice-25,Application-25-Service,5300
2018,Application-35,M_Req,missing_destination,60,Application-35-Service,EndDevice-35,Application-35-Service,5300
2032,Application-38,M_Req,missing_destination,63,Application-38-Service,EndDevice-38,Application-38-Service,5300
2034,Application-16,M_Req,missing_destination,41,Application-16-Service,EndDevice-16,Application-16-Service,5300
2042,Application-45,M_Req,missing_destination,70,Application-45-Service,EndDevice-45,Application-45-Service,5300
2050,Application-24,M_Req,missing_destination,49,Application-24-Service,EndDevice-24,Application-24-Service,5300
2062,Application-25,M_Req,missing_destination,50,Application-25-Service,EndDevice-25,Application-25-Service,5400
2063,Application-35,M_Req,missing_destination,60,Application-35-Service,EndDevice-35,Application-35-Service,5400
2075,Application-38,M_Req,missing_destination,63,Application-38-Service,EndDevice-38,Application-38-Service,5400
2077,Application-16,M_Req,missing_destination,41,Application-16-Service,EndDevice-16,Application-16-Service,5400
2110,Application-25,M_Req,missing_destination,50,Application-25-Service,EndDevice-25,Application-25-Service,5500
2111,Application-35,M_Req,missing_destination,60,Application-35-Service,EndDevice-35,Application-35-Service,5500
2123,Application-38,M_Req,missing_destination,63,Application-38-Service,EndDevice-38,Application-38-Service,5500
2125,Application-16,M_Req,missing_destination,41,Application-16-Service,EndDevice-16,Application-16-Service,5500
2139,Application-41,M_Req,missing_destination,66,Application-41-Service,EndDevice-41,Application-41-Service,5600
2141,Application-1,M_Req,missing_destination,26,Application-1-Service,EndDevice-1,Application-1-Service,5600
2151,Application-11,M_Req,missing_destination,36,Application-11-Service,EndDevice-11,Application-11-Service,5600
2155,Application-25,M_Req,missing_destination,50,Application-25-Service,EndDevice-25,Application-25-Service,5600
2156,Application-35,M_Req,missing_destination,60,Application-35-Service,EndDevice-35,Application-35-Service,5600
2158,Application-34,M_Req,missing_destination,59,Application-34-Service,EndDevice-34,Application-34-Service,5600
2187,Application-41,M_Req,missing_destination,66,Application-41-Service,EndDevice-41,Application-41-Service,5700
2189,Application-1,M_Req,missing_destination,26,Application-1-Service,EndDevice-1,Application-1-Service,5700
2199,Application-11,M_Req,missing_destination,36,Application-11-Service,EndDevice-11,Application-11-Service,5700
2203,Application-25,M_Req,missing_destination,50,Application-25-Service,EndDevice-25,Application-25-Service,5700
2204,Application-35,M_Req,missing_destination,60,Application-35-Service,EndDevice-35,Application-35-Service,5700
2206,Application-34,M_Req,missing_destination,59,Application-34-Service,EndDevice-34,Application-34-Service,5700
2233,Application-41,M_Req,missing_destination,66,Application-41-Service,EndDevice-41,Application-41-Service,5800
2235,Application-1,M_Req,missing_destination,26,Application-1-Service,EndDevice-1,Application-1-Service,5800
2243,Application-40,M_Req,missing_destination,65,Application-40-Service,EndDevice-40,Application-40-Service,5900
2275,Application-20,M_Req,missing_destination,45,Application-20-Service,EndDevice-20,Application-20-Service,5900
2277,Application-30,M_Req,missing_destination,55,Application-30-Service,EndDevice-30,Application-30-Service,5900
2278,Application-10,M_Req,missing_destination,35,Application-10-Service,EndDevice-10,Application-10-Service,5900
2281,Application-41,M_Req,missing_destination,66,Application-41-Service,EndDevice-41,Application-41-Service,5900
2283,Application-1,M_Req,missing_destination,26,Application-1-Service,EndDevice-1,Application-1-Service,5900
2290,Application-40,M_Req,missing_destination,65,Application-40-Service,EndDevice-40,Application-40-Service,6000
2338,Application-40,M_Req,missing_destination,65,Application-40-Service,EndDevice-40,Application-40-Service,6100
2383,Application-48,M_Req,missing_destination,73,Application-48-Service,EndDevice-48,Application-48-Service,6200
2395,Application-9,M_Req,missing_destination,34,Application-9-Service,EndDevice-9,Application-9-Service,6300
2399,Application-42,M_Req,missing_destination,67,Application-42-Service,EndDevice-42,Application-42-Service,6300
2431,Application-48,M_Req,missing_destination,73,Application-48-Service,EndDevice-48,Application-48-Service,6300
2481,Application-1,M_Req,missing_destination,26,Application-1-Service,EndDevice-1,Application-1-Service,6500
2500,Application-31,M_Req,missing_destination,56,Application-31-Service,EndDevice-31,Application-31-Service,6500
2507,Application-10,M_Req,missing_destination,35,Application-10-Service,EndDevice-10,Application-10-Service,6500
2515,Application-30,M_Req,missing_destination,55,Application-30-Service,EndDevice-30,Application-30-Service,6500
2527,Application-1,M_Req,missing_destination,26,Application-1-Service,EndDevice-1,Application-1-Service,6600
2542,Application-31,M_Req,missing_destination,56,Application-31-Service,EndDevice-31,Application-31-Service,6600
2598,Application-23,M_Req,missing_destination,48,Application-23-Service,EndDevice-23,Application-23-Service,6800
2604,Application-13,M_Req,missing_destination,38,Application-13-Service,EndDevice-13,Application-13-Service,6800
2605,Application-3,M_Req,missing_destination,28,Application-3-Service,EndDevice-3,Application-3-Service,6800
2607,Application-33,M_Req,missing_destination,58,Application-33-Service,EndDevice-33,Application-33-Service,6800
2612,Application-43,M_Req,missing_destination,68,Application-43-Service,EndDevice-43,Application-43-Service,6800
2616,Application-34,M_Req,missing_destination,59,Application-34-Service,EndDevice-34,Application-34-Service,6800
2625,Application-15,M_Req,missing_destination,40,Application-15-Service,EndDevice-15,Application-15-Service,6900
2631,Application-26,M_Req,missing_destination,51,Application-26-Service,EndDevice-26,Application-26-Service,6900
2632,Application-4,M_Req,missing_destination,29,Application-4-Service,EndDevice-4,Application-4-Service,6900
2646,Application-23,M_Req,missing_destination,48,Application-23-Service,EndDevice-23,Application-23-Service,6900
2652,Application-13,M_Req,missing_destination,38,Application-13-Service,EndDevice-13,Application-13-Service,6900
2653,Application-3,M_Req,missing_destination,28,Application-3-Service,EndDevice-3,Application-3-Service,6900
2655,Application-33,M_Req,missing_destination,58,Application-33-Service,EndDevice-33,Application-33-Service,6900
2660,Application-43,M_Req,missing_destination,68,Application-43-Service,EndDevice-43,Application-43-Service,6900
2664,Application-34,M_Req,missing_destination,59,Application-34-Service,EndDevice-34,Application-34-Service,6900
2717,Application-33,M_Req,missing_destination,58,Application-33-Service,EndDevice-33,Application-33-Service,7100
2723,Application-44,M_Req,missing_destination,69,Application-44-Service,EndDevice-44,Application-44-Service,7100
2731,Application-40,M_Req,missing_destination,65,Application-40-Service,EndDevice-40,Application-40-Service,7100
2737,Application-10,M_Req,missing_destination,35,Application-10-Service,EndDevice-10,Application-10-Service,7100
2741,Application-30,M_Req,missing_destination,55,Application-30-Service,EndDevice-30,Application-30-Service,7100
2764,Application-33,M_Req,missing_destination,58,Application-33-Service,EndDevice-33,Application-33-Service,7200
2767,Application-44,M_Req,missing_destination,69,Application-44-Service,EndDevice-44,Application-44-Service,7200
2775,Application-40,M_Req,missing_destination,65,Application-40-Service,EndDevice-40,Application-40-Service,7200
2834,Application-19,M_Req,missing_destination,44,Application-19-Service,EndDevice-19,Application-19-Service,7400
2837,Application-9,M_Req,missing_destination,34,Application-9-Service,EndDevice-9,Application-9-Service,7400
2838,Application-29,M_Req,missing_destination,54,Application-29-Service,EndDevice-29,Application-29-Service,7400
2882,Application-19,M_Req,missing_destination,44,Application-19-Service,EndDevice-19,Application-19-Service,7500
2885,Application-9,M_Req,missing_destination,34,Application-9-Service,EndDevice-9,Application-9-Service,7500
2886,Application-29,M_Req,missing_destination,54,Application-29-Service,EndDevice-29,Application-29-Service,7500
2927,Application-19,M_Req,missing_destination,44,Application-19-Service,EndDevice-19,Application-19-Service,7600
2929,Application-9,M_Req,missing_destination,34,Application-9-Service,EndDevice-9,Application-9-Service,7600
2930,Application-29,M_Req,missing_destination,54,Application-29-Service,EndDevice-29,Application-29-Service,7600
2941,Application-31,M_Req,missing_destination,56,Application-31-Service,EndDevice-31,Application-31-Service,7700
2943,Application-35,M_Req,missing_destination,60,Application-35-Service,EndDevice-35,Application-35-Service,7700
2961,Application-21,M_Req,missing_destination,46,Application-21-Service,EndDevice-21,Application-21-Service,7700
2969,Application-30,M_Req,missing_destination,55,Application-30-Service,EndDevice-30,Application-30-Service,7700
2975,Application-19,M_Req,missing_destination,44,Application-19-Service,EndDevice-19,Application-19-Service,7700
2977,Application-9,M_Req,missing_destination,34,Application-9-Service,EndDevice-9,Application-9-Service,7700
2978,Application-29,M_Req,missing_destination,54,Application-29-Service,EndDevice-29,Application-29-Service,7700
2986,Application-31,M_Req,missing_destination,56,Application-31-Service,EndDevice-31,Application-31-Service,7800
3002,Application-21,M_Req,missing_destination,46,Application-21-Service,EndDevice-21,Application-21-Service,7800
3059,Application-3,M_Req,missing_destination,28,Application-3-Service,EndDevice-3,Application-3-Service,8000
3061,Application-43,M_Req,missing_destination,68,Application-43-Service,EndDevice-43,Application-43-Service,8000
3064,Application-13,M_Req,missing_destination,38,Application-13-Service,EndDevice-13,Application-13-Service,8000
3095,Application-26,M_Req,missing_destination,51,Application-26-Service,EndDevice-26,Application-26-Service,8100
3107,Application-3,M_Req,missing_destination,28,Application-3-Service,EndDevice-3,Application-3-Service,8100
3109,Application-43,M_Req,missing_destination,68,Application-43-Service,EndDevice-43,Application-43-Service,8100
3112,Application-13,M_Req,missing_destination,38,Application-13-Service,EndDevice-13,Application-13-Service,8100
3170,Application-23,M_Req,missing_destination,48,Application-23-Service,EndDevice-23,Application-23-Service,8300
3173,Application-1,M_Req,missing_destination,26,Application-1-Service,EndDevice-1,Application-1-Service,8300
3195,Application-31,M_Req,missing_destination,56,Application-31-Service,EndDevice-31,Application-31-Service,8300
3203,Application-41,M_Req,missing_destination,66,Application-41-Service,EndDevice-41,Application-41-Service,8300
3204,Application-11,M_Req,missing_destination,36,Application-11-Service,EndDevice-11,Application-11-Service,8300
3236,Application-31,M_Req,missing_destination,56,Application-31-Service,EndDevice-31,Application-31-Service,8400
3284,Application-31,M_Req,missing_destination,56,Application-31-Service,EndDevice-31,Application-31-Service,8500
3293,Application-5,M_Req,missing_destination,30,Application-5-Service,EndDevice-5,Application-5-Service,8600
3300,Application-15,M_Req,missing_destination,40,Application-15-Service,EndDevice-15,Application-15-Service,8600
3304,Application-45,M_Req,missing_destination,70,Application-45-Service,EndDevice-45,Application-45-Service,8600
3322,Application-38,M_Req,missing_destination,63,Application-38-Service,EndDevice-38,Application-38-Service,8700
3341,Application-5,M_Req,missing_destination,30,Application-5-Service,EndDevice-5,Application-5-Service,8700
3348,Application-15,M_Req,missing_destination,40,Application-15-Service,EndDevice-15,Application-15-Service,8700
3352,Application-45,M_Req,missing_destination,70,Application-45-Service,EndDevice-45,Application-45-Service,8700
3367,Application-38,M_Req,missing_destination,63,Application-38-Service,EndDevice-38,Application-38-Service,8800
3382,Application-5,M_Req,missing_destination,30,Application-5-Service,EndDevice-5,Application-5-Service,8800
3388,Application-15,M_Req,missing_destination,40,Application-15-Service,EndDevice-15,Application-15-Service,8800
3397,Application-21,M_Req,missing_destination,46,Application-21-Service,EndDevice-21,Application-21-Service,8900
3415,Application-38,M_Req,missing_destination,63,Application-38-Service,EndDevice-38,Application-38-Service,8900
3428,Application-41,M_Req,missing_destination,66,Application-41-Service,EndDevice-41,Application-41-Service,8900
3430,Application-5,M_Req,missing_destination,30,Application-5-Service,EndDevice-5,Application-5-Service,8900
3436,Application-15,M_Req,missing_destination,40,Application-15-Service,EndDevice-15,Application-15-Service,8900
3438,Application-1,M_Req,missing_destination,26,Application-1-Service,EndDevice-1,Application-1-Service,8900
3443,Application-21,M_Req,missing_destination,46,Application-21-Service,EndDevice-21,Application-21-Service,9000
3461,Application-38,M_Req,missing_destination,63,Application-38-Service,EndDevice-38,Application-38-Service,9000
3491,Application-21,M_Req,missing_destination,46,Application-21-Service,EndDevice-21,Application-21-Service,9100
3518,Application-13,M_Req,missing_destination,38,Application-13-Service,EndDevice-13,Application-13-Service,9200
3535,Application-21,M_Req,missing_destination,46,Application-21-Service,EndDevice-21,Application-21-Service,9200
3537,Application-3,M_Req,missing_destination,28,Application-3-Service,EndDevice-3,Application-3-Service,9200
3545,Application-26,M_Req,missing_destination,51,Application-26-Service,EndDevice-26,Application-26-Service,9200
3548,Application-14,M_Req,missing_destination,39,Application-14-Service,EndDevice-14,Application-14-Service,9300
3566,Application-13,M_Req,missing_destination,38,Application-13-Service,EndDevice-13,Application-13-Service,9300
3583,Application-21,M_Req,missing_destination,46,Application-21-Service,EndDevice-21,Application-21-Service,9300
3585,Application-3,M_Req,missing_destination,28,Application-3-Service,EndDevice-3,Application-3-Service,9300
3593,Application-26,M_Req,missing_destination,51,Application-26-Service,EndDevice-26,Application-26-Service,9300
3596,Application-14,M_Req,missing_destination,39,Application-14-Service,EndDevice-14,Application-14-Service,9400
3610,Application-13,M_Req,missing_destination,38,Application-13-Service,EndDevice-13,Application-13-Service,9400
3629,Application-22,M_Req,missing_destination,47,Application-22-Service,EndDevice-22,Application-22-Service,9500
3633,Application-3,M_Req,missing_destination,28,Application-3-Service,EndDevice-3,Application-3-Service,9500
3642,Application-24,M_Req,missing_destination,49,Application-24-Service,EndDevice-24,Application-24-Service,9500
3644,Application-14,M_Req,missing_destination,39,Application-14-Service,EndDevice-14,Application-14-Service,9500
3645,Application-35,M_Req,missing_destination,60,Application-35-Service,EndDevice-35,Application-35-Service,9500
3656,Application-12,M_Req,missing_destination,37,Application-12-Service,EndDevice-12,Application-12-Service,9500
3658,Application-13,M_Req,missing_destination,38,Application-13-Service,EndDevice-13,Application-13-Service,9500
3664,Application-32,M_Req,missing_destination,57,Application-32-Service,EndDevice-32,Application-32-Service,9500
3674,Application-22,M_Req,missing_destination,47,Application-22-Service,EndDevice-22,Application-22-Service,9600
3677,Application-3,M_Req,missing_destination,28,Application-3-Service,EndDevice-3,Application-3-Service,9600
3684,Application-24,M_Req,missing_destination,49,Application-24-Service,EndDevice-24,Application-24-Service,9600
3686,Application-14,M_Req,missing_destination,39,Application-14-Service,EndDevice-14,Application-14-Service,9600
3687,Application-35,M_Req,missing_destination,60,Application-35-Service,EndDevice-35,Application-35-Service,9600
3697,Application-12,M_Req,missing_destination,37,Application-12-Service,EndDevice-12,Application-12-Service,9600
3734,Application-14,M_Req,missing_destination,39,Application-14-Service,EndDevice-14,Application-14-Service,9700
3750,Application-46,M_Req,missing_destination,71,Application-46-Service,EndDevice-46,Application-46-Service,9800
3752,Application-6,M_Req,missing_destination,31,Application-6-Service,EndDevice-6,Application-6-Service,9800
3769,Application-18,M_Req,missing_destination,43,Application-18-Service,EndDevice-18,Application-18-Service,9800
3776,Application-29,M_Req,missing_destination,54,Application-29-Service,EndDevice-29,Application-29-Service,9900
3777,Application-40,M_Req,missing_destination,65,Application-40-Service,EndDevice-40,Application-40-Service,9900
3798,Application-46,M_Req,missing_destination,71,Application-46-Service,EndDevice-46,Application-46-Service,9900
3800,Application-6,M_Req,missing_destination,31,Application-6-Service,EndDevice-6,Application-6-Service,9900
3817,Application-18,M_Req,missing_destination,43,Application-18-Service,EndDevice-18,Application-18-Service,9900
3824,Application-40,M_Req,missing_destination,65,Application-40-Service,EndDevice-40,Application-40-Service,10000
3841,Application-46,M_Req,missing_destination,71,Application-46-Service,EndDevice-46,Application-46-Service,10000
3843,Application-6,M_Req,missing_destination,31,Application-6-Service,EndDevice-6,Application-6-Service,10000
3851,Application-27,M_Req,missing_destination,52,Application-27-Service,EndDevice-27,Application-27-Service,10100
3872,Application-40,M_Req,missing_destination,65,Application-40-Service,EndDevice-40,Application-40-Service,10100
3889,Application-46,M_Req,missing_destination,71,Application-46-Service,EndDevice-46,Application-46-Service,10100
3891,Application-6,M_Req,missing_destination,31,Application-6-Service,EndDevice-6,Application-6-Service,10100
3892,Application-7,M_Req,missing_destination,32,Application-7-Service,EndDevice-7,Application-7-Service,10100
3897,Application-37,M_Req,missing_destination,62,Application-37-Service,EndDevice-37,Application-37-Service,10100
3916,Application-40,M_Req,missing_destination,65,Application-40-Service,EndDevice-40,Application-40-Service,10200
3964,Application-40,M_Req,missing_destination,65,Application-40-Service,EndDevice-40,Application-40-Service,10300
3996,Application-5,M_Req,missing_destination,30,Application-5-Service,EndDevice-5,Application-5-Service,10400
4014,Application-38,M_Req,missing_destination,63,Application-38-Service,EndDevice-38,Application-38-Service,10500
4044,Application-5,M_Req,missing_destination,30,Application-5-Service,EndDevice-5,Application-5-Service,10500
4060,Application-38,M_Req,missing_destination,63,Application-38-Service,EndDevice-38,Application-38-Service,10600
4097,Application-32,M_Req,missing_destination,57,Application-32-Service,EndDevice-32,Application-32-Service,10700
4108,Application-38,M_Req,missing_destination,63,Application-38-Service,EndDevice-38,Application-38-Service,10700
4114,Application-19,M_Req,missing_destination,44,Application-19-Service,EndDevice-19,Application-19-Service,10700
4116,Application-39,M_Req,missing_destination,64,Application-39-Service,EndDevice-39,Application-39-Service,10700
4118,Application-9,M_Req,missing_destination,34,Application-9-Service,EndDevice-9,Application-9-Service,10700
4152,Application-38,M_Req,missing_destination,63,Application-38-Service,EndDevice-38,Application-38-Service,10800
4157,Application-39,M_Req,missing_destination,64,Application-39-Service,EndDevice-39,Application-39-Service,10800
4200,Application-38,M_Req,missing_destination,63,Application-38-Service,EndDevice-38,Application-38-Service,10900
4208,Application-31,M_Req,missing_destination,56,Application-31-Service,EndDevice-31,Application-31-Service,11000
4209,Application-21,M_Req,missing_destination,46,Application-21-Service,EndDevice-21,Application-21-Service,11000
4238,Application-23,M_Req,missing_destination,48,Application-23-Service,EndDevice-23,Application-23-Service,11100
4243,Application-34,M_Req,missing_destination,59,Application-34-Service,EndDevice-34,Application-34-Service,11100
4256,Application-31,M_Req,missing_destination,56,Application-31-Service,EndDevice-31,Application-31-Service,11100
4257,Application-21,M_Req,missing_destination,46,Application-21-Service,EndDevice-21,Application-21-Service,11100
4286,Application-23,M_Req,missing_destination,48,Application-23-Service,EndDevice-23,Application-23-Service,11200
4289,Application-34,M_Req,missing_destination,59,Application-34-Service,EndDevice-34,Application-34-Service,11200
4300,Application-31,M_Req,missing_destination,56,Application-31-Service,EndDevice-31,Application-31-Service,11200
4311,Application-5,M_Req,missing_destination,30,Application-5-Service,EndDevice-5,Application-5-Service,11300
4314,Application-15,M_Req,missing_destination,40,Application-15-Service,EndDevice-15,Application-15-Service,11300
4334,Application-23,M_Req,missing_destination,48,Application-23-Service,EndDevice-23,Application-23-Service,11300
4337,Application-34,M_Req,missing_destination,59,Application-34-Service,EndDevice-34,Application-34-Service,11300
4338,Application-39,M_Req,missing_destination,64,Application-39-Service,EndDevice-39,Application-39-Service,11300
4342,Application-35,M_Req,missing_destination,60,Application-35-Service,EndDevice-35,Application-35-Service,11300
4346,Application-25,M_Req,missing_destination,50,Application-25-Service,EndDevice-25,Application-25-Service,11300
4348,Application-31,M_Req,missing_destination,56,Application-31-Service,EndDevice-31,Application-31-Service,11300
4359,Application-5,M_Req,missing_destination,30,Application-5-Service,EndDevice-5,Application-5-Service,11400
4362,Application-15,M_Req,missing_destination,40,Application-15-Service,EndDevice-15,Application-15-Service,11400
4381,Application-34,M_Req,missing_destination,59,Application-34-Service,EndDevice-34,Application-34-Service,11400
4382,Application-39,M_Req,missing_destination,64,Application-39-Service,EndDevice-39,Application-39-Service,11400
4386,Application-35,M_Req,missing_destination,60,Application-35-Service,EndDevice-35,Application-35-Service,11400
4389,Application-25,M_Req,missing_destination,50,Application-25-Service,EndDevice-25,Application-25-Service,11400
4407,Application-5,M_Req,missing_destination,30,Application-5-Service,EndDevice-5,Application-5-Service,11500
4410,Application-15,M_Req,missing_destination,40,Application-15-Service,EndDevice-15,Application-15-Service,11500
4430,Application-39,M_Req,missing_destination,64,Application-39-Service,EndDevice-39,Application-39-Service,11500
4434,Application-35,M_Req,missing_destination,60,Application-35-Service,EndDevice-35,Application-35-Service,11500
4437,Application-25,M_Req,missing_destination,50,Application-25-Service,EndDevice-25,Application-25-Service,11500
4447,Application-22,M_Req,missing_destination,47,Application-22-Service,EndDevice-22,Application-22-Service,11600
4450,Application-12,M_Req,missing_destination,37,Application-12-Service,EndDevice-12,Application-12-Service,11600
4451,Application-15,M_Req,missing_destination,40,Application-15-Service,EndDevice-15,Application-15-Service,11600
4461,Application-2,M_Req,missing_destination,27,Application-2-Service,EndDevice-2,Application-2-Service,11600
4464,Application-14,M_Req,missing_destination,39,Application-14-Service,EndDevice-14,Application-14-Service,11700
4476,Application-25,M_Req,missing_destination,50,Application-25-Service,EndDevice-25,Application-25-Service,11700
4495,Application-22,M_Req,missing_destination,47,Application-22-Service,EndDevice-22,Application-22-Service,11700
4498,Application-12,M_Req,missing_destination,37,Application-12-Service,EndDevice-12,Application-12-Service,11700
4499,Application-15,M_Req,missing_destination,40,Application-15-Service,EndDevice-15,Application-15-Service,11700
4509,Application-2,M_Req,missing_destination,27,Application-2-Service,EndDevice-2,Application-2-Service,11700
4511,Application-14,M_Req,missing_destination,39,Application-14-Service,EndDevice-14,Application-14-Service,11800
4522,Application-25,M_Req,missing_destination,50,Application-25-Service,EndDevice-25,Application-25-Service,11800
4544,Application-29,M_Req,missing_destination,54,Application-29-Service,EndDevice-29,Application-29-Service,11900
4559,Application-14,M_Req,missing_destination,39,Application-14-Service,EndDevice-14,Application-14-Service,11900
4570,Application-25,M_Req,missing_destination,50,Application-25-Service,EndDevice-25,Application-25-Service,11900
4580,Application-9,M_Req,missing_destination,34,Application-9-Service,EndDevice-9,Application-9-Service,11900
4603,Application-14,M_Req,missing_destination,39,Application-14-Service,EndDevice-14,Application-14-Service,12000
4611,Application-25,M_Req,missing_destination,50,Application-25-Service,EndDevice-25,Application-25-Service,12000
4696,Application-14,M_Req,missing_destination,39,Application-14-Service,EndDevice-14,Application-14-Service,12300
4778,Application-24,M_Req,missing_destination,49,Application-24-Service,EndDevice-24,Application-24-Service,12500
4782,Application-44,M_Req,missing_destination,69,Application-44-Service,EndDevice-44,Application-44-Service,12500
4795,Application-27,M_Req,missing_destination,52,Application-27-Service,EndDevice-27,Application-27-Service,12500
4811,Application-4,M_Req,missing_destination,29,Application-4-Service,EndDevice-4,Application-4-Service,12500
4824,Application-24,M_Req,missing_destination,49,Application-24-Service,EndDevice-24,Application-24-Service,12600
4827,Application-44,M_Req,missing_destination,69,Application-44-Service,EndDevice-44,Application-44-Service,12600
4838,Application-27,M_Req,missing_destination,52,Application-27-Service,EndDevice-27,Application-27-Service,12600
4872,Application-24,M_Req,missing_destination,49,Application-24-Service,EndDevice-24,Application-24-Service,12700
4875,Application-44,M_Req,missing_destination,69,Application-44-Service,EndDevice-44,Application-44-Service,12700
4886,Application-27,M_Req,missing_destination,52,Application-27-Service,EndDevice-27,Application-27-Service,12700
4899,Application-20,M_Req,missing_destination,45,Application-20-Service,EndDevice-20,Application-20-Service,12800
4903,Application-10,M_Req,missing_destination,35,Application-10-Service,EndDevice-10,Application-10-Service,12800
4913,Application-40,M_Req,missing_destination,65,Application-40-Service,EndDevice-40,Application-40-Service,12800
4916,Application-44,M_Req,missing_destination,69,Application-44-Service,EndDevice-44,Application-44-Service,12800
4920,Application-22,M_Req,missing_destination,47,Application-22-Service,EndDevice-22,Application-22-Service,12800
4924,Application-11,M_Req,missing_destination,36,Application-11-Service,EndDevice-11,Application-11-Service,12900
4931,Application-33,M_Req,missing_destination,58,Application-33-Service,EndDevice-33,Application-33-Service,12900
4947,Application-20,M_Req,missing_destination,45,Application-20-Service,EndDevice-20,Application-20-Service,12900
4951,Application-10,M_Req,missing_destination,35,Application-10-Service,EndDevice-10,Application-10-Service,12900
4961,Application-40,M_Req,missing_destination,65,Application-40-Service,EndDevice-40,Application-40-Service,12900
4964,Application-44,M_Req,missing_destination,69,Application-44-Service,EndDevice-44,Application-44-Service,12900
4968,Application-22,M_Req,missing_destination,47,Application-22-Service,EndDevice-22,Application-22-Service,12900
5011,Application-6,M_Req,missing_destination,31,Application-6-Service,EndDevice-6,Application-6-Service,13100
5014,Application-17,M_Req,missing_destination,42,Application-17-Service,EndDevice-17,Application-17-Service,13100
5021,Application-28,M_Req,missing_destination,53,Application-28-Service,EndDevice-28,Application-28-Service,13100
5034,Application-5,M_Req,missing_destination,30,Application-5-Service,EndDevice-5,Application-5-Service,13100
5058,Application-17,M_Req,missing_destination,42,Application-17-Service,EndDevice-17,Application-17-Service,13200
5076,Application-5,M_Req,missing_destination,30,Application-5-Service,EndDevice-5,Application-5-Service,13200
5106,Application-17,M_Req,missing_destination,42,Application-17-Service,EndDevice-17,Application-17-Service,13300
5124,Application-5,M_Req,missing_destination,30,Application-5-Service,EndDevice-5,Application-5-Service,13300
5143,Application-40,M_Req,missing_destination,65,Application-40-Service,EndDevice-40,Application-40-Service,13400
5150,Application-34,M_Req,missing_destination,59,Application-34-Service,EndDevice-34,Application-34-Service,13400
5191,Application-40,M_Req,missing_destination,65,Application-40-Service,EndDevice-40,Application-40-Service,13500
5198,Application-34,M_Req,missing_destination,59,Application-34-Service,EndDevice-34,Application-34-Service,13500
5236,Application-39,M_Req,missing_destination,64,Application-39-Service,EndDevice-39,Application-39-Service,13700
5264,Application-9,M_Req,missing_destination,34,Application-9-Service,EndDevice-9,Application-9-Service,13700
5268,Application-29,M_Req,missing_destination,54,Application-29-Service,EndDevice-29,Application-29-Service,13700
5283,Application-39,M_Req,missing_destination,64,Application-39-Service,EndDevice-39,Application-39-Service,13800
5305,Application-9,M_Req,missing_destination,34,Application-9-Service,EndDevice-9,Application-9-Service,13800
5370,Application-34,M_Req,missing_destination,59,Application-34-Service,EndDevice-34,Application-34-Service,14000
5373,Application-3,M_Req,missing_destination,28,Application-3-Service,EndDevice-3,Application-3-Service,14000
5375,Application-13,M_Req,missing_destination,38,Application-13-Service,EndDevice-13,Application-13-Service,14000
5385,Application-4,M_Req,missing_destination,29,Application-4-Service,EndDevice-4,Application-4-Service,14100
5418,Application-34,M_Req,missing_destination,59,Application-34-Service,EndDevice-34,Application-34-Service,14100
5421,Application-3,M_Req,missing_destination,28,Application-3-Service,EndDevice-3,Application-3-Service,14100
5423,Application-13,M_Req,missing_destination,38,Application-13-Service,EndDevice-13,Application-13-Service,14100
5489,Application-12,M_Req,missing_destination,37,Application-12-Service,EndDevice-12,Application-12-Service,14300
5491,Application-22,M_Req,missing_destination,47,Application-22-Service,EndDevice-22,Application-22-Service,14300
5500,Application-2,M_Req,missing_destination,27,Application-2-Service,EndDevice-2,Application-2-Service,14300
5501,Application-32,M_Req,missing_destination,57,Application-32-Service,EndDevice-32,Application-32-Service,14300
5532,Application-12,M_Req,missing_destination,37,Application-12-Service,EndDevice-12,Application-12-Service,14400
5534,Application-22,M_Req,missing_destination,47,Application-22-Service,EndDevice-22,Application-22-Service,14400
5580,Application-12,M_Req,missing_destination,37,Application-12-Service,EndDevice-12,Application-12-Service,14500
5582,Application-22,M_Req,missing_destination,47,Application-22-Service,EndDevice-22,Application-22-Service,14500
5585,Application-29,M_Req,missing_destination,54,Application-29-Service,EndDevice-29,Application-29-Service,14600
5633,Application-29,M_Req,missing_destination,54,Application-29-Service,EndDevice-29,Application-29-Service,14700
5697,Application-9,M_Req,missing_destination,34,Application-9-Service,EndDevice-9,Application-9-Service,14900
5709,Application-31,M_Req,missing_destination,56,Application-31-Service,EndDevice-31,Application-31-Service,14900
5711,Application-20,M_Req,missing_destination,45,Application-20-Service,EndDevice-20,Application-20-Service,14900
5721,Application-19,M_Req,missing_destination,44,Application-19-Service,EndDevice-19,Application-19-Service,14900
5726,Application-38,M_Req,missing_destination,63,Application-38-Service,EndDevice-38,Application-38-Service,14900
5731,Application-18,M_Req,missing_destination,43,Application-18-Service,EndDevice-18,Application-18-Service,14900
5744,Application-9,M_Req,missing_destination,34,Application-9-Service,EndDevice-9,Application-9-Service,15000
5756,Application-20,M_Req,missing_destination,45,Application-20-Service,EndDevice-20,Application-20-Service,15000
5764,Application-19,M_Req,missing_destination,44,Application-19-Service,EndDevice-19,Application-19-Service,15000
5838,Application-9,M_Req,missing_destination,34,Application-9-Service,EndDevice-9,Application-9-Service,15200
5847,Application-20,M_Req,missing_destination,45,Application-20-Service,EndDevice-20,Application-20-Service,15300
5853,Application-42,M_Req,missing_destination,67,Application-42-Service,EndDevice-42,Application-42-Service,15300
5886,Application-9,M_Req,missing_destination,34,Application-9-Service,EndDevice-9,Application-9-Service,15300
5898,Application-42,M_Req,missing_destination,67,Application-42-Service,EndDevice-42,Application-42-Service,15400
5926,Application-27,M_Req,missing_destination,52,Application-27-Service,EndDevice-27,Application-27-Service,15500
5929,Application-17,M_Req,missing_destination,42,Application-17-Service,EndDevice-17,Application-17-Service,15500
5931,Application-37,M_Req,missing_destination,62,Application-37-Service,EndDevice-37,Application-37-Service,15500
5946,Application-42,M_Req,missing_destination,67,Application-42-Service,EndDevice-42,Application-42-Service,15500
5956,Application-7,M_Req,missing_destination,32,Application-7-Service,EndDevice-7,Application-7-Service,15500
5974,Application-27,M_Req,missing_destination,52,Application-27-Service,EndDevice-27,Application-27-Service,15600
5975,Application-17,M_Req,missing_destination,42,Application-17-Service,EndDevice-17,Application-17-Service,15600
5976,Application-37,M_Req,missing_destination,62,Application-37-Service,EndDevice-37,Application-37-Service,15600
5989,Application-42,M_Req,missing_destination,67,Application-42-Service,EndDevice-42,Application-42-Service,15600
6037,Application-42,M_Req,missing_destination,67,Application-42-Service,EndDevice-42,Application-42-Service,15700
6049,Application-5,M_Req,missing_destination,30,Application-5-Service,EndDevice-5,Application-5-Service,15800
6063,Application-15,M_Req,missing_destination,40,Application-15-Service,EndDevice-15,Application-15-Service,15800
6097,Application-5,M_Req,missing_destination,30,Application-5-Service,EndDevice-5,Application-5-Service,15900
6111,Application-15,M_Req,missing_destination,40,Application-15-Service,EndDevice-15,Application-15-Service,15900
6162,Application-20,M_Req,missing_destination,45,Application-20-Service,EndDevice-20,Application-20-Service,16100
6166,Application-33,M_Req,missing_destination,58,Application-33-Service,EndDevice-33,Application-33-Service,16100
6175,Application-22,M_Req,missing_destination,47,Application-22-Service,EndDevice-22,Application-22-Service,16100
6186,Application-40,M_Req,missing_destination,65,Application-40-Service,EndDevice-40,Application-40-Service,16100
6192,Application-30,M_Req,missing_destination,55,Application-30-Service,EndDevice-30,Application-30-Service,16100
6208,Application-20,M_Req,missing_destination,45,Application-20-Service,EndDevice-20,Application-20-Service,16200
6212,Application-33,M_Req,missing_destination,58,Application-33-Service,EndDevice-33,Application-33-Service,16200
6220,Application-22,M_Req,missing_destination,47,Application-22-Service,EndDevice-22,Application-22-Service,16200
6256,Application-20,M_Req,missing_destination,45,Application-20-Service,EndDevice-20,Application-20-Service,16300
6260,Application-33,M_Req,missing_destination,58,Application-33-Service,EndDevice-33,Application-33-Service,16300
6268,Application-22,M_Req,missing_destination,47,Application-22-Service,EndDevice-22,Application-22-Service,16300
6302,Application-33,M_Req,missing_destination,58,Application-33-Service,EndDevice-33,Application-33-Service,16400
6309,Application-35,M_Req,missing_destination,60,Application-35-Service,EndDevice-35,Application-35-Service,16500
6350,Application-33,M_Req,missing_destination,58,Application-33-Service,EndDevice-33,Application-33-Service,16500
6385,Application-25,M_Req,missing_destination,50,Application-25-Service,EndDevice-25,Application-25-Service,16700
6421,Application-16,M_Req,missing_destination,41,Application-16-Service,EndDevice-16,Application-16-Service,16700
6425,Application-6,M_Req,missing_destination,31,Application-6-Service,EndDevice-6,Application-6-Service,16700
6432,Application-25,M_Req,missing_destination,50,Application-25-Service,EndDevice-25,Application-25-Service,16800
6480,Application-25,M_Req,missing_destination,50,Application-25-Service,EndDevice-25,Application-25-Service,16900
6513,Application-5,M_Req,missing_destination,30,Application-5-Service,EndDevice-5,Application-5-Service,17000
6521,Application-34,M_Req,missing_destination,59,Application-34-Service,EndDevice-34,Application-34-Service,17000
6561,Application-5,M_Req,missing_destination,30,Application-5-Service,EndDevice-5,Application-5-Service,17100
6569,Application-34,M_Req,missing_destination,59,Application-34-Service,EndDevice-34,Application-34-Service,17100
6615,Application-10,M_Req,missing_destination,35,Application-10-Service,EndDevice-10,Application-10-Service,17300
6628,Application-11,M_Req,missing_destination,36,Application-11-Service,EndDevice-11,Application-11-Service,17300
6631,Application-22,M_Req,missing_destination,47,Application-22-Service,EndDevice-22,Application-22-Service,17300
6671,Application-11,M_Req,missing_destination,36,Application-11-Service,EndDevice-11,Application-11-Service,17400
6674,Application-22,M_Req,missing_destination,47,Application-22-Service,EndDevice-22,Application-22-Service,17400
6719,Application-11,M_Req,missing_destination,36,Application-11-Service,EndDevice-11,Application-11-Service,17500
6722,Application-22,M_Req,missing_destination,47,Application-22-Service,EndDevice-22,Application-22-Service,17500
6738,Application-33,M_Req,missing_destination,58,Application-33-Service,EndDevice-33,Application-33-Service,17600
6742,Application-13,M_Req,missing_destination,38,Application-13-Service,EndDevice-13,Application-13-Service,17600
6746,Application-3,M_Req,missing_destination,28,Application-3-Service,EndDevice-3,Application-3-Service,17600
6752,Application-14,M_Req,missing_destination,39,Application-14-Service,EndDevice-14,Application-14-Service,17600
6758,Application-11,M_Req,missing_destination,36,Application-11-Service,EndDevice-11,Application-11-Service,17600
6763,Application-36,M_Req,missing_destination,61,Application-36-Service,EndDevice-36,Application-36-Service,17700
6764,Application-47,M_Req,missing_destination,72,Application-47-Service,EndDevice-47,Application-47-Service,17700
6767,Application-25,M_Req,missing_destination,50,Application-25-Service,EndDevice-25,Application-25-Service,17700
6786,Application-33,M_Req,missing_destination,58,Application-33-Service,EndDevice-33,Application-33-Service,17700
6790,Application-13,M_Req,missing_destination,38,Application-13-Service,EndDevice-13,Application-13-Service,17700
6794,Application-3,M_Req,missing_destination,28,Application-3-Service,EndDevice-3,Application-3-Service,17700
6800,Application-14,M_Req,missing_destination,39,Application-14-Service,EndDevice-14,Application-14-Service,17700
6806,Application-11,M_Req,missing_destination,36,Application-11-Service,EndDevice-11,Application-11-Service,17700
6810,Application-36,M_Req,missing_destination,61,Application-36-Service,EndDevice-36,Application-36-Service,17800
6811,Application-47,M_Req,missing_destination,72,Application-47-Service,EndDevice-47,Application-47-Service,17800
6813,Application-25,M_Req,missing_destination,50,Application-25-Service,EndDevice-25,Application-25-Service,17800
6835,Application-3,M_Req,missing_destination,28,Application-3-Service,EndDevice-3,Application-3-Service,17800
6840,Application-8,M_Req,missing_destination,33,Application-8-Service,EndDevice-8,Application-8-Service,17900
6848,Application-9,M_Req,missing_destination,34,Application-9-Service,EndDevice-9,Application-9-Service,17900
6858,Application-36,M_Req,missing_destination,61,Application-36-Service,EndDevice-36,Application-36-Service,17900
6859,Application-47,M_Req,missing_destination,72,Application-47-Service,EndDevice-47,Application-47-Service,17900
6861,Application-25,M_Req,missing_destination,50,Application-25-Service,EndDevice-25,Application-25-Service,17900
6867,Application-48,M_Req,missing_destination,73,Application-48-Service,EndDevice-48,Application-48-Service,17900
6869,Application-38,M_Req,missing_destination,63,Application-38-Service,EndDevice-38,Application-38-Service,17900
6871,Application-18,M_Req,missing_destination,43,Application-18-Service,EndDevice-18,Application-18-Service,17900
6883,Application-3,M_Req,missing_destination,28,Application-3-Service,EndDevice-3,Application-3-Service,17900
6884,Application-28,M_Req,missing_destination,53,Application-28-Service,EndDevice-28,Application-28-Service,17900
6888,Application-8,M_Req,missing_destination,33,Application-8-Service,EndDevice-8,Application-8-Service,18000
6905,Application-47,M_Req,missing_destination,72,Application-47-Service,EndDevice-47,Application-47-Service,18000
6907,Application-25,M_Req,missing_destination,50,Application-25-Service,EndDevice-25,Application-25-Service,18000
6913,Application-48,M_Req,missing_destination,73,Application-48-Service,EndDevice-48,Application-48-Service,18000
6953,Application-47,M_Req,missing_destination,72,Application-47-Service,EndDevice-47,Application-47-Service,18100
6955,Application-25,M_Req,missing_destination,50,Application-25-Service,EndDevice-25,Application-25-Service,18100
6981,Application-8,M_Req,missing_destination,33,Application-8-Service,EndDevice-8,Application-8-Service,18200
6998,Application-42,M_Req,missing_destination,67,Application-42-Service,EndDevice-42,Application-42-Service,18300
7029,Application-8,M_Req,missing_destination,33,Application-8-Service,EndDevice-8,Application-8-Service,18300
7043,Application-42,M_Req,missing_destination,67,Application-42-Service,EndDevice-42,Application-42-Service,18400
7065,Application-41,M_Req,missing_destination,66,Application-41-Service,EndDevice-41,Application-41-Service,18500
7072,Application-21,M_Req,missing_destination,46,Application-21-Service,EndDevice-21,Application-21-Service,18500
7082,Application-1,M_Req,missing_destination,26,Application-1-Service,EndDevice-1,Application-1-Service,18500
7089,Application-45,M_Req,missing_destination,70,Application-45-Service,EndDevice-45,Application-45-Service,18500
7091,Application-42,M_Req,missing_destination,67,Application-42-Service,EndDevice-42,Application-42-Service,18500
7093,Application-12,M_Req,missing_destination,37,Application-12-Service,EndDevice-12,Application-12-Service,18500
7098,Application-11,M_Req,missing_destination,36,Application-11-Service,EndDevice-11,Application-11-Service,18500
7113,Application-41,M_Req,missing_destination,66,Application-41-Service,EndDevice-41,Application-41-Service,18600
7119,Application-21,M_Req,missing_destination,46,Application-21-Service,EndDevice-21,Application-21-Service,18600
7127,Application-1,M_Req,missing_destination,26,Application-1-Service,EndDevice-1,Application-1-Service,18600
7132,Application-45,M_Req,missing_destination,70,Application-45-Service,EndDevice-45,Application-45-Service,18600
7134,Application-12,M_Req,missing_destination,37,Application-12-Service,EndDevice-12,Application-12-Service,18600
7138,Application-11,M_Req,missing_destination,36,Application-11-Service,EndDevice-11,Application-11-Service,18600
7201,Application-35,M_Req,missing_destination,60,Application-35-Service,EndDevice-35,Application-35-Service,18800
7211,Application-15,M_Req,missing_destination,40,Application-15-Service,EndDevice-15,Application-15-Service,18800
7226,Application-28,M_Req,missing_destination,53,Application-28-Service,EndDevice-28,Application-28-Service,18900
7249,Application-35,M_Req,missing_destination,60,Application-35-Service,EndDevice-35,Application-35-Service,18900
7259,Application-15,M_Req,missing_destination,40,Application-15-Service,EndDevice-15,Application-15-Service,18900
7273,Application-28,M_Req,missing_destination,53,Application-28-Service,EndDevice-28,Application-28-Service,19000
7290,Application-35,M_Req,missing_destination,60,Application-35-Service,EndDevice-35,Application-35-Service,19000
7301,Application-48,M_Req,missing_destination,73,Application-48-Service,EndDevice-48,Application-48-Service,19100
7306,Application-19,M_Req,missing_destination,44,Application-19-Service,EndDevice-19,Application-19-Service,19100
7321,Application-28,M_Req,missing_destination,53,Application-28-Service,EndDevice-28,Application-28-Service,19100
7325,Application-8,M_Req,missing_destination,33,Application-8-Service,EndDevice-8,Application-8-Service,19100
7338,Application-35,M_Req,missing_destination,60,Application-35-Service,EndDevice-35,Application-35-Service,19100
7348,Application-48,M_Req,missing_destination,73,Application-48-Service,EndDevice-48,Application-48-Service,19200
7353,Application-19,M_Req,missing_destination,44,Application-19-Service,EndDevice-19,Application-19-Service,19200
7368,Application-8,M_Req,missing_destination,33,Application-8-Service,EndDevice-8,Application-8-Service,19200
7396,Application-48,M_Req,missing_destination,73,Application-48-Service,EndDevice-48,Application-48-Service,19300
7401,Application-19,M_Req,missing_destination,44,Application-19-Service,EndDevice-19,Application-19-Service,19300
7416,Application-8,M_Req,missing_destination,33,Application-8-Service,EndDevice-8,Application-8-Service,19300
7434,Application-20,M_Req,missing_destination,45,Application-20-Service,EndDevice-20,Application-20-Service,19400
7439,Application-48,M_Req,missing_destination,73,Application-48-Service,EndDevice-48,Application-48-Service,19400
7443,Application-10,M_Req,missing_destination,35,Application-10-Service,EndDevice-10,Application-10-Service,19400
7444,Application-19,M_Req,missing_destination,44,Application-19-Service,EndDevice-19,Application-19-Service,19400
7452,Application-44,M_Req,missing_destination,69,Application-44-Service,EndDevice-44,Application-44-Service,19500
7453,Application-11,M_Req,missing_destination,36,Application-11-Service,EndDevice-11,Application-11-Service,19500
7458,Application-22,M_Req,missing_destination,47,Application-22-Service,EndDevice-22,Application-22-Service,19500
7482,Application-20,M_Req,missing_destination,45,Application-20-Service,EndDevice-20,Application-20-Service,19500
7487,Application-48,M_Req,missing_destination,73,Application-48-Service,EndDevice-48,Application-48-Service,19500
7491,Application-10,M_Req,missing_destination,35,Application-10-Service,EndDevice-10,Application-10-Service,19500
7492,Application-19,M_Req,missing_destination,44,Application-19-Service,EndDevice-19,Application-19-Service,19500
7527,Application-17,M_Req,missing_destination,42,Application-17-Service,EndDevice-17,Application-17-Service,19700
7532,Application-7,M_Req,missing_destination,32,Application-7-Service,EndDevice-7,Application-7-Service,19700
7544,Application-30,M_Req,missing_destination,55,Application-30-Service,EndDevice-30,Application-30-Service,19700
7551,Application-8,M_Req,missing_destination,33,Application-8-Service,EndDevice-8,Application-8-Service,19700
7559,Application-47,M_Req,missing_destination,72,Application-47-Service,EndDevice-47,Application-47-Service,19700
7567,Application-27,M_Req,missing_destination,52,Application-27-Service,EndDevice-27,Application-27-Service,19700
7575,Application-17,M_Req,missing_destination,42,Application-17-Service,EndDevice-17,Application-17-Service,19800
7589,Application-30,M_Req,missing_destination,55,Application-30-Service,EndDevice-30,Application-30-Service,19800
7593,Application-8,M_Req,missing_destination,33,Application-8-Service,EndDevice-8,Application-8-Service,19800
7651,Application-41,M_Req,missing_destination,66,Application-41-Service,EndDevice-41,Application-41-Service,20000
7655,Application-21,M_Req,missing_destination,46,Application-21-Service,EndDevice-21,Application-21-Service,20000
7665,Application-20,M_Req,missing_destination,45,Application-20-Service,EndDevice-20,Application-20-Service,20000
7699,Application-41,M_Req,missing_destination,66,Application-41-Service,EndDevice-41,Application-41-Service,20100
7703,Application-21,M_Req,missing_destination,46,Application-21-Service,EndDevice-21,Application-21-Service,20100
7713,Application-20,M_Req,missing_destination,45,Application-20-Service,EndDevice-20,Application-20-Service,20100
7743,Application-41,M_Req,missing_destination,66,Application-41-Service,EndDevice-41,Application-41-Service,20200
7760,Application-19,M_Req,missing_destination,44,Application-19-Service,EndDevice-19,Application-19-Service,20300
7767,Application-21,M_Req,missing_destination,46,Application-21-Service,EndDevice-21,Application-21-Service,20300
7774,Application-43,M_Req,missing_destination,68,Application-43-Service,EndDevice-43,Application-43-Service,20300
7787,Application-39,M_Req,missing_destination,64,Application-39-Service,EndDevice-39,Application-39-Service,20300
7791,Application-41,M_Req,missing_destination,66,Application-41-Service,EndDevice-41,Application-41-Service,20300
7793,Application-29,M_Req,missing_destination,54,Application-29-Service,EndDevice-29,Application-29-Service,20300
7796,Application-9,M_Req,missing_destination,34,Application-9-Service,EndDevice-9,Application-9-Service,20300
7807,Application-19,M_Req,missing_destination,44,Application-19-Service,EndDevice-19,Application-19-Service,20400
7811,Application-21,M_Req,missing_destination,46,Application-21-Service,EndDevice-21,Application-21-Service,20400
7818,Application-43,M_Req,missing_destination,68,Application-43-Service,EndDevice-43,Application-43-Service,20400
7829,Application-39,M_Req,missing_destination,64,Application-39-Service,EndDevice-39,Application-39-Service,20400
7855,Application-19,M_Req,missing_destination,44,Application-19-Service,EndDevice-19,Application-19-Service,20500
7859,Application-21,M_Req,missing_destination,46,Application-21-Service,EndDevice-21,Application-21-Service,20500
7866,Application-43,M_Req,missing_destination,68,Application-43-Service,EndDevice-43,Application-43-Service,20500
7877,Application-39,M_Req,missing_destination,64,Application-39-Service,EndDevice-39,Application-39-Service,20500
7884,Application-14,M_Req,missing_destination,39,Application-14-Service,EndDevice-14,Application-14-Service,20600
7896,Application-24,M_Req,missing_destination,49,Application-24-Service,EndDevice-24,Application-24-Service,20600
7897,Application-34,M_Req,missing_destination,59,Application-34-Service,EndDevice-34,Application-34-Service,20600
7898,Application-19,M_Req,missing_destination,44,Application-19-Service,EndDevice-19,Application-19-Service,20600
7901,Application-21,M_Req,missing_destination,46,Application-21-Service,EndDevice-21,Application-21-Service,20600
7903,Application-4,M_Req,missing_destination,29,Application-4-Service,EndDevice-4,Application-4-Service,20600
7907,Application-43,M_Req,missing_destination,68,Application-43-Service,EndDevice-43,Application-43-Service,20600
7932,Application-14,M_Req,missing_destination,39,Application-14-Service,EndDevice-14,Application-14-Service,20700
7944,Application-24,M_Req,missing_destination,49,Application-24-Service,EndDevice-24,Application-24-Service,20700
7945,Application-34,M_Req,missing_destination,59,Application-34-Service,EndDevice-34,Application-34-Service,20700
7946,Application-19,M_Req,missing_destination,44,Application-19-Service,EndDevice-19,Application-19-Service,20700
7949,Application-21,M_Req,missing_destination,46,Application-21-Service,EndDevice-21,Application-21-Service,20700
7951,Application-4,M_Req,missing_destination,29,Application-4-Service,EndDevice-4,Application-4-Service,20700
7955,Application-43,M_Req,missing_destination,68,Application-43-Service,EndDevice-43,Application-43-Service,20700
7987,Application-5,M_Req,missing_destination,30,Application-5-Service,EndDevice-5,Application-5-Service,20900
7988,Application-25,M_Req,missing_destination,50,Application-25-Service,EndDevice-25,Application-25-Service,20900
8012,Application-39,M_Req,missing_destination,64,Application-39-Service,EndDevice-39,Application-39-Service,20900
8019,Application-45,M_Req,missing_destination,70,Application-45-Service,EndDevice-45,Application-45-Service,20900
8022,Application-35,M_Req,missing_destination,60,Application-35-Service,EndDevice-35,Application-35-Service,20900
8035,Application-25,M_Req,missing_destination,50,Application-25-Service,EndDevice-25,Application-25-Service,21000
8054,Application-39,M_Req,missing_destination,64,Application-39-Service,EndDevice-39,Application-39-Service,21000
8059,Application-45,M_Req,missing_destination,70,Application-45-Service,EndDevice-45,Application-45-Service,21000
8083,Application-25,M_Req,missing_destination,50,Application-25-Service,EndDevice-25,Application-25-Service,21100
8102,Application-39,M_Req,missing_destination,64,Application-39-Service,EndDevice-39,Application-39-Service,21100
8107,Application-45,M_Req,missing_destination,70,Application-45-Service,EndDevice-45,Application-45-Service,21100
8130,Application-25,M_Req,missing_destination,50,Application-25-Service,EndDevice-25,Application-25-Service,21200
8146,Application-10,M_Req,missing_destination,35,Application-10-Service,EndDevice-10,Application-10-Service,21300
8178,Application-25,M_Req,missing_destination,50,Application-25-Service,EndDevice-25,Application-25-Service,21300
8226,Application-47,M_Req,missing_destination,72,Application-47-Service,EndDevice-47,Application-47-Service,21500
8234,Application-7,M_Req,missing_destination,32,Application-7-Service,EndDevice-7,Application-7-Service,21500
8244,Application-18,M_Req,missing_destination,43,Application-18-Service,EndDevice-18,Application-18-Service,21500
8254,Application-27,M_Req,missing_destination,52,Application-27-Service,EndDevice-27,Application-27-Service,21500
8258,Application-17,M_Req,missing_destination,42,Application-17-Service,EndDevice-17,Application-17-Service,21500
8272,Application-47,M_Req,missing_destination,72,Application-47-Service,EndDevice-47,Application-47-Service,21600
8279,Application-7,M_Req,missing_destination,32,Application-7-Service,EndDevice-7,Application-7-Service,21600
8286,Application-18,M_Req,missing_destination,43,Application-18-Service,EndDevice-18,Application-18-Service,21600
8344,Application-27,M_Req,missing_destination,52,Application-27-Service,EndDevice-27,Application-27-Service,21800
8360,Application-38,M_Req,missing_destination,63,Application-38-Service,EndDevice-38,Application-38-Service,21800
8372,Application-30,M_Req,missing_destination,55,Application-30-Service,EndDevice-30,Application-30-Service,21900
8375,Application-8,M_Req,missing_destination,33,Application-8-Service,EndDevice-8,Application-8-Service,21900
8392,Application-27,M_Req,missing_destination,52,Application-27-Service,EndDevice-27,Application-27-Service,21900
8408,Application-38,M_Req,missing_destination,63,Application-38-Service,EndDevice-38,Application-38-Service,21900
8449,Application-38,M_Req,missing_destination,63,Application-38-Service,EndDevice-38,Application-38-Service,22100
8456,Application-20,M_Req,missing_destination,45,Application-20-Service,EndDevice-20,Application-20-Service,22100
8501,Application-20,M_Req,missing_destination,45,Application-20-Service,EndDevice-20,Application-20-Service,22200
8571,Application-29,M_Req,missing_destination,54,Application-29-Service,EndDevice-29,Application-29-Service,22400
8576,Application-19,M_Req,missing_destination,44,Application-19-Service,EndDevice-19,Application-19-Service,22400
8603,Application-21,M_Req,missing_destination,46,Application-21-Service,EndDevice-21,Application-21-Service,22500
8619,Application-29,M_Req,missing_destination,54,Application-29-Service,EndDevice-29,Application-29-Service,22500
8624,Application-19,M_Req,missing_destination,44,Application-19-Service,EndDevice-19,Application-19-Service,22500
8649,Application-21,M_Req,missing_destination,46,Application-21-Service,EndDevice-21,Application-21-Service,22600
8662,Application-29,M_Req,missing_destination,54,Application-29-Service,EndDevice-29,Application-29-Service,22600
8667,Application-19,M_Req,missing_destination,44,Application-19-Service,EndDevice-19,Application-19-Service,22600
8692,Application-11,M_Req,missing_destination,36,Application-11-Service,EndDevice-11,Application-11-Service,22700
8697,Application-21,M_Req,missing_destination,46,Application-21-Service,EndDevice-21,Application-21-Service,22700
8703,Application-20,M_Req,missing_destination,45,Application-20-Service,EndDevice-20,Application-20-Service,22700
8704,Application-10,M_Req,missing_destination,35,Application-10-Service,EndDevice-10,Application-10-Service,22700
8710,Application-29,M_Req,missing_destination,54,Application-29-Service,EndDevice-29,Application-29-Service,22700
8713,Application-40,M_Req,missing_destination,65,Application-40-Service,EndDevice-40,Application-40-Service,22700
8715,Application-19,M_Req,missing_destination,44,Application-19-Service,EndDevice-19,Application-19-Service,22700
8736,Application-11,M_Req,missing_destination,36,Application-11-Service,EndDevice-11,Application-11-Service,22800
8740,Application-21,M_Req,missing_destination,46,Application-21-Service,EndDevice-21,Application-21-Service,22800
8745,Application-20,M_Req,missing_destination,45,Application-20-Service,EndDevice-20,Application-20-Service,22800
8746,Application-10,M_Req,missing_destination,35,Application-10-Service,EndDevice-10,Application-10-Service,22800
8784,Application-11,M_Req,missing_destination,36,Application-11-Service,EndDevice-11,Application-11-Service,22900
8793,Application-20,M_Req,missing_destination,45,Application-20-Service,EndDevice-20,Application-20-Service,22900
8794,Application-10,M_Req,missing_destination,35,Application-10-Service,EndDevice-10,Application-10-Service,22900
8800,Application-36,M_Req,missing_destination,61,Application-36-Service,EndDevice-36,Application-36-Service,23000
8808,Application-16,M_Req,missing_destination,41,Application-16-Service,EndDevice-16,Application-16-Service,23000
8814,Application-6,M_Req,missing_destination,31,Application-6-Service,EndDevice-6,Application-6-Service,23000
8824,Application-18,M_Req,missing_destination,43,Application-18-Service,EndDevice-18,Application-18-Service,23000
8829,Application-17,M_Req,missing_destination,42,Application-17-Service,EndDevice-17,Application-17-Service,23100
8848,Application-36,M_Req,missing_destination,61,Application-36-Service,EndDevice-36,Application-36-Service,23100
8856,Application-16,M_Req,missing_destination,41,Application-16-Service,EndDevice-16,Application-16-Service,23100
8862,Application-6,M_Req,missing_destination,31,Application-6-Service,EndDevice-6,Application-6-Service,23100
8872,Application-18,M_Req,missing_destination,43,Application-18-Service,EndDevice-18,Application-18-Service,23100
8910,Application-32,M_Req,missing_destination,57,Application-32-Service,EndDevice-32,Application-32-Service,23300
8921,Application-46,M_Req,missing_destination,71,Application-46-Service,EndDevice-46,Application-46-Service,23300
8933,Application-2,M_Req,missing_destination,27,Application-2-Service,EndDevice-2,Application-2-Service,23300
8938,Application-22,M_Req,missing_destination,47,Application-22-Service,EndDevice-22,Application-22-Service,23300
8945,Application-12,M_Req,missing_destination,37,Application-12-Service,EndDevice-12,Application-12-Service,23300
8956,Application-32,M_Req,missing_destination,57,Application-32-Service,EndDevice-32,Application-32-Service,23400
8966,Application-46,M_Req,missing_destination,71,Application-46-Service,EndDevice-46,Application-46-Service,23400
8975,Application-2,M_Req,missing_destination,27,Application-2-Service,EndDevice-2,Application-2-Service,23400
8978,Application-22,M_Req,missing_destination,47,Application-22-Service,EndDevice-22,Application-22-Service,23400
9048,Application-47,M_Req,missing_destination,72,Application-47-Service,EndDevice-47,Application-47-Service,23600
9057,Application-30,M_Req,missing_destination,55,Application-30-Service,EndDevice-30,Application-30-Service,23700
9096,Application-47,M_Req,missing_destination,72,Application-47-Service,EndDevice-47,Application-47-Service,23700
9137,Application-29,M_Req,missing_destination,54,Application-29-Service,EndDevice-29,Application-29-Service,23900
9146,Application-32,M_Req,missing_destination,57,Application-32-Service,EndDevice-32,Application-32-Service,23900
9155,Application-21,M_Req,missing_destination,46,Application-21-Service,EndDevice-21,Application-21-Service,23900
9158,Application-10,M_Req,missing_destination,35,Application-10-Service,EndDevice-10,Application-10-Service,23900
9162,Application-39,M_Req,missing_destination,64,Application-39-Service,EndDevice-39,Application-39-Service,23900
9167,Application-19,M_Req,missing_destination,44,Application-19-Service,EndDevice-19,Application-19-Service,23900
9184,Application-29,M_Req,missing_destination,54,Application-29-Service,EndDevice-29,Application-29-Service,24000
9190,Application-32,M_Req,missing_destination,57,Application-32-Service,EndDevice-32,Application-32-Service,24000
9198,Application-21,M_Req,missing_destination,46,Application-21-Service,EndDevice-21,Application-21-Service,24000
9201,Application-10,M_Req,missing_destination,35,Application-10-Service,EndDevice-10,Application-10-Service,24000
9232,Application-29,M_Req,missing_destination,54,Application-29-Service,EndDevice-29,Application-29-Service,24100
9238,Application-32,M_Req,missing_destination,57,Application-32-Service,EndDevice-32,Application-32-Service,24100
9246,Application-21,M_Req,missing_destination,46,Application-21-Service,EndDevice-21,Application-21-Service,24100
9249,Application-10,M_Req,missing_destination,35,Application-10-Service,EndDevice-10,Application-10-Service,24100
9254,Application-24,M_Req,missing_destination,49,Application-24-Service,EndDevice-24,Application-24-Service,24200
9257,Application-34,M_Req,missing_destination,59,Application-34-Service,EndDevice-34,Application-34-Service,24200
9266,Application-4,M_Req,missing_destination,29,Application-4-Service,EndDevice-4,Application-4-Service,24200
9274,Application-14,M_Req,missing_destination,39,Application-14-Service,EndDevice-14,Application-14-Service,24200
9276,Application-29,M_Req,missing_destination,54,Application-29-Service,EndDevice-29,Application-29-Service,24200
9281,Application-32,M_Req,missing_destination,57,Application-32-Service,EndDevice-32,Application-32-Service,24200
9290,Application-5,M_Req,missing_destination,30,Application-5-Service,EndDevice-5,Application-5-Service,24300
9302,Application-24,M_Req,missing_destination,49,Application-24-Service,EndDevice-24,Application-24-Service,24300
9305,Application-34,M_Req,missing_destination,59,Application-34-Service,EndDevice-34,Application-34-Service,24300
9314,Application-4,M_Req,missing_destination,29,Application-4-Service,EndDevice-4,Application-4-Service,24300
9322,Application-14,M_Req,missing_destination,39,Application-14-Service,EndDevice-14,Application-14-Service,24300
9324,Application-29,M_Req,missing_destination,54,Application-29-Service,EndDevice-29,Application-29-Service,24300
9329,Application-32,M_Req,missing_destination,57,Application-32-Service,EndDevice-32,Application-32-Service,24300
9337,Application-5,M_Req,missing_destination,30,Application-5-Service,EndDevice-5,Application-5-Service,24400
9349,Application-24,M_Req,missing_destination,49,Application-24-Service,EndDevice-24,Application-24-Service,24400
9352,Application-34,M_Req,missing_destination,59,Application-34-Service,EndDevice-34,Application-34-Service,24400
9359,Application-4,M_Req,missing_destination,29,Application-4-Service,EndDevice-4,Application-4-Service,24400
9372,Application-20,M_Req,missing_destination,45,Application-20-Service,EndDevice-20,Application-20-Service,24500
9380,Application-44,M_Req,missing_destination,69,Application-44-Service,EndDevice-44,Application-44-Service,24500
9381,Application-22,M_Req,missing_destination,47,Application-22-Service,EndDevice-22,Application-22-Service,24500
9385,Application-5,M_Req,missing_destination,30,Application-5-Service,EndDevice-5,Application-5-Service,24500
9393,Application-10,M_Req,missing_destination,35,Application-10-Service,EndDevice-10,Application-10-Service,24500
9397,Application-24,M_Req,missing_destination,49,Application-24-Service,EndDevice-24,Application-24-Service,24500
9400,Application-34,M_Req,missing_destination,59,Application-34-Service,EndDevice-34,Application-34-Service,24500
9407,Application-4,M_Req,missing_destination,29,Application-4-Service,EndDevice-4,Application-4-Service,24500
9419,Application-20,M_Req,missing_destination,45,Application-20-Service,EndDevice-20,Application-20-Service,24600
9426,Application-44,M_Req,missing_destination,69,Application-44-Service,EndDevice-44,Application-44-Service,24600
9429,Application-5,M_Req,missing_destination,30,Application-5-Service,EndDevice-5,Application-5-Service,24600
9435,Application-10,M_Req,missing_destination,35,Application-10-Service,EndDevice-10,Application-10-Service,24600
9467,Application-20,M_Req,missing_destination,45,Application-20-Service,EndDevice-20,Application-20-Service,24700
9474,Application-44,M_Req,missing_destination,69,Application-44-Service,EndDevice-44,Application-44-Service,24700
9483,Application-10,M_Req,missing_destination,35,Application-10-Service,EndDevice-10,Application-10-Service,24700
9496,Application-37,M_Req,missing_destination,62,Application-37-Service,EndDevice-37,Application-37-Service,24800
9506,Application-48,M_Req,missing_destination,73,Application-48-Service,EndDevice-48,Application-48-Service,24800
9510,Application-30,M_Req,missing_destination,55,Application-30-Service,EndDevice-30,Application-30-Service,24800
9544,Application-37,M_Req,missing_destination,62,Application-37-Service,EndDevice-37,Application-37-Service,24900
9554,Application-48,M_Req,missing_destination,73,Application-48-Service,EndDevice-48,Application-48-Service,24900
9558,Application-30,M_Req,missing_destination,55,Application-30-Service,EndDevice-30,Application-30-Service,24900
9616,Application-16,M_Req,missing_destination,41,Application-16-Service,EndDevice-16,Application-16-Service,25100
9621,Application-45,M_Req,missing_destination,70,Application-45-Service,EndDevice-45,Application-45-Service,25100
9626,Application-5,M_Req,missing_destination,30,Application-5-Service,EndDevice-5,Application-5-Service,25100
9629,Application-24,M_Req,missing_destination,49,Application-24-Service,EndDevice-24,Application-24-Service,25100
9633,Application-4,M_Req,missing_destination,29,Application-4-Service,EndDevice-4,Application-4-Service,25100
9659,Application-16,M_Req,missing_destination,41,Application-16-Service,EndDevice-16,Application-16-Service,25200
9663,Application-45,M_Req,missing_destination,70,Application-45-Service,EndDevice-45,Application-45-Service,25200
9707,Application-16,M_Req,missing_destination,41,Application-16-Service,EndDevice-16,Application-16-Service,25300
9711,Application-45,M_Req,missing_destination,70,Application-45-Service,EndDevice-45,Application-45-Service,25300
9721,Application-26,M_Req,missing_destination,51,Application-26-Service,EndDevice-26,Application-26-Service,25400
9736,Application-36,M_Req,missing_destination,61,Application-36-Service,EndDevice-36,Application-36-Service,25400
9745,Application-17,M_Req,missing_destination,42,Application-17-Service,EndDevice-17,Application-17-Service,25500
9754,Application-39,M_Req,missing_destination,64,Application-39-Service,EndDevice-39,Application-39-Service,25500
9769,Application-26,M_Req,missing_destination,51,Application-26-Service,EndDevice-26,Application-26-Service,25500
9784,Application-36,M_Req,missing_destination,61,Application-36-Service,EndDevice-36,Application-36-Service,25500
9833,Application-37,M_Req,missing_destination,62,Application-37-Service,EndDevice-37,Application-37-Service,25700
9836,Application-26,M_Req,missing_destination,51,Application-26-Service,EndDevice-26,Application-26-Service,25700
9857,Application-24,M_Req,missing_destination,49,Application-24-Service,EndDevice-24,Application-24-Service,25700
9861,Application-4,M_Req,missing_destination,29,Application-4-Service,EndDevice-4,Application-4-Service,25700
9879,Application-37,M_Req,missing_destination,62,Application-37-Service,EndDevice-37,Application-37-Service,25800
9882,Application-26,M_Req,missing_destination,51,Application-26-Service,EndDevice-26,Application-26-Service,25800
9899,Application-24,M_Req,missing_destination,49,Application-24-Service,EndDevice-24,Application-24-Service,25800
9966,Application-36,M_Req,missing_destination,61,Application-36-Service,EndDevice-36,Application-36-Service,26000
9975,Application-18,M_Req,missing_destination,43,Application-18-Service,EndDevice-18,Application-18-Service,26000
10014,Application-36,M_Req,missing_destination,61,Application-36-Service,EndDevice-36,Application-36-Service,26100
10023,Application-18,M_Req,missing_destination,43,Application-18-Service,EndDevice-18,Application-18-Service,26100
10059,Application-5,M_Req,missing_destination,30,Application-5-Service,EndDevice-5,Application-5-Service,26300
10066,Application-27,M_Req,missing_destination,52,Application-27-Service,EndDevice-27,Application-27-Service,26300
10089,Application-4,M_Req,missing_destination,29,Application-4-Service,EndDevice-4,Application-4-Service,26300
10106,Application-5,M_Req,missing_destination,30,Application-5-Service,EndDevice-5,Application-5-Service,26400
10110,Application-27,M_Req,missing_destination,52,Application-27-Service,EndDevice-27,Application-27-Service,26400
10154,Application-5,M_Req,missing_destination,30,Application-5-Service,EndDevice-5,Application-5-Service,26500
10158,Application-27,M_Req,missing_destination,52,Application-27-Service,EndDevice-27,Application-27-Service,26500
10180,Application-23,M_Req,missing_destination,48,Application-23-Service,EndDevice-23,Application-23-Service,26600
10188,Application-33,M_Req,missing_destination,58,Application-33-Service,EndDevice-33,Application-33-Service,26600
10197,Application-5,M_Req,missing_destination,30,Application-5-Service,EndDevice-5,Application-5-Service,26600
10200,Application-27,M_Req,missing_destination,52,Application-27-Service,EndDevice-27,Application-27-Service,26600
10203,Application-47,M_Req,missing_destination,72,Application-47-Service,EndDevice-47,Application-47-Service,26600
10205,Application-14,M_Req,missing_destination,39,Application-14-Service,EndDevice-14,Application-14-Service,26600
10228,Application-23,M_Req,missing_destination,48,Application-23-Service,EndDevice-23,Application-23-Service,26700
10236,Application-33,M_Req,missing_destination,58,Application-33-Service,EndDevice-33,Application-33-Service,26700
10245,Application-5,M_Req,missing_destination,30,Application-5-Service,EndDevice-5,Application-5-Service,26700
10248,Application-27,M_Req,missing_destination,52,Application-27-Service,EndDevice-27,Application-27-Service,26700
10251,Application-47,M_Req,missing_destination,72,Application-47-Service,EndDevice-47,Application-47-Service,26700
10253,Application-14,M_Req,missing_destination,39,Application-14-Service,EndDevice-14,Application-14-Service,26700
10285,Application-5,M_Req,missing_destination,30,Application-5-Service,EndDevice-5,Application-5-Service,26900
10306,Application-17,M_Req,missing_destination,42,Application-17-Service,EndDevice-17,Application-17-Service,26900
10319,Application-45,M_Req,missing_destination,70,Application-45-Service,EndDevice-45,Application-45-Service,26900
10332,Application-5,M_Req,missing_destination,30,Application-5-Service,EndDevice-5,Application-5-Service,27000
10359,Application-45,M_Req,missing_destination,70,Application-45-Service,EndDevice-45,Application-45-Service,27000
10380,Application-5,M_Req,missing_destination,30,Application-5-Service,EndDevice-5,Application-5-Service,27100
10407,Application-45,M_Req,missing_destination,70,Application-45-Service,EndDevice-45,Application-45-Service,27100
10409,Application-25,M_Req,missing_destination,50,Application-25-Service,EndDevice-25,Application-25-Service,27200
10423,Application-5,M_Req,missing_destination,30,Application-5-Service,EndDevice-5,Application-5-Service,27200
10441,Application-28,M_Req,missing_destination,53,Application-28-Service,EndDevice-28,Application-28-Service,27300
10444,Application-6,M_Req,missing_destination,31,Application-6-Service,EndDevice-6,Application-6-Service,27300
10457,Application-25,M_Req,missing_destination,50,Application-25-Service,EndDevice-25,Application-25-Service,27300
10471,Application-5,M_Req,missing_destination,30,Application-5-Service,EndDevice-5,Application-5-Service,27300
10488,Application-28,M_Req,missing_destination,53,Application-28-Service,EndDevice-28,Application-28-Service,27400
10491,Application-6,M_Req,missing_destination,31,Application-6-Service,EndDevice-6,Application-6-Service,27400
10503,Application-25,M_Req,missing_destination,50,Application-25-Service,EndDevice-25,Application-25-Service,27400
10521,Application-12,M_Req,missing_destination,37,Application-12-Service,EndDevice-12,Application-12-Service,27500
10531,Application-24,M_Req,missing_destination,49,Application-24-Service,EndDevice-24,Application-24-Service,27500
10536,Application-28,M_Req,missing_destination,53,Application-28-Service,EndDevice-28,Application-28-Service,27500
10539,Application-6,M_Req,missing_destination,31,Application-6-Service,EndDevice-6,Application-6-Service,27500
10542,Application-32,M_Req,missing_destination,57,Application-32-Service,EndDevice-32,Application-32-Service,27500
10549,Application-2,M_Req,missing_destination,27,Application-2-Service,EndDevice-2,Application-2-Service,27500
10551,Application-25,M_Req,missing_destination,50,Application-25-Service,EndDevice-25,Application-25-Service,27500
10552,Application-42,M_Req,missing_destination,67,Application-42-Service,EndDevice-42,Application-42-Service,27500
10567,Application-12,M_Req,missing_destination,37,Application-12-Service,EndDevice-12,Application-12-Service,27600
10575,Application-24,M_Req,missing_destination,49,Application-24-Service,EndDevice-24,Application-24-Service,27600
10580,Application-28,M_Req,missing_destination,53,Application-28-Service,EndDevice-28,Application-28-Service,27600
10582,Application-6,M_Req,missing_destination,31,Application-6-Service,EndDevice-6,Application-6-Service,27600
10584,Application-32,M_Req,missing_destination,57,Application-32-Service,EndDevice-32,Application-32-Service,27600
10590,Application-2,M_Req,missing_destination,27,Application-2-Service,EndDevice-2,Application-2-Service,27600
10628,Application-28,M_Req,missing_destination,53,Application-28-Service,EndDevice-28,Application-28-Service,27700
10630,Application-6,M_Req,missing_destination,31,Application-6-Service,EndDevice-6,Application-6-Service,27700
10651,Application-45,M_Req,missing_destination,70,Application-45-Service,EndDevice-45,Application-45-Service,27800
10670,Application-28,M_Req,missing_destination,53,Application-28-Service,EndDevice-28,Application-28-Service,27900
10672,Application-6,M_Req,missing_destination,31,Application-6-Service,EndDevice-6,Application-6-Service,27900
10699,Application-45,M_Req,missing_destination,70,Application-45-Service,EndDevice-45,Application-45-Service,27900
10757,Application-12,M_Req,missing_destination,37,Application-12-Service,EndDevice-12,Application-12-Service,28100
10760,Application-1,M_Req,missing_destination,26,Application-1-Service,EndDevice-1,Application-1-Service,28100
10880,Application-37,M_Req,missing_destination,62,Application-37-Service,EndDevice-37,Application-37-Service,28400
10881,Application-27,M_Req,missing_destination,52,Application-27-Service,EndDevice-27,Application-27-Service,28400
10882,Application-47,M_Req,missing_destination,72,Application-47-Service,EndDevice-47,Application-47-Service,28400
10887,Application-7,M_Req,missing_destination,32,Application-7-Service,EndDevice-7,Application-7-Service,28400
10888,Application-30,M_Req,missing_destination,55,Application-30-Service,EndDevice-30,Application-30-Service,28400
10928,Application-37,M_Req,missing_destination,62,Application-37-Service,EndDevice-37,Application-37-Service,28500
10929,Application-27,M_Req,missing_destination,52,Application-27-Service,EndDevice-27,Application-27-Service,28500
10930,Application-47,M_Req,missing_destination,72,Application-47-Service,EndDevice-47,Application-47-Service,28500
10935,Application-7,M_Req,missing_destination,32,Application-7-Service,EndDevice-7,Application-7-Service,28500
10936,Application-30,M_Req,missing_destination,55,Application-30-Service,EndDevice-30,Application-30-Service,28500
10980,Application-31,M_Req,missing_destination,56,Application-31-Service,EndDevice-31,Application-31-Service,28700
11001,Application-48,M_Req,missing_destination,73,Application-48-Service,EndDevice-48,Application-48-Service,28700
11004,Application-8,M_Req,missing_destination,33,Application-8-Service,EndDevice-8,Application-8-Service,28700
11013,Application-18,M_Req,missing_destination,43,Application-18-Service,EndDevice-18,Application-18-Service,28700
11015,Application-38,M_Req,missing_destination,63,Application-38-Service,EndDevice-38,Application-38-Service,28700
11028,Application-31,M_Req,missing_destination,56,Application-31-Service,EndDevice-31,Application-31-Service,28800
11044,Application-48,M_Req,missing_destination,73,Application-48-Service,EndDevice-48,Application-48-Service,28800
11099,Application-18,M_Req,missing_destination,43,Application-18-Service,EndDevice-18,Application-18-Service,29000
11101,Application-38,M_Req,missing_destination,63,Application-38-Service,EndDevice-38,Application-38-Service,29000
11104,Application-8,M_Req,missing_destination,33,Application-8-Service,EndDevice-8,Application-8-Service,29000
11111,Application-37,M_Req,missing_destination,62,Application-37-Service,EndDevice-37,Application-37-Service,29000
11112,Application-27,M_Req,missing_destination,52,Application-27-Service,EndDevice-27,Application-27-Service,29000
11129,Application-41,M_Req,missing_destination,66,Application-41-Service,EndDevice-41,Application-41-Service,29100
11147,Application-18,M_Req,missing_destination,43,Application-18-Service,EndDevice-18,Application-18-Service,29100
11149,Application-38,M_Req,missing_destination,63,Application-38-Service,EndDevice-38,Application-38-Service,29100
11152,Application-8,M_Req,missing_destination,33,Application-8-Service,EndDevice-8,Application-8-Service,29100
11159,Application-37,M_Req,missing_destination,62,Application-37-Service,EndDevice-37,Application-37-Service,29100
11160,Application-27,M_Req,missing_destination,52,Application-27-Service,EndDevice-27,Application-27-Service,29100
11213,Application-31,M_Req,missing_destination,56,Application-31-Service,EndDevice-31,Application-31-Service,29300
11325,Application-21,M_Req,missing_destination,46,Application-21-Service,EndDevice-21,Application-21-Service,29600
11355,Application-45,M_Req,missing_destination,70,Application-45-Service,EndDevice-45,Application-45-Service,29700
11358,Application-23,M_Req,missing_destination,48,Application-23-Service,EndDevice-23,Application-23-Service,29700
11373,Application-21,M_Req,missing_destination,46,Application-21-Service,EndDevice-21,Application-21-Service,29700
11451,Application-45,M_Req,missing_destination,70,Application-45-Service,EndDevice-45,Application-45-Service,29900
11453,Application-23,M_Req,missing_destination,48,Application-23-Service,EndDevice-23,Application-23-Service,29900
11466,Application-21,M_Req,missing_destination,46,Application-21-Service,EndDevice-21,Application-21-Service,29900
11494,Application-45,M_Req,missing_destination,70,Application-45-Service,EndDevice-45,Application-45-Service,30000
11496,Application-23,M_Req,missing_destination,48,Application-23-Service,EndDevice-23,Application-23-Service,30000
11560,Application-37,M_Req,missing_destination,62,Application-37-Service,EndDevice-37,Application-37-Service,30200
11561,Application-47,M_Req,missing_destination,72,Application-47-Service,EndDevice-47,Application-47-Service,30200
11572,Application-7,M_Req,missing_destination,32,Application-7-Service,EndDevice-7,Application-7-Service,30200
11578,Application-41,M_Req,missing_destination,66,Application-41-Service,EndDevice-41,Application-41-Service,30200
11588,Application-30,M_Req,missing_destination,55,Application-30-Service,EndDevice-30,Application-30-Service,30300
11608,Application-37,M_Req,missing_destination,62,Application-37-Service,EndDevice-37,Application-37-Service,30300
11609,Application-47,M_Req,missing_destination,72,Application-47-Service,EndDevice-47,Application-47-Service,30300
11620,Application-7,M_Req,missing_destination,32,Application-7-Service,EndDevice-7,Application-7-Service,30300
11626,Application-41,M_Req,missing_destination,66,Application-41-Service,EndDevice-41,Application-41-Service,30300
11660,Application-4,M_Req,missing_destination,29,Application-4-Service,EndDevice-4,Application-4-Service,30500
11661,Application-44,M_Req,missing_destination,69,Application-44-Service,EndDevice-44,Application-44-Service,30500
11685,Application-26,M_Req,missing_destination,51,Application-26-Service,EndDevice-26,Application-26-Service,30500
11688,Application-24,M_Req,missing_destination,49,Application-24-Service,EndDevice-24,Application-24-Service,30500
11690,Application-14,M_Req,missing_destination,39,Application-14-Service,EndDevice-14,Application-14-Service,30500
11704,Application-3,M_Req,missing_destination,28,Application-3-Service,EndDevice-3,Application-3-Service,30500
11708,Application-4,M_Req,missing_destination,29,Application-4-Service,EndDevice-4,Application-4-Service,30600
11709,Application-44,M_Req,missing_destination,69,Application-44-Service,EndDevice-44,Application-44-Service,30600
11756,Application-4,M_Req,missing_destination,29,Application-4-Service,EndDevice-4,Application-4-Service,30700
11757,Application-44,M_Req,missing_destination,69,Application-44-Service,EndDevice-44,Application-44-Service,30700
11803,Application-4,M_Req,missing_destination,29,Application-4-Service,EndDevice-4,Application-4-Service,30800
11813,Application-17,M_Req,missing_destination,42,Application-17-Service,EndDevice-17,Application-17-Service,30800
11818,Application-16,M_Req,missing_destination,41,Application-16-Service,EndDevice-16,Application-16-Service,30900
11851,Application-4,M_Req,missing_destination,29,Application-4-Service,EndDevice-4,Application-4-Service,30900
11861,Application-17,M_Req,missing_destination,42,Application-17-Service,EndDevice-17,Application-17-Service,30900
11898,Application-33,M_Req,missing_destination,58,Application-33-Service,EndDevice-33,Application-33-Service,31100
11932,Application-3,M_Req,missing_destination,28,Application-3-Service,EndDevice-3,Application-3-Service,31100
11946,Application-33,M_Req,missing_destination,58,Application-33-Service,EndDevice-33,Application-33-Service,31200
11994,Application-33,M_Req,missing_destination,58,Application-33-Service,EndDevice-33,Application-33-Service,31300
12018,Application-3,M_Req,missing_destination,28,Application-3-Service,EndDevice-3,Application-3-Service,31400
12030,Application-43,M_Req,missing_destination,68,Application-43-Service,EndDevice-43,Application-43-Service,31400
12036,Application-4,M_Req,missing_destination,29,Application-4-Service,EndDevice-4,Application-4-Service,31400
12066,Application-3,M_Req,missing_destination,28,Application-3-Service,EndDevice-3,Application-3-Service,31500
12078,Application-43,M_Req,missing_destination,68,Application-43-Service,EndDevice-43,Application-43-Service,31500
12084,Application-4,M_Req,missing_destination,29,Application-4-Service,EndDevice-4,Application-4-Service,31500
12151,Application-9,M_Req,missing_destination,34,Application-9-Service,EndDevice-9,Application-9-Service,31700
12161,Application-39,M_Req,missing_destination,64,Application-39-Service,EndDevice-39,Application-39-Service,31700
12192,Application-9,M_Req,missing_destination,34,Application-9-Service,EndDevice-9,Application-9-Service,31800
12258,Application-13,M_Req,missing_destination,38,Application-13-Service,EndDevice-13,Application-13-Service,32000
12272,Application-36,M_Req,missing_destination,61,Application-36-Service,EndDevice-36,Application-36-Service,32000
12281,Application-14,M_Req,missing_destination,39,Application-14-Service,EndDevice-14,Application-14-Service,32100
12306,Application-13,M_Req,missing_destination,38,Application-13-Service,EndDevice-13,Application-13-Service,32100
12320,Application-36,M_Req,missing_destination,61,Application-36-Service,EndDevice-36,Application-36-Service,32100
12347,Application-13,M_Req,missing_destination,38,Application-13-Service,EndDevice-13,Application-13-Service,32200
12362,Application-18,M_Req,missing_destination,43,Application-18-Service,EndDevice-18,Application-18-Service,32300
12370,Application-9,M_Req,missing_destination,34,Application-9-Service,EndDevice-9,Application-9-Service,32300
12373,Application-31,M_Req,missing_destination,56,Application-31-Service,EndDevice-31,Application-31-Service,32300
12387,Application-39,M_Req,missing_destination,64,Application-39-Service,EndDevice-39,Application-39-Service,32300
12395,Application-13,M_Req,missing_destination,38,Application-13-Service,EndDevice-13,Application-13-Service,32300
12413,Application-9,M_Req,missing_destination,34,Application-9-Service,EndDevice-9,Application-9-Service,32400
12416,Application-31,M_Req,missing_destination,56,Application-31-Service,EndDevice-31,Application-31-Service,32400
12490,Application-24,M_Req,missing_destination,49,Application-24-Service,EndDevice-24,Application-24-Service,32600
12498,Application-23,M_Req,missing_destination,48,Application-23-Service,EndDevice-23,Application-23-Service,32600
12538,Application-24,M_Req,missing_destination,49,Application-24-Service,EndDevice-24,Application-24-Service,32700
12546,Application-23,M_Req,missing_destination,48,Application-23-Service,EndDevice-23,Application-23-Service,32700
12579,Application-24,M_Req,missing_destination,49,Application-24-Service,EndDevice-24,Application-24-Service,32800
12586,Application-36,M_Req,missing_destination,61,Application-36-Service,EndDevice-36,Application-36-Service,32900
12599,Application-29,M_Req,missing_destination,54,Application-29-Service,EndDevice-29,Application-29-Service,32900
12602,Application-40,M_Req,missing_destination,65,Application-40-Service,EndDevice-40,Application-40-Service,32900
12625,Application-27,M_Req,missing_destination,52,Application-27-Service,EndDevice-27,Application-27-Service,32900
12627,Application-24,M_Req,missing_destination,49,Application-24-Service,EndDevice-24,Application-24-Service,32900
12629,Application-37,M_Req,missing_destination,62,Application-37-Service,EndDevice-37,Application-37-Service,32900
12634,Application-36,M_Req,missing_destination,61,Application-36-Service,EndDevice-36,Application-36-Service,33000
12643,Application-29,M_Req,missing_destination,54,Application-29-Service,EndDevice-29,Application-29-Service,33000
12646,Application-40,M_Req,missing_destination,65,Application-40-Service,EndDevice-40,Application-40-Service,33000
12682,Application-36,M_Req,missing_destination,61,Application-36-Service,EndDevice-36,Application-36-Service,33100
12691,Application-29,M_Req,missing_destination,54,Application-29-Service,EndDevice-29,Application-29-Service,33100
12694,Application-40,M_Req,missing_destination,65,Application-40-Service,EndDevice-40,Application-40-Service,33100
12711,Application-24,M_Req,missing_destination,49,Application-24-Service,EndDevice-24,Application-24-Service,33200
12717,Application-34,M_Req,missing_destination,59,Application-34-Service,EndDevice-34,Application-34-Service,33200
12726,Application-36,M_Req,missing_destination,61,Application-36-Service,EndDevice-36,Application-36-Service,33200
12732,Application-29,M_Req,missing_destination,54,Application-29-Service,EndDevice-29,Application-29-Service,33200
12740,Application-48,M_Req,missing_destination,73,Application-48-Service,EndDevice-48,Application-48-Service,33300
12759,Application-24,M_Req,missing_destination,49,Application-24-Service,EndDevice-24,Application-24-Service,33300
12765,Application-34,M_Req,missing_destination,59,Application-34-Service,EndDevice-34,Application-34-Service,33300
12774,Application-36,M_Req,missing_destination,61,Application-36-Service,EndDevice-36,Application-36-Service,33300
12780,Application-29,M_Req,missing_destination,54,Application-29-Service,EndDevice-29,Application-29-Service,33300
12788,Application-48,M_Req,missing_destination,73,Application-48-Service,EndDevice-48,Application-48-Service,33400
12802,Application-24,M_Req,missing_destination,49,Application-24-Service,EndDevice-24,Application-24-Service,33400
12807,Application-34,M_Req,missing_destination,59,Application-34-Service,EndDevice-34,Application-34-Service,33400
12813,Application-2,M_Req,missing_destination,27,Application-2-Service,EndDevice-2,Application-2-Service,33500
12817,Application-32,M_Req,missing_destination,57,Application-32-Service,EndDevice-32,Application-32-Service,33500
12826,Application-46,M_Req,missing_destination,71,Application-46-Service,EndDevice-46,Application-46-Service,33500
12836,Application-48,M_Req,missing_destination,73,Application-48-Service,EndDevice-48,Application-48-Service,33500
12839,Application-42,M_Req,missing_destination,67,Application-42-Service,EndDevice-42,Application-42-Service,33500
12849,Application-12,M_Req,missing_destination,37,Application-12-Service,EndDevice-12,Application-12-Service,33500
12850,Application-24,M_Req,missing_destination,49,Application-24-Service,EndDevice-24,Application-24-Service,33500
12853,Application-22,M_Req,missing_destination,47,Application-22-Service,EndDevice-22,Application-22-Service,33500
12855,Application-34,M_Req,missing_destination,59,Application-34-Service,EndDevice-34,Application-34-Service,33500
12861,Application-2,M_Req,missing_destination,27,Application-2-Service,EndDevice-2,Application-2-Service,33600
12864,Application-32,M_Req,missing_destination,57,Application-32-Service,EndDevice-32,Application-32-Service,33600
12872,Application-46,M_Req,missing_destination,71,Application-46-Service,EndDevice-46,Application-46-Service,33600
12880,Application-48,M_Req,missing_destination,73,Application-48-Service,EndDevice-48,Application-48-Service,33600
12882,Application-42,M_Req,missing_destination,67,Application-42-Service,EndDevice-42,Application-42-Service,33600
12928,Application-48,M_Req,missing_destination,73,Application-48-Service,EndDevice-48,Application-48-Service,33700
12935,Application-10,M_Req,missing_destination,35,Application-10-Service,EndDevice-10,Application-10-Service,33800
12967,Application-33,M_Req,missing_destination,58,Application-33-Service,EndDevice-33,Application-33-Service,33900
12983,Application-10,M_Req,missing_destination,35,Application-10-Service,EndDevice-10,Application-10-Service,33900
13028,Application-10,M_Req,missing_destination,35,Application-10-Service,EndDevice-10,Application-10-Service,34000
13059,Application-47,M_Req,missing_destination,72,Application-47-Service,EndDevice-47,Application-47-Service,34100
13076,Application-10,M_Req,missing_destination,35,Application-10-Service,EndDevice-10,Application-10-Service,34100
13105,Application-47,M_Req,missing_destination,72,Application-47-Service,EndDevice-47,Application-47-Service,34200
13153,Application-47,M_Req,missing_destination,72,Application-47-Service,EndDevice-47,Application-47-Service,34300
13167,Application-6,M_Req,missing_destination,31,Application-6-Service,EndDevice-6,Application-6-Service,34400
13173,Application-26,M_Req,missing_destination,51,Application-26-Service,EndDevice-26,Application-26-Service,34400
13182,Application-36,M_Req,missing_destination,61,Application-36-Service,EndDevice-36,Application-36-Service,34400
13190,Application-18,M_Req,missing_destination,43,Application-18-Service,EndDevice-18,Application-18-Service,34400
13193,Application-47,M_Req,missing_destination,72,Application-47-Service,EndDevice-47,Application-47-Service,34400
13215,Application-6,M_Req,missing_destination,31,Application-6-Service,EndDevice-6,Application-6-Service,34500
13221,Application-26,M_Req,missing_destination,51,Application-26-Service,EndDevice-26,Application-26-Service,34500
13230,Application-36,M_Req,missing_destination,61,Application-36-Service,EndDevice-36,Application-36-Service,34500
13238,Application-18,M_Req,missing_destination,43,Application-18-Service,EndDevice-18,Application-18-Service,34500
13241,Application-47,M_Req,missing_destination,72,Application-47-Service,EndDevice-47,Application-47-Service,34500
13260,Application-6,M_Req,missing_destination,31,Application-6-Service,EndDevice-6,Application-6-Service,34600
13276,Application-4,M_Req,missing_destination,29,Application-4-Service,EndDevice-4,Application-4-Service,34700
13277,Application-24,M_Req,missing_destination,49,Application-24-Service,EndDevice-24,Application-24-Service,34700
13282,Application-16,M_Req,missing_destination,41,Application-16-Service,EndDevice-16,Application-16-Service,34700
13293,Application-48,M_Req,missing_destination,73,Application-48-Service,EndDevice-48,Application-48-Service,34700
13305,Application-34,M_Req,missing_destination,59,Application-34-Service,EndDevice-34,Application-34-Service,34700
13308,Application-6,M_Req,missing_destination,31,Application-6-Service,EndDevice-6,Application-6-Service,34700
13310,Application-3,M_Req,missing_destination,28,Application-3-Service,EndDevice-3,Application-3-Service,34700
13314,Application-33,M_Req,missing_destination,58,Application-33-Service,EndDevice-33,Application-33-Service,34700
13318,Application-23,M_Req,missing_destination,48,Application-23-Service,EndDevice-23,Application-23-Service,34700
13322,Application-4,M_Req,missing_destination,29,Application-4-Service,EndDevice-4,Application-4-Service,34800
13323,Application-24,M_Req,missing_destination,49,Application-24-Service,EndDevice-24,Application-24-Service,34800
13328,Application-16,M_Req,missing_destination,41,Application-16-Service,EndDevice-16,Application-16-Service,34800
13338,Application-48,M_Req,missing_destination,73,Application-48-Service,EndDevice-48,Application-48-Service,34800
13394,Application-12,M_Req,missing_destination,37,Application-12-Service,EndDevice-12,Application-12-Service,35000
13410,Application-32,M_Req,missing_destination,57,Application-32-Service,EndDevice-32,Application-32-Service,35000
13422,Application-2,M_Req,missing_destination,27,Application-2-Service,EndDevice-2,Application-2-Service,35000
13442,Application-12,M_Req,missing_destination,37,Application-12-Service,EndDevice-12,Application-12-Service,35100
13458,Application-32,M_Req,missing_destination,57,Application-32-Service,EndDevice-32,Application-32-Service,35100
13470,Application-2,M_Req,missing_destination,27,Application-2-Service,EndDevice-2,Application-2-Service,35100
13498,Application-32,M_Req,missing_destination,57,Application-32-Service,EndDevice-32,Application-32-Service,35200
13504,Application-18,M_Req,missing_destination,43,Application-18-Service,EndDevice-18,Application-18-Service,35300
13524,Application-42,M_Req,missing_destination,67,Application-42-Service,EndDevice-42,Application-42-Service,35300
13537,Application-8,M_Req,missing_destination,33,Application-8-Service,EndDevice-8,Application-8-Service,35300
13543,Application-38,M_Req,missing_destination,63,Application-38-Service,EndDevice-38,Application-38-Service,35300
13546,Application-32,M_Req,missing_destination,57,Application-32-Service,EndDevice-32,Application-32-Service,35300
13552,Application-18,M_Req,missing_destination,43,Application-18-Service,EndDevice-18,Application-18-Service,35400
13567,Application-42,M_Req,missing_destination,67,Application-42-Service,EndDevice-42,Application-42-Service,35400
13627,Application-37,M_Req,missing_destination,62,Application-37-Service,EndDevice-37,Application-37-Service,35600
13635,Application-47,M_Req,missing_destination,72,Application-47-Service,EndDevice-47,Application-47-Service,35600
13649,Application-7,M_Req,missing_destination,32,Application-7-Service,EndDevice-7,Application-7-Service,35600
13652,Application-40,M_Req,missing_destination,65,Application-40-Service,EndDevice-40,Application-40-Service,35600
13660,Application-29,M_Req,missing_destination,54,Application-29-Service,EndDevice-29,Application-29-Service,35700
13675,Application-37,M_Req,missing_destination,62,Application-37-Service,EndDevice-37,Application-37-Service,35700
13683,Application-47,M_Req,missing_destination,72,Application-47-Service,EndDevice-47,Application-47-Service,35700
13697,Application-7,M_Req,missing_destination,32,Application-7-Service,EndDevice-7,Application-7-Service,35700
13700,Application-40,M_Req,missing_destination,65,Application-40-Service,EndDevice-40,Application-40-Service,35700
13707,Application-29,M_Req,missing_destination,54,Application-29-Service,EndDevice-29,Application-29-Service,35800
13720,Application-37,M_Req,missing_destination,62,Application-37-Service,EndDevice-37,Application-37-Service,35800
13725,Application-47,M_Req,missing_destination,72,Application-47-Service,EndDevice-47,Application-47-Service,35800
13733,Application-45,M_Req,missing_destination,70,Application-45-Service,EndDevice-45,Application-45-Service,35900
13755,Application-29,M_Req,missing_destination,54,Application-29-Service,EndDevice-29,Application-29-Service,35900
13757,Application-27,M_Req,missing_destination,52,Application-27-Service,EndDevice-27,Application-27-Service,35900
13760,Application-25,M_Req,missing_destination,50,Application-25-Service,EndDevice-25,Application-25-Service,35900
13768,Application-37,M_Req,missing_destination,62,Application-37-Service,EndDevice-37,Application-37-Service,35900
13769,Application-5,M_Req,missing_destination,30,Application-5-Service,EndDevice-5,Application-5-Service,35900
13770,Application-35,M_Req,missing_destination,60,Application-35-Service,EndDevice-35,Application-35-Service,35900
13773,Application-47,M_Req,missing_destination,72,Application-47-Service,EndDevice-47,Application-47-Service,35900
13802,Application-25,M_Req,missing_destination,50,Application-25-Service,EndDevice-25,Application-25-Service,36000
13850,Application-25,M_Req,missing_destination,50,Application-25-Service,EndDevice-25,Application-25-Service,36100
13859,Application-8,M_Req,missing_destination,33,Application-8-Service,EndDevice-8,Application-8-Service,36200
13871,Application-48,M_Req,missing_destination,73,Application-48-Service,EndDevice-48,Application-48-Service,36200
13873,Application-18,M_Req,missing_destination,43,Application-18-Service,EndDevice-18,Application-18-Service,36200
13882,Application-20,M_Req,missing_destination,45,Application-20-Service,EndDevice-20,Application-20-Service,36200
13887,Application-31,M_Req,missing_destination,56,Application-31-Service,EndDevice-31,Application-31-Service,36300
13891,Application-9,M_Req,missing_destination,34,Application-9-Service,EndDevice-9,Application-9-Service,36300
13907,Application-8,M_Req,missing_destination,33,Application-8-Service,EndDevice-8,Application-8-Service,36300
13919,Application-48,M_Req,missing_destination,73,Application-48-Service,EndDevice-48,Application-48-Service,36300
13921,Application-18,M_Req,missing_destination,43,Application-18-Service,EndDevice-18,Application-18-Service,36300
13930,Application-20,M_Req,missing_destination,45,Application-20-Service,EndDevice-20,Application-20-Service,36300
13981,Application-36,M_Req,missing_destination,61,Application-36-Service,EndDevice-36,Application-36-Service,36500
13985,Application-25,M_Req,missing_destination,50,Application-25-Service,EndDevice-25,Application-25-Service,36500
13994,Application-43,M_Req,missing_destination,68,Application-43-Service,EndDevice-43,Application-43-Service,36500
13995,Application-13,M_Req,missing_destination,38,Application-13-Service,EndDevice-13,Application-13-Service,36500
13997,Application-3,M_Req,missing_destination,28,Application-3-Service,EndDevice-3,Application-3-Service,36500
14026,Application-36,M_Req,missing_destination,61,Application-36-Service,EndDevice-36,Application-36-Service,36600
14035,Application-43,M_Req,missing_destination,68,Application-43-Service,EndDevice-43,Application-43-Service,36600
14036,Application-13,M_Req,missing_destination,38,Application-13-Service,EndDevice-13,Application-13-Service,36600
14074,Application-36,M_Req,missing_destination,61,Application-36-Service,EndDevice-36,Application-36-Service,36700
14083,Application-43,M_Req,missing_destination,68,Application-43-Service,EndDevice-43,Application-43-Service,36700
14084,Application-13,M_Req,missing_destination,38,Application-13-Service,EndDevice-13,Application-13-Service,36700
14121,Application-5,M_Req,missing_destination,30,Application-5-Service,EndDevice-5,Application-5-Service,36900
14167,Application-5,M_Req,missing_destination,30,Application-5-Service,EndDevice-5,Application-5-Service,37000
14214,Application-4,M_Req,missing_destination,29,Application-4-Service,EndDevice-4,Application-4-Service,37100
14215,Application-5,M_Req,missing_destination,30,Application-5-Service,EndDevice-5,Application-5-Service,37100
14225,Application-24,M_Req,missing_destination,49,Application-24-Service,EndDevice-24,Application-24-Service,37100
14231,Application-14,M_Req,missing_destination,39,Application-14-Service,EndDevice-14,Application-14-Service,37100
14232,Application-44,M_Req,missing_destination,69,Application-44-Service,EndDevice-44,Application-44-Service,37100
14259,Application-4,M_Req,missing_destination,29,Application-4-Service,EndDevice-4,Application-4-Service,37200
14260,Application-5,M_Req,missing_destination,30,Application-5-Service,EndDevice-5,Application-5-Service,37200
14268,Application-24,M_Req,missing_destination,49,Application-24-Service,EndDevice-24,Application-24-Service,37200
14307,Application-4,M_Req,missing_destination,29,Application-4-Service,EndDevice-4,Application-4-Service,37300
14316,Application-24,M_Req,missing_destination,49,Application-24-Service,EndDevice-24,Application-24-Service,37300
14330,Application-19,M_Req,missing_destination,44,Application-19-Service,EndDevice-19,Application-19-Service,37400
14343,Application-21,M_Req,missing_destination,46,Application-21-Service,EndDevice-21,Application-21-Service,37400
14352,Application-43,M_Req,missing_destination,68,Application-43-Service,EndDevice-43,Application-43-Service,37500
14378,Application-19,M_Req,missing_destination,44,Application-19-Service,EndDevice-19,Application-19-Service,37500
14391,Application-21,M_Req,missing_destination,46,Application-21-Service,EndDevice-21,Application-21-Service,37500
14430,Application-26,M_Req,missing_destination,51,Application-26-Service,EndDevice-26,Application-26-Service,37700
14431,Application-36,M_Req,missing_destination,61,Application-36-Service,EndDevice-36,Application-36-Service,37700
14432,Application-46,M_Req,missing_destination,71,Application-46-Service,EndDevice-46,Application-46-Service,37700
14437,Application-39,M_Req,missing_destination,64,Application-39-Service,EndDevice-39,Application-39-Service,37700
14450,Application-28,M_Req,missing_destination,53,Application-28-Service,EndDevice-28,Application-28-Service,37700
14452,Application-6,M_Req,missing_destination,31,Application-6-Service,EndDevice-6,Application-6-Service,37700
14468,Application-35,M_Req,missing_destination,60,Application-35-Service,EndDevice-35,Application-35-Service,37700
14478,Application-26,M_Req,missing_destination,51,Application-26-Service,EndDevice-26,Application-26-Service,37800
14479,Application-36,M_Req,missing_destination,61,Application-36-Service,EndDevice-36,Application-36-Service,37800
14480,Application-46,M_Req,missing_destination,71,Application-46-Service,EndDevice-46,Application-46-Service,37800
14484,Application-39,M_Req,missing_destination,64,Application-39-Service,EndDevice-39,Application-39-Service,37800
14496,Application-6,M_Req,missing_destination,31,Application-6-Service,EndDevice-6,Application-6-Service,37800
14549,Application-14,M_Req,missing_destination,39,Application-14-Service,EndDevice-14,Application-14-Service,38000
14552,Application-44,M_Req,missing_destination,69,Application-44-Service,EndDevice-44,Application-44-Service,38000
14584,Application-4,M_Req,missing_destination,29,Application-4-Service,EndDevice-4,Application-4-Service,38100
14597,Application-14,M_Req,missing_destination,39,Application-14-Service,EndDevice-14,Application-14-Service,38100
14600,Application-44,M_Req,missing_destination,69,Application-44-Service,EndDevice-44,Application-44-Service,38100
14631,Application-4,M_Req,missing_destination,29,Application-4-Service,EndDevice-4,Application-4-Service,38200
14643,Application-14,M_Req,missing_destination,39,Application-14-Service,EndDevice-14,Application-14-Service,38200
14661,Application-21,M_Req,missing_destination,46,Application-21-Service,EndDevice-21,Application-21-Service,38300
14678,Application-45,M_Req,missing_destination,70,Application-45-Service,EndDevice-45,Application-45-Service,38300
14679,Application-4,M_Req,missing_destination,29,Application-4-Service,EndDevice-4,Application-4-Service,38300
14688,Application-1,M_Req,missing_destination,26,Application-1-Service,EndDevice-1,Application-1-Service,38300
14691,Application-14,M_Req,missing_destination,39,Application-14-Service,EndDevice-14,Application-14-Service,38300
14702,Application-31,M_Req,missing_destination,56,Application-31-Service,EndDevice-31,Application-31-Service,38300
14721,Application-45,M_Req,missing_destination,70,Application-45-Service,EndDevice-45,Application-45-Service,38400
14722,Application-4,M_Req,missing_destination,29,Application-4-Service,EndDevice-4,Application-4-Service,38400
14729,Application-1,M_Req,missing_destination,26,Application-1-Service,EndDevice-1,Application-1-Service,38400
14770,Application-4,M_Req,missing_destination,29,Application-4-Service,EndDevice-4,Application-4-Service,38500
14782,Application-3,M_Req,missing_destination,28,Application-3-Service,EndDevice-3,Application-3-Service,38600
14814,Application-48,M_Req,missing_destination,73,Application-48-Service,EndDevice-48,Application-48-Service,38700
14830,Application-3,M_Req,missing_destination,28,Application-3-Service,EndDevice-3,Application-3-Service,38700
14860,Application-48,M_Req,missing_destination,73,Application-48-Service,EndDevice-48,Application-48-Service,38800
14875,Application-3,M_Req,missing_destination,28,Application-3-Service,EndDevice-3,Application-3-Service,38800
14895,Application-9,M_Req,missing_destination,34,Application-9-Service,EndDevice-9,Application-9-Service,38900
14896,Application-42,M_Req,missing_destination,67,Application-42-Service,EndDevice-42,Application-42-Service,38900
14900,Application-31,M_Req,missing_destination,56,Application-31-Service,EndDevice-31,Application-31-Service,38900
14908,Application-48,M_Req,missing_destination,73,Application-48-Service,EndDevice-48,Application-48-Service,38900
14916,Application-18,M_Req,missing_destination,43,Application-18-Service,EndDevice-18,Application-18-Service,38900
14921,Application-8,M_Req,missing_destination,33,Application-8-Service,EndDevice-8,Application-8-Service,38900
14923,Application-3,M_Req,missing_destination,28,Application-3-Service,EndDevice-3,Application-3-Service,38900
14928,Application-28,M_Req,missing_destination,53,Application-28-Service,EndDevice-28,Application-28-Service,38900
14942,Application-42,M_Req,missing_destination,67,Application-42-Service,EndDevice-42,Application-42-Service,39000
14946,Application-31,M_Req,missing_destination,56,Application-31-Service,EndDevice-31,Application-31-Service,39000
14952,Application-48,M_Req,missing_destination,73,Application-48-Service,EndDevice-48,Application-48-Service,39000
15000,Application-48,M_Req,missing_destination,73,Application-48-Service,EndDevice-48,Application-48-Service,39100
15010,Application-29,M_Req,missing_destination,54,Application-29-Service,EndDevice-29,Application-29-Service,39200
15023,Application-19,M_Req,missing_destination,44,Application-19-Service,EndDevice-19,Application-19-Service,39200
15024,Application-9,M_Req,missing_destination,34,Application-9-Service,EndDevice-9,Application-9-Service,39200
15030,Application-39,M_Req,missing_destination,64,Application-39-Service,EndDevice-39,Application-39-Service,39200
15034,Application-10,M_Req,missing_destination,35,Application-10-Service,EndDevice-10,Application-10-Service,39200
15037,Application-32,M_Req,missing_destination,57,Application-32-Service,EndDevice-32,Application-32-Service,39200
15038,Application-43,M_Req,missing_destination,68,Application-43-Service,EndDevice-43,Application-43-Service,39300
15043,Application-21,M_Req,missing_destination,46,Application-21-Service,EndDevice-21,Application-21-Service,39300
15058,Application-29,M_Req,missing_destination,54,Application-29-Service,EndDevice-29,Application-29-Service,39300
15071,Application-19,M_Req,missing_destination,44,Application-19-Service,EndDevice-19,Application-19-Service,39300
15072,Application-9,M_Req,missing_destination,34,Application-9-Service,EndDevice-9,Application-9-Service,39300
15078,Application-39,M_Req,missing_destination,64,Application-39-Service,EndDevice-39,Application-39-Service,39300
15082,Application-10,M_Req,missing_destination,35,Application-10-Service,EndDevice-10,Application-10-Service,39300
15085,Application-32,M_Req,missing_destination,57,Application-32-Service,EndDevice-32,Application-32-Service,39300
15086,Application-43,M_Req,missing_destination,68,Application-43-Service,EndDevice-43,Application-43-Service,39400
15103,Application-29,M_Req,missing_destination,54,Application-29-Service,EndDevice-29,Application-29-Service,39400
15113,Application-19,M_Req,missing_destination,44,Application-19-Service,EndDevice-19,Application-19-Service,39400
15114,Application-9,M_Req,missing_destination,34,Application-9-Service,EndDevice-9,Application-9-Service,39400
15125,Application-10,M_Req,missing_destination,35,Application-10-Service,EndDevice-10,Application-10-Service,39500
15131,Application-21,M_Req,missing_destination,46,Application-21-Service,EndDevice-21,Application-21-Service,39500
15134,Application-43,M_Req,missing_destination,68,Application-43-Service,EndDevice-43,Application-43-Service,39500
15151,Application-29,M_Req,missing_destination,54,Application-29-Service,EndDevice-29,Application-29-Service,39500
15161,Application-19,M_Req,missing_destination,44,Application-19-Service,EndDevice-19,Application-19-Service,39500
15162,Application-9,M_Req,missing_destination,34,Application-9-Service,EndDevice-9,Application-9-Service,39500
15172,Application-10,M_Req,missing_destination,35,Application-10-Service,EndDevice-10,Application-10-Service,39600
15177,Application-21,M_Req,missing_destination,46,Application-21-Service,EndDevice-21,Application-21-Service,39600
15220,Application-10,M_Req,missing_destination,35,Application-10-Service,EndDevice-10,Application-10-Service,39700
15225,Application-21,M_Req,missing_destination,46,Application-21-Service,EndDevice-21,Application-21-Service,39700
15258,Application-38,M_Req,missing_destination,63,Application-38-Service,EndDevice-38,Application-38-Service,39800
15261,Application-10,M_Req,missing_destination,35,Application-10-Service,EndDevice-10,Application-10-Service,39800
15264,Application-42,M_Req,missing_destination,67,Application-42-Service,EndDevice-42,Application-42-Service,39800
15266,Application-21,M_Req,missing_destination,46,Application-21-Service,EndDevice-21,Application-21-Service,39800
15306,Application-38,M_Req,missing_destination,63,Application-38-Service,EndDevice-38,Application-38-Service,39900
15309,Application-10,M_Req,missing_destination,35,Application-10-Service,EndDevice-10,Application-10-Service,39900
15312,Application-42,M_Req,missing_destination,67,Application-42-Service,EndDevice-42,Application-42-Service,39900
15314,Application-21,M_Req,missing_destination,46,Application-21-Service,EndDevice-21,Application-21-Service,39900
15358,Application-10,M_Req,missing_destination,35,Application-10-Service,EndDevice-10,Application-10-Service,40100
15372,Application-39,M_Req,missing_destination,64,Application-39-Service,EndDevice-39,Application-39-Service,40100
15373,Application-9,M_Req,missing_destination,34,Application-9-Service,EndDevice-9,Application-9-Service,40100
15375,Application-19,M_Req,missing_destination,44,Application-19-Service,EndDevice-19,Application-19-Service,40100
15376,Application-29,M_Req,missing_destination,54,Application-29-Service,EndDevice-29,Application-29-Service,40100
15405,Application-10,M_Req,missing_destination,35,Application-10-Service,EndDevice-10,Application-10-Service,40200
15413,Application-9,M_Req,missing_destination,34,Application-9-Service,EndDevice-9,Application-9-Service,40200
15415,Application-19,M_Req,missing_destination,44,Application-19-Service,EndDevice-19,Application-19-Service,40200
15416,Application-29,M_Req,missing_destination,54,Application-29-Service,EndDevice-29,Application-29-Service,40200
15469,Application-24,M_Req,missing_destination,49,Application-24-Service,EndDevice-24,Application-24-Service,40400
15498,Application-26,M_Req,missing_destination,51,Application-26-Service,EndDevice-26,Application-26-Service,40500
15517,Application-24,M_Req,missing_destination,49,Application-24-Service,EndDevice-24,Application-24-Service,40500
15596,Application-30,M_Req,missing_destination,55,Application-30-Service,EndDevice-30,Application-30-Service,40700
15597,Application-19,M_Req,missing_destination,44,Application-19-Service,EndDevice-19,Application-19-Service,40700
15610,Application-18,M_Req,missing_destination,43,Application-18-Service,EndDevice-18,Application-18-Service,40700
15621,Application-48,M_Req,missing_destination,73,Application-48-Service,EndDevice-48,Application-48-Service,40700
15640,Application-30,M_Req,missing_destination,55,Application-30-Service,EndDevice-30,Application-30-Service,40800
15641,Application-19,M_Req,missing_destination,44,Application-19-Service,EndDevice-19,Application-19-Service,40800
15688,Application-30,M_Req,missing_destination,55,Application-30-Service,EndDevice-30,Application-30-Service,40900
15689,Application-19,M_Req,missing_destination,44,Application-19-Service,EndDevice-19,Application-19-Service,40900
15713,Application-6,M_Req,missing_destination,31,Application-6-Service,EndDevice-6,Application-6-Service,41000
15714,Application-15,M_Req,missing_destination,40,Application-15-Service,EndDevice-15,Application-15-Service,41000
15761,Application-6,M_Req,missing_destination,31,Application-6-Service,EndDevice-6,Application-6-Service,41100
15762,Application-15,M_Req,missing_destination,40,Application-15-Service,EndDevice-15,Application-15-Service,41100
15803,Application-6,M_Req,missing_destination,31,Application-6-Service,EndDevice-6,Application-6-Service,41200
15816,Application-43,M_Req,missing_destination,68,Application-43-Service,EndDevice-43,Application-43-Service,41300
15819,Application-10,M_Req,missing_destination,35,Application-10-Service,EndDevice-10,Application-10-Service,41300
15850,Application-39,M_Req,missing_destination,64,Application-39-Service,EndDevice-39,Application-39-Service,41300
15851,Application-6,M_Req,missing_destination,31,Application-6-Service,EndDevice-6,Application-6-Service,41300
15865,Application-10,M_Req,missing_destination,35,Application-10-Service,EndDevice-10,Application-10-Service,41400
15938,Application-5,M_Req,missing_destination,30,Application-5-Service,EndDevice-5,Application-5-Service,41600
15944,Application-15,M_Req,missing_destination,40,Application-15-Service,EndDevice-15,Application-15-Service,41600
15956,Application-16,M_Req,missing_destination,41,Application-16-Service,EndDevice-16,Application-16-Service,41600
15961,Application-27,M_Req,missing_destination,52,Application-27-Service,EndDevice-27,Application-27-Service,41700
15986,Application-5,M_Req,missing_destination,30,Application-5-Service,EndDevice-5,Application-5-Service,41700
15992,Application-15,M_Req,missing_destination,40,Application-15-Service,EndDevice-15,Application-15-Service,41700
16004,Application-16,M_Req,missing_destination,41,Application-16-Service,EndDevice-16,Application-16-Service,41700
16028,Application-5,M_Req,missing_destination,30,Application-5-Service,EndDevice-5,Application-5-Service,41800
16037,Application-3,M_Req,missing_destination,28,Application-3-Service,EndDevice-3,Application-3-Service,41900
16065,Application-13,M_Req,missing_destination,38,Application-13-Service,EndDevice-13,Application-13-Service,41900
16076,Application-5,M_Req,missing_destination,30,Application-5-Service,EndDevice-5,Application-5-Service,41900
16079,Application-43,M_Req,missing_destination,68,Application-43-Service,EndDevice-43,Application-43-Service,41900
16107,Application-13,M_Req,missing_destination,38,Application-13-Service,EndDevice-13,Application-13-Service,42000
16172,Application-6,M_Req,missing_destination,31,Application-6-Service,EndDevice-6,Application-6-Service,42200
16174,Application-46,M_Req,missing_destination,71,Application-46-Service,EndDevice-46,Application-46-Service,42200
16178,Application-16,M_Req,missing_destination,41,Application-16-Service,EndDevice-16,Application-16-Service,42200
16182,Application-7,M_Req,missing_destination,32,Application-7-Service,EndDevice-7,Application-7-Service,42200
16195,Application-40,M_Req,missing_destination,65,Application-40-Service,EndDevice-40,Application-40-Service,42300
16220,Application-6,M_Req,missing_destination,31,Application-6-Service,EndDevice-6,Application-6-Service,42300
16222,Application-46,M_Req,missing_destination,71,Application-46-Service,EndDevice-46,Application-46-Service,42300
16226,Application-16,M_Req,missing_destination,41,Application-16-Service,EndDevice-16,Application-16-Service,42300
16230,Application-7,M_Req,missing_destination,32,Application-7-Service,EndDevice-7,Application-7-Service,42300
16269,Application-18,M_Req,missing_destination,43,Application-18-Service,EndDevice-18,Application-18-Service,42500
16285,Application-9,M_Req,missing_destination,34,Application-9-Service,EndDevice-9,Application-9-Service,42500
16293,Application-8,M_Req,missing_destination,33,Application-8-Service,EndDevice-8,Application-8-Service,42500
16296,Application-28,M_Req,missing_destination,53,Application-28-Service,EndDevice-28,Application-28-Service,42500
16309,Application-48,M_Req,missing_destination,73,Application-48-Service,EndDevice-48,Application-48-Service,42500
16316,Application-18,M_Req,missing_destination,43,Application-18-Service,EndDevice-18,Application-18-Service,42600
16330,Application-9,M_Req,missing_destination,34,Application-9-Service,EndDevice-9,Application-9-Service,42600
16334,Application-8,M_Req,missing_destination,33,Application-8-Service,EndDevice-8,Application-8-Service,42600
16337,Application-28,M_Req,missing_destination,53,Application-28-Service,EndDevice-28,Application-28-Service,42600
16389,Application-39,M_Req,missing_destination,64,Application-39-Service,EndDevice-39,Application-39-Service,42800
16392,Application-29,M_Req,missing_destination,54,Application-29-Service,EndDevice-29,Application-29-Service,42800
16437,Application-39,M_Req,missing_destination,64,Application-39-Service,EndDevice-39,Application-39-Service,42900
16440,Application-29,M_Req,missing_destination,54,Application-29-Service,EndDevice-29,Application-29-Service,42900
16493,Application-16,M_Req,missing_destination,41,Application-16-Service,EndDevice-16,Application-16-Service,43100
16499,Application-36,M_Req,missing_destination,61,Application-36-Service,EndDevice-36,Application-36-Service,43100
16506,Application-39,M_Req,missing_destination,64,Application-39-Service,EndDevice-39,Application-39-Service,43100
16517,Application-28,M_Req,missing_destination,53,Application-28-Service,EndDevice-28,Application-28-Service,43100
16534,Application-6,M_Req,missing_destination,31,Application-6-Service,EndDevice-6,Application-6-Service,43100
16541,Application-16,M_Req,missing_destination,41,Application-16-Service,EndDevice-16,Application-16-Service,43200
16547,Application-36,M_Req,missing_destination,61,Application-36-Service,EndDevice-36,Application-36-Service,43200
16553,Application-39,M_Req,missing_destination,64,Application-39-Service,EndDevice-39,Application-39-Service,43200
16561,Application-28,M_Req,missing_destination,53,Application-28-Service,EndDevice-28,Application-28-Service,43200
16589,Application-16,M_Req,missing_destination,41,Application-16-Service,EndDevice-16,Application-16-Service,43300
16595,Application-36,M_Req,missing_destination,61,Application-36-Service,EndDevice-36,Application-36-Service,43300
16601,Application-39,M_Req,missing_destination,64,Application-39-Service,EndDevice-39,Application-39-Service,43300
16609,Application-28,M_Req,missing_destination,53,Application-28-Service,EndDevice-28,Application-28-Service,43300
16621,Application-48,M_Req,missing_destination,73,Application-48-Service,EndDevice-48,Application-48-Service,43400
16622,Application-38,M_Req,missing_destination,63,Application-38-Service,EndDevice-38,Application-38-Service,43400
16632,Application-8,M_Req,missing_destination,33,Application-8-Service,EndDevice-8,Application-8-Service,43400
16643,Application-39,M_Req,missing_destination,64,Application-39-Service,EndDevice-39,Application-39-Service,43400
16654,Application-31,M_Req,missing_destination,56,Application-31-Service,EndDevice-31,Application-31-Service,43500
16669,Application-48,M_Req,missing_destination,73,Application-48-Service,EndDevice-48,Application-48-Service,43500
16670,Application-38,M_Req,missing_destination,63,Application-38-Service,EndDevice-38,Application-38-Service,43500
16680,Application-8,M_Req,missing_destination,33,Application-8-Service,EndDevice-8,Application-8-Service,43500
16691,Application-39,M_Req,missing_destination,64,Application-39-Service,EndDevice-39,Application-39-Service,43500
16748,Application-31,M_Req,missing_destination,56,Application-31-Service,EndDevice-31,Application-31-Service,43700
16761,Application-38,M_Req,missing_destination,63,Application-38-Service,EndDevice-38,Application-38-Service,43700
16790,Application-31,M_Req,missing_destination,56,Application-31-Service,EndDevice-31,Application-31-Service,43800
16838,Application-31,M_Req,missing_destination,56,Application-31-Service,EndDevice-31,Application-31-Service,43900
16860,Application-34,M_Req,missing_destination,59,Application-34-Service,EndDevice-34,Application-34-Service,44000
16862,Application-44,M_Req,missing_destination,69,Application-44-Service,EndDevice-44,Application-44-Service,44000
16908,Application-34,M_Req,missing_destination,59,Application-34-Service,EndDevice-34,Application-34-Service,44100
16910,Application-44,M_Req,missing_destination,69,Application-44-Service,EndDevice-44,Application-44-Service,44100
16955,Application-1,M_Req,missing_destination,26,Application-1-Service,EndDevice-1,Application-1-Service,44300
16958,Application-11,M_Req,missing_destination,36,Application-11-Service,EndDevice-11,Application-11-Service,44300
16966,Application-34,M_Req,missing_destination,59,Application-34-Service,EndDevice-34,Application-34-Service,44300
16967,Application-45,M_Req,missing_destination,70,Application-45-Service,EndDevice-45,Application-45-Service,44300
16986,Application-21,M_Req,missing_destination,46,Application-21-Service,EndDevice-21,Application-21-Service,44300
16999,Application-41,M_Req,missing_destination,66,Application-41-Service,EndDevice-41,Application-41-Service,44300
17003,Application-1,M_Req,missing_destination,26,Application-1-Service,EndDevice-1,Application-1-Service,44400
17005,Application-11,M_Req,missing_destination,36,Application-11-Service,EndDevice-11,Application-11-Service,44400
17011,Application-34,M_Req,missing_destination,59,Application-34-Service,EndDevice-34,Application-34-Service,44400
17012,Application-45,M_Req,missing_destination,70,Application-45-Service,EndDevice-45,Application-45-Service,44400
17026,Application-21,M_Req,missing_destination,46,Application-21-Service,EndDevice-21,Application-21-Service,44400
17080,Application-33,M_Req,missing_destination,58,Application-33-Service,EndDevice-33,Application-33-Service,44600
17089,Application-43,M_Req,missing_destination,68,Application-43-Service,EndDevice-43,Application-43-Service,44600
17091,Application-3,M_Req,missing_destination,28,Application-3-Service,EndDevice-3,Application-3-Service,44600
17116,Application-4,M_Req,missing_destination,29,Application-4-Service,EndDevice-4,Application-4-Service,44700
17128,Application-33,M_Req,missing_destination,58,Application-33-Service,EndDevice-33,Application-33-Service,44700
17137,Application-43,M_Req,missing_destination,68,Application-43-Service,EndDevice-43,Application-43-Service,44700
17139,Application-3,M_Req,missing_destination,28,Application-3-Service,EndDevice-3,Application-3-Service,44700
17162,Application-4,M_Req,missing_destination,29,Application-4-Service,EndDevice-4,Application-4-Service,44800
17172,Application-33,M_Req,missing_destination,58,Application-33-Service,EndDevice-33,Application-33-Service,44800
17179,Application-43,M_Req,missing_destination,68,Application-43-Service,EndDevice-43,Application-43-Service,44800
17181,Application-3,M_Req,missing_destination,28,Application-3-Service,EndDevice-3,Application-3-Service,44800
17194,Application-44,M_Req,missing_destination,69,Application-44-Service,EndDevice-44,Application-44-Service,44900
17206,Application-16,M_Req,missing_destination,41,Application-16-Service,EndDevice-16,Application-16-Service,44900
17210,Application-4,M_Req,missing_destination,29,Application-4-Service,EndDevice-4,Application-4-Service,44900
17220,Application-33,M_Req,missing_destination,58,Application-33-Service,EndDevice-33,Application-33-Service,44900
17227,Application-43,M_Req,missing_destination,68,Application-43-Service,EndDevice-43,Application-43-Service,44900
17229,Application-3,M_Req,missing_destination,28,Application-3-Service,EndDevice-3,Application-3-Service,44900
17240,Application-44,M_Req,missing_destination,69,Application-44-Service,EndDevice-44,Application-44-Service,45000
17251,Application-16,M_Req,missing_destination,41,Application-16-Service,EndDevice-16,Application-16-Service,45000
17254,Application-4,M_Req,missing_destination,29,Application-4-Service,EndDevice-4,Application-4-Service,45000
17288,Application-44,M_Req,missing_destination,69,Application-44-Service,EndDevice-44,Application-44-Service,45100
17299,Application-16,M_Req,missing_destination,41,Application-16-Service,EndDevice-16,Application-16-Service,45100
17315,Application-3,M_Req,missing_destination,28,Application-3-Service,EndDevice-3,Application-3-Service,45200
17317,Application-43,M_Req,missing_destination,68,Application-43-Service,EndDevice-43,Application-43-Service,45200
17319,Application-33,M_Req,missing_destination,58,Application-33-Service,EndDevice-33,Application-33-Service,45200
17320,Application-13,M_Req,missing_destination,38,Application-13-Service,EndDevice-13,Application-13-Service,45200
17323,Application-23,M_Req,missing_destination,48,Application-23-Service,EndDevice-23,Application-23-Service,45200
17333,Application-44,M_Req,missing_destination,69,Application-44-Service,EndDevice-44,Application-44-Service,45200
17334,Application-14,M_Req,missing_destination,39,Application-14-Service,EndDevice-14,Application-14-Service,45200
17363,Application-3,M_Req,missing_destination,28,Application-3-Service,EndDevice-3,Application-3-Service,45300
17365,Application-43,M_Req,missing_destination,68,Application-43-Service,EndDevice-43,Application-43-Service,45300
17367,Application-33,M_Req,missing_destination,58,Application-33-Service,EndDevice-33,Application-33-Service,45300
17368,Application-13,M_Req,missing_destination,38,Application-13-Service,EndDevice-13,Application-13-Service,45300
17371,Application-23,M_Req,missing_destination,48,Application-23-Service,EndDevice-23,Application-23-Service,45300
17381,Application-44,M_Req,missing_destination,69,Application-44-Service,EndDevice-44,Application-44-Service,45300
17382,Application-14,M_Req,missing_destination,39,Application-14-Service,EndDevice-14,Application-14-Service,45300
17408,Application-3,M_Req,missing_destination,28,Application-3-Service,EndDevice-3,Application-3-Service,45400
17410,Application-33,M_Req,missing_destination,58,Application-33-Service,EndDevice-33,Application-33-Service,45400
17411,Application-13,M_Req,missing_destination,38,Application-13-Service,EndDevice-13,Application-13-Service,45400
17414,Application-23,M_Req,missing_destination,48,Application-23-Service,EndDevice-23,Application-23-Service,45400
17417,Application-15,M_Req,missing_destination,40,Application-15-Service,EndDevice-15,Application-15-Service,45500
17419,Application-25,M_Req,missing_destination,50,Application-25-Service,EndDevice-25,Application-25-Service,45500
17428,Application-28,M_Req,missing_destination,53,Application-28-Service,EndDevice-28,Application-28-Service,45500
17456,Application-3,M_Req,missing_destination,28,Application-3-Service,EndDevice-3,Application-3-Service,45500
17457,Application-35,M_Req,missing_destination,60,Application-35-Service,EndDevice-35,Application-35-Service,45500
17458,Application-33,M_Req,missing_destination,58,Application-33-Service,EndDevice-33,Application-33-Service,45500
17459,Application-13,M_Req,missing_destination,38,Application-13-Service,EndDevice-13,Application-13-Service,45500
17462,Application-23,M_Req,missing_destination,48,Application-23-Service,EndDevice-23,Application-23-Service,45500
17463,Application-45,M_Req,missing_destination,70,Application-45-Service,EndDevice-45,Application-45-Service,45500
17466,Application-25,M_Req,missing_destination,50,Application-25-Service,EndDevice-25,Application-25-Service,45600
17538,Application-39,M_Req,missing_destination,64,Application-39-Service,EndDevice-39,Application-39-Service,45800
17550,Application-19,M_Req,missing_destination,44,Application-19-Service,EndDevice-19,Application-19-Service,45800
17564,Application-32,M_Req,missing_destination,57,Application-32-Service,EndDevice-32,Application-32-Service,45800
17566,Application-43,M_Req,missing_destination,68,Application-43-Service,EndDevice-43,Application-43-Service,45800
17586,Application-39,M_Req,missing_destination,64,Application-39-Service,EndDevice-39,Application-39-Service,45900
17598,Application-19,M_Req,missing_destination,44,Application-19-Service,EndDevice-19,Application-19-Service,45900
17612,Application-32,M_Req,missing_destination,57,Application-32-Service,EndDevice-32,Application-32-Service,45900
17614,Application-43,M_Req,missing_destination,68,Application-43-Service,EndDevice-43,Application-43-Service,45900
17630,Application-39,M_Req,missing_destination,64,Application-39-Service,EndDevice-39,Application-39-Service,46000
17640,Application-19,M_Req,missing_destination,44,Application-19-Service,EndDevice-19,Application-19-Service,46000
17645,Application-12,M_Req,missing_destination,37,Application-12-Service,EndDevice-12,Application-12-Service,46100
17651,Application-32,M_Req,missing_destination,57,Application-32-Service,EndDevice-32,Application-32-Service,46100
17660,Application-13,M_Req,missing_destination,38,Application-13-Service,EndDevice-13,Application-13-Service,46100
17668,Application-24,M_Req,missing_destination,49,Application-24-Service,EndDevice-24,Application-24-Service,46100
17675,Application-2,M_Req,missing_destination,27,Application-2-Service,EndDevice-2,Application-2-Service,46100
17678,Application-39,M_Req,missing_destination,64,Application-39-Service,EndDevice-39,Application-39-Service,46100
17688,Application-19,M_Req,missing_destination,44,Application-19-Service,EndDevice-19,Application-19-Service,46100
17697,Application-32,M_Req,missing_destination,57,Application-32-Service,EndDevice-32,Application-32-Service,46200
17705,Application-13,M_Req,missing_destination,38,Application-13-Service,EndDevice-13,Application-13-Service,46200
17718,Application-2,M_Req,missing_destination,27,Application-2-Service,EndDevice-2,Application-2-Service,46200
17745,Application-32,M_Req,missing_destination,57,Application-32-Service,EndDevice-32,Application-32-Service,46300
17753,Application-13,M_Req,missing_destination,38,Application-13-Service,EndDevice-13,Application-13-Service,46300
17766,Application-2,M_Req,missing_destination,27,Application-2-Service,EndDevice-2,Application-2-Service,46300
17777,Application-3,M_Req,missing_destination,28,Application-3-Service,EndDevice-3,Application-3-Service,46400
17786,Application-32,M_Req,missing_destination,57,Application-32-Service,EndDevice-32,Application-32-Service,46400
17788,Application-43,M_Req,missing_destination,68,Application-43-Service,EndDevice-43,Application-43-Service,46400
17791,Application-4,M_Req,missing_destination,29,Application-4-Service,EndDevice-4,Application-4-Service,46400
17794,Application-13,M_Req,missing_destination,38,Application-13-Service,EndDevice-13,Application-13-Service,46400
17825,Application-3,M_Req,missing_destination,28,Application-3-Service,EndDevice-3,Application-3-Service,46500
17834,Application-32,M_Req,missing_destination,57,Application-32-Service,EndDevice-32,Application-32-Service,46500
17836,Application-43,M_Req,missing_destination,68,Application-43-Service,EndDevice-43,Application-43-Service,46500
17839,Application-4,M_Req,missing_destination,29,Application-4-Service,EndDevice-4,Application-4-Service,46500
17842,Application-13,M_Req,missing_destination,38,Application-13-Service,EndDevice-13,Application-13-Service,46500
17875,Application-32,M_Req,missing_destination,57,Application-32-Service,EndDevice-32,Application-32-Service,46700
17882,Application-42,M_Req,missing_destination,67,Application-42-Service,EndDevice-42,Application-42-Service,46700
17885,Application-24,M_Req,missing_destination,49,Application-24-Service,EndDevice-24,Application-24-Service,46700
17891,Application-13,M_Req,missing_destination,38,Application-13-Service,EndDevice-13,Application-13-Service,46700
17899,Application-2,M_Req,missing_destination,27,Application-2-Service,EndDevice-2,Application-2-Service,46700
17922,Application-32,M_Req,missing_destination,57,Application-32-Service,EndDevice-32,Application-32-Service,46800
17926,Application-42,M_Req,missing_destination,67,Application-42-Service,EndDevice-42,Application-42-Service,46800
17932,Application-13,M_Req,missing_destination,38,Application-13-Service,EndDevice-13,Application-13-Service,46800
17939,Application-2,M_Req,missing_destination,27,Application-2-Service,EndDevice-2,Application-2-Service,46800
17970,Application-32,M_Req,missing_destination,57,Application-32-Service,EndDevice-32,Application-32-Service,46900
17974,Application-42,M_Req,missing_destination,67,Application-42-Service,EndDevice-42,Application-42-Service,46900
17980,Application-13,M_Req,missing_destination,38,Application-13-Service,EndDevice-13,Application-13-Service,46900
17987,Application-2,M_Req,missing_destination,27,Application-2-Service,EndDevice-2,Application-2-Service,46900
17997,Application-35,M_Req,missing_destination,60,Application-35-Service,EndDevice-35,Application-35-Service,47000
17998,Application-45,M_Req,missing_destination,70,Application-45-Service,EndDevice-45,Application-45-Service,47000
18001,Application-15,M_Req,missing_destination,40,Application-15-Service,EndDevice-15,Application-15-Service,47000
18014,Application-32,M_Req,missing_destination,57,Application-32-Service,EndDevice-32,Application-32-Service,47000
18018,Application-42,M_Req,missing_destination,67,Application-42-Service,EndDevice-42,Application-42-Service,47000
18020,Application-17,M_Req,missing_destination,42,Application-17-Service,EndDevice-17,Application-17-Service,47000
18024,Application-13,M_Req,missing_destination,38,Application-13-Service,EndDevice-13,Application-13-Service,47000
18034,Application-28,M_Req,missing_destination,53,Application-28-Service,EndDevice-28,Application-28-Service,47100
18045,Application-35,M_Req,missing_destination,60,Application-35-Service,EndDevice-35,Application-35-Service,47100
18046,Application-45,M_Req,missing_destination,70,Application-45-Service,EndDevice-45,Application-45-Service,47100
18049,Application-15,M_Req,missing_destination,40,Application-15-Service,EndDevice-15,Application-15-Service,47100
18062,Application-32,M_Req,missing_destination,57,Application-32-Service,EndDevice-32,Application-32-Service,47100
18066,Application-42,M_Req,missing_destination,67,Application-42-Service,EndDevice-42,Application-42-Service,47100
18068,Application-17,M_Req,missing_destination,42,Application-17-Service,EndDevice-17,Application-17-Service,47100
18072,Application-13,M_Req,missing_destination,38,Application-13-Service,EndDevice-13,Application-13-Service,47100
18115,Application-5,M_Req,missing_destination,30,Application-5-Service,EndDevice-5,Application-5-Service,47300
18120,Application-27,M_Req,missing_destination,52,Application-27-Service,EndDevice-27,Application-27-Service,47300
18123,Application-38,M_Req,missing_destination,63,Application-38-Service,EndDevice-38,Application-38-Service,47300
18134,Application-25,M_Req,missing_destination,50,Application-25-Service,EndDevice-25,Application-25-Service,47300
18147,Application-24,M_Req,missing_destination,49,Application-24-Service,EndDevice-24,Application-24-Service,47300
18148,Application-14,M_Req,missing_destination,39,Application-14-Service,EndDevice-14,Application-14-Service,47300
18161,Application-5,M_Req,missing_destination,30,Application-5-Service,EndDevice-5,Application-5-Service,47400
18165,Application-27,M_Req,missing_destination,52,Application-27-Service,EndDevice-27,Application-27-Service,47400
18166,Application-38,M_Req,missing_destination,63,Application-38-Service,EndDevice-38,Application-38-Service,47400
18176,Application-25,M_Req,missing_destination,50,Application-25-Service,EndDevice-25,Application-25-Service,47400
18209,Application-5,M_Req,missing_destination,30,Application-5-Service,EndDevice-5,Application-5-Service,47500
18213,Application-27,M_Req,missing_destination,52,Application-27-Service,EndDevice-27,Application-27-Service,47500
18214,Application-38,M_Req,missing_destination,63,Application-38-Service,EndDevice-38,Application-38-Service,47500
18224,Application-25,M_Req,missing_destination,50,Application-25-Service,EndDevice-25,Application-25-Service,47500
18239,Application-7,M_Req,missing_destination,32,Application-7-Service,EndDevice-7,Application-7-Service,47600
18242,Application-37,M_Req,missing_destination,62,Application-37-Service,EndDevice-37,Application-37-Service,47600
18248,Application-47,M_Req,missing_destination,72,Application-47-Service,EndDevice-47,Application-47-Service,47600
18251,Application-5,M_Req,missing_destination,30,Application-5-Service,EndDevice-5,Application-5-Service,47600
18255,Application-27,M_Req,missing_destination,52,Application-27-Service,EndDevice-27,Application-27-Service,47600
18287,Application-7,M_Req,missing_destination,32,Application-7-Service,EndDevice-7,Application-7-Service,47700
18290,Application-37,M_Req,missing_destination,62,Application-37-Service,EndDevice-37,Application-37-Service,47700
18296,Application-47,M_Req,missing_destination,72,Application-47-Service,EndDevice-47,Application-47-Service,47700
18299,Application-5,M_Req,missing_destination,30,Application-5-Service,EndDevice-5,Application-5-Service,47700
18303,Application-27,M_Req,missing_destination,52,Application-27-Service,EndDevice-27,Application-27-Service,47700
18344,Application-9,M_Req,missing_destination,34,Application-9-Service,EndDevice-9,Application-9-Service,47900
18363,Application-28,M_Req,missing_destination,53,Application-28-Service,EndDevice-28,Application-28-Service,47900
18376,Application-8,M_Req,missing_destination,33,Application-8-Service,EndDevice-8,Application-8-Service,47900
18390,Application-9,M_Req,missing_destination,34,Application-9-Service,EndDevice-9,Application-9-Service,48000
18438,Application-9,M_Req,missing_destination,34,Application-9-Service,EndDevice-9,Application-9-Service,48100
18473,Application-30,M_Req,missing_destination,55,Application-30-Service,EndDevice-30,Application-30-Service,48200
18474,Application-20,M_Req,missing_destination,45,Application-20-Service,EndDevice-20,Application-20-Service,48200
18480,Application-9,M_Req,missing_destination,34,Application-9-Service,EndDevice-9,Application-9-Service,48200
18484,Application-11,M_Req,missing_destination,36,Application-11-Service,EndDevice-11,Application-11-Service,48200
18487,Application-44,M_Req,missing_destination,69,Application-44-Service,EndDevice-44,Application-44-Service,48200
18521,Application-30,M_Req,missing_destination,55,Application-30-Service,EndDevice-30,Application-30-Service,48300
18522,Application-20,M_Req,missing_destination,45,Application-20-Service,EndDevice-20,Application-20-Service,48300
18528,Application-9,M_Req,missing_destination,34,Application-9-Service,EndDevice-9,Application-9-Service,48300
18532,Application-11,M_Req,missing_destination,36,Application-11-Service,EndDevice-11,Application-11-Service,48300
18535,Application-44,M_Req,missing_destination,69,Application-44-Service,EndDevice-44,Application-44-Service,48300
18570,Application-2,M_Req,missing_destination,27,Application-2-Service,EndDevice-2,Application-2-Service,48500
18572,Application-12,M_Req,missing_destination,37,Application-12-Service,EndDevice-12,Application-12-Service,48500
18574,Application-32,M_Req,missing_destination,57,Application-32-Service,EndDevice-32,Application-32-Service,48500
18575,Application-46,M_Req,missing_destination,71,Application-46-Service,EndDevice-46,Application-46-Service,48500
18583,Application-13,M_Req,missing_destination,38,Application-13-Service,EndDevice-13,Application-13-Service,48500
18587,Application-25,M_Req,missing_destination,50,Application-25-Service,EndDevice-25,Application-25-Service,48500
18599,Application-3,M_Req,missing_destination,28,Application-3-Service,EndDevice-3,Application-3-Service,48500
18617,Application-12,M_Req,missing_destination,37,Application-12-Service,EndDevice-12,Application-12-Service,48600
18619,Application-32,M_Req,missing_destination,57,Application-32-Service,EndDevice-32,Application-32-Service,48600
18625,Application-13,M_Req,missing_destination,38,Application-13-Service,EndDevice-13,Application-13-Service,48600
18629,Application-25,M_Req,missing_destination,50,Application-25-Service,EndDevice-25,Application-25-Service,48600
18689,Application-36,M_Req,missing_destination,61,Application-36-Service,EndDevice-36,Application-36-Service,48800
18704,Application-46,M_Req,missing_destination,71,Application-46-Service,EndDevice-46,Application-46-Service,48800
18710,Application-27,M_Req,missing_destination,52,Application-27-Service,EndDevice-27,Application-27-Service,48800
18725,Application-40,M_Req,missing_destination,65,Application-40-Service,EndDevice-40,Application-40-Service,48900
18726,Application-18,M_Req,missing_destination,43,Application-18-Service,EndDevice-18,Application-18-Service,48900
18737,Application-36,M_Req,missing_destination,61,Application-36-Service,EndDevice-36,Application-36-Service,48900
18752,Application-46,M_Req,missing_destination,71,Application-46-Service,EndDevice-46,Application-46-Service,48900
18758,Application-27,M_Req,missing_destination,52,Application-27-Service,EndDevice-27,Application-27-Service,48900
18772,Application-18,M_Req,missing_destination,43,Application-18-Service,EndDevice-18,Application-18-Service,49000
18782,Application-36,M_Req,missing_destination,61,Application-36-Service,EndDevice-36,Application-36-Service,49000
18793,Application-46,M_Req,missing_destination,71,Application-46-Service,EndDevice-46,Application-46-Service,49000
18797,Application-31,M_Req,missing_destination,56,Application-31-Service,EndDevice-31,Application-31-Service,49100
18802,Application-11,M_Req,missing_destination,36,Application-11-Service,EndDevice-11,Application-11-Service,49100
18816,Application-23,M_Req,missing_destination,48,Application-23-Service,EndDevice-23,Application-23-Service,49100
18820,Application-18,M_Req,missing_destination,43,Application-18-Service,EndDevice-18,Application-18-Service,49100
18824,Application-21,M_Req,missing_destination,46,Application-21-Service,EndDevice-21,Application-21-Service,49100
18830,Application-36,M_Req,missing_destination,61,Application-36-Service,EndDevice-36,Application-36-Service,49100
18841,Application-46,M_Req,missing_destination,71,Application-46-Service,EndDevice-46,Application-46-Service,49100
18844,Application-31,M_Req,missing_destination,56,Application-31-Service,EndDevice-31,Application-31-Service,49200
18849,Application-11,M_Req,missing_destination,36,Application-11-Service,EndDevice-11,Application-11-Service,49200
18860,Application-23,M_Req,missing_destination,48,Application-23-Service,EndDevice-23,Application-23-Service,49200
18863,Application-18,M_Req,missing_destination,43,Application-18-Service,EndDevice-18,Application-18-Service,49200
18892,Application-31,M_Req,missing_destination,56,Application-31-Service,EndDevice-31,Application-31-Service,49300
18897,Application-11,M_Req,missing_destination,36,Application-11-Service,EndDevice-11,Application-11-Service,49300
18908,Application-23,M_Req,missing_destination,48,Application-23-Service,EndDevice-23,Application-23-Service,49300
18927,Application-39,M_Req,missing_destination,64,Application-39-Service,EndDevice-39,Application-39-Service,49400
18930,Application-19,M_Req,missing_destination,44,Application-19-Service,EndDevice-19,Application-19-Service,49400
18935,Application-31,M_Req,missing_destination,56,Application-31-Service,EndDevice-31,Application-31-Service,49400
18939,Application-11,M_Req,missing_destination,36,Application-11-Service,EndDevice-11,Application-11-Service,49400
18949,Application-10,M_Req,missing_destination,35,Application-10-Service,EndDevice-10,Application-10-Service,49500
18954,Application-32,M_Req,missing_destination,57,Application-32-Service,EndDevice-32,Application-32-Service,49500
18955,Application-43,M_Req,missing_destination,68,Application-43-Service,EndDevice-43,Application-43-Service,49500
18975,Application-39,M_Req,missing_destination,64,Application-39-Service,EndDevice-39,Application-39-Service,49500
18978,Application-19,M_Req,missing_destination,44,Application-19-Service,EndDevice-19,Application-19-Service,49500
18983,Application-31,M_Req,missing_destination,56,Application-31-Service,EndDevice-31,Application-31-Service,49500
18987,Application-11,M_Req,missing_destination,36,Application-11-Service,EndDevice-11,Application-11-Service,49500
19023,Application-31,M_Req,missing_destination,56,Application-31-Service,EndDevice-31,Application-31-Service,49700
19026,Application-11,M_Req,missing_destination,36,Application-11-Service,EndDevice-11,Application-11-Service,49700
19028,Application-41,M_Req,missing_destination,66,Application-41-Service,EndDevice-41,Application-41-Service,49700
19034,Application-1,M_Req,missing_destination,26,Application-1-Service,EndDevice-1,Application-1-Service,49700
19041,Application-34,M_Req,missing_destination,59,Application-34-Service,EndDevice-34,Application-34-Service,49700
19042,Application-23,M_Req,missing_destination,48,Application-23-Service,EndDevice-23,Application-23-Service,49700
19071,Application-31,M_Req,missing_destination,56,Application-31-Service,EndDevice-31,Application-31-Service,49800
19073,Application-11,M_Req,missing_destination,36,Application-11-Service,EndDevice-11,Application-11-Service,49800
19075,Application-41,M_Req,missing_destination,66,Application-41-Service,EndDevice-41,Application-41-Service,49800
19085,Application-34,M_Req,missing_destination,59,Application-34-Service,EndDevice-34,Application-34-Service,49800
19086,Application-23,M_Req,missing_destination,48,Application-23-Service,EndDevice-23,Application-23-Service,49800
19119,Application-31,M_Req,missing_destination,56,Application-31-Service,EndDevice-31,Application-31-Service,49900
19121,Application-11,M_Req,missing_destination,36,Application-11-Service,EndDevice-11,Application-11-Service,49900
19123,Application-41,M_Req,missing_destination,66,Application-41-Service,EndDevice-41,Application-41-Service,49900
19133,Application-34,M_Req,missing_destination,59,Application-34-Service,EndDevice-34,Application-34-Service,49900
19134,Application-23,M_Req,missing_destination,48,Application-23-Service,EndDevice-23,Application-23-Service,49900
19148,Application-3,M_Req,missing_destination,28,Application-3-Service,EndDevice-3,Application-3-Service,50000
19164,Application-31,M_Req,missing_destination,56,Application-31-Service,EndDevice-31,Application-31-Service,50000
19167,Application-41,M_Req,missing_destination,66,Application-41-Service,EndDevice-41,Application-41-Service,50000
19175,Application-34,M_Req,missing_destination,59,Application-34-Service,EndDevice-34,Application-34-Service,50000
19178,Application-26,M_Req,missing_destination,51,Application-26-Service,EndDevice-26,Application-26-Service,50100
19182,Application-15,M_Req,missing_destination,40,Application-15-Service,EndDevice-15,Application-15-Service,50100
19196,Application-3,M_Req,missing_destination,28,Application-3-Service,EndDevice-3,Application-3-Service,50100
19212,Application-31,M_Req,missing_destination,56,Application-31-Service,EndDevice-31,Application-31-Service,50100
19215,Application-41,M_Req,missing_destination,66,Application-41-Service,EndDevice-41,Application-41-Service,50100
19223,Application-34,M_Req,missing_destination,59,Application-34-Service,EndDevice-34,Application-34-Service,50100
19280,Application-22,M_Req,missing_destination,47,Application-22-Service,EndDevice-22,Application-22-Service,50300
19281,Application-42,M_Req,missing_destination,67,Application-42-Service,EndDevice-42,Application-42-Service,50300
19295,Application-1,M_Req,missing_destination,26,Application-1-Service,EndDevice-1,Application-1-Service,50300
19296,Application-21,M_Req,missing_destination,46,Application-21-Service,EndDevice-21,Application-21-Service,50300
19324,Application-22,M_Req,missing_destination,47,Application-22-Service,EndDevice-22,Application-22-Service,50400
19375,Application-3,M_Req,missing_destination,28,Application-3-Service,EndDevice-3,Application-3-Service,50600
19389,Application-13,M_Req,missing_destination,38,Application-13-Service,EndDevice-13,Application-13-Service,50600
19401,Application-15,M_Req,missing_destination,40,Application-15-Service,EndDevice-15,Application-15-Service,50600
19407,Application-26,M_Req,missing_destination,51,Application-26-Service,EndDevice-26,Application-26-Service,50700
19423,Application-3,M_Req,missing_destination,28,Application-3-Service,EndDevice-3,Application-3-Service,50700
19437,Application-13,M_Req,missing_destination,38,Application-13-Service,EndDevice-13,Application-13-Service,50700
19449,Application-15,M_Req,missing_destination,40,Application-15-Service,EndDevice-15,Application-15-Service,50700
19483,Application-45,M_Req,missing_destination,70,Application-45-Service,EndDevice-45,Application-45-Service,50900
19486,Application-35,M_Req,missing_destination,60,Application-35-Service,EndDevice-35,Application-35-Service,50900
19489,Application-15,M_Req,missing_destination,40,Application-15-Service,EndDevice-15,Application-15-Service,50900
19498,Application-6,M_Req,missing_destination,31,Application-6-Service,EndDevice-6,Application-6-Service,50900
19515,Application-25,M_Req,missing_destination,50,Application-25-Service,EndDevice-25,Application-25-Service,50900
19523,Application-5,M_Req,missing_destination,30,Application-5-Service,EndDevice-5,Application-5-Service,50900
19533,Application-35,M_Req,missing_destination,60,Application-35-Service,EndDevice-35,Application-35-Service,51000
19536,Application-15,M_Req,missing_destination,40,Application-15-Service,EndDevice-15,Application-15-Service,51000
19557,Application-25,M_Req,missing_destination,50,Application-25-Service,EndDevice-25,Application-25-Service,51000
19581,Application-35,M_Req,missing_destination,60,Application-35-Service,EndDevice-35,Application-35-Service,51100
19584,Application-15,M_Req,missing_destination,40,Application-15-Service,EndDevice-15,Application-15-Service,51100
19605,Application-25,M_Req,missing_destination,50,Application-25-Service,EndDevice-25,Application-25-Service,51100
19625,Application-35,M_Req,missing_destination,60,Application-35-Service,EndDevice-35,Application-35-Service,51200
19638,Application-23,M_Req,missing_destination,48,Application-23-Service,EndDevice-23,Application-23-Service,51300
19642,Application-1,M_Req,missing_destination,26,Application-1-Service,EndDevice-1,Application-1-Service,51300
19673,Application-35,M_Req,missing_destination,60,Application-35-Service,EndDevice-35,Application-35-Service,51300
19713,Application-17,M_Req,missing_destination,42,Application-17-Service,EndDevice-17,Application-17-Service,51500
19733,Application-30,M_Req,missing_destination,55,Application-30-Service,EndDevice-30,Application-30-Service,51500
19745,Application-27,M_Req,missing_destination,52,Application-27-Service,EndDevice-27,Application-27-Service,51500
19752,Application-37,M_Req,missing_destination,62,Application-37-Service,EndDevice-37,Application-37-Service,51500
19756,Application-47,M_Req,missing_destination,72,Application-47-Service,EndDevice-47,Application-47-Service,51500
19761,Application-17,M_Req,missing_destination,42,Application-17-Service,EndDevice-17,Application-17-Service,51600
19786,Application-27,M_Req,missing_destination,52,Application-27-Service,EndDevice-27,Application-27-Service,51600
19809,Application-17,M_Req,missing_destination,42,Application-17-Service,EndDevice-17,Application-17-Service,51700
19834,Application-27,M_Req,missing_destination,52,Application-27-Service,EndDevice-27,Application-27-Service,51700
19837,Application-46,M_Req,missing_destination,71,Application-46-Service,EndDevice-46,Application-46-Service,51800
19843,Application-26,M_Req,missing_destination,51,Application-26-Service,EndDevice-26,Application-26-Service,51800
19852,Application-36,M_Req,missing_destination,61,Application-36-Service,EndDevice-36,Application-36-Service,51800
19853,Application-17,M_Req,missing_destination,42,Application-17-Service,EndDevice-17,Application-17-Service,51800
19859,Application-6,M_Req,missing_destination,31,Application-6-Service,EndDevice-6,Application-6-Service,51800
19885,Application-46,M_Req,missing_destination,71,Application-46-Service,EndDevice-46,Application-46-Service,51900
19891,Application-26,M_Req,missing_destination,51,Application-26-Service,EndDevice-26,Application-26-Service,51900
19900,Application-36,M_Req,missing_destination,61,Application-36-Service,EndDevice-36,Application-36-Service,51900
19901,Application-17,M_Req,missing_destination,42,Application-17-Service,EndDevice-17,Application-17-Service,51900
19907,Application-6,M_Req,missing_destination,31,Application-6-Service,EndDevice-6,Application-6-Service,51900
19954,Application-39,M_Req,missing_destination,64,Application-39-Service,EndDevice-39,Application-39-Service,52100
19957,Application-6,M_Req,missing_destination,31,Application-6-Service,EndDevice-6,Application-6-Service,52100
19960,Application-28,M_Req,missing_destination,53,Application-28-Service,EndDevice-28,Application-28-Service,52100
19980,Application-46,M_Req,missing_destination,71,Application-46-Service,EndDevice-46,Application-46-Service,52100
19990,Application-36,M_Req,missing_destination,61,Application-36-Service,EndDevice-36,Application-36-Service,52100
20003,Application-6,M_Req,missing_destination,31,Application-6-Service,EndDevice-6,Application-6-Service,52200
20005,Application-28,M_Req,missing_destination,53,Application-28-Service,EndDevice-28,Application-28-Service,52200
20051,Application-6,M_Req,missing_destination,31,Application-6-Service,EndDevice-6,Application-6-Service,52300
20053,Application-28,M_Req,missing_destination,53,Application-28-Service,EndDevice-28,Application-28-Service,52300
20070,Application-46,M_Req,missing_destination,71,Application-46-Service,EndDevice-46,Application-46-Service,52400
20075,Application-36,M_Req,missing_destination,61,Application-36-Service,EndDevice-36,Application-36-Service,52400
20078,Application-26,M_Req,missing_destination,51,Application-26-Service,EndDevice-26,Application-26-Service,52400
20084,Application-16,M_Req,missing_destination,41,Application-16-Service,EndDevice-16,Application-16-Service,52400
20093,Application-6,M_Req,missing_destination,31,Application-6-Service,EndDevice-6,Application-6-Service,52400
20095,Application-28,M_Req,missing_destination,53,Application-28-Service,EndDevice-28,Application-28-Service,52400
20118,Application-46,M_Req,missing_destination,71,Application-46-Service,EndDevice-46,Application-46-Service,52500
20123,Application-36,M_Req,missing_destination,61,Application-36-Service,EndDevice-36,Application-36-Service,52500
20126,Application-26,M_Req,missing_destination,51,Application-26-Service,EndDevice-26,Application-26-Service,52500
20132,Application-16,M_Req,missing_destination,41,Application-16-Service,EndDevice-16,Application-16-Service,52500
20141,Application-6,M_Req,missing_destination,31,Application-6-Service,EndDevice-6,Application-6-Service,52500
20143,Application-28,M_Req,missing_destination,53,Application-28-Service,EndDevice-28,Application-28-Service,52500
20162,Application-46,M_Req,missing_destination,71,Application-46-Service,EndDevice-46,Application-46-Service,52600
20166,Application-36,M_Req,missing_destination,61,Application-36-Service,EndDevice-36,Application-36-Service,52600
20167,Application-26,M_Req,missing_destination,51,Application-26-Service,EndDevice-26,Application-26-Service,52600
20172,Application-17,M_Req,missing_destination,42,Application-17-Service,EndDevice-17,Application-17-Service,52700
20181,Application-37,M_Req,missing_destination,62,Application-37-Service,EndDevice-37,Application-37-Service,52700
20185,Application-30,M_Req,missing_destination,55,Application-30-Service,EndDevice-30,Application-30-Service,52700
20198,Application-8,M_Req,missing_destination,33,Application-8-Service,EndDevice-8,Application-8-Service,52700
20210,Application-46,M_Req,missing_destination,71,Application-46-Service,EndDevice-46,Application-46-Service,52700
20214,Application-36,M_Req,missing_destination,61,Application-36-Service,EndDevice-36,Application-36-Service,52700
20215,Application-26,M_Req,missing_destination,51,Application-26-Service,EndDevice-26,Application-26-Service,52700
20220,Application-17,M_Req,missing_destination,42,Application-17-Service,EndDevice-17,Application-17-Service,52800
20226,Application-37,M_Req,missing_destination,62,Application-37-Service,EndDevice-37,Application-37-Service,52800
20229,Application-30,M_Req,missing_destination,55,Application-30-Service,EndDevice-30,Application-30-Service,52800
20242,Application-8,M_Req,missing_destination,33,Application-8-Service,EndDevice-8,Application-8-Service,52800
20268,Application-17,M_Req,missing_destination,42,Application-17-Service,EndDevice-17,Application-17-Service,52900
20274,Application-37,M_Req,missing_destination,62,Application-37-Service,EndDevice-37,Application-37-Service,52900
20277,Application-30,M_Req,missing_destination,55,Application-30-Service,EndDevice-30,Application-30-Service,52900
20290,Application-8,M_Req,missing_destination,33,Application-8-Service,EndDevice-8,Application-8-Service,52900
20310,Application-13,M_Req,missing_destination,38,Application-13-Service,EndDevice-13,Application-13-Service,53000
20312,Application-17,M_Req,missing_destination,42,Application-17-Service,EndDevice-17,Application-17-Service,53000
20314,Application-3,M_Req,missing_destination,28,Application-3-Service,EndDevice-3,Application-3-Service,53000
20317,Application-37,M_Req,missing_destination,62,Application-37-Service,EndDevice-37,Application-37-Service,53000
20319,Application-30,M_Req,missing_destination,55,Application-30-Service,EndDevice-30,Application-30-Service,53000
20320,Application-14,M_Req,missing_destination,39,Application-14-Service,EndDevice-14,Application-14-Service,53000
20322,Application-47,M_Req,missing_destination,72,Application-47-Service,EndDevice-47,Application-47-Service,53000
20327,Application-25,M_Req,missing_destination,50,Application-25-Service,EndDevice-25,Application-25-Service,53100
20358,Application-13,M_Req,missing_destination,38,Application-13-Service,EndDevice-13,Application-13-Service,53100
20360,Application-17,M_Req,missing_destination,42,Application-17-Service,EndDevice-17,Application-17-Service,53100
20362,Application-3,M_Req,missing_destination,28,Application-3-Service,EndDevice-3,Application-3-Service,53100
20365,Application-37,M_Req,missing_destination,62,Application-37-Service,EndDevice-37,Application-37-Service,53100
20367,Application-30,M_Req,missing_destination,55,Application-30-Service,EndDevice-30,Application-30-Service,53100
20368,Application-14,M_Req,missing_destination,39,Application-14-Service,EndDevice-14,Application-14-Service,53100
20370,Application-47,M_Req,missing_destination,72,Application-47-Service,EndDevice-47,Application-47-Service,53100
20375,Application-25,M_Req,missing_destination,50,Application-25-Service,EndDevice-25,Application-25-Service,53200
20400,Application-13,M_Req,missing_destination,38,Application-13-Service,EndDevice-13,Application-13-Service,53200
20405,Application-34,M_Req,missing_destination,59,Application-34-Service,EndDevice-34,Application-34-Service,53300
20413,Application-15,M_Req,missing_destination,40,Application-15-Service,EndDevice-15,Application-15-Service,53300
20422,Application-38,M_Req,missing_destination,63,Application-38-Service,EndDevice-38,Application-38-Service,53300
20423,Application-25,M_Req,missing_destination,50,Application-25-Service,EndDevice-25,Application-25-Service,53300
20441,Application-45,M_Req,missing_destination,70,Application-45-Service,EndDevice-45,Application-45-Service,53300
20446,Application-5,M_Req,missing_destination,30,Application-5-Service,EndDevice-5,Application-5-Service,53300
20448,Application-13,M_Req,missing_destination,38,Application-13-Service,EndDevice-13,Application-13-Service,53300
20452,Application-34,M_Req,missing_destination,59,Application-34-Service,EndDevice-34,Application-34-Service,53400
20457,Application-15,M_Req,missing_destination,40,Application-15-Service,EndDevice-15,Application-15-Service,53400
20544,Application-34,M_Req,missing_destination,59,Application-34-Service,EndDevice-34,Application-34-Service,53600
20548,Application-15,M_Req,missing_destination,40,Application-15-Service,EndDevice-15,Application-15-Service,53600
20557,Application-48,M_Req,missing_destination,73,Application-48-Service,EndDevice-48,Application-48-Service,53700
20592,Application-34,M_Req,missing_destination,59,Application-34-Service,EndDevice-34,Application-34-Service,53700
20596,Application-15,M_Req,missing_destination,40,Application-15-Service,EndDevice-15,Application-15-Service,53700
20633,Application-30,M_Req,missing_destination,55,Application-30-Service,EndDevice-30,Application-30-Service,53900
20634,Application-40,M_Req,missing_destination,65,Application-40-Service,EndDevice-40,Application-40-Service,53900
20638,Application-20,M_Req,missing_destination,45,Application-20-Service,EndDevice-20,Application-20-Service,53900
20643,Application-11,M_Req,missing_destination,36,Application-11-Service,EndDevice-11,Application-11-Service,53900
20652,Application-44,M_Req,missing_destination,69,Application-44-Service,EndDevice-44,Application-44-Service,53900
20681,Application-30,M_Req,missing_destination,55,Application-30-Service,EndDevice-30,Application-30-Service,54000
20682,Application-40,M_Req,missing_destination,65,Application-40-Service,EndDevice-40,Application-40-Service,54000
20686,Application-20,M_Req,missing_destination,45,Application-20-Service,EndDevice-20,Application-20-Service,54000
20690,Application-11,M_Req,missing_destination,36,Application-11-Service,EndDevice-11,Application-11-Service,54000
20697,Application-44,M_Req,missing_destination,69,Application-44-Service,EndDevice-44,Application-44-Service,54000
20771,Application-18,M_Req,missing_destination,43,Application-18-Service,EndDevice-18,Application-18-Service,54200
20819,Application-18,M_Req,missing_destination,43,Application-18-Service,EndDevice-18,Application-18-Service,54300
20868,Application-11,M_Req,missing_destination,36,Application-11-Service,EndDevice-11,Application-11-Service,54500
20879,Application-12,M_Req,missing_destination,37,Application-12-Service,EndDevice-12,Application-12-Service,54500
20883,Application-23,M_Req,missing_destination,48,Application-23-Service,EndDevice-23,Application-23-Service,54500
20923,Application-12,M_Req,missing_destination,37,Application-12-Service,EndDevice-12,Application-12-Service,54600
20927,Application-23,M_Req,missing_destination,48,Application-23-Service,EndDevice-23,Application-23-Service,54600
21013,Application-12,M_Req,missing_destination,37,Application-12-Service,EndDevice-12,Application-12-Service,54800
21017,Application-23,M_Req,missing_destination,48,Application-23-Service,EndDevice-23,Application-23-Service,54900
21061,Application-12,M_Req,missing_destination,37,Application-12-Service,EndDevice-12,Application-12-Service,54900
21065,Application-23,M_Req,missing_destination,48,Application-23-Service,EndDevice-23,Application-23-Service,55000
21113,Application-23,M_Req,missing_destination,48,Application-23-Service,EndDevice-23,Application-23-Service,55100
21136,Application-4,M_Req,missing_destination,29,Application-4-Service,EndDevice-4,Application-4-Service,55100
21158,Application-23,M_Req,missing_destination,48,Application-23-Service,EndDevice-23,Application-23-Service,55200
21206,Application-23,M_Req,missing_destination,48,Application-23-Service,EndDevice-23,Application-23-Service,55300
21330,Application-41,M_Req,missing_destination,66,Application-41-Service,EndDevice-41,Application-41-Service,55700
21340,Application-34,M_Req,missing_destination,59,Application-34-Service,EndDevice-34,Application-34-Service,55700
21350,Application-21,M_Req,missing_destination,46,Application-21-Service,EndDevice-21,Application-21-Service,55700
21351,Application-1,M_Req,missing_destination,26,Application-1-Service,EndDevice-1,Application-1-Service,55700
21355,Application-31,M_Req,missing_destination,56,Application-31-Service,EndDevice-31,Application-31-Service,55700
21360,Application-11,M_Req,missing_destination,36,Application-11-Service,EndDevice-11,Application-11-Service,55700
21381,Application-34,M_Req,missing_destination,59,Application-34-Service,EndDevice-34,Application-34-Service,55800
21391,Application-21,M_Req,missing_destination,46,Application-21-Service,EndDevice-21,Application-21-Service,55800
21395,Application-31,M_Req,missing_destination,56,Application-31-Service,EndDevice-31,Application-31-Service,55800
21450,Application-19,M_Req,missing_destination,44,Application-19-Service,EndDevice-19,Application-19-Service,56000
21463,Application-29,M_Req,missing_destination,54,Application-29-Service,EndDevice-29,Application-29-Service,56000
21469,Application-43,M_Req,missing_destination,68,Application-43-Service,EndDevice-43,Application-43-Service,56000
21483,Application-10,M_Req,missing_destination,35,Application-10-Service,EndDevice-10,Application-10-Service,56100
21498,Application-19,M_Req,missing_destination,44,Application-19-Service,EndDevice-19,Application-19-Service,56100
21511,Application-29,M_Req,missing_destination,54,Application-29-Service,EndDevice-29,Application-29-Service,56100
21517,Application-43,M_Req,missing_destination,68,Application-43-Service,EndDevice-43,Application-43-Service,56100
21550,Application-15,M_Req,missing_destination,40,Application-15-Service,EndDevice-15,Application-15-Service,56300
21559,Application-27,M_Req,missing_destination,52,Application-27-Service,EndDevice-27,Application-27-Service,56300
21560,Application-5,M_Req,missing_destination,30,Application-5-Service,EndDevice-5,Application-5-Service,56300
21563,Application-16,M_Req,missing_destination,41,Application-16-Service,EndDevice-16,Application-16-Service,56300
21593,Application-24,M_Req,missing_destination,49,Application-24-Service,EndDevice-24,Application-24-Service,56300
21598,Application-15,M_Req,missing_destination,40,Application-15-Service,EndDevice-15,Application-15-Service,56400
21606,Application-27,M_Req,missing_destination,52,Application-27-Service,EndDevice-27,Application-27-Service,56400
21609,Application-16,M_Req,missing_destination,41,Application-16-Service,EndDevice-16,Application-16-Service,56400
21646,Application-15,M_Req,missing_destination,40,Application-15-Service,EndDevice-15,Application-15-Service,56500
21654,Application-27,M_Req,missing_destination,52,Application-27-Service,EndDevice-27,Application-27-Service,56500
21657,Application-16,M_Req,missing_destination,41,Application-16-Service,EndDevice-16,Application-16-Service,56500
21683,Application-38,M_Req,missing_destination,63,Application-38-Service,EndDevice-38,Application-38-Service,56600
21685,Application-8,M_Req,missing_destination,33,Application-8-Service,EndDevice-8,Application-8-Service,56600
21689,Application-15,M_Req,missing_destination,40,Application-15-Service,EndDevice-15,Application-15-Service,56600
21691,Application-29,M_Req,missing_destination,54,Application-29-Service,EndDevice-29,Application-29-Service,56600
21697,Application-27,M_Req,missing_destination,52,Application-27-Service,EndDevice-27,Application-27-Service,56600
21700,Application-16,M_Req,missing_destination,41,Application-16-Service,EndDevice-16,Application-16-Service,56600
21702,Application-20,M_Req,missing_destination,45,Application-20-Service,EndDevice-20,Application-20-Service,56600
21703,Application-9,M_Req,missing_destination,34,Application-9-Service,EndDevice-9,Application-9-Service,56700
21731,Application-38,M_Req,missing_destination,63,Application-38-Service,EndDevice-38,Application-38-Service,56700
21733,Application-8,M_Req,missing_destination,33,Application-8-Service,EndDevice-8,Application-8-Service,56700
21737,Application-15,M_Req,missing_destination,40,Application-15-Service,EndDevice-15,Application-15-Service,56700
21739,Application-29,M_Req,missing_destination,54,Application-29-Service,EndDevice-29,Application-29-Service,56700
21745,Application-27,M_Req,missing_destination,52,Application-27-Service,EndDevice-27,Application-27-Service,56700
21748,Application-16,M_Req,missing_destination,41,Application-16-Service,EndDevice-16,Application-16-Service,56700
21750,Application-20,M_Req,missing_destination,45,Application-20-Service,EndDevice-20,Application-20-Service,56700
21751,Application-9,M_Req,missing_destination,34,Application-9-Service,EndDevice-9,Application-9-Service,56800
21776,Application-38,M_Req,missing_destination,63,Application-38-Service,EndDevice-38,Application-38-Service,56800
21795,Application-39,M_Req,missing_destination,64,Application-39-Service,EndDevice-39,Application-39-Service,56900
21799,Application-9,M_Req,missing_destination,34,Application-9-Service,EndDevice-9,Application-9-Service,56900
21824,Application-38,M_Req,missing_destination,63,Application-38-Service,EndDevice-38,Application-38-Service,56900
21839,Application-39,M_Req,missing_destination,64,Application-39-Service,EndDevice-39,Application-39-Service,57000
21843,Application-9,M_Req,missing_destination,34,Application-9-Service,EndDevice-9,Application-9-Service,57000
21891,Application-9,M_Req,missing_destination,34,Application-9-Service,EndDevice-9,Application-9-Service,57100
21916,Application-20,M_Req,missing_destination,45,Application-20-Service,EndDevice-20,Application-20-Service,57200
21920,Application-30,M_Req,missing_destination,55,Application-30-Service,EndDevice-30,Application-30-Service,57200
21933,Application-44,M_Req,missing_destination,69,Application-44-Service,EndDevice-44,Application-44-Service,57200
21964,Application-20,M_Req,missing_destination,45,Application-20-Service,EndDevice-20,Application-20-Service,57300
21968,Application-30,M_Req,missing_destination,55,Application-30-Service,EndDevice-30,Application-30-Service,57300
21981,Application-44,M_Req,missing_destination,69,Application-44-Service,EndDevice-44,Application-44-Service,57300
22007,Application-20,M_Req,missing_destination,45,Application-20-Service,EndDevice-20,Application-20-Service,57400
22011,Application-30,M_Req,missing_destination,55,Application-30-Service,EndDevice-30,Application-30-Service,57400
22014,Application-34,M_Req,missing_destination,59,Application-34-Service,EndDevice-34,Application-34-Service,57500
22015,Application-4,M_Req,missing_destination,29,Application-4-Service,EndDevice-4,Application-4-Service,57500
22023,Application-37,M_Req,missing_destination,62,Application-37-Service,EndDevice-37,Application-37-Service,57500
22048,Application-25,M_Req,missing_destination,50,Application-25-Service,EndDevice-25,Application-25-Service,57500
22055,Application-20,M_Req,missing_destination,45,Application-20-Service,EndDevice-20,Application-20-Service,57500
22057,Application-15,M_Req,missing_destination,40,Application-15-Service,EndDevice-15,Application-15-Service,57500
22059,Application-30,M_Req,missing_destination,55,Application-30-Service,EndDevice-30,Application-30-Service,57500
22061,Application-34,M_Req,missing_destination,59,Application-34-Service,EndDevice-34,Application-34-Service,57600
22069,Application-37,M_Req,missing_destination,62,Application-37-Service,EndDevice-37,Application-37-Service,57600
22109,Application-34,M_Req,missing_destination,59,Application-34-Service,EndDevice-34,Application-34-Service,57700
22117,Application-37,M_Req,missing_destination,62,Application-37-Service,EndDevice-37,Application-37-Service,57700
22144,Application-14,M_Req,missing_destination,39,Application-14-Service,EndDevice-14,Application-14-Service,57800
22150,Application-4,M_Req,missing_destination,29,Application-4-Service,EndDevice-4,Application-4-Service,57800
22152,Application-34,M_Req,missing_destination,59,Application-34-Service,EndDevice-34,Application-34-Service,57800
22156,Application-5,M_Req,missing_destination,30,Application-5-Service,EndDevice-5,Application-5-Service,57800
22159,Application-37,M_Req,missing_destination,62,Application-37-Service,EndDevice-37,Application-37-Service,57800
22192,Application-14,M_Req,missing_destination,39,Application-14-Service,EndDevice-14,Application-14-Service,57900
22198,Application-4,M_Req,missing_destination,29,Application-4-Service,EndDevice-4,Application-4-Service,57900
22200,Application-34,M_Req,missing_destination,59,Application-34-Service,EndDevice-34,Application-34-Service,57900
22204,Application-5,M_Req,missing_destination,30,Application-5-Service,EndDevice-5,Application-5-Service,57900
22207,Application-37,M_Req,missing_destination,62,Application-37-Service,EndDevice-37,Application-37-Service,57900
22235,Application-14,M_Req,missing_destination,39,Application-14-Service,EndDevice-14,Application-14-Service,58000
22245,Application-31,M_Req,missing_destination,56,Application-31-Service,EndDevice-31,Application-31-Service,58100
22262,Application-45,M_Req,missing_destination,70,Application-45-Service,EndDevice-45,Application-45-Service,58100
22267,Application-1,M_Req,missing_destination,26,Application-1-Service,EndDevice-1,Application-1-Service,58100
22282,Application-30,M_Req,missing_destination,55,Application-30-Service,EndDevice-30,Application-30-Service,58100
22283,Application-14,M_Req,missing_destination,39,Application-14-Service,EndDevice-14,Application-14-Service,58100
22285,Application-20,M_Req,missing_destination,45,Application-20-Service,EndDevice-20,Application-20-Service,58100
22293,Application-31,M_Req,missing_destination,56,Application-31-Service,EndDevice-31,Application-31-Service,58200
22307,Application-45,M_Req,missing_destination,70,Application-45-Service,EndDevice-45,Application-45-Service,58200
22311,Application-1,M_Req,missing_destination,26,Application-1-Service,EndDevice-1,Application-1-Service,58200
22341,Application-31,M_Req,missing_destination,56,Application-31-Service,EndDevice-31,Application-31-Service,58300
22355,Application-45,M_Req,missing_destination,70,Application-45-Service,EndDevice-45,Application-45-Service,58300
22359,Application-1,M_Req,missing_destination,26,Application-1-Service,EndDevice-1,Application-1-Service,58300
22380,Application-14,M_Req,missing_destination,39,Application-14-Service,EndDevice-14,Application-14-Service,58400
22386,Application-31,M_Req,missing_destination,56,Application-31-Service,EndDevice-31,Application-31-Service,58400
22396,Application-16,M_Req,missing_destination,41,Application-16-Service,EndDevice-16,Application-16-Service,58400
22402,Application-48,M_Req,missing_destination,73,Application-48-Service,EndDevice-48,Application-48-Service,58500
22428,Application-14,M_Req,missing_destination,39,Application-14-Service,EndDevice-14,Application-14-Service,58500
22434,Application-31,M_Req,missing_destination,56,Application-31-Service,EndDevice-31,Application-31-Service,58500
22444,Application-16,M_Req,missing_destination,41,Application-16-Service,EndDevice-16,Application-16-Service,58500
22450,Application-48,M_Req,missing_destination,73,Application-48-Service,EndDevice-48,Application-48-Service,58600
22473,Application-14,M_Req,missing_destination,39,Application-14-Service,EndDevice-14,Application-14-Service,58600
22477,Application-35,M_Req,missing_destination,60,Application-35-Service,EndDevice-35,Application-35-Service,58700
22498,Application-48,M_Req,missing_destination,73,Application-48-Service,EndDevice-48,Application-48-Service,58700
22501,Application-39,M_Req,missing_destination,64,Application-39-Service,EndDevice-39,Application-39-Service,58700
22519,Application-15,M_Req,missing_destination,40,Application-15-Service,EndDevice-15,Application-15-Service,58700
22521,Application-14,M_Req,missing_destination,39,Application-14-Service,EndDevice-14,Application-14-Service,58700
22523,Application-35,M_Req,missing_destination,60,Application-35-Service,EndDevice-35,Application-35-Service,58800
22540,Application-48,M_Req,missing_destination,73,Application-48-Service,EndDevice-48,Application-48-Service,58800
22542,Application-39,M_Req,missing_destination,64,Application-39-Service,EndDevice-39,Application-39-Service,58800
22588,Application-48,M_Req,missing_destination,73,Application-48-Service,EndDevice-48,Application-48-Service,58900
22614,Application-35,M_Req,missing_destination,60,Application-35-Service,EndDevice-35,Application-35-Service,59000
22630,Application-39,M_Req,missing_destination,64,Application-39-Service,EndDevice-39,Application-39-Service,59100
22662,Application-35,M_Req,missing_destination,60,Application-35-Service,EndDevice-35,Application-35-Service,59100
22678,Application-39,M_Req,missing_destination,64,Application-39-Service,EndDevice-39,Application-39-Service,59200
22726,Application-39,M_Req,missing_destination,64,Application-39-Service,EndDevice-39,Application-39-Service,59300
22730,Application-22,M_Req,missing_destination,47,Application-22-Service,EndDevice-22,Application-22-Service,59300
22736,Application-10,M_Req,missing_destination,35,Application-10-Service,EndDevice-10,Application-10-Service,59300
22739,Application-30,M_Req,missing_destination,55,Application-30-Service,EndDevice-30,Application-30-Service,59300
22746,Application-20,M_Req,missing_destination,45,Application-20-Service,EndDevice-20,Application-20-Service,59300
22749,Application-40,M_Req,missing_destination,65,Application-40-Service,EndDevice-40,Application-40-Service,59300
22770,Application-39,M_Req,missing_destination,64,Application-39-Service,EndDevice-39,Application-39-Service,59400
22773,Application-22,M_Req,missing_destination,47,Application-22-Service,EndDevice-22,Application-22-Service,59400
22818,Application-39,M_Req,missing_destination,64,Application-39-Service,EndDevice-39,Application-39-Service,59500
22856,Application-14,M_Req,missing_destination,39,Application-14-Service,EndDevice-14,Application-14-Service,59600
22857,Application-25,M_Req,missing_destination,50,Application-25-Service,EndDevice-25,Application-25-Service,59700
22859,Application-3,M_Req,missing_destination,28,Application-3-Service,EndDevice-3,Application-3-Service,59700
22904,Application-14,M_Req,missing_destination,39,Application-14-Service,EndDevice-14,Application-14-Service,59700
22967,Application-24,M_Req,missing_destination,49,Application-24-Service,EndDevice-24,Application-24-Service,59900
22976,Application-4,M_Req,missing_destination,29,Application-4-Service,EndDevice-4,Application-4-Service,59900
23071,Application-47,M_Req,missing_destination,72,Application-47-Service,EndDevice-47,Application-47-Service,60200
23072,Application-17,M_Req,missing_destination,42,Application-17-Service,EndDevice-17,Application-17-Service,60200
23076,Application-7,M_Req,missing_destination,32,Application-7-Service,EndDevice-7,Application-7-Service,60200
23082,Application-41,M_Req,missing_destination,66,Application-41-Service,EndDevice-41,Application-41-Service,60200
23119,Application-47,M_Req,missing_destination,72,Application-47-Service,EndDevice-47,Application-47-Service,60300
23120,Application-17,M_Req,missing_destination,42,Application-17-Service,EndDevice-17,Application-17-Service,60300
23124,Application-7,M_Req,missing_destination,32,Application-7-Service,EndDevice-7,Application-7-Service,60300
23130,Application-41,M_Req,missing_destination,66,Application-41-Service,EndDevice-41,Application-41-Service,60300
23162,Application-47,M_Req,missing_destination,72,Application-47-Service,EndDevice-47,Application-47-Service,60400
23172,Application-40,M_Req,missing_destination,65,Application-40-Service,EndDevice-40,Application-40-Service,60500
23184,Application-22,M_Req,missing_destination,47,Application-22-Service,EndDevice-22,Application-22-Service,60500
23185,Application-11,M_Req,missing_destination,36,Application-11-Service,EndDevice-11,Application-11-Service,60500
23186,Application-44,M_Req,missing_destination,69,Application-44-Service,EndDevice-44,Application-44-Service,60500
23201,Application-30,M_Req,missing_destination,55,Application-30-Service,EndDevice-30,Application-30-Service,60500
23205,Application-10,M_Req,missing_destination,35,Application-10-Service,EndDevice-10,Application-10-Service,60500
23210,Application-47,M_Req,missing_destination,72,Application-47-Service,EndDevice-47,Application-47-Service,60500
23220,Application-40,M_Req,missing_destination,65,Application-40-Service,EndDevice-40,Application-40-Service,60600
23230,Application-11,M_Req,missing_destination,36,Application-11-Service,EndDevice-11,Application-11-Service,60600
23231,Application-44,M_Req,missing_destination,69,Application-44-Service,EndDevice-44,Application-44-Service,60600
23301,Application-36,M_Req,missing_destination,61,Application-36-Service,EndDevice-36,Application-36-Service,60800
23323,Application-18,M_Req,missing_destination,43,Application-18-Service,EndDevice-18,Application-18-Service,60900
23349,Application-36,M_Req,missing_destination,61,Application-36-Service,EndDevice-36,Application-36-Service,60900
23391,Application-36,M_Req,missing_destination,61,Application-36-Service,EndDevice-36,Application-36-Service,61000
23410,Application-11,M_Req,missing_destination,36,Application-11-Service,EndDevice-11,Application-11-Service,61100
23415,Application-44,M_Req,missing_destination,69,Application-44-Service,EndDevice-44,Application-44-Service,61100
23420,Application-20,M_Req,missing_destination,45,Application-20-Service,EndDevice-20,Application-20-Service,61100
23425,Application-30,M_Req,missing_destination,55,Application-30-Service,EndDevice-30,Application-30-Service,61100
23439,Application-36,M_Req,missing_destination,61,Application-36-Service,EndDevice-36,Application-36-Service,61100
23454,Application-11,M_Req,missing_destination,36,Application-11-Service,EndDevice-11,Application-11-Service,61200
23462,Application-20,M_Req,missing_destination,45,Application-20-Service,EndDevice-20,Application-20-Service,61200
23466,Application-30,M_Req,missing_destination,55,Application-30-Service,EndDevice-30,Application-30-Service,61200
23525,Application-28,M_Req,missing_destination,53,Application-28-Service,EndDevice-28,Application-28-Service,61400
23530,Application-48,M_Req,missing_destination,73,Application-48-Service,EndDevice-48,Application-48-Service,61400
23540,Application-8,M_Req,missing_destination,33,Application-8-Service,EndDevice-8,Application-8-Service,61400
23552,Application-20,M_Req,missing_destination,45,Application-20-Service,EndDevice-20,Application-20-Service,61500
23573,Application-28,M_Req,missing_destination,53,Application-28-Service,EndDevice-28,Application-28-Service,61500
23578,Application-48,M_Req,missing_destination,73,Application-48-Service,EndDevice-48,Application-48-Service,61500
23588,Application-8,M_Req,missing_destination,33,Application-8-Service,EndDevice-8,Application-8-Service,61500
23599,Application-20,M_Req,missing_destination,45,Application-20-Service,EndDevice-20,Application-20-Service,61600
23615,Application-28,M_Req,missing_destination,53,Application-28-Service,EndDevice-28,Application-28-Service,61600
23619,Application-48,M_Req,missing_destination,73,Application-48-Service,EndDevice-48,Application-48-Service,61600
23628,Application-8,M_Req,missing_destination,33,Application-8-Service,EndDevice-8,Application-8-Service,61700
23632,Application-18,M_Req,missing_destination,43,Application-18-Service,EndDevice-18,Application-18-Service,61700
23636,Application-9,M_Req,missing_destination,34,Application-9-Service,EndDevice-9,Application-9-Service,61700
23647,Application-20,M_Req,missing_destination,45,Application-20-Service,EndDevice-20,Application-20-Service,61700
23648,Application-30,M_Req,missing_destination,55,Application-30-Service,EndDevice-30,Application-30-Service,61700
23653,Application-38,M_Req,missing_destination,63,Application-38-Service,EndDevice-38,Application-38-Service,61700
23659,Application-47,M_Req,missing_destination,72,Application-47-Service,EndDevice-47,Application-47-Service,61700
23663,Application-28,M_Req,missing_destination,53,Application-28-Service,EndDevice-28,Application-28-Service,61700
23667,Application-48,M_Req,missing_destination,73,Application-48-Service,EndDevice-48,Application-48-Service,61700
23678,Application-18,M_Req,missing_destination,43,Application-18-Service,EndDevice-18,Application-18-Service,61800
23688,Application-20,M_Req,missing_destination,45,Application-20-Service,EndDevice-20,Application-20-Service,61800
23689,Application-30,M_Req,missing_destination,55,Application-30-Service,EndDevice-30,Application-30-Service,61800
23693,Application-38,M_Req,missing_destination,63,Application-38-Service,EndDevice-38,Application-38-Service,61800
23736,Application-20,M_Req,missing_destination,45,Application-20-Service,EndDevice-20,Application-20-Service,61900
23771,Application-32,M_Req,missing_destination,57,Application-32-Service,EndDevice-32,Application-32-Service,62000
23775,Application-35,M_Req,missing_destination,60,Application-35-Service,EndDevice-35,Application-35-Service,62000
23782,Application-24,M_Req,missing_destination,49,Application-24-Service,EndDevice-24,Application-24-Service,62100
23819,Application-32,M_Req,missing_destination,57,Application-32-Service,EndDevice-32,Application-32-Service,62100
23823,Application-35,M_Req,missing_destination,60,Application-35-Service,EndDevice-35,Application-35-Service,62100
23858,Application-27,M_Req,missing_destination,52,Application-27-Service,EndDevice-27,Application-27-Service,62300
23867,Application-7,M_Req,missing_destination,32,Application-7-Service,EndDevice-7,Application-7-Service,62300
23883,Application-47,M_Req,missing_destination,72,Application-47-Service,EndDevice-47,Application-47-Service,62300
23890,Application-28,M_Req,missing_destination,53,Application-28-Service,EndDevice-28,Application-28-Service,62300
23893,Application-48,M_Req,missing_destination,73,Application-48-Service,EndDevice-48,Application-48-Service,62300
23899,Application-8,M_Req,missing_destination,33,Application-8-Service,EndDevice-8,Application-8-Service,62300
23905,Application-27,M_Req,missing_destination,52,Application-27-Service,EndDevice-27,Application-27-Service,62400
23912,Application-7,M_Req,missing_destination,32,Application-7-Service,EndDevice-7,Application-7-Service,62400
23987,Application-2,M_Req,missing_destination,27,Application-2-Service,EndDevice-2,Application-2-Service,62600
23989,Application-32,M_Req,missing_destination,57,Application-32-Service,EndDevice-32,Application-32-Service,62600
23995,Application-22,M_Req,missing_destination,47,Application-22-Service,EndDevice-22,Application-22-Service,62600
24010,Application-46,M_Req,missing_destination,71,Application-46-Service,EndDevice-46,Application-46-Service,62700
24035,Application-2,M_Req,missing_destination,27,Application-2-Service,EndDevice-2,Application-2-Service,62700
24037,Application-32,M_Req,missing_destination,57,Application-32-Service,EndDevice-32,Application-32-Service,62700
24043,Application-22,M_Req,missing_destination,47,Application-22-Service,EndDevice-22,Application-22-Service,62700
24102,Application-26,M_Req,missing_destination,51,Application-26-Service,EndDevice-26,Application-26-Service,62900
24106,Application-4,M_Req,missing_destination,29,Application-4-Service,EndDevice-4,Application-4-Service,62900
24109,Application-15,M_Req,missing_destination,40,Application-15-Service,EndDevice-15,Application-15-Service,62900
24117,Application-14,M_Req,missing_destination,39,Application-14-Service,EndDevice-14,Application-14-Service,62900
24143,Application-26,M_Req,missing_destination,51,Application-26-Service,EndDevice-26,Application-26-Service,63000
24146,Application-4,M_Req,missing_destination,29,Application-4-Service,EndDevice-4,Application-4-Service,63000
24149,Application-15,M_Req,missing_destination,40,Application-15-Service,EndDevice-15,Application-15-Service,63000
24202,Application-28,M_Req,missing_destination,53,Application-28-Service,EndDevice-28,Application-28-Service,63200
24204,Application-48,M_Req,missing_destination,73,Application-48-Service,EndDevice-48,Application-48-Service,63200
24206,Application-8,M_Req,missing_destination,33,Application-8-Service,EndDevice-8,Application-8-Service,63200
24214,Application-38,M_Req,missing_destination,63,Application-38-Service,EndDevice-38,Application-38-Service,63200
24238,Application-20,M_Req,missing_destination,45,Application-20-Service,EndDevice-20,Application-20-Service,63300
24250,Application-28,M_Req,missing_destination,53,Application-28-Service,EndDevice-28,Application-28-Service,63300
24252,Application-48,M_Req,missing_destination,73,Application-48-Service,EndDevice-48,Application-48-Service,63300
24254,Application-8,M_Req,missing_destination,33,Application-8-Service,EndDevice-8,Application-8-Service,63300
24262,Application-38,M_Req,missing_destination,63,Application-38-Service,EndDevice-38,Application-38-Service,63300
24285,Application-20,M_Req,missing_destination,45,Application-20-Service,EndDevice-20,Application-20-Service,63400
24295,Application-48,M_Req,missing_destination,73,Application-48-Service,EndDevice-48,Application-48-Service,63400
24296,Application-8,M_Req,missing_destination,33,Application-8-Service,EndDevice-8,Application-8-Service,63400
24303,Application-38,M_Req,missing_destination,63,Application-38-Service,EndDevice-38,Application-38-Service,63400
24316,Application-18,M_Req,missing_destination,43,Application-18-Service,EndDevice-18,Application-18-Service,63500
24322,Application-31,M_Req,missing_destination,56,Application-31-Service,EndDevice-31,Application-31-Service,63500
24326,Application-42,M_Req,missing_destination,67,Application-42-Service,EndDevice-42,Application-42-Service,63500
24333,Application-20,M_Req,missing_destination,45,Application-20-Service,EndDevice-20,Application-20-Service,63500
24343,Application-48,M_Req,missing_destination,73,Application-48-Service,EndDevice-48,Application-48-Service,63500
24344,Application-8,M_Req,missing_destination,33,Application-8-Service,EndDevice-8,Application-8-Service,63500
24351,Application-38,M_Req,missing_destination,63,Application-38-Service,EndDevice-38,Application-38-Service,63500
24352,Application-47,M_Req,missing_destination,72,Application-47-Service,EndDevice-47,Application-47-Service,63500
24363,Application-18,M_Req,missing_destination,43,Application-18-Service,EndDevice-18,Application-18-Service,63600
24368,Application-31,M_Req,missing_destination,56,Application-31-Service,EndDevice-31,Application-31-Service,63600
24370,Application-42,M_Req,missing_destination,67,Application-42-Service,EndDevice-42,Application-42-Service,63600
24376,Application-20,M_Req,missing_destination,45,Application-20-Service,EndDevice-20,Application-20-Service,63600
24411,Application-18,M_Req,missing_destination,43,Application-18-Service,EndDevice-18,Application-18-Service,63700
24416,Application-31,M_Req,missing_destination,56,Application-31-Service,EndDevice-31,Application-31-Service,63700
24418,Application-42,M_Req,missing_destination,67,Application-42-Service,EndDevice-42,Application-42-Service,63700
24436,Application-32,M_Req,missing_destination,57,Application-32-Service,EndDevice-32,Application-32-Service,63800
24440,Application-12,M_Req,missing_destination,37,Application-12-Service,EndDevice-12,Application-12-Service,63800
24445,Application-2,M_Req,missing_destination,27,Application-2-Service,EndDevice-2,Application-2-Service,63800
24455,Application-18,M_Req,missing_destination,43,Application-18-Service,EndDevice-18,Application-18-Service,63800
24459,Application-31,M_Req,missing_destination,56,Application-31-Service,EndDevice-31,Application-31-Service,63800
24460,Application-42,M_Req,missing_destination,67,Application-42-Service,EndDevice-42,Application-42-Service,63800
24463,Application-46,M_Req,missing_destination,71,Application-46-Service,EndDevice-46,Application-46-Service,63900
24484,Application-32,M_Req,missing_destination,57,Application-32-Service,EndDevice-32,Application-32-Service,63900
24488,Application-12,M_Req,missing_destination,37,Application-12-Service,EndDevice-12,Application-12-Service,63900
24493,Application-2,M_Req,missing_destination,27,Application-2-Service,EndDevice-2,Application-2-Service,63900
24503,Application-18,M_Req,missing_destination,43,Application-18-Service,EndDevice-18,Application-18-Service,63900
24507,Application-31,M_Req,missing_destination,56,Application-31-Service,EndDevice-31,Application-31-Service,63900
24508,Application-42,M_Req,missing_destination,67,Application-42-Service,EndDevice-42,Application-42-Service,63900
24545,Application-34,M_Req,missing_destination,59,Application-34-Service,EndDevice-34,Application-34-Service,64100
24568,Application-4,M_Req,missing_destination,29,Application-4-Service,EndDevice-4,Application-4-Service,64100
24577,Application-5,M_Req,missing_destination,30,Application-5-Service,EndDevice-5,Application-5-Service,64100
24582,Application-25,M_Req,missing_destination,50,Application-25-Service,EndDevice-25,Application-25-Service,64100
24583,Application-15,M_Req,missing_destination,40,Application-15-Service,EndDevice-15,Application-15-Service,64100
24664,Application-13,M_Req,missing_destination,38,Application-13-Service,EndDevice-13,Application-13-Service,64400
24682,Application-42,M_Req,missing_destination,67,Application-42-Service,EndDevice-42,Application-42-Service,64400
24683,Application-3,M_Req,missing_destination,28,Application-3-Service,EndDevice-3,Application-3-Service,64400
24691,Application-14,M_Req,missing_destination,39,Application-14-Service,EndDevice-14,Application-14-Service,64400
24696,Application-36,M_Req,missing_destination,61,Application-36-Service,EndDevice-36,Application-36-Service,64500
24712,Application-13,M_Req,missing_destination,38,Application-13-Service,EndDevice-13,Application-13-Service,64500
24730,Application-42,M_Req,missing_destination,67,Application-42-Service,EndDevice-42,Application-42-Service,64500
24731,Application-3,M_Req,missing_destination,28,Application-3-Service,EndDevice-3,Application-3-Service,64500
24739,Application-14,M_Req,missing_destination,39,Application-14-Service,EndDevice-14,Application-14-Service,64500
24775,Application-30,M_Req,missing_destination,55,Application-30-Service,EndDevice-30,Application-30-Service,64700
24803,Application-40,M_Req,missing_destination,65,Application-40-Service,EndDevice-40,Application-40-Service,64700
24823,Application-30,M_Req,missing_destination,55,Application-30-Service,EndDevice-30,Application-30-Service,64800
24894,Application-12,M_Req,missing_destination,37,Application-12-Service,EndDevice-12,Application-12-Service,65000
24895,Application-2,M_Req,missing_destination,27,Application-2-Service,EndDevice-2,Application-2-Service,65000
24926,Application-25,M_Req,missing_destination,50,Application-25-Service,EndDevice-25,Application-25-Service,65100
24942,Application-12,M_Req,missing_destination,37,Application-12-Service,EndDevice-12,Application-12-Service,65100
24943,Application-2,M_Req,missing_destination,27,Application-2-Service,EndDevice-2,Application-2-Service,65100
25020,Application-25,M_Req,missing_destination,50,Application-25-Service,EndDevice-25,Application-25-Service,65300
25034,Application-12,M_Req,missing_destination,37,Application-12-Service,EndDevice-12,Application-12-Service,65300
25035,Application-2,M_Req,missing_destination,27,Application-2-Service,EndDevice-2,Application-2-Service,65300
25063,Application-25,M_Req,missing_destination,50,Application-25-Service,EndDevice-25,Application-25-Service,65400
25124,Application-11,M_Req,missing_destination,36,Application-11-Service,EndDevice-11,Application-11-Service,65600
25126,Application-1,M_Req,missing_destination,26,Application-1-Service,EndDevice-1,Application-1-Service,65600
25137,Application-41,M_Req,missing_destination,66,Application-41-Service,EndDevice-41,Application-41-Service,65600
25145,Application-34,M_Req,missing_destination,59,Application-34-Service,EndDevice-34,Application-34-Service,65600
25149,Application-45,M_Req,missing_destination,70,Application-45-Service,EndDevice-45,Application-45-Service,65600
25172,Application-11,M_Req,missing_destination,36,Application-11-Service,EndDevice-11,Application-11-Service,65700
25174,Application-1,M_Req,missing_destination,26,Application-1-Service,EndDevice-1,Application-1-Service,65700
25185,Application-41,M_Req,missing_destination,66,Application-41-Service,EndDevice-41,Application-41-Service,65700
25193,Application-34,M_Req,missing_destination,59,Application-34-Service,EndDevice-34,Application-34-Service,65700
25197,Application-45,M_Req,missing_destination,70,Application-45-Service,EndDevice-45,Application-45-Service,65700
25215,Application-11,M_Req,missing_destination,36,Application-11-Service,EndDevice-11,Application-11-Service,65800
25217,Application-1,M_Req,missing_destination,26,Application-1-Service,EndDevice-1,Application-1-Service,65800
25242,Application-33,M_Req,missing_destination,58,Application-33-Service,EndDevice-33,Application-33-Service,65900
25260,Application-40,M_Req,missing_destination,65,Application-40-Service,EndDevice-40,Application-40-Service,65900
25263,Application-11,M_Req,missing_destination,36,Application-11-Service,EndDevice-11,Application-11-Service,65900
25265,Application-1,M_Req,missing_destination,26,Application-1-Service,EndDevice-1,Application-1-Service,65900
25274,Application-30,M_Req,missing_destination,55,Application-30-Service,EndDevice-30,Application-30-Service,65900
25286,Application-33,M_Req,missing_destination,58,Application-33-Service,EndDevice-33,Application-33-Service,66000
25375,Application-33,M_Req,missing_destination,58,Application-33-Service,EndDevice-33,Application-33-Service,66200
25389,Application-44,M_Req,missing_destination,69,Application-44-Service,EndDevice-44,Application-44-Service,66300
25423,Application-33,M_Req,missing_destination,58,Application-33-Service,EndDevice-33,Application-33-Service,66300
25435,Application-44,M_Req,missing_destination,69,Application-44-Service,EndDevice-44,Application-44-Service,66400
25462,Application-33,M_Req,missing_destination,58,Application-33-Service,EndDevice-33,Application-33-Service,66500
25473,Application-4,M_Req,missing_destination,29,Application-4-Service,EndDevice-4,Application-4-Service,66500
25475,Application-37,M_Req,missing_destination,62,Application-37-Service,EndDevice-37,Application-37-Service,66500
25477,Application-26,M_Req,missing_destination,51,Application-26-Service,EndDevice-26,Application-26-Service,66500
25483,Application-44,M_Req,missing_destination,69,Application-44-Service,EndDevice-44,Application-44-Service,66500
25497,Application-3,M_Req,missing_destination,28,Application-3-Service,EndDevice-3,Application-3-Service,66500
25498,Application-43,M_Req,missing_destination,68,Application-43-Service,EndDevice-43,Application-43-Service,66500
25509,Application-33,M_Req,missing_destination,58,Application-33-Service,EndDevice-33,Application-33-Service,66600
25518,Application-4,M_Req,missing_destination,29,Application-4-Service,EndDevice-4,Application-4-Service,66600
25519,Application-37,M_Req,missing_destination,62,Application-37-Service,EndDevice-37,Application-37-Service,66600
25525,Application-44,M_Req,missing_destination,69,Application-44-Service,EndDevice-44,Application-44-Service,66600
25573,Application-44,M_Req,missing_destination,69,Application-44-Service,EndDevice-44,Application-44-Service,66700
25583,Application-3,M_Req,missing_destination,28,Application-3-Service,EndDevice-3,Application-3-Service,66800
25584,Application-43,M_Req,missing_destination,68,Application-43-Service,EndDevice-43,Application-43-Service,66800
25606,Application-36,M_Req,missing_destination,61,Application-36-Service,EndDevice-36,Application-36-Service,66800
25615,Application-25,M_Req,missing_destination,50,Application-25-Service,EndDevice-25,Application-25-Service,66900
25631,Application-3,M_Req,missing_destination,28,Application-3-Service,EndDevice-3,Application-3-Service,66900
25632,Application-43,M_Req,missing_destination,68,Application-43-Service,EndDevice-43,Application-43-Service,66900
25654,Application-36,M_Req,missing_destination,61,Application-36-Service,EndDevice-36,Application-36-Service,66900
25663,Application-25,M_Req,missing_destination,50,Application-25-Service,EndDevice-25,Application-25-Service,67000
25673,Application-3,M_Req,missing_destination,28,Application-3-Service,EndDevice-3,Application-3-Service,67000
25674,Application-43,M_Req,missing_destination,68,Application-43-Service,EndDevice-43,Application-43-Service,67000
25693,Application-23,M_Req,missing_destination,48,Application-23-Service,EndDevice-23,Application-23-Service,67100
25698,Application-48,M_Req,missing_destination,73,Application-48-Service,EndDevice-48,Application-48-Service,67100
25711,Application-25,M_Req,missing_destination,50,Application-25-Service,EndDevice-25,Application-25-Service,67100
25721,Application-3,M_Req,missing_destination,28,Application-3-Service,EndDevice-3,Application-3-Service,67100
25722,Application-43,M_Req,missing_destination,68,Application-43-Service,EndDevice-43,Application-43-Service,67100
25739,Application-23,M_Req,missing_destination,48,Application-23-Service,EndDevice-23,Application-23-Service,67200
25744,Application-48,M_Req,missing_destination,73,Application-48-Service,EndDevice-48,Application-48-Service,67200
25755,Application-25,M_Req,missing_destination,50,Application-25-Service,EndDevice-25,Application-25-Service,67200
25787,Application-23,M_Req,missing_destination,48,Application-23-Service,EndDevice-23,Application-23-Service,67300
25792,Application-48,M_Req,missing_destination,73,Application-48-Service,EndDevice-48,Application-48-Service,67300
25813,Application-42,M_Req,missing_destination,67,Application-42-Service,EndDevice-42,Application-42-Service,67400
25816,Application-22,M_Req,missing_destination,47,Application-22-Service,EndDevice-22,Application-22-Service,67400
25820,Application-12,M_Req,missing_destination,37,Application-12-Service,EndDevice-12,Application-12-Service,67400
25822,Application-2,M_Req,missing_destination,27,Application-2-Service,EndDevice-2,Application-2-Service,67400
25832,Application-23,M_Req,missing_destination,48,Application-23-Service,EndDevice-23,Application-23-Service,67400
25833,Application-11,M_Req,missing_destination,36,Application-11-Service,EndDevice-11,Application-11-Service,67400
25837,Application-48,M_Req,missing_destination,73,Application-48-Service,EndDevice-48,Application-48-Service,67400
25838,Application-24,M_Req,missing_destination,49,Application-24-Service,EndDevice-24,Application-24-Service,67400
25842,Application-13,M_Req,missing_destination,38,Application-13-Service,EndDevice-13,Application-13-Service,67500
25861,Application-42,M_Req,missing_destination,67,Application-42-Service,EndDevice-42,Application-42-Service,67500
25864,Application-22,M_Req,missing_destination,47,Application-22-Service,EndDevice-22,Application-22-Service,67500
25868,Application-12,M_Req,missing_destination,37,Application-12-Service,EndDevice-12,Application-12-Service,67500
25870,Application-2,M_Req,missing_destination,27,Application-2-Service,EndDevice-2,Application-2-Service,67500
25880,Application-23,M_Req,missing_destination,48,Application-23-Service,EndDevice-23,Application-23-Service,67500
25881,Application-11,M_Req,missing_destination,36,Application-11-Service,EndDevice-11,Application-11-Service,67500
25885,Application-48,M_Req,missing_destination,73,Application-48-Service,EndDevice-48,Application-48-Service,67500
25886,Application-24,M_Req,missing_destination,49,Application-24-Service,EndDevice-24,Application-24-Service,67500
25943,Application-6,M_Req,missing_destination,31,Application-6-Service,EndDevice-6,Application-6-Service,67700
25947,Application-46,M_Req,missing_destination,71,Application-46-Service,EndDevice-46,Application-46-Service,67700
25960,Application-36,M_Req,missing_destination,61,Application-36-Service,EndDevice-36,Application-36-Service,67700
25962,Application-16,M_Req,missing_destination,41,Application-16-Service,EndDevice-16,Application-16-Service,67700
25989,Application-46,M_Req,missing_destination,71,Application-46-Service,EndDevice-46,Application-46-Service,67800
26040,Application-29,M_Req,missing_destination,54,Application-29-Service,EndDevice-29,Application-29-Service,68000
26049,Application-9,M_Req,missing_destination,34,Application-9-Service,EndDevice-9,Application-9-Service,68000
26060,Application-39,M_Req,missing_destination,64,Application-39-Service,EndDevice-39,Application-39-Service,68000
26067,Application-19,M_Req,missing_destination,44,Application-19-Service,EndDevice-19,Application-19-Service,68000
26069,Application-43,M_Req,missing_destination,68,Application-43-Service,EndDevice-43,Application-43-Service,68000
26076,Application-32,M_Req,missing_destination,57,Application-32-Service,EndDevice-32,Application-32-Service,68100
26088,Application-29,M_Req,missing_destination,54,Application-29-Service,EndDevice-29,Application-29-Service,68100
26097,Application-9,M_Req,missing_destination,34,Application-9-Service,EndDevice-9,Application-9-Service,68100
26108,Application-39,M_Req,missing_destination,64,Application-39-Service,EndDevice-39,Application-39-Service,68100
26115,Application-19,M_Req,missing_destination,44,Application-19-Service,EndDevice-19,Application-19-Service,68100
26117,Application-43,M_Req,missing_destination,68,Application-43-Service,EndDevice-43,Application-43-Service,68100
26132,Application-29,M_Req,missing_destination,54,Application-29-Service,EndDevice-29,Application-29-Service,68200
26140,Application-9,M_Req,missing_destination,34,Application-9-Service,EndDevice-9,Application-9-Service,68200
26164,Application-17,M_Req,missing_destination,42,Application-17-Service,EndDevice-17,Application-17-Service,68300
26180,Application-29,M_Req,missing_destination,54,Application-29-Service,EndDevice-29,Application-29-Service,68300
26187,Application-15,M_Req,missing_destination,40,Application-15-Service,EndDevice-15,Application-15-Service,68300
26188,Application-9,M_Req,missing_destination,34,Application-9-Service,EndDevice-9,Application-9-Service,68300
26189,Application-5,M_Req,missing_destination,30,Application-5-Service,EndDevice-5,Application-5-Service,68300
26208,Application-17,M_Req,missing_destination,42,Application-17-Service,EndDevice-17,Application-17-Service,68400
26256,Application-17,M_Req,missing_destination,42,Application-17-Service,EndDevice-17,Application-17-Service,68500
26282,Application-13,M_Req,missing_destination,38,Application-13-Service,EndDevice-13,Application-13-Service,68600
26283,Application-33,M_Req,missing_destination,58,Application-33-Service,EndDevice-33,Application-33-Service,68600
26294,Application-23,M_Req,missing_destination,48,Application-23-Service,EndDevice-23,Application-23-Service,68600
26295,Application-43,M_Req,missing_destination,68,Application-43-Service,EndDevice-43,Application-43-Service,68600
26298,Application-17,M_Req,missing_destination,42,Application-17-Service,EndDevice-17,Application-17-Service,68600
26300,Application-36,M_Req,missing_destination,61,Application-36-Service,EndDevice-36,Application-36-Service,68600
26301,Application-25,M_Req,missing_destination,50,Application-25-Service,EndDevice-25,Application-25-Service,68600
26330,Application-13,M_Req,missing_destination,38,Application-13-Service,EndDevice-13,Application-13-Service,68700
26331,Application-33,M_Req,missing_destination,58,Application-33-Service,EndDevice-33,Application-33-Service,68700
26342,Application-23,M_Req,missing_destination,48,Application-23-Service,EndDevice-23,Application-23-Service,68700
26343,Application-43,M_Req,missing_destination,68,Application-43-Service,EndDevice-43,Application-43-Service,68700
26346,Application-17,M_Req,missing_destination,42,Application-17-Service,EndDevice-17,Application-17-Service,68700
26348,Application-36,M_Req,missing_destination,61,Application-36-Service,EndDevice-36,Application-36-Service,68700
26349,Application-25,M_Req,missing_destination,50,Application-25-Service,EndDevice-25,Application-25-Service,68700
26374,Application-13,M_Req,missing_destination,38,Application-13-Service,EndDevice-13,Application-13-Service,68800
26375,Application-33,M_Req,missing_destination,58,Application-33-Service,EndDevice-33,Application-33-Service,68800
26422,Application-13,M_Req,missing_destination,38,Application-13-Service,EndDevice-13,Application-13-Service,68900
26423,Application-33,M_Req,missing_destination,58,Application-33-Service,EndDevice-33,Application-33-Service,68900
26502,Application-16,M_Req,missing_destination,41,Application-16-Service,EndDevice-16,Application-16-Service,69200
26506,Application-26,M_Req,missing_destination,51,Application-26-Service,EndDevice-26,Application-26-Service,69200
26514,Application-46,M_Req,missing_destination,71,Application-46-Service,EndDevice-46,Application-46-Service,69200
26517,Application-36,M_Req,missing_destination,61,Application-36-Service,EndDevice-36,Application-36-Service,69200
26550,Application-16,M_Req,missing_destination,41,Application-16-Service,EndDevice-16,Application-16-Service,69300
26554,Application-26,M_Req,missing_destination,51,Application-26-Service,EndDevice-26,Application-26-Service,69300
26562,Application-46,M_Req,missing_destination,71,Application-46-Service,EndDevice-46,Application-46-Service,69300
26565,Application-36,M_Req,missing_destination,61,Application-36-Service,EndDevice-36,Application-36-Service,69300
26612,Application-37,M_Req,missing_destination,62,Application-37-Service,EndDevice-37,Application-37-Service,69500
26613,Application-7,M_Req,missing_destination,32,Application-7-Service,EndDevice-7,Application-7-Service,69500
26630,Application-41,M_Req,missing_destination,66,Application-41-Service,EndDevice-41,Application-41-Service,69500
26631,Application-8,M_Req,missing_destination,33,Application-8-Service,EndDevice-8,Application-8-Service,69500
26632,Application-19,M_Req,missing_destination,44,Application-19-Service,EndDevice-19,Application-19-Service,69500
26654,Application-17,M_Req,missing_destination,42,Application-17-Service,EndDevice-17,Application-17-Service,69500
26655,Application-47,M_Req,missing_destination,72,Application-47-Service,EndDevice-47,Application-47-Service,69500
26659,Application-37,M_Req,missing_destination,62,Application-37-Service,EndDevice-37,Application-37-Service,69600
26660,Application-7,M_Req,missing_destination,32,Application-7-Service,EndDevice-7,Application-7-Service,69600
26673,Application-41,M_Req,missing_destination,66,Application-41-Service,EndDevice-41,Application-41-Service,69600
26674,Application-8,M_Req,missing_destination,33,Application-8-Service,EndDevice-8,Application-8-Service,69600
26675,Application-19,M_Req,missing_destination,44,Application-19-Service,EndDevice-19,Application-19-Service,69600
26707,Application-37,M_Req,missing_destination,62,Application-37-Service,EndDevice-37,Application-37-Service,69700
26708,Application-7,M_Req,missing_destination,32,Application-7-Service,EndDevice-7,Application-7-Service,69700
26721,Application-41,M_Req,missing_destination,66,Application-41-Service,EndDevice-41,Application-41-Service,69700
26722,Application-8,M_Req,missing_destination,33,Application-8-Service,EndDevice-8,Application-8-Service,69700
26723,Application-19,M_Req,missing_destination,44,Application-19-Service,EndDevice-19,Application-19-Service,69700
26743,Application-14,M_Req,missing_destination,39,Application-14-Service,EndDevice-14,Application-14-Service,69800
26745,Application-44,M_Req,missing_destination,69,Application-44-Service,EndDevice-44,Application-44-Service,69800
26751,Application-37,M_Req,missing_destination,62,Application-37-Service,EndDevice-37,Application-37-Service,69800
26754,Application-34,M_Req,missing_destination,59,Application-34-Service,EndDevice-34,Application-34-Service,69800
26769,Application-38,M_Req,missing_destination,63,Application-38-Service,EndDevice-38,Application-38-Service,69900
26791,Application-14,M_Req,missing_destination,39,Application-14-Service,EndDevice-14,Application-14-Service,69900
26793,Application-44,M_Req,missing_destination,69,Application-44-Service,EndDevice-44,Application-44-Service,69900
26799,Application-37,M_Req,missing_destination,62,Application-37-Service,EndDevice-37,Application-37-Service,69900
26802,Application-34,M_Req,missing_destination,59,Application-34-Service,EndDevice-34,Application-34-Service,69900
26844,Application-39,M_Req,missing_destination,64,Application-39-Service,EndDevice-39,Application-39-Service,70100
26848,Application-21,M_Req,missing_destination,46,Application-21-Service,EndDevice-21,Application-21-Service,70100
26852,Application-32,M_Req,missing_destination,57,Application-32-Service,EndDevice-32,Application-32-Service,70100
26861,Application-10,M_Req,missing_destination,35,Application-10-Service,EndDevice-10,Application-10-Service,70100
26887,Application-29,M_Req,missing_destination,54,Application-29-Service,EndDevice-29,Application-29-Service,70100
26892,Application-39,M_Req,missing_destination,64,Application-39-Service,EndDevice-39,Application-39-Service,70200
26896,Application-21,M_Req,missing_destination,46,Application-21-Service,EndDevice-21,Application-21-Service,70200
26899,Application-32,M_Req,missing_destination,57,Application-32-Service,EndDevice-32,Application-32-Service,70200
26905,Application-10,M_Req,missing_destination,35,Application-10-Service,EndDevice-10,Application-10-Service,70200
26973,Application-31,M_Req,missing_destination,56,Application-31-Service,EndDevice-31,Application-31-Service,70400
26979,Application-41,M_Req,missing_destination,66,Application-41-Service,EndDevice-41,Application-41-Service,70400
26981,Application-1,M_Req,missing_destination,26,Application-1-Service,EndDevice-1,Application-1-Service,70400
27021,Application-31,M_Req,missing_destination,56,Application-31-Service,EndDevice-31,Application-31-Service,70500
27027,Application-41,M_Req,missing_destination,66,Application-41-Service,EndDevice-41,Application-41-Service,70500
27029,Application-1,M_Req,missing_destination,26,Application-1-Service,EndDevice-1,Application-1-Service,70500
27076,Application-8,M_Req,missing_destination,33,Application-8-Service,EndDevice-8,Application-8-Service,70700
27078,Application-20,M_Req,missing_destination,45,Application-20-Service,EndDevice-20,Application-20-Service,70700
27088,Application-9,M_Req,missing_destination,34,Application-9-Service,EndDevice-9,Application-9-Service,70700
27098,Application-48,M_Req,missing_destination,73,Application-48-Service,EndDevice-48,Application-48-Service,70700
27101,Application-28,M_Req,missing_destination,53,Application-28-Service,EndDevice-28,Application-28-Service,70700
27122,Application-8,M_Req,missing_destination,33,Application-8-Service,EndDevice-8,Application-8-Service,70800
27124,Application-20,M_Req,missing_destination,45,Application-20-Service,EndDevice-20,Application-20-Service,70800
27132,Application-9,M_Req,missing_destination,34,Application-9-Service,EndDevice-9,Application-9-Service,70800
27141,Application-48,M_Req,missing_destination,73,Application-48-Service,EndDevice-48,Application-48-Service,70800
27143,Application-28,M_Req,missing_destination,53,Application-28-Service,EndDevice-28,Application-28-Service,70800
27214,Application-8,M_Req,missing_destination,33,Application-8-Service,EndDevice-8,Application-8-Service,71000
27216,Application-20,M_Req,missing_destination,45,Application-20-Service,EndDevice-20,Application-20-Service,71000
27221,Application-9,M_Req,missing_destination,34,Application-9-Service,EndDevice-9,Application-9-Service,71100
27262,Application-8,M_Req,missing_destination,33,Application-8-Service,EndDevice-8,Application-8-Service,71100
27264,Application-20,M_Req,missing_destination,45,Application-20-Service,EndDevice-20,Application-20-Service,71100
27269,Application-9,M_Req,missing_destination,34,Application-9-Service,EndDevice-9,Application-9-Service,71200
27317,Application-9,M_Req,missing_destination,34,Application-9-Service,EndDevice-9,Application-9-Service,71300
27320,Application-43,M_Req,missing_destination,68,Application-43-Service,EndDevice-43,Application-43-Service,71300
27330,Application-29,M_Req,missing_destination,54,Application-29-Service,EndDevice-29,Application-29-Service,71300
27362,Application-9,M_Req,missing_destination,34,Application-9-Service,EndDevice-9,Application-9-Service,71400
27369,Application-29,M_Req,missing_destination,54,Application-29-Service,EndDevice-29,Application-29-Service,71400
27417,Application-29,M_Req,missing_destination,54,Application-29-Service,EndDevice-29,Application-29-Service,71500
27425,Application-41,M_Req,missing_destination,66,Application-41-Service,EndDevice-41,Application-41-Service,71600
27427,Application-21,M_Req,missing_destination,46,Application-21-Service,EndDevice-21,Application-21-Service,71600
27429,Application-1,M_Req,missing_destination,26,Application-1-Service,EndDevice-1,Application-1-Service,71600
27436,Application-11,M_Req,missing_destination,36,Application-11-Service,EndDevice-11,Application-11-Service,71600
27447,Application-23,M_Req,missing_destination,48,Application-23-Service,EndDevice-23,Application-23-Service,71600
27453,Application-34,M_Req,missing_destination,59,Application-34-Service,EndDevice-34,Application-34-Service,71700
27457,Application-12,M_Req,missing_destination,37,Application-12-Service,EndDevice-12,Application-12-Service,71700
27460,Application-45,M_Req,missing_destination,70,Application-45-Service,EndDevice-45,Application-45-Service,71700
27473,Application-41,M_Req,missing_destination,66,Application-41-Service,EndDevice-41,Application-41-Service,71700
27475,Application-21,M_Req,missing_destination,46,Application-21-Service,EndDevice-21,Application-21-Service,71700
27477,Application-1,M_Req,missing_destination,26,Application-1-Service,EndDevice-1,Application-1-Service,71700
27484,Application-11,M_Req,missing_destination,36,Application-11-Service,EndDevice-11,Application-11-Service,71700
27495,Application-23,M_Req,missing_destination,48,Application-23-Service,EndDevice-23,Application-23-Service,71700
27532,Application-31,M_Req,missing_destination,56,Application-31-Service,EndDevice-31,Application-31-Service,71900
27548,Application-24,M_Req,missing_destination,49,Application-24-Service,EndDevice-24,Application-24-Service,71900
27550,Application-46,M_Req,missing_destination,71,Application-46-Service,EndDevice-46,Application-46-Service,71900
27554,Application-2,M_Req,missing_destination,27,Application-2-Service,EndDevice-2,Application-2-Service,71900
27576,Application-22,M_Req,missing_destination,47,Application-22-Service,EndDevice-22,Application-22-Service,71900
27578,Application-42,M_Req,missing_destination,67,Application-42-Service,EndDevice-42,Application-42-Service,71900
27591,Application-24,M_Req,missing_destination,49,Application-24-Service,EndDevice-24,Application-24-Service,72000
27593,Application-46,M_Req,missing_destination,71,Application-46-Service,EndDevice-46,Application-46-Service,72000
27596,Application-2,M_Req,missing_destination,27,Application-2-Service,EndDevice-2,Application-2-Service,72000
27639,Application-24,M_Req,missing_destination,49,Application-24-Service,EndDevice-24,Application-24-Service,72100
27641,Application-46,M_Req,missing_destination,71,Application-46-Service,EndDevice-46,Application-46-Service,72100
27644,Application-2,M_Req,missing_destination,27,Application-2-Service,EndDevice-2,Application-2-Service,72100
27657,Application-21,M_Req,missing_destination,46,Application-21-Service,EndDevice-21,Application-21-Service,72200
27658,Application-1,M_Req,missing_destination,26,Application-1-Service,EndDevice-1,Application-1-Service,72200
27665,Application-31,M_Req,missing_destination,56,Application-31-Service,EndDevice-31,Application-31-Service,72200
27666,Application-41,M_Req,missing_destination,66,Application-41-Service,EndDevice-41,Application-41-Service,72200
27685,Application-45,M_Req,missing_destination,70,Application-45-Service,EndDevice-45,Application-45-Service,72300
27705,Application-21,M_Req,missing_destination,46,Application-21-Service,EndDevice-21,Application-21-Service,72300
27706,Application-1,M_Req,missing_destination,26,Application-1-Service,EndDevice-1,Application-1-Service,72300
27713,Application-31,M_Req,missing_destination,56,Application-31-Service,EndDevice-31,Application-31-Service,72300
27714,Application-41,M_Req,missing_destination,66,Application-41-Service,EndDevice-41,Application-41-Service,72300
27758,Application-14,M_Req,missing_destination,39,Application-14-Service,EndDevice-14,Application-14-Service,72500
27766,Application-16,M_Req,missing_destination,41,Application-16-Service,EndDevice-16,Application-16-Service,72500
27768,Application-5,M_Req,missing_destination,30,Application-5-Service,EndDevice-5,Application-5-Service,72500
27783,Application-38,M_Req,missing_destination,63,Application-38-Service,EndDevice-38,Application-38-Service,72500
27787,Application-34,M_Req,missing_destination,59,Application-34-Service,EndDevice-34,Application-34-Service,72500
27792,Application-25,M_Req,missing_destination,50,Application-25-Service,EndDevice-25,Application-25-Service,72500
27813,Application-5,M_Req,missing_destination,30,Application-5-Service,EndDevice-5,Application-5-Service,72600
27827,Application-38,M_Req,missing_destination,63,Application-38-Service,EndDevice-38,Application-38-Service,72600
27831,Application-34,M_Req,missing_destination,59,Application-34-Service,EndDevice-34,Application-34-Service,72600
27861,Application-5,M_Req,missing_destination,30,Application-5-Service,EndDevice-5,Application-5-Service,72700
27875,Application-38,M_Req,missing_destination,63,Application-38-Service,EndDevice-38,Application-38-Service,72700
27879,Application-34,M_Req,missing_destination,59,Application-34-Service,EndDevice-34,Application-34-Service,72700
27897,Application-16,M_Req,missing_destination,41,Application-16-Service,EndDevice-16,Application-16-Service,72800
27902,Application-26,M_Req,missing_destination,51,Application-26-Service,EndDevice-26,Application-26-Service,72800
27904,Application-40,M_Req,missing_destination,65,Application-40-Service,EndDevice-40,Application-40-Service,72800
27905,Application-5,M_Req,missing_destination,30,Application-5-Service,EndDevice-5,Application-5-Service,72800
27917,Application-29,M_Req,missing_destination,54,Application-29-Service,EndDevice-29,Application-29-Service,72900
27945,Application-16,M_Req,missing_destination,41,Application-16-Service,EndDevice-16,Application-16-Service,72900
27950,Application-26,M_Req,missing_destination,51,Application-26-Service,EndDevice-26,Application-26-Service,72900
27952,Application-40,M_Req,missing_destination,65,Application-40-Service,EndDevice-40,Application-40-Service,72900
27953,Application-5,M_Req,missing_destination,30,Application-5-Service,EndDevice-5,Application-5-Service,72900
27964,Application-29,M_Req,missing_destination,54,Application-29-Service,EndDevice-29,Application-29-Service,73000
27988,Application-16,M_Req,missing_destination,41,Application-16-Service,EndDevice-16,Application-16-Service,73000
27996,Application-39,M_Req,missing_destination,64,Application-39-Service,EndDevice-39,Application-39-Service,73100
28002,Application-43,M_Req,missing_destination,68,Application-43-Service,EndDevice-43,Application-43-Service,73100
28005,Application-10,M_Req,missing_destination,35,Application-10-Service,EndDevice-10,Application-10-Service,73100
28012,Application-29,M_Req,missing_destination,54,Application-29-Service,EndDevice-29,Application-29-Service,73100
28034,Application-9,M_Req,missing_destination,34,Application-9-Service,EndDevice-9,Application-9-Service,73100
28036,Application-16,M_Req,missing_destination,41,Application-16-Service,EndDevice-16,Application-16-Service,73100
28042,Application-39,M_Req,missing_destination,64,Application-39-Service,EndDevice-39,Application-39-Service,73200
28046,Application-43,M_Req,missing_destination,68,Application-43-Service,EndDevice-43,Application-43-Service,73200
28054,Application-29,M_Req,missing_destination,54,Application-29-Service,EndDevice-29,Application-29-Service,73200
28102,Application-29,M_Req,missing_destination,54,Application-29-Service,EndDevice-29,Application-29-Service,73300
28114,Application-22,M_Req,missing_destination,47,Application-22-Service,EndDevice-22,Application-22-Service,73400
28126,Application-42,M_Req,missing_destination,67,Application-42-Service,EndDevice-42,Application-42-Service,73400
28138,Application-2,M_Req,missing_destination,27,Application-2-Service,EndDevice-2,Application-2-Service,73500
28140,Application-35,M_Req,missing_destination,60,Application-35-Service,EndDevice-35,Application-35-Service,73500
28162,Application-22,M_Req,missing_destination,47,Application-22-Service,EndDevice-22,Application-22-Service,73500
28174,Application-42,M_Req,missing_destination,67,Application-42-Service,EndDevice-42,Application-42-Service,73500
28186,Application-2,M_Req,missing_destination,27,Application-2-Service,EndDevice-2,Application-2-Service,73600
28188,Application-35,M_Req,missing_destination,60,Application-35-Service,EndDevice-35,Application-35-Service,73600
28206,Application-22,M_Req,missing_destination,47,Application-22-Service,EndDevice-22,Application-22-Service,73600
28216,Application-42,M_Req,missing_destination,67,Application-42-Service,EndDevice-42,Application-42-Service,73600
28220,Application-6,M_Req,missing_destination,31,Application-6-Service,EndDevice-6,Application-6-Service,73700
28225,Application-28,M_Req,missing_destination,53,Application-28-Service,EndDevice-28,Application-28-Service,73700
28234,Application-2,M_Req,missing_destination,27,Application-2-Service,EndDevice-2,Application-2-Service,73700
28236,Application-35,M_Req,missing_destination,60,Application-35-Service,EndDevice-35,Application-35-Service,73700
28239,Application-29,M_Req,missing_destination,54,Application-29-Service,EndDevice-29,Application-29-Service,73700
28242,Application-7,M_Req,missing_destination,32,Application-7-Service,EndDevice-7,Application-7-Service,73700
28249,Application-46,M_Req,missing_destination,71,Application-46-Service,EndDevice-46,Application-46-Service,73700
28253,Application-27,M_Req,missing_destination,52,Application-27-Service,EndDevice-27,Application-27-Service,73700
28254,Application-22,M_Req,missing_destination,47,Application-22-Service,EndDevice-22,Application-22-Service,73700
28255,Application-17,M_Req,missing_destination,42,Application-17-Service,EndDevice-17,Application-17-Service,73700
28264,Application-42,M_Req,missing_destination,67,Application-42-Service,EndDevice-42,Application-42-Service,73700
28266,Application-47,M_Req,missing_destination,72,Application-47-Service,EndDevice-47,Application-47-Service,73700
28268,Application-6,M_Req,missing_destination,31,Application-6-Service,EndDevice-6,Application-6-Service,73800
28278,Application-2,M_Req,missing_destination,27,Application-2-Service,EndDevice-2,Application-2-Service,73800
28280,Application-35,M_Req,missing_destination,60,Application-35-Service,EndDevice-35,Application-35-Service,73800
28283,Application-29,M_Req,missing_destination,54,Application-29-Service,EndDevice-29,Application-29-Service,73800
28285,Application-7,M_Req,missing_destination,32,Application-7-Service,EndDevice-7,Application-7-Service,73800
28289,Application-46,M_Req,missing_destination,71,Application-46-Service,EndDevice-46,Application-46-Service,73800
28316,Application-6,M_Req,missing_destination,31,Application-6-Service,EndDevice-6,Application-6-Service,73900
28331,Application-29,M_Req,missing_destination,54,Application-29-Service,EndDevice-29,Application-29-Service,73900
28333,Application-7,M_Req,missing_destination,32,Application-7-Service,EndDevice-7,Application-7-Service,73900
28337,Application-46,M_Req,missing_destination,71,Application-46-Service,EndDevice-46,Application-46-Service,73900
28361,Application-6,M_Req,missing_destination,31,Application-6-Service,EndDevice-6,Application-6-Service,74000
28362,Application-5,M_Req,missing_destination,30,Application-5-Service,EndDevice-5,Application-5-Service,74000
28409,Application-6,M_Req,missing_destination,31,Application-6-Service,EndDevice-6,Application-6-Service,74100
28410,Application-5,M_Req,missing_destination,30,Application-5-Service,EndDevice-5,Application-5-Service,74100
28453,Application-37,M_Req,missing_destination,62,Application-37-Service,EndDevice-37,Application-37-Service,74300
28455,Application-8,M_Req,missing_destination,33,Application-8-Service,EndDevice-8,Application-8-Service,74300
28464,Application-30,M_Req,missing_destination,55,Application-30-Service,EndDevice-30,Application-30-Service,74300
28481,Application-27,M_Req,missing_destination,52,Application-27-Service,EndDevice-27,Application-27-Service,74300
28490,Application-47,M_Req,missing_destination,72,Application-47-Service,EndDevice-47,Application-47-Service,74300
28500,Application-37,M_Req,missing_destination,62,Application-37-Service,EndDevice-37,Application-37-Service,74400
28502,Application-8,M_Req,missing_destination,33,Application-8-Service,EndDevice-8,Application-8-Service,74400
28581,Application-16,M_Req,missing_destination,41,Application-16-Service,EndDevice-16,Application-16-Service,74600
28597,Application-6,M_Req,missing_destination,31,Application-6-Service,EndDevice-6,Application-6-Service,74600
28629,Application-16,M_Req,missing_destination,41,Application-16-Service,EndDevice-16,Application-16-Service,74700
28645,Application-6,M_Req,missing_destination,31,Application-6-Service,EndDevice-6,Application-6-Service,74700
28678,Application-37,M_Req,missing_destination,62,Application-37-Service,EndDevice-37,Application-37-Service,74900
28688,Application-30,M_Req,missing_destination,55,Application-30-Service,EndDevice-30,Application-30-Service,74900
28733,Application-30,M_Req,missing_destination,55,Application-30-Service,EndDevice-30,Application-30-Service,75000
28803,Application-28,M_Req,missing_destination,53,Application-28-Service,EndDevice-28,Application-28-Service,75200
28804,Application-38,M_Req,missing_destination,63,Application-38-Service,EndDevice-38,Application-38-Service,75200
28819,Application-8,M_Req,missing_destination,33,Application-8-Service,EndDevice-8,Application-8-Service,75200
28832,Application-9,M_Req,missing_destination,34,Application-9-Service,EndDevice-9,Application-9-Service,75300
28833,Application-42,M_Req,missing_destination,67,Application-42-Service,EndDevice-42,Application-42-Service,75300
28851,Application-28,M_Req,missing_destination,53,Application-28-Service,EndDevice-28,Application-28-Service,75300
28852,Application-38,M_Req,missing_destination,63,Application-38-Service,EndDevice-38,Application-38-Service,75300
28867,Application-8,M_Req,missing_destination,33,Application-8-Service,EndDevice-8,Application-8-Service,75300
28891,Application-28,M_Req,missing_destination,53,Application-28-Service,EndDevice-28,Application-28-Service,75400
28892,Application-38,M_Req,missing_destination,63,Application-38-Service,EndDevice-38,Application-38-Service,75400
28930,Application-39,M_Req,missing_destination,64,Application-39-Service,EndDevice-39,Application-39-Service,75500
28939,Application-28,M_Req,missing_destination,53,Application-28-Service,EndDevice-28,Application-28-Service,75500
28940,Application-38,M_Req,missing_destination,63,Application-38-Service,EndDevice-38,Application-38-Service,75500
28942,Application-16,M_Req,missing_destination,41,Application-16-Service,EndDevice-16,Application-16-Service,75500
28946,Application-6,M_Req,missing_destination,31,Application-6-Service,EndDevice-6,Application-6-Service,75500
28972,Application-39,M_Req,missing_destination,64,Application-39-Service,EndDevice-39,Application-39-Service,75600
29020,Application-39,M_Req,missing_destination,64,Application-39-Service,EndDevice-39,Application-39-Service,75700
29028,Application-16,M_Req,missing_destination,41,Application-16-Service,EndDevice-16,Application-16-Service,75800
29032,Application-6,M_Req,missing_destination,31,Application-6-Service,EndDevice-6,Application-6-Service,75800
29035,Application-46,M_Req,missing_destination,71,Application-46-Service,EndDevice-46,Application-46-Service,75800
29051,Application-7,M_Req,missing_destination,32,Application-7-Service,EndDevice-7,Application-7-Service,75800
29059,Application-39,M_Req,missing_destination,64,Application-39-Service,EndDevice-39,Application-39-Service,75900
29076,Application-16,M_Req,missing_destination,41,Application-16-Service,EndDevice-16,Application-16-Service,75900
29080,Application-6,M_Req,missing_destination,31,Application-6-Service,EndDevice-6,Application-6-Service,75900
29083,Application-46,M_Req,missing_destination,71,Application-46-Service,EndDevice-46,Application-46-Service,75900
29099,Application-7,M_Req,missing_destination,32,Application-7-Service,EndDevice-7,Application-7-Service,75900
29145,Application-2,M_Req,missing_destination,27,Application-2-Service,EndDevice-2,Application-2-Service,76100
29152,Application-24,M_Req,missing_destination,49,Application-24-Service,EndDevice-24,Application-24-Service,76100
29170,Application-12,M_Req,missing_destination,37,Application-12-Service,EndDevice-12,Application-12-Service,76100
29174,Application-22,M_Req,missing_destination,47,Application-22-Service,EndDevice-22,Application-22-Service,76100
29178,Application-42,M_Req,missing_destination,67,Application-42-Service,EndDevice-42,Application-42-Service,76100
29190,Application-2,M_Req,missing_destination,27,Application-2-Service,EndDevice-2,Application-2-Service,76200
29238,Application-2,M_Req,missing_destination,27,Application-2-Service,EndDevice-2,Application-2-Service,76300
29281,Application-2,M_Req,missing_destination,27,Application-2-Service,EndDevice-2,Application-2-Service,76400
29290,Application-44,M_Req,missing_destination,69,Application-44-Service,EndDevice-44,Application-44-Service,76500
29292,Application-33,M_Req,missing_destination,58,Application-33-Service,EndDevice-33,Application-33-Service,76500
29293,Application-11,M_Req,missing_destination,36,Application-11-Service,EndDevice-11,Application-11-Service,76500
29329,Application-2,M_Req,missing_destination,27,Application-2-Service,EndDevice-2,Application-2-Service,76500
29362,Application-3,M_Req,missing_destination,28,Application-3-Service,EndDevice-3,Application-3-Service,76700
29374,Application-37,M_Req,missing_destination,62,Application-37-Service,EndDevice-37,Application-37-Service,76700
29404,Application-24,M_Req,missing_destination,49,Application-24-Service,EndDevice-24,Application-24-Service,76700
29405,Application-14,M_Req,missing_destination,39,Application-14-Service,EndDevice-14,Application-14-Service,76700
29410,Application-3,M_Req,missing_destination,28,Application-3-Service,EndDevice-3,Application-3-Service,76800
29421,Application-37,M_Req,missing_destination,62,Application-37-Service,EndDevice-37,Application-37-Service,76800
29458,Application-3,M_Req,missing_destination,28,Application-3-Service,EndDevice-3,Application-3-Service,76900
29469,Application-37,M_Req,missing_destination,62,Application-37-Service,EndDevice-37,Application-37-Service,76900
29492,Application-41,M_Req,missing_destination,66,Application-41-Service,EndDevice-41,Application-41-Service,77000
29499,Application-31,M_Req,missing_destination,56,Application-31-Service,EndDevice-31,Application-31-Service,77000
29509,Application-23,M_Req,missing_destination,48,Application-23-Service,EndDevice-23,Application-23-Service,77000
29510,Application-37,M_Req,missing_destination,62,Application-37-Service,EndDevice-37,Application-37-Service,77000
29517,Application-34,M_Req,missing_destination,59,Application-34-Service,EndDevice-34,Application-34-Service,77100
29540,Application-41,M_Req,missing_destination,66,Application-41-Service,EndDevice-41,Application-41-Service,77100
29547,Application-31,M_Req,missing_destination,56,Application-31-Service,EndDevice-31,Application-31-Service,77100
29557,Application-23,M_Req,missing_destination,48,Application-23-Service,EndDevice-23,Application-23-Service,77100
29558,Application-37,M_Req,missing_destination,62,Application-37-Service,EndDevice-37,Application-37-Service,77100
29598,Application-23,M_Req,missing_destination,48,Application-23-Service,EndDevice-23,Application-23-Service,77300
29603,Application-15,M_Req,missing_destination,40,Application-15-Service,EndDevice-15,Application-15-Service,77300
29607,Application-4,M_Req,missing_destination,29,Application-4-Service,EndDevice-4,Application-4-Service,77300
29619,Application-3,M_Req,missing_destination,28,Application-3-Service,EndDevice-3,Application-3-Service,77300
29632,Application-13,M_Req,missing_destination,38,Application-13-Service,EndDevice-13,Application-13-Service,77300
29644,Application-23,M_Req,missing_destination,48,Application-23-Service,EndDevice-23,Application-23-Service,77400
29647,Application-15,M_Req,missing_destination,40,Application-15-Service,EndDevice-15,Application-15-Service,77400
29651,Application-4,M_Req,missing_destination,29,Application-4-Service,EndDevice-4,Application-4-Service,77400
29662,Application-3,M_Req,missing_destination,28,Application-3-Service,EndDevice-3,Application-3-Service,77400
29692,Application-23,M_Req,missing_destination,48,Application-23-Service,EndDevice-23,Application-23-Service,77500
29695,Application-15,M_Req,missing_destination,40,Application-15-Service,EndDevice-15,Application-15-Service,77500
29699,Application-4,M_Req,missing_destination,29,Application-4-Service,EndDevice-4,Application-4-Service,77500
29710,Application-3,M_Req,missing_destination,28,Application-3-Service,EndDevice-3,Application-3-Service,77500
29717,Application-12,M_Req,missing_destination,37,Application-12-Service,EndDevice-12,Application-12-Service,77600
29720,Application-22,M_Req,missing_destination,47,Application-22-Service,EndDevice-22,Application-22-Service,77600
29726,Application-2,M_Req,missing_destination,27,Application-2-Service,EndDevice-2,Application-2-Service,77600
29727,Application-42,M_Req,missing_destination,67,Application-42-Service,EndDevice-42,Application-42-Service,77600
29736,Application-23,M_Req,missing_destination,48,Application-23-Service,EndDevice-23,Application-23-Service,77600
29739,Application-15,M_Req,missing_destination,40,Application-15-Service,EndDevice-15,Application-15-Service,77600
29742,Application-4,M_Req,missing_destination,29,Application-4-Service,EndDevice-4,Application-4-Service,77600
29748,Application-35,M_Req,missing_destination,60,Application-35-Service,EndDevice-35,Application-35-Service,77700
29765,Application-12,M_Req,missing_destination,37,Application-12-Service,EndDevice-12,Application-12-Service,77700
29768,Application-22,M_Req,missing_destination,47,Application-22-Service,EndDevice-22,Application-22-Service,77700
29774,Application-2,M_Req,missing_destination,27,Application-2-Service,EndDevice-2,Application-2-Service,77700
29775,Application-42,M_Req,missing_destination,67,Application-42-Service,EndDevice-42,Application-42-Service,77700
29784,Application-23,M_Req,missing_destination,48,Application-23-Service,EndDevice-23,Application-23-Service,77700
29787,Application-15,M_Req,missing_destination,40,Application-15-Service,EndDevice-15,Application-15-Service,77700
29790,Application-4,M_Req,missing_destination,29,Application-4-Service,EndDevice-4,Application-4-Service,77700
29827,Application-15,M_Req,missing_destination,40,Application-15-Service,EndDevice-15,Application-15-Service,77900
29857,Application-5,M_Req,missing_destination,30,Application-5-Service,EndDevice-5,Application-5-Service,77900
29860,Application-45,M_Req,missing_destination,70,Application-45-Service,EndDevice-45,Application-45-Service,77900
29875,Application-15,M_Req,missing_destination,40,Application-15-Service,EndDevice-15,Application-15-Service,78000
29923,Application-15,M_Req,missing_destination,40,Application-15-Service,EndDevice-15,Application-15-Service,78100
29956,Application-41,M_Req,missing_destination,66,Application-41-Service,EndDevice-41,Application-41-Service,78200
29960,Application-11,M_Req,missing_destination,36,Application-11-Service,EndDevice-11,Application-11-Service,78200
29979,Application-1,M_Req,missing_destination,26,Application-1-Service,EndDevice-1,Application-1-Service,78300
30004,Application-41,M_Req,missing_destination,66,Application-41-Service,EndDevice-41,Application-41-Service,78300
30008,Application-11,M_Req,missing_destination,36,Application-11-Service,EndDevice-11,Application-11-Service,78300
30026,Application-1,M_Req,missing_destination,26,Application-1-Service,EndDevice-1,Application-1-Service,78400
30045,Application-41,M_Req,missing_destination,66,Application-41-Service,EndDevice-41,Application-41-Service,78400
30049,Application-11,M_Req,missing_destination,36,Application-11-Service,EndDevice-11,Application-11-Service,78400
30058,Application-32,M_Req,missing_destination,57,Application-32-Service,EndDevice-32,Application-32-Service,78500
30059,Application-22,M_Req,missing_destination,47,Application-22-Service,EndDevice-22,Application-22-Service,78500
30063,Application-35,M_Req,missing_destination,60,Application-35-Service,EndDevice-35,Application-35-Service,78500
30070,Application-24,M_Req,missing_destination,49,Application-24-Service,EndDevice-24,Application-24-Service,78500
30074,Application-1,M_Req,missing_destination,26,Application-1-Service,EndDevice-1,Application-1-Service,78500
30093,Application-41,M_Req,missing_destination,66,Application-41-Service,EndDevice-41,Application-41-Service,78500
30097,Application-11,M_Req,missing_destination,36,Application-11-Service,EndDevice-11,Application-11-Service,78500
30103,Application-32,M_Req,missing_destination,57,Application-32-Service,EndDevice-32,Application-32-Service,78600
30104,Application-22,M_Req,missing_destination,47,Application-22-Service,EndDevice-22,Application-22-Service,78600
30106,Application-35,M_Req,missing_destination,60,Application-35-Service,EndDevice-35,Application-35-Service,78600
30113,Application-24,M_Req,missing_destination,49,Application-24-Service,EndDevice-24,Application-24-Service,78600
30116,Application-1,M_Req,missing_destination,26,Application-1-Service,EndDevice-1,Application-1-Service,78600
30164,Application-1,M_Req,missing_destination,26,Application-1-Service,EndDevice-1,Application-1-Service,78700
30176,Application-26,M_Req,missing_destination,51,Application-26-Service,EndDevice-26,Application-26-Service,78800
30182,Application-16,M_Req,missing_destination,41,Application-16-Service,EndDevice-16,Application-16-Service,78800
30204,Application-7,M_Req,missing_destination,32,Application-7-Service,EndDevice-7,Application-7-Service,78800
30224,Application-26,M_Req,missing_destination,51,Application-26-Service,EndDevice-26,Application-26-Service,78900
30230,Application-16,M_Req,missing_destination,41,Application-16-Service,EndDevice-16,Application-16-Service,78900
30252,Application-7,M_Req,missing_destination,32,Application-7-Service,EndDevice-7,Application-7-Service,78900
30288,Application-47,M_Req,missing_destination,72,Application-47-Service,EndDevice-47,Application-47-Service,79100
30293,Application-41,M_Req,missing_destination,66,Application-41-Service,EndDevice-41,Application-41-Service,79100
30304,Application-30,M_Req,missing_destination,55,Application-30-Service,EndDevice-30,Application-30-Service,79100
30313,Application-17,M_Req,missing_destination,42,Application-17-Service,EndDevice-17,Application-17-Service,79100
30329,Application-37,M_Req,missing_destination,62,Application-37-Service,EndDevice-37,Application-37-Service,79100
30330,Application-27,M_Req,missing_destination,52,Application-27-Service,EndDevice-27,Application-27-Service,79100
30335,Application-47,M_Req,missing_destination,72,Application-47-Service,EndDevice-47,Application-47-Service,79200
30339,Application-41,M_Req,missing_destination,66,Application-41-Service,EndDevice-41,Application-41-Service,79200
30355,Application-17,M_Req,missing_destination,42,Application-17-Service,EndDevice-17,Application-17-Service,79200
30412,Application-14,M_Req,missing_destination,39,Application-14-Service,EndDevice-14,Application-14-Service,79400
30416,Application-34,M_Req,missing_destination,59,Application-34-Service,EndDevice-34,Application-34-Service,79400
30421,Application-24,M_Req,missing_destination,49,Application-24-Service,EndDevice-24,Application-24-Service,79400
30425,Application-4,M_Req,missing_destination,29,Application-4-Service,EndDevice-4,Application-4-Service,79400
30439,Application-15,M_Req,missing_destination,40,Application-15-Service,EndDevice-15,Application-15-Service,79500
30460,Application-14,M_Req,missing_destination,39,Application-14-Service,EndDevice-14,Application-14-Service,79500
30464,Application-34,M_Req,missing_destination,59,Application-34-Service,EndDevice-34,Application-34-Service,79500
30469,Application-24,M_Req,missing_destination,49,Application-24-Service,EndDevice-24,Application-24-Service,79500
30473,Application-4,M_Req,missing_destination,29,Application-4-Service,EndDevice-4,Application-4-Service,79500
30517,Application-38,M_Req,missing_destination,63,Application-38-Service,EndDevice-38,Application-38-Service,79700
30523,Application-9,M_Req,missing_destination,34,Application-9-Service,EndDevice-9,Application-9-Service,79700
30524,Application-42,M_Req,missing_destination,67,Application-42-Service,EndDevice-42,Application-42-Service,79700
30527,Application-20,M_Req,missing_destination,45,Application-20-Service,EndDevice-20,Application-20-Service,79700
30535,Application-31,M_Req,missing_destination,56,Application-31-Service,EndDevice-31,Application-31-Service,79700
30542,Application-48,M_Req,missing_destination,73,Application-48-Service,EndDevice-48,Application-48-Service,79700
30552,Application-8,M_Req,missing_destination,33,Application-8-Service,EndDevice-8,Application-8-Service,79700
30553,Application-18,M_Req,missing_destination,43,Application-18-Service,EndDevice-18,Application-18-Service,79700
30564,Application-38,M_Req,missing_destination,63,Application-38-Service,EndDevice-38,Application-38-Service,79800
30570,Application-9,M_Req,missing_destination,34,Application-9-Service,EndDevice-9,Application-9-Service,79800
30571,Application-42,M_Req,missing_destination,67,Application-42-Service,EndDevice-42,Application-42-Service,79800
30574,Application-20,M_Req,missing_destination,45,Application-20-Service,EndDevice-20,Application-20-Service,79800
30579,Application-31,M_Req,missing_destination,56,Application-31-Service,EndDevice-31,Application-31-Service,79800
30584,Application-48,M_Req,missing_destination,73,Application-48-Service,EndDevice-48,Application-48-Service,79800
30642,Application-39,M_Req,missing_destination,64,Application-39-Service,EndDevice-39,Application-39-Service,80000
30648,Application-19,M_Req,missing_destination,44,Application-19-Service,EndDevice-19,Application-19-Service,80000
30690,Application-39,M_Req,missing_destination,64,Application-39-Service,EndDevice-39,Application-39-Service,80100
30696,Application-19,M_Req,missing_destination,44,Application-19-Service,EndDevice-19,Application-19-Service,80100
30750,Application-5,M_Req,missing_destination,30,Application-5-Service,EndDevice-5,Application-5-Service,80300
30771,Application-15,M_Req,missing_destination,40,Application-15-Service,EndDevice-15,Application-15-Service,80300
30774,Application-35,M_Req,missing_destination,60,Application-35-Service,EndDevice-35,Application-35-Service,80300
30787,Application-45,M_Req,missing_destination,70,Application-45-Service,EndDevice-45,Application-45-Service,80300
30796,Application-5,M_Req,missing_destination,30,Application-5-Service,EndDevice-5,Application-5-Service,80400
30810,Application-15,M_Req,missing_destination,40,Application-15-Service,EndDevice-15,Application-15-Service,80400
30813,Application-35,M_Req,missing_destination,60,Application-35-Service,EndDevice-35,Application-35-Service,80400
30870,Application-36,M_Req,missing_destination,61,Application-36-Service,EndDevice-36,Application-36-Service,80600
30882,Application-47,M_Req,missing_destination,72,Application-47-Service,EndDevice-47,Application-47-Service,80600
30918,Application-36,M_Req,missing_destination,61,Application-36-Service,EndDevice-36,Application-36-Service,80700
30930,Application-47,M_Req,missing_destination,72,Application-47-Service,EndDevice-47,Application-47-Service,80700
30969,Application-4,M_Req,missing_destination,29,Application-4-Service,EndDevice-4,Application-4-Service,80900
30982,Application-44,M_Req,missing_destination,69,Application-44-Service,EndDevice-44,Application-44-Service,80900
30987,Application-16,M_Req,missing_destination,41,Application-16-Service,EndDevice-16,Application-16-Service,80900
30994,Application-48,M_Req,missing_destination,73,Application-48-Service,EndDevice-48,Application-48-Service,80900
30997,Application-24,M_Req,missing_destination,49,Application-24-Service,EndDevice-24,Application-24-Service,80900
31000,Application-14,M_Req,missing_destination,39,Application-14-Service,EndDevice-14,Application-14-Service,80900
31017,Application-4,M_Req,missing_destination,29,Application-4-Service,EndDevice-4,Application-4-Service,81000
31028,Application-44,M_Req,missing_destination,69,Application-44-Service,EndDevice-44,Application-44-Service,81000
31032,Application-16,M_Req,missing_destination,41,Application-16-Service,EndDevice-16,Application-16-Service,81000
31041,Application-24,M_Req,missing_destination,49,Application-24-Service,EndDevice-24,Application-24-Service,81000
31095,Application-19,M_Req,missing_destination,44,Application-19-Service,EndDevice-19,Application-19-Service,81200
31102,Application-29,M_Req,missing_destination,54,Application-29-Service,EndDevice-29,Application-29-Service,81200
31125,Application-43,M_Req,missing_destination,68,Application-43-Service,EndDevice-43,Application-43-Service,81200
31143,Application-19,M_Req,missing_destination,44,Application-19-Service,EndDevice-19,Application-19-Service,81300
31150,Application-29,M_Req,missing_destination,54,Application-29-Service,EndDevice-29,Application-29-Service,81300
31173,Application-43,M_Req,missing_destination,68,Application-43-Service,EndDevice-43,Application-43-Service,81300
31186,Application-19,M_Req,missing_destination,44,Application-19-Service,EndDevice-19,Application-19-Service,81400
31220,Application-41,M_Req,missing_destination,66,Application-41-Service,EndDevice-41,Application-41-Service,81500
31234,Application-19,M_Req,missing_destination,44,Application-19-Service,EndDevice-19,Application-19-Service,81500
31262,Application-41,M_Req,missing_destination,66,Application-41-Service,EndDevice-41,Application-41-Service,81600
31310,Application-41,M_Req,missing_destination,66,Application-41-Service,EndDevice-41,Application-41-Service,81700
31329,Application-11,M_Req,missing_destination,36,Application-11-Service,EndDevice-11,Application-11-Service,81800
31341,Application-21,M_Req,missing_destination,46,Application-21-Service,EndDevice-21,Application-21-Service,81800
31351,Application-41,M_Req,missing_destination,66,Application-41-Service,EndDevice-41,Application-41-Service,81800
31352,Application-12,M_Req,missing_destination,37,Application-12-Service,EndDevice-12,Application-12-Service,81800
31353,Application-34,M_Req,missing_destination,59,Application-34-Service,EndDevice-34,Application-34-Service,81900
31357,Application-45,M_Req,missing_destination,70,Application-45-Service,EndDevice-45,Application-45-Service,81900
31377,Application-11,M_Req,missing_destination,36,Application-11-Service,EndDevice-11,Application-11-Service,81900
31389,Application-21,M_Req,missing_destination,46,Application-21-Service,EndDevice-21,Application-21-Service,81900
31399,Application-41,M_Req,missing_destination,66,Application-41-Service,EndDevice-41,Application-41-Service,81900
31400,Application-12,M_Req,missing_destination,37,Application-12-Service,EndDevice-12,Application-12-Service,81900
31401,Application-34,M_Req,missing_destination,59,Application-34-Service,EndDevice-34,Application-34-Service,82000
31405,Application-45,M_Req,missing_destination,70,Application-45-Service,EndDevice-45,Application-45-Service,82000
31437,Application-25,M_Req,missing_destination,50,Application-25-Service,EndDevice-25,Application-25-Service,82100
31444,Application-5,M_Req,missing_destination,30,Application-5-Service,EndDevice-5,Application-5-Service,82100
31449,Application-34,M_Req,missing_destination,59,Application-34-Service,EndDevice-34,Application-34-Service,82100
31453,Application-45,M_Req,missing_destination,70,Application-45-Service,EndDevice-45,Application-45-Service,82100
31458,Application-15,M_Req,missing_destination,40,Application-15-Service,EndDevice-15,Application-15-Service,82100
31467,Application-26,M_Req,missing_destination,51,Application-26-Service,EndDevice-26,Application-26-Service,82100
31469,Application-16,M_Req,missing_destination,41,Application-16-Service,EndDevice-16,Application-16-Service,82100
31470,Application-46,M_Req,missing_destination,71,Application-46-Service,EndDevice-46,Application-46-Service,82100
31472,Application-36,M_Req,missing_destination,61,Application-36-Service,EndDevice-36,Application-36-Service,82100
31483,Application-25,M_Req,missing_destination,50,Application-25-Service,EndDevice-25,Application-25-Service,82200
31489,Application-5,M_Req,missing_destination,30,Application-5-Service,EndDevice-5,Application-5-Service,82200
31565,Application-15,M_Req,missing_destination,40,Application-15-Service,EndDevice-15,Application-15-Service,82400
31567,Application-45,M_Req,missing_destination,70,Application-45-Service,EndDevice-45,Application-45-Service,82400
31589,Application-6,M_Req,missing_destination,31,Application-6-Service,EndDevice-6,Application-6-Service,82500
31613,Application-15,M_Req,missing_destination,40,Application-15-Service,EndDevice-15,Application-15-Service,82500
31615,Application-45,M_Req,missing_destination,70,Application-45-Service,EndDevice-45,Application-45-Service,82500
31637,Application-6,M_Req,missing_destination,31,Application-6-Service,EndDevice-6,Application-6-Service,82600
31654,Application-15,M_Req,missing_destination,40,Application-15-Service,EndDevice-15,Application-15-Service,82600
31656,Application-45,M_Req,missing_destination,70,Application-45-Service,EndDevice-45,Application-45-Service,82600
31658,Application-38,M_Req,missing_destination,63,Application-38-Service,EndDevice-38,Application-38-Service,82700
31661,Application-28,M_Req,missing_destination,53,Application-28-Service,EndDevice-28,Application-28-Service,82700
31669,Application-48,M_Req,missing_destination,73,Application-48-Service,EndDevice-48,Application-48-Service,82700
31677,Application-20,M_Req,missing_destination,45,Application-20-Service,EndDevice-20,Application-20-Service,82700
31681,Application-9,M_Req,missing_destination,34,Application-9-Service,EndDevice-9,Application-9-Service,82700
31682,Application-31,M_Req,missing_destination,56,Application-31-Service,EndDevice-31,Application-31-Service,82700
31685,Application-6,M_Req,missing_destination,31,Application-6-Service,EndDevice-6,Application-6-Service,82700
31690,Application-8,M_Req,missing_destination,33,Application-8-Service,EndDevice-8,Application-8-Service,82700
31694,Application-18,M_Req,missing_destination,43,Application-18-Service,EndDevice-18,Application-18-Service,82700
31702,Application-15,M_Req,missing_destination,40,Application-15-Service,EndDevice-15,Application-15-Service,82700
31704,Application-45,M_Req,missing_destination,70,Application-45-Service,EndDevice-45,Application-45-Service,82700
31706,Application-38,M_Req,missing_destination,63,Application-38-Service,EndDevice-38,Application-38-Service,82800
31709,Application-28,M_Req,missing_destination,53,Application-28-Service,EndDevice-28,Application-28-Service,82800
31715,Application-48,M_Req,missing_destination,73,Application-48-Service,EndDevice-48,Application-48-Service,82800
31725,Application-9,M_Req,missing_destination,34,Application-9-Service,EndDevice-9,Application-9-Service,82800
31728,Application-6,M_Req,missing_destination,31,Application-6-Service,EndDevice-6,Application-6-Service,82800
31732,Application-8,M_Req,missing_destination,33,Application-8-Service,EndDevice-8,Application-8-Service,82800
31776,Application-6,M_Req,missing_destination,31,Application-6-Service,EndDevice-6,Application-6-Service,82900
31792,Application-18,M_Req,missing_destination,43,Application-18-Service,EndDevice-18,Application-18-Service,83000
31808,Application-19,M_Req,missing_destination,44,Application-19-Service,EndDevice-19,Application-19-Service,83000
31820,Application-8,M_Req,missing_destination,33,Application-8-Service,EndDevice-8,Application-8-Service,83100
31840,Application-18,M_Req,missing_destination,43,Application-18-Service,EndDevice-18,Application-18-Service,83100
31856,Application-19,M_Req,missing_destination,44,Application-19-Service,EndDevice-19,Application-19-Service,83100
31889,Application-12,M_Req,missing_destination,37,Application-12-Service,EndDevice-12,Application-12-Service,83300
31890,Application-32,M_Req,missing_destination,57,Application-32-Service,EndDevice-32,Application-32-Service,83300
31899,Application-24,M_Req,missing_destination,49,Application-24-Service,EndDevice-24,Application-24-Service,83300
31903,Application-46,M_Req,missing_destination,71,Application-46-Service,EndDevice-46,Application-46-Service,83300
31907,Application-35,M_Req,missing_destination,60,Application-35-Service,EndDevice-35,Application-35-Service,83300
31908,Application-2,M_Req,missing_destination,27,Application-2-Service,EndDevice-2,Application-2-Service,83300
31926,Application-42,M_Req,missing_destination,67,Application-42-Service,EndDevice-42,Application-42-Service,83300
31936,Application-32,M_Req,missing_destination,57,Application-32-Service,EndDevice-32,Application-32-Service,83400
31945,Application-24,M_Req,missing_destination,49,Application-24-Service,EndDevice-24,Application-24-Service,83400
31948,Application-46,M_Req,missing_destination,71,Application-46-Service,EndDevice-46,Application-46-Service,83400
31951,Application-2,M_Req,missing_destination,27,Application-2-Service,EndDevice-2,Application-2-Service,83400
31984,Application-32,M_Req,missing_destination,57,Application-32-Service,EndDevice-32,Application-32-Service,83500
31993,Application-24,M_Req,missing_destination,49,Application-24-Service,EndDevice-24,Application-24-Service,83500
31996,Application-46,M_Req,missing_destination,71,Application-46-Service,EndDevice-46,Application-46-Service,83500
31999,Application-2,M_Req,missing_destination,27,Application-2-Service,EndDevice-2,Application-2-Service,83500
32029,Application-32,M_Req,missing_destination,57,Application-32-Service,EndDevice-32,Application-32-Service,83600
32036,Application-24,M_Req,missing_destination,49,Application-24-Service,EndDevice-24,Application-24-Service,83600
32038,Application-46,M_Req,missing_destination,71,Application-46-Service,EndDevice-46,Application-46-Service,83600
32046,Application-30,M_Req,missing_destination,55,Application-30-Service,EndDevice-30,Application-30-Service,83700
32077,Application-32,M_Req,missing_destination,57,Application-32-Service,EndDevice-32,Application-32-Service,83700
32084,Application-24,M_Req,missing_destination,49,Application-24-Service,EndDevice-24,Application-24-Service,83700
32086,Application-46,M_Req,missing_destination,71,Application-46-Service,EndDevice-46,Application-46-Service,83700
32094,Application-30,M_Req,missing_destination,55,Application-30-Service,EndDevice-30,Application-30-Service,83800
32118,Application-32,M_Req,missing_destination,57,Application-32-Service,EndDevice-32,Application-32-Service,83900
32131,Application-36,M_Req,missing_destination,61,Application-36-Service,EndDevice-36,Application-36-Service,83900
32137,Application-2,M_Req,missing_destination,27,Application-2-Service,EndDevice-2,Application-2-Service,83900
32142,Application-30,M_Req,missing_destination,55,Application-30-Service,EndDevice-30,Application-30-Service,83900
32151,Application-22,M_Req,missing_destination,47,Application-22-Service,EndDevice-22,Application-22-Service,83900
32155,Application-42,M_Req,missing_destination,67,Application-42-Service,EndDevice-42,Application-42-Service,83900
32166,Application-32,M_Req,missing_destination,57,Application-32-Service,EndDevice-32,Application-32-Service,84000
32177,Application-36,M_Req,missing_destination,61,Application-36-Service,EndDevice-36,Application-36-Service,84000
32185,Application-30,M_Req,missing_destination,55,Application-30-Service,EndDevice-30,Application-30-Service,84000
32233,Application-30,M_Req,missing_destination,55,Application-30-Service,EndDevice-30,Application-30-Service,84100
32243,Application-47,M_Req,missing_destination,72,Application-47-Service,EndDevice-47,Application-47-Service,84200
32273,Application-30,M_Req,missing_destination,55,Application-30-Service,EndDevice-30,Application-30-Service,84300
32278,Application-41,M_Req,missing_destination,66,Application-41-Service,EndDevice-41,Application-41-Service,84300
32291,Application-47,M_Req,missing_destination,72,Application-47-Service,EndDevice-47,Application-47-Service,84300
32321,Application-30,M_Req,missing_destination,55,Application-30-Service,EndDevice-30,Application-30-Service,84400
32325,Application-41,M_Req,missing_destination,66,Application-41-Service,EndDevice-41,Application-41-Service,84400
32332,Application-47,M_Req,missing_destination,72,Application-47-Service,EndDevice-47,Application-47-Service,84400
32351,Application-4,M_Req,missing_destination,29,Application-4-Service,EndDevice-4,Application-4-Service,84500
32352,Application-44,M_Req,missing_destination,69,Application-44-Service,EndDevice-44,Application-44-Service,84500
32356,Application-24,M_Req,missing_destination,49,Application-24-Service,EndDevice-24,Application-24-Service,84500
32359,Application-15,M_Req,missing_destination,40,Application-15-Service,EndDevice-15,Application-15-Service,84500
32367,Application-37,M_Req,missing_destination,62,Application-37-Service,EndDevice-37,Application-37-Service,84500
32369,Application-30,M_Req,missing_destination,55,Application-30-Service,EndDevice-30,Application-30-Service,84500
32372,Application-26,M_Req,missing_destination,51,Application-26-Service,EndDevice-26,Application-26-Service,84500
32373,Application-41,M_Req,missing_destination,66,Application-41-Service,EndDevice-41,Application-41-Service,84500
32380,Application-47,M_Req,missing_destination,72,Application-47-Service,EndDevice-47,Application-47-Service,84500
32397,Application-44,M_Req,missing_destination,69,Application-44-Service,EndDevice-44,Application-44-Service,84600
32400,Application-24,M_Req,missing_destination,49,Application-24-Service,EndDevice-24,Application-24-Service,84600
32403,Application-15,M_Req,missing_destination,40,Application-15-Service,EndDevice-15,Application-15-Service,84600
32410,Application-37,M_Req,missing_destination,62,Application-37-Service,EndDevice-37,Application-37-Service,84600
32412,Application-30,M_Req,missing_destination,55,Application-30-Service,EndDevice-30,Application-30-Service,84600
32415,Application-26,M_Req,missing_destination,51,Application-26-Service,EndDevice-26,Application-26-Service,84600
32416,Application-41,M_Req,missing_destination,66,Application-41-Service,EndDevice-41,Application-41-Service,84600
32445,Application-44,M_Req,missing_destination,69,Application-44-Service,EndDevice-44,Application-44-Service,84700
32448,Application-24,M_Req,missing_destination,49,Application-24-Service,EndDevice-24,Application-24-Service,84700
32451,Application-15,M_Req,missing_destination,40,Application-15-Service,EndDevice-15,Application-15-Service,84700
32458,Application-37,M_Req,missing_destination,62,Application-37-Service,EndDevice-37,Application-37-Service,84700
32463,Application-26,M_Req,missing_destination,51,Application-26-Service,EndDevice-26,Application-26-Service,84700
32470,Application-34,M_Req,missing_destination,59,Application-34-Service,EndDevice-34,Application-34-Service,84800
32488,Application-25,M_Req,missing_destination,50,Application-25-Service,EndDevice-25,Application-25-Service,84800
32489,Application-44,M_Req,missing_destination,69,Application-44-Service,EndDevice-44,Application-44-Service,84800
32492,Application-24,M_Req,missing_destination,49,Application-24-Service,EndDevice-24,Application-24-Service,84800
32495,Application-15,M_Req,missing_destination,40,Application-15-Service,EndDevice-15,Application-15-Service,84800
32498,Application-5,M_Req,missing_destination,30,Application-5-Service,EndDevice-5,Application-5-Service,84800
32501,Application-37,M_Req,missing_destination,62,Application-37-Service,EndDevice-37,Application-37-Service,84900
32504,Application-26,M_Req,missing_destination,51,Application-26-Service,EndDevice-26,Application-26-Service,84900
32518,Application-34,M_Req,missing_destination,59,Application-34-Service,EndDevice-34,Application-34-Service,84900
32536,Application-25,M_Req,missing_destination,50,Application-25-Service,EndDevice-25,Application-25-Service,84900
32537,Application-44,M_Req,missing_destination,69,Application-44-Service,EndDevice-44,Application-44-Service,84900
32540,Application-24,M_Req,missing_destination,49,Application-24-Service,EndDevice-24,Application-24-Service,84900
32543,Application-15,M_Req,missing_destination,40,Application-15-Service,EndDevice-15,Application-15-Service,84900
32546,Application-5,M_Req,missing_destination,30,Application-5-Service,EndDevice-5,Application-5-Service,84900
32577,Application-44,M_Req,missing_destination,69,Application-44-Service,EndDevice-44,Application-44-Service,85100
32580,Application-24,M_Req,missing_destination,49,Application-24-Service,EndDevice-24,Application-24-Service,85100
32584,Application-14,M_Req,missing_destination,39,Application-14-Service,EndDevice-14,Application-14-Service,85100
32625,Application-44,M_Req,missing_destination,69,Application-44-Service,EndDevice-44,Application-44-Service,85200
32628,Application-14,M_Req,missing_destination,39,Application-14-Service,EndDevice-14,Application-14-Service,85200
32705,Application-27,M_Req,missing_destination,52,Application-27-Service,EndDevice-27,Application-27-Service,85400
32713,Application-47,M_Req,missing_destination,72,Application-47-Service,EndDevice-47,Application-47-Service,85400
32725,Application-19,M_Req,missing_destination,44,Application-19-Service,EndDevice-19,Application-19-Service,85400
32732,Application-30,M_Req,missing_destination,55,Application-30-Service,EndDevice-30,Application-30-Service,85500
32734,Application-41,M_Req,missing_destination,66,Application-41-Service,EndDevice-41,Application-41-Service,85500
32753,Application-27,M_Req,missing_destination,52,Application-27-Service,EndDevice-27,Application-27-Service,85500
32761,Application-47,M_Req,missing_destination,72,Application-47-Service,EndDevice-47,Application-47-Service,85500
32773,Application-19,M_Req,missing_destination,44,Application-19-Service,EndDevice-19,Application-19-Service,85500
32779,Application-30,M_Req,missing_destination,55,Application-30-Service,EndDevice-30,Application-30-Service,85600
32781,Application-41,M_Req,missing_destination,66,Application-41-Service,EndDevice-41,Application-41-Service,85600
32797,Application-27,M_Req,missing_destination,52,Application-27-Service,EndDevice-27,Application-27-Service,85600
32804,Application-47,M_Req,missing_destination,72,Application-47-Service,EndDevice-47,Application-47-Service,85600
32818,Application-4,M_Req,missing_destination,29,Application-4-Service,EndDevice-4,Application-4-Service,85700
32827,Application-30,M_Req,missing_destination,55,Application-30-Service,EndDevice-30,Application-30-Service,85700
32829,Application-41,M_Req,missing_destination,66,Application-41-Service,EndDevice-41,Application-41-Service,85700
32845,Application-27,M_Req,missing_destination,52,Application-27-Service,EndDevice-27,Application-27-Service,85700
32852,Application-47,M_Req,missing_destination,72,Application-47-Service,EndDevice-47,Application-47-Service,85700
32866,Application-4,M_Req,missing_destination,29,Application-4-Service,EndDevice-4,Application-4-Service,85800
32872,Application-30,M_Req,missing_destination,55,Application-30-Service,EndDevice-30,Application-30-Service,85800
32873,Application-41,M_Req,missing_destination,66,Application-41-Service,EndDevice-41,Application-41-Service,85800
32920,Application-30,M_Req,missing_destination,55,Application-30-Service,EndDevice-30,Application-30-Service,85900
32921,Application-41,M_Req,missing_destination,66,Application-41-Service,EndDevice-41,Application-41-Service,85900
32938,Application-16,M_Req,missing_destination,41,Application-16-Service,EndDevice-16,Application-16-Service,86000
32964,Application-40,M_Req,missing_destination,65,Application-40-Service,EndDevice-40,Application-40-Service,86100
32986,Application-16,M_Req,missing_destination,41,Application-16-Service,EndDevice-16,Application-16-Service,86100
33046,Application-39,M_Req,missing_destination,64,Application-39-Service,EndDevice-39,Application-39-Service,86300
33079,Application-29,M_Req,missing_destination,54,Application-29-Service,EndDevice-29,Application-29-Service,86300
33175,Application-37,M_Req,missing_destination,62,Application-37-Service,EndDevice-37,Application-37-Service,86600
33192,Application-40,M_Req,missing_destination,65,Application-40-Service,EndDevice-40,Application-40-Service,86700
33196,Application-18,M_Req,missing_destination,43,Application-18-Service,EndDevice-18,Application-18-Service,86700
33223,Application-37,M_Req,missing_destination,62,Application-37-Service,EndDevice-37,Application-37-Service,86700
33239,Application-40,M_Req,missing_destination,65,Application-40-Service,EndDevice-40,Application-40-Service,86800
33243,Application-18,M_Req,missing_destination,43,Application-18-Service,EndDevice-18,Application-18-Service,86800
33265,Application-37,M_Req,missing_destination,62,Application-37-Service,EndDevice-37,Application-37-Service,86800
33267,Application-3,M_Req,missing_destination,28,Application-3-Service,EndDevice-3,Application-3-Service,86900
33274,Application-33,M_Req,missing_destination,58,Application-33-Service,EndDevice-33,Application-33-Service,86900
33287,Application-40,M_Req,missing_destination,65,Application-40-Service,EndDevice-40,Application-40-Service,86900
33291,Application-18,M_Req,missing_destination,43,Application-18-Service,EndDevice-18,Application-18-Service,86900
33292,Application-47,M_Req,missing_destination,72,Application-47-Service,EndDevice-47,Application-47-Service,86900
33295,Application-13,M_Req,missing_destination,38,Application-13-Service,EndDevice-13,Application-13-Service,86900
33303,Application-23,M_Req,missing_destination,48,Application-23-Service,EndDevice-23,Application-23-Service,86900
33313,Application-37,M_Req,missing_destination,62,Application-37-Service,EndDevice-37,Application-37-Service,86900
33315,Application-3,M_Req,missing_destination,28,Application-3-Service,EndDevice-3,Application-3-Service,87000
33331,Application-40,M_Req,missing_destination,65,Application-40-Service,EndDevice-40,Application-40-Service,87000
33336,Application-13,M_Req,missing_destination,38,Application-13-Service,EndDevice-13,Application-13-Service,87000
33363,Application-3,M_Req,missing_destination,28,Application-3-Service,EndDevice-3,Application-3-Service,87100
33384,Application-13,M_Req,missing_destination,38,Application-13-Service,EndDevice-13,Application-13-Service,87100
33403,Application-18,M_Req,missing_destination,43,Application-18-Service,EndDevice-18,Application-18-Service,87200
33407,Application-3,M_Req,missing_destination,28,Application-3-Service,EndDevice-3,Application-3-Service,87200
33414,Application-20,M_Req,missing_destination,45,Application-20-Service,EndDevice-20,Application-20-Service,87200
33418,Application-31,M_Req,missing_destination,56,Application-31-Service,EndDevice-31,Application-31-Service,87200
33423,Application-9,M_Req,missing_destination,34,Application-9-Service,EndDevice-9,Application-9-Service,87300
33451,Application-18,M_Req,missing_destination,43,Application-18-Service,EndDevice-18,Application-18-Service,87300
33455,Application-3,M_Req,missing_destination,28,Application-3-Service,EndDevice-3,Application-3-Service,87300
33462,Application-20,M_Req,missing_destination,45,Application-20-Service,EndDevice-20,Application-20-Service,87300
33466,Application-31,M_Req,missing_destination,56,Application-31-Service,EndDevice-31,Application-31-Service,87300
33470,Application-9,M_Req,missing_destination,34,Application-9-Service,EndDevice-9,Application-9-Service,87400
33492,Application-18,M_Req,missing_destination,43,Application-18-Service,EndDevice-18,Application-18-Service,87400
33501,Application-20,M_Req,missing_destination,45,Application-20-Service,EndDevice-20,Application-20-Service,87500
33515,Application-11,M_Req,missing_destination,36,Application-11-Service,EndDevice-11,Application-11-Service,87500
33518,Application-9,M_Req,missing_destination,34,Application-9-Service,EndDevice-9,Application-9-Service,87500
33530,Application-10,M_Req,missing_destination,35,Application-10-Service,EndDevice-10,Application-10-Service,87500
33540,Application-18,M_Req,missing_destination,43,Application-18-Service,EndDevice-18,Application-18-Service,87500
33558,Application-11,M_Req,missing_destination,36,Application-11-Service,EndDevice-11,Application-11-Service,87600
33561,Application-9,M_Req,missing_destination,34,Application-9-Service,EndDevice-9,Application-9-Service,87600
33609,Application-9,M_Req,missing_destination,34,Application-9-Service,EndDevice-9,Application-9-Service,87700
33629,Application-20,M_Req,missing_destination,45,Application-20-Service,EndDevice-20,Application-20-Service,87800
33637,Application-1,M_Req,missing_destination,26,Application-1-Service,EndDevice-1,Application-1-Service,87800
33642,Application-41,M_Req,missing_destination,66,Application-41-Service,EndDevice-41,Application-41-Service,87800
33654,Application-45,M_Req,missing_destination,70,Application-45-Service,EndDevice-45,Application-45-Service,87900
33657,Application-34,M_Req,missing_destination,59,Application-34-Service,EndDevice-34,Application-34-Service,87900
33677,Application-20,M_Req,missing_destination,45,Application-20-Service,EndDevice-20,Application-20-Service,87900
33685,Application-1,M_Req,missing_destination,26,Application-1-Service,EndDevice-1,Application-1-Service,87900
33690,Application-41,M_Req,missing_destination,66,Application-41-Service,EndDevice-41,Application-41-Service,87900
33699,Application-45,M_Req,missing_destination,70,Application-45-Service,EndDevice-45,Application-45-Service,88000
33718,Application-20,M_Req,missing_destination,45,Application-20-Service,EndDevice-20,Application-20-Service,88000
33724,Application-1,M_Req,missing_destination,26,Application-1-Service,EndDevice-1,Application-1-Service,88100
33729,Application-41,M_Req,missing_destination,66,Application-41-Service,EndDevice-41,Application-41-Service,88100
33738,Application-34,M_Req,missing_destination,59,Application-34-Service,EndDevice-34,Application-34-Service,88100
33747,Application-45,M_Req,missing_destination,70,Application-45-Service,EndDevice-45,Application-45-Service,88100
33748,Application-13,M_Req,missing_destination,38,Application-13-Service,EndDevice-13,Application-13-Service,88100
33749,Application-31,M_Req,missing_destination,56,Application-31-Service,EndDevice-31,Application-31-Service,88100
33751,Application-11,M_Req,missing_destination,36,Application-11-Service,EndDevice-11,Application-11-Service,88100
33766,Application-20,M_Req,missing_destination,45,Application-20-Service,EndDevice-20,Application-20-Service,88100
33775,Application-41,M_Req,missing_destination,66,Application-41-Service,EndDevice-41,Application-41-Service,88200
33783,Application-34,M_Req,missing_destination,59,Application-34-Service,EndDevice-34,Application-34-Service,88200
33791,Application-45,M_Req,missing_destination,70,Application-45-Service,EndDevice-45,Application-45-Service,88200
33792,Application-13,M_Req,missing_destination,38,Application-13-Service,EndDevice-13,Application-13-Service,88200
33794,Application-11,M_Req,missing_destination,36,Application-11-Service,EndDevice-11,Application-11-Service,88200
33839,Application-45,M_Req,missing_destination,70,Application-45-Service,EndDevice-45,Application-45-Service,88300
33857,Application-31,M_Req,missing_destination,56,Application-31-Service,EndDevice-31,Application-31-Service,88400
33861,Application-1,M_Req,missing_destination,26,Application-1-Service,EndDevice-1,Application-1-Service,88400
33864,Application-2,M_Req,missing_destination,27,Application-2-Service,EndDevice-2,Application-2-Service,88400
33867,Application-32,M_Req,missing_destination,57,Application-32-Service,EndDevice-32,Application-32-Service,88400
33880,Application-46,M_Req,missing_destination,71,Application-46-Service,EndDevice-46,Application-46-Service,88500
33886,Application-35,M_Req,missing_destination,60,Application-35-Service,EndDevice-35,Application-35-Service,88500
33905,Application-31,M_Req,missing_destination,56,Application-31-Service,EndDevice-31,Application-31-Service,88500
33909,Application-1,M_Req,missing_destination,26,Application-1-Service,EndDevice-1,Application-1-Service,88500
33912,Application-2,M_Req,missing_destination,27,Application-2-Service,EndDevice-2,Application-2-Service,88500
33915,Application-32,M_Req,missing_destination,57,Application-32-Service,EndDevice-32,Application-32-Service,88500
33964,Application-35,M_Req,missing_destination,60,Application-35-Service,EndDevice-35,Application-35-Service,88700
33965,Application-13,M_Req,missing_destination,38,Application-13-Service,EndDevice-13,Application-13-Service,88700
33974,Application-46,M_Req,missing_destination,71,Application-46-Service,EndDevice-46,Application-46-Service,88700
33995,Application-31,M_Req,missing_destination,56,Application-31-Service,EndDevice-31,Application-31-Service,88700
33999,Application-1,M_Req,missing_destination,26,Application-1-Service,EndDevice-1,Application-1-Service,88700
34011,Application-35,M_Req,missing_destination,60,Application-35-Service,EndDevice-35,Application-35-Service,88800
34012,Application-13,M_Req,missing_destination,38,Application-13-Service,EndDevice-13,Application-13-Service,88800
34018,Application-46,M_Req,missing_destination,71,Application-46-Service,EndDevice-46,Application-46-Service,88800
34105,Application-13,M_Req,missing_destination,38,Application-13-Service,EndDevice-13,Application-13-Service,89000
34109,Application-46,M_Req,missing_destination,71,Application-46-Service,EndDevice-46,Application-46-Service,89100
34153,Application-13,M_Req,missing_destination,38,Application-13-Service,EndDevice-13,Application-13-Service,89100
34185,Application-41,M_Req,missing_destination,66,Application-41-Service,EndDevice-41,Application-41-Service,89300
34190,Application-21,M_Req,missing_destination,46,Application-21-Service,EndDevice-21,Application-21-Service,89300
34212,Application-45,M_Req,missing_destination,70,Application-45-Service,EndDevice-45,Application-45-Service,89300
34224,Application-1,M_Req,missing_destination,26,Application-1-Service,EndDevice-1,Application-1-Service,89300
34229,Application-31,M_Req,missing_destination,56,Application-31-Service,EndDevice-31,Application-31-Service,89300
34233,Application-41,M_Req,missing_destination,66,Application-41-Service,EndDevice-41,Application-41-Service,89400
34238,Application-21,M_Req,missing_destination,46,Application-21-Service,EndDevice-21,Application-21-Service,89400
34255,Application-45,M_Req,missing_destination,70,Application-45-Service,EndDevice-45,Application-45-Service,89400
34323,Application-37,M_Req,missing_destination,62,Application-37-Service,EndDevice-37,Application-37-Service,89600
34324,Application-7,M_Req,missing_destination,32,Application-7-Service,EndDevice-7,Application-7-Service,89600
34326,Application-17,M_Req,missing_destination,42,Application-17-Service,EndDevice-17,Application-17-Service,89600
34371,Application-37,M_Req,missing_destination,62,Application-37-Service,EndDevice-37,Application-37-Service,89700
34372,Application-7,M_Req,missing_destination,32,Application-7-Service,EndDevice-7,Application-7-Service,89700
34374,Application-17,M_Req,missing_destination,42,Application-17-Service,EndDevice-17,Application-17-Service,89700
34423,Application-36,M_Req,missing_destination,61,Application-36-Service,EndDevice-36,Application-36-Service,89900
34426,Application-6,M_Req,missing_destination,31,Application-6-Service,EndDevice-6,Application-6-Service,89900
34432,Application-28,M_Req,missing_destination,53,Application-28-Service,EndDevice-28,Application-28-Service,89900
34448,Application-16,M_Req,missing_destination,41,Application-16-Service,EndDevice-16,Application-16-Service,89900
34469,Application-36,M_Req,missing_destination,61,Application-36-Service,EndDevice-36,Application-36-Service,90000
34475,Application-28,M_Req,missing_destination,53,Application-28-Service,EndDevice-28,Application-28-Service,90000
34490,Application-16,M_Req,missing_destination,41,Application-16-Service,EndDevice-16,Application-16-Service,90000
34551,Application-46,M_Req,missing_destination,71,Application-46-Service,EndDevice-46,Application-46-Service,90200
34599,Application-46,M_Req,missing_destination,71,Application-46-Service,EndDevice-46,Application-46-Service,90300
34649,Application-29,M_Req,missing_destination,54,Application-29-Service,EndDevice-29,Application-29-Service,90500
34650,Application-39,M_Req,missing_destination,64,Application-39-Service,EndDevice-39,Application-39-Service,90500
34655,Application-9,M_Req,missing_destination,34,Application-9-Service,EndDevice-9,Application-9-Service,90500
34658,Application-32,M_Req,missing_destination,57,Application-32-Service,EndDevice-32,Application-32-Service,90500
34673,Application-43,M_Req,missing_destination,68,Application-43-Service,EndDevice-43,Application-43-Service,90500
34696,Application-29,M_Req,missing_destination,54,Application-29-Service,EndDevice-29,Application-29-Service,90600
34697,Application-39,M_Req,missing_destination,64,Application-39-Service,EndDevice-39,Application-39-Service,90600
34702,Application-9,M_Req,missing_destination,34,Application-9-Service,EndDevice-9,Application-9-Service,90600
34705,Application-32,M_Req,missing_destination,57,Application-32-Service,EndDevice-32,Application-32-Service,90600
34718,Application-43,M_Req,missing_destination,68,Application-43-Service,EndDevice-43,Application-43-Service,90600
34744,Application-29,M_Req,missing_destination,54,Application-29-Service,EndDevice-29,Application-29-Service,90700
34745,Application-39,M_Req,missing_destination,64,Application-39-Service,EndDevice-39,Application-39-Service,90700
34750,Application-9,M_Req,missing_destination,34,Application-9-Service,EndDevice-9,Application-9-Service,90700
34753,Application-32,M_Req,missing_destination,57,Application-32-Service,EndDevice-32,Application-32-Service,90700
34766,Application-43,M_Req,missing_destination,68,Application-43-Service,EndDevice-43,Application-43-Service,90700
34773,Application-4,M_Req,missing_destination,29,Application-4-Service,EndDevice-4,Application-4-Service,90800
34774,Application-34,M_Req,missing_destination,59,Application-34-Service,EndDevice-34,Application-34-Service,90800
34786,Application-13,M_Req,missing_destination,38,Application-13-Service,EndDevice-13,Application-13-Service,90800
34787,Application-29,M_Req,missing_destination,54,Application-29-Service,EndDevice-29,Application-29-Service,90800
34788,Application-39,M_Req,missing_destination,64,Application-39-Service,EndDevice-39,Application-39-Service,90800
34792,Application-33,M_Req,missing_destination,58,Application-33-Service,EndDevice-33,Application-33-Service,90800
34793,Application-9,M_Req,missing_destination,34,Application-9-Service,EndDevice-9,Application-9-Service,90800
34796,Application-32,M_Req,missing_destination,57,Application-32-Service,EndDevice-32,Application-32-Service,90800
34821,Application-4,M_Req,missing_destination,29,Application-4-Service,EndDevice-4,Application-4-Service,90900
34822,Application-34,M_Req,missing_destination,59,Application-34-Service,EndDevice-34,Application-34-Service,90900
34834,Application-13,M_Req,missing_destination,38,Application-13-Service,EndDevice-13,Application-13-Service,90900
34835,Application-29,M_Req,missing_destination,54,Application-29-Service,EndDevice-29,Application-29-Service,90900
34836,Application-39,M_Req,missing_destination,64,Application-39-Service,EndDevice-39,Application-39-Service,90900
34840,Application-33,M_Req,missing_destination,58,Application-33-Service,EndDevice-33,Application-33-Service,90900
34841,Application-9,M_Req,missing_destination,34,Application-9-Service,EndDevice-9,Application-9-Service,90900
34844,Application-32,M_Req,missing_destination,57,Application-32-Service,EndDevice-32,Application-32-Service,90900
34878,Application-27,M_Req,missing_destination,52,Application-27-Service,EndDevice-27,Application-27-Service,91100
34886,Application-17,M_Req,missing_destination,42,Application-17-Service,EndDevice-17,Application-17-Service,91100
34926,Application-27,M_Req,missing_destination,52,Application-27-Service,EndDevice-27,Application-27-Service,91200
34934,Application-17,M_Req,missing_destination,42,Application-17-Service,EndDevice-17,Application-17-Service,91200
35021,Application-12,M_Req,missing_destination,37,Application-12-Service,EndDevice-12,Application-12-Service,91400
35023,Application-32,M_Req,missing_destination,57,Application-32-Service,EndDevice-32,Application-32-Service,91400
35024,Application-42,M_Req,missing_destination,67,Application-42-Service,EndDevice-42,Application-42-Service,91400
35069,Application-12,M_Req,missing_destination,37,Application-12-Service,EndDevice-12,Application-12-Service,91500
35071,Application-32,M_Req,missing_destination,57,Application-32-Service,EndDevice-32,Application-32-Service,91500
35072,Application-42,M_Req,missing_destination,67,Application-42-Service,EndDevice-42,Application-42-Service,91500
35107,Application-10,M_Req,missing_destination,35,Application-10-Service,EndDevice-10,Application-10-Service,91700
35126,Application-33,M_Req,missing_destination,58,Application-33-Service,EndDevice-33,Application-33-Service,91700
35139,Application-40,M_Req,missing_destination,65,Application-40-Service,EndDevice-40,Application-40-Service,91700
35169,Application-33,M_Req,missing_destination,58,Application-33-Service,EndDevice-33,Application-33-Service,91800
35181,Application-40,M_Req,missing_destination,65,Application-40-Service,EndDevice-40,Application-40-Service,91800
35246,Application-23,M_Req,missing_destination,48,Application-23-Service,EndDevice-23,Application-23-Service,92000
35260,Application-37,M_Req,missing_destination,62,Application-37-Service,EndDevice-37,Application-37-Service,92000
35294,Application-23,M_Req,missing_destination,48,Application-23-Service,EndDevice-23,Application-23-Service,92100
35308,Application-37,M_Req,missing_destination,62,Application-37-Service,EndDevice-37,Application-37-Service,92100
35334,Application-23,M_Req,missing_destination,48,Application-23-Service,EndDevice-23,Application-23-Service,92200
35335,Application-41,M_Req,missing_destination,66,Application-41-Service,EndDevice-41,Application-41-Service,92300
35339,Application-1,M_Req,missing_destination,26,Application-1-Service,EndDevice-1,Application-1-Service,92300
35353,Application-45,M_Req,missing_destination,70,Application-45-Service,EndDevice-45,Application-45-Service,92300
35355,Application-34,M_Req,missing_destination,59,Application-34-Service,EndDevice-34,Application-34-Service,92300
35363,Application-11,M_Req,missing_destination,36,Application-11-Service,EndDevice-11,Application-11-Service,92300
35377,Application-10,M_Req,missing_destination,35,Application-10-Service,EndDevice-10,Application-10-Service,92300
35382,Application-23,M_Req,missing_destination,48,Application-23-Service,EndDevice-23,Application-23-Service,92300
35383,Application-41,M_Req,missing_destination,66,Application-41-Service,EndDevice-41,Application-41-Service,92400
35387,Application-1,M_Req,missing_destination,26,Application-1-Service,EndDevice-1,Application-1-Service,92400
35398,Application-45,M_Req,missing_destination,70,Application-45-Service,EndDevice-45,Application-45-Service,92400
35406,Application-11,M_Req,missing_destination,36,Application-11-Service,EndDevice-11,Application-11-Service,92400
35467,Application-23,M_Req,missing_destination,48,Application-23-Service,EndDevice-23,Application-23-Service,92600
35477,Application-13,M_Req,missing_destination,38,Application-13-Service,EndDevice-13,Application-13-Service,92600
35484,Application-33,M_Req,missing_destination,58,Application-33-Service,EndDevice-33,Application-33-Service,92600
35494,Application-15,M_Req,missing_destination,40,Application-15-Service,EndDevice-15,Application-15-Service,92700
35495,Application-48,M_Req,missing_destination,73,Application-48-Service,EndDevice-48,Application-48-Service,92700
35515,Application-23,M_Req,missing_destination,48,Application-23-Service,EndDevice-23,Application-23-Service,92700
35525,Application-13,M_Req,missing_destination,38,Application-13-Service,EndDevice-13,Application-13-Service,92700
35532,Application-33,M_Req,missing_destination,58,Application-33-Service,EndDevice-33,Application-33-Service,92700
35576,Application-38,M_Req,missing_destination,63,Application-38-Service,EndDevice-38,Application-38-Service,92900
35600,Application-8,M_Req,missing_destination,33,Application-8-Service,EndDevice-8,Application-8-Service,92900
35621,Application-38,M_Req,missing_destination,63,Application-38-Service,EndDevice-38,Application-38-Service,93000
35691,Application-14,M_Req,missing_destination,39,Application-14-Service,EndDevice-14,Application-14-Service,93200
35692,Application-34,M_Req,missing_destination,59,Application-34-Service,EndDevice-34,Application-34-Service,93200
35697,Application-4,M_Req,missing_destination,29,Application-4-Service,EndDevice-4,Application-4-Service,93200
35699,Application-24,M_Req,missing_destination,49,Application-24-Service,EndDevice-24,Application-24-Service,93200
35718,Application-48,M_Req,missing_destination,73,Application-48-Service,EndDevice-48,Application-48-Service,93300
35721,Application-37,M_Req,missing_destination,62,Application-37-Service,EndDevice-37,Application-37-Service,93300
35739,Application-14,M_Req,missing_destination,39,Application-14-Service,EndDevice-14,Application-14-Service,93300
35740,Application-34,M_Req,missing_destination,59,Application-34-Service,EndDevice-34,Application-34-Service,93300
35745,Application-4,M_Req,missing_destination,29,Application-4-Service,EndDevice-4,Application-4-Service,93300
35747,Application-24,M_Req,missing_destination,49,Application-24-Service,EndDevice-24,Application-24-Service,93300
35766,Application-48,M_Req,missing_destination,73,Application-48-Service,EndDevice-48,Application-48-Service,93400
35769,Application-37,M_Req,missing_destination,62,Application-37-Service,EndDevice-37,Application-37-Service,93400
35783,Application-14,M_Req,missing_destination,39,Application-14-Service,EndDevice-14,Application-14-Service,93400
35786,Application-4,M_Req,missing_destination,29,Application-4-Service,EndDevice-4,Application-4-Service,93400
35788,Application-24,M_Req,missing_destination,49,Application-24-Service,EndDevice-24,Application-24-Service,93400
35793,Application-13,M_Req,missing_destination,38,Application-13-Service,EndDevice-13,Application-13-Service,93500
35797,Application-23,M_Req,missing_destination,48,Application-23-Service,EndDevice-23,Application-23-Service,93500
35807,Application-25,M_Req,missing_destination,50,Application-25-Service,EndDevice-25,Application-25-Service,93500
35813,Application-3,M_Req,missing_destination,28,Application-3-Service,EndDevice-3,Application-3-Service,93500
35814,Application-48,M_Req,missing_destination,73,Application-48-Service,EndDevice-48,Application-48-Service,93500
35817,Application-37,M_Req,missing_destination,62,Application-37-Service,EndDevice-37,Application-37-Service,93500
35831,Application-14,M_Req,missing_destination,39,Application-14-Service,EndDevice-14,Application-14-Service,93500
35834,Application-4,M_Req,missing_destination,29,Application-4-Service,EndDevice-4,Application-4-Service,93500
35836,Application-24,M_Req,missing_destination,49,Application-24-Service,EndDevice-24,Application-24-Service,93500
35841,Application-13,M_Req,missing_destination,38,Application-13-Service,EndDevice-13,Application-13-Service,93600
35844,Application-23,M_Req,missing_destination,48,Application-23-Service,EndDevice-23,Application-23-Service,93600
35852,Application-25,M_Req,missing_destination,50,Application-25-Service,EndDevice-25,Application-25-Service,93600
35857,Application-3,M_Req,missing_destination,28,Application-3-Service,EndDevice-3,Application-3-Service,93600
35858,Application-48,M_Req,missing_destination,73,Application-48-Service,EndDevice-48,Application-48-Service,93600
35861,Application-37,M_Req,missing_destination,62,Application-37-Service,EndDevice-37,Application-37-Service,93600
35889,Application-13,M_Req,missing_destination,38,Application-13-Service,EndDevice-13,Application-13-Service,93700
35892,Application-23,M_Req,missing_destination,48,Application-23-Service,EndDevice-23,Application-23-Service,93700
35900,Application-25,M_Req,missing_destination,50,Application-25-Service,EndDevice-25,Application-25-Service,93700
35905,Application-3,M_Req,missing_destination,28,Application-3-Service,EndDevice-3,Application-3-Service,93700
35922,Application-15,M_Req,missing_destination,40,Application-15-Service,EndDevice-15,Application-15-Service,93800
35934,Application-13,M_Req,missing_destination,38,Application-13-Service,EndDevice-13,Application-13-Service,93800
35937,Application-23,M_Req,missing_destination,48,Application-23-Service,EndDevice-23,Application-23-Service,93800
35938,Application-5,M_Req,missing_destination,30,Application-5-Service,EndDevice-5,Application-5-Service,93800
35948,Application-6,M_Req,missing_destination,31,Application-6-Service,EndDevice-6,Application-6-Service,93900
35970,Application-15,M_Req,missing_destination,40,Application-15-Service,EndDevice-15,Application-15-Service,93900
35982,Application-13,M_Req,missing_destination,38,Application-13-Service,EndDevice-13,Application-13-Service,93900
35985,Application-23,M_Req,missing_destination,48,Application-23-Service,EndDevice-23,Application-23-Service,93900
35986,Application-5,M_Req,missing_destination,30,Application-5-Service,EndDevice-5,Application-5-Service,93900
36025,Application-30,M_Req,missing_destination,55,Application-30-Service,EndDevice-30,Application-30-Service,94100
36029,Application-10,M_Req,missing_destination,35,Application-10-Service,EndDevice-10,Application-10-Service,94100
36049,Application-44,M_Req,missing_destination,69,Application-44-Service,EndDevice-44,Application-44-Service,94100
36071,Application-40,M_Req,missing_destination,65,Application-40-Service,EndDevice-40,Application-40-Service,94100
36072,Application-30,M_Req,missing_destination,55,Application-30-Service,EndDevice-30,Application-30-Service,94200
36076,Application-10,M_Req,missing_destination,35,Application-10-Service,EndDevice-10,Application-10-Service,94200
36091,Application-44,M_Req,missing_destination,69,Application-44-Service,EndDevice-44,Application-44-Service,94200
36148,Application-36,M_Req,missing_destination,61,Application-36-Service,EndDevice-36,Application-36-Service,94400
36155,Application-46,M_Req,missing_destination,71,Application-46-Service,EndDevice-46,Application-46-Service,94400
36162,Application-16,M_Req,missing_destination,41,Application-16-Service,EndDevice-16,Application-16-Service,94400
36175,Application-7,M_Req,missing_destination,32,Application-7-Service,EndDevice-7,Application-7-Service,94500
36178,Application-29,M_Req,missing_destination,54,Application-29-Service,EndDevice-29,Application-29-Service,94500
36196,Application-36,M_Req,missing_destination,61,Application-36-Service,EndDevice-36,Application-36-Service,94500
36203,Application-46,M_Req,missing_destination,71,Application-46-Service,EndDevice-46,Application-46-Service,94500
36210,Application-16,M_Req,missing_destination,41,Application-16-Service,EndDevice-16,Application-16-Service,94500
36279,Application-5,M_Req,missing_destination,30,Application-5-Service,EndDevice-5,Application-5-Service,94700
36287,Application-14,M_Req,missing_destination,39,Application-14-Service,EndDevice-14,Application-14-Service,94700
36289,Application-24,M_Req,missing_destination,49,Application-24-Service,EndDevice-24,Application-24-Service,94700
36407,Application-25,M_Req,missing_destination,50,Application-25-Service,EndDevice-25,Application-25-Service,95100
36481,Application-38,M_Req,missing_destination,63,Application-38-Service,EndDevice-38,Application-38-Service,95300
36483,Application-28,M_Req,missing_destination,53,Application-28-Service,EndDevice-28,Application-28-Service,95300
36494,Application-42,M_Req,missing_destination,67,Application-42-Service,EndDevice-42,Application-42-Service,95300
36509,Application-48,M_Req,missing_destination,73,Application-48-Service,EndDevice-48,Application-48-Service,95300
36526,Application-8,M_Req,missing_destination,33,Application-8-Service,EndDevice-8,Application-8-Service,95300
36529,Application-38,M_Req,missing_destination,63,Application-38-Service,EndDevice-38,Application-38-Service,95400
36531,Application-28,M_Req,missing_destination,53,Application-28-Service,EndDevice-28,Application-28-Service,95400
36540,Application-42,M_Req,missing_destination,67,Application-42-Service,EndDevice-42,Application-42-Service,95400
36553,Application-48,M_Req,missing_destination,73,Application-48-Service,EndDevice-48,Application-48-Service,95400
36612,Application-23,M_Req,missing_destination,48,Application-23-Service,EndDevice-23,Application-23-Service,95600
36620,Application-13,M_Req,missing_destination,38,Application-13-Service,EndDevice-13,Application-13-Service,95600
36632,Application-47,M_Req,missing_destination,72,Application-47-Service,EndDevice-47,Application-47-Service,95600
36637,Application-25,M_Req,missing_destination,50,Application-25-Service,EndDevice-25,Application-25-Service,95700
36660,Application-23,M_Req,missing_destination,48,Application-23-Service,EndDevice-23,Application-23-Service,95700
36668,Application-13,M_Req,missing_destination,38,Application-13-Service,EndDevice-13,Application-13-Service,95700
36680,Application-47,M_Req,missing_destination,72,Application-47-Service,EndDevice-47,Application-47-Service,95700
36685,Application-25,M_Req,missing_destination,50,Application-25-Service,EndDevice-25,Application-25-Service,95800
36703,Application-23,M_Req,missing_destination,48,Application-23-Service,EndDevice-23,Application-23-Service,95800
36711,Application-13,M_Req,missing_destination,38,Application-13-Service,EndDevice-13,Application-13-Service,95800
36714,Application-38,M_Req,missing_destination,63,Application-38-Service,EndDevice-38,Application-38-Service,95900
36716,Application-28,M_Req,missing_destination,53,Application-28-Service,EndDevice-28,Application-28-Service,95900
36719,Application-18,M_Req,missing_destination,43,Application-18-Service,EndDevice-18,Application-18-Service,95900
36730,Application-31,M_Req,missing_destination,56,Application-31-Service,EndDevice-31,Application-31-Service,95900
36733,Application-25,M_Req,missing_destination,50,Application-25-Service,EndDevice-25,Application-25-Service,95900
36751,Application-23,M_Req,missing_destination,48,Application-23-Service,EndDevice-23,Application-23-Service,95900
36759,Application-13,M_Req,missing_destination,38,Application-13-Service,EndDevice-13,Application-13-Service,95900
36762,Application-38,M_Req,missing_destination,63,Application-38-Service,EndDevice-38,Application-38-Service,96000
36764,Application-28,M_Req,missing_destination,53,Application-28-Service,EndDevice-28,Application-28-Service,96000
36767,Application-18,M_Req,missing_destination,43,Application-18-Service,EndDevice-18,Application-18-Service,96000
36779,Application-25,M_Req,missing_destination,50,Application-25-Service,EndDevice-25,Application-25-Service,96000
36810,Application-38,M_Req,missing_destination,63,Application-38-Service,EndDevice-38,Application-38-Service,96100
36812,Application-28,M_Req,missing_destination,53,Application-28-Service,EndDevice-28,Application-28-Service,96100
36815,Application-18,M_Req,missing_destination,43,Application-18-Service,EndDevice-18,Application-18-Service,96100
36848,Application-37,M_Req,missing_destination,62,Application-37-Service,EndDevice-37,Application-37-Service,96200
36851,Application-7,M_Req,missing_destination,32,Application-7-Service,EndDevice-7,Application-7-Service,96200
36852,Application-38,M_Req,missing_destination,63,Application-38-Service,EndDevice-38,Application-38-Service,96200
36854,Application-28,M_Req,missing_destination,53,Application-28-Service,EndDevice-28,Application-28-Service,96200
36857,Application-18,M_Req,missing_destination,43,Application-18-Service,EndDevice-18,Application-18-Service,96200
36861,Application-40,M_Req,missing_destination,65,Application-40-Service,EndDevice-40,Application-40-Service,96200
36896,Application-37,M_Req,missing_destination,62,Application-37-Service,EndDevice-37,Application-37-Service,96300
36899,Application-7,M_Req,missing_destination,32,Application-7-Service,EndDevice-7,Application-7-Service,96300
36900,Application-38,M_Req,missing_destination,63,Application-38-Service,EndDevice-38,Application-38-Service,96300
36902,Application-28,M_Req,missing_destination,53,Application-28-Service,EndDevice-28,Application-28-Service,96300
36905,Application-18,M_Req,missing_destination,43,Application-18-Service,EndDevice-18,Application-18-Service,96300
36909,Application-40,M_Req,missing_destination,65,Application-40-Service,EndDevice-40,Application-40-Service,96300
36937,Application-37,M_Req,missing_destination,62,Application-37-Service,EndDevice-37,Application-37-Service,96400
36961,Application-2,M_Req,missing_destination,27,Application-2-Service,EndDevice-2,Application-2-Service,96500
36966,Application-35,M_Req,missing_destination,60,Application-35-Service,EndDevice-35,Application-35-Service,96500
36973,Application-22,M_Req,missing_destination,47,Application-22-Service,EndDevice-22,Application-22-Service,96500
36985,Application-37,M_Req,missing_destination,62,Application-37-Service,EndDevice-37,Application-37-Service,96500
37004,Application-2,M_Req,missing_destination,27,Application-2-Service,EndDevice-2,Application-2-Service,96600
37009,Application-35,M_Req,missing_destination,60,Application-35-Service,EndDevice-35,Application-35-Service,96600
37015,Application-22,M_Req,missing_destination,47,Application-22-Service,EndDevice-22,Application-22-Service,96600
37075,Application-29,M_Req,missing_destination,54,Application-29-Service,EndDevice-29,Application-29-Service,96800
37084,Application-39,M_Req,missing_destination,64,Application-39-Service,EndDevice-39,Application-39-Service,96800
37087,Application-10,M_Req,missing_destination,35,Application-10-Service,EndDevice-10,Application-10-Service,96800
37095,Application-32,M_Req,missing_destination,57,Application-32-Service,EndDevice-32,Application-32-Service,96900
37099,Application-21,M_Req,missing_destination,46,Application-21-Service,EndDevice-21,Application-21-Service,96900
37123,Application-29,M_Req,missing_destination,54,Application-29-Service,EndDevice-29,Application-29-Service,96900
37132,Application-39,M_Req,missing_destination,64,Application-39-Service,EndDevice-39,Application-39-Service,96900
37135,Application-10,M_Req,missing_destination,35,Application-10-Service,EndDevice-10,Application-10-Service,96900
37174,Application-40,M_Req,missing_destination,65,Application-40-Service,EndDevice-40,Application-40-Service,97100
37176,Application-10,M_Req,missing_destination,35,Application-10-Service,EndDevice-10,Application-10-Service,97100
37198,Application-22,M_Req,missing_destination,47,Application-22-Service,EndDevice-22,Application-22-Service,97100
37211,Application-30,M_Req,missing_destination,55,Application-30-Service,EndDevice-30,Application-30-Service,97100
37222,Application-40,M_Req,missing_destination,65,Application-40-Service,EndDevice-40,Application-40-Service,97200
37224,Application-10,M_Req,missing_destination,35,Application-10-Service,EndDevice-10,Application-10-Service,97200
37242,Application-22,M_Req,missing_destination,47,Application-22-Service,EndDevice-22,Application-22-Service,97200
37270,Application-40,M_Req,missing_destination,65,Application-40-Service,EndDevice-40,Application-40-Service,97300
37272,Application-10,M_Req,missing_destination,35,Application-10-Service,EndDevice-10,Application-10-Service,97300
37290,Application-22,M_Req,missing_destination,47,Application-22-Service,EndDevice-22,Application-22-Service,97300
37317,Application-10,M_Req,missing_destination,35,Application-10-Service,EndDevice-10,Application-10-Service,97400
37365,Application-10,M_Req,missing_destination,35,Application-10-Service,EndDevice-10,Application-10-Service,97500
37415,Application-23,M_Req,missing_destination,48,Application-23-Service,EndDevice-23,Application-23-Service,97700
37417,Application-1,M_Req,missing_destination,26,Application-1-Service,EndDevice-1,Application-1-Service,97700
37433,Application-11,M_Req,missing_destination,36,Application-11-Service,EndDevice-11,Application-11-Service,97700
37434,Application-21,M_Req,missing_destination,46,Application-21-Service,EndDevice-21,Application-21-Service,97700
37442,Application-41,M_Req,missing_destination,66,Application-41-Service,EndDevice-41,Application-41-Service,97700
37463,Application-23,M_Req,missing_destination,48,Application-23-Service,EndDevice-23,Application-23-Service,97800
37464,Application-1,M_Req,missing_destination,26,Application-1-Service,EndDevice-1,Application-1-Service,97800
37476,Application-11,M_Req,missing_destination,36,Application-11-Service,EndDevice-11,Application-11-Service,97800
37477,Application-21,M_Req,missing_destination,46,Application-21-Service,EndDevice-21,Application-21-Service,97800
37511,Application-23,M_Req,missing_destination,48,Application-23-Service,EndDevice-23,Application-23-Service,97900
37512,Application-1,M_Req,missing_destination,26,Application-1-Service,EndDevice-1,Application-1-Service,97900
37524,Application-11,M_Req,missing_destination,36,Application-11-Service,EndDevice-11,Application-11-Service,97900
37525,Application-21,M_Req,missing_destination,46,Application-21-Service,EndDevice-21,Application-21-Service,97900
37544,Application-16,M_Req,missing_destination,41,Application-16-Service,EndDevice-16,Application-16-Service,98000
37552,Application-23,M_Req,missing_destination,48,Application-23-Service,EndDevice-23,Application-23-Service,98000
37553,Application-1,M_Req,missing_destination,26,Application-1-Service,EndDevice-1,Application-1-Service,98000
37592,Application-16,M_Req,missing_destination,41,Application-16-Service,EndDevice-16,Application-16-Service,98100
37600,Application-23,M_Req,missing_destination,48,Application-23-Service,EndDevice-23,Application-23-Service,98100
37601,Application-1,M_Req,missing_destination,26,Application-1-Service,EndDevice-1,Application-1-Service,98100
37642,Application-35,M_Req,missing_destination,60,Application-35-Service,EndDevice-35,Application-35-Service,98300
37649,Application-28,M_Req,missing_destination,53,Application-28-Service,EndDevice-28,Application-28-Service,98300
37652,Application-5,M_Req,missing_destination,30,Application-5-Service,EndDevice-5,Application-5-Service,98300
37659,Application-27,M_Req,missing_destination,52,Application-27-Service,EndDevice-27,Application-27-Service,98300
37688,Application-35,M_Req,missing_destination,60,Application-35-Service,EndDevice-35,Application-35-Service,98400
37702,Application-27,M_Req,missing_destination,52,Application-27-Service,EndDevice-27,Application-27-Service,98400
37736,Application-35,M_Req,missing_destination,60,Application-35-Service,EndDevice-35,Application-35-Service,98500
37750,Application-27,M_Req,missing_destination,52,Application-27-Service,EndDevice-27,Application-27-Service,98500
37780,Application-35,M_Req,missing_destination,60,Application-35-Service,EndDevice-35,Application-35-Service,98600
37789,Application-25,M_Req,missing_destination,50,Application-25-Service,EndDevice-25,Application-25-Service,98700
37796,Application-14,M_Req,missing_destination,39,Application-14-Service,EndDevice-14,Application-14-Service,98700
37828,Application-35,M_Req,missing_destination,60,Application-35-Service,EndDevice-35,Application-35-Service,98700
37867,Application-9,M_Req,missing_destination,34,Application-9-Service,EndDevice-9,Application-9-Service,98900
37873,Application-10,M_Req,missing_destination,35,Application-10-Service,EndDevice-10,Application-10-Service,98900
37887,Application-21,M_Req,missing_destination,46,Application-21-Service,EndDevice-21,Application-21-Service,98900
37890,Application-32,M_Req,missing_destination,57,Application-32-Service,EndDevice-32,Application-32-Service,98900
37895,Application-29,M_Req,missing_destination,54,Application-29-Service,EndDevice-29,Application-29-Service,98900
37909,Application-19,M_Req,missing_destination,44,Application-19-Service,EndDevice-19,Application-19-Service,98900
37918,Application-10,M_Req,missing_destination,35,Application-10-Service,EndDevice-10,Application-10-Service,99000
37931,Application-21,M_Req,missing_destination,46,Application-21-Service,EndDevice-21,Application-21-Service,99000
37933,Application-32,M_Req,missing_destination,57,Application-32-Service,EndDevice-32,Application-32-Service,99000
37938,Application-29,M_Req,missing_destination,54,Application-29-Service,EndDevice-29,Application-29-Service,99000
38010,Application-10,M_Req,missing_destination,35,Application-10-Service,EndDevice-10,Application-10-Service,99200
38021,Application-21,M_Req,missing_destination,46,Application-21-Service,EndDevice-21,Application-21-Service,99300
38022,Application-32,M_Req,missing_destination,57,Application-32-Service,EndDevice-32,Application-32-Service,99300
38023,Application-43,M_Req,missing_destination,68,Application-43-Service,EndDevice-43,Application-43-Service,99300
38058,Application-10,M_Req,missing_destination,35,Application-10-Service,EndDevice-10,Application-10-Service,99300
38095,Application-48,M_Req,missing_destination,73,Application-48-Service,EndDevice-48,Application-48-Service,99500
38105,Application-41,M_Req,missing_destination,66,Application-41-Service,EndDevice-41,Application-41-Service,99500
38106,Application-8,M_Req,missing_destination,33,Application-8-Service,EndDevice-8,Application-8-Service,99500
38131,Application-28,M_Req,missing_destination,53,Application-28-Service,EndDevice-28,Application-28-Service,99500
38138,Application-38,M_Req,missing_destination,63,Application-38-Service,EndDevice-38,Application-38-Service,99500
38142,Application-48,M_Req,missing_destination,73,Application-48-Service,EndDevice-48,Application-48-Service,99600
38227,Application-41,M_Req,missing_destination,66,Application-41-Service,EndDevice-41,Application-41-Service,99800
38228,Application-11,M_Req,missing_destination,36,Application-11-Service,EndDevice-11,Application-11-Service,99800
38230,Application-1,M_Req,missing_destination,26,Application-1-Service,EndDevice-1,Application-1-Service,99800
38246,Application-23,M_Req,missing_destination,48,Application-23-Service,EndDevice-23,Application-23-Service,99900
38250,Application-45,M_Req,missing_destination,70,Application-45-Service,EndDevice-45,Application-45-Service,99900
38251,Application-34,M_Req,missing_destination,59,Application-34-Service,EndDevice-34,Application-34-Service,99900
38275,Application-41,M_Req,missing_destination,66,Application-41-Service,EndDevice-41,Application-41-Service,99900
38276,Application-11,M_Req,missing_destination,36,Application-11-Service,EndDevice-11,Application-11-Service,99900
38278,Application-1,M_Req,missing_destination,26,Application-1-Service,EndDevice-1,Application-1-Service,99900
