id,app,message,reason,TOPO.src,TOPO.dst,TOPO.srcLabel,TOPO.dstLabel,ctime
307,Application-34,M_Req,missing_destination,59,Application-34-Service,EndDevice-34,Application-34-Service,800
313,Application-33,M_Req,missing_destination,58,Application-33-Service,EndDevice-33,Application-33-Service,800
317,Application-36,M_Req,missing_destination,61,Application-36-Service,EndDevice-36,Application-36-Service,800
355,Application-34,M_Req,missing_destination,59,Application-34-Service,EndDevice-34,Application-34-Service,900
361,Application-33,M_Req,missing_destination,58,Application-33-Service,EndDevice-33,Application-33-Service,900
365,Application-36,M_Req,missing_destination,61,Application-36-Service,EndDevice-36,Application-36-Service,900
397,Application-34,M_Req,missing_destination,59,Application-34-Service,EndDevice-34,Application-34-Service,1000
400,Application-33,M_Req,missing_destination,58,Application-33-Service,EndDevice-33,Application-33-Service,1000
412,Application-17,M_Req,missing_destination,42,Application-17-Service,EndDevice-17,Application-17-Service,1100
415,Application-18,M_Req,missing_destination,43,Application-18-Service,EndDevice-18,Application-18-Service,1100
432,Application-19,M_Req,missing_destination,44,Application-19-Service,EndDevice-19,Application-19-Service,1100
433,Application-20,M_Req,missing_destination,45,Application-20-Service,EndDevice-20,Application-20-Service,1100
445,Application-34,M_Req,missing_destination,59,Application-34-Service,EndDevice-34,Application-34-Service,1100
448,Application-33,M_Req,missing_destination,58,Application-33-Service,EndDevice-33,Application-33-Service,1100
457,Application-17,M_Req,missing_destination,42,Application-17-Service,EndDevice-17,Application-17-Service,1200
460,Application-18,M_Req,missing_destination,43,Application-18-Service,EndDevice-18,Application-18-Service,1200
527,Application-38,M_Req,missing_destination,63,Application-38-Service,EndDevice-38,Application-38-Service,1400
531,Application-37,M_Req,missing_destination,62,Application-37-Service,EndDevice-37,Application-37-Service,1400
536,Application-20,M_Req,missing_destination,45,Application-20-Service,EndDevice-20,Application-20-Service,1400
550,Application-39,M_Req,missing_destination,64,Application-39-Service,EndDevice-39,Application-39-Service,1500
575,Application-38,M_Req,missing_destination,63,Application-38-Service,EndDevice-38,Application-38-Service,1500
579,Application-37,M_Req,missing_destination,62,Application-37-Service,EndDevice-37,Application-37-Service,1500
584,Application-20,M_Req,missing_destination,45,Application-20-Service,EndDevice-20,Application-20-Service,1500
598,Application-39,M_Req,missing_destination,64,Application-39-Service,EndDevice-39,Application-39-Service,1600
621,Application-38,M_Req,missing_destination,63,Application-38-Service,EndDevice-38,Application-38-Service,1600
624,Application-37,M_Req,missing_destination,62,Application-37-Service,EndDevice-37,Application-37-Service,1600
629,Application-20,M_Req,missing_destination,45,Application-20-Service,EndDevice-20,Application-20-Service,1600
633,Application-32,M_Req,missing_destination,57,Application-32-Service,EndDevice-32,Application-32-Service,1700
639,Application-29,M_Req,missing_destination,54,Application-29-Service,EndDevice-29,Application-29-Service,1700
646,Application-39,M_Req,missing_destination,64,Application-39-Service,EndDevice-39,Application-39-Service,1700
650,Application-31,M_Req,missing_destination,56,Application-31-Service,EndDevice-31,Application-31-Service,1700
669,Application-38,M_Req,missing_destination,63,Application-38-Service,EndDevice-38,Application-38-Service,1700
672,Application-37,M_Req,missing_destination,62,Application-37-Service,EndDevice-37,Application-37-Service,1700
676,Application-30,M_Req,missing_destination,55,Application-30-Service,EndDevice-30,Application-30-Service,1700
677,Application-20,M_Req,missing_destination,45,Application-20-Service,EndDevice-20,Application-20-Service,1700
680,Application-32,M_Req,missing_destination,57,Application-32-Service,EndDevice-32,Application-32-Service,1800
686,Application-29,M_Req,missing_destination,54,Application-29-Service,EndDevice-29,Application-29-Service,1800
728,Application-32,M_Req,missing_destination,57,Application-32-Service,EndDevice-32,Application-32-Service,1900
734,Application-29,M_Req,missing_destination,54,Application-29-Service,EndDevice-29,Application-29-Service,1900
753,Application-19,M_Req,missing_destination,44,Application-19-Service,EndDevice-19,Application-19-Service,2000
763,Application-20,M_Req,missing_destination,45,Application-20-Service,EndDevice-20,Application-20-Service,2000
767,Application-17,M_Req,missing_destination,42,Application-17-Service,EndDevice-17,Application-17-Service,2000
769,Application-39,M_Req,missing_destination,64,Application-39-Service,EndDevice-39,Application-39-Service,2000
772,Application-32,M_Req,missing_destination,57,Application-32-Service,EndDevice-32,Application-32-Service,2000
776,Application-29,M_Req,missing_destination,54,Application-29-Service,EndDevice-29,Application-29-Service,2000
781,Application-18,M_Req,missing_destination,43,Application-18-Service,EndDevice-18,Application-18-Service,2100
801,Application-19,M_Req,missing_destination,44,Application-19-Service,EndDevice-19,Application-19-Service,2100
811,Application-20,M_Req,missing_destination,45,Application-20-Service,EndDevice-20,Application-20-Service,2100
815,Application-17,M_Req,missing_destination,42,Application-17-Service,EndDevice-17,Application-17-Service,2100
817,Application-39,M_Req,missing_destination,64,Application-39-Service,EndDevice-39,Application-39-Service,2100
820,Application-32,M_Req,missing_destination,57,Application-32-Service,EndDevice-32,Application-32-Service,2100
824,Application-29,M_Req,missing_destination,54,Application-29-Service,EndDevice-29,Application-29-Service,2100
860,Application-32,M_Req,missing_destination,57,Application-32-Service,EndDevice-32,Application-32-Service,2300
862,Application-45,M_Req,missing_destination,70,Application-45-Service,EndDevice-45,Application-45-Service,2300
866,Application-46,M_Req,missing_destination,71,Application-46-Service,EndDevice-46,Application-46-Service,2300
882,Application-48,M_Req,missing_destination,73,Application-48-Service,EndDevice-48,Application-48-Service,2300
883,Application-47,M_Req,missing_destination,72,Application-47-Service,EndDevice-47,Application-47-Service,2300
908,Application-32,M_Req,missing_destination,57,Application-32-Service,EndDevice-32,Application-32-Service,2400
913,Application-46,M_Req,missing_destination,71,Application-46-Service,EndDevice-46,Application-46-Service,2400
924,Application-47,M_Req,missing_destination,72,Application-47-Service,EndDevice-47,Application-47-Service,2400
956,Application-32,M_Req,missing_destination,57,Application-32-Service,EndDevice-32,Application-32-Service,2500
961,Application-46,M_Req,missing_destination,71,Application-46-Service,EndDevice-46,Application-46-Service,2500
972,Application-47,M_Req,missing_destination,72,Application-47-Service,EndDevice-47,Application-47-Service,2500
989,Application-33,M_Req,missing_destination,58,Application-33-Service,EndDevice-33,Application-33-Service,2600
995,Application-35,M_Req,missing_destination,60,Application-35-Service,EndDevice-35,Application-35-Service,2600
996,Application-34,M_Req,missing_destination,59,Application-34-Service,EndDevice-34,Application-34-Service,2600
1001,Application-32,M_Req,missing_destination,57,Application-32-Service,EndDevice-32,Application-32-Service,2600
1004,Application-36,M_Req,missing_destination,61,Application-36-Service,EndDevice-36,Application-36-Service,2600
1005,Application-46,M_Req,missing_destination,71,Application-46-Service,EndDevice-46,Application-46-Service,2600
1037,Application-33,M_Req,missing_destination,58,Application-33-Service,EndDevice-33,Application-33-Service,2700
1043,Application-35,M_Req,missing_destination,60,Application-35-Service,EndDevice-35,Application-35-Service,2700
1044,Application-34,M_Req,missing_destination,59,Application-34-Service,EndDevice-34,Application-34-Service,2700
1049,Application-32,M_Req,missing_destination,57,Application-32-Service,EndDevice-32,Application-32-Service,2700
1052,Application-36,M_Req,missing_destination,61,Application-36-Service,EndDevice-36,Application-36-Service,2700
1053,Application-46,M_Req,missing_destination,71,Application-46-Service,EndDevice-46,Application-46-Service,2700
1101,Application-40,M_Req,missing_destination,65,Application-40-Service,EndDevice-40,Application-40-Service,2900
1106,Application-39,M_Req,missing_destination,64,Application-39-Service,EndDevice-39,Application-39-Service,2900
1112,Application-38,M_Req,missing_destination,63,Application-38-Service,EndDevice-38,Application-38-Service,2900
1126,Application-37,M_Req,missing_destination,62,Application-37-Service,EndDevice-37,Application-37-Service,2900
1149,Application-40,M_Req,missing_destination,65,Application-40-Service,EndDevice-40,Application-40-Service,3000
1231,Application-31,M_Req,missing_destination,56,Application-31-Service,EndDevice-31,Application-31-Service,3200
1232,Application-39,M_Req,missing_destination,64,Application-39-Service,EndDevice-39,Application-39-Service,3200
1233,Application-29,M_Req,missing_destination,54,Application-29-Service,EndDevice-29,Application-29-Service,3200
1243,Application-32,M_Req,missing_destination,57,Application-32-Service,EndDevice-32,Application-32-Service,3200
1279,Application-31,M_Req,missing_destination,56,Application-31-Service,EndDevice-31,Application-31-Service,3300
1280,Application-39,M_Req,missing_destination,64,Application-39-Service,EndDevice-39,Application-39-Service,3300
1281,Application-29,M_Req,missing_destination,54,Application-29-Service,EndDevice-29,Application-29-Service,3300
1291,Application-32,M_Req,missing_destination,57,Application-32-Service,EndDevice-32,Application-32-Service,3300
1321,Application-31,M_Req,missing_destination,56,Application-31-Service,EndDevice-31,Application-31-Service,3400
1322,Application-39,M_Req,missing_destination,64,Application-39-Service,EndDevice-39,Application-39-Service,3400
1339,Application-20,M_Req,missing_destination,45,Application-20-Service,EndDevice-20,Application-20-Service,3500
1340,Application-18,M_Req,missing_destination,43,Application-18-Service,EndDevice-18,Application-18-Service,3500
1343,Application-45,M_Req,missing_destination,70,Application-45-Service,EndDevice-45,Application-45-Service,3500
1356,Application-19,M_Req,missing_destination,44,Application-19-Service,EndDevice-19,Application-19-Service,3500
1359,Application-37,M_Req,missing_destination,62,Application-37-Service,EndDevice-37,Application-37-Service,3500
1363,Application-17,M_Req,missing_destination,42,Application-17-Service,EndDevice-17,Application-17-Service,3500
1369,Application-31,M_Req,missing_destination,56,Application-31-Service,EndDevice-31,Application-31-Service,3500
1370,Application-39,M_Req,missing_destination,64,Application-39-Service,EndDevice-39,Application-39-Service,3500
1383,Application-18,M_Req,missing_destination,43,Application-18-Service,EndDevice-18,Application-18-Service,3600
1386,Application-45,M_Req,missing_destination,70,Application-45-Service,EndDevice-45,Application-45-Service,3600
1431,Application-18,M_Req,missing_destination,43,Application-18-Service,EndDevice-18,Application-18-Service,3700
1434,Application-45,M_Req,missing_destination,70,Application-45-Service,EndDevice-45,Application-45-Service,3700
1447,Application-37,M_Req,missing_destination,62,Application-37-Service,EndDevice-37,Application-37-Service,3800
1458,Application-39,M_Req,missing_destination,64,Application-39-Service,EndDevice-39,Application-39-Service,3800
1471,Application-38,M_Req,missing_destination,63,Application-38-Service,EndDevice-38,Application-38-Service,3800
1477,Application-40,M_Req,missing_destination,65,Application-40-Service,EndDevice-40,Application-40-Service,3900
1495,Application-37,M_Req,missing_destination,62,Application-37-Service,EndDevice-37,Application-37-Service,3900
1506,Application-39,M_Req,missing_destination,64,Application-39-Service,EndDevice-39,Application-39-Service,3900
1519,Application-38,M_Req,missing_destination,63,Application-38-Service,EndDevice-38,Application-38-Service,3900
1524,Application-40,M_Req,missing_destination,65,Application-40-Service,EndDevice-40,Application-40-Service,4000
1536,Application-37,M_Req,missing_destination,62,Application-37-Service,EndDevice-37,Application-37-Service,4000
1547,Application-39,M_Req,missing_destination,64,Application-39-Service,EndDevice-39,Application-39-Service,4000
1554,Application-11,M_Req,missing_destination,36,Application-11-Service,EndDevice-11,Application-11-Service,4100
1572,Application-40,M_Req,missing_destination,65,Application-40-Service,EndDevice-40,Application-40-Service,4100
1576,Application-12,M_Req,missing_destination,37,Application-12-Service,EndDevice-12,Application-12-Service,4100
1584,Application-37,M_Req,missing_destination,62,Application-37-Service,EndDevice-37,Application-37-Service,4100
1585,Application-10,M_Req,missing_destination,35,Application-10-Service,EndDevice-10,Application-10-Service,4100
1592,Application-9,M_Req,missing_destination,34,Application-9-Service,EndDevice-9,Application-9-Service,4100
1595,Application-39,M_Req,missing_destination,64,Application-39-Service,EndDevice-39,Application-39-Service,4100
1601,Application-11,M_Req,missing_destination,36,Application-11-Service,EndDevice-11,Application-11-Service,4200
1617,Application-40,M_Req,missing_destination,65,Application-40-Service,EndDevice-40,Application-40-Service,4200
1620,Application-12,M_Req,missing_destination,37,Application-12-Service,EndDevice-12,Application-12-Service,4200
1649,Application-11,M_Req,missing_destination,36,Application-11-Service,EndDevice-11,Application-11-Service,4300
1668,Application-12,M_Req,missing_destination,37,Application-12-Service,EndDevice-12,Application-12-Service,4300
1678,Application-17,M_Req,missing_destination,42,Application-17-Service,EndDevice-17,Application-17-Service,4400
1688,Application-19,M_Req,missing_destination,44,Application-19-Service,EndDevice-19,Application-19-Service,4400
1693,Application-11,M_Req,missing_destination,36,Application-11-Service,EndDevice-11,Application-11-Service,4400
1696,Application-18,M_Req,missing_destination,43,Application-18-Service,EndDevice-18,Application-18-Service,4400
1713,Application-20,M_Req,missing_destination,45,Application-20-Service,EndDevice-20,Application-20-Service,4500
1726,Application-17,M_Req,missing_destination,42,Application-17-Service,EndDevice-17,Application-17-Service,4500
1736,Application-19,M_Req,missing_destination,44,Application-19-Service,EndDevice-19,Application-19-Service,4500
1741,Application-11,M_Req,missing_destination,36,Application-11-Service,EndDevice-11,Application-11-Service,4500
1744,Application-18,M_Req,missing_destination,43,Application-18-Service,EndDevice-18,Application-18-Service,4500
1759,Application-20,M_Req,missing_destination,45,Application-20-Service,EndDevice-20,Application-20-Service,4600
1772,Application-17,M_Req,missing_destination,42,Application-17-Service,EndDevice-17,Application-17-Service,4600
1781,Application-19,M_Req,missing_destination,44,Application-19-Service,EndDevice-19,Application-19-Service,4600
1785,Application-38,M_Req,missing_destination,63,Application-38-Service,EndDevice-38,Application-38-Service,4700
1795,Application-40,M_Req,missing_destination,65,Application-40-Service,EndDevice-40,Application-40-Service,4700
1807,Application-20,M_Req,missing_destination,45,Application-20-Service,EndDevice-20,Application-20-Service,4700
1808,Application-39,M_Req,missing_destination,64,Application-39-Service,EndDevice-39,Application-39-Service,4700
1820,Application-17,M_Req,missing_destination,42,Application-17-Service,EndDevice-17,Application-17-Service,4700
1829,Application-19,M_Req,missing_destination,44,Application-19-Service,EndDevice-19,Application-19-Service,4700
1833,Application-38,M_Req,missing_destination,63,Application-38-Service,EndDevice-38,Application-38-Service,4800
1841,Application-40,M_Req,missing_destination,65,Application-40-Service,EndDevice-40,Application-40-Service,4800
1850,Application-20,M_Req,missing_destination,45,Application-20-Service,EndDevice-20,Application-20-Service,4800
1851,Application-39,M_Req,missing_destination,64,Application-39-Service,EndDevice-39,Application-39-Service,4800
1881,Application-38,M_Req,missing_destination,63,Application-38-Service,EndDevice-38,Application-38-Service,4900
1889,Application-40,M_Req,missing_destination,65,Application-40-Service,EndDevice-40,Application-40-Service,4900
1899,Application-39,M_Req,missing_destination,64,Application-39-Service,EndDevice-39,Application-39-Service,4900
1907,Application-17,M_Req,missing_destination,42,Application-17-Service,EndDevice-17,Application-17-Service,5000
1918,Application-6,M_Req,missing_destination,31,Application-6-Service,EndDevice-6,Application-6-Service,5000
1922,Application-8,M_Req,missing_destination,33,Application-8-Service,EndDevice-8,Application-8-Service,5000
1924,Application-38,M_Req,missing_destination,63,Application-38-Service,EndDevice-38,Application-38-Service,5000
1930,Application-7,M_Req,missing_destination,32,Application-7-Service,EndDevice-7,Application-7-Service,5000
1932,Application-40,M_Req,missing_destination,65,Application-40-Service,EndDevice-40,Application-40-Service,5000
1955,Application-17,M_Req,missing_destination,42,Application-17-Service,EndDevice-17,Application-17-Service,5100
1966,Application-6,M_Req,missing_destination,31,Application-6-Service,EndDevice-6,Application-6-Service,5100
1970,Application-8,M_Req,missing_destination,33,Application-8-Service,EndDevice-8,Application-8-Service,5100
1972,Application-38,M_Req,missing_destination,63,Application-38-Service,EndDevice-38,Application-38-Service,5100
1978,Application-7,M_Req,missing_destination,32,Application-7-Service,EndDevice-7,Application-7-Service,5100
1980,Application-40,M_Req,missing_destination,65,Application-40-Service,EndDevice-40,Application-40-Service,5100
2000,Application-17,M_Req,missing_destination,42,Application-17-Service,EndDevice-17,Application-17-Service,5200
2010,Application-6,M_Req,missing_destination,31,Application-6-Service,EndDevice-6,Application-6-Service,5200
2016,Application-11,M_Req,missing_destination,36,Application-11-Service,EndDevice-11,Application-11-Service,5300
2043,Application-12,M_Req,missing_destination,37,Application-12-Service,EndDevice-12,Application-12-Service,5300
2048,Application-17,M_Req,missing_destination,42,Application-17-Service,EndDevice-17,Application-17-Service,5300
2052,Application-9,M_Req,missing_destination,34,Application-9-Service,EndDevice-9,Application-9-Service,5300
2056,Application-10,M_Req,missing_destination,35,Application-10-Service,EndDevice-10,Application-10-Service,5300
2058,Application-6,M_Req,missing_destination,31,Application-6-Service,EndDevice-6,Application-6-Service,5300
2063,Application-11,M_Req,missing_destination,36,Application-11-Service,EndDevice-11,Application-11-Service,5400
2136,Application-17,M_Req,missing_destination,42,Application-17-Service,EndDevice-17,Application-17-Service,5600
2147,Application-18,M_Req,missing_destination,43,Application-18-Service,EndDevice-18,Application-18-Service,5600
2166,Application-20,M_Req,missing_destination,45,Application-20-Service,EndDevice-20,Application-20-Service,5700
2184,Application-17,M_Req,missing_destination,42,Application-17-Service,EndDevice-17,Application-17-Service,5700
2195,Application-18,M_Req,missing_destination,43,Application-18-Service,EndDevice-18,Application-18-Service,5700
2213,Application-20,M_Req,missing_destination,45,Application-20-Service,EndDevice-20,Application-20-Service,5800
2226,Application-17,M_Req,missing_destination,42,Application-17-Service,EndDevice-17,Application-17-Service,5800
2236,Application-18,M_Req,missing_destination,43,Application-18-Service,EndDevice-18,Application-18-Service,5800
2247,Application-2,M_Req,missing_destination,27,Application-2-Service,EndDevice-2,Application-2-Service,5900
2254,Application-1,M_Req,missing_destination,26,Application-1-Service,EndDevice-1,Application-1-Service,5900
2258,Application-3,M_Req,missing_destination,28,Application-3-Service,EndDevice-3,Application-3-Service,5900
2261,Application-20,M_Req,missing_destination,45,Application-20-Service,EndDevice-20,Application-20-Service,5900
2274,Application-17,M_Req,missing_destination,42,Application-17-Service,EndDevice-17,Application-17-Service,5900
2281,Application-4,M_Req,missing_destination,29,Application-4-Service,EndDevice-4,Application-4-Service,5900
2284,Application-18,M_Req,missing_destination,43,Application-18-Service,EndDevice-18,Application-18-Service,5900
2293,Application-2,M_Req,missing_destination,27,Application-2-Service,EndDevice-2,Application-2-Service,6000
2301,Application-3,M_Req,missing_destination,28,Application-3-Service,EndDevice-3,Application-3-Service,6000
2303,Application-20,M_Req,missing_destination,45,Application-20-Service,EndDevice-20,Application-20-Service,6000
2341,Application-2,M_Req,missing_destination,27,Application-2-Service,EndDevice-2,Application-2-Service,6100
2349,Application-3,M_Req,missing_destination,28,Application-3-Service,EndDevice-3,Application-3-Service,6100
2384,Application-2,M_Req,missing_destination,27,Application-2-Service,EndDevice-2,Application-2-Service,6200
2402,Application-19,M_Req,missing_destination,44,Application-19-Service,EndDevice-19,Application-19-Service,6300
2432,Application-2,M_Req,missing_destination,27,Application-2-Service,EndDevice-2,Application-2-Service,6300
2490,Application-23,M_Req,missing_destination,48,Application-23-Service,EndDevice-23,Application-23-Service,6500
2494,Application-21,M_Req,missing_destination,46,Application-21-Service,EndDevice-21,Application-21-Service,6500
2501,Application-22,M_Req,missing_destination,47,Application-22-Service,EndDevice-22,Application-22-Service,6500
2512,Application-24,M_Req,missing_destination,49,Application-24-Service,EndDevice-24,Application-24-Service,6500
2532,Application-23,M_Req,missing_destination,48,Application-23-Service,EndDevice-23,Application-23-Service,6600
2535,Application-21,M_Req,missing_destination,46,Application-21-Service,EndDevice-21,Application-21-Service,6600
2541,Application-22,M_Req,missing_destination,47,Application-22-Service,EndDevice-22,Application-22-Service,6600
2580,Application-23,M_Req,missing_destination,48,Application-23-Service,EndDevice-23,Application-23-Service,6700
2583,Application-21,M_Req,missing_destination,46,Application-21-Service,EndDevice-21,Application-21-Service,6700
2589,Application-22,M_Req,missing_destination,47,Application-22-Service,EndDevice-22,Application-22-Service,6700
2597,Application-47,M_Req,missing_destination,72,Application-47-Service,EndDevice-47,Application-47-Service,6800
2618,Application-46,M_Req,missing_destination,71,Application-46-Service,EndDevice-46,Application-46-Service,6800
2619,Application-45,M_Req,missing_destination,70,Application-45-Service,EndDevice-45,Application-45-Service,6800
2628,Application-22,M_Req,missing_destination,47,Application-22-Service,EndDevice-22,Application-22-Service,6900
2645,Application-47,M_Req,missing_destination,72,Application-47-Service,EndDevice-47,Application-47-Service,6900
2666,Application-46,M_Req,missing_destination,71,Application-46-Service,EndDevice-46,Application-46-Service,6900
2667,Application-45,M_Req,missing_destination,70,Application-45-Service,EndDevice-45,Application-45-Service,6900
2703,Application-31,M_Req,missing_destination,56,Application-31-Service,EndDevice-31,Application-31-Service,7100
2727,Application-29,M_Req,missing_destination,54,Application-29-Service,EndDevice-29,Application-29-Service,7100
2734,Application-32,M_Req,missing_destination,57,Application-32-Service,EndDevice-32,Application-32-Service,7100
2742,Application-30,M_Req,missing_destination,55,Application-30-Service,EndDevice-30,Application-30-Service,7100
2820,Application-47,M_Req,missing_destination,72,Application-47-Service,EndDevice-47,Application-47-Service,7400
2831,Application-29,M_Req,missing_destination,54,Application-29-Service,EndDevice-29,Application-29-Service,7400
2840,Application-48,M_Req,missing_destination,73,Application-48-Service,EndDevice-48,Application-48-Service,7400
2868,Application-47,M_Req,missing_destination,72,Application-47-Service,EndDevice-47,Application-47-Service,7500
2879,Application-29,M_Req,missing_destination,54,Application-29-Service,EndDevice-29,Application-29-Service,7500
2888,Application-48,M_Req,missing_destination,73,Application-48-Service,EndDevice-48,Application-48-Service,7500
2911,Application-47,M_Req,missing_destination,72,Application-47-Service,EndDevice-47,Application-47-Service,7600
2936,Application-24,M_Req,missing_destination,49,Application-24-Service,EndDevice-24,Application-24-Service,7700
2942,Application-23,M_Req,missing_destination,48,Application-23-Service,EndDevice-23,Application-23-Service,7700
2946,Application-22,M_Req,missing_destination,47,Application-22-Service,EndDevice-22,Application-22-Service,7700
2949,Application-21,M_Req,missing_destination,46,Application-21-Service,EndDevice-21,Application-21-Service,7700
2950,Application-32,M_Req,missing_destination,57,Application-32-Service,EndDevice-32,Application-32-Service,7700
2959,Application-47,M_Req,missing_destination,72,Application-47-Service,EndDevice-47,Application-47-Service,7700
2980,Application-24,M_Req,missing_destination,49,Application-24-Service,EndDevice-24,Application-24-Service,7800
2986,Application-23,M_Req,missing_destination,48,Application-23-Service,EndDevice-23,Application-23-Service,7800
2991,Application-21,M_Req,missing_destination,46,Application-21-Service,EndDevice-21,Application-21-Service,7800
2992,Application-32,M_Req,missing_destination,57,Application-32-Service,EndDevice-32,Application-32-Service,7800
3057,Application-42,M_Req,missing_destination,67,Application-42-Service,EndDevice-42,Application-42-Service,8000
3060,Application-43,M_Req,missing_destination,68,Application-43-Service,EndDevice-43,Application-43-Service,8000
3077,Application-41,M_Req,missing_destination,66,Application-41-Service,EndDevice-41,Application-41-Service,8100
3105,Application-42,M_Req,missing_destination,67,Application-42-Service,EndDevice-42,Application-42-Service,8100
3108,Application-43,M_Req,missing_destination,68,Application-43-Service,EndDevice-43,Application-43-Service,8100
3125,Application-41,M_Req,missing_destination,66,Application-41-Service,EndDevice-41,Application-41-Service,8200
3147,Application-42,M_Req,missing_destination,67,Application-42-Service,EndDevice-42,Application-42-Service,8200
3149,Application-43,M_Req,missing_destination,68,Application-43-Service,EndDevice-43,Application-43-Service,8200
3154,Application-19,M_Req,missing_destination,44,Application-19-Service,EndDevice-19,Application-19-Service,8300
3167,Application-20,M_Req,missing_destination,45,Application-20-Service,EndDevice-20,Application-20-Service,8300
3173,Application-41,M_Req,missing_destination,66,Application-41-Service,EndDevice-41,Application-41-Service,8300
3178,Application-17,M_Req,missing_destination,42,Application-17-Service,EndDevice-17,Application-17-Service,8300
3181,Application-47,M_Req,missing_destination,72,Application-47-Service,EndDevice-47,Application-47-Service,8300
3193,Application-18,M_Req,missing_destination,43,Application-18-Service,EndDevice-18,Application-18-Service,8300
3195,Application-42,M_Req,missing_destination,67,Application-42-Service,EndDevice-42,Application-42-Service,8300
3197,Application-43,M_Req,missing_destination,68,Application-43-Service,EndDevice-43,Application-43-Service,8300
3202,Application-19,M_Req,missing_destination,44,Application-19-Service,EndDevice-19,Application-19-Service,8400
3215,Application-20,M_Req,missing_destination,45,Application-20-Service,EndDevice-20,Application-20-Service,8400
3221,Application-41,M_Req,missing_destination,66,Application-41-Service,EndDevice-41,Application-41-Service,8400
3224,Application-17,M_Req,missing_destination,42,Application-17-Service,EndDevice-17,Application-17-Service,8400
3227,Application-47,M_Req,missing_destination,72,Application-47-Service,EndDevice-47,Application-47-Service,8400
3269,Application-41,M_Req,missing_destination,66,Application-41-Service,EndDevice-41,Application-41-Service,8500
3280,Application-16,M_Req,missing_destination,41,Application-16-Service,EndDevice-16,Application-16-Service,8600
3290,Application-15,M_Req,missing_destination,40,Application-15-Service,EndDevice-15,Application-15-Service,8600
3291,Application-13,M_Req,missing_destination,38,Application-13-Service,EndDevice-13,Application-13-Service,8600
3300,Application-14,M_Req,missing_destination,39,Application-14-Service,EndDevice-14,Application-14-Service,8600
3328,Application-16,M_Req,missing_destination,41,Application-16-Service,EndDevice-16,Application-16-Service,8700
3338,Application-15,M_Req,missing_destination,40,Application-15-Service,EndDevice-15,Application-15-Service,8700
3339,Application-13,M_Req,missing_destination,38,Application-13-Service,EndDevice-13,Application-13-Service,8700
3348,Application-14,M_Req,missing_destination,39,Application-14-Service,EndDevice-14,Application-14-Service,8700
3383,Application-39,M_Req,missing_destination,64,Application-39-Service,EndDevice-39,Application-39-Service,8900
3398,Application-37,M_Req,missing_destination,62,Application-37-Service,EndDevice-37,Application-37-Service,8900
3409,Application-40,M_Req,missing_destination,65,Application-40-Service,EndDevice-40,Application-40-Service,8900
3416,Application-38,M_Req,missing_destination,63,Application-38-Service,EndDevice-38,Application-38-Service,8900
3431,Application-39,M_Req,missing_destination,64,Application-39-Service,EndDevice-39,Application-39-Service,9000
3443,Application-37,M_Req,missing_destination,62,Application-37-Service,EndDevice-37,Application-37-Service,9000
3453,Application-40,M_Req,missing_destination,65,Application-40-Service,EndDevice-40,Application-40-Service,9000
3458,Application-38,M_Req,missing_destination,63,Application-38-Service,EndDevice-38,Application-38-Service,9000
3479,Application-39,M_Req,missing_destination,64,Application-39-Service,EndDevice-39,Application-39-Service,9100
3491,Application-37,M_Req,missing_destination,62,Application-37-Service,EndDevice-37,Application-37-Service,9100
3501,Application-40,M_Req,missing_destination,65,Application-40-Service,EndDevice-40,Application-40-Service,9100
3506,Application-38,M_Req,missing_destination,63,Application-38-Service,EndDevice-38,Application-38-Service,9100
3522,Application-39,M_Req,missing_destination,64,Application-39-Service,EndDevice-39,Application-39-Service,9200
3533,Application-37,M_Req,missing_destination,62,Application-37-Service,EndDevice-37,Application-37-Service,9200
3544,Application-25,M_Req,missing_destination,50,Application-25-Service,EndDevice-25,Application-25-Service,9300
3545,Application-28,M_Req,missing_destination,53,Application-28-Service,EndDevice-28,Application-28-Service,9300
3570,Application-39,M_Req,missing_destination,64,Application-39-Service,EndDevice-39,Application-39-Service,9300
3581,Application-37,M_Req,missing_destination,62,Application-37-Service,EndDevice-37,Application-37-Service,9300
3617,Application-3,M_Req,missing_destination,28,Application-3-Service,EndDevice-3,Application-3-Service,9500
3626,Application-4,M_Req,missing_destination,29,Application-4-Service,EndDevice-4,Application-4-Service,9500
3647,Application-1,M_Req,missing_destination,26,Application-1-Service,EndDevice-1,Application-1-Service,9500
3658,Application-2,M_Req,missing_destination,27,Application-2-Service,EndDevice-2,Application-2-Service,9500
3665,Application-3,M_Req,missing_destination,28,Application-3-Service,EndDevice-3,Application-3-Service,9600
3755,Application-3,M_Req,missing_destination,28,Application-3-Service,EndDevice-3,Application-3-Service,9800
3803,Application-3,M_Req,missing_destination,28,Application-3-Service,EndDevice-3,Application-3-Service,9900
3847,Application-37,M_Req,missing_destination,62,Application-37-Service,EndDevice-37,Application-37-Service,10100
3853,Application-38,M_Req,missing_destination,63,Application-38-Service,EndDevice-38,Application-38-Service,10100
3856,Application-39,M_Req,missing_destination,64,Application-39-Service,EndDevice-39,Application-39-Service,10100
3881,Application-2,M_Req,missing_destination,27,Application-2-Service,EndDevice-2,Application-2-Service,10100
3883,Application-40,M_Req,missing_destination,65,Application-40-Service,EndDevice-40,Application-40-Service,10100
3894,Application-37,M_Req,missing_destination,62,Application-37-Service,EndDevice-37,Application-37-Service,10200
3898,Application-38,M_Req,missing_destination,63,Application-38-Service,EndDevice-38,Application-38-Service,10200
3901,Application-39,M_Req,missing_destination,64,Application-39-Service,EndDevice-39,Application-39-Service,10200
3942,Application-37,M_Req,missing_destination,62,Application-37-Service,EndDevice-37,Application-37-Service,10300
3946,Application-38,M_Req,missing_destination,63,Application-38-Service,EndDevice-38,Application-38-Service,10300
3949,Application-39,M_Req,missing_destination,64,Application-39-Service,EndDevice-39,Application-39-Service,10300
3964,Application-35,M_Req,missing_destination,60,Application-35-Service,EndDevice-35,Application-35-Service,10400
3973,Application-33,M_Req,missing_destination,58,Application-33-Service,EndDevice-33,Application-33-Service,10400
3982,Application-34,M_Req,missing_destination,59,Application-34-Service,EndDevice-34,Application-34-Service,10400
3984,Application-37,M_Req,missing_destination,62,Application-37-Service,EndDevice-37,Application-37-Service,10400
3987,Application-38,M_Req,missing_destination,63,Application-38-Service,EndDevice-38,Application-38-Service,10400
3990,Application-39,M_Req,missing_destination,64,Application-39-Service,EndDevice-39,Application-39-Service,10400
4001,Application-36,M_Req,missing_destination,61,Application-36-Service,EndDevice-36,Application-36-Service,10500
4012,Application-35,M_Req,missing_destination,60,Application-35-Service,EndDevice-35,Application-35-Service,10500
4021,Application-33,M_Req,missing_destination,58,Application-33-Service,EndDevice-33,Application-33-Service,10500
4030,Application-34,M_Req,missing_destination,59,Application-34-Service,EndDevice-34,Application-34-Service,10500
4032,Application-37,M_Req,missing_destination,62,Application-37-Service,EndDevice-37,Application-37-Service,10500
4035,Application-38,M_Req,missing_destination,63,Application-38-Service,EndDevice-38,Application-38-Service,10500
4038,Application-39,M_Req,missing_destination,64,Application-39-Service,EndDevice-39,Application-39-Service,10500
4078,Application-12,M_Req,missing_destination,37,Application-12-Service,EndDevice-12,Application-12-Service,10700
4079,Application-39,M_Req,missing_destination,64,Application-39-Service,EndDevice-39,Application-39-Service,10700
4085,Application-11,M_Req,missing_destination,36,Application-11-Service,EndDevice-11,Application-11-Service,10700
4112,Application-9,M_Req,missing_destination,34,Application-9-Service,EndDevice-9,Application-9-Service,10700
4113,Application-10,M_Req,missing_destination,35,Application-10-Service,EndDevice-10,Application-10-Service,10700
4123,Application-12,M_Req,missing_destination,37,Application-12-Service,EndDevice-12,Application-12-Service,10800
4124,Application-39,M_Req,missing_destination,64,Application-39-Service,EndDevice-39,Application-39-Service,10800
4130,Application-11,M_Req,missing_destination,36,Application-11-Service,EndDevice-11,Application-11-Service,10800
4171,Application-12,M_Req,missing_destination,37,Application-12-Service,EndDevice-12,Application-12-Service,10900
4172,Application-39,M_Req,missing_destination,64,Application-39-Service,EndDevice-39,Application-39-Service,10900
4178,Application-11,M_Req,missing_destination,36,Application-11-Service,EndDevice-11,Application-11-Service,10900
4203,Application-45,M_Req,missing_destination,70,Application-45-Service,EndDevice-45,Application-45-Service,11000
4215,Application-12,M_Req,missing_destination,37,Application-12-Service,EndDevice-12,Application-12-Service,11000
4216,Application-39,M_Req,missing_destination,64,Application-39-Service,EndDevice-39,Application-39-Service,11000
4218,Application-47,M_Req,missing_destination,72,Application-47-Service,EndDevice-47,Application-47-Service,11000
4220,Application-11,M_Req,missing_destination,36,Application-11-Service,EndDevice-11,Application-11-Service,11000
4227,Application-46,M_Req,missing_destination,71,Application-46-Service,EndDevice-46,Application-46-Service,11100
4251,Application-45,M_Req,missing_destination,70,Application-45-Service,EndDevice-45,Application-45-Service,11100
4263,Application-12,M_Req,missing_destination,37,Application-12-Service,EndDevice-12,Application-12-Service,11100
4264,Application-39,M_Req,missing_destination,64,Application-39-Service,EndDevice-39,Application-39-Service,11100
4266,Application-47,M_Req,missing_destination,72,Application-47-Service,EndDevice-47,Application-47-Service,11100
4268,Application-11,M_Req,missing_destination,36,Application-11-Service,EndDevice-11,Application-11-Service,11100
4305,Application-12,M_Req,missing_destination,37,Application-12-Service,EndDevice-12,Application-12-Service,11300
4311,Application-4,M_Req,missing_destination,29,Application-4-Service,EndDevice-4,Application-4-Service,11300
4326,Application-3,M_Req,missing_destination,28,Application-3-Service,EndDevice-3,Application-3-Service,11300
4336,Application-1,M_Req,missing_destination,26,Application-1-Service,EndDevice-1,Application-1-Service,11300
4339,Application-2,M_Req,missing_destination,27,Application-2-Service,EndDevice-2,Application-2-Service,11300
4341,Application-40,M_Req,missing_destination,65,Application-40-Service,EndDevice-40,Application-40-Service,11300
4352,Application-12,M_Req,missing_destination,37,Application-12-Service,EndDevice-12,Application-12-Service,11400
4356,Application-4,M_Req,missing_destination,29,Application-4-Service,EndDevice-4,Application-4-Service,11400
4369,Application-3,M_Req,missing_destination,28,Application-3-Service,EndDevice-3,Application-3-Service,11400
4432,Application-23,M_Req,missing_destination,48,Application-23-Service,EndDevice-23,Application-23-Service,11600
4434,Application-24,M_Req,missing_destination,49,Application-24-Service,EndDevice-24,Application-24-Service,11600
4444,Application-21,M_Req,missing_destination,46,Application-21-Service,EndDevice-21,Application-21-Service,11600
4462,Application-22,M_Req,missing_destination,47,Application-22-Service,EndDevice-22,Application-22-Service,11700
4480,Application-23,M_Req,missing_destination,48,Application-23-Service,EndDevice-23,Application-23-Service,11700
4482,Application-24,M_Req,missing_destination,49,Application-24-Service,EndDevice-24,Application-24-Service,11700
4492,Application-21,M_Req,missing_destination,46,Application-21-Service,EndDevice-21,Application-21-Service,11700
4546,Application-1,M_Req,missing_destination,26,Application-1-Service,EndDevice-1,Application-1-Service,11900
4554,Application-3,M_Req,missing_destination,28,Application-3-Service,EndDevice-3,Application-3-Service,11900
4558,Application-4,M_Req,missing_destination,29,Application-4-Service,EndDevice-4,Application-4-Service,11900
4591,Application-1,M_Req,missing_destination,26,Application-1-Service,EndDevice-1,Application-1-Service,12000
4596,Application-3,M_Req,missing_destination,28,Application-3-Service,EndDevice-3,Application-3-Service,12000
4639,Application-1,M_Req,missing_destination,26,Application-1-Service,EndDevice-1,Application-1-Service,12100
4644,Application-3,M_Req,missing_destination,28,Application-3-Service,EndDevice-3,Application-3-Service,12100
4653,Application-29,M_Req,missing_destination,54,Application-29-Service,EndDevice-29,Application-29-Service,12200
4670,Application-32,M_Req,missing_destination,57,Application-32-Service,EndDevice-32,Application-32-Service,12200
4677,Application-30,M_Req,missing_destination,55,Application-30-Service,EndDevice-30,Application-30-Service,12200
4681,Application-1,M_Req,missing_destination,26,Application-1-Service,EndDevice-1,Application-1-Service,12200
4685,Application-3,M_Req,missing_destination,28,Application-3-Service,EndDevice-3,Application-3-Service,12300
4701,Application-29,M_Req,missing_destination,54,Application-29-Service,EndDevice-29,Application-29-Service,12300
4718,Application-32,M_Req,missing_destination,57,Application-32-Service,EndDevice-32,Application-32-Service,12300
4725,Application-30,M_Req,missing_destination,55,Application-30-Service,EndDevice-30,Application-30-Service,12300
4729,Application-1,M_Req,missing_destination,26,Application-1-Service,EndDevice-1,Application-1-Service,12300
4733,Application-3,M_Req,missing_destination,28,Application-3-Service,EndDevice-3,Application-3-Service,12400
4759,Application-32,M_Req,missing_destination,57,Application-32-Service,EndDevice-32,Application-32-Service,12400
4774,Application-23,M_Req,missing_destination,48,Application-23-Service,EndDevice-23,Application-23-Service,12500
4775,Application-29,M_Req,missing_destination,54,Application-29-Service,EndDevice-29,Application-29-Service,12500
4781,Application-3,M_Req,missing_destination,28,Application-3-Service,EndDevice-3,Application-3-Service,12500
4790,Application-22,M_Req,missing_destination,47,Application-22-Service,EndDevice-22,Application-22-Service,12500
4802,Application-21,M_Req,missing_destination,46,Application-21-Service,EndDevice-21,Application-21-Service,12500
4804,Application-24,M_Req,missing_destination,49,Application-24-Service,EndDevice-24,Application-24-Service,12500
4807,Application-32,M_Req,missing_destination,57,Application-32-Service,EndDevice-32,Application-32-Service,12500
4808,Application-4,M_Req,missing_destination,29,Application-4-Service,EndDevice-4,Application-4-Service,12500
4820,Application-23,M_Req,missing_destination,48,Application-23-Service,EndDevice-23,Application-23-Service,12600
4821,Application-29,M_Req,missing_destination,54,Application-29-Service,EndDevice-29,Application-29-Service,12600
4825,Application-3,M_Req,missing_destination,28,Application-3-Service,EndDevice-3,Application-3-Service,12600
4868,Application-23,M_Req,missing_destination,48,Application-23-Service,EndDevice-23,Application-23-Service,12700
4869,Application-29,M_Req,missing_destination,54,Application-29-Service,EndDevice-29,Application-29-Service,12700
4909,Application-23,M_Req,missing_destination,48,Application-23-Service,EndDevice-23,Application-23-Service,12800
4910,Application-29,M_Req,missing_destination,54,Application-29-Service,EndDevice-29,Application-29-Service,12800
4912,Application-15,M_Req,missing_destination,40,Application-15-Service,EndDevice-15,Application-15-Service,12900
4915,Application-13,M_Req,missing_destination,38,Application-13-Service,EndDevice-13,Application-13-Service,12900
4916,Application-14,M_Req,missing_destination,39,Application-14-Service,EndDevice-14,Application-14-Service,12900
4920,Application-16,M_Req,missing_destination,41,Application-16-Service,EndDevice-16,Application-16-Service,12900
4957,Application-23,M_Req,missing_destination,48,Application-23-Service,EndDevice-23,Application-23-Service,12900
4958,Application-29,M_Req,missing_destination,54,Application-29-Service,EndDevice-29,Application-29-Service,12900
5007,Application-17,M_Req,missing_destination,42,Application-17-Service,EndDevice-17,Application-17-Service,13100
5013,Application-19,M_Req,missing_destination,44,Application-19-Service,EndDevice-19,Application-19-Service,13100
5027,Application-20,M_Req,missing_destination,45,Application-20-Service,EndDevice-20,Application-20-Service,13100
5030,Application-18,M_Req,missing_destination,43,Application-18-Service,EndDevice-18,Application-18-Service,13100
5053,Application-19,M_Req,missing_destination,44,Application-19-Service,EndDevice-19,Application-19-Service,13200
5117,Application-46,M_Req,missing_destination,71,Application-46-Service,EndDevice-46,Application-46-Service,13400
5135,Application-48,M_Req,missing_destination,73,Application-48-Service,EndDevice-48,Application-48-Service,13400
5147,Application-45,M_Req,missing_destination,70,Application-45-Service,EndDevice-45,Application-45-Service,13500
5165,Application-46,M_Req,missing_destination,71,Application-46-Service,EndDevice-46,Application-46-Service,13500
5183,Application-48,M_Req,missing_destination,73,Application-48-Service,EndDevice-48,Application-48-Service,13500
5218,Application-12,M_Req,missing_destination,37,Application-12-Service,EndDevice-12,Application-12-Service,13700
5219,Application-11,M_Req,missing_destination,36,Application-11-Service,EndDevice-11,Application-11-Service,13700
5231,Application-10,M_Req,missing_destination,35,Application-10-Service,EndDevice-10,Application-10-Service,13700
5243,Application-9,M_Req,missing_destination,34,Application-9-Service,EndDevice-9,Application-9-Service,13700
5266,Application-11,M_Req,missing_destination,36,Application-11-Service,EndDevice-11,Application-11-Service,13800
5276,Application-10,M_Req,missing_destination,35,Application-10-Service,EndDevice-10,Application-10-Service,13800
5286,Application-9,M_Req,missing_destination,34,Application-9-Service,EndDevice-9,Application-9-Service,13800
5348,Application-27,M_Req,missing_destination,52,Application-27-Service,EndDevice-27,Application-27-Service,14000
5362,Application-26,M_Req,missing_destination,51,Application-26-Service,EndDevice-26,Application-26-Service,14000
5371,Application-25,M_Req,missing_destination,50,Application-25-Service,EndDevice-25,Application-25-Service,14100
5396,Application-27,M_Req,missing_destination,52,Application-27-Service,EndDevice-27,Application-27-Service,14100
5410,Application-26,M_Req,missing_destination,51,Application-26-Service,EndDevice-26,Application-26-Service,14100
5418,Application-25,M_Req,missing_destination,50,Application-25-Service,EndDevice-25,Application-25-Service,14200
5439,Application-27,M_Req,missing_destination,52,Application-27-Service,EndDevice-27,Application-27-Service,14200
5466,Application-25,M_Req,missing_destination,50,Application-25-Service,EndDevice-25,Application-25-Service,14300
5487,Application-27,M_Req,missing_destination,52,Application-27-Service,EndDevice-27,Application-27-Service,14300
5510,Application-25,M_Req,missing_destination,50,Application-25-Service,EndDevice-25,Application-25-Service,14400
5572,Application-43,M_Req,missing_destination,68,Application-43-Service,EndDevice-43,Application-43-Service,14600
5585,Application-44,M_Req,missing_destination,69,Application-44-Service,EndDevice-44,Application-44-Service,14600
5606,Application-41,M_Req,missing_destination,66,Application-41-Service,EndDevice-41,Application-41-Service,14700
5609,Application-42,M_Req,missing_destination,67,Application-42-Service,EndDevice-42,Application-42-Service,14700
5620,Application-43,M_Req,missing_destination,68,Application-43-Service,EndDevice-43,Application-43-Service,14700
5633,Application-44,M_Req,missing_destination,69,Application-44-Service,EndDevice-44,Application-44-Service,14700
5695,Application-3,M_Req,missing_destination,28,Application-3-Service,EndDevice-3,Application-3-Service,14900
5702,Application-1,M_Req,missing_destination,26,Application-1-Service,EndDevice-1,Application-1-Service,14900
5717,Application-2,M_Req,missing_destination,27,Application-2-Service,EndDevice-2,Application-2-Service,14900
5719,Application-4,M_Req,missing_destination,29,Application-4-Service,EndDevice-4,Application-4-Service,14900
5738,Application-3,M_Req,missing_destination,28,Application-3-Service,EndDevice-3,Application-3-Service,15000
5743,Application-1,M_Req,missing_destination,26,Application-1-Service,EndDevice-1,Application-1-Service,15000
5786,Application-3,M_Req,missing_destination,28,Application-3-Service,EndDevice-3,Application-3-Service,15100
5791,Application-1,M_Req,missing_destination,26,Application-1-Service,EndDevice-1,Application-1-Service,15100
5829,Application-21,M_Req,missing_destination,46,Application-21-Service,EndDevice-21,Application-21-Service,15300
5831,Application-1,M_Req,missing_destination,26,Application-1-Service,EndDevice-1,Application-1-Service,15300
5920,Application-35,M_Req,missing_destination,60,Application-35-Service,EndDevice-35,Application-35-Service,15500
5922,Application-34,M_Req,missing_destination,59,Application-34-Service,EndDevice-34,Application-34-Service,15500
5926,Application-36,M_Req,missing_destination,61,Application-36-Service,EndDevice-36,Application-36-Service,15500
5941,Application-33,M_Req,missing_destination,58,Application-33-Service,EndDevice-33,Application-33-Service,15500
5965,Application-35,M_Req,missing_destination,60,Application-35-Service,EndDevice-35,Application-35-Service,15600
5967,Application-34,M_Req,missing_destination,59,Application-34-Service,EndDevice-34,Application-34-Service,15600
5971,Application-36,M_Req,missing_destination,61,Application-36-Service,EndDevice-36,Application-36-Service,15600
6013,Application-35,M_Req,missing_destination,60,Application-35-Service,EndDevice-35,Application-35-Service,15700
6015,Application-34,M_Req,missing_destination,59,Application-34-Service,EndDevice-34,Application-34-Service,15700
6019,Application-36,M_Req,missing_destination,61,Application-36-Service,EndDevice-36,Application-36-Service,15700
6037,Application-4,M_Req,missing_destination,29,Application-4-Service,EndDevice-4,Application-4-Service,15800
6049,Application-10,M_Req,missing_destination,35,Application-10-Service,EndDevice-10,Application-10-Service,15800
6056,Application-35,M_Req,missing_destination,60,Application-35-Service,EndDevice-35,Application-35-Service,15800
6058,Application-34,M_Req,missing_destination,59,Application-34-Service,EndDevice-34,Application-34-Service,15800
6070,Application-9,M_Req,missing_destination,34,Application-9-Service,EndDevice-9,Application-9-Service,15900
6085,Application-4,M_Req,missing_destination,29,Application-4-Service,EndDevice-4,Application-4-Service,15900
6097,Application-10,M_Req,missing_destination,35,Application-10-Service,EndDevice-10,Application-10-Service,15900
6104,Application-35,M_Req,missing_destination,60,Application-35-Service,EndDevice-35,Application-35-Service,15900
6106,Application-34,M_Req,missing_destination,59,Application-34-Service,EndDevice-34,Application-34-Service,15900
6117,Application-9,M_Req,missing_destination,34,Application-9-Service,EndDevice-9,Application-9-Service,16000
6147,Application-43,M_Req,missing_destination,68,Application-43-Service,EndDevice-43,Application-43-Service,16100
6152,Application-42,M_Req,missing_destination,67,Application-42-Service,EndDevice-42,Application-42-Service,16100
6161,Application-41,M_Req,missing_destination,66,Application-41-Service,EndDevice-41,Application-41-Service,16100
6165,Application-9,M_Req,missing_destination,34,Application-9-Service,EndDevice-9,Application-9-Service,16100
6178,Application-44,M_Req,missing_destination,69,Application-44-Service,EndDevice-44,Application-44-Service,16100
6197,Application-42,M_Req,missing_destination,67,Application-42-Service,EndDevice-42,Application-42-Service,16200
6286,Application-42,M_Req,missing_destination,67,Application-42-Service,EndDevice-42,Application-42-Service,16400
6334,Application-42,M_Req,missing_destination,67,Application-42-Service,EndDevice-42,Application-42-Service,16500
6366,Application-24,M_Req,missing_destination,49,Application-24-Service,EndDevice-24,Application-24-Service,16700
6370,Application-22,M_Req,missing_destination,47,Application-22-Service,EndDevice-22,Application-22-Service,16700
6373,Application-23,M_Req,missing_destination,48,Application-23-Service,EndDevice-23,Application-23-Service,16700
6374,Application-42,M_Req,missing_destination,67,Application-42-Service,EndDevice-42,Application-42-Service,16700
6393,Application-21,M_Req,missing_destination,46,Application-21-Service,EndDevice-21,Application-21-Service,16700
6414,Application-24,M_Req,missing_destination,49,Application-24-Service,EndDevice-24,Application-24-Service,16800
6418,Application-23,M_Req,missing_destination,48,Application-23-Service,EndDevice-23,Application-23-Service,16800
6419,Application-42,M_Req,missing_destination,67,Application-42-Service,EndDevice-42,Application-42-Service,16800
6435,Application-21,M_Req,missing_destination,46,Application-21-Service,EndDevice-21,Application-21-Service,16800
6462,Application-24,M_Req,missing_destination,49,Application-24-Service,EndDevice-24,Application-24-Service,16900
6466,Application-23,M_Req,missing_destination,48,Application-23-Service,EndDevice-23,Application-23-Service,16900
6467,Application-42,M_Req,missing_destination,67,Application-42-Service,EndDevice-42,Application-42-Service,16900
6483,Application-21,M_Req,missing_destination,46,Application-21-Service,EndDevice-21,Application-21-Service,16900
6494,Application-16,M_Req,missing_destination,41,Application-16-Service,EndDevice-16,Application-16-Service,17000
6495,Application-15,M_Req,missing_destination,40,Application-15-Service,EndDevice-15,Application-15-Service,17000
6501,Application-13,M_Req,missing_destination,38,Application-13-Service,EndDevice-13,Application-13-Service,17000
6506,Application-24,M_Req,missing_destination,49,Application-24-Service,EndDevice-24,Application-24-Service,17000
6510,Application-23,M_Req,missing_destination,48,Application-23-Service,EndDevice-23,Application-23-Service,17000
6542,Application-16,M_Req,missing_destination,41,Application-16-Service,EndDevice-16,Application-16-Service,17100
6543,Application-15,M_Req,missing_destination,40,Application-15-Service,EndDevice-15,Application-15-Service,17100
6549,Application-13,M_Req,missing_destination,38,Application-13-Service,EndDevice-13,Application-13-Service,17100
6554,Application-24,M_Req,missing_destination,49,Application-24-Service,EndDevice-24,Application-24-Service,17100
6558,Application-23,M_Req,missing_destination,48,Application-23-Service,EndDevice-23,Application-23-Service,17100
6584,Application-15,M_Req,missing_destination,40,Application-15-Service,EndDevice-15,Application-15-Service,17200
6589,Application-13,M_Req,missing_destination,38,Application-13-Service,EndDevice-13,Application-13-Service,17200
6632,Application-15,M_Req,missing_destination,40,Application-15-Service,EndDevice-15,Application-15-Service,17300
6637,Application-13,M_Req,missing_destination,38,Application-13-Service,EndDevice-13,Application-13-Service,17300
6727,Application-22,M_Req,missing_destination,47,Application-22-Service,EndDevice-22,Application-22-Service,17600
6730,Application-38,M_Req,missing_destination,63,Application-38-Service,EndDevice-38,Application-38-Service,17600
6733,Application-37,M_Req,missing_destination,62,Application-37-Service,EndDevice-37,Application-37-Service,17600
6746,Application-39,M_Req,missing_destination,64,Application-39-Service,EndDevice-39,Application-39-Service,17600
6752,Application-40,M_Req,missing_destination,65,Application-40-Service,EndDevice-40,Application-40-Service,17700
6775,Application-22,M_Req,missing_destination,47,Application-22-Service,EndDevice-22,Application-22-Service,17700
6778,Application-38,M_Req,missing_destination,63,Application-38-Service,EndDevice-38,Application-38-Service,17700
6781,Application-37,M_Req,missing_destination,62,Application-37-Service,EndDevice-37,Application-37-Service,17700
6794,Application-39,M_Req,missing_destination,64,Application-39-Service,EndDevice-39,Application-39-Service,17700
6846,Application-47,M_Req,missing_destination,72,Application-47-Service,EndDevice-47,Application-47-Service,17900
6853,Application-46,M_Req,missing_destination,71,Application-46-Service,EndDevice-46,Application-46-Service,17900
6854,Application-45,M_Req,missing_destination,70,Application-45-Service,EndDevice-45,Application-45-Service,17900
6869,Application-48,M_Req,missing_destination,73,Application-48-Service,EndDevice-48,Application-48-Service,17900
6871,Application-21,M_Req,missing_destination,46,Application-21-Service,EndDevice-21,Application-21-Service,17900
6895,Application-46,M_Req,missing_destination,71,Application-46-Service,EndDevice-46,Application-46-Service,18000
6896,Application-45,M_Req,missing_destination,70,Application-45-Service,EndDevice-45,Application-45-Service,18000
6966,Application-2,M_Req,missing_destination,27,Application-2-Service,EndDevice-2,Application-2-Service,18200
6971,Application-3,M_Req,missing_destination,28,Application-3-Service,EndDevice-3,Application-3-Service,18200
6975,Application-4,M_Req,missing_destination,29,Application-4-Service,EndDevice-4,Application-4-Service,18200
6985,Application-1,M_Req,missing_destination,26,Application-1-Service,EndDevice-1,Application-1-Service,18300
7014,Application-2,M_Req,missing_destination,27,Application-2-Service,EndDevice-2,Application-2-Service,18300
7019,Application-3,M_Req,missing_destination,28,Application-3-Service,EndDevice-3,Application-3-Service,18300
7023,Application-4,M_Req,missing_destination,29,Application-4-Service,EndDevice-4,Application-4-Service,18300
7064,Application-47,M_Req,missing_destination,72,Application-47-Service,EndDevice-47,Application-47-Service,18500
7071,Application-48,M_Req,missing_destination,73,Application-48-Service,EndDevice-48,Application-48-Service,18500
7078,Application-45,M_Req,missing_destination,70,Application-45-Service,EndDevice-45,Application-45-Service,18500
7087,Application-46,M_Req,missing_destination,71,Application-46-Service,EndDevice-46,Application-46-Service,18500
7115,Application-48,M_Req,missing_destination,73,Application-48-Service,EndDevice-48,Application-48-Service,18600
7120,Application-45,M_Req,missing_destination,70,Application-45-Service,EndDevice-45,Application-45-Service,18600
7127,Application-46,M_Req,missing_destination,71,Application-46-Service,EndDevice-46,Application-46-Service,18600
7193,Application-5,M_Req,missing_destination,30,Application-5-Service,EndDevice-5,Application-5-Service,18800
7197,Application-6,M_Req,missing_destination,31,Application-6-Service,EndDevice-6,Application-6-Service,18800
7203,Application-8,M_Req,missing_destination,33,Application-8-Service,EndDevice-8,Application-8-Service,18800
7213,Application-7,M_Req,missing_destination,32,Application-7-Service,EndDevice-7,Application-7-Service,18900
7241,Application-5,M_Req,missing_destination,30,Application-5-Service,EndDevice-5,Application-5-Service,18900
7245,Application-6,M_Req,missing_destination,31,Application-6-Service,EndDevice-6,Application-6-Service,18900
7251,Application-8,M_Req,missing_destination,33,Application-8-Service,EndDevice-8,Application-8-Service,18900
7290,Application-8,M_Req,missing_destination,33,Application-8-Service,EndDevice-8,Application-8-Service,19100
7292,Application-12,M_Req,missing_destination,37,Application-12-Service,EndDevice-12,Application-12-Service,19100
7297,Application-9,M_Req,missing_destination,34,Application-9-Service,EndDevice-9,Application-9-Service,19100
7309,Application-11,M_Req,missing_destination,36,Application-11-Service,EndDevice-11,Application-11-Service,19100
7329,Application-10,M_Req,missing_destination,35,Application-10-Service,EndDevice-10,Application-10-Service,19100
7338,Application-12,M_Req,missing_destination,37,Application-12-Service,EndDevice-12,Application-12-Service,19200
7341,Application-9,M_Req,missing_destination,34,Application-9-Service,EndDevice-9,Application-9-Service,19200
7353,Application-11,M_Req,missing_destination,36,Application-11-Service,EndDevice-11,Application-11-Service,19200
7386,Application-12,M_Req,missing_destination,37,Application-12-Service,EndDevice-12,Application-12-Service,19300
7389,Application-9,M_Req,missing_destination,34,Application-9-Service,EndDevice-9,Application-9-Service,19300
7401,Application-11,M_Req,missing_destination,36,Application-11-Service,EndDevice-11,Application-11-Service,19300
7410,Application-47,M_Req,missing_destination,72,Application-47-Service,EndDevice-47,Application-47-Service,19400
7429,Application-48,M_Req,missing_destination,73,Application-48-Service,EndDevice-48,Application-48-Service,19400
7430,Application-12,M_Req,missing_destination,37,Application-12-Service,EndDevice-12,Application-12-Service,19400
7440,Application-11,M_Req,missing_destination,36,Application-11-Service,EndDevice-11,Application-11-Service,19500
7443,Application-46,M_Req,missing_destination,71,Application-46-Service,EndDevice-46,Application-46-Service,19500
7458,Application-47,M_Req,missing_destination,72,Application-47-Service,EndDevice-47,Application-47-Service,19500
7477,Application-48,M_Req,missing_destination,73,Application-48-Service,EndDevice-48,Application-48-Service,19500
7478,Application-12,M_Req,missing_destination,37,Application-12-Service,EndDevice-12,Application-12-Service,19500
7487,Application-11,M_Req,missing_destination,36,Application-11-Service,EndDevice-11,Application-11-Service,19600
7489,Application-46,M_Req,missing_destination,71,Application-46-Service,EndDevice-46,Application-46-Service,19600
7503,Application-47,M_Req,missing_destination,72,Application-47-Service,EndDevice-47,Application-47-Service,19600
7519,Application-33,M_Req,missing_destination,58,Application-33-Service,EndDevice-33,Application-33-Service,19700
7522,Application-35,M_Req,missing_destination,60,Application-35-Service,EndDevice-35,Application-35-Service,19700
7523,Application-34,M_Req,missing_destination,59,Application-34-Service,EndDevice-34,Application-34-Service,19700
7530,Application-48,M_Req,missing_destination,73,Application-48-Service,EndDevice-48,Application-48-Service,19700
7535,Application-11,M_Req,missing_destination,36,Application-11-Service,EndDevice-11,Application-11-Service,19700
7537,Application-46,M_Req,missing_destination,71,Application-46-Service,EndDevice-46,Application-46-Service,19700
7551,Application-47,M_Req,missing_destination,72,Application-47-Service,EndDevice-47,Application-47-Service,19700
7560,Application-36,M_Req,missing_destination,61,Application-36-Service,EndDevice-36,Application-36-Service,19700
7566,Application-35,M_Req,missing_destination,60,Application-35-Service,EndDevice-35,Application-35-Service,19800
7567,Application-34,M_Req,missing_destination,59,Application-34-Service,EndDevice-34,Application-34-Service,19800
7574,Application-48,M_Req,missing_destination,73,Application-48-Service,EndDevice-48,Application-48-Service,19800
7578,Application-11,M_Req,missing_destination,36,Application-11-Service,EndDevice-11,Application-11-Service,19800
7580,Application-46,M_Req,missing_destination,71,Application-46-Service,EndDevice-46,Application-46-Service,19800
7614,Application-35,M_Req,missing_destination,60,Application-35-Service,EndDevice-35,Application-35-Service,19900
7615,Application-34,M_Req,missing_destination,59,Application-34-Service,EndDevice-34,Application-34-Service,19900
7622,Application-48,M_Req,missing_destination,73,Application-48-Service,EndDevice-48,Application-48-Service,19900
7640,Application-10,M_Req,missing_destination,35,Application-10-Service,EndDevice-10,Application-10-Service,20000
7644,Application-36,M_Req,missing_destination,61,Application-36-Service,EndDevice-36,Application-36-Service,20000
7648,Application-9,M_Req,missing_destination,34,Application-9-Service,EndDevice-9,Application-9-Service,20000
7650,Application-12,M_Req,missing_destination,37,Application-12-Service,EndDevice-12,Application-12-Service,20000
7658,Application-35,M_Req,missing_destination,60,Application-35-Service,EndDevice-35,Application-35-Service,20000
7659,Application-34,M_Req,missing_destination,59,Application-34-Service,EndDevice-34,Application-34-Service,20000
7667,Application-11,M_Req,missing_destination,36,Application-11-Service,EndDevice-11,Application-11-Service,20100
7688,Application-10,M_Req,missing_destination,35,Application-10-Service,EndDevice-10,Application-10-Service,20100
7692,Application-36,M_Req,missing_destination,61,Application-36-Service,EndDevice-36,Application-36-Service,20100
7696,Application-9,M_Req,missing_destination,34,Application-9-Service,EndDevice-9,Application-9-Service,20100
7698,Application-12,M_Req,missing_destination,37,Application-12-Service,EndDevice-12,Application-12-Service,20100
7706,Application-35,M_Req,missing_destination,60,Application-35-Service,EndDevice-35,Application-35-Service,20100
7707,Application-34,M_Req,missing_destination,59,Application-34-Service,EndDevice-34,Application-34-Service,20100
7715,Application-11,M_Req,missing_destination,36,Application-11-Service,EndDevice-11,Application-11-Service,20200
7734,Application-10,M_Req,missing_destination,35,Application-10-Service,EndDevice-10,Application-10-Service,20200
7738,Application-36,M_Req,missing_destination,61,Application-36-Service,EndDevice-36,Application-36-Service,20200
7741,Application-9,M_Req,missing_destination,34,Application-9-Service,EndDevice-9,Application-9-Service,20200
7763,Application-11,M_Req,missing_destination,36,Application-11-Service,EndDevice-11,Application-11-Service,20300
7782,Application-10,M_Req,missing_destination,35,Application-10-Service,EndDevice-10,Application-10-Service,20300
7786,Application-36,M_Req,missing_destination,61,Application-36-Service,EndDevice-36,Application-36-Service,20300
7789,Application-9,M_Req,missing_destination,34,Application-9-Service,EndDevice-9,Application-9-Service,20300
7807,Application-11,M_Req,missing_destination,36,Application-11-Service,EndDevice-11,Application-11-Service,20400
7888,Application-35,M_Req,missing_destination,60,Application-35-Service,EndDevice-35,Application-35-Service,20600
7891,Application-26,M_Req,missing_destination,51,Application-26-Service,EndDevice-26,Application-26-Service,20600
7904,Application-27,M_Req,missing_destination,52,Application-27-Service,EndDevice-27,Application-27-Service,20700
7936,Application-35,M_Req,missing_destination,60,Application-35-Service,EndDevice-35,Application-35-Service,20700
7939,Application-26,M_Req,missing_destination,51,Application-26-Service,EndDevice-26,Application-26-Service,20700
7951,Application-27,M_Req,missing_destination,52,Application-27-Service,EndDevice-27,Application-27-Service,20800
7984,Application-10,M_Req,missing_destination,35,Application-10-Service,EndDevice-10,Application-10-Service,20900
7986,Application-12,M_Req,missing_destination,37,Application-12-Service,EndDevice-12,Application-12-Service,20900
7993,Application-11,M_Req,missing_destination,36,Application-11-Service,EndDevice-11,Application-11-Service,20900
7999,Application-27,M_Req,missing_destination,52,Application-27-Service,EndDevice-27,Application-27-Service,20900
8006,Application-9,M_Req,missing_destination,34,Application-9-Service,EndDevice-9,Application-9-Service,20900
8030,Application-10,M_Req,missing_destination,35,Application-10-Service,EndDevice-10,Application-10-Service,21000
8032,Application-12,M_Req,missing_destination,37,Application-12-Service,EndDevice-12,Application-12-Service,21000
8038,Application-11,M_Req,missing_destination,36,Application-11-Service,EndDevice-11,Application-11-Service,21000
8044,Application-27,M_Req,missing_destination,52,Application-27-Service,EndDevice-27,Application-27-Service,21000
8050,Application-9,M_Req,missing_destination,34,Application-9-Service,EndDevice-9,Application-9-Service,21000
8092,Application-27,M_Req,missing_destination,52,Application-27-Service,EndDevice-27,Application-27-Service,21100
8115,Application-18,M_Req,missing_destination,43,Application-18-Service,EndDevice-18,Application-18-Service,21200
8118,Application-26,M_Req,missing_destination,51,Application-26-Service,EndDevice-26,Application-26-Service,21200
8132,Application-17,M_Req,missing_destination,42,Application-17-Service,EndDevice-17,Application-17-Service,21300
8133,Application-19,M_Req,missing_destination,44,Application-19-Service,EndDevice-19,Application-19-Service,21300
8140,Application-20,M_Req,missing_destination,45,Application-20-Service,EndDevice-20,Application-20-Service,21300
8163,Application-18,M_Req,missing_destination,43,Application-18-Service,EndDevice-18,Application-18-Service,21300
8166,Application-26,M_Req,missing_destination,51,Application-26-Service,EndDevice-26,Application-26-Service,21300
8206,Application-26,M_Req,missing_destination,51,Application-26-Service,EndDevice-26,Application-26-Service,21500
8216,Application-41,M_Req,missing_destination,66,Application-41-Service,EndDevice-41,Application-41-Service,21500
8236,Application-42,M_Req,missing_destination,67,Application-42-Service,EndDevice-42,Application-42-Service,21500
8241,Application-44,M_Req,missing_destination,69,Application-44-Service,EndDevice-44,Application-44-Service,21500
8246,Application-43,M_Req,missing_destination,68,Application-43-Service,EndDevice-43,Application-43-Service,21500
8253,Application-26,M_Req,missing_destination,51,Application-26-Service,EndDevice-26,Application-26-Service,21600
8263,Application-41,M_Req,missing_destination,66,Application-41-Service,EndDevice-41,Application-41-Service,21600
8277,Application-42,M_Req,missing_destination,67,Application-42-Service,EndDevice-42,Application-42-Service,21600
8282,Application-44,M_Req,missing_destination,69,Application-44-Service,EndDevice-44,Application-44-Service,21600
8331,Application-40,M_Req,missing_destination,65,Application-40-Service,EndDevice-40,Application-40-Service,21800
8335,Application-39,M_Req,missing_destination,64,Application-39-Service,EndDevice-39,Application-39-Service,21800
8354,Application-38,M_Req,missing_destination,63,Application-38-Service,EndDevice-38,Application-38-Service,21800
8379,Application-40,M_Req,missing_destination,65,Application-40-Service,EndDevice-40,Application-40-Service,21900
8383,Application-39,M_Req,missing_destination,64,Application-39-Service,EndDevice-39,Application-39-Service,21900
8402,Application-38,M_Req,missing_destination,63,Application-38-Service,EndDevice-38,Application-38-Service,21900
8436,Application-23,M_Req,missing_destination,48,Application-23-Service,EndDevice-23,Application-23-Service,22100
8437,Application-21,M_Req,missing_destination,46,Application-21-Service,EndDevice-21,Application-21-Service,22100
8468,Application-24,M_Req,missing_destination,49,Application-24-Service,EndDevice-24,Application-24-Service,22100
8471,Application-22,M_Req,missing_destination,47,Application-22-Service,EndDevice-22,Application-22-Service,22100
8484,Application-21,M_Req,missing_destination,46,Application-21-Service,EndDevice-21,Application-21-Service,22200
8508,Application-24,M_Req,missing_destination,49,Application-24-Service,EndDevice-24,Application-24-Service,22200
8532,Application-21,M_Req,missing_destination,46,Application-21-Service,EndDevice-21,Application-21-Service,22300
8556,Application-24,M_Req,missing_destination,49,Application-24-Service,EndDevice-24,Application-24-Service,22300
8562,Application-2,M_Req,missing_destination,27,Application-2-Service,EndDevice-2,Application-2-Service,22400
8564,Application-4,M_Req,missing_destination,29,Application-4-Service,EndDevice-4,Application-4-Service,22400
8567,Application-1,M_Req,missing_destination,26,Application-1-Service,EndDevice-1,Application-1-Service,22400
8577,Application-21,M_Req,missing_destination,46,Application-21-Service,EndDevice-21,Application-21-Service,22400
8579,Application-3,M_Req,missing_destination,28,Application-3-Service,EndDevice-3,Application-3-Service,22400
8584,Application-39,M_Req,missing_destination,64,Application-39-Service,EndDevice-39,Application-39-Service,22400
8610,Application-2,M_Req,missing_destination,27,Application-2-Service,EndDevice-2,Application-2-Service,22500
8612,Application-4,M_Req,missing_destination,29,Application-4-Service,EndDevice-4,Application-4-Service,22500
8615,Application-1,M_Req,missing_destination,26,Application-1-Service,EndDevice-1,Application-1-Service,22500
8625,Application-21,M_Req,missing_destination,46,Application-21-Service,EndDevice-21,Application-21-Service,22500
8627,Application-3,M_Req,missing_destination,28,Application-3-Service,EndDevice-3,Application-3-Service,22500
8632,Application-39,M_Req,missing_destination,64,Application-39-Service,EndDevice-39,Application-39-Service,22500
8670,Application-40,M_Req,missing_destination,65,Application-40-Service,EndDevice-40,Application-40-Service,22700
8671,Application-39,M_Req,missing_destination,64,Application-39-Service,EndDevice-39,Application-39-Service,22700
8678,Application-38,M_Req,missing_destination,63,Application-38-Service,EndDevice-38,Application-38-Service,22700
8695,Application-37,M_Req,missing_destination,62,Application-37-Service,EndDevice-37,Application-37-Service,22700
8717,Application-40,M_Req,missing_destination,65,Application-40-Service,EndDevice-40,Application-40-Service,22800
8718,Application-39,M_Req,missing_destination,64,Application-39-Service,EndDevice-39,Application-39-Service,22800
8723,Application-38,M_Req,missing_destination,63,Application-38-Service,EndDevice-38,Application-38-Service,22800
8765,Application-40,M_Req,missing_destination,65,Application-40-Service,EndDevice-40,Application-40-Service,22900
8766,Application-39,M_Req,missing_destination,64,Application-39-Service,EndDevice-39,Application-39-Service,22900
8771,Application-38,M_Req,missing_destination,63,Application-38-Service,EndDevice-38,Application-38-Service,22900
8906,Application-3,M_Req,missing_destination,28,Application-3-Service,EndDevice-3,Application-3-Service,23300
8909,Application-1,M_Req,missing_destination,26,Application-1-Service,EndDevice-1,Application-1-Service,23300
8919,Application-23,M_Req,missing_destination,48,Application-23-Service,EndDevice-23,Application-23-Service,23300
8922,Application-38,M_Req,missing_destination,63,Application-38-Service,EndDevice-38,Application-38-Service,23300
8930,Application-4,M_Req,missing_destination,29,Application-4-Service,EndDevice-4,Application-4-Service,23300
8932,Application-2,M_Req,missing_destination,27,Application-2-Service,EndDevice-2,Application-2-Service,23300
8949,Application-3,M_Req,missing_destination,28,Application-3-Service,EndDevice-3,Application-3-Service,23400
8959,Application-23,M_Req,missing_destination,48,Application-23-Service,EndDevice-23,Application-23-Service,23400
8962,Application-38,M_Req,missing_destination,63,Application-38-Service,EndDevice-38,Application-38-Service,23400
8997,Application-3,M_Req,missing_destination,28,Application-3-Service,EndDevice-3,Application-3-Service,23500
9007,Application-23,M_Req,missing_destination,48,Application-23-Service,EndDevice-23,Application-23-Service,23500
9010,Application-38,M_Req,missing_destination,63,Application-38-Service,EndDevice-38,Application-38-Service,23500
9017,Application-29,M_Req,missing_destination,54,Application-29-Service,EndDevice-29,Application-29-Service,23600
9018,Application-30,M_Req,missing_destination,55,Application-30-Service,EndDevice-30,Application-30-Service,23600
9023,Application-32,M_Req,missing_destination,57,Application-32-Service,EndDevice-32,Application-32-Service,23600
9039,Application-3,M_Req,missing_destination,28,Application-3-Service,EndDevice-3,Application-3-Service,23600
9065,Application-29,M_Req,missing_destination,54,Application-29-Service,EndDevice-29,Application-29-Service,23700
9066,Application-30,M_Req,missing_destination,55,Application-30-Service,EndDevice-30,Application-30-Service,23700
9071,Application-32,M_Req,missing_destination,57,Application-32-Service,EndDevice-32,Application-32-Service,23700
9087,Application-3,M_Req,missing_destination,28,Application-3-Service,EndDevice-3,Application-3-Service,23700
9108,Application-29,M_Req,missing_destination,54,Application-29-Service,EndDevice-29,Application-29-Service,23800
9109,Application-30,M_Req,missing_destination,55,Application-30-Service,EndDevice-30,Application-30-Service,23800
9114,Application-32,M_Req,missing_destination,57,Application-32-Service,EndDevice-32,Application-32-Service,23800
9122,Application-12,M_Req,missing_destination,37,Application-12-Service,EndDevice-12,Application-12-Service,23900
9140,Application-10,M_Req,missing_destination,35,Application-10-Service,EndDevice-10,Application-10-Service,23900
9145,Application-9,M_Req,missing_destination,34,Application-9-Service,EndDevice-9,Application-9-Service,23900
9156,Application-29,M_Req,missing_destination,54,Application-29-Service,EndDevice-29,Application-29-Service,23900
9157,Application-30,M_Req,missing_destination,55,Application-30-Service,EndDevice-30,Application-30-Service,23900
9162,Application-32,M_Req,missing_destination,57,Application-32-Service,EndDevice-32,Application-32-Service,23900
9165,Application-11,M_Req,missing_destination,36,Application-11-Service,EndDevice-11,Application-11-Service,23900
9170,Application-12,M_Req,missing_destination,37,Application-12-Service,EndDevice-12,Application-12-Service,24000
9184,Application-10,M_Req,missing_destination,35,Application-10-Service,EndDevice-10,Application-10-Service,24000
9189,Application-9,M_Req,missing_destination,34,Application-9-Service,EndDevice-9,Application-9-Service,24000
9218,Application-12,M_Req,missing_destination,37,Application-12-Service,EndDevice-12,Application-12-Service,24100
9232,Application-10,M_Req,missing_destination,35,Application-10-Service,EndDevice-10,Application-10-Service,24100
9237,Application-9,M_Req,missing_destination,34,Application-9-Service,EndDevice-9,Application-9-Service,24100
9264,Application-12,M_Req,missing_destination,37,Application-12-Service,EndDevice-12,Application-12-Service,24200
9266,Application-5,M_Req,missing_destination,30,Application-5-Service,EndDevice-5,Application-5-Service,24200
9270,Application-8,M_Req,missing_destination,33,Application-8-Service,EndDevice-8,Application-8-Service,24200
9275,Application-6,M_Req,missing_destination,31,Application-6-Service,EndDevice-6,Application-6-Service,24300
9312,Application-12,M_Req,missing_destination,37,Application-12-Service,EndDevice-12,Application-12-Service,24300
9314,Application-5,M_Req,missing_destination,30,Application-5-Service,EndDevice-5,Application-5-Service,24300
9318,Application-8,M_Req,missing_destination,33,Application-8-Service,EndDevice-8,Application-8-Service,24300
9322,Application-6,M_Req,missing_destination,31,Application-6-Service,EndDevice-6,Application-6-Service,24400
9360,Application-17,M_Req,missing_destination,42,Application-17-Service,EndDevice-17,Application-17-Service,24500
9361,Application-19,M_Req,missing_destination,44,Application-19-Service,EndDevice-19,Application-19-Service,24500
9370,Application-6,M_Req,missing_destination,31,Application-6-Service,EndDevice-6,Application-6-Service,24500
9391,Application-18,M_Req,missing_destination,43,Application-18-Service,EndDevice-18,Application-18-Service,24500
9395,Application-20,M_Req,missing_destination,45,Application-20-Service,EndDevice-20,Application-20-Service,24500
9408,Application-17,M_Req,missing_destination,42,Application-17-Service,EndDevice-17,Application-17-Service,24600
9409,Application-19,M_Req,missing_destination,44,Application-19-Service,EndDevice-19,Application-19-Service,24600
9416,Application-6,M_Req,missing_destination,31,Application-6-Service,EndDevice-6,Application-6-Service,24600
9464,Application-6,M_Req,missing_destination,31,Application-6-Service,EndDevice-6,Application-6-Service,24700
9475,Application-41,M_Req,missing_destination,66,Application-41-Service,EndDevice-41,Application-41-Service,24800
9481,Application-42,M_Req,missing_destination,67,Application-42-Service,EndDevice-42,Application-42-Service,24800
9493,Application-43,M_Req,missing_destination,68,Application-43-Service,EndDevice-43,Application-43-Service,24800
9494,Application-44,M_Req,missing_destination,69,Application-44-Service,EndDevice-44,Application-44-Service,24800
9523,Application-41,M_Req,missing_destination,66,Application-41-Service,EndDevice-41,Application-41-Service,24900
9529,Application-42,M_Req,missing_destination,67,Application-42-Service,EndDevice-42,Application-42-Service,24900
9541,Application-43,M_Req,missing_destination,68,Application-43-Service,EndDevice-43,Application-43-Service,24900
9542,Application-44,M_Req,missing_destination,69,Application-44-Service,EndDevice-44,Application-44-Service,24900
9566,Application-41,M_Req,missing_destination,66,Application-41-Service,EndDevice-41,Application-41-Service,25000
9571,Application-42,M_Req,missing_destination,67,Application-42-Service,EndDevice-42,Application-42-Service,25000
9594,Application-5,M_Req,missing_destination,30,Application-5-Service,EndDevice-5,Application-5-Service,25100
9614,Application-41,M_Req,missing_destination,66,Application-41-Service,EndDevice-41,Application-41-Service,25100
9619,Application-42,M_Req,missing_destination,67,Application-42-Service,EndDevice-42,Application-42-Service,25100
9715,Application-33,M_Req,missing_destination,58,Application-33-Service,EndDevice-33,Application-33-Service,25400
9724,Application-44,M_Req,missing_destination,69,Application-44-Service,EndDevice-44,Application-44-Service,25400
9736,Application-35,M_Req,missing_destination,60,Application-35-Service,EndDevice-35,Application-35-Service,25500
9763,Application-33,M_Req,missing_destination,58,Application-33-Service,EndDevice-33,Application-33-Service,25500
9772,Application-44,M_Req,missing_destination,69,Application-44-Service,EndDevice-44,Application-44-Service,25500
9818,Application-39,M_Req,missing_destination,64,Application-39-Service,EndDevice-39,Application-39-Service,25700
9822,Application-37,M_Req,missing_destination,62,Application-37-Service,EndDevice-37,Application-37-Service,25700
9824,Application-38,M_Req,missing_destination,63,Application-38-Service,EndDevice-38,Application-38-Service,25700
9841,Application-34,M_Req,missing_destination,59,Application-34-Service,EndDevice-34,Application-34-Service,25700
9852,Application-40,M_Req,missing_destination,65,Application-40-Service,EndDevice-40,Application-40-Service,25700
9864,Application-39,M_Req,missing_destination,64,Application-39-Service,EndDevice-39,Application-39-Service,25800
9867,Application-37,M_Req,missing_destination,62,Application-37-Service,EndDevice-37,Application-37-Service,25800
9868,Application-38,M_Req,missing_destination,63,Application-38-Service,EndDevice-38,Application-38-Service,25800
9883,Application-34,M_Req,missing_destination,59,Application-34-Service,EndDevice-34,Application-34-Service,25800
9912,Application-39,M_Req,missing_destination,64,Application-39-Service,EndDevice-39,Application-39-Service,25900
9915,Application-37,M_Req,missing_destination,62,Application-37-Service,EndDevice-37,Application-37-Service,25900
9916,Application-38,M_Req,missing_destination,63,Application-38-Service,EndDevice-38,Application-38-Service,25900
9931,Application-34,M_Req,missing_destination,59,Application-34-Service,EndDevice-34,Application-34-Service,25900
9940,Application-29,M_Req,missing_destination,54,Application-29-Service,EndDevice-29,Application-29-Service,26000
9942,Application-31,M_Req,missing_destination,56,Application-31-Service,EndDevice-31,Application-31-Service,26000
9955,Application-39,M_Req,missing_destination,64,Application-39-Service,EndDevice-39,Application-39-Service,26000
9958,Application-38,M_Req,missing_destination,63,Application-38-Service,EndDevice-38,Application-38-Service,26000
9964,Application-32,M_Req,missing_destination,57,Application-32-Service,EndDevice-32,Application-32-Service,26100
9988,Application-29,M_Req,missing_destination,54,Application-29-Service,EndDevice-29,Application-29-Service,26100
9990,Application-31,M_Req,missing_destination,56,Application-31-Service,EndDevice-31,Application-31-Service,26100
10003,Application-39,M_Req,missing_destination,64,Application-39-Service,EndDevice-39,Application-39-Service,26100
10006,Application-38,M_Req,missing_destination,63,Application-38-Service,EndDevice-38,Application-38-Service,26100
10012,Application-32,M_Req,missing_destination,57,Application-32-Service,EndDevice-32,Application-32-Service,26200
10034,Application-31,M_Req,missing_destination,56,Application-31-Service,EndDevice-31,Application-31-Service,26200
10060,Application-32,M_Req,missing_destination,57,Application-32-Service,EndDevice-32,Application-32-Service,26300
10065,Application-6,M_Req,missing_destination,31,Application-6-Service,EndDevice-6,Application-6-Service,26300
10080,Application-5,M_Req,missing_destination,30,Application-5-Service,EndDevice-5,Application-5-Service,26300
10082,Application-31,M_Req,missing_destination,56,Application-31-Service,EndDevice-31,Application-31-Service,26300
10085,Application-8,M_Req,missing_destination,33,Application-8-Service,EndDevice-8,Application-8-Service,26300
10087,Application-7,M_Req,missing_destination,32,Application-7-Service,EndDevice-7,Application-7-Service,26300
10103,Application-32,M_Req,missing_destination,57,Application-32-Service,EndDevice-32,Application-32-Service,26400
10170,Application-21,M_Req,missing_destination,46,Application-21-Service,EndDevice-21,Application-21-Service,26600
10181,Application-24,M_Req,missing_destination,49,Application-24-Service,EndDevice-24,Application-24-Service,26600
10191,Application-29,M_Req,missing_destination,54,Application-29-Service,EndDevice-29,Application-29-Service,26600
10194,Application-22,M_Req,missing_destination,47,Application-22-Service,EndDevice-22,Application-22-Service,26700
10195,Application-23,M_Req,missing_destination,48,Application-23-Service,EndDevice-23,Application-23-Service,26700
10218,Application-21,M_Req,missing_destination,46,Application-21-Service,EndDevice-21,Application-21-Service,26700
10229,Application-24,M_Req,missing_destination,49,Application-24-Service,EndDevice-24,Application-24-Service,26700
10239,Application-29,M_Req,missing_destination,54,Application-29-Service,EndDevice-29,Application-29-Service,26700
10242,Application-22,M_Req,missing_destination,47,Application-22-Service,EndDevice-22,Application-22-Service,26800
10243,Application-23,M_Req,missing_destination,48,Application-23-Service,EndDevice-23,Application-23-Service,26800
10261,Application-21,M_Req,missing_destination,46,Application-21-Service,EndDevice-21,Application-21-Service,26800
10271,Application-24,M_Req,missing_destination,49,Application-24-Service,EndDevice-24,Application-24-Service,26800
10276,Application-2,M_Req,missing_destination,27,Application-2-Service,EndDevice-2,Application-2-Service,26900
10290,Application-22,M_Req,missing_destination,47,Application-22-Service,EndDevice-22,Application-22-Service,26900
10291,Application-23,M_Req,missing_destination,48,Application-23-Service,EndDevice-23,Application-23-Service,26900
10293,Application-1,M_Req,missing_destination,26,Application-1-Service,EndDevice-1,Application-1-Service,26900
10301,Application-5,M_Req,missing_destination,30,Application-5-Service,EndDevice-5,Application-5-Service,26900
10305,Application-3,M_Req,missing_destination,28,Application-3-Service,EndDevice-3,Application-3-Service,26900
10309,Application-21,M_Req,missing_destination,46,Application-21-Service,EndDevice-21,Application-21-Service,26900
10311,Application-4,M_Req,missing_destination,29,Application-4-Service,EndDevice-4,Application-4-Service,26900
10319,Application-24,M_Req,missing_destination,49,Application-24-Service,EndDevice-24,Application-24-Service,26900
10322,Application-2,M_Req,missing_destination,27,Application-2-Service,EndDevice-2,Application-2-Service,27000
10335,Application-22,M_Req,missing_destination,47,Application-22-Service,EndDevice-22,Application-22-Service,27000
10336,Application-23,M_Req,missing_destination,48,Application-23-Service,EndDevice-23,Application-23-Service,27000
10345,Application-5,M_Req,missing_destination,30,Application-5-Service,EndDevice-5,Application-5-Service,27000
10370,Application-2,M_Req,missing_destination,27,Application-2-Service,EndDevice-2,Application-2-Service,27100
10393,Application-5,M_Req,missing_destination,30,Application-5-Service,EndDevice-5,Application-5-Service,27100
10408,Application-25,M_Req,missing_destination,50,Application-25-Service,EndDevice-25,Application-25-Service,27200
10411,Application-2,M_Req,missing_destination,27,Application-2-Service,EndDevice-2,Application-2-Service,27200
10412,Application-28,M_Req,missing_destination,53,Application-28-Service,EndDevice-28,Application-28-Service,27200
10426,Application-26,M_Req,missing_destination,51,Application-26-Service,EndDevice-26,Application-26-Service,27300
10433,Application-27,M_Req,missing_destination,52,Application-27-Service,EndDevice-27,Application-27-Service,27300
10456,Application-25,M_Req,missing_destination,50,Application-25-Service,EndDevice-25,Application-25-Service,27300
10459,Application-2,M_Req,missing_destination,27,Application-2-Service,EndDevice-2,Application-2-Service,27300
10460,Application-28,M_Req,missing_destination,53,Application-28-Service,EndDevice-28,Application-28-Service,27300
10472,Application-26,M_Req,missing_destination,51,Application-26-Service,EndDevice-26,Application-26-Service,27400
10478,Application-27,M_Req,missing_destination,52,Application-27-Service,EndDevice-27,Application-27-Service,27400
10498,Application-25,M_Req,missing_destination,50,Application-25-Service,EndDevice-25,Application-25-Service,27400
10505,Application-16,M_Req,missing_destination,41,Application-16-Service,EndDevice-16,Application-16-Service,27500
10512,Application-13,M_Req,missing_destination,38,Application-13-Service,EndDevice-13,Application-13-Service,27500
10516,Application-15,M_Req,missing_destination,40,Application-15-Service,EndDevice-15,Application-15-Service,27500
10520,Application-26,M_Req,missing_destination,51,Application-26-Service,EndDevice-26,Application-26-Service,27500
10526,Application-27,M_Req,missing_destination,52,Application-27-Service,EndDevice-27,Application-27-Service,27500
10539,Application-14,M_Req,missing_destination,39,Application-14-Service,EndDevice-14,Application-14-Service,27500
10546,Application-25,M_Req,missing_destination,50,Application-25-Service,EndDevice-25,Application-25-Service,27500
10551,Application-16,M_Req,missing_destination,41,Application-16-Service,EndDevice-16,Application-16-Service,27600
10556,Application-13,M_Req,missing_destination,38,Application-13-Service,EndDevice-13,Application-13-Service,27600
10560,Application-15,M_Req,missing_destination,40,Application-15-Service,EndDevice-15,Application-15-Service,27600
10563,Application-26,M_Req,missing_destination,51,Application-26-Service,EndDevice-26,Application-26-Service,27600
10569,Application-27,M_Req,missing_destination,52,Application-27-Service,EndDevice-27,Application-27-Service,27600
10611,Application-26,M_Req,missing_destination,51,Application-26-Service,EndDevice-26,Application-26-Service,27700
10617,Application-27,M_Req,missing_destination,52,Application-27-Service,EndDevice-27,Application-27-Service,27700
10623,Application-41,M_Req,missing_destination,66,Application-41-Service,EndDevice-41,Application-41-Service,27800
10647,Application-43,M_Req,missing_destination,68,Application-43-Service,EndDevice-43,Application-43-Service,27800
10661,Application-42,M_Req,missing_destination,67,Application-42-Service,EndDevice-42,Application-42-Service,27900
10671,Application-41,M_Req,missing_destination,66,Application-41-Service,EndDevice-41,Application-41-Service,27900
10695,Application-43,M_Req,missing_destination,68,Application-43-Service,EndDevice-43,Application-43-Service,27900
10751,Application-27,M_Req,missing_destination,52,Application-27-Service,EndDevice-27,Application-27-Service,28100
10753,Application-23,M_Req,missing_destination,48,Application-23-Service,EndDevice-23,Application-23-Service,28100
10762,Application-22,M_Req,missing_destination,47,Application-22-Service,EndDevice-22,Application-22-Service,28100
10765,Application-21,M_Req,missing_destination,46,Application-21-Service,EndDevice-21,Application-21-Service,28100
10773,Application-24,M_Req,missing_destination,49,Application-24-Service,EndDevice-24,Application-24-Service,28100
10795,Application-27,M_Req,missing_destination,52,Application-27-Service,EndDevice-27,Application-27-Service,28200
10797,Application-23,M_Req,missing_destination,48,Application-23-Service,EndDevice-23,Application-23-Service,28200
10806,Application-22,M_Req,missing_destination,47,Application-22-Service,EndDevice-22,Application-22-Service,28200
10843,Application-27,M_Req,missing_destination,52,Application-27-Service,EndDevice-27,Application-27-Service,28300
10845,Application-23,M_Req,missing_destination,48,Application-23-Service,EndDevice-23,Application-23-Service,28300
10854,Application-22,M_Req,missing_destination,47,Application-22-Service,EndDevice-22,Application-22-Service,28300
10856,Application-21,M_Req,missing_destination,46,Application-21-Service,EndDevice-21,Application-21-Service,28400
10864,Application-31,M_Req,missing_destination,56,Application-31-Service,EndDevice-31,Application-31-Service,28400
10866,Application-32,M_Req,missing_destination,57,Application-32-Service,EndDevice-32,Application-32-Service,28400
10904,Application-21,M_Req,missing_destination,46,Application-21-Service,EndDevice-21,Application-21-Service,28500
10912,Application-31,M_Req,missing_destination,56,Application-31-Service,EndDevice-31,Application-31-Service,28500
10914,Application-32,M_Req,missing_destination,57,Application-32-Service,EndDevice-32,Application-32-Service,28500
10963,Application-12,M_Req,missing_destination,37,Application-12-Service,EndDevice-12,Application-12-Service,28700
10964,Application-11,M_Req,missing_destination,36,Application-11-Service,EndDevice-11,Application-11-Service,28700
10967,Application-10,M_Req,missing_destination,35,Application-10-Service,EndDevice-10,Application-10-Service,28700
10971,Application-9,M_Req,missing_destination,34,Application-9-Service,EndDevice-9,Application-9-Service,28700
10989,Application-29,M_Req,missing_destination,54,Application-29-Service,EndDevice-29,Application-29-Service,28700
11009,Application-12,M_Req,missing_destination,37,Application-12-Service,EndDevice-12,Application-12-Service,28800
11010,Application-10,M_Req,missing_destination,35,Application-10-Service,EndDevice-10,Application-10-Service,28800
11057,Application-12,M_Req,missing_destination,37,Application-12-Service,EndDevice-12,Application-12-Service,28900
11058,Application-10,M_Req,missing_destination,35,Application-10-Service,EndDevice-10,Application-10-Service,28900
11084,Application-14,M_Req,missing_destination,39,Application-14-Service,EndDevice-14,Application-14-Service,29000
11097,Application-13,M_Req,missing_destination,38,Application-13-Service,EndDevice-13,Application-13-Service,29000
11098,Application-15,M_Req,missing_destination,40,Application-15-Service,EndDevice-15,Application-15-Service,29000
11100,Application-10,M_Req,missing_destination,35,Application-10-Service,EndDevice-10,Application-10-Service,29000
11114,Application-16,M_Req,missing_destination,41,Application-16-Service,EndDevice-16,Application-16-Service,29100
11132,Application-14,M_Req,missing_destination,39,Application-14-Service,EndDevice-14,Application-14-Service,29100
11145,Application-13,M_Req,missing_destination,38,Application-13-Service,EndDevice-13,Application-13-Service,29100
11146,Application-15,M_Req,missing_destination,40,Application-15-Service,EndDevice-15,Application-15-Service,29100
11148,Application-10,M_Req,missing_destination,35,Application-10-Service,EndDevice-10,Application-10-Service,29100
11160,Application-16,M_Req,missing_destination,41,Application-16-Service,EndDevice-16,Application-16-Service,29200
11176,Application-14,M_Req,missing_destination,39,Application-14-Service,EndDevice-14,Application-14-Service,29200
11185,Application-18,M_Req,missing_destination,43,Application-18-Service,EndDevice-18,Application-18-Service,29300
11194,Application-20,M_Req,missing_destination,45,Application-20-Service,EndDevice-20,Application-20-Service,29300
11195,Application-19,M_Req,missing_destination,44,Application-19-Service,EndDevice-19,Application-19-Service,29300
11208,Application-16,M_Req,missing_destination,41,Application-16-Service,EndDevice-16,Application-16-Service,29300
11217,Application-17,M_Req,missing_destination,42,Application-17-Service,EndDevice-17,Application-17-Service,29300
11224,Application-14,M_Req,missing_destination,39,Application-14-Service,EndDevice-14,Application-14-Service,29300
11233,Application-18,M_Req,missing_destination,43,Application-18-Service,EndDevice-18,Application-18-Service,29400
11240,Application-20,M_Req,missing_destination,45,Application-20-Service,EndDevice-20,Application-20-Service,29400
11241,Application-19,M_Req,missing_destination,44,Application-19-Service,EndDevice-19,Application-19-Service,29400
11281,Application-18,M_Req,missing_destination,43,Application-18-Service,EndDevice-18,Application-18-Service,29500
11288,Application-20,M_Req,missing_destination,45,Application-20-Service,EndDevice-20,Application-20-Service,29500
11289,Application-19,M_Req,missing_destination,44,Application-19-Service,EndDevice-19,Application-19-Service,29500
11314,Application-46,M_Req,missing_destination,71,Application-46-Service,EndDevice-46,Application-46-Service,29600
11317,Application-48,M_Req,missing_destination,73,Application-48-Service,EndDevice-48,Application-48-Service,29600
11325,Application-18,M_Req,missing_destination,43,Application-18-Service,EndDevice-18,Application-18-Service,29600
11335,Application-47,M_Req,missing_destination,72,Application-47-Service,EndDevice-47,Application-47-Service,29600
11336,Application-45,M_Req,missing_destination,70,Application-45-Service,EndDevice-45,Application-45-Service,29600
11362,Application-46,M_Req,missing_destination,71,Application-46-Service,EndDevice-46,Application-46-Service,29700
11365,Application-48,M_Req,missing_destination,73,Application-48-Service,EndDevice-48,Application-48-Service,29700
11373,Application-18,M_Req,missing_destination,43,Application-18-Service,EndDevice-18,Application-18-Service,29700
11383,Application-47,M_Req,missing_destination,72,Application-47-Service,EndDevice-47,Application-47-Service,29700
11384,Application-45,M_Req,missing_destination,70,Application-45-Service,EndDevice-45,Application-45-Service,29700
11407,Application-46,M_Req,missing_destination,71,Application-46-Service,EndDevice-46,Application-46-Service,29800
11419,Application-34,M_Req,missing_destination,59,Application-34-Service,EndDevice-34,Application-34-Service,29900
11434,Application-36,M_Req,missing_destination,61,Application-36-Service,EndDevice-36,Application-36-Service,29900
11448,Application-20,M_Req,missing_destination,45,Application-20-Service,EndDevice-20,Application-20-Service,29900
11451,Application-35,M_Req,missing_destination,60,Application-35-Service,EndDevice-35,Application-35-Service,29900
11452,Application-33,M_Req,missing_destination,58,Application-33-Service,EndDevice-33,Application-33-Service,29900
11455,Application-46,M_Req,missing_destination,71,Application-46-Service,EndDevice-46,Application-46-Service,29900
11467,Application-34,M_Req,missing_destination,59,Application-34-Service,EndDevice-34,Application-34-Service,30000
11477,Application-36,M_Req,missing_destination,61,Application-36-Service,EndDevice-36,Application-36-Service,30000
11490,Application-20,M_Req,missing_destination,45,Application-20-Service,EndDevice-20,Application-20-Service,30000
11515,Application-34,M_Req,missing_destination,59,Application-34-Service,EndDevice-34,Application-34-Service,30100
11525,Application-36,M_Req,missing_destination,61,Application-36-Service,EndDevice-36,Application-36-Service,30100
11538,Application-20,M_Req,missing_destination,45,Application-20-Service,EndDevice-20,Application-20-Service,30100
11541,Application-35,M_Req,missing_destination,60,Application-35-Service,EndDevice-35,Application-35-Service,30200
11556,Application-10,M_Req,missing_destination,35,Application-10-Service,EndDevice-10,Application-10-Service,30200
11559,Application-34,M_Req,missing_destination,59,Application-34-Service,EndDevice-34,Application-34-Service,30200
11561,Application-12,M_Req,missing_destination,37,Application-12-Service,EndDevice-12,Application-12-Service,30200
11564,Application-9,M_Req,missing_destination,34,Application-9-Service,EndDevice-9,Application-9-Service,30200
11573,Application-11,M_Req,missing_destination,36,Application-11-Service,EndDevice-11,Application-11-Service,30300
11589,Application-35,M_Req,missing_destination,60,Application-35-Service,EndDevice-35,Application-35-Service,30300
11604,Application-10,M_Req,missing_destination,35,Application-10-Service,EndDevice-10,Application-10-Service,30300
11607,Application-34,M_Req,missing_destination,59,Application-34-Service,EndDevice-34,Application-34-Service,30300
11609,Application-12,M_Req,missing_destination,37,Application-12-Service,EndDevice-12,Application-12-Service,30300
11612,Application-9,M_Req,missing_destination,34,Application-9-Service,EndDevice-9,Application-9-Service,30300
11621,Application-11,M_Req,missing_destination,36,Application-11-Service,EndDevice-11,Application-11-Service,30400
11634,Application-35,M_Req,missing_destination,60,Application-35-Service,EndDevice-35,Application-35-Service,30400
11645,Application-10,M_Req,missing_destination,35,Application-10-Service,EndDevice-10,Application-10-Service,30400
11651,Application-9,M_Req,missing_destination,34,Application-9-Service,EndDevice-9,Application-9-Service,30500
11663,Application-24,M_Req,missing_destination,49,Application-24-Service,EndDevice-24,Application-24-Service,30500
11666,Application-22,M_Req,missing_destination,47,Application-22-Service,EndDevice-22,Application-22-Service,30500
11669,Application-11,M_Req,missing_destination,36,Application-11-Service,EndDevice-11,Application-11-Service,30500
11681,Application-21,M_Req,missing_destination,46,Application-21-Service,EndDevice-21,Application-21-Service,30500
11682,Application-35,M_Req,missing_destination,60,Application-35-Service,EndDevice-35,Application-35-Service,30500
11685,Application-23,M_Req,missing_destination,48,Application-23-Service,EndDevice-23,Application-23-Service,30500
11693,Application-10,M_Req,missing_destination,35,Application-10-Service,EndDevice-10,Application-10-Service,30500
11698,Application-9,M_Req,missing_destination,34,Application-9-Service,EndDevice-9,Application-9-Service,30600
11707,Application-24,M_Req,missing_destination,49,Application-24-Service,EndDevice-24,Application-24-Service,30600
11710,Application-22,M_Req,missing_destination,47,Application-22-Service,EndDevice-22,Application-22-Service,30600
11713,Application-11,M_Req,missing_destination,36,Application-11-Service,EndDevice-11,Application-11-Service,30600
11761,Application-11,M_Req,missing_destination,36,Application-11-Service,EndDevice-11,Application-11-Service,30700
11773,Application-21,M_Req,missing_destination,46,Application-21-Service,EndDevice-21,Application-21-Service,30800
11775,Application-14,M_Req,missing_destination,39,Application-14-Service,EndDevice-14,Application-14-Service,30800
11778,Application-16,M_Req,missing_destination,41,Application-16-Service,EndDevice-16,Application-16-Service,30800
11781,Application-13,M_Req,missing_destination,38,Application-13-Service,EndDevice-13,Application-13-Service,30800
11788,Application-15,M_Req,missing_destination,40,Application-15-Service,EndDevice-15,Application-15-Service,30800
11821,Application-21,M_Req,missing_destination,46,Application-21-Service,EndDevice-21,Application-21-Service,30900
11823,Application-14,M_Req,missing_destination,39,Application-14-Service,EndDevice-14,Application-14-Service,30900
11826,Application-16,M_Req,missing_destination,41,Application-16-Service,EndDevice-16,Application-16-Service,30900
11829,Application-13,M_Req,missing_destination,38,Application-13-Service,EndDevice-13,Application-13-Service,30900
11836,Application-15,M_Req,missing_destination,40,Application-15-Service,EndDevice-15,Application-15-Service,30900
11864,Application-21,M_Req,missing_destination,46,Application-21-Service,EndDevice-21,Application-21-Service,31000
11866,Application-14,M_Req,missing_destination,39,Application-14-Service,EndDevice-14,Application-14-Service,31000
11870,Application-13,M_Req,missing_destination,38,Application-13-Service,EndDevice-13,Application-13-Service,31000
11908,Application-1,M_Req,missing_destination,26,Application-1-Service,EndDevice-1,Application-1-Service,31100
11911,Application-3,M_Req,missing_destination,28,Application-3-Service,EndDevice-3,Application-3-Service,31100
11912,Application-21,M_Req,missing_destination,46,Application-21-Service,EndDevice-21,Application-21-Service,31100
11914,Application-14,M_Req,missing_destination,39,Application-14-Service,EndDevice-14,Application-14-Service,31100
11918,Application-13,M_Req,missing_destination,38,Application-13-Service,EndDevice-13,Application-13-Service,31100
11919,Application-4,M_Req,missing_destination,29,Application-4-Service,EndDevice-4,Application-4-Service,31100
11921,Application-2,M_Req,missing_destination,27,Application-2-Service,EndDevice-2,Application-2-Service,31100
11950,Application-1,M_Req,missing_destination,26,Application-1-Service,EndDevice-1,Application-1-Service,31200
12023,Application-19,M_Req,missing_destination,44,Application-19-Service,EndDevice-19,Application-19-Service,31400
12030,Application-20,M_Req,missing_destination,45,Application-20-Service,EndDevice-20,Application-20-Service,31500
12031,Application-17,M_Req,missing_destination,42,Application-17-Service,EndDevice-17,Application-17-Service,31500
12033,Application-18,M_Req,missing_destination,43,Application-18-Service,EndDevice-18,Application-18-Service,31500
12071,Application-19,M_Req,missing_destination,44,Application-19-Service,EndDevice-19,Application-19-Service,31500
12076,Application-20,M_Req,missing_destination,45,Application-20-Service,EndDevice-20,Application-20-Service,31600
12077,Application-17,M_Req,missing_destination,42,Application-17-Service,EndDevice-17,Application-17-Service,31600
12079,Application-18,M_Req,missing_destination,43,Application-18-Service,EndDevice-18,Application-18-Service,31600
12112,Application-33,M_Req,missing_destination,58,Application-33-Service,EndDevice-33,Application-33-Service,31700
12119,Application-36,M_Req,missing_destination,61,Application-36-Service,EndDevice-36,Application-36-Service,31700
12124,Application-20,M_Req,missing_destination,45,Application-20-Service,EndDevice-20,Application-20-Service,31700
12125,Application-17,M_Req,missing_destination,42,Application-17-Service,EndDevice-17,Application-17-Service,31700
12127,Application-18,M_Req,missing_destination,43,Application-18-Service,EndDevice-18,Application-18-Service,31700
12137,Application-34,M_Req,missing_destination,59,Application-34-Service,EndDevice-34,Application-34-Service,31700
12141,Application-35,M_Req,missing_destination,60,Application-35-Service,EndDevice-35,Application-35-Service,31700
12145,Application-4,M_Req,missing_destination,29,Application-4-Service,EndDevice-4,Application-4-Service,31700
12160,Application-33,M_Req,missing_destination,58,Application-33-Service,EndDevice-33,Application-33-Service,31800
12164,Application-36,M_Req,missing_destination,61,Application-36-Service,EndDevice-36,Application-36-Service,31800
12169,Application-17,M_Req,missing_destination,42,Application-17-Service,EndDevice-17,Application-17-Service,31800
12171,Application-18,M_Req,missing_destination,43,Application-18-Service,EndDevice-18,Application-18-Service,31800
12178,Application-34,M_Req,missing_destination,59,Application-34-Service,EndDevice-34,Application-34-Service,31800
12217,Application-17,M_Req,missing_destination,42,Application-17-Service,EndDevice-17,Application-17-Service,31900
12219,Application-18,M_Req,missing_destination,43,Application-18-Service,EndDevice-18,Application-18-Service,31900
12236,Application-25,M_Req,missing_destination,50,Application-25-Service,EndDevice-25,Application-25-Service,32000
12251,Application-26,M_Req,missing_destination,51,Application-26-Service,EndDevice-26,Application-26-Service,32000
12253,Application-27,M_Req,missing_destination,52,Application-27-Service,EndDevice-27,Application-27-Service,32000
12267,Application-28,M_Req,missing_destination,53,Application-28-Service,EndDevice-28,Application-28-Service,32100
12284,Application-25,M_Req,missing_destination,50,Application-25-Service,EndDevice-25,Application-25-Service,32100
12299,Application-26,M_Req,missing_destination,51,Application-26-Service,EndDevice-26,Application-26-Service,32100
12301,Application-27,M_Req,missing_destination,52,Application-27-Service,EndDevice-27,Application-27-Service,32100
12344,Application-48,M_Req,missing_destination,73,Application-48-Service,EndDevice-48,Application-48-Service,32300
12350,Application-47,M_Req,missing_destination,72,Application-47-Service,EndDevice-47,Application-47-Service,32300
12371,Application-35,M_Req,missing_destination,60,Application-35-Service,EndDevice-35,Application-35-Service,32300
12377,Application-46,M_Req,missing_destination,71,Application-46-Service,EndDevice-46,Application-46-Service,32300
12380,Application-45,M_Req,missing_destination,70,Application-45-Service,EndDevice-45,Application-45-Service,32300
12389,Application-48,M_Req,missing_destination,73,Application-48-Service,EndDevice-48,Application-48-Service,32400
12394,Application-47,M_Req,missing_destination,72,Application-47-Service,EndDevice-47,Application-47-Service,32400
12437,Application-48,M_Req,missing_destination,73,Application-48-Service,EndDevice-48,Application-48-Service,32500
12442,Application-47,M_Req,missing_destination,72,Application-47-Service,EndDevice-47,Application-47-Service,32500
12460,Application-35,M_Req,missing_destination,60,Application-35-Service,EndDevice-35,Application-35-Service,32600
12479,Application-36,M_Req,missing_destination,61,Application-36-Service,EndDevice-36,Application-36-Service,32600
12482,Application-48,M_Req,missing_destination,73,Application-48-Service,EndDevice-48,Application-48-Service,32600
12492,Application-34,M_Req,missing_destination,59,Application-34-Service,EndDevice-34,Application-34-Service,32700
12508,Application-35,M_Req,missing_destination,60,Application-35-Service,EndDevice-35,Application-35-Service,32700
12527,Application-36,M_Req,missing_destination,61,Application-36-Service,EndDevice-36,Application-36-Service,32700
12530,Application-48,M_Req,missing_destination,73,Application-48-Service,EndDevice-48,Application-48-Service,32700
12540,Application-34,M_Req,missing_destination,59,Application-34-Service,EndDevice-34,Application-34-Service,32800
12552,Application-35,M_Req,missing_destination,60,Application-35-Service,EndDevice-35,Application-35-Service,32800
12567,Application-11,M_Req,missing_destination,36,Application-11-Service,EndDevice-11,Application-11-Service,32900
12569,Application-48,M_Req,missing_destination,73,Application-48-Service,EndDevice-48,Application-48-Service,32900
12573,Application-9,M_Req,missing_destination,34,Application-9-Service,EndDevice-9,Application-9-Service,32900
12588,Application-34,M_Req,missing_destination,59,Application-34-Service,EndDevice-34,Application-34-Service,32900
12597,Application-10,M_Req,missing_destination,35,Application-10-Service,EndDevice-10,Application-10-Service,32900
12600,Application-35,M_Req,missing_destination,60,Application-35-Service,EndDevice-35,Application-35-Service,32900
12607,Application-12,M_Req,missing_destination,37,Application-12-Service,EndDevice-12,Application-12-Service,32900
12615,Application-11,M_Req,missing_destination,36,Application-11-Service,EndDevice-11,Application-11-Service,33000
12616,Application-48,M_Req,missing_destination,73,Application-48-Service,EndDevice-48,Application-48-Service,33000
12629,Application-34,M_Req,missing_destination,59,Application-34-Service,EndDevice-34,Application-34-Service,33000
12638,Application-10,M_Req,missing_destination,35,Application-10-Service,EndDevice-10,Application-10-Service,33000
12677,Application-34,M_Req,missing_destination,59,Application-34-Service,EndDevice-34,Application-34-Service,33100
12691,Application-4,M_Req,missing_destination,29,Application-4-Service,EndDevice-4,Application-4-Service,33200
12692,Application-2,M_Req,missing_destination,27,Application-2-Service,EndDevice-2,Application-2-Service,33200
12701,Application-1,M_Req,missing_destination,26,Application-1-Service,EndDevice-1,Application-1-Service,33200
12721,Application-3,M_Req,missing_destination,28,Application-3-Service,EndDevice-3,Application-3-Service,33300
12739,Application-4,M_Req,missing_destination,29,Application-4-Service,EndDevice-4,Application-4-Service,33300
12740,Application-2,M_Req,missing_destination,27,Application-2-Service,EndDevice-2,Application-2-Service,33300
12749,Application-1,M_Req,missing_destination,26,Application-1-Service,EndDevice-1,Application-1-Service,33300
12807,Application-39,M_Req,missing_destination,64,Application-39-Service,EndDevice-39,Application-39-Service,33500
12826,Application-37,M_Req,missing_destination,62,Application-37-Service,EndDevice-37,Application-37-Service,33500
12834,Application-38,M_Req,missing_destination,63,Application-38-Service,EndDevice-38,Application-38-Service,33500
12838,Application-40,M_Req,missing_destination,65,Application-40-Service,EndDevice-40,Application-40-Service,33500
12850,Application-39,M_Req,missing_destination,64,Application-39-Service,EndDevice-39,Application-39-Service,33600
12866,Application-37,M_Req,missing_destination,62,Application-37-Service,EndDevice-37,Application-37-Service,33600
12898,Application-39,M_Req,missing_destination,64,Application-39-Service,EndDevice-39,Application-39-Service,33700
12914,Application-37,M_Req,missing_destination,62,Application-37-Service,EndDevice-37,Application-37-Service,33700
12942,Application-39,M_Req,missing_destination,64,Application-39-Service,EndDevice-39,Application-39-Service,33800
12990,Application-39,M_Req,missing_destination,64,Application-39-Service,EndDevice-39,Application-39-Service,33900
13034,Application-44,M_Req,missing_destination,69,Application-44-Service,EndDevice-44,Application-44-Service,34100
13039,Application-41,M_Req,missing_destination,66,Application-41-Service,EndDevice-41,Application-41-Service,34100
13042,Application-42,M_Req,missing_destination,67,Application-42-Service,EndDevice-42,Application-42-Service,34100
13063,Application-43,M_Req,missing_destination,68,Application-43-Service,EndDevice-43,Application-43-Service,34100
13081,Application-44,M_Req,missing_destination,69,Application-44-Service,EndDevice-44,Application-44-Service,34200
13083,Application-41,M_Req,missing_destination,66,Application-41-Service,EndDevice-41,Application-41-Service,34200
13086,Application-42,M_Req,missing_destination,67,Application-42-Service,EndDevice-42,Application-42-Service,34200
13144,Application-35,M_Req,missing_destination,60,Application-35-Service,EndDevice-35,Application-35-Service,34400
13147,Application-9,M_Req,missing_destination,34,Application-9-Service,EndDevice-9,Application-9-Service,34400
13150,Application-12,M_Req,missing_destination,37,Application-12-Service,EndDevice-12,Application-12-Service,34400
13159,Application-11,M_Req,missing_destination,36,Application-11-Service,EndDevice-11,Application-11-Service,34400
13166,Application-39,M_Req,missing_destination,64,Application-39-Service,EndDevice-39,Application-39-Service,34400
13180,Application-10,M_Req,missing_destination,35,Application-10-Service,EndDevice-10,Application-10-Service,34500
13192,Application-35,M_Req,missing_destination,60,Application-35-Service,EndDevice-35,Application-35-Service,34500
13195,Application-9,M_Req,missing_destination,34,Application-9-Service,EndDevice-9,Application-9-Service,34500
13198,Application-12,M_Req,missing_destination,37,Application-12-Service,EndDevice-12,Application-12-Service,34500
13207,Application-11,M_Req,missing_destination,36,Application-11-Service,EndDevice-11,Application-11-Service,34500
13214,Application-39,M_Req,missing_destination,64,Application-39-Service,EndDevice-39,Application-39-Service,34500
13227,Application-10,M_Req,missing_destination,35,Application-10-Service,EndDevice-10,Application-10-Service,34600
13236,Application-35,M_Req,missing_destination,60,Application-35-Service,EndDevice-35,Application-35-Service,34600
13239,Application-9,M_Req,missing_destination,34,Application-9-Service,EndDevice-9,Application-9-Service,34600
13242,Application-12,M_Req,missing_destination,37,Application-12-Service,EndDevice-12,Application-12-Service,34600
13253,Application-36,M_Req,missing_destination,61,Application-36-Service,EndDevice-36,Application-36-Service,34700
13269,Application-21,M_Req,missing_destination,46,Application-21-Service,EndDevice-21,Application-21-Service,34700
13275,Application-10,M_Req,missing_destination,35,Application-10-Service,EndDevice-10,Application-10-Service,34700
13276,Application-22,M_Req,missing_destination,47,Application-22-Service,EndDevice-22,Application-22-Service,34700
13284,Application-35,M_Req,missing_destination,60,Application-35-Service,EndDevice-35,Application-35-Service,34700
13285,Application-23,M_Req,missing_destination,48,Application-23-Service,EndDevice-23,Application-23-Service,34700
13287,Application-9,M_Req,missing_destination,34,Application-9-Service,EndDevice-9,Application-9-Service,34700
13288,Application-43,M_Req,missing_destination,68,Application-43-Service,EndDevice-43,Application-43-Service,34700
13290,Application-12,M_Req,missing_destination,37,Application-12-Service,EndDevice-12,Application-12-Service,34700
13291,Application-24,M_Req,missing_destination,49,Application-24-Service,EndDevice-24,Application-24-Service,34700
13301,Application-36,M_Req,missing_destination,61,Application-36-Service,EndDevice-36,Application-36-Service,34800
13315,Application-21,M_Req,missing_destination,46,Application-21-Service,EndDevice-21,Application-21-Service,34800
13321,Application-10,M_Req,missing_destination,35,Application-10-Service,EndDevice-10,Application-10-Service,34800
13322,Application-22,M_Req,missing_destination,47,Application-22-Service,EndDevice-22,Application-22-Service,34800
13369,Application-10,M_Req,missing_destination,35,Application-10-Service,EndDevice-10,Application-10-Service,34900
13384,Application-38,M_Req,missing_destination,63,Application-38-Service,EndDevice-38,Application-38-Service,35000
13401,Application-40,M_Req,missing_destination,65,Application-40-Service,EndDevice-40,Application-40-Service,35000
13409,Application-10,M_Req,missing_destination,35,Application-10-Service,EndDevice-10,Application-10-Service,35100
13414,Application-37,M_Req,missing_destination,62,Application-37-Service,EndDevice-37,Application-37-Service,35100
13432,Application-38,M_Req,missing_destination,63,Application-38-Service,EndDevice-38,Application-38-Service,35100
13449,Application-40,M_Req,missing_destination,65,Application-40-Service,EndDevice-40,Application-40-Service,35100
13483,Application-19,M_Req,missing_destination,44,Application-19-Service,EndDevice-19,Application-19-Service,35300
13513,Application-18,M_Req,missing_destination,43,Application-18-Service,EndDevice-18,Application-18-Service,35300
13516,Application-20,M_Req,missing_destination,45,Application-20-Service,EndDevice-20,Application-20-Service,35300
13528,Application-17,M_Req,missing_destination,42,Application-17-Service,EndDevice-17,Application-17-Service,35300
13531,Application-19,M_Req,missing_destination,44,Application-19-Service,EndDevice-19,Application-19-Service,35400
13559,Application-20,M_Req,missing_destination,45,Application-20-Service,EndDevice-20,Application-20-Service,35400
13617,Application-35,M_Req,missing_destination,60,Application-35-Service,EndDevice-35,Application-35-Service,35600
13619,Application-10,M_Req,missing_destination,35,Application-10-Service,EndDevice-10,Application-10-Service,35600
13622,Application-34,M_Req,missing_destination,59,Application-34-Service,EndDevice-34,Application-34-Service,35600
13626,Application-36,M_Req,missing_destination,61,Application-36-Service,EndDevice-36,Application-36-Service,35600
13665,Application-35,M_Req,missing_destination,60,Application-35-Service,EndDevice-35,Application-35-Service,35700
13667,Application-10,M_Req,missing_destination,35,Application-10-Service,EndDevice-10,Application-10-Service,35700
13670,Application-34,M_Req,missing_destination,59,Application-34-Service,EndDevice-34,Application-34-Service,35700
13674,Application-36,M_Req,missing_destination,61,Application-36-Service,EndDevice-36,Application-36-Service,35700
13757,Application-35,M_Req,missing_destination,60,Application-35-Service,EndDevice-35,Application-35-Service,35900
13760,Application-34,M_Req,missing_destination,59,Application-34-Service,EndDevice-34,Application-34-Service,35900
13978,Application-3,M_Req,missing_destination,28,Application-3-Service,EndDevice-3,Application-3-Service,36500
13981,Application-2,M_Req,missing_destination,27,Application-2-Service,EndDevice-2,Application-2-Service,36500
13986,Application-4,M_Req,missing_destination,29,Application-4-Service,EndDevice-4,Application-4-Service,36500
13990,Application-1,M_Req,missing_destination,26,Application-1-Service,EndDevice-1,Application-1-Service,36500
14020,Application-3,M_Req,missing_destination,28,Application-3-Service,EndDevice-3,Application-3-Service,36600
14086,Application-6,M_Req,missing_destination,31,Application-6-Service,EndDevice-6,Application-6-Service,36800
14088,Application-5,M_Req,missing_destination,30,Application-5-Service,EndDevice-5,Application-5-Service,36800
14098,Application-7,M_Req,missing_destination,32,Application-7-Service,EndDevice-7,Application-7-Service,36800
14106,Application-8,M_Req,missing_destination,33,Application-8-Service,EndDevice-8,Application-8-Service,36900
14134,Application-6,M_Req,missing_destination,31,Application-6-Service,EndDevice-6,Application-6-Service,36900
14136,Application-5,M_Req,missing_destination,30,Application-5-Service,EndDevice-5,Application-5-Service,36900
14146,Application-7,M_Req,missing_destination,32,Application-7-Service,EndDevice-7,Application-7-Service,36900
14153,Application-8,M_Req,missing_destination,33,Application-8-Service,EndDevice-8,Application-8-Service,37000
14185,Application-48,M_Req,missing_destination,73,Application-48-Service,EndDevice-48,Application-48-Service,37100
14187,Application-5,M_Req,missing_destination,30,Application-5-Service,EndDevice-5,Application-5-Service,37100
14201,Application-8,M_Req,missing_destination,33,Application-8-Service,EndDevice-8,Application-8-Service,37100
14208,Application-46,M_Req,missing_destination,71,Application-46-Service,EndDevice-46,Application-46-Service,37100
14210,Application-45,M_Req,missing_destination,70,Application-45-Service,EndDevice-45,Application-45-Service,37100
14216,Application-1,M_Req,missing_destination,26,Application-1-Service,EndDevice-1,Application-1-Service,37100
14223,Application-47,M_Req,missing_destination,72,Application-47-Service,EndDevice-47,Application-47-Service,37100
14231,Application-48,M_Req,missing_destination,73,Application-48-Service,EndDevice-48,Application-48-Service,37200
14233,Application-5,M_Req,missing_destination,30,Application-5-Service,EndDevice-5,Application-5-Service,37200
14245,Application-8,M_Req,missing_destination,33,Application-8-Service,EndDevice-8,Application-8-Service,37200
14252,Application-46,M_Req,missing_destination,71,Application-46-Service,EndDevice-46,Application-46-Service,37200
14293,Application-8,M_Req,missing_destination,33,Application-8-Service,EndDevice-8,Application-8-Service,37300
14307,Application-16,M_Req,missing_destination,41,Application-16-Service,EndDevice-16,Application-16-Service,37400
14316,Application-13,M_Req,missing_destination,38,Application-13-Service,EndDevice-13,Application-13-Service,37400
14329,Application-14,M_Req,missing_destination,39,Application-14-Service,EndDevice-14,Application-14-Service,37500
14355,Application-16,M_Req,missing_destination,41,Application-16-Service,EndDevice-16,Application-16-Service,37500
14364,Application-13,M_Req,missing_destination,38,Application-13-Service,EndDevice-13,Application-13-Service,37500
14377,Application-14,M_Req,missing_destination,39,Application-14-Service,EndDevice-14,Application-14-Service,37600
14398,Application-16,M_Req,missing_destination,41,Application-16-Service,EndDevice-16,Application-16-Service,37600
14412,Application-5,M_Req,missing_destination,30,Application-5-Service,EndDevice-5,Application-5-Service,37700
14420,Application-10,M_Req,missing_destination,35,Application-10-Service,EndDevice-10,Application-10-Service,37700
14424,Application-12,M_Req,missing_destination,37,Application-12-Service,EndDevice-12,Application-12-Service,37700
14425,Application-14,M_Req,missing_destination,39,Application-14-Service,EndDevice-14,Application-14-Service,37700
14440,Application-9,M_Req,missing_destination,34,Application-9-Service,EndDevice-9,Application-9-Service,37700
14446,Application-16,M_Req,missing_destination,41,Application-16-Service,EndDevice-16,Application-16-Service,37700
14448,Application-47,M_Req,missing_destination,72,Application-47-Service,EndDevice-47,Application-47-Service,37700
14451,Application-11,M_Req,missing_destination,36,Application-11-Service,EndDevice-11,Application-11-Service,37700
14465,Application-10,M_Req,missing_destination,35,Application-10-Service,EndDevice-10,Application-10-Service,37800
14469,Application-12,M_Req,missing_destination,37,Application-12-Service,EndDevice-12,Application-12-Service,37800
14470,Application-14,M_Req,missing_destination,39,Application-14-Service,EndDevice-14,Application-14-Service,37800
14481,Application-9,M_Req,missing_destination,34,Application-9-Service,EndDevice-9,Application-9-Service,37800
14513,Application-10,M_Req,missing_destination,35,Application-10-Service,EndDevice-10,Application-10-Service,37900
14517,Application-12,M_Req,missing_destination,37,Application-12-Service,EndDevice-12,Application-12-Service,37900
14529,Application-9,M_Req,missing_destination,34,Application-9-Service,EndDevice-9,Application-9-Service,37900
14530,Application-43,M_Req,missing_destination,68,Application-43-Service,EndDevice-43,Application-43-Service,38000
14533,Application-42,M_Req,missing_destination,67,Application-42-Service,EndDevice-42,Application-42-Service,38000
14545,Application-41,M_Req,missing_destination,66,Application-41-Service,EndDevice-41,Application-41-Service,38000
14553,Application-44,M_Req,missing_destination,69,Application-44-Service,EndDevice-44,Application-44-Service,38000
14556,Application-10,M_Req,missing_destination,35,Application-10-Service,EndDevice-10,Application-10-Service,38000
14578,Application-43,M_Req,missing_destination,68,Application-43-Service,EndDevice-43,Application-43-Service,38100
14581,Application-42,M_Req,missing_destination,67,Application-42-Service,EndDevice-42,Application-42-Service,38100
14593,Application-41,M_Req,missing_destination,66,Application-41-Service,EndDevice-41,Application-41-Service,38100
14601,Application-44,M_Req,missing_destination,69,Application-44-Service,EndDevice-44,Application-44-Service,38100
14604,Application-10,M_Req,missing_destination,35,Application-10-Service,EndDevice-10,Application-10-Service,38100
14622,Application-43,M_Req,missing_destination,68,Application-43-Service,EndDevice-43,Application-43-Service,38200
14625,Application-42,M_Req,missing_destination,67,Application-42-Service,EndDevice-42,Application-42-Service,38200
14634,Application-41,M_Req,missing_destination,66,Application-41-Service,EndDevice-41,Application-41-Service,38200
14642,Application-20,M_Req,missing_destination,45,Application-20-Service,EndDevice-20,Application-20-Service,38300
14662,Application-17,M_Req,missing_destination,42,Application-17-Service,EndDevice-17,Application-17-Service,38300
14665,Application-18,M_Req,missing_destination,43,Application-18-Service,EndDevice-18,Application-18-Service,38300
14670,Application-43,M_Req,missing_destination,68,Application-43-Service,EndDevice-43,Application-43-Service,38300
14673,Application-42,M_Req,missing_destination,67,Application-42-Service,EndDevice-42,Application-42-Service,38300
14678,Application-19,M_Req,missing_destination,44,Application-19-Service,EndDevice-19,Application-19-Service,38300
14682,Application-41,M_Req,missing_destination,66,Application-41-Service,EndDevice-41,Application-41-Service,38300
14689,Application-20,M_Req,missing_destination,45,Application-20-Service,EndDevice-20,Application-20-Service,38400
14707,Application-17,M_Req,missing_destination,42,Application-17-Service,EndDevice-17,Application-17-Service,38400
14709,Application-18,M_Req,missing_destination,43,Application-18-Service,EndDevice-18,Application-18-Service,38400
14737,Application-20,M_Req,missing_destination,45,Application-20-Service,EndDevice-20,Application-20-Service,38500
14755,Application-17,M_Req,missing_destination,42,Application-17-Service,EndDevice-17,Application-17-Service,38500
14757,Application-18,M_Req,missing_destination,43,Application-18-Service,EndDevice-18,Application-18-Service,38500
14765,Application-45,M_Req,missing_destination,70,Application-45-Service,EndDevice-45,Application-45-Service,38600
14773,Application-48,M_Req,missing_destination,73,Application-48-Service,EndDevice-48,Application-48-Service,38600
14781,Application-20,M_Req,missing_destination,45,Application-20-Service,EndDevice-20,Application-20-Service,38600
14791,Application-47,M_Req,missing_destination,72,Application-47-Service,EndDevice-47,Application-47-Service,38600
14813,Application-45,M_Req,missing_destination,70,Application-45-Service,EndDevice-45,Application-45-Service,38700
14821,Application-48,M_Req,missing_destination,73,Application-48-Service,EndDevice-48,Application-48-Service,38700
14829,Application-20,M_Req,missing_destination,45,Application-20-Service,EndDevice-20,Application-20-Service,38700
14839,Application-47,M_Req,missing_destination,72,Application-47-Service,EndDevice-47,Application-47-Service,38700
14875,Application-31,M_Req,missing_destination,56,Application-31-Service,EndDevice-31,Application-31-Service,38900
14889,Application-32,M_Req,missing_destination,57,Application-32-Service,EndDevice-32,Application-32-Service,38900
14894,Application-29,M_Req,missing_destination,54,Application-29-Service,EndDevice-29,Application-29-Service,38900
14900,Application-46,M_Req,missing_destination,71,Application-46-Service,EndDevice-46,Application-46-Service,38900
14914,Application-30,M_Req,missing_destination,55,Application-30-Service,EndDevice-30,Application-30-Service,38900
14921,Application-31,M_Req,missing_destination,56,Application-31-Service,EndDevice-31,Application-31-Service,39000
14933,Application-32,M_Req,missing_destination,57,Application-32-Service,EndDevice-32,Application-32-Service,39000
14936,Application-29,M_Req,missing_destination,54,Application-29-Service,EndDevice-29,Application-29-Service,39000
14941,Application-46,M_Req,missing_destination,71,Application-46-Service,EndDevice-46,Application-46-Service,39000
14995,Application-2,M_Req,missing_destination,27,Application-2-Service,EndDevice-2,Application-2-Service,39200
14998,Application-4,M_Req,missing_destination,29,Application-4-Service,EndDevice-4,Application-4-Service,39200
15009,Application-20,M_Req,missing_destination,45,Application-20-Service,EndDevice-20,Application-20-Service,39200
15011,Application-3,M_Req,missing_destination,28,Application-3-Service,EndDevice-3,Application-3-Service,39200
15043,Application-2,M_Req,missing_destination,27,Application-2-Service,EndDevice-2,Application-2-Service,39300
15046,Application-4,M_Req,missing_destination,29,Application-4-Service,EndDevice-4,Application-4-Service,39300
15057,Application-20,M_Req,missing_destination,45,Application-20-Service,EndDevice-20,Application-20-Service,39300
15059,Application-3,M_Req,missing_destination,28,Application-3-Service,EndDevice-3,Application-3-Service,39300
15086,Application-2,M_Req,missing_destination,27,Application-2-Service,EndDevice-2,Application-2-Service,39400
15088,Application-4,M_Req,missing_destination,29,Application-4-Service,EndDevice-4,Application-4-Service,39400
15106,Application-44,M_Req,missing_destination,69,Application-44-Service,EndDevice-44,Application-44-Service,39500
15116,Application-41,M_Req,missing_destination,66,Application-41-Service,EndDevice-41,Application-41-Service,39500
15121,Application-42,M_Req,missing_destination,67,Application-42-Service,EndDevice-42,Application-42-Service,39500
15131,Application-43,M_Req,missing_destination,68,Application-43-Service,EndDevice-43,Application-43-Service,39500
15134,Application-2,M_Req,missing_destination,27,Application-2-Service,EndDevice-2,Application-2-Service,39500
15136,Application-4,M_Req,missing_destination,29,Application-4-Service,EndDevice-4,Application-4-Service,39500
15153,Application-44,M_Req,missing_destination,69,Application-44-Service,EndDevice-44,Application-44-Service,39600
15161,Application-41,M_Req,missing_destination,66,Application-41-Service,EndDevice-41,Application-41-Service,39600
15201,Application-44,M_Req,missing_destination,69,Application-44-Service,EndDevice-44,Application-44-Service,39700
15209,Application-41,M_Req,missing_destination,66,Application-41-Service,EndDevice-41,Application-41-Service,39700
15227,Application-38,M_Req,missing_destination,63,Application-38-Service,EndDevice-38,Application-38-Service,39800
15246,Application-44,M_Req,missing_destination,69,Application-44-Service,EndDevice-44,Application-44-Service,39800
15251,Application-41,M_Req,missing_destination,66,Application-41-Service,EndDevice-41,Application-41-Service,39800
15256,Application-37,M_Req,missing_destination,62,Application-37-Service,EndDevice-37,Application-37-Service,39900
15275,Application-38,M_Req,missing_destination,63,Application-38-Service,EndDevice-38,Application-38-Service,39900
15294,Application-44,M_Req,missing_destination,69,Application-44-Service,EndDevice-44,Application-44-Service,39900
15299,Application-41,M_Req,missing_destination,66,Application-41-Service,EndDevice-41,Application-41-Service,39900
15304,Application-37,M_Req,missing_destination,62,Application-37-Service,EndDevice-37,Application-37-Service,40000
15318,Application-38,M_Req,missing_destination,63,Application-38-Service,EndDevice-38,Application-38-Service,40000
15342,Application-40,M_Req,missing_destination,65,Application-40-Service,EndDevice-40,Application-40-Service,40100
15344,Application-43,M_Req,missing_destination,68,Application-43-Service,EndDevice-43,Application-43-Service,40100
15347,Application-42,M_Req,missing_destination,67,Application-42-Service,EndDevice-42,Application-42-Service,40100
15352,Application-37,M_Req,missing_destination,62,Application-37-Service,EndDevice-37,Application-37-Service,40100
15366,Application-38,M_Req,missing_destination,63,Application-38-Service,EndDevice-38,Application-38-Service,40100
15387,Application-40,M_Req,missing_destination,65,Application-40-Service,EndDevice-40,Application-40-Service,40200
15395,Application-37,M_Req,missing_destination,62,Application-37-Service,EndDevice-37,Application-37-Service,40200
15435,Application-40,M_Req,missing_destination,65,Application-40-Service,EndDevice-40,Application-40-Service,40300
15454,Application-19,M_Req,missing_destination,44,Application-19-Service,EndDevice-19,Application-19-Service,40400
15467,Application-20,M_Req,missing_destination,45,Application-20-Service,EndDevice-20,Application-20-Service,40400
15475,Application-17,M_Req,missing_destination,42,Application-17-Service,EndDevice-17,Application-17-Service,40400
15502,Application-19,M_Req,missing_destination,44,Application-19-Service,EndDevice-19,Application-19-Service,40500
15515,Application-20,M_Req,missing_destination,45,Application-20-Service,EndDevice-20,Application-20-Service,40500
15523,Application-17,M_Req,missing_destination,42,Application-17-Service,EndDevice-17,Application-17-Service,40500
15557,Application-20,M_Req,missing_destination,45,Application-20-Service,EndDevice-20,Application-20-Service,40700
15565,Application-35,M_Req,missing_destination,60,Application-35-Service,EndDevice-35,Application-35-Service,40700
15572,Application-34,M_Req,missing_destination,59,Application-34-Service,EndDevice-34,Application-34-Service,40700
15595,Application-33,M_Req,missing_destination,58,Application-33-Service,EndDevice-33,Application-33-Service,40700
15599,Application-36,M_Req,missing_destination,61,Application-36-Service,EndDevice-36,Application-36-Service,40700
15605,Application-20,M_Req,missing_destination,45,Application-20-Service,EndDevice-20,Application-20-Service,40800
15612,Application-35,M_Req,missing_destination,60,Application-35-Service,EndDevice-35,Application-35-Service,40800
15617,Application-34,M_Req,missing_destination,59,Application-34-Service,EndDevice-34,Application-34-Service,40800
15698,Application-25,M_Req,missing_destination,50,Application-25-Service,EndDevice-25,Application-25-Service,41000
15703,Application-28,M_Req,missing_destination,53,Application-28-Service,EndDevice-28,Application-28-Service,41000
15705,Application-26,M_Req,missing_destination,51,Application-26-Service,EndDevice-26,Application-26-Service,41000
15712,Application-27,M_Req,missing_destination,52,Application-27-Service,EndDevice-27,Application-27-Service,41100
15746,Application-25,M_Req,missing_destination,50,Application-25-Service,EndDevice-25,Application-25-Service,41100
15751,Application-28,M_Req,missing_destination,53,Application-28-Service,EndDevice-28,Application-28-Service,41100
15753,Application-26,M_Req,missing_destination,51,Application-26-Service,EndDevice-26,Application-26-Service,41100
15759,Application-27,M_Req,missing_destination,52,Application-27-Service,EndDevice-27,Application-27-Service,41200
15788,Application-15,M_Req,missing_destination,40,Application-15-Service,EndDevice-15,Application-15-Service,41300
15807,Application-27,M_Req,missing_destination,52,Application-27-Service,EndDevice-27,Application-27-Service,41300
15810,Application-16,M_Req,missing_destination,41,Application-16-Service,EndDevice-16,Application-16-Service,41300
15820,Application-13,M_Req,missing_destination,38,Application-13-Service,EndDevice-13,Application-13-Service,41300
15821,Application-33,M_Req,missing_destination,58,Application-33-Service,EndDevice-33,Application-33-Service,41300
15832,Application-14,M_Req,missing_destination,39,Application-14-Service,EndDevice-14,Application-14-Service,41300
15836,Application-15,M_Req,missing_destination,40,Application-15-Service,EndDevice-15,Application-15-Service,41400
15854,Application-16,M_Req,missing_destination,41,Application-16-Service,EndDevice-16,Application-16-Service,41400
15925,Application-8,M_Req,missing_destination,33,Application-8-Service,EndDevice-8,Application-8-Service,41600
15927,Application-25,M_Req,missing_destination,50,Application-25-Service,EndDevice-25,Application-25-Service,41600
15930,Application-5,M_Req,missing_destination,30,Application-5-Service,EndDevice-5,Application-5-Service,41600
15939,Application-6,M_Req,missing_destination,31,Application-6-Service,EndDevice-6,Application-6-Service,41600
15973,Application-8,M_Req,missing_destination,33,Application-8-Service,EndDevice-8,Application-8-Service,41700
15975,Application-25,M_Req,missing_destination,50,Application-25-Service,EndDevice-25,Application-25-Service,41700
15978,Application-5,M_Req,missing_destination,30,Application-5-Service,EndDevice-5,Application-5-Service,41700
15987,Application-6,M_Req,missing_destination,31,Application-6-Service,EndDevice-6,Application-6-Service,41700
16013,Application-8,M_Req,missing_destination,33,Application-8-Service,EndDevice-8,Application-8-Service,41800
16025,Application-34,M_Req,missing_destination,59,Application-34-Service,EndDevice-34,Application-34-Service,41900
16049,Application-35,M_Req,missing_destination,60,Application-35-Service,EndDevice-35,Application-35-Service,41900
16052,Application-33,M_Req,missing_destination,58,Application-33-Service,EndDevice-33,Application-33-Service,41900
16054,Application-36,M_Req,missing_destination,61,Application-36-Service,EndDevice-36,Application-36-Service,41900
16061,Application-8,M_Req,missing_destination,33,Application-8-Service,EndDevice-8,Application-8-Service,41900
16072,Application-34,M_Req,missing_destination,59,Application-34-Service,EndDevice-34,Application-34-Service,42000
16091,Application-35,M_Req,missing_destination,60,Application-35-Service,EndDevice-35,Application-35-Service,42000
16120,Application-34,M_Req,missing_destination,59,Application-34-Service,EndDevice-34,Application-34-Service,42100
16139,Application-35,M_Req,missing_destination,60,Application-35-Service,EndDevice-35,Application-35-Service,42100
16252,Application-14,M_Req,missing_destination,39,Application-14-Service,EndDevice-14,Application-14-Service,42500
16254,Application-15,M_Req,missing_destination,40,Application-15-Service,EndDevice-15,Application-15-Service,42500
16291,Application-13,M_Req,missing_destination,38,Application-13-Service,EndDevice-13,Application-13-Service,42500
16292,Application-16,M_Req,missing_destination,41,Application-16-Service,EndDevice-16,Application-16-Service,42500
16300,Application-14,M_Req,missing_destination,39,Application-14-Service,EndDevice-14,Application-14-Service,42600
16374,Application-43,M_Req,missing_destination,68,Application-43-Service,EndDevice-43,Application-43-Service,42800
16393,Application-41,M_Req,missing_destination,66,Application-41-Service,EndDevice-41,Application-41-Service,42800
16405,Application-44,M_Req,missing_destination,69,Application-44-Service,EndDevice-44,Application-44-Service,42900
16422,Application-43,M_Req,missing_destination,68,Application-43-Service,EndDevice-43,Application-43-Service,42900
16441,Application-41,M_Req,missing_destination,66,Application-41-Service,EndDevice-41,Application-41-Service,42900
16452,Application-44,M_Req,missing_destination,69,Application-44-Service,EndDevice-44,Application-44-Service,43000
16469,Application-43,M_Req,missing_destination,68,Application-43-Service,EndDevice-43,Application-43-Service,43000
16498,Application-20,M_Req,missing_destination,45,Application-20-Service,EndDevice-20,Application-20-Service,43100
16500,Application-44,M_Req,missing_destination,69,Application-44-Service,EndDevice-44,Application-44-Service,43100
16502,Application-17,M_Req,missing_destination,42,Application-17-Service,EndDevice-17,Application-17-Service,43100
16506,Application-19,M_Req,missing_destination,44,Application-19-Service,EndDevice-19,Application-19-Service,43100
16513,Application-18,M_Req,missing_destination,43,Application-18-Service,EndDevice-18,Application-18-Service,43100
16517,Application-43,M_Req,missing_destination,68,Application-43-Service,EndDevice-43,Application-43-Service,43100
16521,Application-16,M_Req,missing_destination,41,Application-16-Service,EndDevice-16,Application-16-Service,43100
16542,Application-20,M_Req,missing_destination,45,Application-20-Service,EndDevice-20,Application-20-Service,43200
16545,Application-17,M_Req,missing_destination,42,Application-17-Service,EndDevice-17,Application-17-Service,43200
16549,Application-19,M_Req,missing_destination,44,Application-19-Service,EndDevice-19,Application-19-Service,43200
16626,Application-28,M_Req,missing_destination,53,Application-28-Service,EndDevice-28,Application-28-Service,43400
16638,Application-27,M_Req,missing_destination,52,Application-27-Service,EndDevice-27,Application-27-Service,43500
16642,Application-25,M_Req,missing_destination,50,Application-25-Service,EndDevice-25,Application-25-Service,43500
16674,Application-28,M_Req,missing_destination,53,Application-28-Service,EndDevice-28,Application-28-Service,43500
16728,Application-20,M_Req,missing_destination,45,Application-20-Service,EndDevice-20,Application-20-Service,43700
16731,Application-17,M_Req,missing_destination,42,Application-17-Service,EndDevice-17,Application-17-Service,43700
16740,Application-19,M_Req,missing_destination,44,Application-19-Service,EndDevice-19,Application-19-Service,43700
16773,Application-17,M_Req,missing_destination,42,Application-17-Service,EndDevice-17,Application-17-Service,43800
16781,Application-19,M_Req,missing_destination,44,Application-19-Service,EndDevice-19,Application-19-Service,43800
16821,Application-17,M_Req,missing_destination,42,Application-17-Service,EndDevice-17,Application-17-Service,43900
16829,Application-19,M_Req,missing_destination,44,Application-19-Service,EndDevice-19,Application-19-Service,43900
16837,Application-18,M_Req,missing_destination,43,Application-18-Service,EndDevice-18,Application-18-Service,44000
16846,Application-36,M_Req,missing_destination,61,Application-36-Service,EndDevice-36,Application-36-Service,44000
16850,Application-35,M_Req,missing_destination,60,Application-35-Service,EndDevice-35,Application-35-Service,44000
16855,Application-34,M_Req,missing_destination,59,Application-34-Service,EndDevice-34,Application-34-Service,44000
16885,Application-18,M_Req,missing_destination,43,Application-18-Service,EndDevice-18,Application-18-Service,44100
16894,Application-36,M_Req,missing_destination,61,Application-36-Service,EndDevice-36,Application-36-Service,44100
16898,Application-35,M_Req,missing_destination,60,Application-35-Service,EndDevice-35,Application-35-Service,44100
16903,Application-34,M_Req,missing_destination,59,Application-34-Service,EndDevice-34,Application-34-Service,44100
16974,Application-18,M_Req,missing_destination,43,Application-18-Service,EndDevice-18,Application-18-Service,44300
16982,Application-36,M_Req,missing_destination,61,Application-36-Service,EndDevice-36,Application-36-Service,44300
17066,Application-20,M_Req,missing_destination,45,Application-20-Service,EndDevice-20,Application-20-Service,44600
17091,Application-48,M_Req,missing_destination,73,Application-48-Service,EndDevice-48,Application-48-Service,44700
17097,Application-45,M_Req,missing_destination,70,Application-45-Service,EndDevice-45,Application-45-Service,44700
17099,Application-47,M_Req,missing_destination,72,Application-47-Service,EndDevice-47,Application-47-Service,44700
17114,Application-20,M_Req,missing_destination,45,Application-20-Service,EndDevice-20,Application-20-Service,44700
17173,Application-12,M_Req,missing_destination,37,Application-12-Service,EndDevice-12,Application-12-Service,44900
17178,Application-9,M_Req,missing_destination,34,Application-9-Service,EndDevice-9,Application-9-Service,44900
17189,Application-19,M_Req,missing_destination,44,Application-19-Service,EndDevice-19,Application-19-Service,44900
17190,Application-10,M_Req,missing_destination,35,Application-10-Service,EndDevice-10,Application-10-Service,44900
17198,Application-11,M_Req,missing_destination,36,Application-11-Service,EndDevice-11,Application-11-Service,44900
17220,Application-12,M_Req,missing_destination,37,Application-12-Service,EndDevice-12,Application-12-Service,45000
17232,Application-19,M_Req,missing_destination,44,Application-19-Service,EndDevice-19,Application-19-Service,45000
17239,Application-11,M_Req,missing_destination,36,Application-11-Service,EndDevice-11,Application-11-Service,45000
17318,Application-48,M_Req,missing_destination,73,Application-48-Service,EndDevice-48,Application-48-Service,45300
17321,Application-47,M_Req,missing_destination,72,Application-47-Service,EndDevice-47,Application-47-Service,45300
17324,Application-46,M_Req,missing_destination,71,Application-46-Service,EndDevice-46,Application-46-Service,45300
17397,Application-31,M_Req,missing_destination,56,Application-31-Service,EndDevice-31,Application-31-Service,45500
17404,Application-17,M_Req,missing_destination,42,Application-17-Service,EndDevice-17,Application-17-Service,45500
17429,Application-32,M_Req,missing_destination,57,Application-32-Service,EndDevice-32,Application-32-Service,45500
17432,Application-29,M_Req,missing_destination,54,Application-29-Service,EndDevice-29,Application-29-Service,45500
17438,Application-30,M_Req,missing_destination,55,Application-30-Service,EndDevice-30,Application-30-Service,45500
17445,Application-31,M_Req,missing_destination,56,Application-31-Service,EndDevice-31,Application-31-Service,45600
17452,Application-17,M_Req,missing_destination,42,Application-17-Service,EndDevice-17,Application-17-Service,45600
17493,Application-31,M_Req,missing_destination,56,Application-31-Service,EndDevice-31,Application-31-Service,45700
17500,Application-17,M_Req,missing_destination,42,Application-17-Service,EndDevice-17,Application-17-Service,45700
17535,Application-42,M_Req,missing_destination,67,Application-42-Service,EndDevice-42,Application-42-Service,45800
17540,Application-31,M_Req,missing_destination,56,Application-31-Service,EndDevice-31,Application-31-Service,45800
17541,Application-44,M_Req,missing_destination,69,Application-44-Service,EndDevice-44,Application-44-Service,45800
17545,Application-17,M_Req,missing_destination,42,Application-17-Service,EndDevice-17,Application-17-Service,45800
17546,Application-41,M_Req,missing_destination,66,Application-41-Service,EndDevice-41,Application-41-Service,45800
17551,Application-43,M_Req,missing_destination,68,Application-43-Service,EndDevice-43,Application-43-Service,45800
17583,Application-42,M_Req,missing_destination,67,Application-42-Service,EndDevice-42,Application-42-Service,45900
17588,Application-31,M_Req,missing_destination,56,Application-31-Service,EndDevice-31,Application-31-Service,45900
17589,Application-44,M_Req,missing_destination,69,Application-44-Service,EndDevice-44,Application-44-Service,45900
17593,Application-17,M_Req,missing_destination,42,Application-17-Service,EndDevice-17,Application-17-Service,45900
17594,Application-41,M_Req,missing_destination,66,Application-41-Service,EndDevice-41,Application-41-Service,45900
17599,Application-43,M_Req,missing_destination,68,Application-43-Service,EndDevice-43,Application-43-Service,45900
17625,Application-42,M_Req,missing_destination,67,Application-42-Service,EndDevice-42,Application-42-Service,46000
17629,Application-31,M_Req,missing_destination,56,Application-31-Service,EndDevice-31,Application-31-Service,46100
17649,Application-14,M_Req,missing_destination,39,Application-14-Service,EndDevice-14,Application-14-Service,46100
17658,Application-15,M_Req,missing_destination,40,Application-15-Service,EndDevice-15,Application-15-Service,46100
17661,Application-16,M_Req,missing_destination,41,Application-16-Service,EndDevice-16,Application-16-Service,46100
17666,Application-13,M_Req,missing_destination,38,Application-13-Service,EndDevice-13,Application-13-Service,46100
17673,Application-42,M_Req,missing_destination,67,Application-42-Service,EndDevice-42,Application-42-Service,46100
17676,Application-32,M_Req,missing_destination,57,Application-32-Service,EndDevice-32,Application-32-Service,46100
17677,Application-31,M_Req,missing_destination,56,Application-31-Service,EndDevice-31,Application-31-Service,46200
17703,Application-15,M_Req,missing_destination,40,Application-15-Service,EndDevice-15,Application-15-Service,46200
17706,Application-16,M_Req,missing_destination,41,Application-16-Service,EndDevice-16,Application-16-Service,46200
17725,Application-31,M_Req,missing_destination,56,Application-31-Service,EndDevice-31,Application-31-Service,46300
17751,Application-15,M_Req,missing_destination,40,Application-15-Service,EndDevice-15,Application-15-Service,46300
17754,Application-16,M_Req,missing_destination,41,Application-16-Service,EndDevice-16,Application-16-Service,46300
17761,Application-13,M_Req,missing_destination,38,Application-13-Service,EndDevice-13,Application-13-Service,46400
17765,Application-20,M_Req,missing_destination,45,Application-20-Service,EndDevice-20,Application-20-Service,46400
17774,Application-18,M_Req,missing_destination,43,Application-18-Service,EndDevice-18,Application-18-Service,46400
17777,Application-43,M_Req,missing_destination,68,Application-43-Service,EndDevice-43,Application-43-Service,46400
17778,Application-19,M_Req,missing_destination,44,Application-19-Service,EndDevice-19,Application-19-Service,46400
17782,Application-17,M_Req,missing_destination,42,Application-17-Service,EndDevice-17,Application-17-Service,46400
17809,Application-13,M_Req,missing_destination,38,Application-13-Service,EndDevice-13,Application-13-Service,46500
17813,Application-20,M_Req,missing_destination,45,Application-20-Service,EndDevice-20,Application-20-Service,46500
17822,Application-18,M_Req,missing_destination,43,Application-18-Service,EndDevice-18,Application-18-Service,46500
17825,Application-43,M_Req,missing_destination,68,Application-43-Service,EndDevice-43,Application-43-Service,46500
17826,Application-19,M_Req,missing_destination,44,Application-19-Service,EndDevice-19,Application-19-Service,46500
17830,Application-17,M_Req,missing_destination,42,Application-17-Service,EndDevice-17,Application-17-Service,46500
17864,Application-7,M_Req,missing_destination,32,Application-7-Service,EndDevice-7,Application-7-Service,46700
17866,Application-8,M_Req,missing_destination,33,Application-8-Service,EndDevice-8,Application-8-Service,46700
17874,Application-5,M_Req,missing_destination,30,Application-5-Service,EndDevice-5,Application-5-Service,46700
17882,Application-6,M_Req,missing_destination,31,Application-6-Service,EndDevice-6,Application-6-Service,46700
17885,Application-15,M_Req,missing_destination,40,Application-15-Service,EndDevice-15,Application-15-Service,46700
17912,Application-7,M_Req,missing_destination,32,Application-7-Service,EndDevice-7,Application-7-Service,46800
17913,Application-8,M_Req,missing_destination,33,Application-8-Service,EndDevice-8,Application-8-Service,46800
17919,Application-5,M_Req,missing_destination,30,Application-5-Service,EndDevice-5,Application-5-Service,46800
17926,Application-6,M_Req,missing_destination,31,Application-6-Service,EndDevice-6,Application-6-Service,46800
17929,Application-15,M_Req,missing_destination,40,Application-15-Service,EndDevice-15,Application-15-Service,46800
17996,Application-25,M_Req,missing_destination,50,Application-25-Service,EndDevice-25,Application-25-Service,47000
18002,Application-28,M_Req,missing_destination,53,Application-28-Service,EndDevice-28,Application-28-Service,47000
18011,Application-26,M_Req,missing_destination,51,Application-26-Service,EndDevice-26,Application-26-Service,47000
18012,Application-16,M_Req,missing_destination,41,Application-16-Service,EndDevice-16,Application-16-Service,47000
18015,Application-27,M_Req,missing_destination,52,Application-27-Service,EndDevice-27,Application-27-Service,47100
18044,Application-25,M_Req,missing_destination,50,Application-25-Service,EndDevice-25,Application-25-Service,47100
18050,Application-28,M_Req,missing_destination,53,Application-28-Service,EndDevice-28,Application-28-Service,47100
18059,Application-26,M_Req,missing_destination,51,Application-26-Service,EndDevice-26,Application-26-Service,47100
18060,Application-16,M_Req,missing_destination,41,Application-16-Service,EndDevice-16,Application-16-Service,47100
18097,Application-47,M_Req,missing_destination,72,Application-47-Service,EndDevice-47,Application-47-Service,47300
18100,Application-45,M_Req,missing_destination,70,Application-45-Service,EndDevice-45,Application-45-Service,47300
18106,Application-48,M_Req,missing_destination,73,Application-48-Service,EndDevice-48,Application-48-Service,47300
18116,Application-46,M_Req,missing_destination,71,Application-46-Service,EndDevice-46,Application-46-Service,47300
18144,Application-47,M_Req,missing_destination,72,Application-47-Service,EndDevice-47,Application-47-Service,47400
18147,Application-45,M_Req,missing_destination,70,Application-45-Service,EndDevice-45,Application-45-Service,47400
18153,Application-48,M_Req,missing_destination,73,Application-48-Service,EndDevice-48,Application-48-Service,47400
18160,Application-46,M_Req,missing_destination,71,Application-46-Service,EndDevice-46,Application-46-Service,47400
18224,Application-36,M_Req,missing_destination,61,Application-36-Service,EndDevice-36,Application-36-Service,47600
18226,Application-35,M_Req,missing_destination,60,Application-35-Service,EndDevice-35,Application-35-Service,47600
18245,Application-33,M_Req,missing_destination,58,Application-33-Service,EndDevice-33,Application-33-Service,47700
18272,Application-36,M_Req,missing_destination,61,Application-36-Service,EndDevice-36,Application-36-Service,47700
18274,Application-35,M_Req,missing_destination,60,Application-35-Service,EndDevice-35,Application-35-Service,47700
18318,Application-22,M_Req,missing_destination,47,Application-22-Service,EndDevice-22,Application-22-Service,47900
18330,Application-21,M_Req,missing_destination,46,Application-21-Service,EndDevice-21,Application-21-Service,47900
18351,Application-24,M_Req,missing_destination,49,Application-24-Service,EndDevice-24,Application-24-Service,47900
18354,Application-23,M_Req,missing_destination,48,Application-23-Service,EndDevice-23,Application-23-Service,47900
18356,Application-13,M_Req,missing_destination,38,Application-13-Service,EndDevice-13,Application-13-Service,47900
18377,Application-21,M_Req,missing_destination,46,Application-21-Service,EndDevice-21,Application-21-Service,48000
18394,Application-24,M_Req,missing_destination,49,Application-24-Service,EndDevice-24,Application-24-Service,48000
18425,Application-21,M_Req,missing_destination,46,Application-21-Service,EndDevice-21,Application-21-Service,48100
18442,Application-24,M_Req,missing_destination,49,Application-24-Service,EndDevice-24,Application-24-Service,48100
18460,Application-26,M_Req,missing_destination,51,Application-26-Service,EndDevice-26,Application-26-Service,48200
18471,Application-27,M_Req,missing_destination,52,Application-27-Service,EndDevice-27,Application-27-Service,48200
18480,Application-25,M_Req,missing_destination,50,Application-25-Service,EndDevice-25,Application-25-Service,48300
18508,Application-26,M_Req,missing_destination,51,Application-26-Service,EndDevice-26,Application-26-Service,48300
18519,Application-27,M_Req,missing_destination,52,Application-27-Service,EndDevice-27,Application-27-Service,48300
18565,Application-25,M_Req,missing_destination,50,Application-25-Service,EndDevice-25,Application-25-Service,48500
18609,Application-25,M_Req,missing_destination,50,Application-25-Service,EndDevice-25,Application-25-Service,48600
18679,Application-48,M_Req,missing_destination,73,Application-48-Service,EndDevice-48,Application-48-Service,48800
18687,Application-26,M_Req,missing_destination,51,Application-26-Service,EndDevice-26,Application-26-Service,48800
18693,Application-45,M_Req,missing_destination,70,Application-45-Service,EndDevice-45,Application-45-Service,48800
18694,Application-24,M_Req,missing_destination,49,Application-24-Service,EndDevice-24,Application-24-Service,48800
18706,Application-46,M_Req,missing_destination,71,Application-46-Service,EndDevice-46,Application-46-Service,48900
18727,Application-48,M_Req,missing_destination,73,Application-48-Service,EndDevice-48,Application-48-Service,48900
18735,Application-26,M_Req,missing_destination,51,Application-26-Service,EndDevice-26,Application-26-Service,48900
18741,Application-45,M_Req,missing_destination,70,Application-45-Service,EndDevice-45,Application-45-Service,48900
18742,Application-24,M_Req,missing_destination,49,Application-24-Service,EndDevice-24,Application-24-Service,48900
18752,Application-46,M_Req,missing_destination,71,Application-46-Service,EndDevice-46,Application-46-Service,49000
18795,Application-23,M_Req,missing_destination,48,Application-23-Service,EndDevice-23,Application-23-Service,49100
18797,Application-47,M_Req,missing_destination,72,Application-47-Service,EndDevice-47,Application-47-Service,49100
18800,Application-46,M_Req,missing_destination,71,Application-46-Service,EndDevice-46,Application-46-Service,49100
18839,Application-23,M_Req,missing_destination,48,Application-23-Service,EndDevice-23,Application-23-Service,49200
18843,Application-46,M_Req,missing_destination,71,Application-46-Service,EndDevice-46,Application-46-Service,49200
18887,Application-23,M_Req,missing_destination,48,Application-23-Service,EndDevice-23,Application-23-Service,49300
18905,Application-34,M_Req,missing_destination,59,Application-34-Service,EndDevice-34,Application-34-Service,49400
18910,Application-33,M_Req,missing_destination,58,Application-33-Service,EndDevice-33,Application-33-Service,49400
18920,Application-36,M_Req,missing_destination,61,Application-36-Service,EndDevice-36,Application-36-Service,49400
18928,Application-23,M_Req,missing_destination,48,Application-23-Service,EndDevice-23,Application-23-Service,49400
18953,Application-34,M_Req,missing_destination,59,Application-34-Service,EndDevice-34,Application-34-Service,49500
18958,Application-33,M_Req,missing_destination,58,Application-33-Service,EndDevice-33,Application-33-Service,49500
18968,Application-36,M_Req,missing_destination,61,Application-36-Service,EndDevice-36,Application-36-Service,49500
18976,Application-23,M_Req,missing_destination,48,Application-23-Service,EndDevice-23,Application-23-Service,49500
19004,Application-10,M_Req,missing_destination,35,Application-10-Service,EndDevice-10,Application-10-Service,49700
19029,Application-22,M_Req,missing_destination,47,Application-22-Service,EndDevice-22,Application-22-Service,49700
19030,Application-11,M_Req,missing_destination,36,Application-11-Service,EndDevice-11,Application-11-Service,49700
19032,Application-9,M_Req,missing_destination,34,Application-9-Service,EndDevice-9,Application-9-Service,49700
19050,Application-12,M_Req,missing_destination,37,Application-12-Service,EndDevice-12,Application-12-Service,49700
19072,Application-22,M_Req,missing_destination,47,Application-22-Service,EndDevice-22,Application-22-Service,49800
19073,Application-11,M_Req,missing_destination,36,Application-11-Service,EndDevice-11,Application-11-Service,49800
19075,Application-9,M_Req,missing_destination,34,Application-9-Service,EndDevice-9,Application-9-Service,49800
19138,Application-37,M_Req,missing_destination,62,Application-37-Service,EndDevice-37,Application-37-Service,50000
19153,Application-23,M_Req,missing_destination,48,Application-23-Service,EndDevice-23,Application-23-Service,50000
19154,Application-38,M_Req,missing_destination,63,Application-38-Service,EndDevice-38,Application-38-Service,50000
19158,Application-40,M_Req,missing_destination,65,Application-40-Service,EndDevice-40,Application-40-Service,50000
19167,Application-39,M_Req,missing_destination,64,Application-39-Service,EndDevice-39,Application-39-Service,50100
19186,Application-37,M_Req,missing_destination,62,Application-37-Service,EndDevice-37,Application-37-Service,50100
19201,Application-23,M_Req,missing_destination,48,Application-23-Service,EndDevice-23,Application-23-Service,50100
19202,Application-38,M_Req,missing_destination,63,Application-38-Service,EndDevice-38,Application-38-Service,50100
19206,Application-40,M_Req,missing_destination,65,Application-40-Service,EndDevice-40,Application-40-Service,50100
19215,Application-39,M_Req,missing_destination,64,Application-39-Service,EndDevice-39,Application-39-Service,50200
19230,Application-37,M_Req,missing_destination,62,Application-37-Service,EndDevice-37,Application-37-Service,50200
19243,Application-17,M_Req,missing_destination,42,Application-17-Service,EndDevice-17,Application-17-Service,50300
19253,Application-19,M_Req,missing_destination,44,Application-19-Service,EndDevice-19,Application-19-Service,50300
19257,Application-20,M_Req,missing_destination,45,Application-20-Service,EndDevice-20,Application-20-Service,50300
19259,Application-21,M_Req,missing_destination,46,Application-21-Service,EndDevice-21,Application-21-Service,50300
19263,Application-39,M_Req,missing_destination,64,Application-39-Service,EndDevice-39,Application-39-Service,50300
19278,Application-37,M_Req,missing_destination,62,Application-37-Service,EndDevice-37,Application-37-Service,50300
19280,Application-18,M_Req,missing_destination,43,Application-18-Service,EndDevice-18,Application-18-Service,50300
19297,Application-19,M_Req,missing_destination,44,Application-19-Service,EndDevice-19,Application-19-Service,50400
19300,Application-21,M_Req,missing_destination,46,Application-21-Service,EndDevice-21,Application-21-Service,50400
19304,Application-39,M_Req,missing_destination,64,Application-39-Service,EndDevice-39,Application-39-Service,50400
19352,Application-39,M_Req,missing_destination,64,Application-39-Service,EndDevice-39,Application-39-Service,50500
19369,Application-1,M_Req,missing_destination,26,Application-1-Service,EndDevice-1,Application-1-Service,50600
19378,Application-3,M_Req,missing_destination,28,Application-3-Service,EndDevice-3,Application-3-Service,50600
19379,Application-23,M_Req,missing_destination,48,Application-23-Service,EndDevice-23,Application-23-Service,50600
19380,Application-2,M_Req,missing_destination,27,Application-2-Service,EndDevice-2,Application-2-Service,50600
19386,Application-4,M_Req,missing_destination,29,Application-4-Service,EndDevice-4,Application-4-Service,50600
19417,Application-1,M_Req,missing_destination,26,Application-1-Service,EndDevice-1,Application-1-Service,50700
19426,Application-3,M_Req,missing_destination,28,Application-3-Service,EndDevice-3,Application-3-Service,50700
19427,Application-23,M_Req,missing_destination,48,Application-23-Service,EndDevice-23,Application-23-Service,50700
19428,Application-2,M_Req,missing_destination,27,Application-2-Service,EndDevice-2,Application-2-Service,50700
19434,Application-4,M_Req,missing_destination,29,Application-4-Service,EndDevice-4,Application-4-Service,50700
19461,Application-1,M_Req,missing_destination,26,Application-1-Service,EndDevice-1,Application-1-Service,50800
19472,Application-6,M_Req,missing_destination,31,Application-6-Service,EndDevice-6,Application-6-Service,50900
19479,Application-8,M_Req,missing_destination,33,Application-8-Service,EndDevice-8,Application-8-Service,50900
19502,Application-5,M_Req,missing_destination,30,Application-5-Service,EndDevice-5,Application-5-Service,50900
19503,Application-7,M_Req,missing_destination,32,Application-7-Service,EndDevice-7,Application-7-Service,50900
19507,Application-18,M_Req,missing_destination,43,Application-18-Service,EndDevice-18,Application-18-Service,50900
19508,Application-38,M_Req,missing_destination,63,Application-38-Service,EndDevice-38,Application-38-Service,50900
19509,Application-1,M_Req,missing_destination,26,Application-1-Service,EndDevice-1,Application-1-Service,50900
19522,Application-8,M_Req,missing_destination,33,Application-8-Service,EndDevice-8,Application-8-Service,51000
19570,Application-8,M_Req,missing_destination,33,Application-8-Service,EndDevice-8,Application-8-Service,51100
19597,Application-16,M_Req,missing_destination,41,Application-16-Service,EndDevice-16,Application-16-Service,51200
19612,Application-14,M_Req,missing_destination,39,Application-14-Service,EndDevice-14,Application-14-Service,51200
19627,Application-13,M_Req,missing_destination,38,Application-13-Service,EndDevice-13,Application-13-Service,51300
19645,Application-16,M_Req,missing_destination,41,Application-16-Service,EndDevice-16,Application-16-Service,51300
19660,Application-14,M_Req,missing_destination,39,Application-14-Service,EndDevice-14,Application-14-Service,51300
19720,Application-10,M_Req,missing_destination,35,Application-10-Service,EndDevice-10,Application-10-Service,51500
19721,Application-12,M_Req,missing_destination,37,Application-12-Service,EndDevice-12,Application-12-Service,51500
19722,Application-9,M_Req,missing_destination,34,Application-9-Service,EndDevice-9,Application-9-Service,51500
19723,Application-11,M_Req,missing_destination,36,Application-11-Service,EndDevice-11,Application-11-Service,51500
19762,Application-10,M_Req,missing_destination,35,Application-10-Service,EndDevice-10,Application-10-Service,51600
19763,Application-12,M_Req,missing_destination,37,Application-12-Service,EndDevice-12,Application-12-Service,51600
19764,Application-9,M_Req,missing_destination,34,Application-9-Service,EndDevice-9,Application-9-Service,51600
19765,Application-11,M_Req,missing_destination,36,Application-11-Service,EndDevice-11,Application-11-Service,51600
19831,Application-1,M_Req,missing_destination,26,Application-1-Service,EndDevice-1,Application-1-Service,51800
19838,Application-2,M_Req,missing_destination,27,Application-2-Service,EndDevice-2,Application-2-Service,51800
19844,Application-3,M_Req,missing_destination,28,Application-3-Service,EndDevice-3,Application-3-Service,51800
19845,Application-4,M_Req,missing_destination,29,Application-4-Service,EndDevice-4,Application-4-Service,51800
19879,Application-1,M_Req,missing_destination,26,Application-1-Service,EndDevice-1,Application-1-Service,51900
19886,Application-2,M_Req,missing_destination,27,Application-2-Service,EndDevice-2,Application-2-Service,51900
19892,Application-3,M_Req,missing_destination,28,Application-3-Service,EndDevice-3,Application-3-Service,51900
19893,Application-4,M_Req,missing_destination,29,Application-4-Service,EndDevice-4,Application-4-Service,51900
19922,Application-1,M_Req,missing_destination,26,Application-1-Service,EndDevice-1,Application-1-Service,52000
19928,Application-2,M_Req,missing_destination,27,Application-2-Service,EndDevice-2,Application-2-Service,52000
19929,Application-26,M_Req,missing_destination,51,Application-26-Service,EndDevice-26,Application-26-Service,52100
19930,Application-28,M_Req,missing_destination,53,Application-28-Service,EndDevice-28,Application-28-Service,52100
19937,Application-27,M_Req,missing_destination,52,Application-27-Service,EndDevice-27,Application-27-Service,52100
19938,Application-25,M_Req,missing_destination,50,Application-25-Service,EndDevice-25,Application-25-Service,52100
19940,Application-4,M_Req,missing_destination,29,Application-4-Service,EndDevice-4,Application-4-Service,52100
19968,Application-6,M_Req,missing_destination,31,Application-6-Service,EndDevice-6,Application-6-Service,52100
19970,Application-1,M_Req,missing_destination,26,Application-1-Service,EndDevice-1,Application-1-Service,52100
19976,Application-2,M_Req,missing_destination,27,Application-2-Service,EndDevice-2,Application-2-Service,52100
19977,Application-26,M_Req,missing_destination,51,Application-26-Service,EndDevice-26,Application-26-Service,52200
19978,Application-28,M_Req,missing_destination,53,Application-28-Service,EndDevice-28,Application-28-Service,52200
19981,Application-27,M_Req,missing_destination,52,Application-27-Service,EndDevice-27,Application-27-Service,52200
19982,Application-25,M_Req,missing_destination,50,Application-25-Service,EndDevice-25,Application-25-Service,52200
20025,Application-26,M_Req,missing_destination,51,Application-26-Service,EndDevice-26,Application-26-Service,52300
20026,Application-28,M_Req,missing_destination,53,Application-28-Service,EndDevice-28,Application-28-Service,52300
20029,Application-27,M_Req,missing_destination,52,Application-27-Service,EndDevice-27,Application-27-Service,52300
20030,Application-25,M_Req,missing_destination,50,Application-25-Service,EndDevice-25,Application-25-Service,52300
20055,Application-18,M_Req,missing_destination,43,Application-18-Service,EndDevice-18,Application-18-Service,52400
20067,Application-26,M_Req,missing_destination,51,Application-26-Service,EndDevice-26,Application-26-Service,52400
20068,Application-28,M_Req,missing_destination,53,Application-28-Service,EndDevice-28,Application-28-Service,52400
20071,Application-25,M_Req,missing_destination,50,Application-25-Service,EndDevice-25,Application-25-Service,52400
20073,Application-19,M_Req,missing_destination,44,Application-19-Service,EndDevice-19,Application-19-Service,52400
20078,Application-20,M_Req,missing_destination,45,Application-20-Service,EndDevice-20,Application-20-Service,52500
20084,Application-17,M_Req,missing_destination,42,Application-17-Service,EndDevice-17,Application-17-Service,52500
20103,Application-18,M_Req,missing_destination,43,Application-18-Service,EndDevice-18,Application-18-Service,52500
20115,Application-26,M_Req,missing_destination,51,Application-26-Service,EndDevice-26,Application-26-Service,52500
20116,Application-28,M_Req,missing_destination,53,Application-28-Service,EndDevice-28,Application-28-Service,52500
20119,Application-25,M_Req,missing_destination,50,Application-25-Service,EndDevice-25,Application-25-Service,52500
20121,Application-19,M_Req,missing_destination,44,Application-19-Service,EndDevice-19,Application-19-Service,52500
20125,Application-20,M_Req,missing_destination,45,Application-20-Service,EndDevice-20,Application-20-Service,52600
20130,Application-17,M_Req,missing_destination,42,Application-17-Service,EndDevice-17,Application-17-Service,52600
20146,Application-18,M_Req,missing_destination,43,Application-18-Service,EndDevice-18,Application-18-Service,52600
20160,Application-46,M_Req,missing_destination,71,Application-46-Service,EndDevice-46,Application-46-Service,52700
20173,Application-20,M_Req,missing_destination,45,Application-20-Service,EndDevice-20,Application-20-Service,52700
20178,Application-17,M_Req,missing_destination,42,Application-17-Service,EndDevice-17,Application-17-Service,52700
20186,Application-47,M_Req,missing_destination,72,Application-47-Service,EndDevice-47,Application-47-Service,52700
20189,Application-45,M_Req,missing_destination,70,Application-45-Service,EndDevice-45,Application-45-Service,52700
20194,Application-18,M_Req,missing_destination,43,Application-18-Service,EndDevice-18,Application-18-Service,52700
20199,Application-48,M_Req,missing_destination,73,Application-48-Service,EndDevice-48,Application-48-Service,52700
20217,Application-20,M_Req,missing_destination,45,Application-20-Service,EndDevice-20,Application-20-Service,52800
20222,Application-17,M_Req,missing_destination,42,Application-17-Service,EndDevice-17,Application-17-Service,52800
20228,Application-47,M_Req,missing_destination,72,Application-47-Service,EndDevice-47,Application-47-Service,52800
20265,Application-20,M_Req,missing_destination,45,Application-20-Service,EndDevice-20,Application-20-Service,52900
20270,Application-17,M_Req,missing_destination,42,Application-17-Service,EndDevice-17,Application-17-Service,52900
20292,Application-28,M_Req,missing_destination,53,Application-28-Service,EndDevice-28,Application-28-Service,53000
20300,Application-26,M_Req,missing_destination,51,Application-26-Service,EndDevice-26,Application-26-Service,53000
20340,Application-28,M_Req,missing_destination,53,Application-28-Service,EndDevice-28,Application-28-Service,53100
20348,Application-26,M_Req,missing_destination,51,Application-26-Service,EndDevice-26,Application-26-Service,53100
20384,Application-28,M_Req,missing_destination,53,Application-28-Service,EndDevice-28,Application-28-Service,53200
20396,Application-22,M_Req,missing_destination,47,Application-22-Service,EndDevice-22,Application-22-Service,53300
20399,Application-21,M_Req,missing_destination,46,Application-21-Service,EndDevice-21,Application-21-Service,53300
20408,Application-24,M_Req,missing_destination,49,Application-24-Service,EndDevice-24,Application-24-Service,53300
20417,Application-23,M_Req,missing_destination,48,Application-23-Service,EndDevice-23,Application-23-Service,53300
20432,Application-28,M_Req,missing_destination,53,Application-28-Service,EndDevice-28,Application-28-Service,53300
20441,Application-22,M_Req,missing_destination,47,Application-22-Service,EndDevice-22,Application-22-Service,53400
20444,Application-21,M_Req,missing_destination,46,Application-21-Service,EndDevice-21,Application-21-Service,53400
20453,Application-24,M_Req,missing_destination,49,Application-24-Service,EndDevice-24,Application-24-Service,53400
20461,Application-23,M_Req,missing_destination,48,Application-23-Service,EndDevice-23,Application-23-Service,53400
20489,Application-22,M_Req,missing_destination,47,Application-22-Service,EndDevice-22,Application-22-Service,53500
20492,Application-21,M_Req,missing_destination,46,Application-21-Service,EndDevice-21,Application-21-Service,53500
20501,Application-24,M_Req,missing_destination,49,Application-24-Service,EndDevice-24,Application-24-Service,53500
20509,Application-23,M_Req,missing_destination,48,Application-23-Service,EndDevice-23,Application-23-Service,53500
20512,Application-7,M_Req,missing_destination,32,Application-7-Service,EndDevice-7,Application-7-Service,53600
20516,Application-8,M_Req,missing_destination,33,Application-8-Service,EndDevice-8,Application-8-Service,53600
20524,Application-6,M_Req,missing_destination,31,Application-6-Service,EndDevice-6,Application-6-Service,53600
20531,Application-22,M_Req,missing_destination,47,Application-22-Service,EndDevice-22,Application-22-Service,53600
20533,Application-21,M_Req,missing_destination,46,Application-21-Service,EndDevice-21,Application-21-Service,53600
20546,Application-5,M_Req,missing_destination,30,Application-5-Service,EndDevice-5,Application-5-Service,53700
20560,Application-7,M_Req,missing_destination,32,Application-7-Service,EndDevice-7,Application-7-Service,53700
20564,Application-8,M_Req,missing_destination,33,Application-8-Service,EndDevice-8,Application-8-Service,53700
20572,Application-6,M_Req,missing_destination,31,Application-6-Service,EndDevice-6,Application-6-Service,53700
20579,Application-22,M_Req,missing_destination,47,Application-22-Service,EndDevice-22,Application-22-Service,53700
20581,Application-21,M_Req,missing_destination,46,Application-21-Service,EndDevice-21,Application-21-Service,53700
20630,Application-10,M_Req,missing_destination,35,Application-10-Service,EndDevice-10,Application-10-Service,53900
20644,Application-12,M_Req,missing_destination,37,Application-12-Service,EndDevice-12,Application-12-Service,53900
20646,Application-9,M_Req,missing_destination,34,Application-9-Service,EndDevice-9,Application-9-Service,53900
20653,Application-11,M_Req,missing_destination,36,Application-11-Service,EndDevice-11,Application-11-Service,53900
20674,Application-10,M_Req,missing_destination,35,Application-10-Service,EndDevice-10,Application-10-Service,54000
20686,Application-12,M_Req,missing_destination,37,Application-12-Service,EndDevice-12,Application-12-Service,54000
20742,Application-48,M_Req,missing_destination,73,Application-48-Service,EndDevice-48,Application-48-Service,54200
20749,Application-47,M_Req,missing_destination,72,Application-47-Service,EndDevice-47,Application-47-Service,54200
20752,Application-45,M_Req,missing_destination,70,Application-45-Service,EndDevice-45,Application-45-Service,54200
20790,Application-48,M_Req,missing_destination,73,Application-48-Service,EndDevice-48,Application-48-Service,54300
20797,Application-47,M_Req,missing_destination,72,Application-47-Service,EndDevice-47,Application-47-Service,54300
20800,Application-45,M_Req,missing_destination,70,Application-45-Service,EndDevice-45,Application-45-Service,54300
20847,Application-18,M_Req,missing_destination,43,Application-18-Service,EndDevice-18,Application-18-Service,54500
20853,Application-19,M_Req,missing_destination,44,Application-19-Service,EndDevice-19,Application-19-Service,54500
20862,Application-17,M_Req,missing_destination,42,Application-17-Service,EndDevice-17,Application-17-Service,54500
20875,Application-20,M_Req,missing_destination,45,Application-20-Service,EndDevice-20,Application-20-Service,54500
20880,Application-11,M_Req,missing_destination,36,Application-11-Service,EndDevice-11,Application-11-Service,54500
20895,Application-18,M_Req,missing_destination,43,Application-18-Service,EndDevice-18,Application-18-Service,54600
20900,Application-19,M_Req,missing_destination,44,Application-19-Service,EndDevice-19,Application-19-Service,54600
20907,Application-17,M_Req,missing_destination,42,Application-17-Service,EndDevice-17,Application-17-Service,54600
20917,Application-20,M_Req,missing_destination,45,Application-20-Service,EndDevice-20,Application-20-Service,54600
20978,Application-1,M_Req,missing_destination,26,Application-1-Service,EndDevice-1,Application-1-Service,54800
20999,Application-4,M_Req,missing_destination,29,Application-4-Service,EndDevice-4,Application-4-Service,54900
21026,Application-1,M_Req,missing_destination,26,Application-1-Service,EndDevice-1,Application-1-Service,54900
21083,Application-28,M_Req,missing_destination,53,Application-28-Service,EndDevice-28,Application-28-Service,55100
21095,Application-26,M_Req,missing_destination,51,Application-26-Service,EndDevice-26,Application-26-Service,55100
21097,Application-25,M_Req,missing_destination,50,Application-25-Service,EndDevice-25,Application-25-Service,55100
21098,Application-23,M_Req,missing_destination,48,Application-23-Service,EndDevice-23,Application-23-Service,55100
21106,Application-3,M_Req,missing_destination,28,Application-3-Service,EndDevice-3,Application-3-Service,55100
21119,Application-27,M_Req,missing_destination,52,Application-27-Service,EndDevice-27,Application-27-Service,55100
21129,Application-28,M_Req,missing_destination,53,Application-28-Service,EndDevice-28,Application-28-Service,55200
21137,Application-26,M_Req,missing_destination,51,Application-26-Service,EndDevice-26,Application-26-Service,55200
21139,Application-25,M_Req,missing_destination,50,Application-25-Service,EndDevice-25,Application-25-Service,55200
21140,Application-23,M_Req,missing_destination,48,Application-23-Service,EndDevice-23,Application-23-Service,55200
21147,Application-3,M_Req,missing_destination,28,Application-3-Service,EndDevice-3,Application-3-Service,55200
21177,Application-28,M_Req,missing_destination,53,Application-28-Service,EndDevice-28,Application-28-Service,55300
21185,Application-26,M_Req,missing_destination,51,Application-26-Service,EndDevice-26,Application-26-Service,55300
21187,Application-25,M_Req,missing_destination,50,Application-25-Service,EndDevice-25,Application-25-Service,55300
21188,Application-23,M_Req,missing_destination,48,Application-23-Service,EndDevice-23,Application-23-Service,55300
21195,Application-3,M_Req,missing_destination,28,Application-3-Service,EndDevice-3,Application-3-Service,55300
21201,Application-31,M_Req,missing_destination,56,Application-31-Service,EndDevice-31,Application-31-Service,55400
21212,Application-32,M_Req,missing_destination,57,Application-32-Service,EndDevice-32,Application-32-Service,55400
21216,Application-29,M_Req,missing_destination,54,Application-29-Service,EndDevice-29,Application-29-Service,55400
21220,Application-28,M_Req,missing_destination,53,Application-28-Service,EndDevice-28,Application-28-Service,55400
21227,Application-26,M_Req,missing_destination,51,Application-26-Service,EndDevice-26,Application-26-Service,55500
21234,Application-30,M_Req,missing_destination,55,Application-30-Service,EndDevice-30,Application-30-Service,55500
21249,Application-31,M_Req,missing_destination,56,Application-31-Service,EndDevice-31,Application-31-Service,55500
21260,Application-32,M_Req,missing_destination,57,Application-32-Service,EndDevice-32,Application-32-Service,55500
21264,Application-29,M_Req,missing_destination,54,Application-29-Service,EndDevice-29,Application-29-Service,55500
21268,Application-28,M_Req,missing_destination,53,Application-28-Service,EndDevice-28,Application-28-Service,55500
21275,Application-26,M_Req,missing_destination,51,Application-26-Service,EndDevice-26,Application-26-Service,55600
21282,Application-30,M_Req,missing_destination,55,Application-30-Service,EndDevice-30,Application-30-Service,55600
21295,Application-31,M_Req,missing_destination,56,Application-31-Service,EndDevice-31,Application-31-Service,55600
21304,Application-32,M_Req,missing_destination,57,Application-32-Service,EndDevice-32,Application-32-Service,55600
21314,Application-28,M_Req,missing_destination,53,Application-28-Service,EndDevice-28,Application-28-Service,55700
21323,Application-26,M_Req,missing_destination,51,Application-26-Service,EndDevice-26,Application-26-Service,55700
21330,Application-30,M_Req,missing_destination,55,Application-30-Service,EndDevice-30,Application-30-Service,55700
21343,Application-31,M_Req,missing_destination,56,Application-31-Service,EndDevice-31,Application-31-Service,55700
21352,Application-32,M_Req,missing_destination,57,Application-32-Service,EndDevice-32,Application-32-Service,55700
21360,Application-28,M_Req,missing_destination,53,Application-28-Service,EndDevice-28,Application-28-Service,55800
21369,Application-26,M_Req,missing_destination,51,Application-26-Service,EndDevice-26,Application-26-Service,55800
21417,Application-26,M_Req,missing_destination,51,Application-26-Service,EndDevice-26,Application-26-Service,55900
21437,Application-42,M_Req,missing_destination,67,Application-42-Service,EndDevice-42,Application-42-Service,56000
21460,Application-41,M_Req,missing_destination,66,Application-41-Service,EndDevice-41,Application-41-Service,56100
21465,Application-43,M_Req,missing_destination,68,Application-43-Service,EndDevice-43,Application-43-Service,56100
21485,Application-42,M_Req,missing_destination,67,Application-42-Service,EndDevice-42,Application-42-Service,56100
21507,Application-41,M_Req,missing_destination,66,Application-41-Service,EndDevice-41,Application-41-Service,56200
21512,Application-43,M_Req,missing_destination,68,Application-43-Service,EndDevice-43,Application-43-Service,56200
21527,Application-42,M_Req,missing_destination,67,Application-42-Service,EndDevice-42,Application-42-Service,56200
21534,Application-34,M_Req,missing_destination,59,Application-34-Service,EndDevice-34,Application-34-Service,56300
21538,Application-36,M_Req,missing_destination,61,Application-36-Service,EndDevice-36,Application-36-Service,56300
21551,Application-33,M_Req,missing_destination,58,Application-33-Service,EndDevice-33,Application-33-Service,56300
21555,Application-41,M_Req,missing_destination,66,Application-41-Service,EndDevice-41,Application-41-Service,56300
21560,Application-43,M_Req,missing_destination,68,Application-43-Service,EndDevice-43,Application-43-Service,56300
21575,Application-42,M_Req,missing_destination,67,Application-42-Service,EndDevice-42,Application-42-Service,56300
21577,Application-35,M_Req,missing_destination,60,Application-35-Service,EndDevice-35,Application-35-Service,56300
21582,Application-34,M_Req,missing_destination,59,Application-34-Service,EndDevice-34,Application-34-Service,56400
21586,Application-36,M_Req,missing_destination,61,Application-36-Service,EndDevice-36,Application-36-Service,56400
21597,Application-33,M_Req,missing_destination,58,Application-33-Service,EndDevice-33,Application-33-Service,56400
21603,Application-43,M_Req,missing_destination,68,Application-43-Service,EndDevice-43,Application-43-Service,56400
21651,Application-43,M_Req,missing_destination,68,Application-43-Service,EndDevice-43,Application-43-Service,56500
21677,Application-16,M_Req,missing_destination,41,Application-16-Service,EndDevice-16,Application-16-Service,56600
21686,Application-14,M_Req,missing_destination,39,Application-14-Service,EndDevice-14,Application-14-Service,56600
21695,Application-15,M_Req,missing_destination,40,Application-15-Service,EndDevice-15,Application-15-Service,56700
21698,Application-13,M_Req,missing_destination,38,Application-13-Service,EndDevice-13,Application-13-Service,56700
21725,Application-16,M_Req,missing_destination,41,Application-16-Service,EndDevice-16,Application-16-Service,56700
21734,Application-14,M_Req,missing_destination,39,Application-14-Service,EndDevice-14,Application-14-Service,56700
21742,Application-15,M_Req,missing_destination,40,Application-15-Service,EndDevice-15,Application-15-Service,56800
21745,Application-13,M_Req,missing_destination,38,Application-13-Service,EndDevice-13,Application-13-Service,56800
21784,Application-5,M_Req,missing_destination,30,Application-5-Service,EndDevice-5,Application-5-Service,56900
21790,Application-15,M_Req,missing_destination,40,Application-15-Service,EndDevice-15,Application-15-Service,56900
21793,Application-13,M_Req,missing_destination,38,Application-13-Service,EndDevice-13,Application-13-Service,56900
21797,Application-8,M_Req,missing_destination,33,Application-8-Service,EndDevice-8,Application-8-Service,56900
21805,Application-7,M_Req,missing_destination,32,Application-7-Service,EndDevice-7,Application-7-Service,56900
21807,Application-6,M_Req,missing_destination,31,Application-6-Service,EndDevice-6,Application-6-Service,56900
21826,Application-5,M_Req,missing_destination,30,Application-5-Service,EndDevice-5,Application-5-Service,57000
21832,Application-15,M_Req,missing_destination,40,Application-15-Service,EndDevice-15,Application-15-Service,57000
21835,Application-13,M_Req,missing_destination,38,Application-13-Service,EndDevice-13,Application-13-Service,57000
21838,Application-8,M_Req,missing_destination,33,Application-8-Service,EndDevice-8,Application-8-Service,57000
21874,Application-5,M_Req,missing_destination,30,Application-5-Service,EndDevice-5,Application-5-Service,57100
21886,Application-8,M_Req,missing_destination,33,Application-8-Service,EndDevice-8,Application-8-Service,57100
21897,Application-22,M_Req,missing_destination,47,Application-22-Service,EndDevice-22,Application-22-Service,57200
21916,Application-24,M_Req,missing_destination,49,Application-24-Service,EndDevice-24,Application-24-Service,57300
21918,Application-21,M_Req,missing_destination,46,Application-21-Service,EndDevice-21,Application-21-Service,57300
21945,Application-22,M_Req,missing_destination,47,Application-22-Service,EndDevice-22,Application-22-Service,57300
22011,Application-24,M_Req,missing_destination,49,Application-24-Service,EndDevice-24,Application-24-Service,57500
22012,Application-21,M_Req,missing_destination,46,Application-21-Service,EndDevice-21,Application-21-Service,57500
22036,Application-22,M_Req,missing_destination,47,Application-22-Service,EndDevice-22,Application-22-Service,57500
22058,Application-24,M_Req,missing_destination,49,Application-24-Service,EndDevice-24,Application-24-Service,57600
22059,Application-21,M_Req,missing_destination,46,Application-21-Service,EndDevice-21,Application-21-Service,57600
22148,Application-30,M_Req,missing_destination,55,Application-30-Service,EndDevice-30,Application-30-Service,57900
22151,Application-32,M_Req,missing_destination,57,Application-32-Service,EndDevice-32,Application-32-Service,57900
22155,Application-29,M_Req,missing_destination,54,Application-29-Service,EndDevice-29,Application-29-Service,57900
22220,Application-38,M_Req,missing_destination,63,Application-38-Service,EndDevice-38,Application-38-Service,58100
22232,Application-40,M_Req,missing_destination,65,Application-40-Service,EndDevice-40,Application-40-Service,58100
22247,Application-37,M_Req,missing_destination,62,Application-37-Service,EndDevice-37,Application-37-Service,58100
22251,Application-39,M_Req,missing_destination,64,Application-39-Service,EndDevice-39,Application-39-Service,58100
22268,Application-38,M_Req,missing_destination,63,Application-38-Service,EndDevice-38,Application-38-Service,58200
22279,Application-40,M_Req,missing_destination,65,Application-40-Service,EndDevice-40,Application-40-Service,58200
22293,Application-37,M_Req,missing_destination,62,Application-37-Service,EndDevice-37,Application-37-Service,58200
22316,Application-38,M_Req,missing_destination,63,Application-38-Service,EndDevice-38,Application-38-Service,58300
22327,Application-40,M_Req,missing_destination,65,Application-40-Service,EndDevice-40,Application-40-Service,58300
22341,Application-37,M_Req,missing_destination,62,Application-37-Service,EndDevice-37,Application-37-Service,58300
22351,Application-45,M_Req,missing_destination,70,Application-45-Service,EndDevice-45,Application-45-Service,58400
22362,Application-38,M_Req,missing_destination,63,Application-38-Service,EndDevice-38,Application-38-Service,58400
22363,Application-46,M_Req,missing_destination,71,Application-46-Service,EndDevice-46,Application-46-Service,58400
22369,Application-40,M_Req,missing_destination,65,Application-40-Service,EndDevice-40,Application-40-Service,58400
22399,Application-45,M_Req,missing_destination,70,Application-45-Service,EndDevice-45,Application-45-Service,58500
22410,Application-38,M_Req,missing_destination,63,Application-38-Service,EndDevice-38,Application-38-Service,58500
22411,Application-46,M_Req,missing_destination,71,Application-46-Service,EndDevice-46,Application-46-Service,58500
22417,Application-40,M_Req,missing_destination,65,Application-40-Service,EndDevice-40,Application-40-Service,58500
22460,Application-24,M_Req,missing_destination,49,Application-24-Service,EndDevice-24,Application-24-Service,58700
22464,Application-23,M_Req,missing_destination,48,Application-23-Service,EndDevice-23,Application-23-Service,58700
22467,Application-21,M_Req,missing_destination,46,Application-21-Service,EndDevice-21,Application-21-Service,58700
22483,Application-22,M_Req,missing_destination,47,Application-22-Service,EndDevice-22,Application-22-Service,58700
22505,Application-24,M_Req,missing_destination,49,Application-24-Service,EndDevice-24,Application-24-Service,58800
22508,Application-23,M_Req,missing_destination,48,Application-23-Service,EndDevice-23,Application-23-Service,58800
22509,Application-21,M_Req,missing_destination,46,Application-21-Service,EndDevice-21,Application-21-Service,58800
22523,Application-22,M_Req,missing_destination,47,Application-22-Service,EndDevice-22,Application-22-Service,58800
22579,Application-11,M_Req,missing_destination,36,Application-11-Service,EndDevice-11,Application-11-Service,59000
22588,Application-10,M_Req,missing_destination,35,Application-10-Service,EndDevice-10,Application-10-Service,59000
22608,Application-9,M_Req,missing_destination,34,Application-9-Service,EndDevice-9,Application-9-Service,59100
22610,Application-12,M_Req,missing_destination,37,Application-12-Service,EndDevice-12,Application-12-Service,59100
22627,Application-11,M_Req,missing_destination,36,Application-11-Service,EndDevice-11,Application-11-Service,59100
22636,Application-10,M_Req,missing_destination,35,Application-10-Service,EndDevice-10,Application-10-Service,59100
22655,Application-9,M_Req,missing_destination,34,Application-9-Service,EndDevice-9,Application-9-Service,59200
22657,Application-12,M_Req,missing_destination,37,Application-12-Service,EndDevice-12,Application-12-Service,59200
22676,Application-10,M_Req,missing_destination,35,Application-10-Service,EndDevice-10,Application-10-Service,59200
22698,Application-27,M_Req,missing_destination,52,Application-27-Service,EndDevice-27,Application-27-Service,59300
22703,Application-9,M_Req,missing_destination,34,Application-9-Service,EndDevice-9,Application-9-Service,59300
22705,Application-12,M_Req,missing_destination,37,Application-12-Service,EndDevice-12,Application-12-Service,59300
22708,Application-25,M_Req,missing_destination,50,Application-25-Service,EndDevice-25,Application-25-Service,59300
22718,Application-28,M_Req,missing_destination,53,Application-28-Service,EndDevice-28,Application-28-Service,59300
22720,Application-26,M_Req,missing_destination,51,Application-26-Service,EndDevice-26,Application-26-Service,59300
22724,Application-10,M_Req,missing_destination,35,Application-10-Service,EndDevice-10,Application-10-Service,59300
22741,Application-27,M_Req,missing_destination,52,Application-27-Service,EndDevice-27,Application-27-Service,59400
22746,Application-9,M_Req,missing_destination,34,Application-9-Service,EndDevice-9,Application-9-Service,59400
22748,Application-12,M_Req,missing_destination,37,Application-12-Service,EndDevice-12,Application-12-Service,59400
22751,Application-25,M_Req,missing_destination,50,Application-25-Service,EndDevice-25,Application-25-Service,59400
22789,Application-27,M_Req,missing_destination,52,Application-27-Service,EndDevice-27,Application-27-Service,59500
22799,Application-25,M_Req,missing_destination,50,Application-25-Service,EndDevice-25,Application-25-Service,59500
22808,Application-48,M_Req,missing_destination,73,Application-48-Service,EndDevice-48,Application-48-Service,59600
22816,Application-45,M_Req,missing_destination,70,Application-45-Service,EndDevice-45,Application-45-Service,59600
22819,Application-46,M_Req,missing_destination,71,Application-46-Service,EndDevice-46,Application-46-Service,59600
22830,Application-27,M_Req,missing_destination,52,Application-27-Service,EndDevice-27,Application-27-Service,59600
22836,Application-47,M_Req,missing_destination,72,Application-47-Service,EndDevice-47,Application-47-Service,59700
22856,Application-48,M_Req,missing_destination,73,Application-48-Service,EndDevice-48,Application-48-Service,59700
22864,Application-45,M_Req,missing_destination,70,Application-45-Service,EndDevice-45,Application-45-Service,59700
22867,Application-46,M_Req,missing_destination,71,Application-46-Service,EndDevice-46,Application-46-Service,59700
22878,Application-27,M_Req,missing_destination,52,Application-27-Service,EndDevice-27,Application-27-Service,59700
22910,Application-2,M_Req,missing_destination,27,Application-2-Service,EndDevice-2,Application-2-Service,59900
22918,Application-4,M_Req,missing_destination,29,Application-4-Service,EndDevice-4,Application-4-Service,59900
22928,Application-3,M_Req,missing_destination,28,Application-3-Service,EndDevice-3,Application-3-Service,59900
22934,Application-1,M_Req,missing_destination,26,Application-1-Service,EndDevice-1,Application-1-Service,59900
22957,Application-2,M_Req,missing_destination,27,Application-2-Service,EndDevice-2,Application-2-Service,60000
22965,Application-4,M_Req,missing_destination,29,Application-4-Service,EndDevice-4,Application-4-Service,60000
22973,Application-3,M_Req,missing_destination,28,Application-3-Service,EndDevice-3,Application-3-Service,60000
22978,Application-1,M_Req,missing_destination,26,Application-1-Service,EndDevice-1,Application-1-Service,60000
23005,Application-2,M_Req,missing_destination,27,Application-2-Service,EndDevice-2,Application-2-Service,60100
23013,Application-4,M_Req,missing_destination,29,Application-4-Service,EndDevice-4,Application-4-Service,60100
23021,Application-3,M_Req,missing_destination,28,Application-3-Service,EndDevice-3,Application-3-Service,60100
23026,Application-1,M_Req,missing_destination,26,Application-1-Service,EndDevice-1,Application-1-Service,60100
23051,Application-2,M_Req,missing_destination,27,Application-2-Service,EndDevice-2,Application-2-Service,60200
23053,Application-21,M_Req,missing_destination,46,Application-21-Service,EndDevice-21,Application-21-Service,60200
23070,Application-22,M_Req,missing_destination,47,Application-22-Service,EndDevice-22,Application-22-Service,60300
23072,Application-23,M_Req,missing_destination,48,Application-23-Service,EndDevice-23,Application-23-Service,60300
23099,Application-2,M_Req,missing_destination,27,Application-2-Service,EndDevice-2,Application-2-Service,60300
23101,Application-21,M_Req,missing_destination,46,Application-21-Service,EndDevice-21,Application-21-Service,60300
23116,Application-22,M_Req,missing_destination,47,Application-22-Service,EndDevice-22,Application-22-Service,60400
23117,Application-23,M_Req,missing_destination,48,Application-23-Service,EndDevice-23,Application-23-Service,60400
23142,Application-41,M_Req,missing_destination,66,Application-41-Service,EndDevice-41,Application-41-Service,60500
23152,Application-44,M_Req,missing_destination,69,Application-44-Service,EndDevice-44,Application-44-Service,60500
23154,Application-24,M_Req,missing_destination,49,Application-24-Service,EndDevice-24,Application-24-Service,60500
23164,Application-22,M_Req,missing_destination,47,Application-22-Service,EndDevice-22,Application-22-Service,60500
23165,Application-23,M_Req,missing_destination,48,Application-23-Service,EndDevice-23,Application-23-Service,60500
23175,Application-42,M_Req,missing_destination,67,Application-42-Service,EndDevice-42,Application-42-Service,60500
23178,Application-43,M_Req,missing_destination,68,Application-43-Service,EndDevice-43,Application-43-Service,60500
23188,Application-41,M_Req,missing_destination,66,Application-41-Service,EndDevice-41,Application-41-Service,60600
23196,Application-44,M_Req,missing_destination,69,Application-44-Service,EndDevice-44,Application-44-Service,60600
23198,Application-24,M_Req,missing_destination,49,Application-24-Service,EndDevice-24,Application-24-Service,60600
23208,Application-23,M_Req,missing_destination,48,Application-23-Service,EndDevice-23,Application-23-Service,60600
23236,Application-41,M_Req,missing_destination,66,Application-41-Service,EndDevice-41,Application-41-Service,60700
23244,Application-44,M_Req,missing_destination,69,Application-44-Service,EndDevice-44,Application-44-Service,60700
23246,Application-24,M_Req,missing_destination,49,Application-24-Service,EndDevice-24,Application-24-Service,60700
23266,Application-32,M_Req,missing_destination,57,Application-32-Service,EndDevice-32,Application-32-Service,60800
23267,Application-43,M_Req,missing_destination,68,Application-43-Service,EndDevice-43,Application-43-Service,60800
23277,Application-30,M_Req,missing_destination,55,Application-30-Service,EndDevice-30,Application-30-Service,60800
23281,Application-41,M_Req,missing_destination,66,Application-41-Service,EndDevice-41,Application-41-Service,60800
23286,Application-44,M_Req,missing_destination,69,Application-44-Service,EndDevice-44,Application-44-Service,60800
23288,Application-24,M_Req,missing_destination,49,Application-24-Service,EndDevice-24,Application-24-Service,60800
23314,Application-32,M_Req,missing_destination,57,Application-32-Service,EndDevice-32,Application-32-Service,60900
23315,Application-43,M_Req,missing_destination,68,Application-43-Service,EndDevice-43,Application-43-Service,60900
23325,Application-30,M_Req,missing_destination,55,Application-30-Service,EndDevice-30,Application-30-Service,60900
23329,Application-41,M_Req,missing_destination,66,Application-41-Service,EndDevice-41,Application-41-Service,60900
23334,Application-44,M_Req,missing_destination,69,Application-44-Service,EndDevice-44,Application-44-Service,60900
23336,Application-24,M_Req,missing_destination,49,Application-24-Service,EndDevice-24,Application-24-Service,60900
23371,Application-10,M_Req,missing_destination,35,Application-10-Service,EndDevice-10,Application-10-Service,61100
23374,Application-9,M_Req,missing_destination,34,Application-9-Service,EndDevice-9,Application-9-Service,61100
23398,Application-12,M_Req,missing_destination,37,Application-12-Service,EndDevice-12,Application-12-Service,61100
23408,Application-11,M_Req,missing_destination,36,Application-11-Service,EndDevice-11,Application-11-Service,61100
23419,Application-10,M_Req,missing_destination,35,Application-10-Service,EndDevice-10,Application-10-Service,61200
23422,Application-9,M_Req,missing_destination,34,Application-9-Service,EndDevice-9,Application-9-Service,61200
23441,Application-12,M_Req,missing_destination,37,Application-12-Service,EndDevice-12,Application-12-Service,61200
23508,Application-2,M_Req,missing_destination,27,Application-2-Service,EndDevice-2,Application-2-Service,61400
23521,Application-1,M_Req,missing_destination,26,Application-1-Service,EndDevice-1,Application-1-Service,61400
23525,Application-4,M_Req,missing_destination,29,Application-4-Service,EndDevice-4,Application-4-Service,61500
23531,Application-3,M_Req,missing_destination,28,Application-3-Service,EndDevice-3,Application-3-Service,61500
23556,Application-2,M_Req,missing_destination,27,Application-2-Service,EndDevice-2,Application-2-Service,61500
23569,Application-1,M_Req,missing_destination,26,Application-1-Service,EndDevice-1,Application-1-Service,61500
23607,Application-42,M_Req,missing_destination,67,Application-42-Service,EndDevice-42,Application-42-Service,61700
23625,Application-29,M_Req,missing_destination,54,Application-29-Service,EndDevice-29,Application-29-Service,61700
23629,Application-31,M_Req,missing_destination,56,Application-31-Service,EndDevice-31,Application-31-Service,61700
23638,Application-32,M_Req,missing_destination,57,Application-32-Service,EndDevice-32,Application-32-Service,61700
23641,Application-30,M_Req,missing_destination,55,Application-30-Service,EndDevice-30,Application-30-Service,61700
23655,Application-42,M_Req,missing_destination,67,Application-42-Service,EndDevice-42,Application-42-Service,61800
23670,Application-29,M_Req,missing_destination,54,Application-29-Service,EndDevice-29,Application-29-Service,61800
23673,Application-31,M_Req,missing_destination,56,Application-31-Service,EndDevice-31,Application-31-Service,61800
23746,Application-42,M_Req,missing_destination,67,Application-42-Service,EndDevice-42,Application-42-Service,62000
23758,Application-29,M_Req,missing_destination,54,Application-29-Service,EndDevice-29,Application-29-Service,62100
23761,Application-31,M_Req,missing_destination,56,Application-31-Service,EndDevice-31,Application-31-Service,62100
23794,Application-42,M_Req,missing_destination,67,Application-42-Service,EndDevice-42,Application-42-Service,62100
23847,Application-43,M_Req,missing_destination,68,Application-43-Service,EndDevice-43,Application-43-Service,62300
23854,Application-29,M_Req,missing_destination,54,Application-29-Service,EndDevice-29,Application-29-Service,62300
23857,Application-31,M_Req,missing_destination,56,Application-31-Service,EndDevice-31,Application-31-Service,62300
23892,Application-43,M_Req,missing_destination,68,Application-43-Service,EndDevice-43,Application-43-Service,62400
23899,Application-29,M_Req,missing_destination,54,Application-29-Service,EndDevice-29,Application-29-Service,62400
23960,Application-27,M_Req,missing_destination,52,Application-27-Service,EndDevice-27,Application-27-Service,62600
23983,Application-25,M_Req,missing_destination,50,Application-25-Service,EndDevice-25,Application-25-Service,62700
23984,Application-26,M_Req,missing_destination,51,Application-26-Service,EndDevice-26,Application-26-Service,62700
23990,Application-28,M_Req,missing_destination,53,Application-28-Service,EndDevice-28,Application-28-Service,62700
24008,Application-27,M_Req,missing_destination,52,Application-27-Service,EndDevice-27,Application-27-Service,62700
24031,Application-25,M_Req,missing_destination,50,Application-25-Service,EndDevice-25,Application-25-Service,62800
24036,Application-28,M_Req,missing_destination,53,Application-28-Service,EndDevice-28,Application-28-Service,62800
24051,Application-27,M_Req,missing_destination,52,Application-27-Service,EndDevice-27,Application-27-Service,62800
24068,Application-43,M_Req,missing_destination,68,Application-43-Service,EndDevice-43,Application-43-Service,62900
24073,Application-29,M_Req,missing_destination,54,Application-29-Service,EndDevice-29,Application-29-Service,62900
24076,Application-32,M_Req,missing_destination,57,Application-32-Service,EndDevice-32,Application-32-Service,62900
24079,Application-25,M_Req,missing_destination,50,Application-25-Service,EndDevice-25,Application-25-Service,62900
24084,Application-28,M_Req,missing_destination,53,Application-28-Service,EndDevice-28,Application-28-Service,62900
24099,Application-27,M_Req,missing_destination,52,Application-27-Service,EndDevice-27,Application-27-Service,62900
24116,Application-43,M_Req,missing_destination,68,Application-43-Service,EndDevice-43,Application-43-Service,63000
24119,Application-29,M_Req,missing_destination,54,Application-29-Service,EndDevice-29,Application-29-Service,63000
24120,Application-32,M_Req,missing_destination,57,Application-32-Service,EndDevice-32,Application-32-Service,63000
24122,Application-25,M_Req,missing_destination,50,Application-25-Service,EndDevice-25,Application-25-Service,63000
24127,Application-28,M_Req,missing_destination,53,Application-28-Service,EndDevice-28,Application-28-Service,63000
24170,Application-25,M_Req,missing_destination,50,Application-25-Service,EndDevice-25,Application-25-Service,63100
24175,Application-28,M_Req,missing_destination,53,Application-28-Service,EndDevice-28,Application-28-Service,63100
24204,Application-7,M_Req,missing_destination,32,Application-7-Service,EndDevice-7,Application-7-Service,63200
24218,Application-6,M_Req,missing_destination,31,Application-6-Service,EndDevice-6,Application-6-Service,63300
24220,Application-8,M_Req,missing_destination,33,Application-8-Service,EndDevice-8,Application-8-Service,63300
24252,Application-7,M_Req,missing_destination,32,Application-7-Service,EndDevice-7,Application-7-Service,63300
24299,Application-29,M_Req,missing_destination,54,Application-29-Service,EndDevice-29,Application-29-Service,63500
24310,Application-25,M_Req,missing_destination,50,Application-25-Service,EndDevice-25,Application-25-Service,63500
24322,Application-30,M_Req,missing_destination,55,Application-30-Service,EndDevice-30,Application-30-Service,63500
24324,Application-32,M_Req,missing_destination,57,Application-32-Service,EndDevice-32,Application-32-Service,63500
24364,Application-30,M_Req,missing_destination,55,Application-30-Service,EndDevice-30,Application-30-Service,63600
24365,Application-32,M_Req,missing_destination,57,Application-32-Service,EndDevice-32,Application-32-Service,63600
24426,Application-46,M_Req,missing_destination,71,Application-46-Service,EndDevice-46,Application-46-Service,63800
24449,Application-45,M_Req,missing_destination,70,Application-45-Service,EndDevice-45,Application-45-Service,63900
24455,Application-47,M_Req,missing_destination,72,Application-47-Service,EndDevice-47,Application-47-Service,63900
24474,Application-46,M_Req,missing_destination,71,Application-46-Service,EndDevice-46,Application-46-Service,63900
24494,Application-45,M_Req,missing_destination,70,Application-45-Service,EndDevice-45,Application-45-Service,64000
24498,Application-47,M_Req,missing_destination,72,Application-47-Service,EndDevice-47,Application-47-Service,64000
24515,Application-46,M_Req,missing_destination,71,Application-46-Service,EndDevice-46,Application-46-Service,64000
24527,Application-11,M_Req,missing_destination,36,Application-11-Service,EndDevice-11,Application-11-Service,64100
24528,Application-10,M_Req,missing_destination,35,Application-10-Service,EndDevice-10,Application-10-Service,64100
24538,Application-12,M_Req,missing_destination,37,Application-12-Service,EndDevice-12,Application-12-Service,64100
24542,Application-45,M_Req,missing_destination,70,Application-45-Service,EndDevice-45,Application-45-Service,64100
24546,Application-47,M_Req,missing_destination,72,Application-47-Service,EndDevice-47,Application-47-Service,64100
24547,Application-25,M_Req,missing_destination,50,Application-25-Service,EndDevice-25,Application-25-Service,64100
24548,Application-9,M_Req,missing_destination,34,Application-9-Service,EndDevice-9,Application-9-Service,64100
24553,Application-48,M_Req,missing_destination,73,Application-48-Service,EndDevice-48,Application-48-Service,64100
24563,Application-46,M_Req,missing_destination,71,Application-46-Service,EndDevice-46,Application-46-Service,64100
24573,Application-11,M_Req,missing_destination,36,Application-11-Service,EndDevice-11,Application-11-Service,64200
24574,Application-10,M_Req,missing_destination,35,Application-10-Service,EndDevice-10,Application-10-Service,64200
24582,Application-12,M_Req,missing_destination,37,Application-12-Service,EndDevice-12,Application-12-Service,64200
24585,Application-45,M_Req,missing_destination,70,Application-45-Service,EndDevice-45,Application-45-Service,64200
24588,Application-47,M_Req,missing_destination,72,Application-47-Service,EndDevice-47,Application-47-Service,64200
24589,Application-25,M_Req,missing_destination,50,Application-25-Service,EndDevice-25,Application-25-Service,64200
24590,Application-9,M_Req,missing_destination,34,Application-9-Service,EndDevice-9,Application-9-Service,64200
24594,Application-48,M_Req,missing_destination,73,Application-48-Service,EndDevice-48,Application-48-Service,64200
24621,Application-11,M_Req,missing_destination,36,Application-11-Service,EndDevice-11,Application-11-Service,64300
24622,Application-10,M_Req,missing_destination,35,Application-10-Service,EndDevice-10,Application-10-Service,64300
24630,Application-12,M_Req,missing_destination,37,Application-12-Service,EndDevice-12,Application-12-Service,64300
24637,Application-25,M_Req,missing_destination,50,Application-25-Service,EndDevice-25,Application-25-Service,64300
24638,Application-9,M_Req,missing_destination,34,Application-9-Service,EndDevice-9,Application-9-Service,64300
24642,Application-48,M_Req,missing_destination,73,Application-48-Service,EndDevice-48,Application-48-Service,64300
24665,Application-11,M_Req,missing_destination,36,Application-11-Service,EndDevice-11,Application-11-Service,64400
24666,Application-1,M_Req,missing_destination,26,Application-1-Service,EndDevice-1,Application-1-Service,64400
24675,Application-2,M_Req,missing_destination,27,Application-2-Service,EndDevice-2,Application-2-Service,64500
24680,Application-4,M_Req,missing_destination,29,Application-4-Service,EndDevice-4,Application-4-Service,64500
24713,Application-11,M_Req,missing_destination,36,Application-11-Service,EndDevice-11,Application-11-Service,64500
24714,Application-1,M_Req,missing_destination,26,Application-1-Service,EndDevice-1,Application-1-Service,64500
24722,Application-2,M_Req,missing_destination,27,Application-2-Service,EndDevice-2,Application-2-Service,64600
24727,Application-4,M_Req,missing_destination,29,Application-4-Service,EndDevice-4,Application-4-Service,64600
24765,Application-16,M_Req,missing_destination,41,Application-16-Service,EndDevice-16,Application-16-Service,64700
24770,Application-2,M_Req,missing_destination,27,Application-2-Service,EndDevice-2,Application-2-Service,64700
24773,Application-13,M_Req,missing_destination,38,Application-13-Service,EndDevice-13,Application-13-Service,64700
24775,Application-4,M_Req,missing_destination,29,Application-4-Service,EndDevice-4,Application-4-Service,64700
24786,Application-15,M_Req,missing_destination,40,Application-15-Service,EndDevice-15,Application-15-Service,64700
24788,Application-14,M_Req,missing_destination,39,Application-14-Service,EndDevice-14,Application-14-Service,64700
24809,Application-16,M_Req,missing_destination,41,Application-16-Service,EndDevice-16,Application-16-Service,64800
24812,Application-2,M_Req,missing_destination,27,Application-2-Service,EndDevice-2,Application-2-Service,64800
24815,Application-13,M_Req,missing_destination,38,Application-13-Service,EndDevice-13,Application-13-Service,64800
24816,Application-4,M_Req,missing_destination,29,Application-4-Service,EndDevice-4,Application-4-Service,64800
24857,Application-16,M_Req,missing_destination,41,Application-16-Service,EndDevice-16,Application-16-Service,64900
24863,Application-13,M_Req,missing_destination,38,Application-13-Service,EndDevice-13,Application-13-Service,64900
24879,Application-40,M_Req,missing_destination,65,Application-40-Service,EndDevice-40,Application-40-Service,65000
24899,Application-16,M_Req,missing_destination,41,Application-16-Service,EndDevice-16,Application-16-Service,65000
24911,Application-38,M_Req,missing_destination,63,Application-38-Service,EndDevice-38,Application-38-Service,65100
24927,Application-40,M_Req,missing_destination,65,Application-40-Service,EndDevice-40,Application-40-Service,65100
24947,Application-16,M_Req,missing_destination,41,Application-16-Service,EndDevice-16,Application-16-Service,65100
24982,Application-20,M_Req,missing_destination,45,Application-20-Service,EndDevice-20,Application-20-Service,65300
24984,Application-18,M_Req,missing_destination,43,Application-18-Service,EndDevice-18,Application-18-Service,65300
25013,Application-17,M_Req,missing_destination,42,Application-17-Service,EndDevice-17,Application-17-Service,65300
25021,Application-19,M_Req,missing_destination,44,Application-19-Service,EndDevice-19,Application-19-Service,65300
25029,Application-20,M_Req,missing_destination,45,Application-20-Service,EndDevice-20,Application-20-Service,65400
25031,Application-18,M_Req,missing_destination,43,Application-18-Service,EndDevice-18,Application-18-Service,65400
25105,Application-29,M_Req,missing_destination,54,Application-29-Service,EndDevice-29,Application-29-Service,65600
25127,Application-32,M_Req,missing_destination,57,Application-32-Service,EndDevice-32,Application-32-Service,65600
25131,Application-30,M_Req,missing_destination,55,Application-30-Service,EndDevice-30,Application-30-Service,65700
25140,Application-31,M_Req,missing_destination,56,Application-31-Service,EndDevice-31,Application-31-Service,65700
25153,Application-29,M_Req,missing_destination,54,Application-29-Service,EndDevice-29,Application-29-Service,65700
25175,Application-32,M_Req,missing_destination,57,Application-32-Service,EndDevice-32,Application-32-Service,65700
25179,Application-30,M_Req,missing_destination,55,Application-30-Service,EndDevice-30,Application-30-Service,65800
25187,Application-31,M_Req,missing_destination,56,Application-31-Service,EndDevice-31,Application-31-Service,65800
25198,Application-29,M_Req,missing_destination,54,Application-29-Service,EndDevice-29,Application-29-Service,65800
25223,Application-38,M_Req,missing_destination,63,Application-38-Service,EndDevice-38,Application-38-Service,65900
25227,Application-30,M_Req,missing_destination,55,Application-30-Service,EndDevice-30,Application-30-Service,65900
25235,Application-31,M_Req,missing_destination,56,Application-31-Service,EndDevice-31,Application-31-Service,65900
25237,Application-37,M_Req,missing_destination,62,Application-37-Service,EndDevice-37,Application-37-Service,65900
25240,Application-39,M_Req,missing_destination,64,Application-39-Service,EndDevice-39,Application-39-Service,65900
25243,Application-40,M_Req,missing_destination,65,Application-40-Service,EndDevice-40,Application-40-Service,65900
25246,Application-29,M_Req,missing_destination,54,Application-29-Service,EndDevice-29,Application-29-Service,65900
25249,Application-19,M_Req,missing_destination,44,Application-19-Service,EndDevice-19,Application-19-Service,65900
25267,Application-38,M_Req,missing_destination,63,Application-38-Service,EndDevice-38,Application-38-Service,66000
25270,Application-30,M_Req,missing_destination,55,Application-30-Service,EndDevice-30,Application-30-Service,66000
25277,Application-31,M_Req,missing_destination,56,Application-31-Service,EndDevice-31,Application-31-Service,66000
25281,Application-39,M_Req,missing_destination,64,Application-39-Service,EndDevice-39,Application-39-Service,66000
25284,Application-40,M_Req,missing_destination,65,Application-40-Service,EndDevice-40,Application-40-Service,66000
25318,Application-30,M_Req,missing_destination,55,Application-30-Service,EndDevice-30,Application-30-Service,66100
25325,Application-31,M_Req,missing_destination,56,Application-31-Service,EndDevice-31,Application-31-Service,66100
25355,Application-38,M_Req,missing_destination,63,Application-38-Service,EndDevice-38,Application-38-Service,66200
25369,Application-39,M_Req,missing_destination,64,Application-39-Service,EndDevice-39,Application-39-Service,66300
25403,Application-38,M_Req,missing_destination,63,Application-38-Service,EndDevice-38,Application-38-Service,66300
25440,Application-45,M_Req,missing_destination,70,Application-45-Service,EndDevice-45,Application-45-Service,66500
25454,Application-30,M_Req,missing_destination,55,Application-30-Service,EndDevice-30,Application-30-Service,66500
25461,Application-47,M_Req,missing_destination,72,Application-47-Service,EndDevice-47,Application-47-Service,66500
25466,Application-48,M_Req,missing_destination,73,Application-48-Service,EndDevice-48,Application-48-Service,66500
25483,Application-46,M_Req,missing_destination,71,Application-46-Service,EndDevice-46,Application-46-Service,66500
25486,Application-45,M_Req,missing_destination,70,Application-45-Service,EndDevice-45,Application-45-Service,66600
25497,Application-30,M_Req,missing_destination,55,Application-30-Service,EndDevice-30,Application-30-Service,66600
25508,Application-48,M_Req,missing_destination,73,Application-48-Service,EndDevice-48,Application-48-Service,66600
25534,Application-45,M_Req,missing_destination,70,Application-45-Service,EndDevice-45,Application-45-Service,66700
25545,Application-30,M_Req,missing_destination,55,Application-30-Service,EndDevice-30,Application-30-Service,66700
25556,Application-48,M_Req,missing_destination,73,Application-48-Service,EndDevice-48,Application-48-Service,66700
25570,Application-47,M_Req,missing_destination,72,Application-47-Service,EndDevice-47,Application-47-Service,66800
25577,Application-25,M_Req,missing_destination,50,Application-25-Service,EndDevice-25,Application-25-Service,66800
25578,Application-45,M_Req,missing_destination,70,Application-45-Service,EndDevice-45,Application-45-Service,66800
25590,Application-27,M_Req,missing_destination,52,Application-27-Service,EndDevice-27,Application-27-Service,66900
25598,Application-26,M_Req,missing_destination,51,Application-26-Service,EndDevice-26,Application-26-Service,66900
25618,Application-47,M_Req,missing_destination,72,Application-47-Service,EndDevice-47,Application-47-Service,66900
25625,Application-25,M_Req,missing_destination,50,Application-25-Service,EndDevice-25,Application-25-Service,66900
25626,Application-45,M_Req,missing_destination,70,Application-45-Service,EndDevice-45,Application-45-Service,66900
25638,Application-27,M_Req,missing_destination,52,Application-27-Service,EndDevice-27,Application-27-Service,67000
25644,Application-26,M_Req,missing_destination,51,Application-26-Service,EndDevice-26,Application-26-Service,67000
25663,Application-47,M_Req,missing_destination,72,Application-47-Service,EndDevice-47,Application-47-Service,67000
25677,Application-11,M_Req,missing_destination,36,Application-11-Service,EndDevice-11,Application-11-Service,67100
25683,Application-9,M_Req,missing_destination,34,Application-9-Service,EndDevice-9,Application-9-Service,67100
25685,Application-10,M_Req,missing_destination,35,Application-10-Service,EndDevice-10,Application-10-Service,67100
25686,Application-27,M_Req,missing_destination,52,Application-27-Service,EndDevice-27,Application-27-Service,67100
25692,Application-26,M_Req,missing_destination,51,Application-26-Service,EndDevice-26,Application-26-Service,67100
25697,Application-12,M_Req,missing_destination,37,Application-12-Service,EndDevice-12,Application-12-Service,67100
25711,Application-47,M_Req,missing_destination,72,Application-47-Service,EndDevice-47,Application-47-Service,67100
25723,Application-11,M_Req,missing_destination,36,Application-11-Service,EndDevice-11,Application-11-Service,67200
25727,Application-9,M_Req,missing_destination,34,Application-9-Service,EndDevice-9,Application-9-Service,67200
25729,Application-10,M_Req,missing_destination,35,Application-10-Service,EndDevice-10,Application-10-Service,67200
25730,Application-27,M_Req,missing_destination,52,Application-27-Service,EndDevice-27,Application-27-Service,67200
25734,Application-26,M_Req,missing_destination,51,Application-26-Service,EndDevice-26,Application-26-Service,67200
25739,Application-12,M_Req,missing_destination,37,Application-12-Service,EndDevice-12,Application-12-Service,67200
25778,Application-27,M_Req,missing_destination,52,Application-27-Service,EndDevice-27,Application-27-Service,67300
25782,Application-26,M_Req,missing_destination,51,Application-26-Service,EndDevice-26,Application-26-Service,67300
25803,Application-36,M_Req,missing_destination,61,Application-36-Service,EndDevice-36,Application-36-Service,67400
25826,Application-35,M_Req,missing_destination,60,Application-35-Service,EndDevice-35,Application-35-Service,67500
25828,Application-34,M_Req,missing_destination,59,Application-34-Service,EndDevice-34,Application-34-Service,67500
25851,Application-36,M_Req,missing_destination,61,Application-36-Service,EndDevice-36,Application-36-Service,67500
25870,Application-35,M_Req,missing_destination,60,Application-35-Service,EndDevice-35,Application-35-Service,67600
25872,Application-34,M_Req,missing_destination,59,Application-34-Service,EndDevice-34,Application-34-Service,67600
25892,Application-36,M_Req,missing_destination,61,Application-36-Service,EndDevice-36,Application-36-Service,67600
25905,Application-38,M_Req,missing_destination,63,Application-38-Service,EndDevice-38,Application-38-Service,67700
25917,Application-40,M_Req,missing_destination,65,Application-40-Service,EndDevice-40,Application-40-Service,67700
25918,Application-35,M_Req,missing_destination,60,Application-35-Service,EndDevice-35,Application-35-Service,67700
25920,Application-34,M_Req,missing_destination,59,Application-34-Service,EndDevice-34,Application-34-Service,67700
25924,Application-39,M_Req,missing_destination,64,Application-39-Service,EndDevice-39,Application-39-Service,67700
25937,Application-37,M_Req,missing_destination,62,Application-37-Service,EndDevice-37,Application-37-Service,67700
25940,Application-36,M_Req,missing_destination,61,Application-36-Service,EndDevice-36,Application-36-Service,67700
25951,Application-38,M_Req,missing_destination,63,Application-38-Service,EndDevice-38,Application-38-Service,67800
25963,Application-40,M_Req,missing_destination,65,Application-40-Service,EndDevice-40,Application-40-Service,67800
25964,Application-35,M_Req,missing_destination,60,Application-35-Service,EndDevice-35,Application-35-Service,67800
25966,Application-34,M_Req,missing_destination,59,Application-34-Service,EndDevice-34,Application-34-Service,67800
25969,Application-39,M_Req,missing_destination,64,Application-39-Service,EndDevice-39,Application-39-Service,67800
26012,Application-35,M_Req,missing_destination,60,Application-35-Service,EndDevice-35,Application-35-Service,67900
26014,Application-34,M_Req,missing_destination,59,Application-34-Service,EndDevice-34,Application-34-Service,67900
26027,Application-7,M_Req,missing_destination,32,Application-7-Service,EndDevice-7,Application-7-Service,68000
26028,Application-8,M_Req,missing_destination,33,Application-8-Service,EndDevice-8,Application-8-Service,68000
26038,Application-25,M_Req,missing_destination,50,Application-25-Service,EndDevice-25,Application-25-Service,68000
26040,Application-5,M_Req,missing_destination,30,Application-5-Service,EndDevice-5,Application-5-Service,68000
26075,Application-7,M_Req,missing_destination,32,Application-7-Service,EndDevice-7,Application-7-Service,68100
26076,Application-8,M_Req,missing_destination,33,Application-8-Service,EndDevice-8,Application-8-Service,68100
26086,Application-25,M_Req,missing_destination,50,Application-25-Service,EndDevice-25,Application-25-Service,68100
26088,Application-5,M_Req,missing_destination,30,Application-5-Service,EndDevice-5,Application-5-Service,68100
26127,Application-16,M_Req,missing_destination,41,Application-16-Service,EndDevice-16,Application-16-Service,68300
26139,Application-14,M_Req,missing_destination,39,Application-14-Service,EndDevice-14,Application-14-Service,68300
26154,Application-13,M_Req,missing_destination,38,Application-13-Service,EndDevice-13,Application-13-Service,68300
26161,Application-15,M_Req,missing_destination,40,Application-15-Service,EndDevice-15,Application-15-Service,68300
26164,Application-37,M_Req,missing_destination,62,Application-37-Service,EndDevice-37,Application-37-Service,68300
26174,Application-16,M_Req,missing_destination,41,Application-16-Service,EndDevice-16,Application-16-Service,68400
26184,Application-14,M_Req,missing_destination,39,Application-14-Service,EndDevice-14,Application-14-Service,68400
26196,Application-13,M_Req,missing_destination,38,Application-13-Service,EndDevice-13,Application-13-Service,68400
26253,Application-7,M_Req,missing_destination,32,Application-7-Service,EndDevice-7,Application-7-Service,68600
26254,Application-8,M_Req,missing_destination,33,Application-8-Service,EndDevice-8,Application-8-Service,68600
26261,Application-34,M_Req,missing_destination,59,Application-34-Service,EndDevice-34,Application-34-Service,68600
26287,Application-33,M_Req,missing_destination,58,Application-33-Service,EndDevice-33,Application-33-Service,68700
26288,Application-6,M_Req,missing_destination,31,Application-6-Service,EndDevice-6,Application-6-Service,68700
26301,Application-7,M_Req,missing_destination,32,Application-7-Service,EndDevice-7,Application-7-Service,68700
26302,Application-8,M_Req,missing_destination,33,Application-8-Service,EndDevice-8,Application-8-Service,68700
26309,Application-34,M_Req,missing_destination,59,Application-34-Service,EndDevice-34,Application-34-Service,68700
26334,Application-33,M_Req,missing_destination,58,Application-33-Service,EndDevice-33,Application-33-Service,68800
26335,Application-6,M_Req,missing_destination,31,Application-6-Service,EndDevice-6,Application-6-Service,68800
26356,Application-42,M_Req,missing_destination,67,Application-42-Service,EndDevice-42,Application-42-Service,68900
26361,Application-44,M_Req,missing_destination,69,Application-44-Service,EndDevice-44,Application-44-Service,68900
26382,Application-33,M_Req,missing_destination,58,Application-33-Service,EndDevice-33,Application-33-Service,68900
26383,Application-6,M_Req,missing_destination,31,Application-6-Service,EndDevice-6,Application-6-Service,68900
26387,Application-41,M_Req,missing_destination,66,Application-41-Service,EndDevice-41,Application-41-Service,68900
26401,Application-43,M_Req,missing_destination,68,Application-43-Service,EndDevice-43,Application-43-Service,68900
26403,Application-42,M_Req,missing_destination,67,Application-42-Service,EndDevice-42,Application-42-Service,69000
26407,Application-44,M_Req,missing_destination,69,Application-44-Service,EndDevice-44,Application-44-Service,69000
26425,Application-33,M_Req,missing_destination,58,Application-33-Service,EndDevice-33,Application-33-Service,69000
26427,Application-41,M_Req,missing_destination,66,Application-41-Service,EndDevice-41,Application-41-Service,69000
26451,Application-42,M_Req,missing_destination,67,Application-42-Service,EndDevice-42,Application-42-Service,69100
26455,Application-44,M_Req,missing_destination,69,Application-44-Service,EndDevice-44,Application-44-Service,69100
26475,Application-41,M_Req,missing_destination,66,Application-41-Service,EndDevice-41,Application-41-Service,69100
26484,Application-25,M_Req,missing_destination,50,Application-25-Service,EndDevice-25,Application-25-Service,69200
26497,Application-27,M_Req,missing_destination,52,Application-27-Service,EndDevice-27,Application-27-Service,69200
26498,Application-44,M_Req,missing_destination,69,Application-44-Service,EndDevice-44,Application-44-Service,69200
26500,Application-26,M_Req,missing_destination,51,Application-26-Service,EndDevice-26,Application-26-Service,69200
26512,Application-28,M_Req,missing_destination,53,Application-28-Service,EndDevice-28,Application-28-Service,69300
26532,Application-25,M_Req,missing_destination,50,Application-25-Service,EndDevice-25,Application-25-Service,69300
26545,Application-27,M_Req,missing_destination,52,Application-27-Service,EndDevice-27,Application-27-Service,69300
26546,Application-44,M_Req,missing_destination,69,Application-44-Service,EndDevice-44,Application-44-Service,69300
26548,Application-26,M_Req,missing_destination,51,Application-26-Service,EndDevice-26,Application-26-Service,69300
26603,Application-29,M_Req,missing_destination,54,Application-29-Service,EndDevice-29,Application-29-Service,69500
26605,Application-32,M_Req,missing_destination,57,Application-32-Service,EndDevice-32,Application-32-Service,69500
26612,Application-42,M_Req,missing_destination,67,Application-42-Service,EndDevice-42,Application-42-Service,69500
26614,Application-31,M_Req,missing_destination,56,Application-31-Service,EndDevice-31,Application-31-Service,69500
26630,Application-30,M_Req,missing_destination,55,Application-30-Service,EndDevice-30,Application-30-Service,69500
26646,Application-29,M_Req,missing_destination,54,Application-29-Service,EndDevice-29,Application-29-Service,69600
26648,Application-32,M_Req,missing_destination,57,Application-32-Service,EndDevice-32,Application-32-Service,69600
26655,Application-42,M_Req,missing_destination,67,Application-42-Service,EndDevice-42,Application-42-Service,69600
26657,Application-31,M_Req,missing_destination,56,Application-31-Service,EndDevice-31,Application-31-Service,69600
26739,Application-13,M_Req,missing_destination,38,Application-13-Service,EndDevice-13,Application-13-Service,69900
26747,Application-16,M_Req,missing_destination,41,Application-16-Service,EndDevice-16,Application-16-Service,69900
26831,Application-14,M_Req,missing_destination,39,Application-14-Service,EndDevice-14,Application-14-Service,70100
26834,Application-13,M_Req,missing_destination,38,Application-13-Service,EndDevice-13,Application-13-Service,70100
26841,Application-16,M_Req,missing_destination,41,Application-16-Service,EndDevice-16,Application-16-Service,70100
26877,Application-14,M_Req,missing_destination,39,Application-14-Service,EndDevice-14,Application-14-Service,70200
26884,Application-16,M_Req,missing_destination,41,Application-16-Service,EndDevice-16,Application-16-Service,70200
26925,Application-14,M_Req,missing_destination,39,Application-14-Service,EndDevice-14,Application-14-Service,70300
26932,Application-16,M_Req,missing_destination,41,Application-16-Service,EndDevice-16,Application-16-Service,70300
26941,Application-17,M_Req,missing_destination,42,Application-17-Service,EndDevice-17,Application-17-Service,70400
26947,Application-18,M_Req,missing_destination,43,Application-18-Service,EndDevice-18,Application-18-Service,70400
26960,Application-20,M_Req,missing_destination,45,Application-20-Service,EndDevice-20,Application-20-Service,70400
26967,Application-14,M_Req,missing_destination,39,Application-14-Service,EndDevice-14,Application-14-Service,70400
26989,Application-17,M_Req,missing_destination,42,Application-17-Service,EndDevice-17,Application-17-Service,70500
26995,Application-18,M_Req,missing_destination,43,Application-18-Service,EndDevice-18,Application-18-Service,70500
27008,Application-20,M_Req,missing_destination,45,Application-20-Service,EndDevice-20,Application-20-Service,70500
27015,Application-14,M_Req,missing_destination,39,Application-14-Service,EndDevice-14,Application-14-Service,70500
27036,Application-17,M_Req,missing_destination,42,Application-17-Service,EndDevice-17,Application-17-Service,70600
27045,Application-7,M_Req,missing_destination,32,Application-7-Service,EndDevice-7,Application-7-Service,70700
27053,Application-6,M_Req,missing_destination,31,Application-6-Service,EndDevice-6,Application-6-Service,70700
27071,Application-8,M_Req,missing_destination,33,Application-8-Service,EndDevice-8,Application-8-Service,70700
27072,Application-5,M_Req,missing_destination,30,Application-5-Service,EndDevice-5,Application-5-Service,70700
27084,Application-17,M_Req,missing_destination,42,Application-17-Service,EndDevice-17,Application-17-Service,70700
27093,Application-7,M_Req,missing_destination,32,Application-7-Service,EndDevice-7,Application-7-Service,70800
27099,Application-6,M_Req,missing_destination,31,Application-6-Service,EndDevice-6,Application-6-Service,70800
27113,Application-8,M_Req,missing_destination,33,Application-8-Service,EndDevice-8,Application-8-Service,70800
27114,Application-5,M_Req,missing_destination,30,Application-5-Service,EndDevice-5,Application-5-Service,70800
27170,Application-24,M_Req,missing_destination,49,Application-24-Service,EndDevice-24,Application-24-Service,71000
27177,Application-19,M_Req,missing_destination,44,Application-19-Service,EndDevice-19,Application-19-Service,71000
27178,Application-18,M_Req,missing_destination,43,Application-18-Service,EndDevice-18,Application-18-Service,71000
27187,Application-22,M_Req,missing_destination,47,Application-22-Service,EndDevice-22,Application-22-Service,71000
27196,Application-23,M_Req,missing_destination,48,Application-23-Service,EndDevice-23,Application-23-Service,71100
27208,Application-21,M_Req,missing_destination,46,Application-21-Service,EndDevice-21,Application-21-Service,71100
27218,Application-24,M_Req,missing_destination,49,Application-24-Service,EndDevice-24,Application-24-Service,71100
27225,Application-19,M_Req,missing_destination,44,Application-19-Service,EndDevice-19,Application-19-Service,71100
27226,Application-18,M_Req,missing_destination,43,Application-18-Service,EndDevice-18,Application-18-Service,71100
27235,Application-22,M_Req,missing_destination,47,Application-22-Service,EndDevice-22,Application-22-Service,71100
27253,Application-21,M_Req,missing_destination,46,Application-21-Service,EndDevice-21,Application-21-Service,71200
27261,Application-24,M_Req,missing_destination,49,Application-24-Service,EndDevice-24,Application-24-Service,71200
27266,Application-19,M_Req,missing_destination,44,Application-19-Service,EndDevice-19,Application-19-Service,71200
27267,Application-18,M_Req,missing_destination,43,Application-18-Service,EndDevice-18,Application-18-Service,71200
27285,Application-36,M_Req,missing_destination,61,Application-36-Service,EndDevice-36,Application-36-Service,71300
27287,Application-35,M_Req,missing_destination,60,Application-35-Service,EndDevice-35,Application-35-Service,71300
27300,Application-34,M_Req,missing_destination,59,Application-34-Service,EndDevice-34,Application-34-Service,71300
27301,Application-21,M_Req,missing_destination,46,Application-21-Service,EndDevice-21,Application-21-Service,71300
27302,Application-33,M_Req,missing_destination,58,Application-33-Service,EndDevice-33,Application-33-Service,71300
27309,Application-24,M_Req,missing_destination,49,Application-24-Service,EndDevice-24,Application-24-Service,71300
27314,Application-19,M_Req,missing_destination,44,Application-19-Service,EndDevice-19,Application-19-Service,71300
27315,Application-18,M_Req,missing_destination,43,Application-18-Service,EndDevice-18,Application-18-Service,71300
27317,Application-20,M_Req,missing_destination,45,Application-20-Service,EndDevice-20,Application-20-Service,71300
27330,Application-36,M_Req,missing_destination,61,Application-36-Service,EndDevice-36,Application-36-Service,71400
27332,Application-35,M_Req,missing_destination,60,Application-35-Service,EndDevice-35,Application-35-Service,71400
27342,Application-34,M_Req,missing_destination,59,Application-34-Service,EndDevice-34,Application-34-Service,71400
27343,Application-21,M_Req,missing_destination,46,Application-21-Service,EndDevice-21,Application-21-Service,71400
27344,Application-33,M_Req,missing_destination,58,Application-33-Service,EndDevice-33,Application-33-Service,71400
27391,Application-21,M_Req,missing_destination,46,Application-21-Service,EndDevice-21,Application-21-Service,71500
27423,Application-35,M_Req,missing_destination,60,Application-35-Service,EndDevice-35,Application-35-Service,71600
27430,Application-34,M_Req,missing_destination,59,Application-34-Service,EndDevice-34,Application-34-Service,71700
27431,Application-33,M_Req,missing_destination,58,Application-33-Service,EndDevice-33,Application-33-Service,71700
27471,Application-35,M_Req,missing_destination,60,Application-35-Service,EndDevice-35,Application-35-Service,71700
27508,Application-43,M_Req,missing_destination,68,Application-43-Service,EndDevice-43,Application-43-Service,71900
27515,Application-41,M_Req,missing_destination,66,Application-41-Service,EndDevice-41,Application-41-Service,71900
27517,Application-21,M_Req,missing_destination,46,Application-21-Service,EndDevice-21,Application-21-Service,71900
27528,Application-44,M_Req,missing_destination,69,Application-44-Service,EndDevice-44,Application-44-Service,71900
27547,Application-42,M_Req,missing_destination,67,Application-42-Service,EndDevice-42,Application-42-Service,71900
27555,Application-43,M_Req,missing_destination,68,Application-43-Service,EndDevice-43,Application-43-Service,72000
27561,Application-41,M_Req,missing_destination,66,Application-41-Service,EndDevice-41,Application-41-Service,72000
27563,Application-21,M_Req,missing_destination,46,Application-21-Service,EndDevice-21,Application-21-Service,72000
27573,Application-44,M_Req,missing_destination,69,Application-44-Service,EndDevice-44,Application-44-Service,72000
27634,Application-10,M_Req,missing_destination,35,Application-10-Service,EndDevice-10,Application-10-Service,72200
27636,Application-9,M_Req,missing_destination,34,Application-9-Service,EndDevice-9,Application-9-Service,72200
27666,Application-11,M_Req,missing_destination,36,Application-11-Service,EndDevice-11,Application-11-Service,72300
27682,Application-10,M_Req,missing_destination,35,Application-10-Service,EndDevice-10,Application-10-Service,72300
27684,Application-9,M_Req,missing_destination,34,Application-9-Service,EndDevice-9,Application-9-Service,72300
27758,Application-19,M_Req,missing_destination,44,Application-19-Service,EndDevice-19,Application-19-Service,72500
27763,Application-18,M_Req,missing_destination,43,Application-18-Service,EndDevice-18,Application-18-Service,72500
27769,Application-12,M_Req,missing_destination,37,Application-12-Service,EndDevice-12,Application-12-Service,72500
27770,Application-20,M_Req,missing_destination,45,Application-20-Service,EndDevice-20,Application-20-Service,72500
27771,Application-17,M_Req,missing_destination,42,Application-17-Service,EndDevice-17,Application-17-Service,72500
27801,Application-19,M_Req,missing_destination,44,Application-19-Service,EndDevice-19,Application-19-Service,72600
27806,Application-18,M_Req,missing_destination,43,Application-18-Service,EndDevice-18,Application-18-Service,72600
27849,Application-19,M_Req,missing_destination,44,Application-19-Service,EndDevice-19,Application-19-Service,72700
27854,Application-18,M_Req,missing_destination,43,Application-18-Service,EndDevice-18,Application-18-Service,72700
27868,Application-32,M_Req,missing_destination,57,Application-32-Service,EndDevice-32,Application-32-Service,72800
27873,Application-31,M_Req,missing_destination,56,Application-31-Service,EndDevice-31,Application-31-Service,72800
27883,Application-29,M_Req,missing_destination,54,Application-29-Service,EndDevice-29,Application-29-Service,72800
27916,Application-32,M_Req,missing_destination,57,Application-32-Service,EndDevice-32,Application-32-Service,72900
27921,Application-31,M_Req,missing_destination,56,Application-31-Service,EndDevice-31,Application-31-Service,72900
27931,Application-29,M_Req,missing_destination,54,Application-29-Service,EndDevice-29,Application-29-Service,72900
27956,Application-32,M_Req,missing_destination,57,Application-32-Service,EndDevice-32,Application-32-Service,73000
27957,Application-1,M_Req,missing_destination,26,Application-1-Service,EndDevice-1,Application-1-Service,73100
27994,Application-4,M_Req,missing_destination,29,Application-4-Service,EndDevice-4,Application-4-Service,73100
28001,Application-3,M_Req,missing_destination,28,Application-3-Service,EndDevice-3,Application-3-Service,73100
28003,Application-2,M_Req,missing_destination,27,Application-2-Service,EndDevice-2,Application-2-Service,73100
28004,Application-32,M_Req,missing_destination,57,Application-32-Service,EndDevice-32,Application-32-Service,73100
28005,Application-1,M_Req,missing_destination,26,Application-1-Service,EndDevice-1,Application-1-Service,73200
28053,Application-1,M_Req,missing_destination,26,Application-1-Service,EndDevice-1,Application-1-Service,73300
28093,Application-32,M_Req,missing_destination,57,Application-32-Service,EndDevice-32,Application-32-Service,73400
28095,Application-27,M_Req,missing_destination,52,Application-27-Service,EndDevice-27,Application-27-Service,73400
28101,Application-1,M_Req,missing_destination,26,Application-1-Service,EndDevice-1,Application-1-Service,73400
28119,Application-26,M_Req,missing_destination,51,Application-26-Service,EndDevice-26,Application-26-Service,73500
28141,Application-32,M_Req,missing_destination,57,Application-32-Service,EndDevice-32,Application-32-Service,73500
28143,Application-27,M_Req,missing_destination,52,Application-27-Service,EndDevice-27,Application-27-Service,73500
28149,Application-1,M_Req,missing_destination,26,Application-1-Service,EndDevice-1,Application-1-Service,73500
28183,Application-32,M_Req,missing_destination,57,Application-32-Service,EndDevice-32,Application-32-Service,73600
28185,Application-27,M_Req,missing_destination,52,Application-27-Service,EndDevice-27,Application-27-Service,73600
28197,Application-33,M_Req,missing_destination,58,Application-33-Service,EndDevice-33,Application-33-Service,73700
28202,Application-35,M_Req,missing_destination,60,Application-35-Service,EndDevice-35,Application-35-Service,73700
28204,Application-34,M_Req,missing_destination,59,Application-34-Service,EndDevice-34,Application-34-Service,73700
28206,Application-28,M_Req,missing_destination,53,Application-28-Service,EndDevice-28,Application-28-Service,73700
28223,Application-36,M_Req,missing_destination,61,Application-36-Service,EndDevice-36,Application-36-Service,73700
28231,Application-32,M_Req,missing_destination,57,Application-32-Service,EndDevice-32,Application-32-Service,73700
28233,Application-27,M_Req,missing_destination,52,Application-27-Service,EndDevice-27,Application-27-Service,73700
28249,Application-35,M_Req,missing_destination,60,Application-35-Service,EndDevice-35,Application-35-Service,73800
28252,Application-28,M_Req,missing_destination,53,Application-28-Service,EndDevice-28,Application-28-Service,73800
28264,Application-36,M_Req,missing_destination,61,Application-36-Service,EndDevice-36,Application-36-Service,73800
28297,Application-35,M_Req,missing_destination,60,Application-35-Service,EndDevice-35,Application-35-Service,73900
28300,Application-28,M_Req,missing_destination,53,Application-28-Service,EndDevice-28,Application-28-Service,73900
28312,Application-36,M_Req,missing_destination,61,Application-36-Service,EndDevice-36,Application-36-Service,73900
28326,Application-33,M_Req,missing_destination,58,Application-33-Service,EndDevice-33,Application-33-Service,74000
28328,Application-47,M_Req,missing_destination,72,Application-47-Service,EndDevice-47,Application-47-Service,74000
28334,Application-48,M_Req,missing_destination,73,Application-48-Service,EndDevice-48,Application-48-Service,74000
28337,Application-35,M_Req,missing_destination,60,Application-35-Service,EndDevice-35,Application-35-Service,74000
28340,Application-28,M_Req,missing_destination,53,Application-28-Service,EndDevice-28,Application-28-Service,74000
28342,Application-46,M_Req,missing_destination,71,Application-46-Service,EndDevice-46,Application-46-Service,74000
28351,Application-36,M_Req,missing_destination,61,Application-36-Service,EndDevice-36,Application-36-Service,74100
28374,Application-33,M_Req,missing_destination,58,Application-33-Service,EndDevice-33,Application-33-Service,74100
28376,Application-47,M_Req,missing_destination,72,Application-47-Service,EndDevice-47,Application-47-Service,74100
28382,Application-48,M_Req,missing_destination,73,Application-48-Service,EndDevice-48,Application-48-Service,74100
28385,Application-35,M_Req,missing_destination,60,Application-35-Service,EndDevice-35,Application-35-Service,74100
28388,Application-28,M_Req,missing_destination,53,Application-28-Service,EndDevice-28,Application-28-Service,74100
28390,Application-46,M_Req,missing_destination,71,Application-46-Service,EndDevice-46,Application-46-Service,74100
28428,Application-28,M_Req,missing_destination,53,Application-28-Service,EndDevice-28,Application-28-Service,74300
28429,Application-25,M_Req,missing_destination,50,Application-25-Service,EndDevice-25,Application-25-Service,74300
28433,Application-26,M_Req,missing_destination,51,Application-26-Service,EndDevice-26,Application-26-Service,74300
28474,Application-28,M_Req,missing_destination,53,Application-28-Service,EndDevice-28,Application-28-Service,74400
28475,Application-25,M_Req,missing_destination,50,Application-25-Service,EndDevice-25,Application-25-Service,74400
28479,Application-26,M_Req,missing_destination,51,Application-26-Service,EndDevice-26,Application-26-Service,74400
28563,Application-11,M_Req,missing_destination,36,Application-11-Service,EndDevice-11,Application-11-Service,74600
28571,Application-12,M_Req,missing_destination,37,Application-12-Service,EndDevice-12,Application-12-Service,74600
28576,Application-9,M_Req,missing_destination,34,Application-9-Service,EndDevice-9,Application-9-Service,74700
28611,Application-11,M_Req,missing_destination,36,Application-11-Service,EndDevice-11,Application-11-Service,74700
28619,Application-12,M_Req,missing_destination,37,Application-12-Service,EndDevice-12,Application-12-Service,74700
28624,Application-9,M_Req,missing_destination,34,Application-9-Service,EndDevice-9,Application-9-Service,74800
28656,Application-21,M_Req,missing_destination,46,Application-21-Service,EndDevice-21,Application-21-Service,74900
28659,Application-22,M_Req,missing_destination,47,Application-22-Service,EndDevice-22,Application-22-Service,74900
28669,Application-23,M_Req,missing_destination,48,Application-23-Service,EndDevice-23,Application-23-Service,74900
28672,Application-9,M_Req,missing_destination,34,Application-9-Service,EndDevice-9,Application-9-Service,74900
28685,Application-24,M_Req,missing_destination,49,Application-24-Service,EndDevice-24,Application-24-Service,74900
28703,Application-21,M_Req,missing_destination,46,Application-21-Service,EndDevice-21,Application-21-Service,75000
28706,Application-22,M_Req,missing_destination,47,Application-22-Service,EndDevice-22,Application-22-Service,75000
28714,Application-23,M_Req,missing_destination,48,Application-23-Service,EndDevice-23,Application-23-Service,75000
28717,Application-9,M_Req,missing_destination,34,Application-9-Service,EndDevice-9,Application-9-Service,75000
28765,Application-9,M_Req,missing_destination,34,Application-9-Service,EndDevice-9,Application-9-Service,75100
28795,Application-21,M_Req,missing_destination,46,Application-21-Service,EndDevice-21,Application-21-Service,75200
28798,Application-22,M_Req,missing_destination,47,Application-22-Service,EndDevice-22,Application-22-Service,75200
28804,Application-23,M_Req,missing_destination,48,Application-23-Service,EndDevice-23,Application-23-Service,75200
28843,Application-21,M_Req,missing_destination,46,Application-21-Service,EndDevice-21,Application-21-Service,75300
28846,Application-22,M_Req,missing_destination,47,Application-22-Service,EndDevice-22,Application-22-Service,75300
28852,Application-23,M_Req,missing_destination,48,Application-23-Service,EndDevice-23,Application-23-Service,75300
28894,Application-34,M_Req,missing_destination,59,Application-34-Service,EndDevice-34,Application-34-Service,75500
28905,Application-33,M_Req,missing_destination,58,Application-33-Service,EndDevice-33,Application-33-Service,75500
28908,Application-36,M_Req,missing_destination,61,Application-36-Service,EndDevice-36,Application-36-Service,75500
28913,Application-35,M_Req,missing_destination,60,Application-35-Service,EndDevice-35,Application-35-Service,75500
28947,Application-33,M_Req,missing_destination,58,Application-33-Service,EndDevice-33,Application-33-Service,75600
28950,Application-36,M_Req,missing_destination,61,Application-36-Service,EndDevice-36,Application-36-Service,75600
29008,Application-18,M_Req,missing_destination,43,Application-18-Service,EndDevice-18,Application-18-Service,75800
29009,Application-17,M_Req,missing_destination,42,Application-17-Service,EndDevice-17,Application-17-Service,75800
29018,Application-20,M_Req,missing_destination,45,Application-20-Service,EndDevice-20,Application-20-Service,75800
29020,Application-34,M_Req,missing_destination,59,Application-34-Service,EndDevice-34,Application-34-Service,75800
29025,Application-22,M_Req,missing_destination,47,Application-22-Service,EndDevice-22,Application-22-Service,75800
29031,Application-19,M_Req,missing_destination,44,Application-19-Service,EndDevice-19,Application-19-Service,75800
29056,Application-18,M_Req,missing_destination,43,Application-18-Service,EndDevice-18,Application-18-Service,75900
29057,Application-17,M_Req,missing_destination,42,Application-17-Service,EndDevice-17,Application-17-Service,75900
29066,Application-20,M_Req,missing_destination,45,Application-20-Service,EndDevice-20,Application-20-Service,75900
29068,Application-34,M_Req,missing_destination,59,Application-34-Service,EndDevice-34,Application-34-Service,75900
29073,Application-22,M_Req,missing_destination,47,Application-22-Service,EndDevice-22,Application-22-Service,75900
29079,Application-19,M_Req,missing_destination,44,Application-19-Service,EndDevice-19,Application-19-Service,75900
29123,Application-9,M_Req,missing_destination,34,Application-9-Service,EndDevice-9,Application-9-Service,76100
29134,Application-10,M_Req,missing_destination,35,Application-10-Service,EndDevice-10,Application-10-Service,76100
29139,Application-11,M_Req,missing_destination,36,Application-11-Service,EndDevice-11,Application-11-Service,76100
29152,Application-12,M_Req,missing_destination,37,Application-12-Service,EndDevice-12,Application-12-Service,76100
29166,Application-9,M_Req,missing_destination,34,Application-9-Service,EndDevice-9,Application-9-Service,76200
29176,Application-10,M_Req,missing_destination,35,Application-10-Service,EndDevice-10,Application-10-Service,76200
29181,Application-11,M_Req,missing_destination,36,Application-11-Service,EndDevice-11,Application-11-Service,76200
29214,Application-9,M_Req,missing_destination,34,Application-9-Service,EndDevice-9,Application-9-Service,76300
29224,Application-10,M_Req,missing_destination,35,Application-10-Service,EndDevice-10,Application-10-Service,76300
29229,Application-11,M_Req,missing_destination,36,Application-11-Service,EndDevice-11,Application-11-Service,76300
29237,Application-25,M_Req,missing_destination,50,Application-25-Service,EndDevice-25,Application-25-Service,76400
29241,Application-28,M_Req,missing_destination,53,Application-28-Service,EndDevice-28,Application-28-Service,76400
29254,Application-26,M_Req,missing_destination,51,Application-26-Service,EndDevice-26,Application-26-Service,76400
29255,Application-9,M_Req,missing_destination,34,Application-9-Service,EndDevice-9,Application-9-Service,76400
29271,Application-27,M_Req,missing_destination,52,Application-27-Service,EndDevice-27,Application-27-Service,76500
29285,Application-25,M_Req,missing_destination,50,Application-25-Service,EndDevice-25,Application-25-Service,76500
29289,Application-28,M_Req,missing_destination,53,Application-28-Service,EndDevice-28,Application-28-Service,76500
29302,Application-26,M_Req,missing_destination,51,Application-26-Service,EndDevice-26,Application-26-Service,76500
29303,Application-9,M_Req,missing_destination,34,Application-9-Service,EndDevice-9,Application-9-Service,76500
29340,Application-46,M_Req,missing_destination,71,Application-46-Service,EndDevice-46,Application-46-Service,76700
29348,Application-48,M_Req,missing_destination,73,Application-48-Service,EndDevice-48,Application-48-Service,76700
29353,Application-45,M_Req,missing_destination,70,Application-45-Service,EndDevice-45,Application-45-Service,76700
29367,Application-47,M_Req,missing_destination,72,Application-47-Service,EndDevice-47,Application-47-Service,76700
29384,Application-21,M_Req,missing_destination,46,Application-21-Service,EndDevice-21,Application-21-Service,76700
29388,Application-46,M_Req,missing_destination,71,Application-46-Service,EndDevice-46,Application-46-Service,76800
29395,Application-48,M_Req,missing_destination,73,Application-48-Service,EndDevice-48,Application-48-Service,76800
29400,Application-45,M_Req,missing_destination,70,Application-45-Service,EndDevice-45,Application-45-Service,76800
29410,Application-47,M_Req,missing_destination,72,Application-47-Service,EndDevice-47,Application-47-Service,76800
29467,Application-16,M_Req,missing_destination,41,Application-16-Service,EndDevice-16,Application-16-Service,77000
29469,Application-15,M_Req,missing_destination,40,Application-15-Service,EndDevice-15,Application-15-Service,77000
29490,Application-14,M_Req,missing_destination,39,Application-14-Service,EndDevice-14,Application-14-Service,77000
29497,Application-11,M_Req,missing_destination,36,Application-11-Service,EndDevice-11,Application-11-Service,77100
29515,Application-16,M_Req,missing_destination,41,Application-16-Service,EndDevice-16,Application-16-Service,77100
29517,Application-15,M_Req,missing_destination,40,Application-15-Service,EndDevice-15,Application-15-Service,77100
29538,Application-14,M_Req,missing_destination,39,Application-14-Service,EndDevice-14,Application-14-Service,77100
29573,Application-29,M_Req,missing_destination,54,Application-29-Service,EndDevice-29,Application-29-Service,77300
29576,Application-31,M_Req,missing_destination,56,Application-31-Service,EndDevice-31,Application-31-Service,77300
29604,Application-30,M_Req,missing_destination,55,Application-30-Service,EndDevice-30,Application-30-Service,77300
29608,Application-32,M_Req,missing_destination,57,Application-32-Service,EndDevice-32,Application-32-Service,77300
29621,Application-29,M_Req,missing_destination,54,Application-29-Service,EndDevice-29,Application-29-Service,77400
29624,Application-31,M_Req,missing_destination,56,Application-31-Service,EndDevice-31,Application-31-Service,77400
29669,Application-29,M_Req,missing_destination,54,Application-29-Service,EndDevice-29,Application-29-Service,77500
29672,Application-31,M_Req,missing_destination,56,Application-31-Service,EndDevice-31,Application-31-Service,77500
29696,Application-32,M_Req,missing_destination,57,Application-32-Service,EndDevice-32,Application-32-Service,77600
29706,Application-27,M_Req,missing_destination,52,Application-27-Service,EndDevice-27,Application-27-Service,77600
29714,Application-29,M_Req,missing_destination,54,Application-29-Service,EndDevice-29,Application-29-Service,77600
29716,Application-31,M_Req,missing_destination,56,Application-31-Service,EndDevice-31,Application-31-Service,77600
29722,Application-28,M_Req,missing_destination,53,Application-28-Service,EndDevice-28,Application-28-Service,77600
29744,Application-32,M_Req,missing_destination,57,Application-32-Service,EndDevice-32,Application-32-Service,77700
29754,Application-27,M_Req,missing_destination,52,Application-27-Service,EndDevice-27,Application-27-Service,77700
29762,Application-29,M_Req,missing_destination,54,Application-29-Service,EndDevice-29,Application-29-Service,77700
29764,Application-31,M_Req,missing_destination,56,Application-31-Service,EndDevice-31,Application-31-Service,77700
29770,Application-28,M_Req,missing_destination,53,Application-28-Service,EndDevice-28,Application-28-Service,77700
29789,Application-32,M_Req,missing_destination,57,Application-32-Service,EndDevice-32,Application-32-Service,77800
29797,Application-27,M_Req,missing_destination,52,Application-27-Service,EndDevice-27,Application-27-Service,77800
29805,Application-39,M_Req,missing_destination,64,Application-39-Service,EndDevice-39,Application-39-Service,77900
29810,Application-40,M_Req,missing_destination,65,Application-40-Service,EndDevice-40,Application-40-Service,77900
29815,Application-38,M_Req,missing_destination,63,Application-38-Service,EndDevice-38,Application-38-Service,77900
29820,Application-37,M_Req,missing_destination,62,Application-37-Service,EndDevice-37,Application-37-Service,77900
29836,Application-30,M_Req,missing_destination,55,Application-30-Service,EndDevice-30,Application-30-Service,77900
29837,Application-32,M_Req,missing_destination,57,Application-32-Service,EndDevice-32,Application-32-Service,77900
29845,Application-27,M_Req,missing_destination,52,Application-27-Service,EndDevice-27,Application-27-Service,77900
29852,Application-39,M_Req,missing_destination,64,Application-39-Service,EndDevice-39,Application-39-Service,78000
29856,Application-40,M_Req,missing_destination,65,Application-40-Service,EndDevice-40,Application-40-Service,78000
29860,Application-38,M_Req,missing_destination,63,Application-38-Service,EndDevice-38,Application-38-Service,78000
29900,Application-39,M_Req,missing_destination,64,Application-39-Service,EndDevice-39,Application-39-Service,78100
29904,Application-40,M_Req,missing_destination,65,Application-40-Service,EndDevice-40,Application-40-Service,78100
29908,Application-38,M_Req,missing_destination,63,Application-38-Service,EndDevice-38,Application-38-Service,78100
29932,Application-20,M_Req,missing_destination,45,Application-20-Service,EndDevice-20,Application-20-Service,78200
29944,Application-39,M_Req,missing_destination,64,Application-39-Service,EndDevice-39,Application-39-Service,78200
29947,Application-40,M_Req,missing_destination,65,Application-40-Service,EndDevice-40,Application-40-Service,78200
29950,Application-38,M_Req,missing_destination,63,Application-38-Service,EndDevice-38,Application-38-Service,78200
29955,Application-18,M_Req,missing_destination,43,Application-18-Service,EndDevice-18,Application-18-Service,78300
29963,Application-17,M_Req,missing_destination,42,Application-17-Service,EndDevice-17,Application-17-Service,78300
29980,Application-20,M_Req,missing_destination,45,Application-20-Service,EndDevice-20,Application-20-Service,78300
29992,Application-39,M_Req,missing_destination,64,Application-39-Service,EndDevice-39,Application-39-Service,78300
29995,Application-40,M_Req,missing_destination,65,Application-40-Service,EndDevice-40,Application-40-Service,78300
29998,Application-38,M_Req,missing_destination,63,Application-38-Service,EndDevice-38,Application-38-Service,78300
30038,Application-14,M_Req,missing_destination,39,Application-14-Service,EndDevice-14,Application-14-Service,78500
30046,Application-15,M_Req,missing_destination,40,Application-15-Service,EndDevice-15,Application-15-Service,78500
30059,Application-16,M_Req,missing_destination,41,Application-16-Service,EndDevice-16,Application-16-Service,78500
30062,Application-19,M_Req,missing_destination,44,Application-19-Service,EndDevice-19,Application-19-Service,78500
30073,Application-13,M_Req,missing_destination,38,Application-13-Service,EndDevice-13,Application-13-Service,78500
30091,Application-15,M_Req,missing_destination,40,Application-15-Service,EndDevice-15,Application-15-Service,78600
30104,Application-16,M_Req,missing_destination,41,Application-16-Service,EndDevice-16,Application-16-Service,78600
30139,Application-15,M_Req,missing_destination,40,Application-15-Service,EndDevice-15,Application-15-Service,78700
30152,Application-16,M_Req,missing_destination,41,Application-16-Service,EndDevice-16,Application-16-Service,78700
30159,Application-36,M_Req,missing_destination,61,Application-36-Service,EndDevice-36,Application-36-Service,78800
30166,Application-33,M_Req,missing_destination,58,Application-33-Service,EndDevice-33,Application-33-Service,78800
30182,Application-15,M_Req,missing_destination,40,Application-15-Service,EndDevice-15,Application-15-Service,78800
30185,Application-34,M_Req,missing_destination,59,Application-34-Service,EndDevice-34,Application-34-Service,78900
30186,Application-35,M_Req,missing_destination,60,Application-35-Service,EndDevice-35,Application-35-Service,78900
30207,Application-36,M_Req,missing_destination,61,Application-36-Service,EndDevice-36,Application-36-Service,78900
30214,Application-33,M_Req,missing_destination,58,Application-33-Service,EndDevice-33,Application-33-Service,78900
30230,Application-15,M_Req,missing_destination,40,Application-15-Service,EndDevice-15,Application-15-Service,78900
30264,Application-39,M_Req,missing_destination,64,Application-39-Service,EndDevice-39,Application-39-Service,79100
30266,Application-40,M_Req,missing_destination,65,Application-40-Service,EndDevice-40,Application-40-Service,79100
30267,Application-38,M_Req,missing_destination,63,Application-38-Service,EndDevice-38,Application-38-Service,79100
30312,Application-39,M_Req,missing_destination,64,Application-39-Service,EndDevice-39,Application-39-Service,79200
30314,Application-40,M_Req,missing_destination,65,Application-40-Service,EndDevice-40,Application-40-Service,79200
30315,Application-38,M_Req,missing_destination,63,Application-38-Service,EndDevice-38,Application-38-Service,79200
30397,Application-14,M_Req,missing_destination,39,Application-14-Service,EndDevice-14,Application-14-Service,79400
30400,Application-6,M_Req,missing_destination,31,Application-6-Service,EndDevice-6,Application-6-Service,79400
30406,Application-8,M_Req,missing_destination,33,Application-8-Service,EndDevice-8,Application-8-Service,79400
30421,Application-5,M_Req,missing_destination,30,Application-5-Service,EndDevice-5,Application-5-Service,79500
30423,Application-13,M_Req,missing_destination,38,Application-13-Service,EndDevice-13,Application-13-Service,79500
30445,Application-14,M_Req,missing_destination,39,Application-14-Service,EndDevice-14,Application-14-Service,79500
30448,Application-6,M_Req,missing_destination,31,Application-6-Service,EndDevice-6,Application-6-Service,79500
30454,Application-8,M_Req,missing_destination,33,Application-8-Service,EndDevice-8,Application-8-Service,79500
30500,Application-33,M_Req,missing_destination,58,Application-33-Service,EndDevice-33,Application-33-Service,79700
30509,Application-35,M_Req,missing_destination,60,Application-35-Service,EndDevice-35,Application-35-Service,79700
30530,Application-36,M_Req,missing_destination,61,Application-36-Service,EndDevice-36,Application-36-Service,79700
30539,Application-34,M_Req,missing_destination,59,Application-34-Service,EndDevice-34,Application-34-Service,79700
30547,Application-33,M_Req,missing_destination,58,Application-33-Service,EndDevice-33,Application-33-Service,79800
30553,Application-35,M_Req,missing_destination,60,Application-35-Service,EndDevice-35,Application-35-Service,79800
30595,Application-33,M_Req,missing_destination,58,Application-33-Service,EndDevice-33,Application-33-Service,79900
30601,Application-35,M_Req,missing_destination,60,Application-35-Service,EndDevice-35,Application-35-Service,79900
30626,Application-3,M_Req,missing_destination,28,Application-3-Service,EndDevice-3,Application-3-Service,80000
30628,Application-1,M_Req,missing_destination,26,Application-1-Service,EndDevice-1,Application-1-Service,80000
30636,Application-15,M_Req,missing_destination,40,Application-15-Service,EndDevice-15,Application-15-Service,80000
30639,Application-33,M_Req,missing_destination,58,Application-33-Service,EndDevice-33,Application-33-Service,80000
30641,Application-4,M_Req,missing_destination,29,Application-4-Service,EndDevice-4,Application-4-Service,80000
30645,Application-35,M_Req,missing_destination,60,Application-35-Service,EndDevice-35,Application-35-Service,80000
30674,Application-3,M_Req,missing_destination,28,Application-3-Service,EndDevice-3,Application-3-Service,80100
30676,Application-1,M_Req,missing_destination,26,Application-1-Service,EndDevice-1,Application-1-Service,80100
30684,Application-15,M_Req,missing_destination,40,Application-15-Service,EndDevice-15,Application-15-Service,80100
30687,Application-33,M_Req,missing_destination,58,Application-33-Service,EndDevice-33,Application-33-Service,80100
30689,Application-4,M_Req,missing_destination,29,Application-4-Service,EndDevice-4,Application-4-Service,80100
30693,Application-35,M_Req,missing_destination,60,Application-35-Service,EndDevice-35,Application-35-Service,80100
30727,Application-15,M_Req,missing_destination,40,Application-15-Service,EndDevice-15,Application-15-Service,80300
30731,Application-13,M_Req,missing_destination,38,Application-13-Service,EndDevice-13,Application-13-Service,80300
30734,Application-16,M_Req,missing_destination,41,Application-16-Service,EndDevice-16,Application-16-Service,80300
30738,Application-14,M_Req,missing_destination,39,Application-14-Service,EndDevice-14,Application-14-Service,80300
30778,Application-13,M_Req,missing_destination,38,Application-13-Service,EndDevice-13,Application-13-Service,80400
30783,Application-14,M_Req,missing_destination,39,Application-14-Service,EndDevice-14,Application-14-Service,80400
30826,Application-13,M_Req,missing_destination,38,Application-13-Service,EndDevice-13,Application-13-Service,80500
30831,Application-14,M_Req,missing_destination,39,Application-14-Service,EndDevice-14,Application-14-Service,80500
30847,Application-12,M_Req,missing_destination,37,Application-12-Service,EndDevice-12,Application-12-Service,80600
30851,Application-10,M_Req,missing_destination,35,Application-10-Service,EndDevice-10,Application-10-Service,80600
30866,Application-9,M_Req,missing_destination,34,Application-9-Service,EndDevice-9,Application-9-Service,80600
30869,Application-13,M_Req,missing_destination,38,Application-13-Service,EndDevice-13,Application-13-Service,80600
30872,Application-14,M_Req,missing_destination,39,Application-14-Service,EndDevice-14,Application-14-Service,80600
30874,Application-11,M_Req,missing_destination,36,Application-11-Service,EndDevice-11,Application-11-Service,80600
30895,Application-12,M_Req,missing_destination,37,Application-12-Service,EndDevice-12,Application-12-Service,80700
30899,Application-10,M_Req,missing_destination,35,Application-10-Service,EndDevice-10,Application-10-Service,80700
30914,Application-9,M_Req,missing_destination,34,Application-9-Service,EndDevice-9,Application-9-Service,80700
30917,Application-13,M_Req,missing_destination,38,Application-13-Service,EndDevice-13,Application-13-Service,80700
30920,Application-14,M_Req,missing_destination,39,Application-14-Service,EndDevice-14,Application-14-Service,80700
30922,Application-11,M_Req,missing_destination,36,Application-11-Service,EndDevice-11,Application-11-Service,80700
30960,Application-14,M_Req,missing_destination,39,Application-14-Service,EndDevice-14,Application-14-Service,80900
30975,Application-39,M_Req,missing_destination,64,Application-39-Service,EndDevice-39,Application-39-Service,80900
30983,Application-40,M_Req,missing_destination,65,Application-40-Service,EndDevice-40,Application-40-Service,80900
30991,Application-37,M_Req,missing_destination,62,Application-37-Service,EndDevice-37,Application-37-Service,80900
30997,Application-38,M_Req,missing_destination,63,Application-38-Service,EndDevice-38,Application-38-Service,80900
31008,Application-14,M_Req,missing_destination,39,Application-14-Service,EndDevice-14,Application-14-Service,81000
31026,Application-40,M_Req,missing_destination,65,Application-40-Service,EndDevice-40,Application-40-Service,81000
31056,Application-14,M_Req,missing_destination,39,Application-14-Service,EndDevice-14,Application-14-Service,81100
31074,Application-40,M_Req,missing_destination,65,Application-40-Service,EndDevice-40,Application-40-Service,81100
31092,Application-44,M_Req,missing_destination,69,Application-44-Service,EndDevice-44,Application-44-Service,81200
31095,Application-42,M_Req,missing_destination,67,Application-42-Service,EndDevice-42,Application-42-Service,81200
31098,Application-41,M_Req,missing_destination,66,Application-41-Service,EndDevice-41,Application-41-Service,81200
31110,Application-43,M_Req,missing_destination,68,Application-43-Service,EndDevice-43,Application-43-Service,81300
31140,Application-44,M_Req,missing_destination,69,Application-44-Service,EndDevice-44,Application-44-Service,81300
31143,Application-42,M_Req,missing_destination,67,Application-42-Service,EndDevice-42,Application-42-Service,81300
31146,Application-41,M_Req,missing_destination,66,Application-41-Service,EndDevice-41,Application-41-Service,81300
31158,Application-43,M_Req,missing_destination,68,Application-43-Service,EndDevice-43,Application-43-Service,81400
31180,Application-44,M_Req,missing_destination,69,Application-44-Service,EndDevice-44,Application-44-Service,81400
31183,Application-42,M_Req,missing_destination,67,Application-42-Service,EndDevice-42,Application-42-Service,81400
31186,Application-41,M_Req,missing_destination,66,Application-41-Service,EndDevice-41,Application-41-Service,81400
31190,Application-27,M_Req,missing_destination,52,Application-27-Service,EndDevice-27,Application-27-Service,81500
31199,Application-28,M_Req,missing_destination,53,Application-28-Service,EndDevice-28,Application-28-Service,81500
31204,Application-26,M_Req,missing_destination,51,Application-26-Service,EndDevice-26,Application-26-Service,81500
31206,Application-43,M_Req,missing_destination,68,Application-43-Service,EndDevice-43,Application-43-Service,81500
31210,Application-25,M_Req,missing_destination,50,Application-25-Service,EndDevice-25,Application-25-Service,81500
31228,Application-44,M_Req,missing_destination,69,Application-44-Service,EndDevice-44,Application-44-Service,81500
31231,Application-42,M_Req,missing_destination,67,Application-42-Service,EndDevice-42,Application-42-Service,81500
31234,Application-41,M_Req,missing_destination,66,Application-41-Service,EndDevice-41,Application-41-Service,81500
31237,Application-27,M_Req,missing_destination,52,Application-27-Service,EndDevice-27,Application-27-Service,81600
31246,Application-28,M_Req,missing_destination,53,Application-28-Service,EndDevice-28,Application-28-Service,81600
31251,Application-26,M_Req,missing_destination,51,Application-26-Service,EndDevice-26,Application-26-Service,81600
31254,Application-25,M_Req,missing_destination,50,Application-25-Service,EndDevice-25,Application-25-Service,81600
31285,Application-27,M_Req,missing_destination,52,Application-27-Service,EndDevice-27,Application-27-Service,81700
31294,Application-28,M_Req,missing_destination,53,Application-28-Service,EndDevice-28,Application-28-Service,81700
31299,Application-26,M_Req,missing_destination,51,Application-26-Service,EndDevice-26,Application-26-Service,81700
31302,Application-25,M_Req,missing_destination,50,Application-25-Service,EndDevice-25,Application-25-Service,81700
31335,Application-28,M_Req,missing_destination,53,Application-28-Service,EndDevice-28,Application-28-Service,81800
31383,Application-28,M_Req,missing_destination,53,Application-28-Service,EndDevice-28,Application-28-Service,81900
31421,Application-22,M_Req,missing_destination,47,Application-22-Service,EndDevice-22,Application-22-Service,82100
31445,Application-24,M_Req,missing_destination,49,Application-24-Service,EndDevice-24,Application-24-Service,82100
31451,Application-21,M_Req,missing_destination,46,Application-21-Service,EndDevice-21,Application-21-Service,82100
31453,Application-44,M_Req,missing_destination,69,Application-44-Service,EndDevice-44,Application-44-Service,82100
31463,Application-23,M_Req,missing_destination,48,Application-23-Service,EndDevice-23,Application-23-Service,82100
31467,Application-22,M_Req,missing_destination,47,Application-22-Service,EndDevice-22,Application-22-Service,82200
31487,Application-24,M_Req,missing_destination,49,Application-24-Service,EndDevice-24,Application-24-Service,82200
31515,Application-22,M_Req,missing_destination,47,Application-22-Service,EndDevice-22,Application-22-Service,82300
31535,Application-24,M_Req,missing_destination,49,Application-24-Service,EndDevice-24,Application-24-Service,82300
31546,Application-17,M_Req,missing_destination,42,Application-17-Service,EndDevice-17,Application-17-Service,82400
31549,Application-18,M_Req,missing_destination,43,Application-18-Service,EndDevice-18,Application-18-Service,82400
31560,Application-22,M_Req,missing_destination,47,Application-22-Service,EndDevice-22,Application-22-Service,82400
31570,Application-19,M_Req,missing_destination,44,Application-19-Service,EndDevice-19,Application-19-Service,82500
31594,Application-17,M_Req,missing_destination,42,Application-17-Service,EndDevice-17,Application-17-Service,82500
31597,Application-18,M_Req,missing_destination,43,Application-18-Service,EndDevice-18,Application-18-Service,82500
31608,Application-22,M_Req,missing_destination,47,Application-22-Service,EndDevice-22,Application-22-Service,82500
31617,Application-19,M_Req,missing_destination,44,Application-19-Service,EndDevice-19,Application-19-Service,82600
31636,Application-17,M_Req,missing_destination,42,Application-17-Service,EndDevice-17,Application-17-Service,82600
31657,Application-7,M_Req,missing_destination,32,Application-7-Service,EndDevice-7,Application-7-Service,82700
31665,Application-19,M_Req,missing_destination,44,Application-19-Service,EndDevice-19,Application-19-Service,82700
31682,Application-5,M_Req,missing_destination,30,Application-5-Service,EndDevice-5,Application-5-Service,82700
31684,Application-17,M_Req,missing_destination,42,Application-17-Service,EndDevice-17,Application-17-Service,82700
31687,Application-8,M_Req,missing_destination,33,Application-8-Service,EndDevice-8,Application-8-Service,82700
31691,Application-6,M_Req,missing_destination,31,Application-6-Service,EndDevice-6,Application-6-Service,82700
31702,Application-7,M_Req,missing_destination,32,Application-7-Service,EndDevice-7,Application-7-Service,82800
31710,Application-19,M_Req,missing_destination,44,Application-19-Service,EndDevice-19,Application-19-Service,82800
31750,Application-7,M_Req,missing_destination,32,Application-7-Service,EndDevice-7,Application-7-Service,82900
31775,Application-48,M_Req,missing_destination,73,Application-48-Service,EndDevice-48,Application-48-Service,83000
31780,Application-46,M_Req,missing_destination,71,Application-46-Service,EndDevice-46,Application-46-Service,83000
31781,Application-18,M_Req,missing_destination,43,Application-18-Service,EndDevice-18,Application-18-Service,83000
31788,Application-45,M_Req,missing_destination,70,Application-45-Service,EndDevice-45,Application-45-Service,83000
31790,Application-7,M_Req,missing_destination,32,Application-7-Service,EndDevice-7,Application-7-Service,83000
31801,Application-47,M_Req,missing_destination,72,Application-47-Service,EndDevice-47,Application-47-Service,83100
31823,Application-48,M_Req,missing_destination,73,Application-48-Service,EndDevice-48,Application-48-Service,83100
31828,Application-46,M_Req,missing_destination,71,Application-46-Service,EndDevice-46,Application-46-Service,83100
31829,Application-18,M_Req,missing_destination,43,Application-18-Service,EndDevice-18,Application-18-Service,83100
31836,Application-45,M_Req,missing_destination,70,Application-45-Service,EndDevice-45,Application-45-Service,83100
31838,Application-7,M_Req,missing_destination,32,Application-7-Service,EndDevice-7,Application-7-Service,83100
31879,Application-7,M_Req,missing_destination,32,Application-7-Service,EndDevice-7,Application-7-Service,83300
31880,Application-35,M_Req,missing_destination,60,Application-35-Service,EndDevice-35,Application-35-Service,83300
31882,Application-36,M_Req,missing_destination,61,Application-36-Service,EndDevice-36,Application-36-Service,83300
31887,Application-34,M_Req,missing_destination,59,Application-34-Service,EndDevice-34,Application-34-Service,83300
31889,Application-33,M_Req,missing_destination,58,Application-33-Service,EndDevice-33,Application-33-Service,83300
31925,Application-35,M_Req,missing_destination,60,Application-35-Service,EndDevice-35,Application-35-Service,83400
31927,Application-36,M_Req,missing_destination,61,Application-36-Service,EndDevice-36,Application-36-Service,83400
31930,Application-34,M_Req,missing_destination,59,Application-34-Service,EndDevice-34,Application-34-Service,83400
31932,Application-33,M_Req,missing_destination,58,Application-33-Service,EndDevice-33,Application-33-Service,83400
31973,Application-35,M_Req,missing_destination,60,Application-35-Service,EndDevice-35,Application-35-Service,83500
31975,Application-36,M_Req,missing_destination,61,Application-36-Service,EndDevice-36,Application-36-Service,83500
31978,Application-34,M_Req,missing_destination,59,Application-34-Service,EndDevice-34,Application-34-Service,83500
31980,Application-33,M_Req,missing_destination,58,Application-33-Service,EndDevice-33,Application-33-Service,83500
31997,Application-2,M_Req,missing_destination,27,Application-2-Service,EndDevice-2,Application-2-Service,83600
32000,Application-1,M_Req,missing_destination,26,Application-1-Service,EndDevice-1,Application-1-Service,83600
32016,Application-35,M_Req,missing_destination,60,Application-35-Service,EndDevice-35,Application-35-Service,83600
32018,Application-36,M_Req,missing_destination,61,Application-36-Service,EndDevice-36,Application-36-Service,83600
32020,Application-34,M_Req,missing_destination,59,Application-34-Service,EndDevice-34,Application-34-Service,83600
32022,Application-33,M_Req,missing_destination,58,Application-33-Service,EndDevice-33,Application-33-Service,83600
32025,Application-4,M_Req,missing_destination,29,Application-4-Service,EndDevice-4,Application-4-Service,83700
32031,Application-3,M_Req,missing_destination,28,Application-3-Service,EndDevice-3,Application-3-Service,83700
32045,Application-2,M_Req,missing_destination,27,Application-2-Service,EndDevice-2,Application-2-Service,83700
32048,Application-1,M_Req,missing_destination,26,Application-1-Service,EndDevice-1,Application-1-Service,83700
32064,Application-35,M_Req,missing_destination,60,Application-35-Service,EndDevice-35,Application-35-Service,83700
32066,Application-36,M_Req,missing_destination,61,Application-36-Service,EndDevice-36,Application-36-Service,83700
32068,Application-34,M_Req,missing_destination,59,Application-34-Service,EndDevice-34,Application-34-Service,83700
32070,Application-33,M_Req,missing_destination,58,Application-33-Service,EndDevice-33,Application-33-Service,83700
32102,Application-45,M_Req,missing_destination,70,Application-45-Service,EndDevice-45,Application-45-Service,83900
32141,Application-48,M_Req,missing_destination,73,Application-48-Service,EndDevice-48,Application-48-Service,83900
32144,Application-46,M_Req,missing_destination,71,Application-46-Service,EndDevice-46,Application-46-Service,83900
32147,Application-47,M_Req,missing_destination,72,Application-47-Service,EndDevice-47,Application-47-Service,83900
32150,Application-45,M_Req,missing_destination,70,Application-45-Service,EndDevice-45,Application-45-Service,84000
32198,Application-45,M_Req,missing_destination,70,Application-45-Service,EndDevice-45,Application-45-Service,84100
32232,Application-31,M_Req,missing_destination,56,Application-31-Service,EndDevice-31,Application-31-Service,84200
32238,Application-29,M_Req,missing_destination,54,Application-29-Service,EndDevice-29,Application-29-Service,84200
32243,Application-45,M_Req,missing_destination,70,Application-45-Service,EndDevice-45,Application-45-Service,84200
32252,Application-30,M_Req,missing_destination,55,Application-30-Service,EndDevice-30,Application-30-Service,84200
32263,Application-32,M_Req,missing_destination,57,Application-32-Service,EndDevice-32,Application-32-Service,84300
32280,Application-31,M_Req,missing_destination,56,Application-31-Service,EndDevice-31,Application-31-Service,84300
32286,Application-29,M_Req,missing_destination,54,Application-29-Service,EndDevice-29,Application-29-Service,84300
32291,Application-45,M_Req,missing_destination,70,Application-45-Service,EndDevice-45,Application-45-Service,84300
32300,Application-30,M_Req,missing_destination,55,Application-30-Service,EndDevice-30,Application-30-Service,84300
32336,Application-15,M_Req,missing_destination,40,Application-15-Service,EndDevice-15,Application-15-Service,84500
32340,Application-16,M_Req,missing_destination,41,Application-16-Service,EndDevice-16,Application-16-Service,84500
32343,Application-45,M_Req,missing_destination,70,Application-45-Service,EndDevice-45,Application-45-Service,84500
32357,Application-13,M_Req,missing_destination,38,Application-13-Service,EndDevice-13,Application-13-Service,84500
32370,Application-47,M_Req,missing_destination,72,Application-47-Service,EndDevice-47,Application-47-Service,84500
32374,Application-14,M_Req,missing_destination,39,Application-14-Service,EndDevice-14,Application-14-Service,84500
32383,Application-15,M_Req,missing_destination,40,Application-15-Service,EndDevice-15,Application-15-Service,84600
32386,Application-16,M_Req,missing_destination,41,Application-16-Service,EndDevice-16,Application-16-Service,84600
32389,Application-45,M_Req,missing_destination,70,Application-45-Service,EndDevice-45,Application-45-Service,84600
32400,Application-13,M_Req,missing_destination,38,Application-13-Service,EndDevice-13,Application-13-Service,84600
32474,Application-11,M_Req,missing_destination,36,Application-11-Service,EndDevice-11,Application-11-Service,84800
32475,Application-9,M_Req,missing_destination,34,Application-9-Service,EndDevice-9,Application-9-Service,84800
32486,Application-12,M_Req,missing_destination,37,Application-12-Service,EndDevice-12,Application-12-Service,84900
32490,Application-10,M_Req,missing_destination,35,Application-10-Service,EndDevice-10,Application-10-Service,84900
32522,Application-11,M_Req,missing_destination,36,Application-11-Service,EndDevice-11,Application-11-Service,84900
32523,Application-9,M_Req,missing_destination,34,Application-9-Service,EndDevice-9,Application-9-Service,84900
32577,Application-43,M_Req,missing_destination,68,Application-43-Service,EndDevice-43,Application-43-Service,85100
32583,Application-42,M_Req,missing_destination,67,Application-42-Service,EndDevice-42,Application-42-Service,85100
32593,Application-41,M_Req,missing_destination,66,Application-41-Service,EndDevice-41,Application-41-Service,85100
32598,Application-44,M_Req,missing_destination,69,Application-44-Service,EndDevice-44,Application-44-Service,85100
32635,Application-41,M_Req,missing_destination,66,Application-41-Service,EndDevice-41,Application-41-Service,85200
32683,Application-41,M_Req,missing_destination,66,Application-41-Service,EndDevice-41,Application-41-Service,85300
32694,Application-9,M_Req,missing_destination,34,Application-9-Service,EndDevice-9,Application-9-Service,85400
32716,Application-10,M_Req,missing_destination,35,Application-10-Service,EndDevice-10,Application-10-Service,85500
32722,Application-41,M_Req,missing_destination,66,Application-41-Service,EndDevice-41,Application-41-Service,85500
32742,Application-9,M_Req,missing_destination,34,Application-9-Service,EndDevice-9,Application-9-Service,85500
32797,Application-32,M_Req,missing_destination,57,Application-32-Service,EndDevice-32,Application-32-Service,85700
32799,Application-30,M_Req,missing_destination,55,Application-30-Service,EndDevice-30,Application-30-Service,85700
32807,Application-31,M_Req,missing_destination,56,Application-31-Service,EndDevice-31,Application-31-Service,85700
32827,Application-29,M_Req,missing_destination,54,Application-29-Service,EndDevice-29,Application-29-Service,85700
32845,Application-32,M_Req,missing_destination,57,Application-32-Service,EndDevice-32,Application-32-Service,85800
32847,Application-30,M_Req,missing_destination,55,Application-30-Service,EndDevice-30,Application-30-Service,85800
32854,Application-31,M_Req,missing_destination,56,Application-31-Service,EndDevice-31,Application-31-Service,85800
32941,Application-26,M_Req,missing_destination,51,Application-26-Service,EndDevice-26,Application-26-Service,86000
32943,Application-28,M_Req,missing_destination,53,Application-28-Service,EndDevice-28,Application-28-Service,86000
32948,Application-27,M_Req,missing_destination,52,Application-27-Service,EndDevice-27,Application-27-Service,86100
32949,Application-41,M_Req,missing_destination,66,Application-41-Service,EndDevice-41,Application-41-Service,86100
32953,Application-25,M_Req,missing_destination,50,Application-25-Service,EndDevice-25,Application-25-Service,86100
32989,Application-26,M_Req,missing_destination,51,Application-26-Service,EndDevice-26,Application-26-Service,86100
32991,Application-28,M_Req,missing_destination,53,Application-28-Service,EndDevice-28,Application-28-Service,86100
32996,Application-41,M_Req,missing_destination,66,Application-41-Service,EndDevice-41,Application-41-Service,86200
33000,Application-25,M_Req,missing_destination,50,Application-25-Service,EndDevice-25,Application-25-Service,86200
33025,Application-39,M_Req,missing_destination,64,Application-39-Service,EndDevice-39,Application-39-Service,86300
33026,Application-38,M_Req,missing_destination,63,Application-38-Service,EndDevice-38,Application-38-Service,86300
33038,Application-40,M_Req,missing_destination,65,Application-40-Service,EndDevice-40,Application-40-Service,86300
33044,Application-41,M_Req,missing_destination,66,Application-41-Service,EndDevice-41,Application-41-Service,86300
33048,Application-25,M_Req,missing_destination,50,Application-25-Service,EndDevice-25,Application-25-Service,86300
33060,Application-29,M_Req,missing_destination,54,Application-29-Service,EndDevice-29,Application-29-Service,86300
33066,Application-37,M_Req,missing_destination,62,Application-37-Service,EndDevice-37,Application-37-Service,86300
33072,Application-39,M_Req,missing_destination,64,Application-39-Service,EndDevice-39,Application-39-Service,86400
33073,Application-38,M_Req,missing_destination,63,Application-38-Service,EndDevice-38,Application-38-Service,86400
33081,Application-40,M_Req,missing_destination,65,Application-40-Service,EndDevice-40,Application-40-Service,86400
33085,Application-41,M_Req,missing_destination,66,Application-41-Service,EndDevice-41,Application-41-Service,86400
33089,Application-25,M_Req,missing_destination,50,Application-25-Service,EndDevice-25,Application-25-Service,86400
33133,Application-41,M_Req,missing_destination,66,Application-41-Service,EndDevice-41,Application-41-Service,86500
33137,Application-25,M_Req,missing_destination,50,Application-25-Service,EndDevice-25,Application-25-Service,86500
33151,Application-19,M_Req,missing_destination,44,Application-19-Service,EndDevice-19,Application-19-Service,86600
33155,Application-18,M_Req,missing_destination,43,Application-18-Service,EndDevice-18,Application-18-Service,86600
33167,Application-26,M_Req,missing_destination,51,Application-26-Service,EndDevice-26,Application-26-Service,86600
33169,Application-20,M_Req,missing_destination,45,Application-20-Service,EndDevice-20,Application-20-Service,86600
33184,Application-17,M_Req,missing_destination,42,Application-17-Service,EndDevice-17,Application-17-Service,86700
33199,Application-19,M_Req,missing_destination,44,Application-19-Service,EndDevice-19,Application-19-Service,86700
33203,Application-18,M_Req,missing_destination,43,Application-18-Service,EndDevice-18,Application-18-Service,86700
33215,Application-26,M_Req,missing_destination,51,Application-26-Service,EndDevice-26,Application-26-Service,86700
33217,Application-20,M_Req,missing_destination,45,Application-20-Service,EndDevice-20,Application-20-Service,86700
33245,Application-18,M_Req,missing_destination,43,Application-18-Service,EndDevice-18,Application-18-Service,86800
33259,Application-13,M_Req,missing_destination,38,Application-13-Service,EndDevice-13,Application-13-Service,86900
33286,Application-15,M_Req,missing_destination,40,Application-15-Service,EndDevice-15,Application-15-Service,86900
33288,Application-14,M_Req,missing_destination,39,Application-14-Service,EndDevice-14,Application-14-Service,86900
33293,Application-18,M_Req,missing_destination,43,Application-18-Service,EndDevice-18,Application-18-Service,86900
33294,Application-16,M_Req,missing_destination,41,Application-16-Service,EndDevice-16,Application-16-Service,86900
33306,Application-13,M_Req,missing_destination,38,Application-13-Service,EndDevice-13,Application-13-Service,87000
33328,Application-15,M_Req,missing_destination,40,Application-15-Service,EndDevice-15,Application-15-Service,87000
33387,Application-2,M_Req,missing_destination,27,Application-2-Service,EndDevice-2,Application-2-Service,87200
33388,Application-3,M_Req,missing_destination,28,Application-3-Service,EndDevice-3,Application-3-Service,87200
33399,Application-20,M_Req,missing_destination,45,Application-20-Service,EndDevice-20,Application-20-Service,87200
33407,Application-4,M_Req,missing_destination,29,Application-4-Service,EndDevice-4,Application-4-Service,87300
33413,Application-1,M_Req,missing_destination,26,Application-1-Service,EndDevice-1,Application-1-Service,87300
33435,Application-2,M_Req,missing_destination,27,Application-2-Service,EndDevice-2,Application-2-Service,87300
33436,Application-3,M_Req,missing_destination,28,Application-3-Service,EndDevice-3,Application-3-Service,87300
33447,Application-20,M_Req,missing_destination,45,Application-20-Service,EndDevice-20,Application-20-Service,87300
33482,Application-35,M_Req,missing_destination,60,Application-35-Service,EndDevice-35,Application-35-Service,87500
33486,Application-33,M_Req,missing_destination,58,Application-33-Service,EndDevice-33,Application-33-Service,87500
33489,Application-17,M_Req,missing_destination,42,Application-17-Service,EndDevice-17,Application-17-Service,87500
33491,Application-34,M_Req,missing_destination,59,Application-34-Service,EndDevice-34,Application-34-Service,87500
33513,Application-36,M_Req,missing_destination,61,Application-36-Service,EndDevice-36,Application-36-Service,87500
33518,Application-14,M_Req,missing_destination,39,Application-14-Service,EndDevice-14,Application-14-Service,87500
33529,Application-35,M_Req,missing_destination,60,Application-35-Service,EndDevice-35,Application-35-Service,87600
33533,Application-33,M_Req,missing_destination,58,Application-33-Service,EndDevice-33,Application-33-Service,87600
33536,Application-17,M_Req,missing_destination,42,Application-17-Service,EndDevice-17,Application-17-Service,87600
33538,Application-34,M_Req,missing_destination,59,Application-34-Service,EndDevice-34,Application-34-Service,87600
33555,Application-36,M_Req,missing_destination,61,Application-36-Service,EndDevice-36,Application-36-Service,87600
33615,Application-38,M_Req,missing_destination,63,Application-38-Service,EndDevice-38,Application-38-Service,87800
33619,Application-37,M_Req,missing_destination,62,Application-37-Service,EndDevice-37,Application-37-Service,87800
33622,Application-39,M_Req,missing_destination,64,Application-39-Service,EndDevice-39,Application-39-Service,87800
33628,Application-40,M_Req,missing_destination,65,Application-40-Service,EndDevice-40,Application-40-Service,87800
33663,Application-38,M_Req,missing_destination,63,Application-38-Service,EndDevice-38,Application-38-Service,87900
33667,Application-37,M_Req,missing_destination,62,Application-37-Service,EndDevice-37,Application-37-Service,87900
33670,Application-39,M_Req,missing_destination,64,Application-39-Service,EndDevice-39,Application-39-Service,87900
33676,Application-40,M_Req,missing_destination,65,Application-40-Service,EndDevice-40,Application-40-Service,87900
33719,Application-7,M_Req,missing_destination,32,Application-7-Service,EndDevice-7,Application-7-Service,88100
33721,Application-6,M_Req,missing_destination,31,Application-6-Service,EndDevice-6,Application-6-Service,88100
33745,Application-5,M_Req,missing_destination,30,Application-5-Service,EndDevice-5,Application-5-Service,88100
33748,Application-8,M_Req,missing_destination,33,Application-8-Service,EndDevice-8,Application-8-Service,88100
33766,Application-7,M_Req,missing_destination,32,Application-7-Service,EndDevice-7,Application-7-Service,88200
33768,Application-6,M_Req,missing_destination,31,Application-6-Service,EndDevice-6,Application-6-Service,88200
33787,Application-5,M_Req,missing_destination,30,Application-5-Service,EndDevice-5,Application-5-Service,88200
33814,Application-7,M_Req,missing_destination,32,Application-7-Service,EndDevice-7,Application-7-Service,88300
33816,Application-6,M_Req,missing_destination,31,Application-6-Service,EndDevice-6,Application-6-Service,88300
33835,Application-5,M_Req,missing_destination,30,Application-5-Service,EndDevice-5,Application-5-Service,88300
33844,Application-22,M_Req,missing_destination,47,Application-22-Service,EndDevice-22,Application-22-Service,88400
33857,Application-7,M_Req,missing_destination,32,Application-7-Service,EndDevice-7,Application-7-Service,88400
33858,Application-24,M_Req,missing_destination,49,Application-24-Service,EndDevice-24,Application-24-Service,88400
33859,Application-6,M_Req,missing_destination,31,Application-6-Service,EndDevice-6,Application-6-Service,88400
33872,Application-23,M_Req,missing_destination,48,Application-23-Service,EndDevice-23,Application-23-Service,88500
33892,Application-22,M_Req,missing_destination,47,Application-22-Service,EndDevice-22,Application-22-Service,88500
33905,Application-7,M_Req,missing_destination,32,Application-7-Service,EndDevice-7,Application-7-Service,88500
33906,Application-24,M_Req,missing_destination,49,Application-24-Service,EndDevice-24,Application-24-Service,88500
33907,Application-6,M_Req,missing_destination,31,Application-6-Service,EndDevice-6,Application-6-Service,88500
33953,Application-16,M_Req,missing_destination,41,Application-16-Service,EndDevice-16,Application-16-Service,88700
33956,Application-15,M_Req,missing_destination,40,Application-15-Service,EndDevice-15,Application-15-Service,88700
33958,Application-14,M_Req,missing_destination,39,Application-14-Service,EndDevice-14,Application-14-Service,88700
33968,Application-5,M_Req,missing_destination,30,Application-5-Service,EndDevice-5,Application-5-Service,88700
33976,Application-13,M_Req,missing_destination,38,Application-13-Service,EndDevice-13,Application-13-Service,88700
33988,Application-8,M_Req,missing_destination,33,Application-8-Service,EndDevice-8,Application-8-Service,88700
34000,Application-16,M_Req,missing_destination,41,Application-16-Service,EndDevice-16,Application-16-Service,88800
34002,Application-15,M_Req,missing_destination,40,Application-15-Service,EndDevice-15,Application-15-Service,88800
34004,Application-14,M_Req,missing_destination,39,Application-14-Service,EndDevice-14,Application-14-Service,88800
34048,Application-16,M_Req,missing_destination,41,Application-16-Service,EndDevice-16,Application-16-Service,88900
34050,Application-15,M_Req,missing_destination,40,Application-15-Service,EndDevice-15,Application-15-Service,88900
34052,Application-14,M_Req,missing_destination,39,Application-14-Service,EndDevice-14,Application-14-Service,88900
34067,Application-29,M_Req,missing_destination,54,Application-29-Service,EndDevice-29,Application-29-Service,89000
34072,Application-31,M_Req,missing_destination,56,Application-31-Service,EndDevice-31,Application-31-Service,89000
34087,Application-32,M_Req,missing_destination,57,Application-32-Service,EndDevice-32,Application-32-Service,89000
34090,Application-16,M_Req,missing_destination,41,Application-16-Service,EndDevice-16,Application-16-Service,89000
34092,Application-15,M_Req,missing_destination,40,Application-15-Service,EndDevice-15,Application-15-Service,89000
34094,Application-14,M_Req,missing_destination,39,Application-14-Service,EndDevice-14,Application-14-Service,89000
34101,Application-30,M_Req,missing_destination,55,Application-30-Service,EndDevice-30,Application-30-Service,89100
34115,Application-29,M_Req,missing_destination,54,Application-29-Service,EndDevice-29,Application-29-Service,89100
34120,Application-31,M_Req,missing_destination,56,Application-31-Service,EndDevice-31,Application-31-Service,89100
34135,Application-32,M_Req,missing_destination,57,Application-32-Service,EndDevice-32,Application-32-Service,89100
34138,Application-16,M_Req,missing_destination,41,Application-16-Service,EndDevice-16,Application-16-Service,89100
34140,Application-15,M_Req,missing_destination,40,Application-15-Service,EndDevice-15,Application-15-Service,89100
34142,Application-14,M_Req,missing_destination,39,Application-14-Service,EndDevice-14,Application-14-Service,89100
34147,Application-30,M_Req,missing_destination,55,Application-30-Service,EndDevice-30,Application-30-Service,89200
34160,Application-29,M_Req,missing_destination,54,Application-29-Service,EndDevice-29,Application-29-Service,89200
34164,Application-31,M_Req,missing_destination,56,Application-31-Service,EndDevice-31,Application-31-Service,89200
34189,Application-24,M_Req,missing_destination,49,Application-24-Service,EndDevice-24,Application-24-Service,89300
34195,Application-30,M_Req,missing_destination,55,Application-30-Service,EndDevice-30,Application-30-Service,89300
34202,Application-21,M_Req,missing_destination,46,Application-21-Service,EndDevice-21,Application-21-Service,89300
34208,Application-29,M_Req,missing_destination,54,Application-29-Service,EndDevice-29,Application-29-Service,89300
34211,Application-22,M_Req,missing_destination,47,Application-22-Service,EndDevice-22,Application-22-Service,89300
34212,Application-31,M_Req,missing_destination,56,Application-31-Service,EndDevice-31,Application-31-Service,89300
34221,Application-23,M_Req,missing_destination,48,Application-23-Service,EndDevice-23,Application-23-Service,89300
34238,Application-30,M_Req,missing_destination,55,Application-30-Service,EndDevice-30,Application-30-Service,89400
34243,Application-21,M_Req,missing_destination,46,Application-21-Service,EndDevice-21,Application-21-Service,89400
34291,Application-21,M_Req,missing_destination,46,Application-21-Service,EndDevice-21,Application-21-Service,89500
34316,Application-16,M_Req,missing_destination,41,Application-16-Service,EndDevice-16,Application-16-Service,89600
34317,Application-27,M_Req,missing_destination,52,Application-27-Service,EndDevice-27,Application-27-Service,89600
34327,Application-26,M_Req,missing_destination,51,Application-26-Service,EndDevice-26,Application-26-Service,89700
34334,Application-25,M_Req,missing_destination,50,Application-25-Service,EndDevice-25,Application-25-Service,89700
34364,Application-16,M_Req,missing_destination,41,Application-16-Service,EndDevice-16,Application-16-Service,89700
34365,Application-27,M_Req,missing_destination,52,Application-27-Service,EndDevice-27,Application-27-Service,89700
34373,Application-26,M_Req,missing_destination,51,Application-26-Service,EndDevice-26,Application-26-Service,89800
34379,Application-25,M_Req,missing_destination,50,Application-25-Service,EndDevice-25,Application-25-Service,89800
34403,Application-40,M_Req,missing_destination,65,Application-40-Service,EndDevice-40,Application-40-Service,89900
34409,Application-39,M_Req,missing_destination,64,Application-39-Service,EndDevice-39,Application-39-Service,89900
34421,Application-26,M_Req,missing_destination,51,Application-26-Service,EndDevice-26,Application-26-Service,89900
34427,Application-25,M_Req,missing_destination,50,Application-25-Service,EndDevice-25,Application-25-Service,89900
34433,Application-38,M_Req,missing_destination,63,Application-38-Service,EndDevice-38,Application-38-Service,89900
34443,Application-37,M_Req,missing_destination,62,Application-37-Service,EndDevice-37,Application-37-Service,89900
34454,Application-39,M_Req,missing_destination,64,Application-39-Service,EndDevice-39,Application-39-Service,90000
34464,Application-26,M_Req,missing_destination,51,Application-26-Service,EndDevice-26,Application-26-Service,90000
34470,Application-25,M_Req,missing_destination,50,Application-25-Service,EndDevice-25,Application-25-Service,90000
34476,Application-38,M_Req,missing_destination,63,Application-38-Service,EndDevice-38,Application-38-Service,90000
34502,Application-39,M_Req,missing_destination,64,Application-39-Service,EndDevice-39,Application-39-Service,90100
34524,Application-38,M_Req,missing_destination,63,Application-38-Service,EndDevice-38,Application-38-Service,90100
34536,Application-47,M_Req,missing_destination,72,Application-47-Service,EndDevice-47,Application-47-Service,90200
34538,Application-45,M_Req,missing_destination,70,Application-45-Service,EndDevice-45,Application-45-Service,90200
34546,Application-39,M_Req,missing_destination,64,Application-39-Service,EndDevice-39,Application-39-Service,90200
34548,Application-46,M_Req,missing_destination,71,Application-46-Service,EndDevice-46,Application-46-Service,90200
34584,Application-47,M_Req,missing_destination,72,Application-47-Service,EndDevice-47,Application-47-Service,90300
34586,Application-45,M_Req,missing_destination,70,Application-45-Service,EndDevice-45,Application-45-Service,90300
34594,Application-39,M_Req,missing_destination,64,Application-39-Service,EndDevice-39,Application-39-Service,90300
34596,Application-46,M_Req,missing_destination,71,Application-46-Service,EndDevice-46,Application-46-Service,90300
34626,Application-47,M_Req,missing_destination,72,Application-47-Service,EndDevice-47,Application-47-Service,90400
34637,Application-32,M_Req,missing_destination,57,Application-32-Service,EndDevice-32,Application-32-Service,90500
34639,Application-30,M_Req,missing_destination,55,Application-30-Service,EndDevice-30,Application-30-Service,90500
34642,Application-46,M_Req,missing_destination,71,Application-46-Service,EndDevice-46,Application-46-Service,90500
34649,Application-29,M_Req,missing_destination,54,Application-29-Service,EndDevice-29,Application-29-Service,90500
34656,Application-31,M_Req,missing_destination,56,Application-31-Service,EndDevice-31,Application-31-Service,90500
34674,Application-47,M_Req,missing_destination,72,Application-47-Service,EndDevice-47,Application-47-Service,90500
34684,Application-32,M_Req,missing_destination,57,Application-32-Service,EndDevice-32,Application-32-Service,90600
34687,Application-46,M_Req,missing_destination,71,Application-46-Service,EndDevice-46,Application-46-Service,90600
34755,Application-3,M_Req,missing_destination,28,Application-3-Service,EndDevice-3,Application-3-Service,90800
34759,Application-4,M_Req,missing_destination,29,Application-4-Service,EndDevice-4,Application-4-Service,90800
34763,Application-1,M_Req,missing_destination,26,Application-1-Service,EndDevice-1,Application-1-Service,90800
34774,Application-2,M_Req,missing_destination,27,Application-2-Service,EndDevice-2,Application-2-Service,90800
34779,Application-48,M_Req,missing_destination,73,Application-48-Service,EndDevice-48,Application-48-Service,90800
34803,Application-3,M_Req,missing_destination,28,Application-3-Service,EndDevice-3,Application-3-Service,90900
34807,Application-4,M_Req,missing_destination,29,Application-4-Service,EndDevice-4,Application-4-Service,90900
34811,Application-1,M_Req,missing_destination,26,Application-1-Service,EndDevice-1,Application-1-Service,90900
34822,Application-2,M_Req,missing_destination,27,Application-2-Service,EndDevice-2,Application-2-Service,90900
34827,Application-48,M_Req,missing_destination,73,Application-48-Service,EndDevice-48,Application-48-Service,90900
34867,Application-48,M_Req,missing_destination,73,Application-48-Service,EndDevice-48,Application-48-Service,91100
34868,Application-34,M_Req,missing_destination,59,Application-34-Service,EndDevice-34,Application-34-Service,91100
34880,Application-33,M_Req,missing_destination,58,Application-33-Service,EndDevice-33,Application-33-Service,91100
34885,Application-35,M_Req,missing_destination,60,Application-35-Service,EndDevice-35,Application-35-Service,91100
34889,Application-36,M_Req,missing_destination,61,Application-36-Service,EndDevice-36,Application-36-Service,91100
34914,Application-48,M_Req,missing_destination,73,Application-48-Service,EndDevice-48,Application-48-Service,91200
34915,Application-34,M_Req,missing_destination,59,Application-34-Service,EndDevice-34,Application-34-Service,91200
34926,Application-33,M_Req,missing_destination,58,Application-33-Service,EndDevice-33,Application-33-Service,91200
34931,Application-35,M_Req,missing_destination,60,Application-35-Service,EndDevice-35,Application-35-Service,91200
34933,Application-36,M_Req,missing_destination,61,Application-36-Service,EndDevice-36,Application-36-Service,91200
35015,Application-10,M_Req,missing_destination,35,Application-10-Service,EndDevice-10,Application-10-Service,91500
35023,Application-11,M_Req,missing_destination,36,Application-11-Service,EndDevice-11,Application-11-Service,91500
35025,Application-46,M_Req,missing_destination,71,Application-46-Service,EndDevice-46,Application-46-Service,91500
35026,Application-12,M_Req,missing_destination,37,Application-12-Service,EndDevice-12,Application-12-Service,91500
35062,Application-10,M_Req,missing_destination,35,Application-10-Service,EndDevice-10,Application-10-Service,91600
35070,Application-46,M_Req,missing_destination,71,Application-46-Service,EndDevice-46,Application-46-Service,91600
35071,Application-12,M_Req,missing_destination,37,Application-12-Service,EndDevice-12,Application-12-Service,91600
35096,Application-20,M_Req,missing_destination,45,Application-20-Service,EndDevice-20,Application-20-Service,91700
35098,Application-19,M_Req,missing_destination,44,Application-19-Service,EndDevice-19,Application-19-Service,91700
35101,Application-18,M_Req,missing_destination,43,Application-18-Service,EndDevice-18,Application-18-Service,91700
35106,Application-17,M_Req,missing_destination,42,Application-17-Service,EndDevice-17,Application-17-Service,91700
35110,Application-10,M_Req,missing_destination,35,Application-10-Service,EndDevice-10,Application-10-Service,91700
35118,Application-46,M_Req,missing_destination,71,Application-46-Service,EndDevice-46,Application-46-Service,91700
35119,Application-12,M_Req,missing_destination,37,Application-12-Service,EndDevice-12,Application-12-Service,91700
35143,Application-20,M_Req,missing_destination,45,Application-20-Service,EndDevice-20,Application-20-Service,91800
35145,Application-18,M_Req,missing_destination,43,Application-18-Service,EndDevice-18,Application-18-Service,91800
35152,Application-10,M_Req,missing_destination,35,Application-10-Service,EndDevice-10,Application-10-Service,91800
35159,Application-46,M_Req,missing_destination,71,Application-46-Service,EndDevice-46,Application-46-Service,91800
35160,Application-12,M_Req,missing_destination,37,Application-12-Service,EndDevice-12,Application-12-Service,91800
35191,Application-20,M_Req,missing_destination,45,Application-20-Service,EndDevice-20,Application-20-Service,91900
35193,Application-18,M_Req,missing_destination,43,Application-18-Service,EndDevice-18,Application-18-Service,91900
35217,Application-44,M_Req,missing_destination,69,Application-44-Service,EndDevice-44,Application-44-Service,92000
35235,Application-20,M_Req,missing_destination,45,Application-20-Service,EndDevice-20,Application-20-Service,92000
35237,Application-18,M_Req,missing_destination,43,Application-18-Service,EndDevice-18,Application-18-Service,92000
35253,Application-43,M_Req,missing_destination,68,Application-43-Service,EndDevice-43,Application-43-Service,92100
35265,Application-44,M_Req,missing_destination,69,Application-44-Service,EndDevice-44,Application-44-Service,92100
35283,Application-20,M_Req,missing_destination,45,Application-20-Service,EndDevice-20,Application-20-Service,92100
35285,Application-18,M_Req,missing_destination,43,Application-18-Service,EndDevice-18,Application-18-Service,92100
35319,Application-45,M_Req,missing_destination,70,Application-45-Service,EndDevice-45,Application-45-Service,92300
35322,Application-20,M_Req,missing_destination,45,Application-20-Service,EndDevice-20,Application-20-Service,92300
35341,Application-47,M_Req,missing_destination,72,Application-47-Service,EndDevice-47,Application-47-Service,92300
35342,Application-46,M_Req,missing_destination,71,Application-46-Service,EndDevice-46,Application-46-Service,92300
35344,Application-48,M_Req,missing_destination,73,Application-48-Service,EndDevice-48,Application-48-Service,92300
35351,Application-42,M_Req,missing_destination,67,Application-42-Service,EndDevice-42,Application-42-Service,92300
35367,Application-45,M_Req,missing_destination,70,Application-45-Service,EndDevice-45,Application-45-Service,92400
35370,Application-20,M_Req,missing_destination,45,Application-20-Service,EndDevice-20,Application-20-Service,92400
35386,Application-47,M_Req,missing_destination,72,Application-47-Service,EndDevice-47,Application-47-Service,92400
35393,Application-42,M_Req,missing_destination,67,Application-42-Service,EndDevice-42,Application-42-Service,92400
35447,Application-44,M_Req,missing_destination,69,Application-44-Service,EndDevice-44,Application-44-Service,92600
35478,Application-43,M_Req,missing_destination,68,Application-43-Service,EndDevice-43,Application-43-Service,92700
35481,Application-42,M_Req,missing_destination,67,Application-42-Service,EndDevice-42,Application-42-Service,92700
35483,Application-17,M_Req,missing_destination,42,Application-17-Service,EndDevice-17,Application-17-Service,92700
35485,Application-41,M_Req,missing_destination,66,Application-41-Service,EndDevice-41,Application-41-Service,92700
35495,Application-44,M_Req,missing_destination,69,Application-44-Service,EndDevice-44,Application-44-Service,92700
35566,Application-41,M_Req,missing_destination,66,Application-41-Service,EndDevice-41,Application-41-Service,92900
35574,Application-43,M_Req,missing_destination,68,Application-43-Service,EndDevice-43,Application-43-Service,92900
35576,Application-42,M_Req,missing_destination,67,Application-42-Service,EndDevice-42,Application-42-Service,92900
35578,Application-17,M_Req,missing_destination,42,Application-17-Service,EndDevice-17,Application-17-Service,92900
35586,Application-44,M_Req,missing_destination,69,Application-44-Service,EndDevice-44,Application-44-Service,92900
35611,Application-41,M_Req,missing_destination,66,Application-41-Service,EndDevice-41,Application-41-Service,93000
35618,Application-43,M_Req,missing_destination,68,Application-43-Service,EndDevice-43,Application-43-Service,93000
35620,Application-42,M_Req,missing_destination,67,Application-42-Service,EndDevice-42,Application-42-Service,93000
35622,Application-17,M_Req,missing_destination,42,Application-17-Service,EndDevice-17,Application-17-Service,93000
35679,Application-13,M_Req,missing_destination,38,Application-13-Service,EndDevice-13,Application-13-Service,93200
35687,Application-14,M_Req,missing_destination,39,Application-14-Service,EndDevice-14,Application-14-Service,93200
35707,Application-16,M_Req,missing_destination,41,Application-16-Service,EndDevice-16,Application-16-Service,93300
35727,Application-13,M_Req,missing_destination,38,Application-13-Service,EndDevice-13,Application-13-Service,93300
35735,Application-14,M_Req,missing_destination,39,Application-14-Service,EndDevice-14,Application-14-Service,93300
35782,Application-19,M_Req,missing_destination,44,Application-19-Service,EndDevice-19,Application-19-Service,93500
35785,Application-18,M_Req,missing_destination,43,Application-18-Service,EndDevice-18,Application-18-Service,93500
35788,Application-9,M_Req,missing_destination,34,Application-9-Service,EndDevice-9,Application-9-Service,93500
35796,Application-10,M_Req,missing_destination,35,Application-10-Service,EndDevice-10,Application-10-Service,93500
35817,Application-12,M_Req,missing_destination,37,Application-12-Service,EndDevice-12,Application-12-Service,93500
35819,Application-11,M_Req,missing_destination,36,Application-11-Service,EndDevice-11,Application-11-Service,93500
35828,Application-19,M_Req,missing_destination,44,Application-19-Service,EndDevice-19,Application-19-Service,93600
35830,Application-18,M_Req,missing_destination,43,Application-18-Service,EndDevice-18,Application-18-Service,93600
35833,Application-9,M_Req,missing_destination,34,Application-9-Service,EndDevice-9,Application-9-Service,93600
35838,Application-10,M_Req,missing_destination,35,Application-10-Service,EndDevice-10,Application-10-Service,93600
35876,Application-19,M_Req,missing_destination,44,Application-19-Service,EndDevice-19,Application-19-Service,93700
35878,Application-18,M_Req,missing_destination,43,Application-18-Service,EndDevice-18,Application-18-Service,93700
35881,Application-9,M_Req,missing_destination,34,Application-9-Service,EndDevice-9,Application-9-Service,93700
35886,Application-10,M_Req,missing_destination,35,Application-10-Service,EndDevice-10,Application-10-Service,93700
35900,Application-44,M_Req,missing_destination,69,Application-44-Service,EndDevice-44,Application-44-Service,93800
35917,Application-19,M_Req,missing_destination,44,Application-19-Service,EndDevice-19,Application-19-Service,93800
35919,Application-18,M_Req,missing_destination,43,Application-18-Service,EndDevice-18,Application-18-Service,93800
35922,Application-9,M_Req,missing_destination,34,Application-9-Service,EndDevice-9,Application-9-Service,93800
35931,Application-42,M_Req,missing_destination,67,Application-42-Service,EndDevice-42,Application-42-Service,93900
35937,Application-43,M_Req,missing_destination,68,Application-43-Service,EndDevice-43,Application-43-Service,93900
35948,Application-44,M_Req,missing_destination,69,Application-44-Service,EndDevice-44,Application-44-Service,93900
35965,Application-19,M_Req,missing_destination,44,Application-19-Service,EndDevice-19,Application-19-Service,93900
35967,Application-18,M_Req,missing_destination,43,Application-18-Service,EndDevice-18,Application-18-Service,93900
35970,Application-9,M_Req,missing_destination,34,Application-9-Service,EndDevice-9,Application-9-Service,93900
35978,Application-42,M_Req,missing_destination,67,Application-42-Service,EndDevice-42,Application-42-Service,94000
35983,Application-43,M_Req,missing_destination,68,Application-43-Service,EndDevice-43,Application-43-Service,94000
35991,Application-44,M_Req,missing_destination,69,Application-44-Service,EndDevice-44,Application-44-Service,94000
36003,Application-24,M_Req,missing_destination,49,Application-24-Service,EndDevice-24,Application-24-Service,94100
36009,Application-9,M_Req,missing_destination,34,Application-9-Service,EndDevice-9,Application-9-Service,94100
36026,Application-42,M_Req,missing_destination,67,Application-42-Service,EndDevice-42,Application-42-Service,94100
36031,Application-43,M_Req,missing_destination,68,Application-43-Service,EndDevice-43,Application-43-Service,94100
36035,Application-23,M_Req,missing_destination,48,Application-23-Service,EndDevice-23,Application-23-Service,94100
36039,Application-44,M_Req,missing_destination,69,Application-44-Service,EndDevice-44,Application-44-Service,94100
36047,Application-21,M_Req,missing_destination,46,Application-21-Service,EndDevice-21,Application-21-Service,94100
36050,Application-22,M_Req,missing_destination,47,Application-22-Service,EndDevice-22,Application-22-Service,94100
36051,Application-24,M_Req,missing_destination,49,Application-24-Service,EndDevice-24,Application-24-Service,94200
36057,Application-9,M_Req,missing_destination,34,Application-9-Service,EndDevice-9,Application-9-Service,94200
36069,Application-42,M_Req,missing_destination,67,Application-42-Service,EndDevice-42,Application-42-Service,94200
36074,Application-43,M_Req,missing_destination,68,Application-43-Service,EndDevice-43,Application-43-Service,94200
36117,Application-42,M_Req,missing_destination,67,Application-42-Service,EndDevice-42,Application-42-Service,94300
36122,Application-43,M_Req,missing_destination,68,Application-43-Service,EndDevice-43,Application-43-Service,94300
36139,Application-2,M_Req,missing_destination,27,Application-2-Service,EndDevice-2,Application-2-Service,94400
36144,Application-1,M_Req,missing_destination,26,Application-1-Service,EndDevice-1,Application-1-Service,94400
36149,Application-3,M_Req,missing_destination,28,Application-3-Service,EndDevice-3,Application-3-Service,94400
36187,Application-2,M_Req,missing_destination,27,Application-2-Service,EndDevice-2,Application-2-Service,94500
36192,Application-1,M_Req,missing_destination,26,Application-1-Service,EndDevice-1,Application-1-Service,94500
36197,Application-3,M_Req,missing_destination,28,Application-3-Service,EndDevice-3,Application-3-Service,94500
36229,Application-2,M_Req,missing_destination,27,Application-2-Service,EndDevice-2,Application-2-Service,94600
36238,Application-31,M_Req,missing_destination,56,Application-31-Service,EndDevice-31,Application-31-Service,94700
36249,Application-29,M_Req,missing_destination,54,Application-29-Service,EndDevice-29,Application-29-Service,94700
36271,Application-32,M_Req,missing_destination,57,Application-32-Service,EndDevice-32,Application-32-Service,94700
36275,Application-30,M_Req,missing_destination,55,Application-30-Service,EndDevice-30,Application-30-Service,94700
36277,Application-2,M_Req,missing_destination,27,Application-2-Service,EndDevice-2,Application-2-Service,94700
36285,Application-31,M_Req,missing_destination,56,Application-31-Service,EndDevice-31,Application-31-Service,94800
36293,Application-29,M_Req,missing_destination,54,Application-29-Service,EndDevice-29,Application-29-Service,94800
36333,Application-31,M_Req,missing_destination,56,Application-31-Service,EndDevice-31,Application-31-Service,94900
36341,Application-29,M_Req,missing_destination,54,Application-29-Service,EndDevice-29,Application-29-Service,94900
36373,Application-48,M_Req,missing_destination,73,Application-48-Service,EndDevice-48,Application-48-Service,95000
36375,Application-46,M_Req,missing_destination,71,Application-46-Service,EndDevice-46,Application-46-Service,95000
36376,Application-31,M_Req,missing_destination,56,Application-31-Service,EndDevice-31,Application-31-Service,95000
36383,Application-29,M_Req,missing_destination,54,Application-29-Service,EndDevice-29,Application-29-Service,95000
36386,Application-45,M_Req,missing_destination,70,Application-45-Service,EndDevice-45,Application-45-Service,95000
36393,Application-47,M_Req,missing_destination,72,Application-47-Service,EndDevice-47,Application-47-Service,95100
36421,Application-48,M_Req,missing_destination,73,Application-48-Service,EndDevice-48,Application-48-Service,95100
36423,Application-46,M_Req,missing_destination,71,Application-46-Service,EndDevice-46,Application-46-Service,95100
36424,Application-31,M_Req,missing_destination,56,Application-31-Service,EndDevice-31,Application-31-Service,95100
36431,Application-29,M_Req,missing_destination,54,Application-29-Service,EndDevice-29,Application-29-Service,95100
36434,Application-45,M_Req,missing_destination,70,Application-45-Service,EndDevice-45,Application-45-Service,95100
36439,Application-47,M_Req,missing_destination,72,Application-47-Service,EndDevice-47,Application-47-Service,95200
36464,Application-7,M_Req,missing_destination,32,Application-7-Service,EndDevice-7,Application-7-Service,95300
36474,Application-6,M_Req,missing_destination,31,Application-6-Service,EndDevice-6,Application-6-Service,95300
36483,Application-8,M_Req,missing_destination,33,Application-8-Service,EndDevice-8,Application-8-Service,95300
36487,Application-47,M_Req,missing_destination,72,Application-47-Service,EndDevice-47,Application-47-Service,95300
36494,Application-5,M_Req,missing_destination,30,Application-5-Service,EndDevice-5,Application-5-Service,95300
36503,Application-3,M_Req,missing_destination,28,Application-3-Service,EndDevice-3,Application-3-Service,95300
36511,Application-7,M_Req,missing_destination,32,Application-7-Service,EndDevice-7,Application-7-Service,95400
36519,Application-6,M_Req,missing_destination,31,Application-6-Service,EndDevice-6,Application-6-Service,95400
36526,Application-8,M_Req,missing_destination,33,Application-8-Service,EndDevice-8,Application-8-Service,95400
36530,Application-47,M_Req,missing_destination,72,Application-47-Service,EndDevice-47,Application-47-Service,95400
36537,Application-5,M_Req,missing_destination,30,Application-5-Service,EndDevice-5,Application-5-Service,95400
36559,Application-7,M_Req,missing_destination,32,Application-7-Service,EndDevice-7,Application-7-Service,95500
36567,Application-6,M_Req,missing_destination,31,Application-6-Service,EndDevice-6,Application-6-Service,95500
36574,Application-8,M_Req,missing_destination,33,Application-8-Service,EndDevice-8,Application-8-Service,95500
36585,Application-5,M_Req,missing_destination,30,Application-5-Service,EndDevice-5,Application-5-Service,95500
36596,Application-19,M_Req,missing_destination,44,Application-19-Service,EndDevice-19,Application-19-Service,95600
36599,Application-20,M_Req,missing_destination,45,Application-20-Service,EndDevice-20,Application-20-Service,95600
36602,Application-17,M_Req,missing_destination,42,Application-17-Service,EndDevice-17,Application-17-Service,95600
36604,Application-7,M_Req,missing_destination,32,Application-7-Service,EndDevice-7,Application-7-Service,95600
36623,Application-18,M_Req,missing_destination,43,Application-18-Service,EndDevice-18,Application-18-Service,95700
36644,Application-19,M_Req,missing_destination,44,Application-19-Service,EndDevice-19,Application-19-Service,95700
36647,Application-20,M_Req,missing_destination,45,Application-20-Service,EndDevice-20,Application-20-Service,95700
36650,Application-17,M_Req,missing_destination,42,Application-17-Service,EndDevice-17,Application-17-Service,95700
36652,Application-7,M_Req,missing_destination,32,Application-7-Service,EndDevice-7,Application-7-Service,95700
36671,Application-18,M_Req,missing_destination,43,Application-18-Service,EndDevice-18,Application-18-Service,95800
36686,Application-19,M_Req,missing_destination,44,Application-19-Service,EndDevice-19,Application-19-Service,95800
36687,Application-20,M_Req,missing_destination,45,Application-20-Service,EndDevice-20,Application-20-Service,95800
36690,Application-17,M_Req,missing_destination,42,Application-17-Service,EndDevice-17,Application-17-Service,95800
36692,Application-7,M_Req,missing_destination,32,Application-7-Service,EndDevice-7,Application-7-Service,95900
36705,Application-16,M_Req,missing_destination,41,Application-16-Service,EndDevice-16,Application-16-Service,95900
36706,Application-14,M_Req,missing_destination,39,Application-14-Service,EndDevice-14,Application-14-Service,95900
36712,Application-15,M_Req,missing_destination,40,Application-15-Service,EndDevice-15,Application-15-Service,95900
36713,Application-8,M_Req,missing_destination,33,Application-8-Service,EndDevice-8,Application-8-Service,95900
36719,Application-18,M_Req,missing_destination,43,Application-18-Service,EndDevice-18,Application-18-Service,95900
36728,Application-13,M_Req,missing_destination,38,Application-13-Service,EndDevice-13,Application-13-Service,95900
36734,Application-19,M_Req,missing_destination,44,Application-19-Service,EndDevice-19,Application-19-Service,95900
36735,Application-20,M_Req,missing_destination,45,Application-20-Service,EndDevice-20,Application-20-Service,95900
36738,Application-17,M_Req,missing_destination,42,Application-17-Service,EndDevice-17,Application-17-Service,95900
36740,Application-7,M_Req,missing_destination,32,Application-7-Service,EndDevice-7,Application-7-Service,96000
36755,Application-15,M_Req,missing_destination,40,Application-15-Service,EndDevice-15,Application-15-Service,96000
36756,Application-8,M_Req,missing_destination,33,Application-8-Service,EndDevice-8,Application-8-Service,96000
36761,Application-18,M_Req,missing_destination,43,Application-18-Service,EndDevice-18,Application-18-Service,96000
36769,Application-13,M_Req,missing_destination,38,Application-13-Service,EndDevice-13,Application-13-Service,96000
36788,Application-7,M_Req,missing_destination,32,Application-7-Service,EndDevice-7,Application-7-Service,96100
36803,Application-15,M_Req,missing_destination,40,Application-15-Service,EndDevice-15,Application-15-Service,96100
36804,Application-8,M_Req,missing_destination,33,Application-8-Service,EndDevice-8,Application-8-Service,96100
36817,Application-13,M_Req,missing_destination,38,Application-13-Service,EndDevice-13,Application-13-Service,96100
36833,Application-31,M_Req,missing_destination,56,Application-31-Service,EndDevice-31,Application-31-Service,96200
36837,Application-32,M_Req,missing_destination,57,Application-32-Service,EndDevice-32,Application-32-Service,96200
36844,Application-29,M_Req,missing_destination,54,Application-29-Service,EndDevice-29,Application-29-Service,96200
36845,Application-15,M_Req,missing_destination,40,Application-15-Service,EndDevice-15,Application-15-Service,96200
36881,Application-31,M_Req,missing_destination,56,Application-31-Service,EndDevice-31,Application-31-Service,96300
36885,Application-32,M_Req,missing_destination,57,Application-32-Service,EndDevice-32,Application-32-Service,96300
36892,Application-29,M_Req,missing_destination,54,Application-29-Service,EndDevice-29,Application-29-Service,96300
36893,Application-15,M_Req,missing_destination,40,Application-15-Service,EndDevice-15,Application-15-Service,96300
36924,Application-37,M_Req,missing_destination,62,Application-37-Service,EndDevice-37,Application-37-Service,96500
36929,Application-38,M_Req,missing_destination,63,Application-38-Service,EndDevice-38,Application-38-Service,96500
36931,Application-29,M_Req,missing_destination,54,Application-29-Service,EndDevice-29,Application-29-Service,96500
36955,Application-39,M_Req,missing_destination,64,Application-39-Service,EndDevice-39,Application-39-Service,96500
36962,Application-20,M_Req,missing_destination,45,Application-20-Service,EndDevice-20,Application-20-Service,96500
36969,Application-40,M_Req,missing_destination,65,Application-40-Service,EndDevice-40,Application-40-Service,96500
36971,Application-37,M_Req,missing_destination,62,Application-37-Service,EndDevice-37,Application-37-Service,96600
36977,Application-29,M_Req,missing_destination,54,Application-29-Service,EndDevice-29,Application-29-Service,96600
36996,Application-39,M_Req,missing_destination,64,Application-39-Service,EndDevice-39,Application-39-Service,96600
37019,Application-37,M_Req,missing_destination,62,Application-37-Service,EndDevice-37,Application-37-Service,96700
37025,Application-29,M_Req,missing_destination,54,Application-29-Service,EndDevice-29,Application-29-Service,96700
37044,Application-39,M_Req,missing_destination,64,Application-39-Service,EndDevice-39,Application-39-Service,96700
37063,Application-37,M_Req,missing_destination,62,Application-37-Service,EndDevice-37,Application-37-Service,96800
37066,Application-3,M_Req,missing_destination,28,Application-3-Service,EndDevice-3,Application-3-Service,96800
37067,Application-29,M_Req,missing_destination,54,Application-29-Service,EndDevice-29,Application-29-Service,96800
37071,Application-4,M_Req,missing_destination,29,Application-4-Service,EndDevice-4,Application-4-Service,96800
37111,Application-37,M_Req,missing_destination,62,Application-37-Service,EndDevice-37,Application-37-Service,96900
37114,Application-3,M_Req,missing_destination,28,Application-3-Service,EndDevice-3,Application-3-Service,96900
37115,Application-29,M_Req,missing_destination,54,Application-29-Service,EndDevice-29,Application-29-Service,96900
37119,Application-4,M_Req,missing_destination,29,Application-4-Service,EndDevice-4,Application-4-Service,96900
37162,Application-35,M_Req,missing_destination,60,Application-35-Service,EndDevice-35,Application-35-Service,97100
37177,Application-34,M_Req,missing_destination,59,Application-34-Service,EndDevice-34,Application-34-Service,97100
37179,Application-1,M_Req,missing_destination,26,Application-1-Service,EndDevice-1,Application-1-Service,97100
37180,Application-33,M_Req,missing_destination,58,Application-33-Service,EndDevice-33,Application-33-Service,97100
37187,Application-36,M_Req,missing_destination,61,Application-36-Service,EndDevice-36,Application-36-Service,97100
37209,Application-35,M_Req,missing_destination,60,Application-35-Service,EndDevice-35,Application-35-Service,97200
37219,Application-34,M_Req,missing_destination,59,Application-34-Service,EndDevice-34,Application-34-Service,97200
37221,Application-1,M_Req,missing_destination,26,Application-1-Service,EndDevice-1,Application-1-Service,97200
37222,Application-33,M_Req,missing_destination,58,Application-33-Service,EndDevice-33,Application-33-Service,97200
37257,Application-35,M_Req,missing_destination,60,Application-35-Service,EndDevice-35,Application-35-Service,97300
37267,Application-34,M_Req,missing_destination,59,Application-34-Service,EndDevice-34,Application-34-Service,97300
37269,Application-1,M_Req,missing_destination,26,Application-1-Service,EndDevice-1,Application-1-Service,97300
37270,Application-33,M_Req,missing_destination,58,Application-33-Service,EndDevice-33,Application-33-Service,97300
37300,Application-35,M_Req,missing_destination,60,Application-35-Service,EndDevice-35,Application-35-Service,97400
37303,Application-7,M_Req,missing_destination,32,Application-7-Service,EndDevice-7,Application-7-Service,97400
37310,Application-33,M_Req,missing_destination,58,Application-33-Service,EndDevice-33,Application-33-Service,97500
37313,Application-5,M_Req,missing_destination,30,Application-5-Service,EndDevice-5,Application-5-Service,97500
37348,Application-35,M_Req,missing_destination,60,Application-35-Service,EndDevice-35,Application-35-Service,97500
37351,Application-7,M_Req,missing_destination,32,Application-7-Service,EndDevice-7,Application-7-Service,97500
37398,Application-34,M_Req,missing_destination,59,Application-34-Service,EndDevice-34,Application-34-Service,97700
37401,Application-27,M_Req,missing_destination,52,Application-27-Service,EndDevice-27,Application-27-Service,97700
37424,Application-28,M_Req,missing_destination,53,Application-28-Service,EndDevice-28,Application-28-Service,97700
37426,Application-26,M_Req,missing_destination,51,Application-26-Service,EndDevice-26,Application-26-Service,97700
37430,Application-25,M_Req,missing_destination,50,Application-25-Service,EndDevice-25,Application-25-Service,97700
37443,Application-34,M_Req,missing_destination,59,Application-34-Service,EndDevice-34,Application-34-Service,97800
37446,Application-27,M_Req,missing_destination,52,Application-27-Service,EndDevice-27,Application-27-Service,97800
37491,Application-34,M_Req,missing_destination,59,Application-34-Service,EndDevice-34,Application-34-Service,97900
37494,Application-27,M_Req,missing_destination,52,Application-27-Service,EndDevice-27,Application-27-Service,97900
37518,Application-44,M_Req,missing_destination,69,Application-44-Service,EndDevice-44,Application-44-Service,98000
37522,Application-42,M_Req,missing_destination,67,Application-42-Service,EndDevice-42,Application-42-Service,98000
37536,Application-43,M_Req,missing_destination,68,Application-43-Service,EndDevice-43,Application-43-Service,98100
37566,Application-44,M_Req,missing_destination,69,Application-44-Service,EndDevice-44,Application-44-Service,98100
37570,Application-42,M_Req,missing_destination,67,Application-42-Service,EndDevice-42,Application-42-Service,98100
37584,Application-43,M_Req,missing_destination,68,Application-43-Service,EndDevice-43,Application-43-Service,98200
37609,Application-44,M_Req,missing_destination,69,Application-44-Service,EndDevice-44,Application-44-Service,98200
37612,Application-42,M_Req,missing_destination,67,Application-42-Service,EndDevice-42,Application-42-Service,98200
37617,Application-7,M_Req,missing_destination,32,Application-7-Service,EndDevice-7,Application-7-Service,98300
37619,Application-8,M_Req,missing_destination,33,Application-8-Service,EndDevice-8,Application-8-Service,98300
37625,Application-41,M_Req,missing_destination,66,Application-41-Service,EndDevice-41,Application-41-Service,98300
37632,Application-43,M_Req,missing_destination,68,Application-43-Service,EndDevice-43,Application-43-Service,98300
37637,Application-6,M_Req,missing_destination,31,Application-6-Service,EndDevice-6,Application-6-Service,98300
37655,Application-25,M_Req,missing_destination,50,Application-25-Service,EndDevice-25,Application-25-Service,98300
37657,Application-44,M_Req,missing_destination,69,Application-44-Service,EndDevice-44,Application-44-Service,98300
37660,Application-42,M_Req,missing_destination,67,Application-42-Service,EndDevice-42,Application-42-Service,98300
37662,Application-5,M_Req,missing_destination,30,Application-5-Service,EndDevice-5,Application-5-Service,98300
37665,Application-7,M_Req,missing_destination,32,Application-7-Service,EndDevice-7,Application-7-Service,98400
37667,Application-8,M_Req,missing_destination,33,Application-8-Service,EndDevice-8,Application-8-Service,98400
37672,Application-41,M_Req,missing_destination,66,Application-41-Service,EndDevice-41,Application-41-Service,98400
37677,Application-43,M_Req,missing_destination,68,Application-43-Service,EndDevice-43,Application-43-Service,98400
37681,Application-6,M_Req,missing_destination,31,Application-6-Service,EndDevice-6,Application-6-Service,98400
37725,Application-43,M_Req,missing_destination,68,Application-43-Service,EndDevice-43,Application-43-Service,98500
37759,Application-20,M_Req,missing_destination,45,Application-20-Service,EndDevice-20,Application-20-Service,98600
37763,Application-17,M_Req,missing_destination,42,Application-17-Service,EndDevice-17,Application-17-Service,98600
37807,Application-20,M_Req,missing_destination,45,Application-20-Service,EndDevice-20,Application-20-Service,98700
37811,Application-17,M_Req,missing_destination,42,Application-17-Service,EndDevice-17,Application-17-Service,98700
37870,Application-27,M_Req,missing_destination,52,Application-27-Service,EndDevice-27,Application-27-Service,98900
37873,Application-19,M_Req,missing_destination,44,Application-19-Service,EndDevice-19,Application-19-Service,98900
37878,Application-26,M_Req,missing_destination,51,Application-26-Service,EndDevice-26,Application-26-Service,98900
37886,Application-25,M_Req,missing_destination,50,Application-25-Service,EndDevice-25,Application-25-Service,98900
37888,Application-28,M_Req,missing_destination,53,Application-28-Service,EndDevice-28,Application-28-Service,98900
37915,Application-27,M_Req,missing_destination,52,Application-27-Service,EndDevice-27,Application-27-Service,99000
37970,Application-25,M_Req,missing_destination,50,Application-25-Service,EndDevice-25,Application-25-Service,99200
37976,Application-36,M_Req,missing_destination,61,Application-36-Service,EndDevice-36,Application-36-Service,99200
37979,Application-35,M_Req,missing_destination,60,Application-35-Service,EndDevice-35,Application-35-Service,99200
37990,Application-34,M_Req,missing_destination,59,Application-34-Service,EndDevice-34,Application-34-Service,99200
37997,Application-33,M_Req,missing_destination,58,Application-33-Service,EndDevice-33,Application-33-Service,99300
38018,Application-25,M_Req,missing_destination,50,Application-25-Service,EndDevice-25,Application-25-Service,99300
38024,Application-36,M_Req,missing_destination,61,Application-36-Service,EndDevice-36,Application-36-Service,99300
38027,Application-35,M_Req,missing_destination,60,Application-35-Service,EndDevice-35,Application-35-Service,99300
38038,Application-34,M_Req,missing_destination,59,Application-34-Service,EndDevice-34,Application-34-Service,99300
38045,Application-33,M_Req,missing_destination,58,Application-33-Service,EndDevice-33,Application-33-Service,99400
38061,Application-25,M_Req,missing_destination,50,Application-25-Service,EndDevice-25,Application-25-Service,99400
38067,Application-36,M_Req,missing_destination,61,Application-36-Service,EndDevice-36,Application-36-Service,99400
38070,Application-35,M_Req,missing_destination,60,Application-35-Service,EndDevice-35,Application-35-Service,99400
38074,Application-22,M_Req,missing_destination,47,Application-22-Service,EndDevice-22,Application-22-Service,99500
38084,Application-23,M_Req,missing_destination,48,Application-23-Service,EndDevice-23,Application-23-Service,99500
38087,Application-21,M_Req,missing_destination,46,Application-21-Service,EndDevice-21,Application-21-Service,99500
38093,Application-33,M_Req,missing_destination,58,Application-33-Service,EndDevice-33,Application-33-Service,99500
38098,Application-24,M_Req,missing_destination,49,Application-24-Service,EndDevice-24,Application-24-Service,99500
38109,Application-25,M_Req,missing_destination,50,Application-25-Service,EndDevice-25,Application-25-Service,99500
38111,Application-28,M_Req,missing_destination,53,Application-28-Service,EndDevice-28,Application-28-Service,99500
38115,Application-36,M_Req,missing_destination,61,Application-36-Service,EndDevice-36,Application-36-Service,99500
38118,Application-35,M_Req,missing_destination,60,Application-35-Service,EndDevice-35,Application-35-Service,99500
38122,Application-22,M_Req,missing_destination,47,Application-22-Service,EndDevice-22,Application-22-Service,99600
38130,Application-23,M_Req,missing_destination,48,Application-23-Service,EndDevice-23,Application-23-Service,99600
38132,Application-21,M_Req,missing_destination,46,Application-21-Service,EndDevice-21,Application-21-Service,99600
38137,Application-33,M_Req,missing_destination,58,Application-33-Service,EndDevice-33,Application-33-Service,99600
38142,Application-24,M_Req,missing_destination,49,Application-24-Service,EndDevice-24,Application-24-Service,99600
38170,Application-22,M_Req,missing_destination,47,Application-22-Service,EndDevice-22,Application-22-Service,99700
38178,Application-23,M_Req,missing_destination,48,Application-23-Service,EndDevice-23,Application-23-Service,99700
38180,Application-21,M_Req,missing_destination,46,Application-21-Service,EndDevice-21,Application-21-Service,99700
38190,Application-24,M_Req,missing_destination,49,Application-24-Service,EndDevice-24,Application-24-Service,99700
38214,Application-22,M_Req,missing_destination,47,Application-22-Service,EndDevice-22,Application-22-Service,99800
38221,Application-23,M_Req,missing_destination,48,Application-23-Service,EndDevice-23,Application-23-Service,99800
38222,Application-21,M_Req,missing_destination,46,Application-21-Service,EndDevice-21,Application-21-Service,99800
38226,Application-33,M_Req,missing_destination,58,Application-33-Service,EndDevice-33,Application-33-Service,99900
38230,Application-24,M_Req,missing_destination,49,Application-24-Service,EndDevice-24,Application-24-Service,99900
38262,Application-22,M_Req,missing_destination,47,Application-22-Service,EndDevice-22,Application-22-Service,99900
38269,Application-23,M_Req,missing_destination,48,Application-23-Service,EndDevice-23,Application-23-Service,99900
38270,Application-21,M_Req,missing_destination,46,Application-21-Service,EndDevice-21,Application-21-Service,99900
