id,app,message,reason,TOPO.src,TOPO.dst,TOPO.srcLabel,TOPO.dstLabel,ctime
282,Application-1,M_Req,missing_destination,26,Application-1-Service,EndDevice-1,Application-1-Service,800
283,Application-4,M_Req,missing_destination,29,Application-4-Service,EndDevice-4,Application-4-Service,800
287,Application-15,M_Req,missing_destination,40,Application-15-Service,EndDevice-15,Application-15-Service,800
298,Application-37,M_Req,missing_destination,62,Application-37-Service,EndDevice-37,Application-37-Service,800
299,Application-40,M_Req,missing_destination,65,Application-40-Service,EndDevice-40,Application-40-Service,800
307,Application-38,M_Req,missing_destination,63,Application-38-Service,EndDevice-38,Application-38-Service,800
313,Application-3,M_Req,missing_destination,28,Application-3-Service,EndDevice-3,Application-3-Service,800
320,Application-16,M_Req,missing_destination,41,Application-16-Service,EndDevice-16,Application-16-Service,900
330,Application-1,M_Req,missing_destination,26,Application-1-Service,EndDevice-1,Application-1-Service,900
331,Application-4,M_Req,missing_destination,29,Application-4-Service,EndDevice-4,Application-4-Service,900
335,Application-15,M_Req,missing_destination,40,Application-15-Service,EndDevice-15,Application-15-Service,900
346,Application-37,M_Req,missing_destination,62,Application-37-Service,EndDevice-37,Application-37-Service,900
347,Application-40,M_Req,missing_destination,65,Application-40-Service,EndDevice-40,Application-40-Service,900
355,Application-38,M_Req,missing_destination,63,Application-38-Service,EndDevice-38,Application-38-Service,900
361,Application-3,M_Req,missing_destination,28,Application-3-Service,EndDevice-3,Application-3-Service,900
368,Application-16,M_Req,missing_destination,41,Application-16-Service,EndDevice-16,Application-16-Service,1000
377,Application-1,M_Req,missing_destination,26,Application-1-Service,EndDevice-1,Application-1-Service,1000
378,Application-4,M_Req,missing_destination,29,Application-4-Service,EndDevice-4,Application-4-Service,1000
381,Application-15,M_Req,missing_destination,40,Application-15-Service,EndDevice-15,Application-15-Service,1000
391,Application-40,M_Req,missing_destination,65,Application-40-Service,EndDevice-40,Application-40-Service,1000
396,Application-38,M_Req,missing_destination,63,Application-38-Service,EndDevice-38,Application-38-Service,1000
399,Application-5,M_Req,missing_destination,30,Application-5-Service,EndDevice-5,Application-5-Service,1100
410,Application-46,M_Req,missing_destination,71,Application-46-Service,EndDevice-46,Application-46-Service,1100
411,Application-8,M_Req,missing_destination,33,Application-8-Service,EndDevice-8,Application-8-Service,1100
413,Application-42,M_Req,missing_destination,67,Application-42-Service,EndDevice-42,Application-42-Service,1100
415,Application-7,M_Req,missing_destination,32,Application-7-Service,EndDevice-7,Application-7-Service,1100
416,Application-16,M_Req,missing_destination,41,Application-16-Service,EndDevice-16,Application-16-Service,1100
417,Application-47,M_Req,missing_destination,72,Application-47-Service,EndDevice-47,Application-47-Service,1100
419,Application-39,M_Req,missing_destination,64,Application-39-Service,EndDevice-39,Application-39-Service,1100
420,Application-14,M_Req,missing_destination,39,Application-14-Service,EndDevice-14,Application-14-Service,1100
425,Application-1,M_Req,missing_destination,26,Application-1-Service,EndDevice-1,Application-1-Service,1100
426,Application-4,M_Req,missing_destination,29,Application-4-Service,EndDevice-4,Application-4-Service,1100
427,Application-6,M_Req,missing_destination,31,Application-6-Service,EndDevice-6,Application-6-Service,1100
429,Application-15,M_Req,missing_destination,40,Application-15-Service,EndDevice-15,Application-15-Service,1100
439,Application-40,M_Req,missing_destination,65,Application-40-Service,EndDevice-40,Application-40-Service,1100
440,Application-43,M_Req,missing_destination,68,Application-43-Service,EndDevice-43,Application-43-Service,1100
441,Application-44,M_Req,missing_destination,69,Application-44-Service,EndDevice-44,Application-44-Service,1100
442,Application-45,M_Req,missing_destination,70,Application-45-Service,EndDevice-45,Application-45-Service,1100
443,Application-48,M_Req,missing_destination,73,Application-48-Service,EndDevice-48,Application-48-Service,1100
444,Application-38,M_Req,missing_destination,63,Application-38-Service,EndDevice-38,Application-38-Service,1100
445,Application-41,M_Req,missing_destination,66,Application-41-Service,EndDevice-41,Application-41-Service,1100
455,Application-46,M_Req,missing_destination,71,Application-46-Service,EndDevice-46,Application-46-Service,1200
456,Application-8,M_Req,missing_destination,33,Application-8-Service,EndDevice-8,Application-8-Service,1200
458,Application-42,M_Req,missing_destination,67,Application-42-Service,EndDevice-42,Application-42-Service,1200
459,Application-7,M_Req,missing_destination,32,Application-7-Service,EndDevice-7,Application-7-Service,1200
460,Application-47,M_Req,missing_destination,72,Application-47-Service,EndDevice-47,Application-47-Service,1200
462,Application-39,M_Req,missing_destination,64,Application-39-Service,EndDevice-39,Application-39-Service,1200
463,Application-14,M_Req,missing_destination,39,Application-14-Service,EndDevice-14,Application-14-Service,1200
504,Application-8,M_Req,missing_destination,33,Application-8-Service,EndDevice-8,Application-8-Service,1300
506,Application-42,M_Req,missing_destination,67,Application-42-Service,EndDevice-42,Application-42-Service,1300
507,Application-7,M_Req,missing_destination,32,Application-7-Service,EndDevice-7,Application-7-Service,1300
511,Application-14,M_Req,missing_destination,39,Application-14-Service,EndDevice-14,Application-14-Service,1300
546,Application-46,M_Req,missing_destination,71,Application-46-Service,EndDevice-46,Application-46-Service,1400
547,Application-8,M_Req,missing_destination,33,Application-8-Service,EndDevice-8,Application-8-Service,1400
594,Application-46,M_Req,missing_destination,71,Application-46-Service,EndDevice-46,Application-46-Service,1500
595,Application-8,M_Req,missing_destination,33,Application-8-Service,EndDevice-8,Application-8-Service,1500
629,Application-3,M_Req,missing_destination,28,Application-3-Service,EndDevice-3,Application-3-Service,1700
631,Application-37,M_Req,missing_destination,62,Application-37-Service,EndDevice-37,Application-37-Service,1700
634,Application-8,M_Req,missing_destination,33,Application-8-Service,EndDevice-8,Application-8-Service,1700
635,Application-41,M_Req,missing_destination,66,Application-41-Service,EndDevice-41,Application-41-Service,1700
637,Application-43,M_Req,missing_destination,68,Application-43-Service,EndDevice-43,Application-43-Service,1700
640,Application-35,M_Req,missing_destination,60,Application-35-Service,EndDevice-35,Application-35-Service,1700
641,Application-36,M_Req,missing_destination,61,Application-36-Service,EndDevice-36,Application-36-Service,1700
644,Application-42,M_Req,missing_destination,67,Application-42-Service,EndDevice-42,Application-42-Service,1700
646,Application-11,M_Req,missing_destination,36,Application-11-Service,EndDevice-11,Application-11-Service,1700
648,Application-12,M_Req,missing_destination,37,Application-12-Service,EndDevice-12,Application-12-Service,1700
651,Application-34,M_Req,missing_destination,59,Application-34-Service,EndDevice-34,Application-34-Service,1700
653,Application-9,M_Req,missing_destination,34,Application-9-Service,EndDevice-9,Application-9-Service,1700
656,Application-10,M_Req,missing_destination,35,Application-10-Service,EndDevice-10,Application-10-Service,1700
659,Application-1,M_Req,missing_destination,26,Application-1-Service,EndDevice-1,Application-1-Service,1700
667,Application-44,M_Req,missing_destination,69,Application-44-Service,EndDevice-44,Application-44-Service,1700
669,Application-38,M_Req,missing_destination,63,Application-38-Service,EndDevice-38,Application-38-Service,1700
670,Application-33,M_Req,missing_destination,58,Application-33-Service,EndDevice-33,Application-33-Service,1700
671,Application-16,M_Req,missing_destination,41,Application-16-Service,EndDevice-16,Application-16-Service,1700
677,Application-3,M_Req,missing_destination,28,Application-3-Service,EndDevice-3,Application-3-Service,1800
679,Application-37,M_Req,missing_destination,62,Application-37-Service,EndDevice-37,Application-37-Service,1800
682,Application-8,M_Req,missing_destination,33,Application-8-Service,EndDevice-8,Application-8-Service,1800
683,Application-41,M_Req,missing_destination,66,Application-41-Service,EndDevice-41,Application-41-Service,1800
685,Application-43,M_Req,missing_destination,68,Application-43-Service,EndDevice-43,Application-43-Service,1800
687,Application-35,M_Req,missing_destination,60,Application-35-Service,EndDevice-35,Application-35-Service,1800
688,Application-36,M_Req,missing_destination,61,Application-36-Service,EndDevice-36,Application-36-Service,1800
691,Application-42,M_Req,missing_destination,67,Application-42-Service,EndDevice-42,Application-42-Service,1800
692,Application-11,M_Req,missing_destination,36,Application-11-Service,EndDevice-11,Application-11-Service,1800
695,Application-34,M_Req,missing_destination,59,Application-34-Service,EndDevice-34,Application-34-Service,1800
697,Application-9,M_Req,missing_destination,34,Application-9-Service,EndDevice-9,Application-9-Service,1800
700,Application-10,M_Req,missing_destination,35,Application-10-Service,EndDevice-10,Application-10-Service,1800
727,Application-37,M_Req,missing_destination,62,Application-37-Service,EndDevice-37,Application-37-Service,1900
731,Application-41,M_Req,missing_destination,66,Application-41-Service,EndDevice-41,Application-41-Service,1900
739,Application-42,M_Req,missing_destination,67,Application-42-Service,EndDevice-42,Application-42-Service,1900
740,Application-11,M_Req,missing_destination,36,Application-11-Service,EndDevice-11,Application-11-Service,1900
745,Application-9,M_Req,missing_destination,34,Application-9-Service,EndDevice-9,Application-9-Service,1900
748,Application-10,M_Req,missing_destination,35,Application-10-Service,EndDevice-10,Application-10-Service,1900
751,Application-1,M_Req,missing_destination,26,Application-1-Service,EndDevice-1,Application-1-Service,2000
754,Application-22,M_Req,missing_destination,47,Application-22-Service,EndDevice-22,Application-22-Service,2000
755,Application-28,M_Req,missing_destination,53,Application-28-Service,EndDevice-28,Application-28-Service,2000
756,Application-33,M_Req,missing_destination,58,Application-33-Service,EndDevice-33,Application-33-Service,2000
758,Application-24,M_Req,missing_destination,49,Application-24-Service,EndDevice-24,Application-24-Service,2000
760,Application-25,M_Req,missing_destination,50,Application-25-Service,EndDevice-25,Application-25-Service,2000
761,Application-6,M_Req,missing_destination,31,Application-6-Service,EndDevice-6,Application-6-Service,2000
765,Application-40,M_Req,missing_destination,65,Application-40-Service,EndDevice-40,Application-40-Service,2000
769,Application-37,M_Req,missing_destination,62,Application-37-Service,EndDevice-37,Application-37-Service,2000
771,Application-31,M_Req,missing_destination,56,Application-31-Service,EndDevice-31,Application-31-Service,2000
773,Application-41,M_Req,missing_destination,66,Application-41-Service,EndDevice-41,Application-41-Service,2000
776,Application-26,M_Req,missing_destination,51,Application-26-Service,EndDevice-26,Application-26-Service,2000
778,Application-32,M_Req,missing_destination,57,Application-32-Service,EndDevice-32,Application-32-Service,2000
780,Application-42,M_Req,missing_destination,67,Application-42-Service,EndDevice-42,Application-42-Service,2100
781,Application-11,M_Req,missing_destination,36,Application-11-Service,EndDevice-11,Application-11-Service,2100
784,Application-30,M_Req,missing_destination,55,Application-30-Service,EndDevice-30,Application-30-Service,2100
785,Application-9,M_Req,missing_destination,34,Application-9-Service,EndDevice-9,Application-9-Service,2100
786,Application-29,M_Req,missing_destination,54,Application-29-Service,EndDevice-29,Application-29-Service,2100
787,Application-23,M_Req,missing_destination,48,Application-23-Service,EndDevice-23,Application-23-Service,2100
788,Application-10,M_Req,missing_destination,35,Application-10-Service,EndDevice-10,Application-10-Service,2100
799,Application-1,M_Req,missing_destination,26,Application-1-Service,EndDevice-1,Application-1-Service,2100
802,Application-22,M_Req,missing_destination,47,Application-22-Service,EndDevice-22,Application-22-Service,2100
803,Application-28,M_Req,missing_destination,53,Application-28-Service,EndDevice-28,Application-28-Service,2100
804,Application-33,M_Req,missing_destination,58,Application-33-Service,EndDevice-33,Application-33-Service,2100
806,Application-24,M_Req,missing_destination,49,Application-24-Service,EndDevice-24,Application-24-Service,2100
808,Application-25,M_Req,missing_destination,50,Application-25-Service,EndDevice-25,Application-25-Service,2100
809,Application-6,M_Req,missing_destination,31,Application-6-Service,EndDevice-6,Application-6-Service,2100
813,Application-40,M_Req,missing_destination,65,Application-40-Service,EndDevice-40,Application-40-Service,2100
817,Application-37,M_Req,missing_destination,62,Application-37-Service,EndDevice-37,Application-37-Service,2100
819,Application-31,M_Req,missing_destination,56,Application-31-Service,EndDevice-31,Application-31-Service,2100
821,Application-41,M_Req,missing_destination,66,Application-41-Service,EndDevice-41,Application-41-Service,2100
824,Application-26,M_Req,missing_destination,51,Application-26-Service,EndDevice-26,Application-26-Service,2100
826,Application-32,M_Req,missing_destination,57,Application-32-Service,EndDevice-32,Application-32-Service,2100
828,Application-11,M_Req,missing_destination,36,Application-11-Service,EndDevice-11,Application-11-Service,2200
832,Application-9,M_Req,missing_destination,34,Application-9-Service,EndDevice-9,Application-9-Service,2200
833,Application-23,M_Req,missing_destination,48,Application-23-Service,EndDevice-23,Application-23-Service,2200
844,Application-1,M_Req,missing_destination,26,Application-1-Service,EndDevice-1,Application-1-Service,2200
847,Application-22,M_Req,missing_destination,47,Application-22-Service,EndDevice-22,Application-22-Service,2200
848,Application-28,M_Req,missing_destination,53,Application-28-Service,EndDevice-28,Application-28-Service,2200
850,Application-24,M_Req,missing_destination,49,Application-24-Service,EndDevice-24,Application-24-Service,2200
852,Application-25,M_Req,missing_destination,50,Application-25-Service,EndDevice-25,Application-25-Service,2200
853,Application-6,M_Req,missing_destination,31,Application-6-Service,EndDevice-6,Application-6-Service,2200
856,Application-40,M_Req,missing_destination,65,Application-40-Service,EndDevice-40,Application-40-Service,2200
858,Application-20,M_Req,missing_destination,45,Application-20-Service,EndDevice-20,Application-20-Service,2300
859,Application-37,M_Req,missing_destination,62,Application-37-Service,EndDevice-37,Application-37-Service,2300
861,Application-31,M_Req,missing_destination,56,Application-31-Service,EndDevice-31,Application-31-Service,2300
862,Application-8,M_Req,missing_destination,33,Application-8-Service,EndDevice-8,Application-8-Service,2300
863,Application-41,M_Req,missing_destination,66,Application-41-Service,EndDevice-41,Application-41-Service,2300
864,Application-43,M_Req,missing_destination,68,Application-43-Service,EndDevice-43,Application-43-Service,2300
865,Application-35,M_Req,missing_destination,60,Application-35-Service,EndDevice-35,Application-35-Service,2300
869,Application-33,M_Req,missing_destination,58,Application-33-Service,EndDevice-33,Application-33-Service,2300
870,Application-42,M_Req,missing_destination,67,Application-42-Service,EndDevice-42,Application-42-Service,2300
872,Application-44,M_Req,missing_destination,69,Application-44-Service,EndDevice-44,Application-44-Service,2300
875,Application-26,M_Req,missing_destination,51,Application-26-Service,EndDevice-26,Application-26-Service,2300
876,Application-11,M_Req,missing_destination,36,Application-11-Service,EndDevice-11,Application-11-Service,2300
880,Application-9,M_Req,missing_destination,34,Application-9-Service,EndDevice-9,Application-9-Service,2300
881,Application-23,M_Req,missing_destination,48,Application-23-Service,EndDevice-23,Application-23-Service,2300
884,Application-17,M_Req,missing_destination,42,Application-17-Service,EndDevice-17,Application-17-Service,2300
885,Application-38,M_Req,missing_destination,63,Application-38-Service,EndDevice-38,Application-38-Service,2300
887,Application-36,M_Req,missing_destination,61,Application-36-Service,EndDevice-36,Application-36-Service,2300
888,Application-21,M_Req,missing_destination,46,Application-21-Service,EndDevice-21,Application-21-Service,2300
889,Application-27,M_Req,missing_destination,52,Application-27-Service,EndDevice-27,Application-27-Service,2300
891,Application-7,M_Req,missing_destination,32,Application-7-Service,EndDevice-7,Application-7-Service,2300
892,Application-1,M_Req,missing_destination,26,Application-1-Service,EndDevice-1,Application-1-Service,2300
893,Application-18,M_Req,missing_destination,43,Application-18-Service,EndDevice-18,Application-18-Service,2300
894,Application-19,M_Req,missing_destination,44,Application-19-Service,EndDevice-19,Application-19-Service,2300
895,Application-22,M_Req,missing_destination,47,Application-22-Service,EndDevice-22,Application-22-Service,2300
896,Application-28,M_Req,missing_destination,53,Application-28-Service,EndDevice-28,Application-28-Service,2300
897,Application-4,M_Req,missing_destination,29,Application-4-Service,EndDevice-4,Application-4-Service,2300
898,Application-24,M_Req,missing_destination,49,Application-24-Service,EndDevice-24,Application-24-Service,2300
899,Application-5,M_Req,missing_destination,30,Application-5-Service,EndDevice-5,Application-5-Service,2300
900,Application-25,M_Req,missing_destination,50,Application-25-Service,EndDevice-25,Application-25-Service,2300
901,Application-6,M_Req,missing_destination,31,Application-6-Service,EndDevice-6,Application-6-Service,2300
903,Application-12,M_Req,missing_destination,37,Application-12-Service,EndDevice-12,Application-12-Service,2300
904,Application-40,M_Req,missing_destination,65,Application-40-Service,EndDevice-40,Application-40-Service,2300
906,Application-20,M_Req,missing_destination,45,Application-20-Service,EndDevice-20,Application-20-Service,2400
907,Application-37,M_Req,missing_destination,62,Application-37-Service,EndDevice-37,Application-37-Service,2400
909,Application-8,M_Req,missing_destination,33,Application-8-Service,EndDevice-8,Application-8-Service,2400
910,Application-41,M_Req,missing_destination,66,Application-41-Service,EndDevice-41,Application-41-Service,2400
911,Application-43,M_Req,missing_destination,68,Application-43-Service,EndDevice-43,Application-43-Service,2400
913,Application-42,M_Req,missing_destination,67,Application-42-Service,EndDevice-42,Application-42-Service,2400
917,Application-26,M_Req,missing_destination,51,Application-26-Service,EndDevice-26,Application-26-Service,2400
918,Application-11,M_Req,missing_destination,36,Application-11-Service,EndDevice-11,Application-11-Service,2400
922,Application-9,M_Req,missing_destination,34,Application-9-Service,EndDevice-9,Application-9-Service,2400
923,Application-23,M_Req,missing_destination,48,Application-23-Service,EndDevice-23,Application-23-Service,2400
926,Application-17,M_Req,missing_destination,42,Application-17-Service,EndDevice-17,Application-17-Service,2400
927,Application-38,M_Req,missing_destination,63,Application-38-Service,EndDevice-38,Application-38-Service,2400
929,Application-36,M_Req,missing_destination,61,Application-36-Service,EndDevice-36,Application-36-Service,2400
930,Application-21,M_Req,missing_destination,46,Application-21-Service,EndDevice-21,Application-21-Service,2400
954,Application-20,M_Req,missing_destination,45,Application-20-Service,EndDevice-20,Application-20-Service,2500
957,Application-8,M_Req,missing_destination,33,Application-8-Service,EndDevice-8,Application-8-Service,2500
958,Application-41,M_Req,missing_destination,66,Application-41-Service,EndDevice-41,Application-41-Service,2500
959,Application-43,M_Req,missing_destination,68,Application-43-Service,EndDevice-43,Application-43-Service,2500
961,Application-42,M_Req,missing_destination,67,Application-42-Service,EndDevice-42,Application-42-Service,2500
965,Application-26,M_Req,missing_destination,51,Application-26-Service,EndDevice-26,Application-26-Service,2500
966,Application-11,M_Req,missing_destination,36,Application-11-Service,EndDevice-11,Application-11-Service,2500
974,Application-17,M_Req,missing_destination,42,Application-17-Service,EndDevice-17,Application-17-Service,2500
977,Application-36,M_Req,missing_destination,61,Application-36-Service,EndDevice-36,Application-36-Service,2500
978,Application-21,M_Req,missing_destination,46,Application-21-Service,EndDevice-21,Application-21-Service,2500
987,Application-45,M_Req,missing_destination,70,Application-45-Service,EndDevice-45,Application-45-Service,2600
991,Application-31,M_Req,missing_destination,56,Application-31-Service,EndDevice-31,Application-31-Service,2600
993,Application-32,M_Req,missing_destination,57,Application-32-Service,EndDevice-32,Application-32-Service,2600
997,Application-20,M_Req,missing_destination,45,Application-20-Service,EndDevice-20,Application-20-Service,2600
1000,Application-8,M_Req,missing_destination,33,Application-8-Service,EndDevice-8,Application-8-Service,2600
1001,Application-41,M_Req,missing_destination,66,Application-41-Service,EndDevice-41,Application-41-Service,2600
1002,Application-43,M_Req,missing_destination,68,Application-43-Service,EndDevice-43,Application-43-Service,2600
1004,Application-42,M_Req,missing_destination,67,Application-42-Service,EndDevice-42,Application-42-Service,2600
1005,Application-29,M_Req,missing_destination,54,Application-29-Service,EndDevice-29,Application-29-Service,2600
1006,Application-47,M_Req,missing_destination,72,Application-47-Service,EndDevice-47,Application-47-Service,2600
1035,Application-45,M_Req,missing_destination,70,Application-45-Service,EndDevice-45,Application-45-Service,2700
1039,Application-31,M_Req,missing_destination,56,Application-31-Service,EndDevice-31,Application-31-Service,2700
1041,Application-32,M_Req,missing_destination,57,Application-32-Service,EndDevice-32,Application-32-Service,2700
1045,Application-20,M_Req,missing_destination,45,Application-20-Service,EndDevice-20,Application-20-Service,2700
1048,Application-8,M_Req,missing_destination,33,Application-8-Service,EndDevice-8,Application-8-Service,2700
1049,Application-41,M_Req,missing_destination,66,Application-41-Service,EndDevice-41,Application-41-Service,2700
1050,Application-43,M_Req,missing_destination,68,Application-43-Service,EndDevice-43,Application-43-Service,2700
1052,Application-42,M_Req,missing_destination,67,Application-42-Service,EndDevice-42,Application-42-Service,2700
1053,Application-29,M_Req,missing_destination,54,Application-29-Service,EndDevice-29,Application-29-Service,2700
1054,Application-47,M_Req,missing_destination,72,Application-47-Service,EndDevice-47,Application-47-Service,2700
1095,Application-7,M_Req,missing_destination,32,Application-7-Service,EndDevice-7,Application-7-Service,2900
1097,Application-8,M_Req,missing_destination,33,Application-8-Service,EndDevice-8,Application-8-Service,2900
1098,Application-26,M_Req,missing_destination,51,Application-26-Service,EndDevice-26,Application-26-Service,2900
1143,Application-8,M_Req,missing_destination,33,Application-8-Service,EndDevice-8,Application-8-Service,3000
1144,Application-26,M_Req,missing_destination,51,Application-26-Service,EndDevice-26,Application-26-Service,3000
2455,Application-33,M_Req,missing_destination,58,Application-33-Service,EndDevice-33,Application-33-Service,6500
2468,Application-36,M_Req,missing_destination,61,Application-36-Service,EndDevice-36,Application-36-Service,6500
2474,Application-22,M_Req,missing_destination,47,Application-22-Service,EndDevice-22,Application-22-Service,6500
2475,Application-28,M_Req,missing_destination,53,Application-28-Service,EndDevice-28,Application-28-Service,6500
2477,Application-20,M_Req,missing_destination,45,Application-20-Service,EndDevice-20,Application-20-Service,6500
2478,Application-39,M_Req,missing_destination,64,Application-39-Service,EndDevice-39,Application-39-Service,6500
2479,Application-24,M_Req,missing_destination,49,Application-24-Service,EndDevice-24,Application-24-Service,6500
2480,Application-7,M_Req,missing_destination,32,Application-7-Service,EndDevice-7,Application-7-Service,6500
2481,Application-23,M_Req,missing_destination,48,Application-23-Service,EndDevice-23,Application-23-Service,6500
2482,Application-40,M_Req,missing_destination,65,Application-40-Service,EndDevice-40,Application-40-Service,6500
2483,Application-19,M_Req,missing_destination,44,Application-19-Service,EndDevice-19,Application-19-Service,6500
2491,Application-8,M_Req,missing_destination,33,Application-8-Service,EndDevice-8,Application-8-Service,6500
2492,Application-12,M_Req,missing_destination,37,Application-12-Service,EndDevice-12,Application-12-Service,6500
2493,Application-48,M_Req,missing_destination,73,Application-48-Service,EndDevice-48,Application-48-Service,6500
2494,Application-6,M_Req,missing_destination,31,Application-6-Service,EndDevice-6,Application-6-Service,6500
2495,Application-34,M_Req,missing_destination,59,Application-34-Service,EndDevice-34,Application-34-Service,6500
2496,Application-27,M_Req,missing_destination,52,Application-27-Service,EndDevice-27,Application-27-Service,6500
2497,Application-15,M_Req,missing_destination,40,Application-15-Service,EndDevice-15,Application-15-Service,6500
2498,Application-35,M_Req,missing_destination,60,Application-35-Service,EndDevice-35,Application-35-Service,6500
2499,Application-5,M_Req,missing_destination,30,Application-5-Service,EndDevice-5,Application-5-Service,6500
2500,Application-38,M_Req,missing_destination,63,Application-38-Service,EndDevice-38,Application-38-Service,6500
2503,Application-33,M_Req,missing_destination,58,Application-33-Service,EndDevice-33,Application-33-Service,6600
2513,Application-36,M_Req,missing_destination,61,Application-36-Service,EndDevice-36,Application-36-Service,6600
2518,Application-22,M_Req,missing_destination,47,Application-22-Service,EndDevice-22,Application-22-Service,6600
2519,Application-28,M_Req,missing_destination,53,Application-28-Service,EndDevice-28,Application-28-Service,6600
2520,Application-20,M_Req,missing_destination,45,Application-20-Service,EndDevice-20,Application-20-Service,6600
2521,Application-39,M_Req,missing_destination,64,Application-39-Service,EndDevice-39,Application-39-Service,6600
2522,Application-24,M_Req,missing_destination,49,Application-24-Service,EndDevice-24,Application-24-Service,6600
2523,Application-7,M_Req,missing_destination,32,Application-7-Service,EndDevice-7,Application-7-Service,6600
2524,Application-23,M_Req,missing_destination,48,Application-23-Service,EndDevice-23,Application-23-Service,6600
2525,Application-40,M_Req,missing_destination,65,Application-40-Service,EndDevice-40,Application-40-Service,6600
2685,Application-13,M_Req,missing_destination,38,Application-13-Service,EndDevice-13,Application-13-Service,7100
2686,Application-10,M_Req,missing_destination,35,Application-10-Service,EndDevice-10,Application-10-Service,7100
2687,Application-26,M_Req,missing_destination,51,Application-26-Service,EndDevice-26,Application-26-Service,7100
2688,Application-37,M_Req,missing_destination,62,Application-37-Service,EndDevice-37,Application-37-Service,7100
2689,Application-25,M_Req,missing_destination,50,Application-25-Service,EndDevice-25,Application-25-Service,7100
2692,Application-36,M_Req,missing_destination,61,Application-36-Service,EndDevice-36,Application-36-Service,7100
2694,Application-11,M_Req,missing_destination,36,Application-11-Service,EndDevice-11,Application-11-Service,7100
2695,Application-22,M_Req,missing_destination,47,Application-22-Service,EndDevice-22,Application-22-Service,7100
2696,Application-28,M_Req,missing_destination,53,Application-28-Service,EndDevice-28,Application-28-Service,7100
2697,Application-20,M_Req,missing_destination,45,Application-20-Service,EndDevice-20,Application-20-Service,7100
2700,Application-31,M_Req,missing_destination,56,Application-31-Service,EndDevice-31,Application-31-Service,7100
2701,Application-33,M_Req,missing_destination,58,Application-33-Service,EndDevice-33,Application-33-Service,7100
2702,Application-23,M_Req,missing_destination,48,Application-23-Service,EndDevice-23,Application-23-Service,7100
2703,Application-29,M_Req,missing_destination,54,Application-29-Service,EndDevice-29,Application-29-Service,7100
2705,Application-14,M_Req,missing_destination,39,Application-14-Service,EndDevice-14,Application-14-Service,7100
2706,Application-16,M_Req,missing_destination,41,Application-16-Service,EndDevice-16,Application-16-Service,7100
2710,Application-35,M_Req,missing_destination,60,Application-35-Service,EndDevice-35,Application-35-Service,7100
2711,Application-7,M_Req,missing_destination,32,Application-7-Service,EndDevice-7,Application-7-Service,7100
2712,Application-19,M_Req,missing_destination,44,Application-19-Service,EndDevice-19,Application-19-Service,7100
2715,Application-17,M_Req,missing_destination,42,Application-17-Service,EndDevice-17,Application-17-Service,7100
2716,Application-8,M_Req,missing_destination,33,Application-8-Service,EndDevice-8,Application-8-Service,7100
2717,Application-12,M_Req,missing_destination,37,Application-12-Service,EndDevice-12,Application-12-Service,7100
2719,Application-6,M_Req,missing_destination,31,Application-6-Service,EndDevice-6,Application-6-Service,7100
2720,Application-34,M_Req,missing_destination,59,Application-34-Service,EndDevice-34,Application-34-Service,7100
2721,Application-27,M_Req,missing_destination,52,Application-27-Service,EndDevice-27,Application-27-Service,7100
2722,Application-15,M_Req,missing_destination,40,Application-15-Service,EndDevice-15,Application-15-Service,7100
2723,Application-5,M_Req,missing_destination,30,Application-5-Service,EndDevice-5,Application-5-Service,7100
2724,Application-38,M_Req,missing_destination,63,Application-38-Service,EndDevice-38,Application-38-Service,7100
2725,Application-30,M_Req,missing_destination,55,Application-30-Service,EndDevice-30,Application-30-Service,7100
2727,Application-9,M_Req,missing_destination,34,Application-9-Service,EndDevice-9,Application-9-Service,7100
2728,Application-32,M_Req,missing_destination,57,Application-32-Service,EndDevice-32,Application-32-Service,7100
2730,Application-18,M_Req,missing_destination,43,Application-18-Service,EndDevice-18,Application-18-Service,7100
2731,Application-21,M_Req,missing_destination,46,Application-21-Service,EndDevice-21,Application-21-Service,7100
2732,Application-13,M_Req,missing_destination,38,Application-13-Service,EndDevice-13,Application-13-Service,7200
2733,Application-10,M_Req,missing_destination,35,Application-10-Service,EndDevice-10,Application-10-Service,7200
2734,Application-26,M_Req,missing_destination,51,Application-26-Service,EndDevice-26,Application-26-Service,7200
2735,Application-37,M_Req,missing_destination,62,Application-37-Service,EndDevice-37,Application-37-Service,7200
2736,Application-25,M_Req,missing_destination,50,Application-25-Service,EndDevice-25,Application-25-Service,7200
2739,Application-36,M_Req,missing_destination,61,Application-36-Service,EndDevice-36,Application-36-Service,7200
2740,Application-11,M_Req,missing_destination,36,Application-11-Service,EndDevice-11,Application-11-Service,7200
2741,Application-22,M_Req,missing_destination,47,Application-22-Service,EndDevice-22,Application-22-Service,7200
2742,Application-28,M_Req,missing_destination,53,Application-28-Service,EndDevice-28,Application-28-Service,7200
2743,Application-20,M_Req,missing_destination,45,Application-20-Service,EndDevice-20,Application-20-Service,7200
2745,Application-31,M_Req,missing_destination,56,Application-31-Service,EndDevice-31,Application-31-Service,7200
2746,Application-33,M_Req,missing_destination,58,Application-33-Service,EndDevice-33,Application-33-Service,7200
2747,Application-29,M_Req,missing_destination,54,Application-29-Service,EndDevice-29,Application-29-Service,7200
2749,Application-14,M_Req,missing_destination,39,Application-14-Service,EndDevice-14,Application-14-Service,7200
2750,Application-16,M_Req,missing_destination,41,Application-16-Service,EndDevice-16,Application-16-Service,7200
2754,Application-7,M_Req,missing_destination,32,Application-7-Service,EndDevice-7,Application-7-Service,7200
2755,Application-19,M_Req,missing_destination,44,Application-19-Service,EndDevice-19,Application-19-Service,7200
2757,Application-17,M_Req,missing_destination,42,Application-17-Service,EndDevice-17,Application-17-Service,7200
2953,Application-41,M_Req,missing_destination,66,Application-41-Service,EndDevice-41,Application-41-Service,7700
2958,Application-42,M_Req,missing_destination,67,Application-42-Service,EndDevice-42,Application-42-Service,7700
2959,Application-45,M_Req,missing_destination,70,Application-45-Service,EndDevice-45,Application-45-Service,7700
3143,Application-10,M_Req,missing_destination,35,Application-10-Service,EndDevice-10,Application-10-Service,8300
3154,Application-11,M_Req,missing_destination,36,Application-11-Service,EndDevice-11,Application-11-Service,8300
3160,Application-5,M_Req,missing_destination,30,Application-5-Service,EndDevice-5,Application-5-Service,8300
3166,Application-7,M_Req,missing_destination,32,Application-7-Service,EndDevice-7,Application-7-Service,8300
3172,Application-9,M_Req,missing_destination,34,Application-9-Service,EndDevice-9,Application-9-Service,8300
3191,Application-10,M_Req,missing_destination,35,Application-10-Service,EndDevice-10,Application-10-Service,8400
3199,Application-11,M_Req,missing_destination,36,Application-11-Service,EndDevice-11,Application-11-Service,8400
3210,Application-7,M_Req,missing_destination,32,Application-7-Service,EndDevice-7,Application-7-Service,8400
3215,Application-9,M_Req,missing_destination,34,Application-9-Service,EndDevice-9,Application-9-Service,8400
3293,Application-37,M_Req,missing_destination,62,Application-37-Service,EndDevice-37,Application-37-Service,8600
3341,Application-37,M_Req,missing_destination,62,Application-37-Service,EndDevice-37,Application-37-Service,8700
3374,Application-10,M_Req,missing_destination,35,Application-10-Service,EndDevice-10,Application-10-Service,8900
3379,Application-11,M_Req,missing_destination,36,Application-11-Service,EndDevice-11,Application-11-Service,8900
3382,Application-36,M_Req,missing_destination,61,Application-36-Service,EndDevice-36,Application-36-Service,8900
3396,Application-9,M_Req,missing_destination,34,Application-9-Service,EndDevice-9,Application-9-Service,8900
3399,Application-34,M_Req,missing_destination,59,Application-34-Service,EndDevice-34,Application-34-Service,8900
3402,Application-35,M_Req,missing_destination,60,Application-35-Service,EndDevice-35,Application-35-Service,8900
3412,Application-38,M_Req,missing_destination,63,Application-38-Service,EndDevice-38,Application-38-Service,8900
3418,Application-39,M_Req,missing_destination,64,Application-39-Service,EndDevice-39,Application-39-Service,8900
3422,Application-10,M_Req,missing_destination,35,Application-10-Service,EndDevice-10,Application-10-Service,9000
3426,Application-11,M_Req,missing_destination,36,Application-11-Service,EndDevice-11,Application-11-Service,9000
3428,Application-36,M_Req,missing_destination,61,Application-36-Service,EndDevice-36,Application-36-Service,9000
3441,Application-9,M_Req,missing_destination,34,Application-9-Service,EndDevice-9,Application-9-Service,9000
3444,Application-34,M_Req,missing_destination,59,Application-34-Service,EndDevice-34,Application-34-Service,9000
3502,Application-2,M_Req,missing_destination,27,Application-2-Service,EndDevice-2,Application-2-Service,9200
3503,Application-45,M_Req,missing_destination,70,Application-45-Service,EndDevice-45,Application-45-Service,9200
3529,Application-33,M_Req,missing_destination,58,Application-33-Service,EndDevice-33,Application-33-Service,9200
3530,Application-4,M_Req,missing_destination,29,Application-4-Service,EndDevice-4,Application-4-Service,9300
3533,Application-46,M_Req,missing_destination,71,Application-46-Service,EndDevice-46,Application-46-Service,9300
3535,Application-48,M_Req,missing_destination,73,Application-48-Service,EndDevice-48,Application-48-Service,9300
3550,Application-2,M_Req,missing_destination,27,Application-2-Service,EndDevice-2,Application-2-Service,9300
3551,Application-45,M_Req,missing_destination,70,Application-45-Service,EndDevice-45,Application-45-Service,9300
3577,Application-33,M_Req,missing_destination,58,Application-33-Service,EndDevice-33,Application-33-Service,9300
3618,Application-15,M_Req,missing_destination,40,Application-15-Service,EndDevice-15,Application-15-Service,9500
3621,Application-16,M_Req,missing_destination,41,Application-16-Service,EndDevice-16,Application-16-Service,9500
3627,Application-9,M_Req,missing_destination,34,Application-9-Service,EndDevice-9,Application-9-Service,9500
3641,Application-32,M_Req,missing_destination,57,Application-32-Service,EndDevice-32,Application-32-Service,9500
3642,Application-23,M_Req,missing_destination,48,Application-23-Service,EndDevice-23,Application-23-Service,9500
3645,Application-39,M_Req,missing_destination,64,Application-39-Service,EndDevice-39,Application-39-Service,9500
3646,Application-14,M_Req,missing_destination,39,Application-14-Service,EndDevice-14,Application-14-Service,9500
3647,Application-30,M_Req,missing_destination,55,Application-30-Service,EndDevice-30,Application-30-Service,9500
3648,Application-12,M_Req,missing_destination,37,Application-12-Service,EndDevice-12,Application-12-Service,9500
3650,Application-40,M_Req,missing_destination,65,Application-40-Service,EndDevice-40,Application-40-Service,9500
3651,Application-35,M_Req,missing_destination,60,Application-35-Service,EndDevice-35,Application-35-Service,9500
3652,Application-38,M_Req,missing_destination,63,Application-38-Service,EndDevice-38,Application-38-Service,9500
3663,Application-15,M_Req,missing_destination,40,Application-15-Service,EndDevice-15,Application-15-Service,9600
3665,Application-16,M_Req,missing_destination,41,Application-16-Service,EndDevice-16,Application-16-Service,9600
3670,Application-9,M_Req,missing_destination,34,Application-9-Service,EndDevice-9,Application-9-Service,9600
3755,Application-15,M_Req,missing_destination,40,Application-15-Service,EndDevice-15,Application-15-Service,9800
3803,Application-15,M_Req,missing_destination,40,Application-15-Service,EndDevice-15,Application-15-Service,9900
3845,Application-1,M_Req,missing_destination,26,Application-1-Service,EndDevice-1,Application-1-Service,10100
3848,Application-48,M_Req,missing_destination,73,Application-48-Service,EndDevice-48,Application-48-Service,10100
3850,Application-35,M_Req,missing_destination,60,Application-35-Service,EndDevice-35,Application-35-Service,10100
3852,Application-4,M_Req,missing_destination,29,Application-4-Service,EndDevice-4,Application-4-Service,10100
3853,Application-19,M_Req,missing_destination,44,Application-19-Service,EndDevice-19,Application-19-Service,10100
3854,Application-21,M_Req,missing_destination,46,Application-21-Service,EndDevice-21,Application-21-Service,10100
3855,Application-46,M_Req,missing_destination,71,Application-46-Service,EndDevice-46,Application-46-Service,10100
3857,Application-34,M_Req,missing_destination,59,Application-34-Service,EndDevice-34,Application-34-Service,10100
3859,Application-43,M_Req,missing_destination,68,Application-43-Service,EndDevice-43,Application-43-Service,10100
3861,Application-20,M_Req,missing_destination,45,Application-20-Service,EndDevice-20,Application-20-Service,10100
3870,Application-23,M_Req,missing_destination,48,Application-23-Service,EndDevice-23,Application-23-Service,10100
3871,Application-2,M_Req,missing_destination,27,Application-2-Service,EndDevice-2,Application-2-Service,10100
3872,Application-45,M_Req,missing_destination,70,Application-45-Service,EndDevice-45,Application-45-Service,10100
3873,Application-14,M_Req,missing_destination,39,Application-14-Service,EndDevice-14,Application-14-Service,10100
3875,Application-12,M_Req,missing_destination,37,Application-12-Service,EndDevice-12,Application-12-Service,10100
3877,Application-40,M_Req,missing_destination,65,Application-40-Service,EndDevice-40,Application-40-Service,10100
3878,Application-22,M_Req,missing_destination,47,Application-22-Service,EndDevice-22,Application-22-Service,10100
3879,Application-33,M_Req,missing_destination,58,Application-33-Service,EndDevice-33,Application-33-Service,10100
3880,Application-17,M_Req,missing_destination,42,Application-17-Service,EndDevice-17,Application-17-Service,10100
3881,Application-3,M_Req,missing_destination,28,Application-3-Service,EndDevice-3,Application-3-Service,10100
3882,Application-47,M_Req,missing_destination,72,Application-47-Service,EndDevice-47,Application-47-Service,10100
3893,Application-48,M_Req,missing_destination,73,Application-48-Service,EndDevice-48,Application-48-Service,10200
3895,Application-35,M_Req,missing_destination,60,Application-35-Service,EndDevice-35,Application-35-Service,10200
3897,Application-4,M_Req,missing_destination,29,Application-4-Service,EndDevice-4,Application-4-Service,10200
3898,Application-46,M_Req,missing_destination,71,Application-46-Service,EndDevice-46,Application-46-Service,10200
3900,Application-34,M_Req,missing_destination,59,Application-34-Service,EndDevice-34,Application-34-Service,10200
3902,Application-43,M_Req,missing_destination,68,Application-43-Service,EndDevice-43,Application-43-Service,10200
3904,Application-20,M_Req,missing_destination,45,Application-20-Service,EndDevice-20,Application-20-Service,10200
4429,Application-43,M_Req,missing_destination,68,Application-43-Service,EndDevice-43,Application-43-Service,11600
4431,Application-42,M_Req,missing_destination,67,Application-42-Service,EndDevice-42,Application-42-Service,11600
4439,Application-32,M_Req,missing_destination,57,Application-32-Service,EndDevice-32,Application-32-Service,11600
4446,Application-47,M_Req,missing_destination,72,Application-47-Service,EndDevice-47,Application-47-Service,11600
4449,Application-25,M_Req,missing_destination,50,Application-25-Service,EndDevice-25,Application-25-Service,11600
4450,Application-45,M_Req,missing_destination,70,Application-45-Service,EndDevice-45,Application-45-Service,11600
4458,Application-46,M_Req,missing_destination,71,Application-46-Service,EndDevice-46,Application-46-Service,11700
4459,Application-41,M_Req,missing_destination,66,Application-41-Service,EndDevice-41,Application-41-Service,11700
4477,Application-43,M_Req,missing_destination,68,Application-43-Service,EndDevice-43,Application-43-Service,11700
4479,Application-42,M_Req,missing_destination,67,Application-42-Service,EndDevice-42,Application-42-Service,11700
4487,Application-32,M_Req,missing_destination,57,Application-32-Service,EndDevice-32,Application-32-Service,11700
4494,Application-47,M_Req,missing_destination,72,Application-47-Service,EndDevice-47,Application-47-Service,11700
4497,Application-25,M_Req,missing_destination,50,Application-25-Service,EndDevice-25,Application-25-Service,11700
4498,Application-45,M_Req,missing_destination,70,Application-45-Service,EndDevice-45,Application-45-Service,11700
4504,Application-46,M_Req,missing_destination,71,Application-46-Service,EndDevice-46,Application-46-Service,11800
4505,Application-41,M_Req,missing_destination,66,Application-41-Service,EndDevice-41,Application-41-Service,11800
4520,Application-43,M_Req,missing_destination,68,Application-43-Service,EndDevice-43,Application-43-Service,11800
4522,Application-42,M_Req,missing_destination,67,Application-42-Service,EndDevice-42,Application-42-Service,11800
4552,Application-46,M_Req,missing_destination,71,Application-46-Service,EndDevice-46,Application-46-Service,11900
4553,Application-41,M_Req,missing_destination,66,Application-41-Service,EndDevice-41,Application-41-Service,11900
4555,Application-22,M_Req,missing_destination,47,Application-22-Service,EndDevice-22,Application-22-Service,11900
4568,Application-43,M_Req,missing_destination,68,Application-43-Service,EndDevice-43,Application-43-Service,11900
4570,Application-42,M_Req,missing_destination,67,Application-42-Service,EndDevice-42,Application-42-Service,11900
4594,Application-46,M_Req,missing_destination,71,Application-46-Service,EndDevice-46,Application-46-Service,12000
4595,Application-41,M_Req,missing_destination,66,Application-41-Service,EndDevice-41,Application-41-Service,12000
4597,Application-22,M_Req,missing_destination,47,Application-22-Service,EndDevice-22,Application-22-Service,12000
4643,Application-41,M_Req,missing_destination,66,Application-41-Service,EndDevice-41,Application-41-Service,12100
4645,Application-22,M_Req,missing_destination,47,Application-22-Service,EndDevice-22,Application-22-Service,12100
4664,Application-11,M_Req,missing_destination,36,Application-11-Service,EndDevice-11,Application-11-Service,12200
4668,Application-12,M_Req,missing_destination,37,Application-12-Service,EndDevice-12,Application-12-Service,12200
4678,Application-9,M_Req,missing_destination,34,Application-9-Service,EndDevice-9,Application-9-Service,12200
4684,Application-46,M_Req,missing_destination,71,Application-46-Service,EndDevice-46,Application-46-Service,12300
4712,Application-11,M_Req,missing_destination,36,Application-11-Service,EndDevice-11,Application-11-Service,12300
4716,Application-12,M_Req,missing_destination,37,Application-12-Service,EndDevice-12,Application-12-Service,12300
4726,Application-9,M_Req,missing_destination,34,Application-9-Service,EndDevice-9,Application-9-Service,12300
5222,Application-22,M_Req,missing_destination,47,Application-22-Service,EndDevice-22,Application-22-Service,13700
5233,Application-41,M_Req,missing_destination,66,Application-41-Service,EndDevice-41,Application-41-Service,13700
5237,Application-29,M_Req,missing_destination,54,Application-29-Service,EndDevice-29,Application-29-Service,13700
5238,Application-44,M_Req,missing_destination,69,Application-44-Service,EndDevice-44,Application-44-Service,13700
5246,Application-23,M_Req,missing_destination,48,Application-23-Service,EndDevice-23,Application-23-Service,13700
5247,Application-21,M_Req,missing_destination,46,Application-21-Service,EndDevice-21,Application-21-Service,13700
5252,Application-30,M_Req,missing_destination,55,Application-30-Service,EndDevice-30,Application-30-Service,13700
5253,Application-43,M_Req,missing_destination,68,Application-43-Service,EndDevice-43,Application-43-Service,13700
5255,Application-24,M_Req,missing_destination,49,Application-24-Service,EndDevice-24,Application-24-Service,13700
5257,Application-32,M_Req,missing_destination,57,Application-32-Service,EndDevice-32,Application-32-Service,13700
5275,Application-41,M_Req,missing_destination,66,Application-41-Service,EndDevice-41,Application-41-Service,13800
5279,Application-29,M_Req,missing_destination,54,Application-29-Service,EndDevice-29,Application-29-Service,13800
5287,Application-23,M_Req,missing_destination,48,Application-23-Service,EndDevice-23,Application-23-Service,13800
5288,Application-21,M_Req,missing_destination,46,Application-21-Service,EndDevice-21,Application-21-Service,13800
5323,Application-41,M_Req,missing_destination,66,Application-41-Service,EndDevice-41,Application-41-Service,13900
5358,Application-46,M_Req,missing_destination,71,Application-46-Service,EndDevice-46,Application-46-Service,14000
5361,Application-45,M_Req,missing_destination,70,Application-45-Service,EndDevice-45,Application-45-Service,14000
5363,Application-47,M_Req,missing_destination,72,Application-47-Service,EndDevice-47,Application-47-Service,14000
5365,Application-41,M_Req,missing_destination,66,Application-41-Service,EndDevice-41,Application-41-Service,14000
5406,Application-46,M_Req,missing_destination,71,Application-46-Service,EndDevice-46,Application-46-Service,14100
5409,Application-45,M_Req,missing_destination,70,Application-45-Service,EndDevice-45,Application-45-Service,14100
5411,Application-47,M_Req,missing_destination,72,Application-47-Service,EndDevice-47,Application-47-Service,14100
5413,Application-41,M_Req,missing_destination,66,Application-41-Service,EndDevice-41,Application-41-Service,14100
5587,Application-22,M_Req,missing_destination,47,Application-22-Service,EndDevice-22,Application-22-Service,14600
5588,Application-46,M_Req,missing_destination,71,Application-46-Service,EndDevice-46,Application-46-Service,14600
5589,Application-26,M_Req,missing_destination,51,Application-26-Service,EndDevice-26,Application-26-Service,14600
5604,Application-23,M_Req,missing_destination,48,Application-23-Service,EndDevice-23,Application-23-Service,14700
5635,Application-22,M_Req,missing_destination,47,Application-22-Service,EndDevice-22,Application-22-Service,14700
5636,Application-46,M_Req,missing_destination,71,Application-46-Service,EndDevice-46,Application-46-Service,14700
5637,Application-26,M_Req,missing_destination,51,Application-26-Service,EndDevice-26,Application-26-Service,14700
5687,Application-6,M_Req,missing_destination,31,Application-6-Service,EndDevice-6,Application-6-Service,14900
5700,Application-38,M_Req,missing_destination,63,Application-38-Service,EndDevice-38,Application-38-Service,14900
5744,Application-38,M_Req,missing_destination,63,Application-38-Service,EndDevice-38,Application-38-Service,15000
5911,Application-9,M_Req,missing_destination,34,Application-9-Service,EndDevice-9,Application-9-Service,15500
5917,Application-12,M_Req,missing_destination,37,Application-12-Service,EndDevice-12,Application-12-Service,15500
5923,Application-23,M_Req,missing_destination,48,Application-23-Service,EndDevice-23,Application-23-Service,15500
5925,Application-38,M_Req,missing_destination,63,Application-38-Service,EndDevice-38,Application-38-Service,15500
5926,Application-10,M_Req,missing_destination,35,Application-10-Service,EndDevice-10,Application-10-Service,15500
5930,Application-24,M_Req,missing_destination,49,Application-24-Service,EndDevice-24,Application-24-Service,15500
5931,Application-21,M_Req,missing_destination,46,Application-21-Service,EndDevice-21,Application-21-Service,15500
5935,Application-11,M_Req,missing_destination,36,Application-11-Service,EndDevice-11,Application-11-Service,15500
5958,Application-9,M_Req,missing_destination,34,Application-9-Service,EndDevice-9,Application-9-Service,15600
5963,Application-12,M_Req,missing_destination,37,Application-12-Service,EndDevice-12,Application-12-Service,15600
5968,Application-23,M_Req,missing_destination,48,Application-23-Service,EndDevice-23,Application-23-Service,15600
5970,Application-38,M_Req,missing_destination,63,Application-38-Service,EndDevice-38,Application-38-Service,15600
5974,Application-24,M_Req,missing_destination,49,Application-24-Service,EndDevice-24,Application-24-Service,15600
5975,Application-21,M_Req,missing_destination,46,Application-21-Service,EndDevice-21,Application-21-Service,15600
5979,Application-11,M_Req,missing_destination,36,Application-11-Service,EndDevice-11,Application-11-Service,15600
6034,Application-29,M_Req,missing_destination,54,Application-29-Service,EndDevice-29,Application-29-Service,15800
6082,Application-29,M_Req,missing_destination,54,Application-29-Service,EndDevice-29,Application-29-Service,15900
6136,Application-35,M_Req,missing_destination,60,Application-35-Service,EndDevice-35,Application-35-Service,16100
6142,Application-33,M_Req,missing_destination,58,Application-33-Service,EndDevice-33,Application-33-Service,16100
6145,Application-1,M_Req,missing_destination,26,Application-1-Service,EndDevice-1,Application-1-Service,16100
6146,Application-36,M_Req,missing_destination,61,Application-36-Service,EndDevice-36,Application-36-Service,16100
6147,Application-10,M_Req,missing_destination,35,Application-10-Service,EndDevice-10,Application-10-Service,16100
6151,Application-2,M_Req,missing_destination,27,Application-2-Service,EndDevice-2,Application-2-Service,16100
6153,Application-23,M_Req,missing_destination,48,Application-23-Service,EndDevice-23,Application-23-Service,16100
6154,Application-32,M_Req,missing_destination,57,Application-32-Service,EndDevice-32,Application-32-Service,16100
6155,Application-38,M_Req,missing_destination,63,Application-38-Service,EndDevice-38,Application-38-Service,16100
6158,Application-21,M_Req,missing_destination,46,Application-21-Service,EndDevice-21,Application-21-Service,16100
6159,Application-30,M_Req,missing_destination,55,Application-30-Service,EndDevice-30,Application-30-Service,16100
6161,Application-11,M_Req,missing_destination,36,Application-11-Service,EndDevice-11,Application-11-Service,16100
6162,Application-31,M_Req,missing_destination,56,Application-31-Service,EndDevice-31,Application-31-Service,16100
6172,Application-34,M_Req,missing_destination,59,Application-34-Service,EndDevice-34,Application-34-Service,16100
6173,Application-29,M_Req,missing_destination,54,Application-29-Service,EndDevice-29,Application-29-Service,16100
6184,Application-35,M_Req,missing_destination,60,Application-35-Service,EndDevice-35,Application-35-Service,16200
6188,Application-33,M_Req,missing_destination,58,Application-33-Service,EndDevice-33,Application-33-Service,16200
6191,Application-1,M_Req,missing_destination,26,Application-1-Service,EndDevice-1,Application-1-Service,16200
6192,Application-36,M_Req,missing_destination,61,Application-36-Service,EndDevice-36,Application-36-Service,16200
6193,Application-10,M_Req,missing_destination,35,Application-10-Service,EndDevice-10,Application-10-Service,16200
6198,Application-23,M_Req,missing_destination,48,Application-23-Service,EndDevice-23,Application-23-Service,16200
6199,Application-32,M_Req,missing_destination,57,Application-32-Service,EndDevice-32,Application-32-Service,16200
6200,Application-38,M_Req,missing_destination,63,Application-38-Service,EndDevice-38,Application-38-Service,16200
6202,Application-30,M_Req,missing_destination,55,Application-30-Service,EndDevice-30,Application-30-Service,16200
6204,Application-11,M_Req,missing_destination,36,Application-11-Service,EndDevice-11,Application-11-Service,16200
6205,Application-31,M_Req,missing_destination,56,Application-31-Service,EndDevice-31,Application-31-Service,16200
6263,Application-43,M_Req,missing_destination,68,Application-43-Service,EndDevice-43,Application-43-Service,16400
6269,Application-41,M_Req,missing_destination,66,Application-41-Service,EndDevice-41,Application-41-Service,16400
6276,Application-14,M_Req,missing_destination,39,Application-14-Service,EndDevice-14,Application-14-Service,16400
6277,Application-35,M_Req,missing_destination,60,Application-35-Service,EndDevice-35,Application-35-Service,16400
6278,Application-16,M_Req,missing_destination,41,Application-16-Service,EndDevice-16,Application-16-Service,16400
6311,Application-43,M_Req,missing_destination,68,Application-43-Service,EndDevice-43,Application-43-Service,16500
6317,Application-41,M_Req,missing_destination,66,Application-41-Service,EndDevice-41,Application-41-Service,16500
6324,Application-14,M_Req,missing_destination,39,Application-14-Service,EndDevice-14,Application-14-Service,16500
6325,Application-35,M_Req,missing_destination,60,Application-35-Service,EndDevice-35,Application-35-Service,16500
6326,Application-16,M_Req,missing_destination,41,Application-16-Service,EndDevice-16,Application-16-Service,16500
6409,Application-5,M_Req,missing_destination,30,Application-5-Service,EndDevice-5,Application-5-Service,16700
6606,Application-14,M_Req,missing_destination,39,Application-14-Service,EndDevice-14,Application-14-Service,17300
6607,Application-11,M_Req,missing_destination,36,Application-11-Service,EndDevice-11,Application-11-Service,17300
6611,Application-9,M_Req,missing_destination,34,Application-9-Service,EndDevice-9,Application-9-Service,17300
6612,Application-2,M_Req,missing_destination,27,Application-2-Service,EndDevice-2,Application-2-Service,17300
6613,Application-17,M_Req,missing_destination,42,Application-17-Service,EndDevice-17,Application-17-Service,17300
6614,Application-27,M_Req,missing_destination,52,Application-27-Service,EndDevice-27,Application-27-Service,17300
6617,Application-4,M_Req,missing_destination,29,Application-4-Service,EndDevice-4,Application-4-Service,17300
6618,Application-18,M_Req,missing_destination,43,Application-18-Service,EndDevice-18,Application-18-Service,17300
6619,Application-3,M_Req,missing_destination,28,Application-3-Service,EndDevice-3,Application-3-Service,17300
6651,Application-14,M_Req,missing_destination,39,Application-14-Service,EndDevice-14,Application-14-Service,17400
6652,Application-11,M_Req,missing_destination,36,Application-11-Service,EndDevice-11,Application-11-Service,17400
6656,Application-9,M_Req,missing_destination,34,Application-9-Service,EndDevice-9,Application-9-Service,17400
6657,Application-2,M_Req,missing_destination,27,Application-2-Service,EndDevice-2,Application-2-Service,17400
6659,Application-4,M_Req,missing_destination,29,Application-4-Service,EndDevice-4,Application-4-Service,17400
6660,Application-18,M_Req,missing_destination,43,Application-18-Service,EndDevice-18,Application-18-Service,17400
6661,Application-3,M_Req,missing_destination,28,Application-3-Service,EndDevice-3,Application-3-Service,17400
6740,Application-14,M_Req,missing_destination,39,Application-14-Service,EndDevice-14,Application-14-Service,17600
6741,Application-11,M_Req,missing_destination,36,Application-11-Service,EndDevice-11,Application-11-Service,17600
6745,Application-9,M_Req,missing_destination,34,Application-9-Service,EndDevice-9,Application-9-Service,17600
6747,Application-4,M_Req,missing_destination,29,Application-4-Service,EndDevice-4,Application-4-Service,17700
6748,Application-18,M_Req,missing_destination,43,Application-18-Service,EndDevice-18,Application-18-Service,17700
6749,Application-3,M_Req,missing_destination,28,Application-3-Service,EndDevice-3,Application-3-Service,17700
6751,Application-25,M_Req,missing_destination,50,Application-25-Service,EndDevice-25,Application-25-Service,17700
6752,Application-13,M_Req,missing_destination,38,Application-13-Service,EndDevice-13,Application-13-Service,17700
6753,Application-26,M_Req,missing_destination,51,Application-26-Service,EndDevice-26,Application-26-Service,17700
6757,Application-6,M_Req,missing_destination,31,Application-6-Service,EndDevice-6,Application-6-Service,17700
6788,Application-14,M_Req,missing_destination,39,Application-14-Service,EndDevice-14,Application-14-Service,17700
6789,Application-11,M_Req,missing_destination,36,Application-11-Service,EndDevice-11,Application-11-Service,17700
6793,Application-9,M_Req,missing_destination,34,Application-9-Service,EndDevice-9,Application-9-Service,17700
6837,Application-41,M_Req,missing_destination,66,Application-41-Service,EndDevice-41,Application-41-Service,17900
6838,Application-42,M_Req,missing_destination,67,Application-42-Service,EndDevice-42,Application-42-Service,17900
6842,Application-18,M_Req,missing_destination,43,Application-18-Service,EndDevice-18,Application-18-Service,17900
6843,Application-3,M_Req,missing_destination,28,Application-3-Service,EndDevice-3,Application-3-Service,17900
6845,Application-25,M_Req,missing_destination,50,Application-25-Service,EndDevice-25,Application-25-Service,17900
6846,Application-13,M_Req,missing_destination,38,Application-13-Service,EndDevice-13,Application-13-Service,17900
6847,Application-26,M_Req,missing_destination,51,Application-26-Service,EndDevice-26,Application-26-Service,17900
6851,Application-6,M_Req,missing_destination,31,Application-6-Service,EndDevice-6,Application-6-Service,17900
6882,Application-41,M_Req,missing_destination,66,Application-41-Service,EndDevice-41,Application-41-Service,18000
6883,Application-42,M_Req,missing_destination,67,Application-42-Service,EndDevice-42,Application-42-Service,18000
6887,Application-18,M_Req,missing_destination,43,Application-18-Service,EndDevice-18,Application-18-Service,18000
6888,Application-3,M_Req,missing_destination,28,Application-3-Service,EndDevice-3,Application-3-Service,18000
6890,Application-25,M_Req,missing_destination,50,Application-25-Service,EndDevice-25,Application-25-Service,18000
6891,Application-13,M_Req,missing_destination,38,Application-13-Service,EndDevice-13,Application-13-Service,18000
6895,Application-6,M_Req,missing_destination,31,Application-6-Service,EndDevice-6,Application-6-Service,18000
6930,Application-41,M_Req,missing_destination,66,Application-41-Service,EndDevice-41,Application-41-Service,18100
6931,Application-42,M_Req,missing_destination,67,Application-42-Service,EndDevice-42,Application-42-Service,18100
6935,Application-18,M_Req,missing_destination,43,Application-18-Service,EndDevice-18,Application-18-Service,18100
6936,Application-3,M_Req,missing_destination,28,Application-3-Service,EndDevice-3,Application-3-Service,18100
6939,Application-13,M_Req,missing_destination,38,Application-13-Service,EndDevice-13,Application-13-Service,18100
6943,Application-6,M_Req,missing_destination,31,Application-6-Service,EndDevice-6,Application-6-Service,18100
6955,Application-37,M_Req,missing_destination,62,Application-37-Service,EndDevice-37,Application-37-Service,18200
6959,Application-38,M_Req,missing_destination,63,Application-38-Service,EndDevice-38,Application-38-Service,18200
6966,Application-1,M_Req,missing_destination,26,Application-1-Service,EndDevice-1,Application-1-Service,18200
6967,Application-23,M_Req,missing_destination,48,Application-23-Service,EndDevice-23,Application-23-Service,18200
6968,Application-30,M_Req,missing_destination,55,Application-30-Service,EndDevice-30,Application-30-Service,18200
6969,Application-31,M_Req,missing_destination,56,Application-31-Service,EndDevice-31,Application-31-Service,18200
6970,Application-44,M_Req,missing_destination,69,Application-44-Service,EndDevice-44,Application-44-Service,18200
6971,Application-14,M_Req,missing_destination,39,Application-14-Service,EndDevice-14,Application-14-Service,18200
6972,Application-29,M_Req,missing_destination,54,Application-29-Service,EndDevice-29,Application-29-Service,18200
6973,Application-12,M_Req,missing_destination,37,Application-12-Service,EndDevice-12,Application-12-Service,18200
6974,Application-4,M_Req,missing_destination,29,Application-4-Service,EndDevice-4,Application-4-Service,18200
6975,Application-41,M_Req,missing_destination,66,Application-41-Service,EndDevice-41,Application-41-Service,18200
6976,Application-39,M_Req,missing_destination,64,Application-39-Service,EndDevice-39,Application-39-Service,18200
7003,Application-37,M_Req,missing_destination,62,Application-37-Service,EndDevice-37,Application-37-Service,18300
7007,Application-38,M_Req,missing_destination,63,Application-38-Service,EndDevice-38,Application-38-Service,18300
7014,Application-1,M_Req,missing_destination,26,Application-1-Service,EndDevice-1,Application-1-Service,18300
7015,Application-23,M_Req,missing_destination,48,Application-23-Service,EndDevice-23,Application-23-Service,18300
7016,Application-30,M_Req,missing_destination,55,Application-30-Service,EndDevice-30,Application-30-Service,18300
7017,Application-31,M_Req,missing_destination,56,Application-31-Service,EndDevice-31,Application-31-Service,18300
7018,Application-44,M_Req,missing_destination,69,Application-44-Service,EndDevice-44,Application-44-Service,18300
7019,Application-14,M_Req,missing_destination,39,Application-14-Service,EndDevice-14,Application-14-Service,18300
7020,Application-29,M_Req,missing_destination,54,Application-29-Service,EndDevice-29,Application-29-Service,18300
7021,Application-12,M_Req,missing_destination,37,Application-12-Service,EndDevice-12,Application-12-Service,18300
7022,Application-4,M_Req,missing_destination,29,Application-4-Service,EndDevice-4,Application-4-Service,18300
7023,Application-41,M_Req,missing_destination,66,Application-41-Service,EndDevice-41,Application-41-Service,18300
7024,Application-39,M_Req,missing_destination,64,Application-39-Service,EndDevice-39,Application-39-Service,18300
7050,Application-38,M_Req,missing_destination,63,Application-38-Service,EndDevice-38,Application-38-Service,18400
7091,Application-34,M_Req,missing_destination,59,Application-34-Service,EndDevice-34,Application-34-Service,18500
7098,Application-38,M_Req,missing_destination,63,Application-38-Service,EndDevice-38,Application-38-Service,18500
7099,Application-36,M_Req,missing_destination,61,Application-36-Service,EndDevice-36,Application-36-Service,18500
7528,Application-44,M_Req,missing_destination,69,Application-44-Service,EndDevice-44,Application-44-Service,19700
7537,Application-42,M_Req,missing_destination,67,Application-42-Service,EndDevice-42,Application-42-Service,19700
7540,Application-21,M_Req,missing_destination,46,Application-21-Service,EndDevice-21,Application-21-Service,19700
7541,Application-41,M_Req,missing_destination,66,Application-41-Service,EndDevice-41,Application-41-Service,19700
7549,Application-10,M_Req,missing_destination,35,Application-10-Service,EndDevice-10,Application-10-Service,19700
7557,Application-9,M_Req,missing_destination,34,Application-9-Service,EndDevice-9,Application-9-Service,19700
7562,Application-43,M_Req,missing_destination,68,Application-43-Service,EndDevice-43,Application-43-Service,19700
7574,Application-44,M_Req,missing_destination,69,Application-44-Service,EndDevice-44,Application-44-Service,19800
7581,Application-42,M_Req,missing_destination,67,Application-42-Service,EndDevice-42,Application-42-Service,19800
7583,Application-21,M_Req,missing_destination,46,Application-21-Service,EndDevice-21,Application-21-Service,19800
7584,Application-41,M_Req,missing_destination,66,Application-41-Service,EndDevice-41,Application-41-Service,19800
7622,Application-44,M_Req,missing_destination,69,Application-44-Service,EndDevice-44,Application-44-Service,19900
7629,Application-42,M_Req,missing_destination,67,Application-42-Service,EndDevice-42,Application-42-Service,19900
7632,Application-41,M_Req,missing_destination,66,Application-41-Service,EndDevice-41,Application-41-Service,19900
7647,Application-30,M_Req,missing_destination,55,Application-30-Service,EndDevice-30,Application-30-Service,20000
7648,Application-32,M_Req,missing_destination,57,Application-32-Service,EndDevice-32,Application-32-Service,20000
7649,Application-37,M_Req,missing_destination,62,Application-37-Service,EndDevice-37,Application-37-Service,20000
7659,Application-39,M_Req,missing_destination,64,Application-39-Service,EndDevice-39,Application-39-Service,20000
7660,Application-15,M_Req,missing_destination,40,Application-15-Service,EndDevice-15,Application-15-Service,20000
7661,Application-35,M_Req,missing_destination,60,Application-35-Service,EndDevice-35,Application-35-Service,20000
7663,Application-29,M_Req,missing_destination,54,Application-29-Service,EndDevice-29,Application-29-Service,20000
7664,Application-44,M_Req,missing_destination,69,Application-44-Service,EndDevice-44,Application-44-Service,20000
7665,Application-18,M_Req,missing_destination,43,Application-18-Service,EndDevice-18,Application-18-Service,20000
7666,Application-22,M_Req,missing_destination,47,Application-22-Service,EndDevice-22,Application-22-Service,20000
7668,Application-40,M_Req,missing_destination,65,Application-40-Service,EndDevice-40,Application-40-Service,20100
7673,Application-38,M_Req,missing_destination,63,Application-38-Service,EndDevice-38,Application-38-Service,20100
7695,Application-30,M_Req,missing_destination,55,Application-30-Service,EndDevice-30,Application-30-Service,20100
7696,Application-32,M_Req,missing_destination,57,Application-32-Service,EndDevice-32,Application-32-Service,20100
7697,Application-37,M_Req,missing_destination,62,Application-37-Service,EndDevice-37,Application-37-Service,20100
7707,Application-39,M_Req,missing_destination,64,Application-39-Service,EndDevice-39,Application-39-Service,20100
7708,Application-15,M_Req,missing_destination,40,Application-15-Service,EndDevice-15,Application-15-Service,20100
7709,Application-35,M_Req,missing_destination,60,Application-35-Service,EndDevice-35,Application-35-Service,20100
7711,Application-29,M_Req,missing_destination,54,Application-29-Service,EndDevice-29,Application-29-Service,20100
7712,Application-44,M_Req,missing_destination,69,Application-44-Service,EndDevice-44,Application-44-Service,20100
7713,Application-18,M_Req,missing_destination,43,Application-18-Service,EndDevice-18,Application-18-Service,20100
7714,Application-22,M_Req,missing_destination,47,Application-22-Service,EndDevice-22,Application-22-Service,20100
7737,Application-30,M_Req,missing_destination,55,Application-30-Service,EndDevice-30,Application-30-Service,20200
7763,Application-40,M_Req,missing_destination,65,Application-40-Service,EndDevice-40,Application-40-Service,20300
7767,Application-38,M_Req,missing_destination,63,Application-38-Service,EndDevice-38,Application-38-Service,20300
7785,Application-30,M_Req,missing_destination,55,Application-30-Service,EndDevice-30,Application-30-Service,20300
7786,Application-37,M_Req,missing_destination,62,Application-37-Service,EndDevice-37,Application-37-Service,20300
7806,Application-40,M_Req,missing_destination,65,Application-40-Service,EndDevice-40,Application-40-Service,20400
7810,Application-38,M_Req,missing_destination,63,Application-38-Service,EndDevice-38,Application-38-Service,20400
7883,Application-24,M_Req,missing_destination,49,Application-24-Service,EndDevice-24,Application-24-Service,20600
7884,Application-13,M_Req,missing_destination,38,Application-13-Service,EndDevice-13,Application-13-Service,20600
7885,Application-39,M_Req,missing_destination,64,Application-39-Service,EndDevice-39,Application-39-Service,20600
7886,Application-15,M_Req,missing_destination,40,Application-15-Service,EndDevice-15,Application-15-Service,20600
7888,Application-18,M_Req,missing_destination,43,Application-18-Service,EndDevice-18,Application-18-Service,20600
7889,Application-22,M_Req,missing_destination,47,Application-22-Service,EndDevice-22,Application-22-Service,20600
7931,Application-24,M_Req,missing_destination,49,Application-24-Service,EndDevice-24,Application-24-Service,20700
7932,Application-13,M_Req,missing_destination,38,Application-13-Service,EndDevice-13,Application-13-Service,20700
7933,Application-39,M_Req,missing_destination,64,Application-39-Service,EndDevice-39,Application-39-Service,20700
7934,Application-15,M_Req,missing_destination,40,Application-15-Service,EndDevice-15,Application-15-Service,20700
7936,Application-18,M_Req,missing_destination,43,Application-18-Service,EndDevice-18,Application-18-Service,20700
7937,Application-22,M_Req,missing_destination,47,Application-22-Service,EndDevice-22,Application-22-Service,20700
8665,Application-15,M_Req,missing_destination,40,Application-15-Service,EndDevice-15,Application-15-Service,22700
8667,Application-22,M_Req,missing_destination,47,Application-22-Service,EndDevice-22,Application-22-Service,22700
8668,Application-46,M_Req,missing_destination,71,Application-46-Service,EndDevice-46,Application-46-Service,22700
8669,Application-19,M_Req,missing_destination,44,Application-19-Service,EndDevice-19,Application-19-Service,22700
8670,Application-2,M_Req,missing_destination,27,Application-2-Service,EndDevice-2,Application-2-Service,22700
8671,Application-18,M_Req,missing_destination,43,Application-18-Service,EndDevice-18,Application-18-Service,22700
8672,Application-30,M_Req,missing_destination,55,Application-30-Service,EndDevice-30,Application-30-Service,22700
8673,Application-11,M_Req,missing_destination,36,Application-11-Service,EndDevice-11,Application-11-Service,22700
8676,Application-29,M_Req,missing_destination,54,Application-29-Service,EndDevice-29,Application-29-Service,22700
8677,Application-42,M_Req,missing_destination,67,Application-42-Service,EndDevice-42,Application-42-Service,22700
8688,Application-24,M_Req,missing_destination,49,Application-24-Service,EndDevice-24,Application-24-Service,22700
8691,Application-21,M_Req,missing_destination,46,Application-21-Service,EndDevice-21,Application-21-Service,22700
8692,Application-12,M_Req,missing_destination,37,Application-12-Service,EndDevice-12,Application-12-Service,22700
8694,Application-43,M_Req,missing_destination,68,Application-43-Service,EndDevice-43,Application-43-Service,22700
8695,Application-20,M_Req,missing_destination,45,Application-20-Service,EndDevice-20,Application-20-Service,22700
8696,Application-41,M_Req,missing_destination,66,Application-41-Service,EndDevice-41,Application-41-Service,22700
8698,Application-14,M_Req,missing_destination,39,Application-14-Service,EndDevice-14,Application-14-Service,22700
8699,Application-10,M_Req,missing_destination,35,Application-10-Service,EndDevice-10,Application-10-Service,22700
8700,Application-4,M_Req,missing_destination,29,Application-4-Service,EndDevice-4,Application-4-Service,22700
8701,Application-26,M_Req,missing_destination,51,Application-26-Service,EndDevice-26,Application-26-Service,22700
8702,Application-31,M_Req,missing_destination,56,Application-31-Service,EndDevice-31,Application-31-Service,22700
8703,Application-25,M_Req,missing_destination,50,Application-25-Service,EndDevice-25,Application-25-Service,22700
8704,Application-23,M_Req,missing_destination,48,Application-23-Service,EndDevice-23,Application-23-Service,22700
8705,Application-13,M_Req,missing_destination,38,Application-13-Service,EndDevice-13,Application-13-Service,22700
8706,Application-3,M_Req,missing_destination,28,Application-3-Service,EndDevice-3,Application-3-Service,22700
8707,Application-48,M_Req,missing_destination,73,Application-48-Service,EndDevice-48,Application-48-Service,22700
8708,Application-47,M_Req,missing_destination,72,Application-47-Service,EndDevice-47,Application-47-Service,22700
8709,Application-44,M_Req,missing_destination,69,Application-44-Service,EndDevice-44,Application-44-Service,22700
8710,Application-33,M_Req,missing_destination,58,Application-33-Service,EndDevice-33,Application-33-Service,22700
8711,Application-9,M_Req,missing_destination,34,Application-9-Service,EndDevice-9,Application-9-Service,22700
8713,Application-15,M_Req,missing_destination,40,Application-15-Service,EndDevice-15,Application-15-Service,22800
8715,Application-22,M_Req,missing_destination,47,Application-22-Service,EndDevice-22,Application-22-Service,22800
8716,Application-19,M_Req,missing_destination,44,Application-19-Service,EndDevice-19,Application-19-Service,22800
8717,Application-2,M_Req,missing_destination,27,Application-2-Service,EndDevice-2,Application-2-Service,22800
8718,Application-18,M_Req,missing_destination,43,Application-18-Service,EndDevice-18,Application-18-Service,22800
8719,Application-30,M_Req,missing_destination,55,Application-30-Service,EndDevice-30,Application-30-Service,22800
8720,Application-11,M_Req,missing_destination,36,Application-11-Service,EndDevice-11,Application-11-Service,22800
8722,Application-29,M_Req,missing_destination,54,Application-29-Service,EndDevice-29,Application-29-Service,22800
8723,Application-42,M_Req,missing_destination,67,Application-42-Service,EndDevice-42,Application-42-Service,22800
8733,Application-24,M_Req,missing_destination,49,Application-24-Service,EndDevice-24,Application-24-Service,22800
8735,Application-21,M_Req,missing_destination,46,Application-21-Service,EndDevice-21,Application-21-Service,22800
8736,Application-12,M_Req,missing_destination,37,Application-12-Service,EndDevice-12,Application-12-Service,22800
8737,Application-43,M_Req,missing_destination,68,Application-43-Service,EndDevice-43,Application-43-Service,22800
8738,Application-41,M_Req,missing_destination,66,Application-41-Service,EndDevice-41,Application-41-Service,22800
8740,Application-14,M_Req,missing_destination,39,Application-14-Service,EndDevice-14,Application-14-Service,22800
8761,Application-15,M_Req,missing_destination,40,Application-15-Service,EndDevice-15,Application-15-Service,22900
8763,Application-22,M_Req,missing_destination,47,Application-22-Service,EndDevice-22,Application-22-Service,22900
8764,Application-19,M_Req,missing_destination,44,Application-19-Service,EndDevice-19,Application-19-Service,22900
8765,Application-2,M_Req,missing_destination,27,Application-2-Service,EndDevice-2,Application-2-Service,22900
8766,Application-18,M_Req,missing_destination,43,Application-18-Service,EndDevice-18,Application-18-Service,22900
8767,Application-30,M_Req,missing_destination,55,Application-30-Service,EndDevice-30,Application-30-Service,22900
8768,Application-11,M_Req,missing_destination,36,Application-11-Service,EndDevice-11,Application-11-Service,22900
8770,Application-29,M_Req,missing_destination,54,Application-29-Service,EndDevice-29,Application-29-Service,22900
8781,Application-24,M_Req,missing_destination,49,Application-24-Service,EndDevice-24,Application-24-Service,22900
8783,Application-21,M_Req,missing_destination,46,Application-21-Service,EndDevice-21,Application-21-Service,22900
8784,Application-12,M_Req,missing_destination,37,Application-12-Service,EndDevice-12,Application-12-Service,22900
8788,Application-14,M_Req,missing_destination,39,Application-14-Service,EndDevice-14,Application-14-Service,22900
8800,Application-47,M_Req,missing_destination,72,Application-47-Service,EndDevice-47,Application-47-Service,23000
8803,Application-46,M_Req,missing_destination,71,Application-46-Service,EndDevice-46,Application-46-Service,23000
8804,Application-48,M_Req,missing_destination,73,Application-48-Service,EndDevice-48,Application-48-Service,23000
8806,Application-15,M_Req,missing_destination,40,Application-15-Service,EndDevice-15,Application-15-Service,23000
8808,Application-22,M_Req,missing_destination,47,Application-22-Service,EndDevice-22,Application-22-Service,23000
8809,Application-19,M_Req,missing_destination,44,Application-19-Service,EndDevice-19,Application-19-Service,23000
8810,Application-2,M_Req,missing_destination,27,Application-2-Service,EndDevice-2,Application-2-Service,23000
8812,Application-29,M_Req,missing_destination,54,Application-29-Service,EndDevice-29,Application-29-Service,23000
8813,Application-42,M_Req,missing_destination,67,Application-42-Service,EndDevice-42,Application-42-Service,23000
8815,Application-16,M_Req,missing_destination,41,Application-16-Service,EndDevice-16,Application-16-Service,23000
8816,Application-45,M_Req,missing_destination,70,Application-45-Service,EndDevice-45,Application-45-Service,23000
8824,Application-43,M_Req,missing_destination,68,Application-43-Service,EndDevice-43,Application-43-Service,23100
8825,Application-41,M_Req,missing_destination,66,Application-41-Service,EndDevice-41,Application-41-Service,23100
8848,Application-47,M_Req,missing_destination,72,Application-47-Service,EndDevice-47,Application-47-Service,23100
8851,Application-46,M_Req,missing_destination,71,Application-46-Service,EndDevice-46,Application-46-Service,23100
8852,Application-48,M_Req,missing_destination,73,Application-48-Service,EndDevice-48,Application-48-Service,23100
8854,Application-15,M_Req,missing_destination,40,Application-15-Service,EndDevice-15,Application-15-Service,23100
8856,Application-22,M_Req,missing_destination,47,Application-22-Service,EndDevice-22,Application-22-Service,23100
8857,Application-19,M_Req,missing_destination,44,Application-19-Service,EndDevice-19,Application-19-Service,23100
8858,Application-2,M_Req,missing_destination,27,Application-2-Service,EndDevice-2,Application-2-Service,23100
8860,Application-29,M_Req,missing_destination,54,Application-29-Service,EndDevice-29,Application-29-Service,23100
8861,Application-42,M_Req,missing_destination,67,Application-42-Service,EndDevice-42,Application-42-Service,23100
8863,Application-16,M_Req,missing_destination,41,Application-16-Service,EndDevice-16,Application-16-Service,23100
8864,Application-45,M_Req,missing_destination,70,Application-45-Service,EndDevice-45,Application-45-Service,23100
8906,Application-29,M_Req,missing_destination,54,Application-29-Service,EndDevice-29,Application-29-Service,23300
8910,Application-27,M_Req,missing_destination,52,Application-27-Service,EndDevice-27,Application-27-Service,23300
8913,Application-26,M_Req,missing_destination,51,Application-26-Service,EndDevice-26,Application-26-Service,23300
8938,Application-47,M_Req,missing_destination,72,Application-47-Service,EndDevice-47,Application-47-Service,23300
8941,Application-46,M_Req,missing_destination,71,Application-46-Service,EndDevice-46,Application-46-Service,23300
8942,Application-48,M_Req,missing_destination,73,Application-48-Service,EndDevice-48,Application-48-Service,23300
8952,Application-29,M_Req,missing_destination,54,Application-29-Service,EndDevice-29,Application-29-Service,23400
8954,Application-27,M_Req,missing_destination,52,Application-27-Service,EndDevice-27,Application-27-Service,23400
9044,Application-27,M_Req,missing_destination,52,Application-27-Service,EndDevice-27,Application-27-Service,23600
9092,Application-27,M_Req,missing_destination,52,Application-27-Service,EndDevice-27,Application-27-Service,23700
9124,Application-15,M_Req,missing_destination,40,Application-15-Service,EndDevice-15,Application-15-Service,23900
9125,Application-2,M_Req,missing_destination,27,Application-2-Service,EndDevice-2,Application-2-Service,23900
9127,Application-16,M_Req,missing_destination,41,Application-16-Service,EndDevice-16,Application-16-Service,23900
9131,Application-27,M_Req,missing_destination,52,Application-27-Service,EndDevice-27,Application-27-Service,23900
9132,Application-18,M_Req,missing_destination,43,Application-18-Service,EndDevice-18,Application-18-Service,23900
9133,Application-45,M_Req,missing_destination,70,Application-45-Service,EndDevice-45,Application-45-Service,23900
9134,Application-10,M_Req,missing_destination,35,Application-10-Service,EndDevice-10,Application-10-Service,23900
9144,Application-24,M_Req,missing_destination,49,Application-24-Service,EndDevice-24,Application-24-Service,23900
9145,Application-21,M_Req,missing_destination,46,Application-21-Service,EndDevice-21,Application-21-Service,23900
9146,Application-12,M_Req,missing_destination,37,Application-12-Service,EndDevice-12,Application-12-Service,23900
9148,Application-23,M_Req,missing_destination,48,Application-23-Service,EndDevice-23,Application-23-Service,23900
9149,Application-11,M_Req,missing_destination,36,Application-11-Service,EndDevice-11,Application-11-Service,23900
9151,Application-47,M_Req,missing_destination,72,Application-47-Service,EndDevice-47,Application-47-Service,23900
9152,Application-3,M_Req,missing_destination,28,Application-3-Service,EndDevice-3,Application-3-Service,23900
9153,Application-25,M_Req,missing_destination,50,Application-25-Service,EndDevice-25,Application-25-Service,23900
9154,Application-14,M_Req,missing_destination,39,Application-14-Service,EndDevice-14,Application-14-Service,23900
9155,Application-4,M_Req,missing_destination,29,Application-4-Service,EndDevice-4,Application-4-Service,23900
9158,Application-28,M_Req,missing_destination,53,Application-28-Service,EndDevice-28,Application-28-Service,23900
9159,Application-13,M_Req,missing_destination,38,Application-13-Service,EndDevice-13,Application-13-Service,23900
9160,Application-9,M_Req,missing_destination,34,Application-9-Service,EndDevice-9,Application-9-Service,23900
9161,Application-7,M_Req,missing_destination,32,Application-7-Service,EndDevice-7,Application-7-Service,23900
9163,Application-20,M_Req,missing_destination,45,Application-20-Service,EndDevice-20,Application-20-Service,23900
9164,Application-46,M_Req,missing_destination,71,Application-46-Service,EndDevice-46,Application-46-Service,23900
9166,Application-1,M_Req,missing_destination,26,Application-1-Service,EndDevice-1,Application-1-Service,23900
9167,Application-6,M_Req,missing_destination,31,Application-6-Service,EndDevice-6,Application-6-Service,23900
9168,Application-8,M_Req,missing_destination,33,Application-8-Service,EndDevice-8,Application-8-Service,23900
9169,Application-26,M_Req,missing_destination,51,Application-26-Service,EndDevice-26,Application-26-Service,23900
9170,Application-48,M_Req,missing_destination,73,Application-48-Service,EndDevice-48,Application-48-Service,23900
9172,Application-15,M_Req,missing_destination,40,Application-15-Service,EndDevice-15,Application-15-Service,24000
9173,Application-2,M_Req,missing_destination,27,Application-2-Service,EndDevice-2,Application-2-Service,24000
9175,Application-16,M_Req,missing_destination,41,Application-16-Service,EndDevice-16,Application-16-Service,24000
9178,Application-27,M_Req,missing_destination,52,Application-27-Service,EndDevice-27,Application-27-Service,24000
9179,Application-18,M_Req,missing_destination,43,Application-18-Service,EndDevice-18,Application-18-Service,24000
9187,Application-24,M_Req,missing_destination,49,Application-24-Service,EndDevice-24,Application-24-Service,24000
9188,Application-21,M_Req,missing_destination,46,Application-21-Service,EndDevice-21,Application-21-Service,24000
9189,Application-12,M_Req,missing_destination,37,Application-12-Service,EndDevice-12,Application-12-Service,24000
9191,Application-23,M_Req,missing_destination,48,Application-23-Service,EndDevice-23,Application-23-Service,24000
9192,Application-11,M_Req,missing_destination,36,Application-11-Service,EndDevice-11,Application-11-Service,24000
9194,Application-3,M_Req,missing_destination,28,Application-3-Service,EndDevice-3,Application-3-Service,24000
9195,Application-25,M_Req,missing_destination,50,Application-25-Service,EndDevice-25,Application-25-Service,24000
9196,Application-14,M_Req,missing_destination,39,Application-14-Service,EndDevice-14,Application-14-Service,24000
9197,Application-4,M_Req,missing_destination,29,Application-4-Service,EndDevice-4,Application-4-Service,24000
9200,Application-28,M_Req,missing_destination,53,Application-28-Service,EndDevice-28,Application-28-Service,24000
9220,Application-15,M_Req,missing_destination,40,Application-15-Service,EndDevice-15,Application-15-Service,24100
9221,Application-2,M_Req,missing_destination,27,Application-2-Service,EndDevice-2,Application-2-Service,24100
9223,Application-16,M_Req,missing_destination,41,Application-16-Service,EndDevice-16,Application-16-Service,24100
9226,Application-27,M_Req,missing_destination,52,Application-27-Service,EndDevice-27,Application-27-Service,24100
9227,Application-18,M_Req,missing_destination,43,Application-18-Service,EndDevice-18,Application-18-Service,24100
9235,Application-24,M_Req,missing_destination,49,Application-24-Service,EndDevice-24,Application-24-Service,24100
9236,Application-21,M_Req,missing_destination,46,Application-21-Service,EndDevice-21,Application-21-Service,24100
9237,Application-12,M_Req,missing_destination,37,Application-12-Service,EndDevice-12,Application-12-Service,24100
9239,Application-23,M_Req,missing_destination,48,Application-23-Service,EndDevice-23,Application-23-Service,24100
9240,Application-11,M_Req,missing_destination,36,Application-11-Service,EndDevice-11,Application-11-Service,24100
9242,Application-3,M_Req,missing_destination,28,Application-3-Service,EndDevice-3,Application-3-Service,24100
9243,Application-25,M_Req,missing_destination,50,Application-25-Service,EndDevice-25,Application-25-Service,24100
9244,Application-14,M_Req,missing_destination,39,Application-14-Service,EndDevice-14,Application-14-Service,24100
9245,Application-4,M_Req,missing_destination,29,Application-4-Service,EndDevice-4,Application-4-Service,24100
9248,Application-28,M_Req,missing_destination,53,Application-28-Service,EndDevice-28,Application-28-Service,24100
9265,Application-15,M_Req,missing_destination,40,Application-15-Service,EndDevice-15,Application-15-Service,24200
9266,Application-42,M_Req,missing_destination,67,Application-42-Service,EndDevice-42,Application-42-Service,24200
9267,Application-16,M_Req,missing_destination,41,Application-16-Service,EndDevice-16,Application-16-Service,24200
9268,Application-29,M_Req,missing_destination,54,Application-29-Service,EndDevice-29,Application-29-Service,24200
9270,Application-27,M_Req,missing_destination,52,Application-27-Service,EndDevice-27,Application-27-Service,24200
9271,Application-18,M_Req,missing_destination,43,Application-18-Service,EndDevice-18,Application-18-Service,24200
9313,Application-15,M_Req,missing_destination,40,Application-15-Service,EndDevice-15,Application-15-Service,24300
9314,Application-42,M_Req,missing_destination,67,Application-42-Service,EndDevice-42,Application-42-Service,24300
9315,Application-16,M_Req,missing_destination,41,Application-16-Service,EndDevice-16,Application-16-Service,24300
9316,Application-29,M_Req,missing_destination,54,Application-29-Service,EndDevice-29,Application-29-Service,24300
9318,Application-27,M_Req,missing_destination,52,Application-27-Service,EndDevice-27,Application-27-Service,24300
9319,Application-18,M_Req,missing_destination,43,Application-18-Service,EndDevice-18,Application-18-Service,24300
10164,Application-17,M_Req,missing_destination,42,Application-17-Service,EndDevice-17,Application-17-Service,26600
10165,Application-19,M_Req,missing_destination,44,Application-19-Service,EndDevice-19,Application-19-Service,26600
10166,Application-36,M_Req,missing_destination,61,Application-36-Service,EndDevice-36,Application-36-Service,26600
10167,Application-32,M_Req,missing_destination,57,Application-32-Service,EndDevice-32,Application-32-Service,26600
10168,Application-40,M_Req,missing_destination,65,Application-40-Service,EndDevice-40,Application-40-Service,26600
10169,Application-1,M_Req,missing_destination,26,Application-1-Service,EndDevice-1,Application-1-Service,26600
10170,Application-16,M_Req,missing_destination,41,Application-16-Service,EndDevice-16,Application-16-Service,26600
10172,Application-18,M_Req,missing_destination,43,Application-18-Service,EndDevice-18,Application-18-Service,26600
10173,Application-29,M_Req,missing_destination,54,Application-29-Service,EndDevice-29,Application-29-Service,26600
10176,Application-3,M_Req,missing_destination,28,Application-3-Service,EndDevice-3,Application-3-Service,26600
10177,Application-34,M_Req,missing_destination,59,Application-34-Service,EndDevice-34,Application-34-Service,26600
10178,Application-23,M_Req,missing_destination,48,Application-23-Service,EndDevice-23,Application-23-Service,26600
10180,Application-21,M_Req,missing_destination,46,Application-21-Service,EndDevice-21,Application-21-Service,26600
10181,Application-13,M_Req,missing_destination,38,Application-13-Service,EndDevice-13,Application-13-Service,26600
10183,Application-8,M_Req,missing_destination,33,Application-8-Service,EndDevice-8,Application-8-Service,26600
10185,Application-22,M_Req,missing_destination,47,Application-22-Service,EndDevice-22,Application-22-Service,26600
10186,Application-31,M_Req,missing_destination,56,Application-31-Service,EndDevice-31,Application-31-Service,26600
10187,Application-15,M_Req,missing_destination,40,Application-15-Service,EndDevice-15,Application-15-Service,26600
10188,Application-30,M_Req,missing_destination,55,Application-30-Service,EndDevice-30,Application-30-Service,26600
10189,Application-39,M_Req,missing_destination,64,Application-39-Service,EndDevice-39,Application-39-Service,26600
10193,Application-4,M_Req,missing_destination,29,Application-4-Service,EndDevice-4,Application-4-Service,26700
10194,Application-2,M_Req,missing_destination,27,Application-2-Service,EndDevice-2,Application-2-Service,26700
10201,Application-20,M_Req,missing_destination,45,Application-20-Service,EndDevice-20,Application-20-Service,26700
10212,Application-17,M_Req,missing_destination,42,Application-17-Service,EndDevice-17,Application-17-Service,26700
10213,Application-19,M_Req,missing_destination,44,Application-19-Service,EndDevice-19,Application-19-Service,26700
10214,Application-36,M_Req,missing_destination,61,Application-36-Service,EndDevice-36,Application-36-Service,26700
10215,Application-32,M_Req,missing_destination,57,Application-32-Service,EndDevice-32,Application-32-Service,26700
10216,Application-40,M_Req,missing_destination,65,Application-40-Service,EndDevice-40,Application-40-Service,26700
10217,Application-1,M_Req,missing_destination,26,Application-1-Service,EndDevice-1,Application-1-Service,26700
10218,Application-16,M_Req,missing_destination,41,Application-16-Service,EndDevice-16,Application-16-Service,26700
10220,Application-18,M_Req,missing_destination,43,Application-18-Service,EndDevice-18,Application-18-Service,26700
10221,Application-29,M_Req,missing_destination,54,Application-29-Service,EndDevice-29,Application-29-Service,26700
10224,Application-3,M_Req,missing_destination,28,Application-3-Service,EndDevice-3,Application-3-Service,26700
10225,Application-34,M_Req,missing_destination,59,Application-34-Service,EndDevice-34,Application-34-Service,26700
10226,Application-23,M_Req,missing_destination,48,Application-23-Service,EndDevice-23,Application-23-Service,26700
10228,Application-21,M_Req,missing_destination,46,Application-21-Service,EndDevice-21,Application-21-Service,26700
10229,Application-13,M_Req,missing_destination,38,Application-13-Service,EndDevice-13,Application-13-Service,26700
10231,Application-8,M_Req,missing_destination,33,Application-8-Service,EndDevice-8,Application-8-Service,26700
10233,Application-22,M_Req,missing_destination,47,Application-22-Service,EndDevice-22,Application-22-Service,26700
10234,Application-31,M_Req,missing_destination,56,Application-31-Service,EndDevice-31,Application-31-Service,26700
10235,Application-15,M_Req,missing_destination,40,Application-15-Service,EndDevice-15,Application-15-Service,26700
10236,Application-30,M_Req,missing_destination,55,Application-30-Service,EndDevice-30,Application-30-Service,26700
10237,Application-39,M_Req,missing_destination,64,Application-39-Service,EndDevice-39,Application-39-Service,26700
10283,Application-7,M_Req,missing_destination,32,Application-7-Service,EndDevice-7,Application-7-Service,26900
10285,Application-24,M_Req,missing_destination,49,Application-24-Service,EndDevice-24,Application-24-Service,26900
10286,Application-8,M_Req,missing_destination,33,Application-8-Service,EndDevice-8,Application-8-Service,26900
10290,Application-5,M_Req,missing_destination,30,Application-5-Service,EndDevice-5,Application-5-Service,26900
10329,Application-7,M_Req,missing_destination,32,Application-7-Service,EndDevice-7,Application-7-Service,27000
10331,Application-24,M_Req,missing_destination,49,Application-24-Service,EndDevice-24,Application-24-Service,27000
10332,Application-8,M_Req,missing_destination,33,Application-8-Service,EndDevice-8,Application-8-Service,27000
10336,Application-5,M_Req,missing_destination,30,Application-5-Service,EndDevice-5,Application-5-Service,27000
10420,Application-7,M_Req,missing_destination,32,Application-7-Service,EndDevice-7,Application-7-Service,27200
10425,Application-2,M_Req,missing_destination,27,Application-2-Service,EndDevice-2,Application-2-Service,27300
10468,Application-7,M_Req,missing_destination,32,Application-7-Service,EndDevice-7,Application-7-Service,27300
10473,Application-2,M_Req,missing_destination,27,Application-2-Service,EndDevice-2,Application-2-Service,27400
10501,Application-10,M_Req,missing_destination,35,Application-10-Service,EndDevice-10,Application-10-Service,27500
10502,Application-11,M_Req,missing_destination,36,Application-11-Service,EndDevice-11,Application-11-Service,27500
10506,Application-33,M_Req,missing_destination,58,Application-33-Service,EndDevice-33,Application-33-Service,27500
10512,Application-12,M_Req,missing_destination,37,Application-12-Service,EndDevice-12,Application-12-Service,27500
10513,Application-9,M_Req,missing_destination,34,Application-9-Service,EndDevice-9,Application-9-Service,27500
10514,Application-36,M_Req,missing_destination,61,Application-36-Service,EndDevice-36,Application-36-Service,27500
10521,Application-2,M_Req,missing_destination,27,Application-2-Service,EndDevice-2,Application-2-Service,27500
10523,Application-35,M_Req,missing_destination,60,Application-35-Service,EndDevice-35,Application-35-Service,27500
10524,Application-20,M_Req,missing_destination,45,Application-20-Service,EndDevice-20,Application-20-Service,27500
10527,Application-37,M_Req,missing_destination,62,Application-37-Service,EndDevice-37,Application-37-Service,27500
10529,Application-14,M_Req,missing_destination,39,Application-14-Service,EndDevice-14,Application-14-Service,27500
10538,Application-40,M_Req,missing_destination,65,Application-40-Service,EndDevice-40,Application-40-Service,27500
10540,Application-34,M_Req,missing_destination,59,Application-34-Service,EndDevice-34,Application-34-Service,27500
10541,Application-16,M_Req,missing_destination,41,Application-16-Service,EndDevice-16,Application-16-Service,27500
10542,Application-30,M_Req,missing_destination,55,Application-30-Service,EndDevice-30,Application-30-Service,27500
10543,Application-19,M_Req,missing_destination,44,Application-19-Service,EndDevice-19,Application-19-Service,27500
10545,Application-18,M_Req,missing_destination,43,Application-18-Service,EndDevice-18,Application-18-Service,27500
10549,Application-11,M_Req,missing_destination,36,Application-11-Service,EndDevice-11,Application-11-Service,27600
10555,Application-12,M_Req,missing_destination,37,Application-12-Service,EndDevice-12,Application-12-Service,27600
10556,Application-9,M_Req,missing_destination,34,Application-9-Service,EndDevice-9,Application-9-Service,27600
10557,Application-36,M_Req,missing_destination,61,Application-36-Service,EndDevice-36,Application-36-Service,27600
10564,Application-2,M_Req,missing_destination,27,Application-2-Service,EndDevice-2,Application-2-Service,27600
10565,Application-35,M_Req,missing_destination,60,Application-35-Service,EndDevice-35,Application-35-Service,27600
10566,Application-20,M_Req,missing_destination,45,Application-20-Service,EndDevice-20,Application-20-Service,27600
10569,Application-37,M_Req,missing_destination,62,Application-37-Service,EndDevice-37,Application-37-Service,27600
10571,Application-14,M_Req,missing_destination,39,Application-14-Service,EndDevice-14,Application-14-Service,27600
10875,Application-36,M_Req,missing_destination,61,Application-36-Service,EndDevice-36,Application-36-Service,28400
10923,Application-36,M_Req,missing_destination,61,Application-36-Service,EndDevice-36,Application-36-Service,28500
10960,Application-13,M_Req,missing_destination,38,Application-13-Service,EndDevice-13,Application-13-Service,28700
10961,Application-4,M_Req,missing_destination,29,Application-4-Service,EndDevice-4,Application-4-Service,28700
10962,Application-17,M_Req,missing_destination,42,Application-17-Service,EndDevice-17,Application-17-Service,28700
10963,Application-36,M_Req,missing_destination,61,Application-36-Service,EndDevice-36,Application-36-Service,28700
10964,Application-15,M_Req,missing_destination,40,Application-15-Service,EndDevice-15,Application-15-Service,28700
10965,Application-32,M_Req,missing_destination,57,Application-32-Service,EndDevice-32,Application-32-Service,28700
10967,Application-1,M_Req,missing_destination,26,Application-1-Service,EndDevice-1,Application-1-Service,28700
10969,Application-34,M_Req,missing_destination,59,Application-34-Service,EndDevice-34,Application-34-Service,28700
10970,Application-16,M_Req,missing_destination,41,Application-16-Service,EndDevice-16,Application-16-Service,28700
10971,Application-5,M_Req,missing_destination,30,Application-5-Service,EndDevice-5,Application-5-Service,28700
10972,Application-29,M_Req,missing_destination,54,Application-29-Service,EndDevice-29,Application-29-Service,28700
10973,Application-27,M_Req,missing_destination,52,Application-27-Service,EndDevice-27,Application-27-Service,28700
10978,Application-7,M_Req,missing_destination,32,Application-7-Service,EndDevice-7,Application-7-Service,28700
10982,Application-47,M_Req,missing_destination,72,Application-47-Service,EndDevice-47,Application-47-Service,28700
10983,Application-6,M_Req,missing_destination,31,Application-6-Service,EndDevice-6,Application-6-Service,28700
10984,Application-2,M_Req,missing_destination,27,Application-2-Service,EndDevice-2,Application-2-Service,28700
10985,Application-20,M_Req,missing_destination,45,Application-20-Service,EndDevice-20,Application-20-Service,28700
10987,Application-14,M_Req,missing_destination,39,Application-14-Service,EndDevice-14,Application-14-Service,28700
10990,Application-33,M_Req,missing_destination,58,Application-33-Service,EndDevice-33,Application-33-Service,28700
10991,Application-8,M_Req,missing_destination,33,Application-8-Service,EndDevice-8,Application-8-Service,28700
10992,Application-37,M_Req,missing_destination,62,Application-37-Service,EndDevice-37,Application-37-Service,28700
10993,Application-48,M_Req,missing_destination,73,Application-48-Service,EndDevice-48,Application-48-Service,28700
10994,Application-46,M_Req,missing_destination,71,Application-46-Service,EndDevice-46,Application-46-Service,28700
10995,Application-3,M_Req,missing_destination,28,Application-3-Service,EndDevice-3,Application-3-Service,28700
10998,Application-31,M_Req,missing_destination,56,Application-31-Service,EndDevice-31,Application-31-Service,28700
10999,Application-45,M_Req,missing_destination,70,Application-45-Service,EndDevice-45,Application-45-Service,28700
11000,Application-30,M_Req,missing_destination,55,Application-30-Service,EndDevice-30,Application-30-Service,28700
11001,Application-10,M_Req,missing_destination,35,Application-10-Service,EndDevice-10,Application-10-Service,28700
11002,Application-28,M_Req,missing_destination,53,Application-28-Service,EndDevice-28,Application-28-Service,28700
11003,Application-39,M_Req,missing_destination,64,Application-39-Service,EndDevice-39,Application-39-Service,28700
11004,Application-25,M_Req,missing_destination,50,Application-25-Service,EndDevice-25,Application-25-Service,28700
11005,Application-35,M_Req,missing_destination,60,Application-35-Service,EndDevice-35,Application-35-Service,28700
11008,Application-13,M_Req,missing_destination,38,Application-13-Service,EndDevice-13,Application-13-Service,28800
11009,Application-4,M_Req,missing_destination,29,Application-4-Service,EndDevice-4,Application-4-Service,28800
11010,Application-17,M_Req,missing_destination,42,Application-17-Service,EndDevice-17,Application-17-Service,28800
11011,Application-36,M_Req,missing_destination,61,Application-36-Service,EndDevice-36,Application-36-Service,28800
11012,Application-32,M_Req,missing_destination,57,Application-32-Service,EndDevice-32,Application-32-Service,28800
11013,Application-1,M_Req,missing_destination,26,Application-1-Service,EndDevice-1,Application-1-Service,28800
11015,Application-34,M_Req,missing_destination,59,Application-34-Service,EndDevice-34,Application-34-Service,28800
11016,Application-5,M_Req,missing_destination,30,Application-5-Service,EndDevice-5,Application-5-Service,28800
11017,Application-29,M_Req,missing_destination,54,Application-29-Service,EndDevice-29,Application-29-Service,28800
11018,Application-27,M_Req,missing_destination,52,Application-27-Service,EndDevice-27,Application-27-Service,28800
11023,Application-7,M_Req,missing_destination,32,Application-7-Service,EndDevice-7,Application-7-Service,28800
11026,Application-47,M_Req,missing_destination,72,Application-47-Service,EndDevice-47,Application-47-Service,28800
11027,Application-6,M_Req,missing_destination,31,Application-6-Service,EndDevice-6,Application-6-Service,28800
11028,Application-2,M_Req,missing_destination,27,Application-2-Service,EndDevice-2,Application-2-Service,28800
11029,Application-20,M_Req,missing_destination,45,Application-20-Service,EndDevice-20,Application-20-Service,28800
11033,Application-33,M_Req,missing_destination,58,Application-33-Service,EndDevice-33,Application-33-Service,28800
11034,Application-37,M_Req,missing_destination,62,Application-37-Service,EndDevice-37,Application-37-Service,28800
11035,Application-46,M_Req,missing_destination,71,Application-46-Service,EndDevice-46,Application-46-Service,28800
11036,Application-3,M_Req,missing_destination,28,Application-3-Service,EndDevice-3,Application-3-Service,28800
11038,Application-31,M_Req,missing_destination,56,Application-31-Service,EndDevice-31,Application-31-Service,28800
11039,Application-45,M_Req,missing_destination,70,Application-45-Service,EndDevice-45,Application-45-Service,28800
11056,Application-13,M_Req,missing_destination,38,Application-13-Service,EndDevice-13,Application-13-Service,28900
11057,Application-4,M_Req,missing_destination,29,Application-4-Service,EndDevice-4,Application-4-Service,28900
11058,Application-17,M_Req,missing_destination,42,Application-17-Service,EndDevice-17,Application-17-Service,28900
11059,Application-36,M_Req,missing_destination,61,Application-36-Service,EndDevice-36,Application-36-Service,28900
11060,Application-32,M_Req,missing_destination,57,Application-32-Service,EndDevice-32,Application-32-Service,28900
11061,Application-1,M_Req,missing_destination,26,Application-1-Service,EndDevice-1,Application-1-Service,28900
11063,Application-34,M_Req,missing_destination,59,Application-34-Service,EndDevice-34,Application-34-Service,28900
11064,Application-5,M_Req,missing_destination,30,Application-5-Service,EndDevice-5,Application-5-Service,28900
11065,Application-29,M_Req,missing_destination,54,Application-29-Service,EndDevice-29,Application-29-Service,28900
11066,Application-27,M_Req,missing_destination,52,Application-27-Service,EndDevice-27,Application-27-Service,28900
11071,Application-7,M_Req,missing_destination,32,Application-7-Service,EndDevice-7,Application-7-Service,28900
11075,Application-6,M_Req,missing_destination,31,Application-6-Service,EndDevice-6,Application-6-Service,28900
11084,Application-3,M_Req,missing_destination,28,Application-3-Service,EndDevice-3,Application-3-Service,28900
11086,Application-31,M_Req,missing_destination,56,Application-31-Service,EndDevice-31,Application-31-Service,28900
11101,Application-13,M_Req,missing_destination,38,Application-13-Service,EndDevice-13,Application-13-Service,29000
11102,Application-4,M_Req,missing_destination,29,Application-4-Service,EndDevice-4,Application-4-Service,29000
11103,Application-17,M_Req,missing_destination,42,Application-17-Service,EndDevice-17,Application-17-Service,29000
11104,Application-36,M_Req,missing_destination,61,Application-36-Service,EndDevice-36,Application-36-Service,29000
11105,Application-32,M_Req,missing_destination,57,Application-32-Service,EndDevice-32,Application-32-Service,29000
11107,Application-34,M_Req,missing_destination,59,Application-34-Service,EndDevice-34,Application-34-Service,29000
11108,Application-29,M_Req,missing_destination,54,Application-29-Service,EndDevice-29,Application-29-Service,29000
11109,Application-27,M_Req,missing_destination,52,Application-27-Service,EndDevice-27,Application-27-Service,29000
11114,Application-7,M_Req,missing_destination,32,Application-7-Service,EndDevice-7,Application-7-Service,29000
11115,Application-43,M_Req,missing_destination,68,Application-43-Service,EndDevice-43,Application-43-Service,29000
11149,Application-13,M_Req,missing_destination,38,Application-13-Service,EndDevice-13,Application-13-Service,29100
11150,Application-4,M_Req,missing_destination,29,Application-4-Service,EndDevice-4,Application-4-Service,29100
11151,Application-17,M_Req,missing_destination,42,Application-17-Service,EndDevice-17,Application-17-Service,29100
11152,Application-36,M_Req,missing_destination,61,Application-36-Service,EndDevice-36,Application-36-Service,29100
11153,Application-32,M_Req,missing_destination,57,Application-32-Service,EndDevice-32,Application-32-Service,29100
11155,Application-34,M_Req,missing_destination,59,Application-34-Service,EndDevice-34,Application-34-Service,29100
11156,Application-29,M_Req,missing_destination,54,Application-29-Service,EndDevice-29,Application-29-Service,29100
11157,Application-27,M_Req,missing_destination,52,Application-27-Service,EndDevice-27,Application-27-Service,29100
11162,Application-7,M_Req,missing_destination,32,Application-7-Service,EndDevice-7,Application-7-Service,29100
11163,Application-43,M_Req,missing_destination,68,Application-43-Service,EndDevice-43,Application-43-Service,29100
11576,Application-1,M_Req,missing_destination,26,Application-1-Service,EndDevice-1,Application-1-Service,30300
11582,Application-25,M_Req,missing_destination,50,Application-25-Service,EndDevice-25,Application-25-Service,30300
11652,Application-32,M_Req,missing_destination,57,Application-32-Service,EndDevice-32,Application-32-Service,30500
11680,Application-31,M_Req,missing_destination,56,Application-31-Service,EndDevice-31,Application-31-Service,30500
11685,Application-19,M_Req,missing_destination,44,Application-19-Service,EndDevice-19,Application-19-Service,30500
11686,Application-15,M_Req,missing_destination,40,Application-15-Service,EndDevice-15,Application-15-Service,30500
11687,Application-16,M_Req,missing_destination,41,Application-16-Service,EndDevice-16,Application-16-Service,30500
11688,Application-8,M_Req,missing_destination,33,Application-8-Service,EndDevice-8,Application-8-Service,30500
11689,Application-9,M_Req,missing_destination,34,Application-9-Service,EndDevice-9,Application-9-Service,30500
11690,Application-14,M_Req,missing_destination,39,Application-14-Service,EndDevice-14,Application-14-Service,30500
11691,Application-47,M_Req,missing_destination,72,Application-47-Service,EndDevice-47,Application-47-Service,30500
11692,Application-3,M_Req,missing_destination,28,Application-3-Service,EndDevice-3,Application-3-Service,30500
11693,Application-46,M_Req,missing_destination,71,Application-46-Service,EndDevice-46,Application-46-Service,30500
11694,Application-26,M_Req,missing_destination,51,Application-26-Service,EndDevice-26,Application-26-Service,30500
11700,Application-32,M_Req,missing_destination,57,Application-32-Service,EndDevice-32,Application-32-Service,30600
11722,Application-31,M_Req,missing_destination,56,Application-31-Service,EndDevice-31,Application-31-Service,30600
11785,Application-39,M_Req,missing_destination,64,Application-39-Service,EndDevice-39,Application-39-Service,30800
11799,Application-37,M_Req,missing_destination,62,Application-37-Service,EndDevice-37,Application-37-Service,30800
11802,Application-1,M_Req,missing_destination,26,Application-1-Service,EndDevice-1,Application-1-Service,30900
11803,Application-42,M_Req,missing_destination,67,Application-42-Service,EndDevice-42,Application-42-Service,30900
11805,Application-6,M_Req,missing_destination,31,Application-6-Service,EndDevice-6,Application-6-Service,30900
11806,Application-38,M_Req,missing_destination,63,Application-38-Service,EndDevice-38,Application-38-Service,30900
11807,Application-43,M_Req,missing_destination,68,Application-43-Service,EndDevice-43,Application-43-Service,30900
11808,Application-7,M_Req,missing_destination,32,Application-7-Service,EndDevice-7,Application-7-Service,30900
11809,Application-5,M_Req,missing_destination,30,Application-5-Service,EndDevice-5,Application-5-Service,30900
11811,Application-40,M_Req,missing_destination,65,Application-40-Service,EndDevice-40,Application-40-Service,30900
11812,Application-41,M_Req,missing_destination,66,Application-41-Service,EndDevice-41,Application-41-Service,30900
11833,Application-39,M_Req,missing_destination,64,Application-39-Service,EndDevice-39,Application-39-Service,30900
11847,Application-37,M_Req,missing_destination,62,Application-37-Service,EndDevice-37,Application-37-Service,30900
11878,Application-32,M_Req,missing_destination,57,Application-32-Service,EndDevice-32,Application-32-Service,31100
11884,Application-29,M_Req,missing_destination,54,Application-29-Service,EndDevice-29,Application-29-Service,31100
11925,Application-32,M_Req,missing_destination,57,Application-32-Service,EndDevice-32,Application-32-Service,31200
11929,Application-29,M_Req,missing_destination,54,Application-29-Service,EndDevice-29,Application-29-Service,31200
13853,Application-24,M_Req,missing_destination,49,Application-24-Service,EndDevice-24,Application-24-Service,36200
13861,Application-45,M_Req,missing_destination,70,Application-45-Service,EndDevice-45,Application-45-Service,36200
13901,Application-24,M_Req,missing_destination,49,Application-24-Service,EndDevice-24,Application-24-Service,36300
13909,Application-45,M_Req,missing_destination,70,Application-45-Service,EndDevice-45,Application-45-Service,36300
14068,Application-36,M_Req,missing_destination,61,Application-36-Service,EndDevice-36,Application-36-Service,36800
14077,Application-34,M_Req,missing_destination,59,Application-34-Service,EndDevice-34,Application-34-Service,36800
14091,Application-12,M_Req,missing_destination,37,Application-12-Service,EndDevice-12,Application-12-Service,36800
14092,Application-8,M_Req,missing_destination,33,Application-8-Service,EndDevice-8,Application-8-Service,36800
14097,Application-33,M_Req,missing_destination,58,Application-33-Service,EndDevice-33,Application-33-Service,36900
14116,Application-36,M_Req,missing_destination,61,Application-36-Service,EndDevice-36,Application-36-Service,36900
14125,Application-34,M_Req,missing_destination,59,Application-34-Service,EndDevice-34,Application-34-Service,36900
14139,Application-12,M_Req,missing_destination,37,Application-12-Service,EndDevice-12,Application-12-Service,36900
14140,Application-8,M_Req,missing_destination,33,Application-8-Service,EndDevice-8,Application-8-Service,36900
14172,Application-45,M_Req,missing_destination,70,Application-45-Service,EndDevice-45,Application-45-Service,37100
14182,Application-32,M_Req,missing_destination,57,Application-32-Service,EndDevice-32,Application-32-Service,37100
14183,Application-46,M_Req,missing_destination,71,Application-46-Service,EndDevice-46,Application-46-Service,37100
14184,Application-1,M_Req,missing_destination,26,Application-1-Service,EndDevice-1,Application-1-Service,37100
14186,Application-14,M_Req,missing_destination,39,Application-14-Service,EndDevice-14,Application-14-Service,37100
14187,Application-26,M_Req,missing_destination,51,Application-26-Service,EndDevice-26,Application-26-Service,37100
14188,Application-11,M_Req,missing_destination,36,Application-11-Service,EndDevice-11,Application-11-Service,37100
14189,Application-48,M_Req,missing_destination,73,Application-48-Service,EndDevice-48,Application-48-Service,37100
14191,Application-47,M_Req,missing_destination,72,Application-47-Service,EndDevice-47,Application-47-Service,37100
14194,Application-29,M_Req,missing_destination,54,Application-29-Service,EndDevice-29,Application-29-Service,37100
14198,Application-16,M_Req,missing_destination,41,Application-16-Service,EndDevice-16,Application-16-Service,37100
14207,Application-43,M_Req,missing_destination,68,Application-43-Service,EndDevice-43,Application-43-Service,37100
14208,Application-6,M_Req,missing_destination,31,Application-6-Service,EndDevice-6,Application-6-Service,37100
14209,Application-7,M_Req,missing_destination,32,Application-7-Service,EndDevice-7,Application-7-Service,37100
14210,Application-28,M_Req,missing_destination,53,Application-28-Service,EndDevice-28,Application-28-Service,37100
14211,Application-2,M_Req,missing_destination,27,Application-2-Service,EndDevice-2,Application-2-Service,37100
14213,Application-9,M_Req,missing_destination,34,Application-9-Service,EndDevice-9,Application-9-Service,37100
14215,Application-10,M_Req,missing_destination,35,Application-10-Service,EndDevice-10,Application-10-Service,37100
14219,Application-45,M_Req,missing_destination,70,Application-45-Service,EndDevice-45,Application-45-Service,37200
14228,Application-32,M_Req,missing_destination,57,Application-32-Service,EndDevice-32,Application-32-Service,37200
14229,Application-46,M_Req,missing_destination,71,Application-46-Service,EndDevice-46,Application-46-Service,37200
14230,Application-1,M_Req,missing_destination,26,Application-1-Service,EndDevice-1,Application-1-Service,37200
14232,Application-26,M_Req,missing_destination,51,Application-26-Service,EndDevice-26,Application-26-Service,37200
14233,Application-48,M_Req,missing_destination,73,Application-48-Service,EndDevice-48,Application-48-Service,37200
14234,Application-47,M_Req,missing_destination,72,Application-47-Service,EndDevice-47,Application-47-Service,37200
14236,Application-29,M_Req,missing_destination,54,Application-29-Service,EndDevice-29,Application-29-Service,37200
14240,Application-16,M_Req,missing_destination,41,Application-16-Service,EndDevice-16,Application-16-Service,37200
14267,Application-45,M_Req,missing_destination,70,Application-45-Service,EndDevice-45,Application-45-Service,37300
14318,Application-32,M_Req,missing_destination,57,Application-32-Service,EndDevice-32,Application-32-Service,37400
14319,Application-46,M_Req,missing_destination,71,Application-46-Service,EndDevice-46,Application-46-Service,37400
14320,Application-1,M_Req,missing_destination,26,Application-1-Service,EndDevice-1,Application-1-Service,37400
14322,Application-26,M_Req,missing_destination,51,Application-26-Service,EndDevice-26,Application-26-Service,37400
14324,Application-33,M_Req,missing_destination,58,Application-33-Service,EndDevice-33,Application-33-Service,37500
14366,Application-32,M_Req,missing_destination,57,Application-32-Service,EndDevice-32,Application-32-Service,37500
14367,Application-46,M_Req,missing_destination,71,Application-46-Service,EndDevice-46,Application-46-Service,37500
14368,Application-1,M_Req,missing_destination,26,Application-1-Service,EndDevice-1,Application-1-Service,37500
14370,Application-26,M_Req,missing_destination,51,Application-26-Service,EndDevice-26,Application-26-Service,37500
14427,Application-44,M_Req,missing_destination,69,Application-44-Service,EndDevice-44,Application-44-Service,37700
14428,Application-41,M_Req,missing_destination,66,Application-41-Service,EndDevice-41,Application-41-Service,37700
14469,Application-44,M_Req,missing_destination,69,Application-44-Service,EndDevice-44,Application-44-Service,37800
14470,Application-41,M_Req,missing_destination,66,Application-41-Service,EndDevice-41,Application-41-Service,37800
14542,Application-37,M_Req,missing_destination,62,Application-37-Service,EndDevice-37,Application-37-Service,38000
14557,Application-18,M_Req,missing_destination,43,Application-18-Service,EndDevice-18,Application-18-Service,38100
14558,Application-44,M_Req,missing_destination,69,Application-44-Service,EndDevice-44,Application-44-Service,38100
14559,Application-20,M_Req,missing_destination,45,Application-20-Service,EndDevice-20,Application-20-Service,38100
14590,Application-37,M_Req,missing_destination,62,Application-37-Service,EndDevice-37,Application-37-Service,38100
14640,Application-31,M_Req,missing_destination,56,Application-31-Service,EndDevice-31,Application-31-Service,38300
14649,Application-29,M_Req,missing_destination,54,Application-29-Service,EndDevice-29,Application-29-Service,38300
14651,Application-18,M_Req,missing_destination,43,Application-18-Service,EndDevice-18,Application-18-Service,38300
14652,Application-44,M_Req,missing_destination,69,Application-44-Service,EndDevice-44,Application-44-Service,38300
14685,Application-31,M_Req,missing_destination,56,Application-31-Service,EndDevice-31,Application-31-Service,38400
14693,Application-29,M_Req,missing_destination,54,Application-29-Service,EndDevice-29,Application-29-Service,38400
14695,Application-18,M_Req,missing_destination,43,Application-18-Service,EndDevice-18,Application-18-Service,38400
14696,Application-44,M_Req,missing_destination,69,Application-44-Service,EndDevice-44,Application-44-Service,38400
14774,Application-31,M_Req,missing_destination,56,Application-31-Service,EndDevice-31,Application-31-Service,38600
14781,Application-29,M_Req,missing_destination,54,Application-29-Service,EndDevice-29,Application-29-Service,38700
14785,Application-32,M_Req,missing_destination,57,Application-32-Service,EndDevice-32,Application-32-Service,38700
14786,Application-41,M_Req,missing_destination,66,Application-41-Service,EndDevice-41,Application-41-Service,38700
14822,Application-31,M_Req,missing_destination,56,Application-31-Service,EndDevice-31,Application-31-Service,38700
14989,Application-22,M_Req,missing_destination,47,Application-22-Service,EndDevice-22,Application-22-Service,39200
15006,Application-9,M_Req,missing_destination,34,Application-9-Service,EndDevice-9,Application-9-Service,39200
15037,Application-22,M_Req,missing_destination,47,Application-22-Service,EndDevice-22,Application-22-Service,39300
15054,Application-9,M_Req,missing_destination,34,Application-9-Service,EndDevice-9,Application-9-Service,39300
15087,Application-31,M_Req,missing_destination,56,Application-31-Service,EndDevice-31,Application-31-Service,39500
15106,Application-29,M_Req,missing_destination,54,Application-29-Service,EndDevice-29,Application-29-Service,39500
15116,Application-32,M_Req,missing_destination,57,Application-32-Service,EndDevice-32,Application-32-Service,39500
15148,Application-29,M_Req,missing_destination,54,Application-29-Service,EndDevice-29,Application-29-Service,39600
15196,Application-29,M_Req,missing_destination,54,Application-29-Service,EndDevice-29,Application-29-Service,39700
15211,Application-7,M_Req,missing_destination,32,Application-7-Service,EndDevice-7,Application-7-Service,39800
15225,Application-8,M_Req,missing_destination,33,Application-8-Service,EndDevice-8,Application-8-Service,39800
15226,Application-42,M_Req,missing_destination,67,Application-42-Service,EndDevice-42,Application-42-Service,39800
15227,Application-5,M_Req,missing_destination,30,Application-5-Service,EndDevice-5,Application-5-Service,39800
15228,Application-16,M_Req,missing_destination,41,Application-16-Service,EndDevice-16,Application-16-Service,39800
15229,Application-39,M_Req,missing_destination,64,Application-39-Service,EndDevice-39,Application-39-Service,39800
15231,Application-9,M_Req,missing_destination,34,Application-9-Service,EndDevice-9,Application-9-Service,39800
15233,Application-26,M_Req,missing_destination,51,Application-26-Service,EndDevice-26,Application-26-Service,39800
15234,Application-25,M_Req,missing_destination,50,Application-25-Service,EndDevice-25,Application-25-Service,39800
15235,Application-12,M_Req,missing_destination,37,Application-12-Service,EndDevice-12,Application-12-Service,39800
15244,Application-6,M_Req,missing_destination,31,Application-6-Service,EndDevice-6,Application-6-Service,39900
15259,Application-7,M_Req,missing_destination,32,Application-7-Service,EndDevice-7,Application-7-Service,39900
15273,Application-8,M_Req,missing_destination,33,Application-8-Service,EndDevice-8,Application-8-Service,39900
15274,Application-42,M_Req,missing_destination,67,Application-42-Service,EndDevice-42,Application-42-Service,39900
15275,Application-5,M_Req,missing_destination,30,Application-5-Service,EndDevice-5,Application-5-Service,39900
15276,Application-16,M_Req,missing_destination,41,Application-16-Service,EndDevice-16,Application-16-Service,39900
15277,Application-39,M_Req,missing_destination,64,Application-39-Service,EndDevice-39,Application-39-Service,39900
15279,Application-9,M_Req,missing_destination,34,Application-9-Service,EndDevice-9,Application-9-Service,39900
15281,Application-26,M_Req,missing_destination,51,Application-26-Service,EndDevice-26,Application-26-Service,39900
15282,Application-25,M_Req,missing_destination,50,Application-25-Service,EndDevice-25,Application-25-Service,39900
15283,Application-12,M_Req,missing_destination,37,Application-12-Service,EndDevice-12,Application-12-Service,39900
15914,Application-39,M_Req,missing_destination,64,Application-39-Service,EndDevice-39,Application-39-Service,41600
15915,Application-20,M_Req,missing_destination,45,Application-20-Service,EndDevice-20,Application-20-Service,41600
15916,Application-44,M_Req,missing_destination,69,Application-44-Service,EndDevice-44,Application-44-Service,41600
15917,Application-40,M_Req,missing_destination,65,Application-40-Service,EndDevice-40,Application-40-Service,41600
15919,Application-34,M_Req,missing_destination,59,Application-34-Service,EndDevice-34,Application-34-Service,41600
15921,Application-8,M_Req,missing_destination,33,Application-8-Service,EndDevice-8,Application-8-Service,41600
15922,Application-18,M_Req,missing_destination,43,Application-18-Service,EndDevice-18,Application-18-Service,41600
15923,Application-47,M_Req,missing_destination,72,Application-47-Service,EndDevice-47,Application-47-Service,41600
15925,Application-46,M_Req,missing_destination,71,Application-46-Service,EndDevice-46,Application-46-Service,41600
15926,Application-28,M_Req,missing_destination,53,Application-28-Service,EndDevice-28,Application-28-Service,41600
15962,Application-39,M_Req,missing_destination,64,Application-39-Service,EndDevice-39,Application-39-Service,41700
15963,Application-20,M_Req,missing_destination,45,Application-20-Service,EndDevice-20,Application-20-Service,41700
15964,Application-44,M_Req,missing_destination,69,Application-44-Service,EndDevice-44,Application-44-Service,41700
15965,Application-40,M_Req,missing_destination,65,Application-40-Service,EndDevice-40,Application-40-Service,41700
15967,Application-34,M_Req,missing_destination,59,Application-34-Service,EndDevice-34,Application-34-Service,41700
15969,Application-8,M_Req,missing_destination,33,Application-8-Service,EndDevice-8,Application-8-Service,41700
15970,Application-18,M_Req,missing_destination,43,Application-18-Service,EndDevice-18,Application-18-Service,41700
15971,Application-47,M_Req,missing_destination,72,Application-47-Service,EndDevice-47,Application-47-Service,41700
15973,Application-46,M_Req,missing_destination,71,Application-46-Service,EndDevice-46,Application-46-Service,41700
15974,Application-28,M_Req,missing_destination,53,Application-28-Service,EndDevice-28,Application-28-Service,41700
16007,Application-34,M_Req,missing_destination,59,Application-34-Service,EndDevice-34,Application-34-Service,41900
16014,Application-33,M_Req,missing_destination,58,Application-33-Service,EndDevice-33,Application-33-Service,41900
16015,Application-22,M_Req,missing_destination,47,Application-22-Service,EndDevice-22,Application-22-Service,41900
16017,Application-19,M_Req,missing_destination,44,Application-19-Service,EndDevice-19,Application-19-Service,41900
16021,Application-17,M_Req,missing_destination,42,Application-17-Service,EndDevice-17,Application-17-Service,41900
16023,Application-15,M_Req,missing_destination,40,Application-15-Service,EndDevice-15,Application-15-Service,41900
16024,Application-14,M_Req,missing_destination,39,Application-14-Service,EndDevice-14,Application-14-Service,41900
16025,Application-21,M_Req,missing_destination,46,Application-21-Service,EndDevice-21,Application-21-Service,41900
16037,Application-1,M_Req,missing_destination,26,Application-1-Service,EndDevice-1,Application-1-Service,41900
16038,Application-2,M_Req,missing_destination,27,Application-2-Service,EndDevice-2,Application-2-Service,41900
16039,Application-13,M_Req,missing_destination,38,Application-13-Service,EndDevice-13,Application-13-Service,41900
16040,Application-27,M_Req,missing_destination,52,Application-27-Service,EndDevice-27,Application-27-Service,41900
16041,Application-35,M_Req,missing_destination,60,Application-35-Service,EndDevice-35,Application-35-Service,41900
16042,Application-45,M_Req,missing_destination,70,Application-45-Service,EndDevice-45,Application-45-Service,41900
16043,Application-41,M_Req,missing_destination,66,Application-41-Service,EndDevice-41,Application-41-Service,41900
16044,Application-42,M_Req,missing_destination,67,Application-42-Service,EndDevice-42,Application-42-Service,41900
16045,Application-36,M_Req,missing_destination,61,Application-36-Service,EndDevice-36,Application-36-Service,41900
16046,Application-38,M_Req,missing_destination,63,Application-38-Service,EndDevice-38,Application-38-Service,41900
16047,Application-48,M_Req,missing_destination,73,Application-48-Service,EndDevice-48,Application-48-Service,41900
16048,Application-26,M_Req,missing_destination,51,Application-26-Service,EndDevice-26,Application-26-Service,41900
16055,Application-34,M_Req,missing_destination,59,Application-34-Service,EndDevice-34,Application-34-Service,42000
16062,Application-33,M_Req,missing_destination,58,Application-33-Service,EndDevice-33,Application-33-Service,42000
16063,Application-22,M_Req,missing_destination,47,Application-22-Service,EndDevice-22,Application-22-Service,42000
16065,Application-19,M_Req,missing_destination,44,Application-19-Service,EndDevice-19,Application-19-Service,42000
16069,Application-17,M_Req,missing_destination,42,Application-17-Service,EndDevice-17,Application-17-Service,42000
16071,Application-15,M_Req,missing_destination,40,Application-15-Service,EndDevice-15,Application-15-Service,42000
16148,Application-29,M_Req,missing_destination,54,Application-29-Service,EndDevice-29,Application-29-Service,42200
16196,Application-29,M_Req,missing_destination,54,Application-29-Service,EndDevice-29,Application-29-Service,42300
16256,Application-23,M_Req,missing_destination,48,Application-23-Service,EndDevice-23,Application-23-Service,42500
16257,Application-31,M_Req,missing_destination,56,Application-31-Service,EndDevice-31,Application-31-Service,42500
16258,Application-37,M_Req,missing_destination,62,Application-37-Service,EndDevice-37,Application-37-Service,42500
16259,Application-3,M_Req,missing_destination,28,Application-3-Service,EndDevice-3,Application-3-Service,42500
16298,Application-23,M_Req,missing_destination,48,Application-23-Service,EndDevice-23,Application-23-Service,42600
16299,Application-31,M_Req,missing_destination,56,Application-31-Service,EndDevice-31,Application-31-Service,42600
16300,Application-37,M_Req,missing_destination,62,Application-37-Service,EndDevice-37,Application-37-Service,42600
16301,Application-3,M_Req,missing_destination,28,Application-3-Service,EndDevice-3,Application-3-Service,42600
16347,Application-31,M_Req,missing_destination,56,Application-31-Service,EndDevice-31,Application-31-Service,42700
16355,Application-1,M_Req,missing_destination,26,Application-1-Service,EndDevice-1,Application-1-Service,42800
16356,Application-2,M_Req,missing_destination,27,Application-2-Service,EndDevice-2,Application-2-Service,42800
16359,Application-45,M_Req,missing_destination,70,Application-45-Service,EndDevice-45,Application-45-Service,42800
16360,Application-30,M_Req,missing_destination,55,Application-30-Service,EndDevice-30,Application-30-Service,42800
16362,Application-16,M_Req,missing_destination,41,Application-16-Service,EndDevice-16,Application-16-Service,42800
16363,Application-21,M_Req,missing_destination,46,Application-21-Service,EndDevice-21,Application-21-Service,42800
16365,Application-47,M_Req,missing_destination,72,Application-47-Service,EndDevice-47,Application-47-Service,42800
16366,Application-38,M_Req,missing_destination,63,Application-38-Service,EndDevice-38,Application-38-Service,42800
16367,Application-8,M_Req,missing_destination,33,Application-8-Service,EndDevice-8,Application-8-Service,42800
16368,Application-12,M_Req,missing_destination,37,Application-12-Service,EndDevice-12,Application-12-Service,42800
16369,Application-19,M_Req,missing_destination,44,Application-19-Service,EndDevice-19,Application-19-Service,42800
16370,Application-11,M_Req,missing_destination,36,Application-11-Service,EndDevice-11,Application-11-Service,42800
16371,Application-39,M_Req,missing_destination,64,Application-39-Service,EndDevice-39,Application-39-Service,42800
16373,Application-40,M_Req,missing_destination,65,Application-40-Service,EndDevice-40,Application-40-Service,42800
16374,Application-18,M_Req,missing_destination,43,Application-18-Service,EndDevice-18,Application-18-Service,42800
16375,Application-29,M_Req,missing_destination,54,Application-29-Service,EndDevice-29,Application-29-Service,42800
16376,Application-22,M_Req,missing_destination,47,Application-22-Service,EndDevice-22,Application-22-Service,42800
16377,Application-9,M_Req,missing_destination,34,Application-9-Service,EndDevice-9,Application-9-Service,42800
16379,Application-32,M_Req,missing_destination,57,Application-32-Service,EndDevice-32,Application-32-Service,42800
16380,Application-17,M_Req,missing_destination,42,Application-17-Service,EndDevice-17,Application-17-Service,42800
16383,Application-6,M_Req,missing_destination,31,Application-6-Service,EndDevice-6,Application-6-Service,42800
16386,Application-5,M_Req,missing_destination,30,Application-5-Service,EndDevice-5,Application-5-Service,42800
16403,Application-1,M_Req,missing_destination,26,Application-1-Service,EndDevice-1,Application-1-Service,42900
16404,Application-2,M_Req,missing_destination,27,Application-2-Service,EndDevice-2,Application-2-Service,42900
16407,Application-45,M_Req,missing_destination,70,Application-45-Service,EndDevice-45,Application-45-Service,42900
16408,Application-30,M_Req,missing_destination,55,Application-30-Service,EndDevice-30,Application-30-Service,42900
16410,Application-16,M_Req,missing_destination,41,Application-16-Service,EndDevice-16,Application-16-Service,42900
16411,Application-21,M_Req,missing_destination,46,Application-21-Service,EndDevice-21,Application-21-Service,42900
16413,Application-47,M_Req,missing_destination,72,Application-47-Service,EndDevice-47,Application-47-Service,42900
16414,Application-38,M_Req,missing_destination,63,Application-38-Service,EndDevice-38,Application-38-Service,42900
16415,Application-8,M_Req,missing_destination,33,Application-8-Service,EndDevice-8,Application-8-Service,42900
16416,Application-12,M_Req,missing_destination,37,Application-12-Service,EndDevice-12,Application-12-Service,42900
16417,Application-19,M_Req,missing_destination,44,Application-19-Service,EndDevice-19,Application-19-Service,42900
16418,Application-11,M_Req,missing_destination,36,Application-11-Service,EndDevice-11,Application-11-Service,42900
16419,Application-39,M_Req,missing_destination,64,Application-39-Service,EndDevice-39,Application-39-Service,42900
16421,Application-40,M_Req,missing_destination,65,Application-40-Service,EndDevice-40,Application-40-Service,42900
16422,Application-18,M_Req,missing_destination,43,Application-18-Service,EndDevice-18,Application-18-Service,42900
16423,Application-29,M_Req,missing_destination,54,Application-29-Service,EndDevice-29,Application-29-Service,42900
16424,Application-22,M_Req,missing_destination,47,Application-22-Service,EndDevice-22,Application-22-Service,42900
16425,Application-9,M_Req,missing_destination,34,Application-9-Service,EndDevice-9,Application-9-Service,42900
16427,Application-32,M_Req,missing_destination,57,Application-32-Service,EndDevice-32,Application-32-Service,42900
16428,Application-17,M_Req,missing_destination,42,Application-17-Service,EndDevice-17,Application-17-Service,42900
16431,Application-6,M_Req,missing_destination,31,Application-6-Service,EndDevice-6,Application-6-Service,42900
16434,Application-5,M_Req,missing_destination,30,Application-5-Service,EndDevice-5,Application-5-Service,42900
16495,Application-1,M_Req,missing_destination,26,Application-1-Service,EndDevice-1,Application-1-Service,43100
16496,Application-2,M_Req,missing_destination,27,Application-2-Service,EndDevice-2,Application-2-Service,43100
16499,Application-45,M_Req,missing_destination,70,Application-45-Service,EndDevice-45,Application-45-Service,43100
16500,Application-30,M_Req,missing_destination,55,Application-30-Service,EndDevice-30,Application-30-Service,43100
16501,Application-16,M_Req,missing_destination,41,Application-16-Service,EndDevice-16,Application-16-Service,43100
16502,Application-21,M_Req,missing_destination,46,Application-21-Service,EndDevice-21,Application-21-Service,43100
16504,Application-38,M_Req,missing_destination,63,Application-38-Service,EndDevice-38,Application-38-Service,43100
16505,Application-8,M_Req,missing_destination,33,Application-8-Service,EndDevice-8,Application-8-Service,43100
16506,Application-12,M_Req,missing_destination,37,Application-12-Service,EndDevice-12,Application-12-Service,43100
16507,Application-19,M_Req,missing_destination,44,Application-19-Service,EndDevice-19,Application-19-Service,43100
16508,Application-39,M_Req,missing_destination,64,Application-39-Service,EndDevice-39,Application-39-Service,43100
16698,Application-26,M_Req,missing_destination,51,Application-26-Service,EndDevice-26,Application-26-Service,43700
16701,Application-38,M_Req,missing_destination,63,Application-38-Service,EndDevice-38,Application-38-Service,43700
16702,Application-19,M_Req,missing_destination,44,Application-19-Service,EndDevice-19,Application-19-Service,43700
16704,Application-37,M_Req,missing_destination,62,Application-37-Service,EndDevice-37,Application-37-Service,43700
16705,Application-40,M_Req,missing_destination,65,Application-40-Service,EndDevice-40,Application-40-Service,43700
16711,Application-23,M_Req,missing_destination,48,Application-23-Service,EndDevice-23,Application-23-Service,43700
16713,Application-3,M_Req,missing_destination,28,Application-3-Service,EndDevice-3,Application-3-Service,43700
16714,Application-20,M_Req,missing_destination,45,Application-20-Service,EndDevice-20,Application-20-Service,43700
16715,Application-28,M_Req,missing_destination,53,Application-28-Service,EndDevice-28,Application-28-Service,43700
16716,Application-4,M_Req,missing_destination,29,Application-4-Service,EndDevice-4,Application-4-Service,43700
16717,Application-24,M_Req,missing_destination,49,Application-24-Service,EndDevice-24,Application-24-Service,43700
16718,Application-13,M_Req,missing_destination,38,Application-13-Service,EndDevice-13,Application-13-Service,43700
16721,Application-27,M_Req,missing_destination,52,Application-27-Service,EndDevice-27,Application-27-Service,43700
16726,Application-25,M_Req,missing_destination,50,Application-25-Service,EndDevice-25,Application-25-Service,43700
16727,Application-1,M_Req,missing_destination,26,Application-1-Service,EndDevice-1,Application-1-Service,43700
16729,Application-30,M_Req,missing_destination,55,Application-30-Service,EndDevice-30,Application-30-Service,43700
16730,Application-16,M_Req,missing_destination,41,Application-16-Service,EndDevice-16,Application-16-Service,43700
16732,Application-39,M_Req,missing_destination,64,Application-39-Service,EndDevice-39,Application-39-Service,43700
16733,Application-45,M_Req,missing_destination,70,Application-45-Service,EndDevice-45,Application-45-Service,43700
16735,Application-47,M_Req,missing_destination,72,Application-47-Service,EndDevice-47,Application-47-Service,43700
16745,Application-26,M_Req,missing_destination,51,Application-26-Service,EndDevice-26,Application-26-Service,43800
16748,Application-38,M_Req,missing_destination,63,Application-38-Service,EndDevice-38,Application-38-Service,43800
16750,Application-37,M_Req,missing_destination,62,Application-37-Service,EndDevice-37,Application-37-Service,43800
16751,Application-40,M_Req,missing_destination,65,Application-40-Service,EndDevice-40,Application-40-Service,43800
16756,Application-23,M_Req,missing_destination,48,Application-23-Service,EndDevice-23,Application-23-Service,43800
16757,Application-3,M_Req,missing_destination,28,Application-3-Service,EndDevice-3,Application-3-Service,43800
16758,Application-28,M_Req,missing_destination,53,Application-28-Service,EndDevice-28,Application-28-Service,43800
16759,Application-4,M_Req,missing_destination,29,Application-4-Service,EndDevice-4,Application-4-Service,43800
16760,Application-24,M_Req,missing_destination,49,Application-24-Service,EndDevice-24,Application-24-Service,43800
16763,Application-27,M_Req,missing_destination,52,Application-27-Service,EndDevice-27,Application-27-Service,43800
16767,Application-25,M_Req,missing_destination,50,Application-25-Service,EndDevice-25,Application-25-Service,43800
16793,Application-26,M_Req,missing_destination,51,Application-26-Service,EndDevice-26,Application-26-Service,43900
16806,Application-28,M_Req,missing_destination,53,Application-28-Service,EndDevice-28,Application-28-Service,43900
16811,Application-27,M_Req,missing_destination,52,Application-27-Service,EndDevice-27,Application-27-Service,43900
16815,Application-25,M_Req,missing_destination,50,Application-25-Service,EndDevice-25,Application-25-Service,43900
16822,Application-45,M_Req,missing_destination,70,Application-45-Service,EndDevice-45,Application-45-Service,44000
16826,Application-47,M_Req,missing_destination,72,Application-47-Service,EndDevice-47,Application-47-Service,44000
16836,Application-26,M_Req,missing_destination,51,Application-26-Service,EndDevice-26,Application-26-Service,44000
16838,Application-48,M_Req,missing_destination,73,Application-48-Service,EndDevice-48,Application-48-Service,44000
16840,Application-37,M_Req,missing_destination,62,Application-37-Service,EndDevice-37,Application-37-Service,44000
16841,Application-40,M_Req,missing_destination,65,Application-40-Service,EndDevice-40,Application-40-Service,44000
16844,Application-9,M_Req,missing_destination,34,Application-9-Service,EndDevice-9,Application-9-Service,44000
16870,Application-45,M_Req,missing_destination,70,Application-45-Service,EndDevice-45,Application-45-Service,44100
16874,Application-47,M_Req,missing_destination,72,Application-47-Service,EndDevice-47,Application-47-Service,44100
16884,Application-26,M_Req,missing_destination,51,Application-26-Service,EndDevice-26,Application-26-Service,44100
16886,Application-48,M_Req,missing_destination,73,Application-48-Service,EndDevice-48,Application-48-Service,44100
16888,Application-37,M_Req,missing_destination,62,Application-37-Service,EndDevice-37,Application-37-Service,44100
16889,Application-40,M_Req,missing_destination,65,Application-40-Service,EndDevice-40,Application-40-Service,44100
16892,Application-9,M_Req,missing_destination,34,Application-9-Service,EndDevice-9,Application-9-Service,44100
16916,Application-47,M_Req,missing_destination,72,Application-47-Service,EndDevice-47,Application-47-Service,44200
16957,Application-35,M_Req,missing_destination,60,Application-35-Service,EndDevice-35,Application-35-Service,44300
16959,Application-36,M_Req,missing_destination,61,Application-36-Service,EndDevice-36,Application-36-Service,44300
16961,Application-44,M_Req,missing_destination,69,Application-44-Service,EndDevice-44,Application-44-Service,44300
16964,Application-47,M_Req,missing_destination,72,Application-47-Service,EndDevice-47,Application-47-Service,44300
16966,Application-42,M_Req,missing_destination,67,Application-42-Service,EndDevice-42,Application-42-Service,44300
17049,Application-39,M_Req,missing_destination,64,Application-39-Service,EndDevice-39,Application-39-Service,44600
17065,Application-43,M_Req,missing_destination,68,Application-43-Service,EndDevice-43,Application-43-Service,44600
17066,Application-37,M_Req,missing_destination,62,Application-37-Service,EndDevice-37,Application-37-Service,44600
17067,Application-40,M_Req,missing_destination,65,Application-40-Service,EndDevice-40,Application-40-Service,44600
17069,Application-32,M_Req,missing_destination,57,Application-32-Service,EndDevice-32,Application-32-Service,44600
17070,Application-48,M_Req,missing_destination,73,Application-48-Service,EndDevice-48,Application-48-Service,44600
17071,Application-30,M_Req,missing_destination,55,Application-30-Service,EndDevice-30,Application-30-Service,44600
17072,Application-10,M_Req,missing_destination,35,Application-10-Service,EndDevice-10,Application-10-Service,44600
17073,Application-45,M_Req,missing_destination,70,Application-45-Service,EndDevice-45,Application-45-Service,44600
17074,Application-46,M_Req,missing_destination,71,Application-46-Service,EndDevice-46,Application-46-Service,44600
17079,Application-38,M_Req,missing_destination,63,Application-38-Service,EndDevice-38,Application-38-Service,44700
17097,Application-39,M_Req,missing_destination,64,Application-39-Service,EndDevice-39,Application-39-Service,44700
17113,Application-43,M_Req,missing_destination,68,Application-43-Service,EndDevice-43,Application-43-Service,44700
17114,Application-37,M_Req,missing_destination,62,Application-37-Service,EndDevice-37,Application-37-Service,44700
17115,Application-40,M_Req,missing_destination,65,Application-40-Service,EndDevice-40,Application-40-Service,44700
17117,Application-32,M_Req,missing_destination,57,Application-32-Service,EndDevice-32,Application-32-Service,44700
17118,Application-48,M_Req,missing_destination,73,Application-48-Service,EndDevice-48,Application-48-Service,44700
17119,Application-30,M_Req,missing_destination,55,Application-30-Service,EndDevice-30,Application-30-Service,44700
17120,Application-10,M_Req,missing_destination,35,Application-10-Service,EndDevice-10,Application-10-Service,44700
17121,Application-45,M_Req,missing_destination,70,Application-45-Service,EndDevice-45,Application-45-Service,44700
17122,Application-46,M_Req,missing_destination,71,Application-46-Service,EndDevice-46,Application-46-Service,44700
17289,Application-5,M_Req,missing_destination,30,Application-5-Service,EndDevice-5,Application-5-Service,45200
17294,Application-45,M_Req,missing_destination,70,Application-45-Service,EndDevice-45,Application-45-Service,45200
17295,Application-46,M_Req,missing_destination,71,Application-46-Service,EndDevice-46,Application-46-Service,45200
17337,Application-5,M_Req,missing_destination,30,Application-5-Service,EndDevice-5,Application-5-Service,45300
17342,Application-45,M_Req,missing_destination,70,Application-45-Service,EndDevice-45,Application-45-Service,45300
17343,Application-46,M_Req,missing_destination,71,Application-46-Service,EndDevice-46,Application-46-Service,45300
17735,Application-34,M_Req,missing_destination,59,Application-34-Service,EndDevice-34,Application-34-Service,46400
17744,Application-38,M_Req,missing_destination,63,Application-38-Service,EndDevice-38,Application-38-Service,46400
17747,Application-37,M_Req,missing_destination,62,Application-37-Service,EndDevice-37,Application-37-Service,46400
17754,Application-40,M_Req,missing_destination,65,Application-40-Service,EndDevice-40,Application-40-Service,46400
17756,Application-31,M_Req,missing_destination,56,Application-31-Service,EndDevice-31,Application-31-Service,46400
17768,Application-39,M_Req,missing_destination,64,Application-39-Service,EndDevice-39,Application-39-Service,46500
17769,Application-36,M_Req,missing_destination,61,Application-36-Service,EndDevice-36,Application-36-Service,46500
17770,Application-35,M_Req,missing_destination,60,Application-35-Service,EndDevice-35,Application-35-Service,46500
17783,Application-34,M_Req,missing_destination,59,Application-34-Service,EndDevice-34,Application-34-Service,46500
17792,Application-38,M_Req,missing_destination,63,Application-38-Service,EndDevice-38,Application-38-Service,46500
17795,Application-37,M_Req,missing_destination,62,Application-37-Service,EndDevice-37,Application-37-Service,46500
17802,Application-40,M_Req,missing_destination,65,Application-40-Service,EndDevice-40,Application-40-Service,46500
17804,Application-31,M_Req,missing_destination,56,Application-31-Service,EndDevice-31,Application-31-Service,46500
17854,Application-46,M_Req,missing_destination,71,Application-46-Service,EndDevice-46,Application-46-Service,46700
17858,Application-41,M_Req,missing_destination,66,Application-41-Service,EndDevice-41,Application-41-Service,46700
17863,Application-39,M_Req,missing_destination,64,Application-39-Service,EndDevice-39,Application-39-Service,46700
17879,Application-44,M_Req,missing_destination,69,Application-44-Service,EndDevice-44,Application-44-Service,46700
17880,Application-38,M_Req,missing_destination,63,Application-38-Service,EndDevice-38,Application-38-Service,46700
17881,Application-42,M_Req,missing_destination,67,Application-42-Service,EndDevice-42,Application-42-Service,46700
17900,Application-41,M_Req,missing_destination,66,Application-41-Service,EndDevice-41,Application-41-Service,46800
17904,Application-39,M_Req,missing_destination,64,Application-39-Service,EndDevice-39,Application-39-Service,46800
18073,Application-6,M_Req,missing_destination,31,Application-6-Service,EndDevice-6,Application-6-Service,47300
18080,Application-7,M_Req,missing_destination,32,Application-7-Service,EndDevice-7,Application-7-Service,47300
18100,Application-5,M_Req,missing_destination,30,Application-5-Service,EndDevice-5,Application-5-Service,47300
18120,Application-6,M_Req,missing_destination,31,Application-6-Service,EndDevice-6,Application-6-Service,47400
18125,Application-7,M_Req,missing_destination,32,Application-7-Service,EndDevice-7,Application-7-Service,47400
18142,Application-5,M_Req,missing_destination,30,Application-5-Service,EndDevice-5,Application-5-Service,47400
18213,Application-6,M_Req,missing_destination,31,Application-6-Service,EndDevice-6,Application-6-Service,47600
18214,Application-24,M_Req,missing_destination,49,Application-24-Service,EndDevice-24,Application-24-Service,47600
18216,Application-7,M_Req,missing_destination,32,Application-7-Service,EndDevice-7,Application-7-Service,47600
18261,Application-6,M_Req,missing_destination,31,Application-6-Service,EndDevice-6,Application-6-Service,47700
18262,Application-24,M_Req,missing_destination,49,Application-24-Service,EndDevice-24,Application-24-Service,47700
18264,Application-7,M_Req,missing_destination,32,Application-7-Service,EndDevice-7,Application-7-Service,47700
18307,Application-26,M_Req,missing_destination,51,Application-26-Service,EndDevice-26,Application-26-Service,47900
18352,Application-26,M_Req,missing_destination,51,Application-26-Service,EndDevice-26,Application-26-Service,48000
18443,Application-10,M_Req,missing_destination,35,Application-10-Service,EndDevice-10,Application-10-Service,48200
18444,Application-17,M_Req,missing_destination,42,Application-17-Service,EndDevice-17,Application-17-Service,48200
18446,Application-20,M_Req,missing_destination,45,Application-20-Service,EndDevice-20,Application-20-Service,48200
18447,Application-19,M_Req,missing_destination,44,Application-19-Service,EndDevice-19,Application-19-Service,48200
18491,Application-10,M_Req,missing_destination,35,Application-10-Service,EndDevice-10,Application-10-Service,48300
18492,Application-17,M_Req,missing_destination,42,Application-17-Service,EndDevice-17,Application-17-Service,48300
18494,Application-20,M_Req,missing_destination,45,Application-20-Service,EndDevice-20,Application-20-Service,48300
18495,Application-19,M_Req,missing_destination,44,Application-19-Service,EndDevice-19,Application-19-Service,48300
18665,Application-37,M_Req,missing_destination,62,Application-37-Service,EndDevice-37,Application-37-Service,48800
18666,Application-13,M_Req,missing_destination,38,Application-13-Service,EndDevice-13,Application-13-Service,48800
18667,Application-7,M_Req,missing_destination,32,Application-7-Service,EndDevice-7,Application-7-Service,48800
18668,Application-10,M_Req,missing_destination,35,Application-10-Service,EndDevice-10,Application-10-Service,48800
18669,Application-17,M_Req,missing_destination,42,Application-17-Service,EndDevice-17,Application-17-Service,48800
18670,Application-20,M_Req,missing_destination,45,Application-20-Service,EndDevice-20,Application-20-Service,48800
18713,Application-37,M_Req,missing_destination,62,Application-37-Service,EndDevice-37,Application-37-Service,48900
18714,Application-13,M_Req,missing_destination,38,Application-13-Service,EndDevice-13,Application-13-Service,48900
18715,Application-7,M_Req,missing_destination,32,Application-7-Service,EndDevice-7,Application-7-Service,48900
18716,Application-10,M_Req,missing_destination,35,Application-10-Service,EndDevice-10,Application-10-Service,48900
18717,Application-17,M_Req,missing_destination,42,Application-17-Service,EndDevice-17,Application-17-Service,48900
18718,Application-20,M_Req,missing_destination,45,Application-20-Service,EndDevice-20,Application-20-Service,48900
18878,Application-48,M_Req,missing_destination,73,Application-48-Service,EndDevice-48,Application-48-Service,49400
18900,Application-28,M_Req,missing_destination,53,Application-28-Service,EndDevice-28,Application-28-Service,49400
18926,Application-48,M_Req,missing_destination,73,Application-48-Service,EndDevice-48,Application-48-Service,49500
18948,Application-28,M_Req,missing_destination,53,Application-28-Service,EndDevice-28,Application-28-Service,49500
18987,Application-30,M_Req,missing_destination,55,Application-30-Service,EndDevice-30,Application-30-Service,49700
18988,Application-29,M_Req,missing_destination,54,Application-29-Service,EndDevice-29,Application-29-Service,49700
18989,Application-31,M_Req,missing_destination,56,Application-31-Service,EndDevice-31,Application-31-Service,49700
18994,Application-43,M_Req,missing_destination,68,Application-43-Service,EndDevice-43,Application-43-Service,49700
18995,Application-44,M_Req,missing_destination,69,Application-44-Service,EndDevice-44,Application-44-Service,49700
19001,Application-41,M_Req,missing_destination,66,Application-41-Service,EndDevice-41,Application-41-Service,49700
19002,Application-42,M_Req,missing_destination,67,Application-42-Service,EndDevice-42,Application-42-Service,49700
19005,Application-32,M_Req,missing_destination,57,Application-32-Service,EndDevice-32,Application-32-Service,49700
19006,Application-47,M_Req,missing_destination,72,Application-47-Service,EndDevice-47,Application-47-Service,49700
19034,Application-30,M_Req,missing_destination,55,Application-30-Service,EndDevice-30,Application-30-Service,49800
19035,Application-29,M_Req,missing_destination,54,Application-29-Service,EndDevice-29,Application-29-Service,49800
19036,Application-31,M_Req,missing_destination,56,Application-31-Service,EndDevice-31,Application-31-Service,49800
19040,Application-43,M_Req,missing_destination,68,Application-43-Service,EndDevice-43,Application-43-Service,49800
19041,Application-44,M_Req,missing_destination,69,Application-44-Service,EndDevice-44,Application-44-Service,49800
19047,Application-41,M_Req,missing_destination,66,Application-41-Service,EndDevice-41,Application-41-Service,49800
19048,Application-42,M_Req,missing_destination,67,Application-42-Service,EndDevice-42,Application-42-Service,49800
19051,Application-32,M_Req,missing_destination,57,Application-32-Service,EndDevice-32,Application-32-Service,49800
19126,Application-30,M_Req,missing_destination,55,Application-30-Service,EndDevice-30,Application-30-Service,50000
19127,Application-29,M_Req,missing_destination,54,Application-29-Service,EndDevice-29,Application-29-Service,50000
19128,Application-31,M_Req,missing_destination,56,Application-31-Service,EndDevice-31,Application-31-Service,50000
19131,Application-44,M_Req,missing_destination,69,Application-44-Service,EndDevice-44,Application-44-Service,50000
19136,Application-11,M_Req,missing_destination,36,Application-11-Service,EndDevice-11,Application-11-Service,50100
19137,Application-41,M_Req,missing_destination,66,Application-41-Service,EndDevice-41,Application-41-Service,50100
19138,Application-42,M_Req,missing_destination,67,Application-42-Service,EndDevice-42,Application-42-Service,50100
19142,Application-10,M_Req,missing_destination,35,Application-10-Service,EndDevice-10,Application-10-Service,50100
19174,Application-30,M_Req,missing_destination,55,Application-30-Service,EndDevice-30,Application-30-Service,50100
19175,Application-29,M_Req,missing_destination,54,Application-29-Service,EndDevice-29,Application-29-Service,50100
19176,Application-31,M_Req,missing_destination,56,Application-31-Service,EndDevice-31,Application-31-Service,50100
19179,Application-44,M_Req,missing_destination,69,Application-44-Service,EndDevice-44,Application-44-Service,50100
19903,Application-23,M_Req,missing_destination,48,Application-23-Service,EndDevice-23,Application-23-Service,52100
19909,Application-21,M_Req,missing_destination,46,Application-21-Service,EndDevice-21,Application-21-Service,52100
19923,Application-14,M_Req,missing_destination,39,Application-14-Service,EndDevice-14,Application-14-Service,52100
19925,Application-34,M_Req,missing_destination,59,Application-34-Service,EndDevice-34,Application-34-Service,52100
19926,Application-46,M_Req,missing_destination,71,Application-46-Service,EndDevice-46,Application-46-Service,52100
19927,Application-22,M_Req,missing_destination,47,Application-22-Service,EndDevice-22,Application-22-Service,52100
19930,Application-24,M_Req,missing_destination,49,Application-24-Service,EndDevice-24,Application-24-Service,52100
19931,Application-47,M_Req,missing_destination,72,Application-47-Service,EndDevice-47,Application-47-Service,52100
19932,Application-5,M_Req,missing_destination,30,Application-5-Service,EndDevice-5,Application-5-Service,52100
19951,Application-23,M_Req,missing_destination,48,Application-23-Service,EndDevice-23,Application-23-Service,52200
19956,Application-21,M_Req,missing_destination,46,Application-21-Service,EndDevice-21,Application-21-Service,52200
19968,Application-14,M_Req,missing_destination,39,Application-14-Service,EndDevice-14,Application-14-Service,52200
19970,Application-34,M_Req,missing_destination,59,Application-34-Service,EndDevice-34,Application-34-Service,52200
19971,Application-46,M_Req,missing_destination,71,Application-46-Service,EndDevice-46,Application-46-Service,52200
19972,Application-22,M_Req,missing_destination,47,Application-22-Service,EndDevice-22,Application-22-Service,52200
19975,Application-24,M_Req,missing_destination,49,Application-24-Service,EndDevice-24,Application-24-Service,52200
19976,Application-47,M_Req,missing_destination,72,Application-47-Service,EndDevice-47,Application-47-Service,52200
19999,Application-23,M_Req,missing_destination,48,Application-23-Service,EndDevice-23,Application-23-Service,52300
20004,Application-21,M_Req,missing_destination,46,Application-21-Service,EndDevice-21,Application-21-Service,52300
20018,Application-34,M_Req,missing_destination,59,Application-34-Service,EndDevice-34,Application-34-Service,52300
20020,Application-22,M_Req,missing_destination,47,Application-22-Service,EndDevice-22,Application-22-Service,52300
20023,Application-24,M_Req,missing_destination,49,Application-24-Service,EndDevice-24,Application-24-Service,52300
20045,Application-23,M_Req,missing_destination,48,Application-23-Service,EndDevice-23,Application-23-Service,52400
20046,Application-32,M_Req,missing_destination,57,Application-32-Service,EndDevice-32,Application-32-Service,52400
20048,Application-42,M_Req,missing_destination,67,Application-42-Service,EndDevice-42,Application-42-Service,52400
20050,Application-21,M_Req,missing_destination,46,Application-21-Service,EndDevice-21,Application-21-Service,52400
20054,Application-30,M_Req,missing_destination,55,Application-30-Service,EndDevice-30,Application-30-Service,52400
20056,Application-37,M_Req,missing_destination,62,Application-37-Service,EndDevice-37,Application-37-Service,52400
20059,Application-40,M_Req,missing_destination,65,Application-40-Service,EndDevice-40,Application-40-Service,52400
20093,Application-23,M_Req,missing_destination,48,Application-23-Service,EndDevice-23,Application-23-Service,52500
20094,Application-32,M_Req,missing_destination,57,Application-32-Service,EndDevice-32,Application-32-Service,52500
20096,Application-42,M_Req,missing_destination,67,Application-42-Service,EndDevice-42,Application-42-Service,52500
20098,Application-21,M_Req,missing_destination,46,Application-21-Service,EndDevice-21,Application-21-Service,52500
20102,Application-30,M_Req,missing_destination,55,Application-30-Service,EndDevice-30,Application-30-Service,52500
20104,Application-37,M_Req,missing_destination,62,Application-37-Service,EndDevice-37,Application-37-Service,52500
20107,Application-40,M_Req,missing_destination,65,Application-40-Service,EndDevice-40,Application-40-Service,52500
20138,Application-9,M_Req,missing_destination,34,Application-9-Service,EndDevice-9,Application-9-Service,52700
20141,Application-26,M_Req,missing_destination,51,Application-26-Service,EndDevice-26,Application-26-Service,52700
20145,Application-25,M_Req,missing_destination,50,Application-25-Service,EndDevice-25,Application-25-Service,52700
20147,Application-27,M_Req,missing_destination,52,Application-27-Service,EndDevice-27,Application-27-Service,52700
20154,Application-11,M_Req,missing_destination,36,Application-11-Service,EndDevice-11,Application-11-Service,52700
20155,Application-12,M_Req,missing_destination,37,Application-12-Service,EndDevice-12,Application-12-Service,52700
20162,Application-10,M_Req,missing_destination,35,Application-10-Service,EndDevice-10,Application-10-Service,52700
20169,Application-28,M_Req,missing_destination,53,Application-28-Service,EndDevice-28,Application-28-Service,52700
20186,Application-9,M_Req,missing_destination,34,Application-9-Service,EndDevice-9,Application-9-Service,52800
20189,Application-26,M_Req,missing_destination,51,Application-26-Service,EndDevice-26,Application-26-Service,52800
20192,Application-25,M_Req,missing_destination,50,Application-25-Service,EndDevice-25,Application-25-Service,52800
20193,Application-27,M_Req,missing_destination,52,Application-27-Service,EndDevice-27,Application-27-Service,52800
20199,Application-11,M_Req,missing_destination,36,Application-11-Service,EndDevice-11,Application-11-Service,52800
20200,Application-12,M_Req,missing_destination,37,Application-12-Service,EndDevice-12,Application-12-Service,52800
20206,Application-10,M_Req,missing_destination,35,Application-10-Service,EndDevice-10,Application-10-Service,52800
20210,Application-28,M_Req,missing_destination,53,Application-28-Service,EndDevice-28,Application-28-Service,52800
20296,Application-34,M_Req,missing_destination,59,Application-34-Service,EndDevice-34,Application-34-Service,53100
20341,Application-34,M_Req,missing_destination,59,Application-34-Service,EndDevice-34,Application-34-Service,53200
20389,Application-34,M_Req,missing_destination,59,Application-34-Service,EndDevice-34,Application-34-Service,53300
20607,Application-21,M_Req,missing_destination,46,Application-21-Service,EndDevice-21,Application-21-Service,53900
20608,Application-45,M_Req,missing_destination,70,Application-45-Service,EndDevice-45,Application-45-Service,53900
20615,Application-4,M_Req,missing_destination,29,Application-4-Service,EndDevice-4,Application-4-Service,53900
20616,Application-48,M_Req,missing_destination,73,Application-48-Service,EndDevice-48,Application-48-Service,53900
20620,Application-39,M_Req,missing_destination,64,Application-39-Service,EndDevice-39,Application-39-Service,53900
20621,Application-46,M_Req,missing_destination,71,Application-46-Service,EndDevice-46,Application-46-Service,53900
20622,Application-47,M_Req,missing_destination,72,Application-47-Service,EndDevice-47,Application-47-Service,53900
20639,Application-40,M_Req,missing_destination,65,Application-40-Service,EndDevice-40,Application-40-Service,53900
20652,Application-21,M_Req,missing_destination,46,Application-21-Service,EndDevice-21,Application-21-Service,54000
20658,Application-4,M_Req,missing_destination,29,Application-4-Service,EndDevice-4,Application-4-Service,54000
20662,Application-39,M_Req,missing_destination,64,Application-39-Service,EndDevice-39,Application-39-Service,54000
20663,Application-46,M_Req,missing_destination,71,Application-46-Service,EndDevice-46,Application-46-Service,54000
20664,Application-47,M_Req,missing_destination,72,Application-47-Service,EndDevice-47,Application-47-Service,54000
20710,Application-39,M_Req,missing_destination,64,Application-39-Service,EndDevice-39,Application-39-Service,54100
20718,Application-20,M_Req,missing_destination,45,Application-20-Service,EndDevice-20,Application-20-Service,54200
20719,Application-19,M_Req,missing_destination,44,Application-19-Service,EndDevice-19,Application-19-Service,54200
20720,Application-13,M_Req,missing_destination,38,Application-13-Service,EndDevice-13,Application-13-Service,54200
20721,Application-18,M_Req,missing_destination,43,Application-18-Service,EndDevice-18,Application-18-Service,54200
20722,Application-40,M_Req,missing_destination,65,Application-40-Service,EndDevice-40,Application-40-Service,54200
20724,Application-14,M_Req,missing_destination,39,Application-14-Service,EndDevice-14,Application-14-Service,54200
20725,Application-24,M_Req,missing_destination,49,Application-24-Service,EndDevice-24,Application-24-Service,54200
20726,Application-38,M_Req,missing_destination,63,Application-38-Service,EndDevice-38,Application-38-Service,54200
20727,Application-48,M_Req,missing_destination,73,Application-48-Service,EndDevice-48,Application-48-Service,54200
20730,Application-12,M_Req,missing_destination,37,Application-12-Service,EndDevice-12,Application-12-Service,54200
20732,Application-45,M_Req,missing_destination,70,Application-45-Service,EndDevice-45,Application-45-Service,54200
20734,Application-3,M_Req,missing_destination,28,Application-3-Service,EndDevice-3,Application-3-Service,54200
20737,Application-25,M_Req,missing_destination,50,Application-25-Service,EndDevice-25,Application-25-Service,54200
20744,Application-8,M_Req,missing_destination,33,Application-8-Service,EndDevice-8,Application-8-Service,54200
20766,Application-20,M_Req,missing_destination,45,Application-20-Service,EndDevice-20,Application-20-Service,54300
20767,Application-19,M_Req,missing_destination,44,Application-19-Service,EndDevice-19,Application-19-Service,54300
20768,Application-13,M_Req,missing_destination,38,Application-13-Service,EndDevice-13,Application-13-Service,54300
20769,Application-18,M_Req,missing_destination,43,Application-18-Service,EndDevice-18,Application-18-Service,54300
20770,Application-40,M_Req,missing_destination,65,Application-40-Service,EndDevice-40,Application-40-Service,54300
20772,Application-14,M_Req,missing_destination,39,Application-14-Service,EndDevice-14,Application-14-Service,54300
20773,Application-24,M_Req,missing_destination,49,Application-24-Service,EndDevice-24,Application-24-Service,54300
20774,Application-38,M_Req,missing_destination,63,Application-38-Service,EndDevice-38,Application-38-Service,54300
20775,Application-48,M_Req,missing_destination,73,Application-48-Service,EndDevice-48,Application-48-Service,54300
20778,Application-12,M_Req,missing_destination,37,Application-12-Service,EndDevice-12,Application-12-Service,54300
20780,Application-45,M_Req,missing_destination,70,Application-45-Service,EndDevice-45,Application-45-Service,54300
20782,Application-3,M_Req,missing_destination,28,Application-3-Service,EndDevice-3,Application-3-Service,54300
20785,Application-25,M_Req,missing_destination,50,Application-25-Service,EndDevice-25,Application-25-Service,54300
20792,Application-8,M_Req,missing_destination,33,Application-8-Service,EndDevice-8,Application-8-Service,54300
20824,Application-9,M_Req,missing_destination,34,Application-9-Service,EndDevice-9,Application-9-Service,54500
20825,Application-37,M_Req,missing_destination,62,Application-37-Service,EndDevice-37,Application-37-Service,54500
20826,Application-25,M_Req,missing_destination,50,Application-25-Service,EndDevice-25,Application-25-Service,54500
20827,Application-22,M_Req,missing_destination,47,Application-22-Service,EndDevice-22,Application-22-Service,54500
20828,Application-16,M_Req,missing_destination,41,Application-16-Service,EndDevice-16,Application-16-Service,54500
20830,Application-21,M_Req,missing_destination,46,Application-21-Service,EndDevice-21,Application-21-Service,54500
20831,Application-8,M_Req,missing_destination,33,Application-8-Service,EndDevice-8,Application-8-Service,54500
20834,Application-4,M_Req,missing_destination,29,Application-4-Service,EndDevice-4,Application-4-Service,54500
20844,Application-15,M_Req,missing_destination,40,Application-15-Service,EndDevice-15,Application-15-Service,54500
20845,Application-26,M_Req,missing_destination,51,Application-26-Service,EndDevice-26,Application-26-Service,54500
20847,Application-39,M_Req,missing_destination,64,Application-39-Service,EndDevice-39,Application-39-Service,54500
20849,Application-27,M_Req,missing_destination,52,Application-27-Service,EndDevice-27,Application-27-Service,54500
20850,Application-10,M_Req,missing_destination,35,Application-10-Service,EndDevice-10,Application-10-Service,54500
20851,Application-5,M_Req,missing_destination,30,Application-5-Service,EndDevice-5,Application-5-Service,54500
20852,Application-28,M_Req,missing_destination,53,Application-28-Service,EndDevice-28,Application-28-Service,54500
20853,Application-1,M_Req,missing_destination,26,Application-1-Service,EndDevice-1,Application-1-Service,54500
20857,Application-11,M_Req,missing_destination,36,Application-11-Service,EndDevice-11,Application-11-Service,54500
20858,Application-41,M_Req,missing_destination,66,Application-41-Service,EndDevice-41,Application-41-Service,54500
20872,Application-9,M_Req,missing_destination,34,Application-9-Service,EndDevice-9,Application-9-Service,54600
20873,Application-37,M_Req,missing_destination,62,Application-37-Service,EndDevice-37,Application-37-Service,54600
20874,Application-25,M_Req,missing_destination,50,Application-25-Service,EndDevice-25,Application-25-Service,54600
20875,Application-22,M_Req,missing_destination,47,Application-22-Service,EndDevice-22,Application-22-Service,54600
20876,Application-16,M_Req,missing_destination,41,Application-16-Service,EndDevice-16,Application-16-Service,54600
20878,Application-21,M_Req,missing_destination,46,Application-21-Service,EndDevice-21,Application-21-Service,54600
20879,Application-8,M_Req,missing_destination,33,Application-8-Service,EndDevice-8,Application-8-Service,54600
20881,Application-4,M_Req,missing_destination,29,Application-4-Service,EndDevice-4,Application-4-Service,54600
20890,Application-15,M_Req,missing_destination,40,Application-15-Service,EndDevice-15,Application-15-Service,54600
20892,Application-39,M_Req,missing_destination,64,Application-39-Service,EndDevice-39,Application-39-Service,54600
20894,Application-27,M_Req,missing_destination,52,Application-27-Service,EndDevice-27,Application-27-Service,54600
20895,Application-10,M_Req,missing_destination,35,Application-10-Service,EndDevice-10,Application-10-Service,54600
20896,Application-5,M_Req,missing_destination,30,Application-5-Service,EndDevice-5,Application-5-Service,54600
20897,Application-28,M_Req,missing_destination,53,Application-28-Service,EndDevice-28,Application-28-Service,54600
20898,Application-1,M_Req,missing_destination,26,Application-1-Service,EndDevice-1,Application-1-Service,54600
20902,Application-41,M_Req,missing_destination,66,Application-41-Service,EndDevice-41,Application-41-Service,54600
21202,Application-45,M_Req,missing_destination,70,Application-45-Service,EndDevice-45,Application-45-Service,55400
21250,Application-45,M_Req,missing_destination,70,Application-45-Service,EndDevice-45,Application-45-Service,55500
21284,Application-22,M_Req,missing_destination,47,Application-22-Service,EndDevice-22,Application-22-Service,55700
21285,Application-16,M_Req,missing_destination,41,Application-16-Service,EndDevice-16,Application-16-Service,55700
21286,Application-30,M_Req,missing_destination,55,Application-30-Service,EndDevice-30,Application-30-Service,55700
21287,Application-33,M_Req,missing_destination,58,Application-33-Service,EndDevice-33,Application-33-Service,55700
21288,Application-4,M_Req,missing_destination,29,Application-4-Service,EndDevice-4,Application-4-Service,55700
21290,Application-45,M_Req,missing_destination,70,Application-45-Service,EndDevice-45,Application-45-Service,55700
21291,Application-47,M_Req,missing_destination,72,Application-47-Service,EndDevice-47,Application-47-Service,55700
21292,Application-13,M_Req,missing_destination,38,Application-13-Service,EndDevice-13,Application-13-Service,55700
21295,Application-31,M_Req,missing_destination,56,Application-31-Service,EndDevice-31,Application-31-Service,55700
21296,Application-18,M_Req,missing_destination,43,Application-18-Service,EndDevice-18,Application-18-Service,55700
21297,Application-32,M_Req,missing_destination,57,Application-32-Service,EndDevice-32,Application-32-Service,55700
21299,Application-35,M_Req,missing_destination,60,Application-35-Service,EndDevice-35,Application-35-Service,55700
21301,Application-2,M_Req,missing_destination,27,Application-2-Service,EndDevice-2,Application-2-Service,55700
21303,Application-46,M_Req,missing_destination,71,Application-46-Service,EndDevice-46,Application-46-Service,55700
21304,Application-5,M_Req,missing_destination,30,Application-5-Service,EndDevice-5,Application-5-Service,55700
21305,Application-1,M_Req,missing_destination,26,Application-1-Service,EndDevice-1,Application-1-Service,55700
21307,Application-14,M_Req,missing_destination,39,Application-14-Service,EndDevice-14,Application-14-Service,55700
21309,Application-17,M_Req,missing_destination,42,Application-17-Service,EndDevice-17,Application-17-Service,55700
21312,Application-7,M_Req,missing_destination,32,Application-7-Service,EndDevice-7,Application-7-Service,55700
21315,Application-6,M_Req,missing_destination,31,Application-6-Service,EndDevice-6,Application-6-Service,55700
21316,Application-8,M_Req,missing_destination,33,Application-8-Service,EndDevice-8,Application-8-Service,55700
21317,Application-34,M_Req,missing_destination,59,Application-34-Service,EndDevice-34,Application-34-Service,55700
21318,Application-20,M_Req,missing_destination,45,Application-20-Service,EndDevice-20,Application-20-Service,55700
21319,Application-36,M_Req,missing_destination,61,Application-36-Service,EndDevice-36,Application-36-Service,55700
21320,Application-42,M_Req,missing_destination,67,Application-42-Service,EndDevice-42,Application-42-Service,55700
21321,Application-48,M_Req,missing_destination,73,Application-48-Service,EndDevice-48,Application-48-Service,55700
21322,Application-19,M_Req,missing_destination,44,Application-19-Service,EndDevice-19,Application-19-Service,55700
21323,Application-29,M_Req,missing_destination,54,Application-29-Service,EndDevice-29,Application-29-Service,55700
21324,Application-3,M_Req,missing_destination,28,Application-3-Service,EndDevice-3,Application-3-Service,55700
21325,Application-43,M_Req,missing_destination,68,Application-43-Service,EndDevice-43,Application-43-Service,55700
21327,Application-15,M_Req,missing_destination,40,Application-15-Service,EndDevice-15,Application-15-Service,55700
21329,Application-21,M_Req,missing_destination,46,Application-21-Service,EndDevice-21,Application-21-Service,55700
21332,Application-22,M_Req,missing_destination,47,Application-22-Service,EndDevice-22,Application-22-Service,55800
21333,Application-16,M_Req,missing_destination,41,Application-16-Service,EndDevice-16,Application-16-Service,55800
21334,Application-30,M_Req,missing_destination,55,Application-30-Service,EndDevice-30,Application-30-Service,55800
21335,Application-33,M_Req,missing_destination,58,Application-33-Service,EndDevice-33,Application-33-Service,55800
21336,Application-4,M_Req,missing_destination,29,Application-4-Service,EndDevice-4,Application-4-Service,55800
21338,Application-45,M_Req,missing_destination,70,Application-45-Service,EndDevice-45,Application-45-Service,55800
21339,Application-47,M_Req,missing_destination,72,Application-47-Service,EndDevice-47,Application-47-Service,55800
21340,Application-13,M_Req,missing_destination,38,Application-13-Service,EndDevice-13,Application-13-Service,55800
21343,Application-32,M_Req,missing_destination,57,Application-32-Service,EndDevice-32,Application-32-Service,55800
21345,Application-35,M_Req,missing_destination,60,Application-35-Service,EndDevice-35,Application-35-Service,55800
21348,Application-46,M_Req,missing_destination,71,Application-46-Service,EndDevice-46,Application-46-Service,55800
21349,Application-5,M_Req,missing_destination,30,Application-5-Service,EndDevice-5,Application-5-Service,55800
21350,Application-1,M_Req,missing_destination,26,Application-1-Service,EndDevice-1,Application-1-Service,55800
21352,Application-14,M_Req,missing_destination,39,Application-14-Service,EndDevice-14,Application-14-Service,55800
21354,Application-17,M_Req,missing_destination,42,Application-17-Service,EndDevice-17,Application-17-Service,55800
21356,Application-7,M_Req,missing_destination,32,Application-7-Service,EndDevice-7,Application-7-Service,55800
21359,Application-8,M_Req,missing_destination,33,Application-8-Service,EndDevice-8,Application-8-Service,55800
21360,Application-34,M_Req,missing_destination,59,Application-34-Service,EndDevice-34,Application-34-Service,55800
21527,Application-5,M_Req,missing_destination,30,Application-5-Service,EndDevice-5,Application-5-Service,56300
21534,Application-41,M_Req,missing_destination,66,Application-41-Service,EndDevice-41,Application-41-Service,56300
21536,Application-26,M_Req,missing_destination,51,Application-26-Service,EndDevice-26,Application-26-Service,56300
21537,Application-7,M_Req,missing_destination,32,Application-7-Service,EndDevice-7,Application-7-Service,56300
21539,Application-44,M_Req,missing_destination,69,Application-44-Service,EndDevice-44,Application-44-Service,56300
21544,Application-8,M_Req,missing_destination,33,Application-8-Service,EndDevice-8,Application-8-Service,56300
21545,Application-42,M_Req,missing_destination,67,Application-42-Service,EndDevice-42,Application-42-Service,56300
21573,Application-5,M_Req,missing_destination,30,Application-5-Service,EndDevice-5,Application-5-Service,56400
21578,Application-41,M_Req,missing_destination,66,Application-41-Service,EndDevice-41,Application-41-Service,56400
21580,Application-7,M_Req,missing_destination,32,Application-7-Service,EndDevice-7,Application-7-Service,56400
21582,Application-44,M_Req,missing_destination,69,Application-44-Service,EndDevice-44,Application-44-Service,56400
21587,Application-8,M_Req,missing_destination,33,Application-8-Service,EndDevice-8,Application-8-Service,56400
21588,Application-42,M_Req,missing_destination,67,Application-42-Service,EndDevice-42,Application-42-Service,56400
21664,Application-5,M_Req,missing_destination,30,Application-5-Service,EndDevice-5,Application-5-Service,56600
21712,Application-5,M_Req,missing_destination,30,Application-5-Service,EndDevice-5,Application-5-Service,56700
21743,Application-25,M_Req,missing_destination,50,Application-25-Service,EndDevice-25,Application-25-Service,56900
21744,Application-22,M_Req,missing_destination,47,Application-22-Service,EndDevice-22,Application-22-Service,56900
21745,Application-30,M_Req,missing_destination,55,Application-30-Service,EndDevice-30,Application-30-Service,56900
21746,Application-4,M_Req,missing_destination,29,Application-4-Service,EndDevice-4,Application-4-Service,56900
21747,Application-27,M_Req,missing_destination,52,Application-27-Service,EndDevice-27,Application-27-Service,56900
21748,Application-29,M_Req,missing_destination,54,Application-29-Service,EndDevice-29,Application-29-Service,56900
21750,Application-13,M_Req,missing_destination,38,Application-13-Service,EndDevice-13,Application-13-Service,56900
21751,Application-5,M_Req,missing_destination,30,Application-5-Service,EndDevice-5,Application-5-Service,56900
21752,Application-14,M_Req,missing_destination,39,Application-14-Service,EndDevice-14,Application-14-Service,56900
21753,Application-24,M_Req,missing_destination,49,Application-24-Service,EndDevice-24,Application-24-Service,56900
21755,Application-28,M_Req,missing_destination,53,Application-28-Service,EndDevice-28,Application-28-Service,56900
21758,Application-23,M_Req,missing_destination,48,Application-23-Service,EndDevice-23,Application-23-Service,56900
21768,Application-34,M_Req,missing_destination,59,Application-34-Service,EndDevice-34,Application-34-Service,56900
21773,Application-16,M_Req,missing_destination,41,Application-16-Service,EndDevice-16,Application-16-Service,56900
21779,Application-32,M_Req,missing_destination,57,Application-32-Service,EndDevice-32,Application-32-Service,56900
21780,Application-33,M_Req,missing_destination,58,Application-33-Service,EndDevice-33,Application-33-Service,56900
21782,Application-21,M_Req,missing_destination,46,Application-21-Service,EndDevice-21,Application-21-Service,56900
21783,Application-2,M_Req,missing_destination,27,Application-2-Service,EndDevice-2,Application-2-Service,56900
21784,Application-36,M_Req,missing_destination,61,Application-36-Service,EndDevice-36,Application-36-Service,56900
21785,Application-18,M_Req,missing_destination,43,Application-18-Service,EndDevice-18,Application-18-Service,56900
21786,Application-15,M_Req,missing_destination,40,Application-15-Service,EndDevice-15,Application-15-Service,56900
21787,Application-35,M_Req,missing_destination,60,Application-35-Service,EndDevice-35,Application-35-Service,56900
21788,Application-3,M_Req,missing_destination,28,Application-3-Service,EndDevice-3,Application-3-Service,56900
21789,Application-6,M_Req,missing_destination,31,Application-6-Service,EndDevice-6,Application-6-Service,56900
21790,Application-20,M_Req,missing_destination,45,Application-20-Service,EndDevice-20,Application-20-Service,56900
21791,Application-22,M_Req,missing_destination,47,Application-22-Service,EndDevice-22,Application-22-Service,57000
21792,Application-30,M_Req,missing_destination,55,Application-30-Service,EndDevice-30,Application-30-Service,57000
21793,Application-4,M_Req,missing_destination,29,Application-4-Service,EndDevice-4,Application-4-Service,57000
21794,Application-27,M_Req,missing_destination,52,Application-27-Service,EndDevice-27,Application-27-Service,57000
21795,Application-29,M_Req,missing_destination,54,Application-29-Service,EndDevice-29,Application-29-Service,57000
21797,Application-13,M_Req,missing_destination,38,Application-13-Service,EndDevice-13,Application-13-Service,57000
21798,Application-5,M_Req,missing_destination,30,Application-5-Service,EndDevice-5,Application-5-Service,57000
21799,Application-14,M_Req,missing_destination,39,Application-14-Service,EndDevice-14,Application-14-Service,57000
21800,Application-24,M_Req,missing_destination,49,Application-24-Service,EndDevice-24,Application-24-Service,57000
21802,Application-28,M_Req,missing_destination,53,Application-28-Service,EndDevice-28,Application-28-Service,57000
21805,Application-23,M_Req,missing_destination,48,Application-23-Service,EndDevice-23,Application-23-Service,57000
21813,Application-34,M_Req,missing_destination,59,Application-34-Service,EndDevice-34,Application-34-Service,57000
21817,Application-16,M_Req,missing_destination,41,Application-16-Service,EndDevice-16,Application-16-Service,57000
21839,Application-22,M_Req,missing_destination,47,Application-22-Service,EndDevice-22,Application-22-Service,57100
21840,Application-30,M_Req,missing_destination,55,Application-30-Service,EndDevice-30,Application-30-Service,57100
21841,Application-4,M_Req,missing_destination,29,Application-4-Service,EndDevice-4,Application-4-Service,57100
21842,Application-27,M_Req,missing_destination,52,Application-27-Service,EndDevice-27,Application-27-Service,57100
21843,Application-29,M_Req,missing_destination,54,Application-29-Service,EndDevice-29,Application-29-Service,57100
21845,Application-13,M_Req,missing_destination,38,Application-13-Service,EndDevice-13,Application-13-Service,57100
21846,Application-5,M_Req,missing_destination,30,Application-5-Service,EndDevice-5,Application-5-Service,57100
21847,Application-14,M_Req,missing_destination,39,Application-14-Service,EndDevice-14,Application-14-Service,57100
21848,Application-24,M_Req,missing_destination,49,Application-24-Service,EndDevice-24,Application-24-Service,57100
21850,Application-28,M_Req,missing_destination,53,Application-28-Service,EndDevice-28,Application-28-Service,57100
21853,Application-23,M_Req,missing_destination,48,Application-23-Service,EndDevice-23,Application-23-Service,57100
21865,Application-16,M_Req,missing_destination,41,Application-16-Service,EndDevice-16,Application-16-Service,57100
21885,Application-22,M_Req,missing_destination,47,Application-22-Service,EndDevice-22,Application-22-Service,57200
21886,Application-30,M_Req,missing_destination,55,Application-30-Service,EndDevice-30,Application-30-Service,57200
21887,Application-4,M_Req,missing_destination,29,Application-4-Service,EndDevice-4,Application-4-Service,57200
21888,Application-27,M_Req,missing_destination,52,Application-27-Service,EndDevice-27,Application-27-Service,57200
21890,Application-13,M_Req,missing_destination,38,Application-13-Service,EndDevice-13,Application-13-Service,57200
21891,Application-5,M_Req,missing_destination,30,Application-5-Service,EndDevice-5,Application-5-Service,57200
21892,Application-14,M_Req,missing_destination,39,Application-14-Service,EndDevice-14,Application-14-Service,57200
21893,Application-28,M_Req,missing_destination,53,Application-28-Service,EndDevice-28,Application-28-Service,57200
21896,Application-23,M_Req,missing_destination,48,Application-23-Service,EndDevice-23,Application-23-Service,57200
21933,Application-22,M_Req,missing_destination,47,Application-22-Service,EndDevice-22,Application-22-Service,57300
21934,Application-30,M_Req,missing_destination,55,Application-30-Service,EndDevice-30,Application-30-Service,57300
21935,Application-4,M_Req,missing_destination,29,Application-4-Service,EndDevice-4,Application-4-Service,57300
21936,Application-27,M_Req,missing_destination,52,Application-27-Service,EndDevice-27,Application-27-Service,57300
21938,Application-13,M_Req,missing_destination,38,Application-13-Service,EndDevice-13,Application-13-Service,57300
21939,Application-5,M_Req,missing_destination,30,Application-5-Service,EndDevice-5,Application-5-Service,57300
21940,Application-14,M_Req,missing_destination,39,Application-14-Service,EndDevice-14,Application-14-Service,57300
21941,Application-28,M_Req,missing_destination,53,Application-28-Service,EndDevice-28,Application-28-Service,57300
21944,Application-23,M_Req,missing_destination,48,Application-23-Service,EndDevice-23,Application-23-Service,57300
22133,Application-34,M_Req,missing_destination,59,Application-34-Service,EndDevice-34,Application-34-Service,57900
22137,Application-12,M_Req,missing_destination,37,Application-12-Service,EndDevice-12,Application-12-Service,57900
22141,Application-33,M_Req,missing_destination,58,Application-33-Service,EndDevice-33,Application-33-Service,57900
22142,Application-9,M_Req,missing_destination,34,Application-9-Service,EndDevice-9,Application-9-Service,57900
22233,Application-33,M_Req,missing_destination,58,Application-33-Service,EndDevice-33,Application-33-Service,58100
22251,Application-45,M_Req,missing_destination,70,Application-45-Service,EndDevice-45,Application-45-Service,58100
22254,Application-46,M_Req,missing_destination,71,Application-46-Service,EndDevice-46,Application-46-Service,58100
22277,Application-33,M_Req,missing_destination,58,Application-33-Service,EndDevice-33,Application-33-Service,58200
22325,Application-33,M_Req,missing_destination,58,Application-33-Service,EndDevice-33,Application-33-Service,58300
22685,Application-8,M_Req,missing_destination,33,Application-8-Service,EndDevice-8,Application-8-Service,59300
22690,Application-5,M_Req,missing_destination,30,Application-5-Service,EndDevice-5,Application-5-Service,59300
22715,Application-44,M_Req,missing_destination,69,Application-44-Service,EndDevice-44,Application-44-Service,59300
22729,Application-8,M_Req,missing_destination,33,Application-8-Service,EndDevice-8,Application-8-Service,59400
22734,Application-5,M_Req,missing_destination,30,Application-5-Service,EndDevice-5,Application-5-Service,59400
22777,Application-8,M_Req,missing_destination,33,Application-8-Service,EndDevice-8,Application-8-Service,59500
22782,Application-5,M_Req,missing_destination,30,Application-5-Service,EndDevice-5,Application-5-Service,59500
22809,Application-26,M_Req,missing_destination,51,Application-26-Service,EndDevice-26,Application-26-Service,59600
22813,Application-27,M_Req,missing_destination,52,Application-27-Service,EndDevice-27,Application-27-Service,59600
22817,Application-8,M_Req,missing_destination,33,Application-8-Service,EndDevice-8,Application-8-Service,59600
22818,Application-45,M_Req,missing_destination,70,Application-45-Service,EndDevice-45,Application-45-Service,59600
22819,Application-46,M_Req,missing_destination,71,Application-46-Service,EndDevice-46,Application-46-Service,59600
22821,Application-5,M_Req,missing_destination,30,Application-5-Service,EndDevice-5,Application-5-Service,59600
22857,Application-26,M_Req,missing_destination,51,Application-26-Service,EndDevice-26,Application-26-Service,59700
22861,Application-27,M_Req,missing_destination,52,Application-27-Service,EndDevice-27,Application-27-Service,59700
22865,Application-8,M_Req,missing_destination,33,Application-8-Service,EndDevice-8,Application-8-Service,59700
22866,Application-45,M_Req,missing_destination,70,Application-45-Service,EndDevice-45,Application-45-Service,59700
22867,Application-46,M_Req,missing_destination,71,Application-46-Service,EndDevice-46,Application-46-Service,59700
22869,Application-5,M_Req,missing_destination,30,Application-5-Service,EndDevice-5,Application-5-Service,59700
23028,Application-12,M_Req,missing_destination,37,Application-12-Service,EndDevice-12,Application-12-Service,60200
23031,Application-9,M_Req,missing_destination,34,Application-9-Service,EndDevice-9,Application-9-Service,60200
23035,Application-10,M_Req,missing_destination,35,Application-10-Service,EndDevice-10,Application-10-Service,60200
23049,Application-32,M_Req,missing_destination,57,Application-32-Service,EndDevice-32,Application-32-Service,60200
23055,Application-42,M_Req,missing_destination,67,Application-42-Service,EndDevice-42,Application-42-Service,60300
23062,Application-41,M_Req,missing_destination,66,Application-41-Service,EndDevice-41,Application-41-Service,60300
23076,Application-12,M_Req,missing_destination,37,Application-12-Service,EndDevice-12,Application-12-Service,60300
23079,Application-9,M_Req,missing_destination,34,Application-9-Service,EndDevice-9,Application-9-Service,60300
23083,Application-10,M_Req,missing_destination,35,Application-10-Service,EndDevice-10,Application-10-Service,60300
23097,Application-32,M_Req,missing_destination,57,Application-32-Service,EndDevice-32,Application-32-Service,60300
23122,Application-12,M_Req,missing_destination,37,Application-12-Service,EndDevice-12,Application-12-Service,60400
23125,Application-9,M_Req,missing_destination,34,Application-9-Service,EndDevice-9,Application-9-Service,60400
23128,Application-10,M_Req,missing_destination,35,Application-10-Service,EndDevice-10,Application-10-Service,60400
23136,Application-8,M_Req,missing_destination,33,Application-8-Service,EndDevice-8,Application-8-Service,60500
23144,Application-41,M_Req,missing_destination,66,Application-41-Service,EndDevice-41,Application-41-Service,60500
23150,Application-7,M_Req,missing_destination,32,Application-7-Service,EndDevice-7,Application-7-Service,60500
23151,Application-42,M_Req,missing_destination,67,Application-42-Service,EndDevice-42,Application-42-Service,60500
23152,Application-30,M_Req,missing_destination,55,Application-30-Service,EndDevice-30,Application-30-Service,60500
23154,Application-17,M_Req,missing_destination,42,Application-17-Service,EndDevice-17,Application-17-Service,60500
23155,Application-20,M_Req,missing_destination,45,Application-20-Service,EndDevice-20,Application-20-Service,60500
23163,Application-5,M_Req,missing_destination,30,Application-5-Service,EndDevice-5,Application-5-Service,60500
23166,Application-6,M_Req,missing_destination,31,Application-6-Service,EndDevice-6,Application-6-Service,60500
23167,Application-19,M_Req,missing_destination,44,Application-19-Service,EndDevice-19,Application-19-Service,60500
23168,Application-15,M_Req,missing_destination,40,Application-15-Service,EndDevice-15,Application-15-Service,60500
23169,Application-16,M_Req,missing_destination,41,Application-16-Service,EndDevice-16,Application-16-Service,60500
23170,Application-12,M_Req,missing_destination,37,Application-12-Service,EndDevice-12,Application-12-Service,60500
23171,Application-25,M_Req,missing_destination,50,Application-25-Service,EndDevice-25,Application-25-Service,60500
23172,Application-28,M_Req,missing_destination,53,Application-28-Service,EndDevice-28,Application-28-Service,60500
23173,Application-9,M_Req,missing_destination,34,Application-9-Service,EndDevice-9,Application-9-Service,60500
23174,Application-13,M_Req,missing_destination,38,Application-13-Service,EndDevice-13,Application-13-Service,60500
23176,Application-10,M_Req,missing_destination,35,Application-10-Service,EndDevice-10,Application-10-Service,60500
23178,Application-24,M_Req,missing_destination,49,Application-24-Service,EndDevice-24,Application-24-Service,60500
23183,Application-8,M_Req,missing_destination,33,Application-8-Service,EndDevice-8,Application-8-Service,60600
23189,Application-41,M_Req,missing_destination,66,Application-41-Service,EndDevice-41,Application-41-Service,60600
23193,Application-42,M_Req,missing_destination,67,Application-42-Service,EndDevice-42,Application-42-Service,60600
23194,Application-30,M_Req,missing_destination,55,Application-30-Service,EndDevice-30,Application-30-Service,60600
23196,Application-17,M_Req,missing_destination,42,Application-17-Service,EndDevice-17,Application-17-Service,60600
23197,Application-20,M_Req,missing_destination,45,Application-20-Service,EndDevice-20,Application-20-Service,60600
23204,Application-5,M_Req,missing_destination,30,Application-5-Service,EndDevice-5,Application-5-Service,60600
23278,Application-46,M_Req,missing_destination,71,Application-46-Service,EndDevice-46,Application-46-Service,60800
23285,Application-34,M_Req,missing_destination,59,Application-34-Service,EndDevice-34,Application-34-Service,60900
23286,Application-35,M_Req,missing_destination,60,Application-35-Service,EndDevice-35,Application-35-Service,60900
23288,Application-48,M_Req,missing_destination,73,Application-48-Service,EndDevice-48,Application-48-Service,60900
23290,Application-47,M_Req,missing_destination,72,Application-47-Service,EndDevice-47,Application-47-Service,60900
23326,Application-46,M_Req,missing_destination,71,Application-46-Service,EndDevice-46,Application-46-Service,60900
23361,Application-29,M_Req,missing_destination,54,Application-29-Service,EndDevice-29,Application-29-Service,61100
23390,Application-31,M_Req,missing_destination,56,Application-31-Service,EndDevice-31,Application-31-Service,61100
23403,Application-36,M_Req,missing_destination,61,Application-36-Service,EndDevice-36,Application-36-Service,61100
23407,Application-32,M_Req,missing_destination,57,Application-32-Service,EndDevice-32,Application-32-Service,61100
23409,Application-29,M_Req,missing_destination,54,Application-29-Service,EndDevice-29,Application-29-Service,61200
23430,Application-31,M_Req,missing_destination,56,Application-31-Service,EndDevice-31,Application-31-Service,61200
23457,Application-29,M_Req,missing_destination,54,Application-29-Service,EndDevice-29,Application-29-Service,61300
23478,Application-31,M_Req,missing_destination,56,Application-31-Service,EndDevice-31,Application-31-Service,61300
23500,Application-29,M_Req,missing_destination,54,Application-29-Service,EndDevice-29,Application-29-Service,61400
23502,Application-45,M_Req,missing_destination,70,Application-45-Service,EndDevice-45,Application-45-Service,61400
23503,Application-46,M_Req,missing_destination,71,Application-46-Service,EndDevice-46,Application-46-Service,61400
23548,Application-29,M_Req,missing_destination,54,Application-29-Service,EndDevice-29,Application-29-Service,61500
23550,Application-45,M_Req,missing_destination,70,Application-45-Service,EndDevice-45,Application-45-Service,61500
23551,Application-46,M_Req,missing_destination,71,Application-46-Service,EndDevice-46,Application-46-Service,61500
23815,Application-43,M_Req,missing_destination,68,Application-43-Service,EndDevice-43,Application-43-Service,62300
23816,Application-45,M_Req,missing_destination,70,Application-45-Service,EndDevice-45,Application-45-Service,62300
23818,Application-44,M_Req,missing_destination,69,Application-44-Service,EndDevice-44,Application-44-Service,62300
23819,Application-46,M_Req,missing_destination,71,Application-46-Service,EndDevice-46,Application-46-Service,62300
23822,Application-41,M_Req,missing_destination,66,Application-41-Service,EndDevice-41,Application-41-Service,62300
23833,Application-48,M_Req,missing_destination,73,Application-48-Service,EndDevice-48,Application-48-Service,62300
23837,Application-27,M_Req,missing_destination,52,Application-27-Service,EndDevice-27,Application-27-Service,62300
23839,Application-47,M_Req,missing_destination,72,Application-47-Service,EndDevice-47,Application-47-Service,62300
23856,Application-33,M_Req,missing_destination,58,Application-33-Service,EndDevice-33,Application-33-Service,62300
23857,Application-35,M_Req,missing_destination,60,Application-35-Service,EndDevice-35,Application-35-Service,62300
23863,Application-43,M_Req,missing_destination,68,Application-43-Service,EndDevice-43,Application-43-Service,62400
23864,Application-45,M_Req,missing_destination,70,Application-45-Service,EndDevice-45,Application-45-Service,62400
23866,Application-44,M_Req,missing_destination,69,Application-44-Service,EndDevice-44,Application-44-Service,62400
23867,Application-46,M_Req,missing_destination,71,Application-46-Service,EndDevice-46,Application-46-Service,62400
23869,Application-41,M_Req,missing_destination,66,Application-41-Service,EndDevice-41,Application-41-Service,62400
23877,Application-48,M_Req,missing_destination,73,Application-48-Service,EndDevice-48,Application-48-Service,62400
23881,Application-27,M_Req,missing_destination,52,Application-27-Service,EndDevice-27,Application-27-Service,62400
23883,Application-47,M_Req,missing_destination,72,Application-47-Service,EndDevice-47,Application-47-Service,62400
23911,Application-43,M_Req,missing_destination,68,Application-43-Service,EndDevice-43,Application-43-Service,62500
23914,Application-44,M_Req,missing_destination,69,Application-44-Service,EndDevice-44,Application-44-Service,62500
23917,Application-41,M_Req,missing_destination,66,Application-41-Service,EndDevice-41,Application-41-Service,62500
23956,Application-45,M_Req,missing_destination,70,Application-45-Service,EndDevice-45,Application-45-Service,62600
23957,Application-3,M_Req,missing_destination,28,Application-3-Service,EndDevice-3,Application-3-Service,62600
23958,Application-44,M_Req,missing_destination,69,Application-44-Service,EndDevice-44,Application-44-Service,62600
23959,Application-46,M_Req,missing_destination,71,Application-46-Service,EndDevice-46,Application-46-Service,62600
23960,Application-31,M_Req,missing_destination,56,Application-31-Service,EndDevice-31,Application-31-Service,62600
23961,Application-41,M_Req,missing_destination,66,Application-41-Service,EndDevice-41,Application-41-Service,62600
23962,Application-2,M_Req,missing_destination,27,Application-2-Service,EndDevice-2,Application-2-Service,62600
23963,Application-6,M_Req,missing_destination,31,Application-6-Service,EndDevice-6,Application-6-Service,62600
24004,Application-45,M_Req,missing_destination,70,Application-45-Service,EndDevice-45,Application-45-Service,62700
24005,Application-3,M_Req,missing_destination,28,Application-3-Service,EndDevice-3,Application-3-Service,62700
24006,Application-44,M_Req,missing_destination,69,Application-44-Service,EndDevice-44,Application-44-Service,62700
24007,Application-46,M_Req,missing_destination,71,Application-46-Service,EndDevice-46,Application-46-Service,62700
24008,Application-31,M_Req,missing_destination,56,Application-31-Service,EndDevice-31,Application-31-Service,62700
24009,Application-41,M_Req,missing_destination,66,Application-41-Service,EndDevice-41,Application-41-Service,62700
24010,Application-2,M_Req,missing_destination,27,Application-2-Service,EndDevice-2,Application-2-Service,62700
24011,Application-6,M_Req,missing_destination,31,Application-6-Service,EndDevice-6,Application-6-Service,62700
24058,Application-39,M_Req,missing_destination,64,Application-39-Service,EndDevice-39,Application-39-Service,62900
24062,Application-30,M_Req,missing_destination,55,Application-30-Service,EndDevice-30,Application-30-Service,62900
24103,Application-39,M_Req,missing_destination,64,Application-39-Service,EndDevice-39,Application-39-Service,63000
24106,Application-30,M_Req,missing_destination,55,Application-30-Service,EndDevice-30,Application-30-Service,63000
25192,Application-2,M_Req,missing_destination,27,Application-2-Service,EndDevice-2,Application-2-Service,65900
25194,Application-39,M_Req,missing_destination,64,Application-39-Service,EndDevice-39,Application-39-Service,65900
25196,Application-35,M_Req,missing_destination,60,Application-35-Service,EndDevice-35,Application-35-Service,65900
25197,Application-3,M_Req,missing_destination,28,Application-3-Service,EndDevice-3,Application-3-Service,65900
25198,Application-1,M_Req,missing_destination,26,Application-1-Service,EndDevice-1,Application-1-Service,65900
25200,Application-14,M_Req,missing_destination,39,Application-14-Service,EndDevice-14,Application-14-Service,65900
25201,Application-28,M_Req,missing_destination,53,Application-28-Service,EndDevice-28,Application-28-Service,65900
25203,Application-8,M_Req,missing_destination,33,Application-8-Service,EndDevice-8,Application-8-Service,65900
25205,Application-6,M_Req,missing_destination,31,Application-6-Service,EndDevice-6,Application-6-Service,65900
25215,Application-37,M_Req,missing_destination,62,Application-37-Service,EndDevice-37,Application-37-Service,65900
25220,Application-40,M_Req,missing_destination,65,Application-40-Service,EndDevice-40,Application-40-Service,65900
25222,Application-4,M_Req,missing_destination,29,Application-4-Service,EndDevice-4,Application-4-Service,65900
25223,Application-18,M_Req,missing_destination,43,Application-18-Service,EndDevice-18,Application-18-Service,65900
25224,Application-27,M_Req,missing_destination,52,Application-27-Service,EndDevice-27,Application-27-Service,65900
25225,Application-33,M_Req,missing_destination,58,Application-33-Service,EndDevice-33,Application-33-Service,65900
25226,Application-15,M_Req,missing_destination,40,Application-15-Service,EndDevice-15,Application-15-Service,65900
25240,Application-2,M_Req,missing_destination,27,Application-2-Service,EndDevice-2,Application-2-Service,66000
25241,Application-39,M_Req,missing_destination,64,Application-39-Service,EndDevice-39,Application-39-Service,66000
25243,Application-35,M_Req,missing_destination,60,Application-35-Service,EndDevice-35,Application-35-Service,66000
25244,Application-3,M_Req,missing_destination,28,Application-3-Service,EndDevice-3,Application-3-Service,66000
25245,Application-1,M_Req,missing_destination,26,Application-1-Service,EndDevice-1,Application-1-Service,66000
25247,Application-28,M_Req,missing_destination,53,Application-28-Service,EndDevice-28,Application-28-Service,66000
25250,Application-6,M_Req,missing_destination,31,Application-6-Service,EndDevice-6,Application-6-Service,66000
25258,Application-37,M_Req,missing_destination,62,Application-37-Service,EndDevice-37,Application-37-Service,66000
25263,Application-40,M_Req,missing_destination,65,Application-40-Service,EndDevice-40,Application-40-Service,66000
25265,Application-18,M_Req,missing_destination,43,Application-18-Service,EndDevice-18,Application-18-Service,66000
25266,Application-27,M_Req,missing_destination,52,Application-27-Service,EndDevice-27,Application-27-Service,66000
25267,Application-33,M_Req,missing_destination,58,Application-33-Service,EndDevice-33,Application-33-Service,66000
25421,Application-2,M_Req,missing_destination,27,Application-2-Service,EndDevice-2,Application-2-Service,66500
25424,Application-3,M_Req,missing_destination,28,Application-3-Service,EndDevice-3,Application-3-Service,66500
25425,Application-28,M_Req,missing_destination,53,Application-28-Service,EndDevice-28,Application-28-Service,66500
25426,Application-21,M_Req,missing_destination,46,Application-21-Service,EndDevice-21,Application-21-Service,66500
25427,Application-41,M_Req,missing_destination,66,Application-41-Service,EndDevice-41,Application-41-Service,66500
25428,Application-22,M_Req,missing_destination,47,Application-22-Service,EndDevice-22,Application-22-Service,66500
25430,Application-13,M_Req,missing_destination,38,Application-13-Service,EndDevice-13,Application-13-Service,66500
25432,Application-42,M_Req,missing_destination,67,Application-42-Service,EndDevice-42,Application-42-Service,66500
25433,Application-47,M_Req,missing_destination,72,Application-47-Service,EndDevice-47,Application-47-Service,66500
25434,Application-27,M_Req,missing_destination,52,Application-27-Service,EndDevice-27,Application-27-Service,66500
25436,Application-23,M_Req,missing_destination,48,Application-23-Service,EndDevice-23,Application-23-Service,66500
25439,Application-20,M_Req,missing_destination,45,Application-20-Service,EndDevice-20,Application-20-Service,66500
25440,Application-17,M_Req,missing_destination,42,Application-17-Service,EndDevice-17,Application-17-Service,66500
25442,Application-24,M_Req,missing_destination,49,Application-24-Service,EndDevice-24,Application-24-Service,66500
25444,Application-10,M_Req,missing_destination,35,Application-10-Service,EndDevice-10,Application-10-Service,66500
25448,Application-18,M_Req,missing_destination,43,Application-18-Service,EndDevice-18,Application-18-Service,66500
25449,Application-33,M_Req,missing_destination,58,Application-33-Service,EndDevice-33,Application-33-Service,66500
25451,Application-12,M_Req,missing_destination,37,Application-12-Service,EndDevice-12,Application-12-Service,66500
25454,Application-1,M_Req,missing_destination,26,Application-1-Service,EndDevice-1,Application-1-Service,66500
25455,Application-19,M_Req,missing_destination,44,Application-19-Service,EndDevice-19,Application-19-Service,66500
25456,Application-34,M_Req,missing_destination,59,Application-34-Service,EndDevice-34,Application-34-Service,66500
25457,Application-45,M_Req,missing_destination,70,Application-45-Service,EndDevice-45,Application-45-Service,66500
25458,Application-11,M_Req,missing_destination,36,Application-11-Service,EndDevice-11,Application-11-Service,66500
25459,Application-26,M_Req,missing_destination,51,Application-26-Service,EndDevice-26,Application-26-Service,66500
25460,Application-38,M_Req,missing_destination,63,Application-38-Service,EndDevice-38,Application-38-Service,66500
25461,Application-25,M_Req,missing_destination,50,Application-25-Service,EndDevice-25,Application-25-Service,66500
25462,Application-36,M_Req,missing_destination,61,Application-36-Service,EndDevice-36,Application-36-Service,66500
25463,Application-16,M_Req,missing_destination,41,Application-16-Service,EndDevice-16,Application-16-Service,66500
25464,Application-9,M_Req,missing_destination,34,Application-9-Service,EndDevice-9,Application-9-Service,66500
25465,Application-8,M_Req,missing_destination,33,Application-8-Service,EndDevice-8,Application-8-Service,66500
25466,Application-4,M_Req,missing_destination,29,Application-4-Service,EndDevice-4,Application-4-Service,66500
25467,Application-14,M_Req,missing_destination,39,Application-14-Service,EndDevice-14,Application-14-Service,66500
25468,Application-15,M_Req,missing_destination,40,Application-15-Service,EndDevice-15,Application-15-Service,66500
25469,Application-2,M_Req,missing_destination,27,Application-2-Service,EndDevice-2,Application-2-Service,66600
25472,Application-3,M_Req,missing_destination,28,Application-3-Service,EndDevice-3,Application-3-Service,66600
25473,Application-28,M_Req,missing_destination,53,Application-28-Service,EndDevice-28,Application-28-Service,66600
25474,Application-21,M_Req,missing_destination,46,Application-21-Service,EndDevice-21,Application-21-Service,66600
25475,Application-41,M_Req,missing_destination,66,Application-41-Service,EndDevice-41,Application-41-Service,66600
25476,Application-22,M_Req,missing_destination,47,Application-22-Service,EndDevice-22,Application-22-Service,66600
25478,Application-13,M_Req,missing_destination,38,Application-13-Service,EndDevice-13,Application-13-Service,66600
25480,Application-42,M_Req,missing_destination,67,Application-42-Service,EndDevice-42,Application-42-Service,66600
25481,Application-47,M_Req,missing_destination,72,Application-47-Service,EndDevice-47,Application-47-Service,66600
25482,Application-27,M_Req,missing_destination,52,Application-27-Service,EndDevice-27,Application-27-Service,66600
25483,Application-23,M_Req,missing_destination,48,Application-23-Service,EndDevice-23,Application-23-Service,66600
25485,Application-20,M_Req,missing_destination,45,Application-20-Service,EndDevice-20,Application-20-Service,66600
25486,Application-17,M_Req,missing_destination,42,Application-17-Service,EndDevice-17,Application-17-Service,66600
25489,Application-10,M_Req,missing_destination,35,Application-10-Service,EndDevice-10,Application-10-Service,66600
25493,Application-33,M_Req,missing_destination,58,Application-33-Service,EndDevice-33,Application-33-Service,66600
25494,Application-12,M_Req,missing_destination,37,Application-12-Service,EndDevice-12,Application-12-Service,66600
25496,Application-1,M_Req,missing_destination,26,Application-1-Service,EndDevice-1,Application-1-Service,66600
25497,Application-19,M_Req,missing_destination,44,Application-19-Service,EndDevice-19,Application-19-Service,66600
25498,Application-45,M_Req,missing_destination,70,Application-45-Service,EndDevice-45,Application-45-Service,66600
25499,Application-11,M_Req,missing_destination,36,Application-11-Service,EndDevice-11,Application-11-Service,66600
25561,Application-2,M_Req,missing_destination,27,Application-2-Service,EndDevice-2,Application-2-Service,66800
25564,Application-28,M_Req,missing_destination,53,Application-28-Service,EndDevice-28,Application-28-Service,66800
25565,Application-41,M_Req,missing_destination,66,Application-41-Service,EndDevice-41,Application-41-Service,66800
25566,Application-22,M_Req,missing_destination,47,Application-22-Service,EndDevice-22,Application-22-Service,66800
25567,Application-7,M_Req,missing_destination,32,Application-7-Service,EndDevice-7,Application-7-Service,66800
25568,Application-13,M_Req,missing_destination,38,Application-13-Service,EndDevice-13,Application-13-Service,66800
25569,Application-42,M_Req,missing_destination,67,Application-42-Service,EndDevice-42,Application-42-Service,66800
25570,Application-47,M_Req,missing_destination,72,Application-47-Service,EndDevice-47,Application-47-Service,66800
25571,Application-27,M_Req,missing_destination,52,Application-27-Service,EndDevice-27,Application-27-Service,66800
25572,Application-23,M_Req,missing_destination,48,Application-23-Service,EndDevice-23,Application-23-Service,66800
25573,Application-5,M_Req,missing_destination,30,Application-5-Service,EndDevice-5,Application-5-Service,66800
25574,Application-20,M_Req,missing_destination,45,Application-20-Service,EndDevice-20,Application-20-Service,66800
25575,Application-17,M_Req,missing_destination,42,Application-17-Service,EndDevice-17,Application-17-Service,66800
25609,Application-2,M_Req,missing_destination,27,Application-2-Service,EndDevice-2,Application-2-Service,66900
25612,Application-28,M_Req,missing_destination,53,Application-28-Service,EndDevice-28,Application-28-Service,66900
25613,Application-41,M_Req,missing_destination,66,Application-41-Service,EndDevice-41,Application-41-Service,66900
25614,Application-22,M_Req,missing_destination,47,Application-22-Service,EndDevice-22,Application-22-Service,66900
25615,Application-7,M_Req,missing_destination,32,Application-7-Service,EndDevice-7,Application-7-Service,66900
25616,Application-13,M_Req,missing_destination,38,Application-13-Service,EndDevice-13,Application-13-Service,66900
25617,Application-42,M_Req,missing_destination,67,Application-42-Service,EndDevice-42,Application-42-Service,66900
25618,Application-47,M_Req,missing_destination,72,Application-47-Service,EndDevice-47,Application-47-Service,66900
25619,Application-27,M_Req,missing_destination,52,Application-27-Service,EndDevice-27,Application-27-Service,66900
25620,Application-23,M_Req,missing_destination,48,Application-23-Service,EndDevice-23,Application-23-Service,66900
25621,Application-5,M_Req,missing_destination,30,Application-5-Service,EndDevice-5,Application-5-Service,66900
25622,Application-20,M_Req,missing_destination,45,Application-20-Service,EndDevice-20,Application-20-Service,66900
25623,Application-17,M_Req,missing_destination,42,Application-17-Service,EndDevice-17,Application-17-Service,66900
25668,Application-36,M_Req,missing_destination,61,Application-36-Service,EndDevice-36,Application-36-Service,67100
25696,Application-34,M_Req,missing_destination,59,Application-34-Service,EndDevice-34,Application-34-Service,67100
25803,Application-29,M_Req,missing_destination,54,Application-29-Service,EndDevice-29,Application-29-Service,67400
25804,Application-31,M_Req,missing_destination,56,Application-31-Service,EndDevice-31,Application-31-Service,67400
25807,Application-32,M_Req,missing_destination,57,Application-32-Service,EndDevice-32,Application-32-Service,67500
25851,Application-29,M_Req,missing_destination,54,Application-29-Service,EndDevice-29,Application-29-Service,67500
25852,Application-31,M_Req,missing_destination,56,Application-31-Service,EndDevice-31,Application-31-Service,67500
25883,Application-39,M_Req,missing_destination,64,Application-39-Service,EndDevice-39,Application-39-Service,67700
25911,Application-11,M_Req,missing_destination,36,Application-11-Service,EndDevice-11,Application-11-Service,67700
25913,Application-37,M_Req,missing_destination,62,Application-37-Service,EndDevice-37,Application-37-Service,67700
25920,Application-38,M_Req,missing_destination,63,Application-38-Service,EndDevice-38,Application-38-Service,67700
25922,Application-43,M_Req,missing_destination,68,Application-43-Service,EndDevice-43,Application-43-Service,67700
25925,Application-44,M_Req,missing_destination,69,Application-44-Service,EndDevice-44,Application-44-Service,67700
25928,Application-40,M_Req,missing_destination,65,Application-40-Service,EndDevice-40,Application-40-Service,67700
25931,Application-39,M_Req,missing_destination,64,Application-39-Service,EndDevice-39,Application-39-Service,67800
25956,Application-11,M_Req,missing_destination,36,Application-11-Service,EndDevice-11,Application-11-Service,67800
25958,Application-37,M_Req,missing_destination,62,Application-37-Service,EndDevice-37,Application-37-Service,67800
26016,Application-48,M_Req,missing_destination,73,Application-48-Service,EndDevice-48,Application-48-Service,68000
26022,Application-45,M_Req,missing_destination,70,Application-45-Service,EndDevice-45,Application-45-Service,68000
26037,Application-46,M_Req,missing_destination,71,Application-46-Service,EndDevice-46,Application-46-Service,68100
26047,Application-33,M_Req,missing_destination,58,Application-33-Service,EndDevice-33,Application-33-Service,68100
26064,Application-48,M_Req,missing_destination,73,Application-48-Service,EndDevice-48,Application-48-Service,68100
26070,Application-45,M_Req,missing_destination,70,Application-45-Service,EndDevice-45,Application-45-Service,68100
26094,Application-33,M_Req,missing_destination,58,Application-33-Service,EndDevice-33,Application-33-Service,68200
26124,Application-5,M_Req,missing_destination,30,Application-5-Service,EndDevice-5,Application-5-Service,68300
26126,Application-8,M_Req,missing_destination,33,Application-8-Service,EndDevice-8,Application-8-Service,68300
26132,Application-44,M_Req,missing_destination,69,Application-44-Service,EndDevice-44,Application-44-Service,68300
26139,Application-27,M_Req,missing_destination,52,Application-27-Service,EndDevice-27,Application-27-Service,68300
26140,Application-37,M_Req,missing_destination,62,Application-37-Service,EndDevice-37,Application-37-Service,68300
26141,Application-13,M_Req,missing_destination,38,Application-13-Service,EndDevice-13,Application-13-Service,68300
26142,Application-33,M_Req,missing_destination,58,Application-33-Service,EndDevice-33,Application-33-Service,68300
26146,Application-7,M_Req,missing_destination,32,Application-7-Service,EndDevice-7,Application-7-Service,68300
26151,Application-6,M_Req,missing_destination,31,Application-6-Service,EndDevice-6,Application-6-Service,68300
26152,Application-14,M_Req,missing_destination,39,Application-14-Service,EndDevice-14,Application-14-Service,68300
26153,Application-34,M_Req,missing_destination,59,Application-34-Service,EndDevice-34,Application-34-Service,68300
26154,Application-36,M_Req,missing_destination,61,Application-36-Service,EndDevice-36,Application-36-Service,68300
26155,Application-43,M_Req,missing_destination,68,Application-43-Service,EndDevice-43,Application-43-Service,68300
26156,Application-25,M_Req,missing_destination,50,Application-25-Service,EndDevice-25,Application-25-Service,68300
26157,Application-9,M_Req,missing_destination,34,Application-9-Service,EndDevice-9,Application-9-Service,68300
26158,Application-1,M_Req,missing_destination,26,Application-1-Service,EndDevice-1,Application-1-Service,68300
26171,Application-5,M_Req,missing_destination,30,Application-5-Service,EndDevice-5,Application-5-Service,68400
26173,Application-8,M_Req,missing_destination,33,Application-8-Service,EndDevice-8,Application-8-Service,68400
26178,Application-44,M_Req,missing_destination,69,Application-44-Service,EndDevice-44,Application-44-Service,68400
26182,Application-27,M_Req,missing_destination,52,Application-27-Service,EndDevice-27,Application-27-Service,68400
26183,Application-37,M_Req,missing_destination,62,Application-37-Service,EndDevice-37,Application-37-Service,68400
26184,Application-33,M_Req,missing_destination,58,Application-33-Service,EndDevice-33,Application-33-Service,68400
26187,Application-7,M_Req,missing_destination,32,Application-7-Service,EndDevice-7,Application-7-Service,68400
26230,Application-27,M_Req,missing_destination,52,Application-27-Service,EndDevice-27,Application-27-Service,68500
26231,Application-37,M_Req,missing_destination,62,Application-37-Service,EndDevice-37,Application-37-Service,68500
26247,Application-45,M_Req,missing_destination,70,Application-45-Service,EndDevice-45,Application-45-Service,68600
26252,Application-42,M_Req,missing_destination,67,Application-42-Service,EndDevice-42,Application-42-Service,68600
26253,Application-47,M_Req,missing_destination,72,Application-47-Service,EndDevice-47,Application-47-Service,68600
26254,Application-35,M_Req,missing_destination,60,Application-35-Service,EndDevice-35,Application-35-Service,68600
26256,Application-20,M_Req,missing_destination,45,Application-20-Service,EndDevice-20,Application-20-Service,68600
26257,Application-15,M_Req,missing_destination,40,Application-15-Service,EndDevice-15,Application-15-Service,68600
26258,Application-41,M_Req,missing_destination,66,Application-41-Service,EndDevice-41,Application-41-Service,68600
26259,Application-19,M_Req,missing_destination,44,Application-19-Service,EndDevice-19,Application-19-Service,68600
26260,Application-28,M_Req,missing_destination,53,Application-28-Service,EndDevice-28,Application-28-Service,68600
26261,Application-16,M_Req,missing_destination,41,Application-16-Service,EndDevice-16,Application-16-Service,68600
26262,Application-5,M_Req,missing_destination,30,Application-5-Service,EndDevice-5,Application-5-Service,68600
26265,Application-48,M_Req,missing_destination,73,Application-48-Service,EndDevice-48,Application-48-Service,68600
26274,Application-7,M_Req,missing_destination,32,Application-7-Service,EndDevice-7,Application-7-Service,68700
26295,Application-45,M_Req,missing_destination,70,Application-45-Service,EndDevice-45,Application-45-Service,68700
26300,Application-42,M_Req,missing_destination,67,Application-42-Service,EndDevice-42,Application-42-Service,68700
26301,Application-47,M_Req,missing_destination,72,Application-47-Service,EndDevice-47,Application-47-Service,68700
26302,Application-35,M_Req,missing_destination,60,Application-35-Service,EndDevice-35,Application-35-Service,68700
26304,Application-20,M_Req,missing_destination,45,Application-20-Service,EndDevice-20,Application-20-Service,68700
26305,Application-15,M_Req,missing_destination,40,Application-15-Service,EndDevice-15,Application-15-Service,68700
26306,Application-41,M_Req,missing_destination,66,Application-41-Service,EndDevice-41,Application-41-Service,68700
26307,Application-19,M_Req,missing_destination,44,Application-19-Service,EndDevice-19,Application-19-Service,68700
26308,Application-28,M_Req,missing_destination,53,Application-28-Service,EndDevice-28,Application-28-Service,68700
26309,Application-16,M_Req,missing_destination,41,Application-16-Service,EndDevice-16,Application-16-Service,68700
26310,Application-5,M_Req,missing_destination,30,Application-5-Service,EndDevice-5,Application-5-Service,68700
26313,Application-48,M_Req,missing_destination,73,Application-48-Service,EndDevice-48,Application-48-Service,68700
26343,Application-35,M_Req,missing_destination,60,Application-35-Service,EndDevice-35,Application-35-Service,68900
26355,Application-34,M_Req,missing_destination,59,Application-34-Service,EndDevice-34,Application-34-Service,68900
26361,Application-33,M_Req,missing_destination,58,Application-33-Service,EndDevice-33,Application-33-Service,68900
26362,Application-27,M_Req,missing_destination,52,Application-27-Service,EndDevice-27,Application-27-Service,68900
26365,Application-24,M_Req,missing_destination,49,Application-24-Service,EndDevice-24,Application-24-Service,68900
26366,Application-3,M_Req,missing_destination,28,Application-3-Service,EndDevice-3,Application-3-Service,68900
26367,Application-18,M_Req,missing_destination,43,Application-18-Service,EndDevice-18,Application-18-Service,68900
26371,Application-4,M_Req,missing_destination,29,Application-4-Service,EndDevice-4,Application-4-Service,68900
26372,Application-23,M_Req,missing_destination,48,Application-23-Service,EndDevice-23,Application-23-Service,68900
26379,Application-6,M_Req,missing_destination,31,Application-6-Service,EndDevice-6,Application-6-Service,68900
26380,Application-14,M_Req,missing_destination,39,Application-14-Service,EndDevice-14,Application-14-Service,68900
26381,Application-36,M_Req,missing_destination,61,Application-36-Service,EndDevice-36,Application-36-Service,68900
26382,Application-43,M_Req,missing_destination,68,Application-43-Service,EndDevice-43,Application-43-Service,68900
26383,Application-25,M_Req,missing_destination,50,Application-25-Service,EndDevice-25,Application-25-Service,68900
26384,Application-26,M_Req,missing_destination,51,Application-26-Service,EndDevice-26,Application-26-Service,68900
26385,Application-13,M_Req,missing_destination,38,Application-13-Service,EndDevice-13,Application-13-Service,68900
26388,Application-17,M_Req,missing_destination,42,Application-17-Service,EndDevice-17,Application-17-Service,68900
26391,Application-35,M_Req,missing_destination,60,Application-35-Service,EndDevice-35,Application-35-Service,69000
26399,Application-34,M_Req,missing_destination,59,Application-34-Service,EndDevice-34,Application-34-Service,69000
26405,Application-33,M_Req,missing_destination,58,Application-33-Service,EndDevice-33,Application-33-Service,69000
26406,Application-27,M_Req,missing_destination,52,Application-27-Service,EndDevice-27,Application-27-Service,69000
26408,Application-24,M_Req,missing_destination,49,Application-24-Service,EndDevice-24,Application-24-Service,69000
26409,Application-3,M_Req,missing_destination,28,Application-3-Service,EndDevice-3,Application-3-Service,69000
26410,Application-18,M_Req,missing_destination,43,Application-18-Service,EndDevice-18,Application-18-Service,69000
26414,Application-4,M_Req,missing_destination,29,Application-4-Service,EndDevice-4,Application-4-Service,69000
26415,Application-23,M_Req,missing_destination,48,Application-23-Service,EndDevice-23,Application-23-Service,69000
26491,Application-34,M_Req,missing_destination,59,Application-34-Service,EndDevice-34,Application-34-Service,69200
26539,Application-34,M_Req,missing_destination,59,Application-34-Service,EndDevice-34,Application-34-Service,69300
26580,Application-8,M_Req,missing_destination,33,Application-8-Service,EndDevice-8,Application-8-Service,69500
26584,Application-36,M_Req,missing_destination,61,Application-36-Service,EndDevice-36,Application-36-Service,69500
26589,Application-5,M_Req,missing_destination,30,Application-5-Service,EndDevice-5,Application-5-Service,69500
26591,Application-33,M_Req,missing_destination,58,Application-33-Service,EndDevice-33,Application-33-Service,69500
26596,Application-7,M_Req,missing_destination,32,Application-7-Service,EndDevice-7,Application-7-Service,69500
26624,Application-8,M_Req,missing_destination,33,Application-8-Service,EndDevice-8,Application-8-Service,69600
26627,Application-36,M_Req,missing_destination,61,Application-36-Service,EndDevice-36,Application-36-Service,69600
26632,Application-5,M_Req,missing_destination,30,Application-5-Service,EndDevice-5,Application-5-Service,69600
26634,Application-33,M_Req,missing_destination,58,Application-33-Service,EndDevice-33,Application-33-Service,69600
26638,Application-7,M_Req,missing_destination,32,Application-7-Service,EndDevice-7,Application-7-Service,69600
26672,Application-8,M_Req,missing_destination,33,Application-8-Service,EndDevice-8,Application-8-Service,69700
26680,Application-5,M_Req,missing_destination,30,Application-5-Service,EndDevice-5,Application-5-Service,69700
26686,Application-7,M_Req,missing_destination,32,Application-7-Service,EndDevice-7,Application-7-Service,69700
26715,Application-46,M_Req,missing_destination,71,Application-46-Service,EndDevice-46,Application-46-Service,69800
26716,Application-8,M_Req,missing_destination,33,Application-8-Service,EndDevice-8,Application-8-Service,69800
26718,Application-36,M_Req,missing_destination,61,Application-36-Service,EndDevice-36,Application-36-Service,69800
26724,Application-33,M_Req,missing_destination,58,Application-33-Service,EndDevice-33,Application-33-Service,69800
26763,Application-46,M_Req,missing_destination,71,Application-46-Service,EndDevice-46,Application-46-Service,69900
26764,Application-8,M_Req,missing_destination,33,Application-8-Service,EndDevice-8,Application-8-Service,69900
26766,Application-36,M_Req,missing_destination,61,Application-36-Service,EndDevice-36,Application-36-Service,69900
26772,Application-33,M_Req,missing_destination,58,Application-33-Service,EndDevice-33,Application-33-Service,69900
26842,Application-45,M_Req,missing_destination,70,Application-45-Service,EndDevice-45,Application-45-Service,70100
26844,Application-40,M_Req,missing_destination,65,Application-40-Service,EndDevice-40,Application-40-Service,70100
26847,Application-48,M_Req,missing_destination,73,Application-48-Service,EndDevice-48,Application-48-Service,70100
26849,Application-47,M_Req,missing_destination,72,Application-47-Service,EndDevice-47,Application-47-Service,70100
26960,Application-31,M_Req,missing_destination,56,Application-31-Service,EndDevice-31,Application-31-Service,70500
26961,Application-30,M_Req,missing_destination,55,Application-30-Service,EndDevice-30,Application-30-Service,70500
27276,Application-6,M_Req,missing_destination,31,Application-6-Service,EndDevice-6,Application-6-Service,71300
27286,Application-31,M_Req,missing_destination,56,Application-31-Service,EndDevice-31,Application-31-Service,71300
27287,Application-30,M_Req,missing_destination,55,Application-30-Service,EndDevice-30,Application-30-Service,71300
27293,Application-32,M_Req,missing_destination,57,Application-32-Service,EndDevice-32,Application-32-Service,71300
27295,Application-9,M_Req,missing_destination,34,Application-9-Service,EndDevice-9,Application-9-Service,71300
27298,Application-10,M_Req,missing_destination,35,Application-10-Service,EndDevice-10,Application-10-Service,71300
27299,Application-12,M_Req,missing_destination,37,Application-12-Service,EndDevice-12,Application-12-Service,71300
27308,Application-11,M_Req,missing_destination,36,Application-11-Service,EndDevice-11,Application-11-Service,71300
27322,Application-6,M_Req,missing_destination,31,Application-6-Service,EndDevice-6,Application-6-Service,71400
27330,Application-31,M_Req,missing_destination,56,Application-31-Service,EndDevice-31,Application-31-Service,71400
27331,Application-30,M_Req,missing_destination,55,Application-30-Service,EndDevice-30,Application-30-Service,71400
27337,Application-32,M_Req,missing_destination,57,Application-32-Service,EndDevice-32,Application-32-Service,71400
27341,Application-10,M_Req,missing_destination,35,Application-10-Service,EndDevice-10,Application-10-Service,71400
27342,Application-12,M_Req,missing_destination,37,Application-12-Service,EndDevice-12,Application-12-Service,71400
27389,Application-10,M_Req,missing_destination,35,Application-10-Service,EndDevice-10,Application-10-Service,71500
27390,Application-12,M_Req,missing_destination,37,Application-12-Service,EndDevice-12,Application-12-Service,71500
27493,Application-42,M_Req,missing_destination,67,Application-42-Service,EndDevice-42,Application-42-Service,71900
27495,Application-29,M_Req,missing_destination,54,Application-29-Service,EndDevice-29,Application-29-Service,71900
27496,Application-27,M_Req,missing_destination,52,Application-27-Service,EndDevice-27,Application-27-Service,71900
27499,Application-44,M_Req,missing_destination,69,Application-44-Service,EndDevice-44,Application-44-Service,71900
27504,Application-20,M_Req,missing_destination,45,Application-20-Service,EndDevice-20,Application-20-Service,71900
27506,Application-15,M_Req,missing_destination,40,Application-15-Service,EndDevice-15,Application-15-Service,71900
27507,Application-16,M_Req,missing_destination,41,Application-16-Service,EndDevice-16,Application-16-Service,71900
27508,Application-26,M_Req,missing_destination,51,Application-26-Service,EndDevice-26,Application-26-Service,71900
27509,Application-31,M_Req,missing_destination,56,Application-31-Service,EndDevice-31,Application-31-Service,71900
27510,Application-19,M_Req,missing_destination,44,Application-19-Service,EndDevice-19,Application-19-Service,71900
27511,Application-35,M_Req,missing_destination,60,Application-35-Service,EndDevice-35,Application-35-Service,71900
27512,Application-36,M_Req,missing_destination,61,Application-36-Service,EndDevice-36,Application-36-Service,71900
27514,Application-1,M_Req,missing_destination,26,Application-1-Service,EndDevice-1,Application-1-Service,71900
27515,Application-30,M_Req,missing_destination,55,Application-30-Service,EndDevice-30,Application-30-Service,71900
27516,Application-25,M_Req,missing_destination,50,Application-25-Service,EndDevice-25,Application-25-Service,71900
27517,Application-14,M_Req,missing_destination,39,Application-14-Service,EndDevice-14,Application-14-Service,71900
27518,Application-13,M_Req,missing_destination,38,Application-13-Service,EndDevice-13,Application-13-Service,71900
27519,Application-18,M_Req,missing_destination,43,Application-18-Service,EndDevice-18,Application-18-Service,71900
27520,Application-32,M_Req,missing_destination,57,Application-32-Service,EndDevice-32,Application-32-Service,71900
27521,Application-17,M_Req,missing_destination,42,Application-17-Service,EndDevice-17,Application-17-Service,71900
27523,Application-10,M_Req,missing_destination,35,Application-10-Service,EndDevice-10,Application-10-Service,71900
27524,Application-12,M_Req,missing_destination,37,Application-12-Service,EndDevice-12,Application-12-Service,71900
27526,Application-41,M_Req,missing_destination,66,Application-41-Service,EndDevice-41,Application-41-Service,71900
27527,Application-8,M_Req,missing_destination,33,Application-8-Service,EndDevice-8,Application-8-Service,71900
27528,Application-6,M_Req,missing_destination,31,Application-6-Service,EndDevice-6,Application-6-Service,71900
27529,Application-43,M_Req,missing_destination,68,Application-43-Service,EndDevice-43,Application-43-Service,71900
27531,Application-5,M_Req,missing_destination,30,Application-5-Service,EndDevice-5,Application-5-Service,71900
27533,Application-28,M_Req,missing_destination,53,Application-28-Service,EndDevice-28,Application-28-Service,71900
27534,Application-34,M_Req,missing_destination,59,Application-34-Service,EndDevice-34,Application-34-Service,71900
27538,Application-33,M_Req,missing_destination,58,Application-33-Service,EndDevice-33,Application-33-Service,71900
27541,Application-42,M_Req,missing_destination,67,Application-42-Service,EndDevice-42,Application-42-Service,72000
27542,Application-29,M_Req,missing_destination,54,Application-29-Service,EndDevice-29,Application-29-Service,72000
27545,Application-44,M_Req,missing_destination,69,Application-44-Service,EndDevice-44,Application-44-Service,72000
27550,Application-20,M_Req,missing_destination,45,Application-20-Service,EndDevice-20,Application-20-Service,72000
27552,Application-31,M_Req,missing_destination,56,Application-31-Service,EndDevice-31,Application-31-Service,72000
27553,Application-19,M_Req,missing_destination,44,Application-19-Service,EndDevice-19,Application-19-Service,72000
27554,Application-36,M_Req,missing_destination,61,Application-36-Service,EndDevice-36,Application-36-Service,72000
27556,Application-1,M_Req,missing_destination,26,Application-1-Service,EndDevice-1,Application-1-Service,72000
27557,Application-30,M_Req,missing_destination,55,Application-30-Service,EndDevice-30,Application-30-Service,72000
27558,Application-25,M_Req,missing_destination,50,Application-25-Service,EndDevice-25,Application-25-Service,72000
27559,Application-14,M_Req,missing_destination,39,Application-14-Service,EndDevice-14,Application-14-Service,72000
27560,Application-13,M_Req,missing_destination,38,Application-13-Service,EndDevice-13,Application-13-Service,72000
27561,Application-18,M_Req,missing_destination,43,Application-18-Service,EndDevice-18,Application-18-Service,72000
27562,Application-17,M_Req,missing_destination,42,Application-17-Service,EndDevice-17,Application-17-Service,72000
27564,Application-10,M_Req,missing_destination,35,Application-10-Service,EndDevice-10,Application-10-Service,72000
27565,Application-12,M_Req,missing_destination,37,Application-12-Service,EndDevice-12,Application-12-Service,72000
27567,Application-41,M_Req,missing_destination,66,Application-41-Service,EndDevice-41,Application-41-Service,72000
27568,Application-8,M_Req,missing_destination,33,Application-8-Service,EndDevice-8,Application-8-Service,72000
27569,Application-6,M_Req,missing_destination,31,Application-6-Service,EndDevice-6,Application-6-Service,72000
27570,Application-43,M_Req,missing_destination,68,Application-43-Service,EndDevice-43,Application-43-Service,72000
27572,Application-5,M_Req,missing_destination,30,Application-5-Service,EndDevice-5,Application-5-Service,72000
27959,Application-31,M_Req,missing_destination,56,Application-31-Service,EndDevice-31,Application-31-Service,73100
27965,Application-29,M_Req,missing_destination,54,Application-29-Service,EndDevice-29,Application-29-Service,73100
27977,Application-39,M_Req,missing_destination,64,Application-39-Service,EndDevice-39,Application-39-Service,73100
27981,Application-38,M_Req,missing_destination,63,Application-38-Service,EndDevice-38,Application-38-Service,73100
28005,Application-31,M_Req,missing_destination,56,Application-31-Service,EndDevice-31,Application-31-Service,73200
28011,Application-29,M_Req,missing_destination,54,Application-29-Service,EndDevice-29,Application-29-Service,73200
28021,Application-39,M_Req,missing_destination,64,Application-39-Service,EndDevice-39,Application-39-Service,73200
28099,Application-31,M_Req,missing_destination,56,Application-31-Service,EndDevice-31,Application-31-Service,73400
28101,Application-36,M_Req,missing_destination,61,Application-36-Service,EndDevice-36,Application-36-Service,73400
28106,Application-35,M_Req,missing_destination,60,Application-35-Service,EndDevice-35,Application-35-Service,73400
28108,Application-34,M_Req,missing_destination,59,Application-34-Service,EndDevice-34,Application-34-Service,73400
28110,Application-21,M_Req,missing_destination,46,Application-21-Service,EndDevice-21,Application-21-Service,73500
28116,Application-23,M_Req,missing_destination,48,Application-23-Service,EndDevice-23,Application-23-Service,73500
28147,Application-31,M_Req,missing_destination,56,Application-31-Service,EndDevice-31,Application-31-Service,73500
28149,Application-36,M_Req,missing_destination,61,Application-36-Service,EndDevice-36,Application-36-Service,73500
28154,Application-35,M_Req,missing_destination,60,Application-35-Service,EndDevice-35,Application-35-Service,73500
28156,Application-34,M_Req,missing_destination,59,Application-34-Service,EndDevice-34,Application-34-Service,73500
28158,Application-21,M_Req,missing_destination,46,Application-21-Service,EndDevice-21,Application-21-Service,73600
28162,Application-23,M_Req,missing_destination,48,Application-23-Service,EndDevice-23,Application-23-Service,73600
28206,Application-21,M_Req,missing_destination,46,Application-21-Service,EndDevice-21,Application-21-Service,73700
28210,Application-23,M_Req,missing_destination,48,Application-23-Service,EndDevice-23,Application-23-Service,73700
28212,Application-45,M_Req,missing_destination,70,Application-45-Service,EndDevice-45,Application-45-Service,73700
28254,Application-21,M_Req,missing_destination,46,Application-21-Service,EndDevice-21,Application-21-Service,73800
28257,Application-23,M_Req,missing_destination,48,Application-23-Service,EndDevice-23,Application-23-Service,73800
28259,Application-45,M_Req,missing_destination,70,Application-45-Service,EndDevice-45,Application-45-Service,73800
28302,Application-21,M_Req,missing_destination,46,Application-21-Service,EndDevice-21,Application-21-Service,73900
28305,Application-23,M_Req,missing_destination,48,Application-23-Service,EndDevice-23,Application-23-Service,73900
28416,Application-31,M_Req,missing_destination,56,Application-31-Service,EndDevice-31,Application-31-Service,74300
28428,Application-3,M_Req,missing_destination,28,Application-3-Service,EndDevice-3,Application-3-Service,74300
28437,Application-21,M_Req,missing_destination,46,Application-21-Service,EndDevice-21,Application-21-Service,74300
28439,Application-23,M_Req,missing_destination,48,Application-23-Service,EndDevice-23,Application-23-Service,74300
28443,Application-29,M_Req,missing_destination,54,Application-29-Service,EndDevice-29,Application-29-Service,74300
28447,Application-32,M_Req,missing_destination,57,Application-32-Service,EndDevice-32,Application-32-Service,74300
28451,Application-2,M_Req,missing_destination,27,Application-2-Service,EndDevice-2,Application-2-Service,74300
28453,Application-46,M_Req,missing_destination,71,Application-46-Service,EndDevice-46,Application-46-Service,74300
28454,Application-30,M_Req,missing_destination,55,Application-30-Service,EndDevice-30,Application-30-Service,74300
28455,Application-25,M_Req,missing_destination,50,Application-25-Service,EndDevice-25,Application-25-Service,74300
28456,Application-18,M_Req,missing_destination,43,Application-18-Service,EndDevice-18,Application-18-Service,74300
28458,Application-26,M_Req,missing_destination,51,Application-26-Service,EndDevice-26,Application-26-Service,74300
28459,Application-20,M_Req,missing_destination,45,Application-20-Service,EndDevice-20,Application-20-Service,74300
28461,Application-11,M_Req,missing_destination,36,Application-11-Service,EndDevice-11,Application-11-Service,74300
28462,Application-43,M_Req,missing_destination,68,Application-43-Service,EndDevice-43,Application-43-Service,74300
28463,Application-28,M_Req,missing_destination,53,Application-28-Service,EndDevice-28,Application-28-Service,74300
28464,Application-31,M_Req,missing_destination,56,Application-31-Service,EndDevice-31,Application-31-Service,74400
28476,Application-3,M_Req,missing_destination,28,Application-3-Service,EndDevice-3,Application-3-Service,74400
28484,Application-23,M_Req,missing_destination,48,Application-23-Service,EndDevice-23,Application-23-Service,74400
28488,Application-32,M_Req,missing_destination,57,Application-32-Service,EndDevice-32,Application-32-Service,74400
28554,Application-31,M_Req,missing_destination,56,Application-31-Service,EndDevice-31,Application-31-Service,74600
28564,Application-3,M_Req,missing_destination,28,Application-3-Service,EndDevice-3,Application-3-Service,74600
28565,Application-13,M_Req,missing_destination,38,Application-13-Service,EndDevice-13,Application-13-Service,74600
28566,Application-27,M_Req,missing_destination,52,Application-27-Service,EndDevice-27,Application-27-Service,74600
28569,Application-9,M_Req,missing_destination,34,Application-9-Service,EndDevice-9,Application-9-Service,74600
28573,Application-16,M_Req,missing_destination,41,Application-16-Service,EndDevice-16,Application-16-Service,74700
28574,Application-19,M_Req,missing_destination,44,Application-19-Service,EndDevice-19,Application-19-Service,74700
28575,Application-32,M_Req,missing_destination,57,Application-32-Service,EndDevice-32,Application-32-Service,74700
28576,Application-10,M_Req,missing_destination,35,Application-10-Service,EndDevice-10,Application-10-Service,74700
28578,Application-12,M_Req,missing_destination,37,Application-12-Service,EndDevice-12,Application-12-Service,74700
28602,Application-31,M_Req,missing_destination,56,Application-31-Service,EndDevice-31,Application-31-Service,74700
28612,Application-3,M_Req,missing_destination,28,Application-3-Service,EndDevice-3,Application-3-Service,74700
28613,Application-13,M_Req,missing_destination,38,Application-13-Service,EndDevice-13,Application-13-Service,74700
28614,Application-27,M_Req,missing_destination,52,Application-27-Service,EndDevice-27,Application-27-Service,74700
28617,Application-9,M_Req,missing_destination,34,Application-9-Service,EndDevice-9,Application-9-Service,74700
28689,Application-45,M_Req,missing_destination,70,Application-45-Service,EndDevice-45,Application-45-Service,74900
29795,Application-39,M_Req,missing_destination,64,Application-39-Service,EndDevice-39,Application-39-Service,77900
29802,Application-23,M_Req,missing_destination,48,Application-23-Service,EndDevice-23,Application-23-Service,77900
29810,Application-40,M_Req,missing_destination,65,Application-40-Service,EndDevice-40,Application-40-Service,77900
29815,Application-33,M_Req,missing_destination,58,Application-33-Service,EndDevice-33,Application-33-Service,77900
29816,Application-2,M_Req,missing_destination,27,Application-2-Service,EndDevice-2,Application-2-Service,77900
29819,Application-41,M_Req,missing_destination,66,Application-41-Service,EndDevice-41,Application-41-Service,77900
29829,Application-22,M_Req,missing_destination,47,Application-22-Service,EndDevice-22,Application-22-Service,77900
29830,Application-34,M_Req,missing_destination,59,Application-34-Service,EndDevice-34,Application-34-Service,77900
29831,Application-25,M_Req,missing_destination,50,Application-25-Service,EndDevice-25,Application-25-Service,77900
29832,Application-38,M_Req,missing_destination,63,Application-38-Service,EndDevice-38,Application-38-Service,77900
29833,Application-3,M_Req,missing_destination,28,Application-3-Service,EndDevice-3,Application-3-Service,77900
29834,Application-48,M_Req,missing_destination,73,Application-48-Service,EndDevice-48,Application-48-Service,77900
29835,Application-26,M_Req,missing_destination,51,Application-26-Service,EndDevice-26,Application-26-Service,77900
29836,Application-45,M_Req,missing_destination,70,Application-45-Service,EndDevice-45,Application-45-Service,77900
29837,Application-37,M_Req,missing_destination,62,Application-37-Service,EndDevice-37,Application-37-Service,77900
29838,Application-21,M_Req,missing_destination,46,Application-21-Service,EndDevice-21,Application-21-Service,77900
29839,Application-17,M_Req,missing_destination,42,Application-17-Service,EndDevice-17,Application-17-Service,77900
29840,Application-28,M_Req,missing_destination,53,Application-28-Service,EndDevice-28,Application-28-Service,77900
29842,Application-24,M_Req,missing_destination,49,Application-24-Service,EndDevice-24,Application-24-Service,77900
29847,Application-23,M_Req,missing_destination,48,Application-23-Service,EndDevice-23,Application-23-Service,78000
29855,Application-40,M_Req,missing_destination,65,Application-40-Service,EndDevice-40,Application-40-Service,78000
29857,Application-33,M_Req,missing_destination,58,Application-33-Service,EndDevice-33,Application-33-Service,78000
29858,Application-2,M_Req,missing_destination,27,Application-2-Service,EndDevice-2,Application-2-Service,78000
29861,Application-41,M_Req,missing_destination,66,Application-41-Service,EndDevice-41,Application-41-Service,78000
29903,Application-40,M_Req,missing_destination,65,Application-40-Service,EndDevice-40,Application-40-Service,78100
29909,Application-41,M_Req,missing_destination,66,Application-41-Service,EndDevice-41,Application-41-Service,78100
29946,Application-40,M_Req,missing_destination,65,Application-40-Service,EndDevice-40,Application-40-Service,78200
29994,Application-40,M_Req,missing_destination,65,Application-40-Service,EndDevice-40,Application-40-Service,78300
30157,Application-43,M_Req,missing_destination,68,Application-43-Service,EndDevice-43,Application-43-Service,78800
30158,Application-42,M_Req,missing_destination,67,Application-42-Service,EndDevice-42,Application-42-Service,78800
30162,Application-44,M_Req,missing_destination,69,Application-44-Service,EndDevice-44,Application-44-Service,78800
30171,Application-41,M_Req,missing_destination,66,Application-41-Service,EndDevice-41,Application-41-Service,78800
30178,Application-7,M_Req,missing_destination,32,Application-7-Service,EndDevice-7,Application-7-Service,78900
30183,Application-5,M_Req,missing_destination,30,Application-5-Service,EndDevice-5,Application-5-Service,78900
30205,Application-43,M_Req,missing_destination,68,Application-43-Service,EndDevice-43,Application-43-Service,78900
30206,Application-42,M_Req,missing_destination,67,Application-42-Service,EndDevice-42,Application-42-Service,78900
30210,Application-44,M_Req,missing_destination,69,Application-44-Service,EndDevice-44,Application-44-Service,78900
30219,Application-41,M_Req,missing_destination,66,Application-41-Service,EndDevice-41,Application-41-Service,78900
30283,Application-25,M_Req,missing_destination,50,Application-25-Service,EndDevice-25,Application-25-Service,79100
30386,Application-6,M_Req,missing_destination,31,Application-6-Service,EndDevice-6,Application-6-Service,79400
30407,Application-7,M_Req,missing_destination,32,Application-7-Service,EndDevice-7,Application-7-Service,79500
30408,Application-27,M_Req,missing_destination,52,Application-27-Service,EndDevice-27,Application-27-Service,79500
30410,Application-5,M_Req,missing_destination,30,Application-5-Service,EndDevice-5,Application-5-Service,79500
30434,Application-6,M_Req,missing_destination,31,Application-6-Service,EndDevice-6,Application-6-Service,79500
30506,Application-11,M_Req,missing_destination,36,Application-11-Service,EndDevice-11,Application-11-Service,79700
30507,Application-47,M_Req,missing_destination,72,Application-47-Service,EndDevice-47,Application-47-Service,79700
30508,Application-12,M_Req,missing_destination,37,Application-12-Service,EndDevice-12,Application-12-Service,79700
30518,Application-48,M_Req,missing_destination,73,Application-48-Service,EndDevice-48,Application-48-Service,79700
30527,Application-9,M_Req,missing_destination,34,Application-9-Service,EndDevice-9,Application-9-Service,79700
30530,Application-10,M_Req,missing_destination,35,Application-10-Service,EndDevice-10,Application-10-Service,79700
30549,Application-11,M_Req,missing_destination,36,Application-11-Service,EndDevice-11,Application-11-Service,79800
30550,Application-47,M_Req,missing_destination,72,Application-47-Service,EndDevice-47,Application-47-Service,79800
31170,Application-17,M_Req,missing_destination,42,Application-17-Service,EndDevice-17,Application-17-Service,81500
31171,Application-2,M_Req,missing_destination,27,Application-2-Service,EndDevice-2,Application-2-Service,81500
31172,Application-16,M_Req,missing_destination,41,Application-16-Service,EndDevice-16,Application-16-Service,81500
31173,Application-41,M_Req,missing_destination,66,Application-41-Service,EndDevice-41,Application-41-Service,81500
31174,Application-19,M_Req,missing_destination,44,Application-19-Service,EndDevice-19,Application-19-Service,81500
31176,Application-6,M_Req,missing_destination,31,Application-6-Service,EndDevice-6,Application-6-Service,81500
31178,Application-13,M_Req,missing_destination,38,Application-13-Service,EndDevice-13,Application-13-Service,81500
31179,Application-33,M_Req,missing_destination,58,Application-33-Service,EndDevice-33,Application-33-Service,81500
31180,Application-9,M_Req,missing_destination,34,Application-9-Service,EndDevice-9,Application-9-Service,81500
31182,Application-10,M_Req,missing_destination,35,Application-10-Service,EndDevice-10,Application-10-Service,81500
31183,Application-15,M_Req,missing_destination,40,Application-15-Service,EndDevice-15,Application-15-Service,81500
31184,Application-7,M_Req,missing_destination,32,Application-7-Service,EndDevice-7,Application-7-Service,81500
31187,Application-44,M_Req,missing_destination,69,Application-44-Service,EndDevice-44,Application-44-Service,81500
31189,Application-20,M_Req,missing_destination,45,Application-20-Service,EndDevice-20,Application-20-Service,81500
31190,Application-3,M_Req,missing_destination,28,Application-3-Service,EndDevice-3,Application-3-Service,81500
31192,Application-8,M_Req,missing_destination,33,Application-8-Service,EndDevice-8,Application-8-Service,81500
31193,Application-5,M_Req,missing_destination,30,Application-5-Service,EndDevice-5,Application-5-Service,81500
31197,Application-24,M_Req,missing_destination,49,Application-24-Service,EndDevice-24,Application-24-Service,81500
31200,Application-32,M_Req,missing_destination,57,Application-32-Service,EndDevice-32,Application-32-Service,81500
31201,Application-43,M_Req,missing_destination,68,Application-43-Service,EndDevice-43,Application-43-Service,81500
31202,Application-11,M_Req,missing_destination,36,Application-11-Service,EndDevice-11,Application-11-Service,81500
31203,Application-22,M_Req,missing_destination,47,Application-22-Service,EndDevice-22,Application-22-Service,81500
31204,Application-42,M_Req,missing_destination,67,Application-42-Service,EndDevice-42,Application-42-Service,81500
31205,Application-35,M_Req,missing_destination,60,Application-35-Service,EndDevice-35,Application-35-Service,81500
31206,Application-30,M_Req,missing_destination,55,Application-30-Service,EndDevice-30,Application-30-Service,81500
31207,Application-36,M_Req,missing_destination,61,Application-36-Service,EndDevice-36,Application-36-Service,81500
31208,Application-12,M_Req,missing_destination,37,Application-12-Service,EndDevice-12,Application-12-Service,81500
31209,Application-37,M_Req,missing_destination,62,Application-37-Service,EndDevice-37,Application-37-Service,81500
31212,Application-40,M_Req,missing_destination,65,Application-40-Service,EndDevice-40,Application-40-Service,81500
31213,Application-34,M_Req,missing_destination,59,Application-34-Service,EndDevice-34,Application-34-Service,81500
31214,Application-18,M_Req,missing_destination,43,Application-18-Service,EndDevice-18,Application-18-Service,81500
31215,Application-1,M_Req,missing_destination,26,Application-1-Service,EndDevice-1,Application-1-Service,81500
31216,Application-14,M_Req,missing_destination,39,Application-14-Service,EndDevice-14,Application-14-Service,81500
31217,Application-38,M_Req,missing_destination,63,Application-38-Service,EndDevice-38,Application-38-Service,81500
31218,Application-17,M_Req,missing_destination,42,Application-17-Service,EndDevice-17,Application-17-Service,81600
31219,Application-2,M_Req,missing_destination,27,Application-2-Service,EndDevice-2,Application-2-Service,81600
31220,Application-16,M_Req,missing_destination,41,Application-16-Service,EndDevice-16,Application-16-Service,81600
31221,Application-41,M_Req,missing_destination,66,Application-41-Service,EndDevice-41,Application-41-Service,81600
31222,Application-19,M_Req,missing_destination,44,Application-19-Service,EndDevice-19,Application-19-Service,81600
31224,Application-6,M_Req,missing_destination,31,Application-6-Service,EndDevice-6,Application-6-Service,81600
31226,Application-13,M_Req,missing_destination,38,Application-13-Service,EndDevice-13,Application-13-Service,81600
31227,Application-33,M_Req,missing_destination,58,Application-33-Service,EndDevice-33,Application-33-Service,81600
31229,Application-10,M_Req,missing_destination,35,Application-10-Service,EndDevice-10,Application-10-Service,81600
31230,Application-15,M_Req,missing_destination,40,Application-15-Service,EndDevice-15,Application-15-Service,81600
31234,Application-20,M_Req,missing_destination,45,Application-20-Service,EndDevice-20,Application-20-Service,81600
31235,Application-3,M_Req,missing_destination,28,Application-3-Service,EndDevice-3,Application-3-Service,81600
31237,Application-8,M_Req,missing_destination,33,Application-8-Service,EndDevice-8,Application-8-Service,81600
31240,Application-24,M_Req,missing_destination,49,Application-24-Service,EndDevice-24,Application-24-Service,81600
31243,Application-43,M_Req,missing_destination,68,Application-43-Service,EndDevice-43,Application-43-Service,81600
31244,Application-11,M_Req,missing_destination,36,Application-11-Service,EndDevice-11,Application-11-Service,81600
31245,Application-22,M_Req,missing_destination,47,Application-22-Service,EndDevice-22,Application-22-Service,81600
31246,Application-42,M_Req,missing_destination,67,Application-42-Service,EndDevice-42,Application-42-Service,81600
31296,Application-36,M_Req,missing_destination,61,Application-36-Service,EndDevice-36,Application-36-Service,81800
31297,Application-12,M_Req,missing_destination,37,Application-12-Service,EndDevice-12,Application-12-Service,81800
31299,Application-21,M_Req,missing_destination,46,Application-21-Service,EndDevice-21,Application-21-Service,81800
31301,Application-34,M_Req,missing_destination,59,Application-34-Service,EndDevice-34,Application-34-Service,81800
31302,Application-14,M_Req,missing_destination,39,Application-14-Service,EndDevice-14,Application-14-Service,81800
31304,Application-7,M_Req,missing_destination,32,Application-7-Service,EndDevice-7,Application-7-Service,81800
31306,Application-5,M_Req,missing_destination,30,Application-5-Service,EndDevice-5,Application-5-Service,81800
31307,Application-1,M_Req,missing_destination,26,Application-1-Service,EndDevice-1,Application-1-Service,81800
31308,Application-9,M_Req,missing_destination,34,Application-9-Service,EndDevice-9,Application-9-Service,81800
31310,Application-18,M_Req,missing_destination,43,Application-18-Service,EndDevice-18,Application-18-Service,81800
31311,Application-44,M_Req,missing_destination,69,Application-44-Service,EndDevice-44,Application-44-Service,81800
31312,Application-17,M_Req,missing_destination,42,Application-17-Service,EndDevice-17,Application-17-Service,81800
31313,Application-2,M_Req,missing_destination,27,Application-2-Service,EndDevice-2,Application-2-Service,81800
31314,Application-16,M_Req,missing_destination,41,Application-16-Service,EndDevice-16,Application-16-Service,81800
31315,Application-19,M_Req,missing_destination,44,Application-19-Service,EndDevice-19,Application-19-Service,81800
31318,Application-13,M_Req,missing_destination,38,Application-13-Service,EndDevice-13,Application-13-Service,81800
31319,Application-10,M_Req,missing_destination,35,Application-10-Service,EndDevice-10,Application-10-Service,81800
31320,Application-15,M_Req,missing_destination,40,Application-15-Service,EndDevice-15,Application-15-Service,81800
31321,Application-4,M_Req,missing_destination,29,Application-4-Service,EndDevice-4,Application-4-Service,81800
31322,Application-23,M_Req,missing_destination,48,Application-23-Service,EndDevice-23,Application-23-Service,81800
31323,Application-20,M_Req,missing_destination,45,Application-20-Service,EndDevice-20,Application-20-Service,81900
31325,Application-8,M_Req,missing_destination,33,Application-8-Service,EndDevice-8,Application-8-Service,81900
31327,Application-24,M_Req,missing_destination,49,Application-24-Service,EndDevice-24,Application-24-Service,81900
31332,Application-22,M_Req,missing_destination,47,Application-22-Service,EndDevice-22,Application-22-Service,81900
31344,Application-36,M_Req,missing_destination,61,Application-36-Service,EndDevice-36,Application-36-Service,81900
31345,Application-12,M_Req,missing_destination,37,Application-12-Service,EndDevice-12,Application-12-Service,81900
31347,Application-21,M_Req,missing_destination,46,Application-21-Service,EndDevice-21,Application-21-Service,81900
31349,Application-34,M_Req,missing_destination,59,Application-34-Service,EndDevice-34,Application-34-Service,81900
31350,Application-14,M_Req,missing_destination,39,Application-14-Service,EndDevice-14,Application-14-Service,81900
31352,Application-7,M_Req,missing_destination,32,Application-7-Service,EndDevice-7,Application-7-Service,81900
31354,Application-5,M_Req,missing_destination,30,Application-5-Service,EndDevice-5,Application-5-Service,81900
31355,Application-1,M_Req,missing_destination,26,Application-1-Service,EndDevice-1,Application-1-Service,81900
31356,Application-9,M_Req,missing_destination,34,Application-9-Service,EndDevice-9,Application-9-Service,81900
31358,Application-18,M_Req,missing_destination,43,Application-18-Service,EndDevice-18,Application-18-Service,81900
31359,Application-44,M_Req,missing_destination,69,Application-44-Service,EndDevice-44,Application-44-Service,81900
31360,Application-17,M_Req,missing_destination,42,Application-17-Service,EndDevice-17,Application-17-Service,81900
31361,Application-2,M_Req,missing_destination,27,Application-2-Service,EndDevice-2,Application-2-Service,81900
31362,Application-16,M_Req,missing_destination,41,Application-16-Service,EndDevice-16,Application-16-Service,81900
31363,Application-19,M_Req,missing_destination,44,Application-19-Service,EndDevice-19,Application-19-Service,81900
31366,Application-13,M_Req,missing_destination,38,Application-13-Service,EndDevice-13,Application-13-Service,81900
31367,Application-10,M_Req,missing_destination,35,Application-10-Service,EndDevice-10,Application-10-Service,81900
31368,Application-15,M_Req,missing_destination,40,Application-15-Service,EndDevice-15,Application-15-Service,81900
31369,Application-4,M_Req,missing_destination,29,Application-4-Service,EndDevice-4,Application-4-Service,81900
31370,Application-23,M_Req,missing_destination,48,Application-23-Service,EndDevice-23,Application-23-Service,81900
31422,Application-26,M_Req,missing_destination,51,Application-26-Service,EndDevice-26,Application-26-Service,82100
31465,Application-26,M_Req,missing_destination,51,Application-26-Service,EndDevice-26,Application-26-Service,82200
31513,Application-26,M_Req,missing_destination,51,Application-26-Service,EndDevice-26,Application-26-Service,82300
31527,Application-12,M_Req,missing_destination,37,Application-12-Service,EndDevice-12,Application-12-Service,82400
31540,Application-9,M_Req,missing_destination,34,Application-9-Service,EndDevice-9,Application-9-Service,82400
31542,Application-27,M_Req,missing_destination,52,Application-27-Service,EndDevice-27,Application-27-Service,82400
31548,Application-28,M_Req,missing_destination,53,Application-28-Service,EndDevice-28,Application-28-Service,82400
31549,Application-25,M_Req,missing_destination,50,Application-25-Service,EndDevice-25,Application-25-Service,82400
31554,Application-26,M_Req,missing_destination,51,Application-26-Service,EndDevice-26,Application-26-Service,82500
31560,Application-3,M_Req,missing_destination,28,Application-3-Service,EndDevice-3,Application-3-Service,82500
31575,Application-12,M_Req,missing_destination,37,Application-12-Service,EndDevice-12,Application-12-Service,82500
31588,Application-9,M_Req,missing_destination,34,Application-9-Service,EndDevice-9,Application-9-Service,82500
31590,Application-27,M_Req,missing_destination,52,Application-27-Service,EndDevice-27,Application-27-Service,82500
31596,Application-28,M_Req,missing_destination,53,Application-28-Service,EndDevice-28,Application-28-Service,82500
31597,Application-25,M_Req,missing_destination,50,Application-25-Service,EndDevice-25,Application-25-Service,82500
31640,Application-2,M_Req,missing_destination,27,Application-2-Service,EndDevice-2,Application-2-Service,82700
31641,Application-35,M_Req,missing_destination,60,Application-35-Service,EndDevice-35,Application-35-Service,82700
31643,Application-26,M_Req,missing_destination,51,Application-26-Service,EndDevice-26,Application-26-Service,82700
31644,Application-24,M_Req,missing_destination,49,Application-24-Service,EndDevice-24,Application-24-Service,82700
31645,Application-23,M_Req,missing_destination,48,Application-23-Service,EndDevice-23,Application-23-Service,82700
31647,Application-20,M_Req,missing_destination,45,Application-20-Service,EndDevice-20,Application-20-Service,82700
31648,Application-22,M_Req,missing_destination,47,Application-22-Service,EndDevice-22,Application-22-Service,82700
31653,Application-33,M_Req,missing_destination,58,Application-33-Service,EndDevice-33,Application-33-Service,82700
31654,Application-3,M_Req,missing_destination,28,Application-3-Service,EndDevice-3,Application-3-Service,82700
31667,Application-30,M_Req,missing_destination,55,Application-30-Service,EndDevice-30,Application-30-Service,82700
31668,Application-36,M_Req,missing_destination,61,Application-36-Service,EndDevice-36,Application-36-Service,82700
31670,Application-34,M_Req,missing_destination,59,Application-34-Service,EndDevice-34,Application-34-Service,82700
31671,Application-14,M_Req,missing_destination,39,Application-14-Service,EndDevice-14,Application-14-Service,82700
31672,Application-32,M_Req,missing_destination,57,Application-32-Service,EndDevice-32,Application-32-Service,82700
31673,Application-5,M_Req,missing_destination,30,Application-5-Service,EndDevice-5,Application-5-Service,82700
31674,Application-1,M_Req,missing_destination,26,Application-1-Service,EndDevice-1,Application-1-Service,82700
31676,Application-29,M_Req,missing_destination,54,Application-29-Service,EndDevice-29,Application-29-Service,82700
31677,Application-17,M_Req,missing_destination,42,Application-17-Service,EndDevice-17,Application-17-Service,82700
31678,Application-15,M_Req,missing_destination,40,Application-15-Service,EndDevice-15,Application-15-Service,82700
31686,Application-2,M_Req,missing_destination,27,Application-2-Service,EndDevice-2,Application-2-Service,82800
31687,Application-35,M_Req,missing_destination,60,Application-35-Service,EndDevice-35,Application-35-Service,82800
31689,Application-24,M_Req,missing_destination,49,Application-24-Service,EndDevice-24,Application-24-Service,82800
31691,Application-20,M_Req,missing_destination,45,Application-20-Service,EndDevice-20,Application-20-Service,82800
31692,Application-22,M_Req,missing_destination,47,Application-22-Service,EndDevice-22,Application-22-Service,82800
31696,Application-33,M_Req,missing_destination,58,Application-33-Service,EndDevice-33,Application-33-Service,82800
31775,Application-2,M_Req,missing_destination,27,Application-2-Service,EndDevice-2,Application-2-Service,83000
31778,Application-24,M_Req,missing_destination,49,Application-24-Service,EndDevice-24,Application-24-Service,83000
31780,Application-20,M_Req,missing_destination,45,Application-20-Service,EndDevice-20,Application-20-Service,83000
31781,Application-22,M_Req,missing_destination,47,Application-22-Service,EndDevice-22,Application-22-Service,83000
31823,Application-2,M_Req,missing_destination,27,Application-2-Service,EndDevice-2,Application-2-Service,83100
31826,Application-24,M_Req,missing_destination,49,Application-24-Service,EndDevice-24,Application-24-Service,83100
31828,Application-20,M_Req,missing_destination,45,Application-20-Service,EndDevice-20,Application-20-Service,83100
31829,Application-22,M_Req,missing_destination,47,Application-22-Service,EndDevice-22,Application-22-Service,83100
31989,Application-28,M_Req,missing_destination,53,Application-28-Service,EndDevice-28,Application-28-Service,83600
31994,Application-25,M_Req,missing_destination,50,Application-25-Service,EndDevice-25,Application-25-Service,83600
31997,Application-27,M_Req,missing_destination,52,Application-27-Service,EndDevice-27,Application-27-Service,83600
31999,Application-6,M_Req,missing_destination,31,Application-6-Service,EndDevice-6,Application-6-Service,83600
32001,Application-8,M_Req,missing_destination,33,Application-8-Service,EndDevice-8,Application-8-Service,83600
32004,Application-31,M_Req,missing_destination,56,Application-31-Service,EndDevice-31,Application-31-Service,83600
32010,Application-32,M_Req,missing_destination,57,Application-32-Service,EndDevice-32,Application-32-Service,83600
32020,Application-7,M_Req,missing_destination,32,Application-7-Service,EndDevice-7,Application-7-Service,83700
32037,Application-28,M_Req,missing_destination,53,Application-28-Service,EndDevice-28,Application-28-Service,83700
32042,Application-25,M_Req,missing_destination,50,Application-25-Service,EndDevice-25,Application-25-Service,83700
32045,Application-27,M_Req,missing_destination,52,Application-27-Service,EndDevice-27,Application-27-Service,83700
32047,Application-6,M_Req,missing_destination,31,Application-6-Service,EndDevice-6,Application-6-Service,83700
32049,Application-8,M_Req,missing_destination,33,Application-8-Service,EndDevice-8,Application-8-Service,83700
32052,Application-31,M_Req,missing_destination,56,Application-31-Service,EndDevice-31,Application-31-Service,83700
32058,Application-32,M_Req,missing_destination,57,Application-32-Service,EndDevice-32,Application-32-Service,83700
32090,Application-35,M_Req,missing_destination,60,Application-35-Service,EndDevice-35,Application-35-Service,83900
32229,Application-6,M_Req,missing_destination,31,Application-6-Service,EndDevice-6,Application-6-Service,84200
32230,Application-31,M_Req,missing_destination,56,Application-31-Service,EndDevice-31,Application-31-Service,84200
32232,Application-9,M_Req,missing_destination,34,Application-9-Service,EndDevice-9,Application-9-Service,84200
32233,Application-32,M_Req,missing_destination,57,Application-32-Service,EndDevice-32,Application-32-Service,84200
32234,Application-37,M_Req,missing_destination,62,Application-37-Service,EndDevice-37,Application-37-Service,84200
32277,Application-6,M_Req,missing_destination,31,Application-6-Service,EndDevice-6,Application-6-Service,84300
32278,Application-31,M_Req,missing_destination,56,Application-31-Service,EndDevice-31,Application-31-Service,84300
32280,Application-9,M_Req,missing_destination,34,Application-9-Service,EndDevice-9,Application-9-Service,84300
32281,Application-32,M_Req,missing_destination,57,Application-32-Service,EndDevice-32,Application-32-Service,84300
32282,Application-37,M_Req,missing_destination,62,Application-37-Service,EndDevice-37,Application-37-Service,84300
32319,Application-6,M_Req,missing_destination,31,Application-6-Service,EndDevice-6,Application-6-Service,84500
32321,Application-9,M_Req,missing_destination,34,Application-9-Service,EndDevice-9,Application-9-Service,84500
32323,Application-37,M_Req,missing_destination,62,Application-37-Service,EndDevice-37,Application-37-Service,84500
32324,Application-8,M_Req,missing_destination,33,Application-8-Service,EndDevice-8,Application-8-Service,84500
32326,Application-14,M_Req,missing_destination,39,Application-14-Service,EndDevice-14,Application-14-Service,84500
32327,Application-3,M_Req,missing_destination,28,Application-3-Service,EndDevice-3,Application-3-Service,84500
32328,Application-17,M_Req,missing_destination,42,Application-17-Service,EndDevice-17,Application-17-Service,84500
32329,Application-22,M_Req,missing_destination,47,Application-22-Service,EndDevice-22,Application-22-Service,84500
32330,Application-42,M_Req,missing_destination,67,Application-42-Service,EndDevice-42,Application-42-Service,84500
32339,Application-21,M_Req,missing_destination,46,Application-21-Service,EndDevice-21,Application-21-Service,84500
32341,Application-7,M_Req,missing_destination,32,Application-7-Service,EndDevice-7,Application-7-Service,84500
32342,Application-41,M_Req,missing_destination,66,Application-41-Service,EndDevice-41,Application-41-Service,84500
32343,Application-2,M_Req,missing_destination,27,Application-2-Service,EndDevice-2,Application-2-Service,84500
32345,Application-4,M_Req,missing_destination,29,Application-4-Service,EndDevice-4,Application-4-Service,84500
32346,Application-20,M_Req,missing_destination,45,Application-20-Service,EndDevice-20,Application-20-Service,84500
32347,Application-44,M_Req,missing_destination,69,Application-44-Service,EndDevice-44,Application-44-Service,84500
32348,Application-16,M_Req,missing_destination,41,Application-16-Service,EndDevice-16,Application-16-Service,84500
32350,Application-15,M_Req,missing_destination,40,Application-15-Service,EndDevice-15,Application-15-Service,84500
32351,Application-28,M_Req,missing_destination,53,Application-28-Service,EndDevice-28,Application-28-Service,84500
32353,Application-39,M_Req,missing_destination,64,Application-39-Service,EndDevice-39,Application-39-Service,84500
32354,Application-30,M_Req,missing_destination,55,Application-30-Service,EndDevice-30,Application-30-Service,84500
32355,Application-1,M_Req,missing_destination,26,Application-1-Service,EndDevice-1,Application-1-Service,84500
32356,Application-23,M_Req,missing_destination,48,Application-23-Service,EndDevice-23,Application-23-Service,84500
32357,Application-18,M_Req,missing_destination,43,Application-18-Service,EndDevice-18,Application-18-Service,84500
32358,Application-34,M_Req,missing_destination,59,Application-34-Service,EndDevice-34,Application-34-Service,84500
32359,Application-36,M_Req,missing_destination,61,Application-36-Service,EndDevice-36,Application-36-Service,84500
32360,Application-5,M_Req,missing_destination,30,Application-5-Service,EndDevice-5,Application-5-Service,84500
32361,Application-27,M_Req,missing_destination,52,Application-27-Service,EndDevice-27,Application-27-Service,84500
32362,Application-29,M_Req,missing_destination,54,Application-29-Service,EndDevice-29,Application-29-Service,84500
32363,Application-35,M_Req,missing_destination,60,Application-35-Service,EndDevice-35,Application-35-Service,84500
32364,Application-43,M_Req,missing_destination,68,Application-43-Service,EndDevice-43,Application-43-Service,84500
32365,Application-10,M_Req,missing_destination,35,Application-10-Service,EndDevice-10,Application-10-Service,84500
32366,Application-26,M_Req,missing_destination,51,Application-26-Service,EndDevice-26,Application-26-Service,84500
32367,Application-6,M_Req,missing_destination,31,Application-6-Service,EndDevice-6,Application-6-Service,84600
32369,Application-9,M_Req,missing_destination,34,Application-9-Service,EndDevice-9,Application-9-Service,84600
32371,Application-37,M_Req,missing_destination,62,Application-37-Service,EndDevice-37,Application-37-Service,84600
32373,Application-14,M_Req,missing_destination,39,Application-14-Service,EndDevice-14,Application-14-Service,84600
32374,Application-3,M_Req,missing_destination,28,Application-3-Service,EndDevice-3,Application-3-Service,84600
32375,Application-17,M_Req,missing_destination,42,Application-17-Service,EndDevice-17,Application-17-Service,84600
32376,Application-42,M_Req,missing_destination,67,Application-42-Service,EndDevice-42,Application-42-Service,84600
32386,Application-7,M_Req,missing_destination,32,Application-7-Service,EndDevice-7,Application-7-Service,84600
32387,Application-41,M_Req,missing_destination,66,Application-41-Service,EndDevice-41,Application-41-Service,84600
32388,Application-2,M_Req,missing_destination,27,Application-2-Service,EndDevice-2,Application-2-Service,84600
32390,Application-4,M_Req,missing_destination,29,Application-4-Service,EndDevice-4,Application-4-Service,84600
32391,Application-20,M_Req,missing_destination,45,Application-20-Service,EndDevice-20,Application-20-Service,84600
32392,Application-16,M_Req,missing_destination,41,Application-16-Service,EndDevice-16,Application-16-Service,84600
32393,Application-15,M_Req,missing_destination,40,Application-15-Service,EndDevice-15,Application-15-Service,84600
32394,Application-28,M_Req,missing_destination,53,Application-28-Service,EndDevice-28,Application-28-Service,84600
32396,Application-39,M_Req,missing_destination,64,Application-39-Service,EndDevice-39,Application-39-Service,84600
32585,Application-36,M_Req,missing_destination,61,Application-36-Service,EndDevice-36,Application-36-Service,85100
32589,Application-35,M_Req,missing_destination,60,Application-35-Service,EndDevice-35,Application-35-Service,85100
32591,Application-30,M_Req,missing_destination,55,Application-30-Service,EndDevice-30,Application-30-Service,85100
32919,Application-31,M_Req,missing_destination,56,Application-31-Service,EndDevice-31,Application-31-Service,86000
32921,Application-14,M_Req,missing_destination,39,Application-14-Service,EndDevice-14,Application-14-Service,86000
32922,Application-3,M_Req,missing_destination,28,Application-3-Service,EndDevice-3,Application-3-Service,86000
32923,Application-11,M_Req,missing_destination,36,Application-11-Service,EndDevice-11,Application-11-Service,86000
32924,Application-13,M_Req,missing_destination,38,Application-13-Service,EndDevice-13,Application-13-Service,86000
32925,Application-24,M_Req,missing_destination,49,Application-24-Service,EndDevice-24,Application-24-Service,86000
32929,Application-43,M_Req,missing_destination,68,Application-43-Service,EndDevice-43,Application-43-Service,86000
32932,Application-41,M_Req,missing_destination,66,Application-41-Service,EndDevice-41,Application-41-Service,86000
32933,Application-36,M_Req,missing_destination,61,Application-36-Service,EndDevice-36,Application-36-Service,86000
32934,Application-9,M_Req,missing_destination,34,Application-9-Service,EndDevice-9,Application-9-Service,86000
32938,Application-10,M_Req,missing_destination,35,Application-10-Service,EndDevice-10,Application-10-Service,86100
32939,Application-34,M_Req,missing_destination,59,Application-34-Service,EndDevice-34,Application-34-Service,86100
32940,Application-33,M_Req,missing_destination,58,Application-33-Service,EndDevice-33,Application-33-Service,86100
32967,Application-31,M_Req,missing_destination,56,Application-31-Service,EndDevice-31,Application-31-Service,86100
32969,Application-14,M_Req,missing_destination,39,Application-14-Service,EndDevice-14,Application-14-Service,86100
32970,Application-3,M_Req,missing_destination,28,Application-3-Service,EndDevice-3,Application-3-Service,86100
32971,Application-11,M_Req,missing_destination,36,Application-11-Service,EndDevice-11,Application-11-Service,86100
32972,Application-13,M_Req,missing_destination,38,Application-13-Service,EndDevice-13,Application-13-Service,86100
32973,Application-24,M_Req,missing_destination,49,Application-24-Service,EndDevice-24,Application-24-Service,86100
32977,Application-43,M_Req,missing_destination,68,Application-43-Service,EndDevice-43,Application-43-Service,86100
32980,Application-41,M_Req,missing_destination,66,Application-41-Service,EndDevice-41,Application-41-Service,86100
32981,Application-36,M_Req,missing_destination,61,Application-36-Service,EndDevice-36,Application-36-Service,86100
32982,Application-9,M_Req,missing_destination,34,Application-9-Service,EndDevice-9,Application-9-Service,86100
32986,Application-33,M_Req,missing_destination,58,Application-33-Service,EndDevice-33,Application-33-Service,86200
33031,Application-40,M_Req,missing_destination,65,Application-40-Service,EndDevice-40,Application-40-Service,86300
33034,Application-33,M_Req,missing_destination,58,Application-33-Service,EndDevice-33,Application-33-Service,86300
33073,Application-40,M_Req,missing_destination,65,Application-40-Service,EndDevice-40,Application-40-Service,86400
33121,Application-40,M_Req,missing_destination,65,Application-40-Service,EndDevice-40,Application-40-Service,86500
33250,Application-48,M_Req,missing_destination,73,Application-48-Service,EndDevice-48,Application-48-Service,86900
33251,Application-40,M_Req,missing_destination,65,Application-40-Service,EndDevice-40,Application-40-Service,86900
33252,Application-38,M_Req,missing_destination,63,Application-38-Service,EndDevice-38,Application-38-Service,86900
33254,Application-23,M_Req,missing_destination,48,Application-23-Service,EndDevice-23,Application-23-Service,86900
33256,Application-24,M_Req,missing_destination,49,Application-24-Service,EndDevice-24,Application-24-Service,86900
33257,Application-8,M_Req,missing_destination,33,Application-8-Service,EndDevice-8,Application-8-Service,86900
33258,Application-45,M_Req,missing_destination,70,Application-45-Service,EndDevice-45,Application-45-Service,86900
33259,Application-5,M_Req,missing_destination,30,Application-5-Service,EndDevice-5,Application-5-Service,86900
33265,Application-21,M_Req,missing_destination,46,Application-21-Service,EndDevice-21,Application-21-Service,86900
33296,Application-40,M_Req,missing_destination,65,Application-40-Service,EndDevice-40,Application-40-Service,87000
33297,Application-38,M_Req,missing_destination,63,Application-38-Service,EndDevice-38,Application-38-Service,87000
33300,Application-24,M_Req,missing_destination,49,Application-24-Service,EndDevice-24,Application-24-Service,87000
33301,Application-45,M_Req,missing_destination,70,Application-45-Service,EndDevice-45,Application-45-Service,87000
33306,Application-21,M_Req,missing_destination,46,Application-21-Service,EndDevice-21,Application-21-Service,87000
33939,Application-27,M_Req,missing_destination,52,Application-27-Service,EndDevice-27,Application-27-Service,88700
33943,Application-26,M_Req,missing_destination,51,Application-26-Service,EndDevice-26,Application-26-Service,88700
33950,Application-37,M_Req,missing_destination,62,Application-37-Service,EndDevice-37,Application-37-Service,88700
33953,Application-40,M_Req,missing_destination,65,Application-40-Service,EndDevice-40,Application-40-Service,88700
33959,Application-39,M_Req,missing_destination,64,Application-39-Service,EndDevice-39,Application-39-Service,88700
33972,Application-38,M_Req,missing_destination,63,Application-38-Service,EndDevice-38,Application-38-Service,88700
33976,Application-46,M_Req,missing_destination,71,Application-46-Service,EndDevice-46,Application-46-Service,88700
33977,Application-48,M_Req,missing_destination,73,Application-48-Service,EndDevice-48,Application-48-Service,88700
33986,Application-27,M_Req,missing_destination,52,Application-27-Service,EndDevice-27,Application-27-Service,88800
33996,Application-40,M_Req,missing_destination,65,Application-40-Service,EndDevice-40,Application-40-Service,88800
34002,Application-39,M_Req,missing_destination,64,Application-39-Service,EndDevice-39,Application-39-Service,88800
34034,Application-27,M_Req,missing_destination,52,Application-27-Service,EndDevice-27,Application-27-Service,88900
34044,Application-40,M_Req,missing_destination,65,Application-40-Service,EndDevice-40,Application-40-Service,88900
34050,Application-39,M_Req,missing_destination,64,Application-39-Service,EndDevice-39,Application-39-Service,88900
34062,Application-30,M_Req,missing_destination,55,Application-30-Service,EndDevice-30,Application-30-Service,89000
34070,Application-31,M_Req,missing_destination,56,Application-31-Service,EndDevice-31,Application-31-Service,89000
34071,Application-1,M_Req,missing_destination,26,Application-1-Service,EndDevice-1,Application-1-Service,89000
34072,Application-45,M_Req,missing_destination,70,Application-45-Service,EndDevice-45,Application-45-Service,89000
34073,Application-3,M_Req,missing_destination,28,Application-3-Service,EndDevice-3,Application-3-Service,89000
34075,Application-28,M_Req,missing_destination,53,Application-28-Service,EndDevice-28,Application-28-Service,89000
34076,Application-20,M_Req,missing_destination,45,Application-20-Service,EndDevice-20,Application-20-Service,89000
34077,Application-27,M_Req,missing_destination,52,Application-27-Service,EndDevice-27,Application-27-Service,89000
34078,Application-17,M_Req,missing_destination,42,Application-17-Service,EndDevice-17,Application-17-Service,89000
34079,Application-16,M_Req,missing_destination,41,Application-16-Service,EndDevice-16,Application-16-Service,89000
34080,Application-47,M_Req,missing_destination,72,Application-47-Service,EndDevice-47,Application-47-Service,89000
34110,Application-30,M_Req,missing_destination,55,Application-30-Service,EndDevice-30,Application-30-Service,89100
34118,Application-31,M_Req,missing_destination,56,Application-31-Service,EndDevice-31,Application-31-Service,89100
34119,Application-1,M_Req,missing_destination,26,Application-1-Service,EndDevice-1,Application-1-Service,89100
34120,Application-45,M_Req,missing_destination,70,Application-45-Service,EndDevice-45,Application-45-Service,89100
34121,Application-3,M_Req,missing_destination,28,Application-3-Service,EndDevice-3,Application-3-Service,89100
34123,Application-28,M_Req,missing_destination,53,Application-28-Service,EndDevice-28,Application-28-Service,89100
34124,Application-20,M_Req,missing_destination,45,Application-20-Service,EndDevice-20,Application-20-Service,89100
34125,Application-27,M_Req,missing_destination,52,Application-27-Service,EndDevice-27,Application-27-Service,89100
34126,Application-17,M_Req,missing_destination,42,Application-17-Service,EndDevice-17,Application-17-Service,89100
34127,Application-16,M_Req,missing_destination,41,Application-16-Service,EndDevice-16,Application-16-Service,89100
34128,Application-47,M_Req,missing_destination,72,Application-47-Service,EndDevice-47,Application-47-Service,89100
34150,Application-30,M_Req,missing_destination,55,Application-30-Service,EndDevice-30,Application-30-Service,89200
34173,Application-12,M_Req,missing_destination,37,Application-12-Service,EndDevice-12,Application-12-Service,89300
34193,Application-5,M_Req,missing_destination,30,Application-5-Service,EndDevice-5,Application-5-Service,89300
34194,Application-6,M_Req,missing_destination,31,Application-6-Service,EndDevice-6,Application-6-Service,89300
34198,Application-30,M_Req,missing_destination,55,Application-30-Service,EndDevice-30,Application-30-Service,89300
34202,Application-9,M_Req,missing_destination,34,Application-9-Service,EndDevice-9,Application-9-Service,89300
34218,Application-12,M_Req,missing_destination,37,Application-12-Service,EndDevice-12,Application-12-Service,89400
34430,Application-26,M_Req,missing_destination,51,Application-26-Service,EndDevice-26,Application-26-Service,89900
34435,Application-36,M_Req,missing_destination,61,Application-36-Service,EndDevice-36,Application-36-Service,89900
34626,Application-31,M_Req,missing_destination,56,Application-31-Service,EndDevice-31,Application-31-Service,90500
34627,Application-7,M_Req,missing_destination,32,Application-7-Service,EndDevice-7,Application-7-Service,90500
34644,Application-30,M_Req,missing_destination,55,Application-30-Service,EndDevice-30,Application-30-Service,90500
34672,Application-31,M_Req,missing_destination,56,Application-31-Service,EndDevice-31,Application-31-Service,90600
34673,Application-7,M_Req,missing_destination,32,Application-7-Service,EndDevice-7,Application-7-Service,90600
34686,Application-30,M_Req,missing_destination,55,Application-30-Service,EndDevice-30,Application-30-Service,90600
34758,Application-42,M_Req,missing_destination,67,Application-42-Service,EndDevice-42,Application-42-Service,90800
34763,Application-31,M_Req,missing_destination,56,Application-31-Service,EndDevice-31,Application-31-Service,90800
34764,Application-7,M_Req,missing_destination,32,Application-7-Service,EndDevice-7,Application-7-Service,90800
34767,Application-43,M_Req,missing_destination,68,Application-43-Service,EndDevice-43,Application-43-Service,90800
34806,Application-42,M_Req,missing_destination,67,Application-42-Service,EndDevice-42,Application-42-Service,90900
34811,Application-31,M_Req,missing_destination,56,Application-31-Service,EndDevice-31,Application-31-Service,90900
34812,Application-7,M_Req,missing_destination,32,Application-7-Service,EndDevice-7,Application-7-Service,90900
34815,Application-43,M_Req,missing_destination,68,Application-43-Service,EndDevice-43,Application-43-Service,90900
34994,Application-24,M_Req,missing_destination,49,Application-24-Service,EndDevice-24,Application-24-Service,91400
35001,Application-47,M_Req,missing_destination,72,Application-47-Service,EndDevice-47,Application-47-Service,91400
35042,Application-24,M_Req,missing_destination,49,Application-24-Service,EndDevice-24,Application-24-Service,91500
35049,Application-47,M_Req,missing_destination,72,Application-47-Service,EndDevice-47,Application-47-Service,91500
35074,Application-18,M_Req,missing_destination,43,Application-18-Service,EndDevice-18,Application-18-Service,91700
35075,Application-42,M_Req,missing_destination,67,Application-42-Service,EndDevice-42,Application-42-Service,91700
35076,Application-2,M_Req,missing_destination,27,Application-2-Service,EndDevice-2,Application-2-Service,91700
35077,Application-45,M_Req,missing_destination,70,Application-45-Service,EndDevice-45,Application-45-Service,91700
35080,Application-20,M_Req,missing_destination,45,Application-20-Service,EndDevice-20,Application-20-Service,91700
35081,Application-46,M_Req,missing_destination,71,Application-46-Service,EndDevice-46,Application-46-Service,91700
35084,Application-8,M_Req,missing_destination,33,Application-8-Service,EndDevice-8,Application-8-Service,91700
35085,Application-7,M_Req,missing_destination,32,Application-7-Service,EndDevice-7,Application-7-Service,91700
35086,Application-16,M_Req,missing_destination,41,Application-16-Service,EndDevice-16,Application-16-Service,91700
35088,Application-47,M_Req,missing_destination,72,Application-47-Service,EndDevice-47,Application-47-Service,91700
35091,Application-10,M_Req,missing_destination,35,Application-10-Service,EndDevice-10,Application-10-Service,91700
35093,Application-9,M_Req,missing_destination,34,Application-9-Service,EndDevice-9,Application-9-Service,91700
35094,Application-24,M_Req,missing_destination,49,Application-24-Service,EndDevice-24,Application-24-Service,91700
35095,Application-3,M_Req,missing_destination,28,Application-3-Service,EndDevice-3,Application-3-Service,91700
35096,Application-21,M_Req,missing_destination,46,Application-21-Service,EndDevice-21,Application-21-Service,91700
35098,Application-22,M_Req,missing_destination,47,Application-22-Service,EndDevice-22,Application-22-Service,91700
35099,Application-5,M_Req,missing_destination,30,Application-5-Service,EndDevice-5,Application-5-Service,91700
35100,Application-17,M_Req,missing_destination,42,Application-17-Service,EndDevice-17,Application-17-Service,91700
35101,Application-11,M_Req,missing_destination,36,Application-11-Service,EndDevice-11,Application-11-Service,91700
35103,Application-48,M_Req,missing_destination,73,Application-48-Service,EndDevice-48,Application-48-Service,91700
35104,Application-44,M_Req,missing_destination,69,Application-44-Service,EndDevice-44,Application-44-Service,91700
35105,Application-4,M_Req,missing_destination,29,Application-4-Service,EndDevice-4,Application-4-Service,91700
35106,Application-13,M_Req,missing_destination,38,Application-13-Service,EndDevice-13,Application-13-Service,91700
35108,Application-14,M_Req,missing_destination,39,Application-14-Service,EndDevice-14,Application-14-Service,91700
35109,Application-23,M_Req,missing_destination,48,Application-23-Service,EndDevice-23,Application-23-Service,91700
35112,Application-1,M_Req,missing_destination,26,Application-1-Service,EndDevice-1,Application-1-Service,91700
35114,Application-15,M_Req,missing_destination,40,Application-15-Service,EndDevice-15,Application-15-Service,91700
35116,Application-12,M_Req,missing_destination,37,Application-12-Service,EndDevice-12,Application-12-Service,91700
35117,Application-26,M_Req,missing_destination,51,Application-26-Service,EndDevice-26,Application-26-Service,91700
35118,Application-41,M_Req,missing_destination,66,Application-41-Service,EndDevice-41,Application-41-Service,91700
35119,Application-6,M_Req,missing_destination,31,Application-6-Service,EndDevice-6,Application-6-Service,91700
35120,Application-19,M_Req,missing_destination,44,Application-19-Service,EndDevice-19,Application-19-Service,91700
35121,Application-43,M_Req,missing_destination,68,Application-43-Service,EndDevice-43,Application-43-Service,91700
35122,Application-42,M_Req,missing_destination,67,Application-42-Service,EndDevice-42,Application-42-Service,91800
35123,Application-2,M_Req,missing_destination,27,Application-2-Service,EndDevice-2,Application-2-Service,91800
35124,Application-45,M_Req,missing_destination,70,Application-45-Service,EndDevice-45,Application-45-Service,91800
35126,Application-20,M_Req,missing_destination,45,Application-20-Service,EndDevice-20,Application-20-Service,91800
35127,Application-46,M_Req,missing_destination,71,Application-46-Service,EndDevice-46,Application-46-Service,91800
35130,Application-8,M_Req,missing_destination,33,Application-8-Service,EndDevice-8,Application-8-Service,91800
35131,Application-7,M_Req,missing_destination,32,Application-7-Service,EndDevice-7,Application-7-Service,91800
35132,Application-16,M_Req,missing_destination,41,Application-16-Service,EndDevice-16,Application-16-Service,91800
35134,Application-47,M_Req,missing_destination,72,Application-47-Service,EndDevice-47,Application-47-Service,91800
35137,Application-24,M_Req,missing_destination,49,Application-24-Service,EndDevice-24,Application-24-Service,91800
35138,Application-3,M_Req,missing_destination,28,Application-3-Service,EndDevice-3,Application-3-Service,91800
35139,Application-21,M_Req,missing_destination,46,Application-21-Service,EndDevice-21,Application-21-Service,91800
35141,Application-5,M_Req,missing_destination,30,Application-5-Service,EndDevice-5,Application-5-Service,91800
35142,Application-11,M_Req,missing_destination,36,Application-11-Service,EndDevice-11,Application-11-Service,91800
35144,Application-44,M_Req,missing_destination,69,Application-44-Service,EndDevice-44,Application-44-Service,91800
35145,Application-4,M_Req,missing_destination,29,Application-4-Service,EndDevice-4,Application-4-Service,91800
35146,Application-13,M_Req,missing_destination,38,Application-13-Service,EndDevice-13,Application-13-Service,91800
35148,Application-14,M_Req,missing_destination,39,Application-14-Service,EndDevice-14,Application-14-Service,91800
35339,Application-36,M_Req,missing_destination,61,Application-36-Service,EndDevice-36,Application-36-Service,92300
35434,Application-37,M_Req,missing_destination,62,Application-37-Service,EndDevice-37,Application-37-Service,92600
35443,Application-31,M_Req,missing_destination,56,Application-31-Service,EndDevice-31,Application-31-Service,92600
35450,Application-26,M_Req,missing_destination,51,Application-26-Service,EndDevice-26,Application-26-Service,92600
35454,Application-32,M_Req,missing_destination,57,Application-32-Service,EndDevice-32,Application-32-Service,92600
35455,Application-39,M_Req,missing_destination,64,Application-39-Service,EndDevice-39,Application-39-Service,92600
35482,Application-37,M_Req,missing_destination,62,Application-37-Service,EndDevice-37,Application-37-Service,92700
35491,Application-31,M_Req,missing_destination,56,Application-31-Service,EndDevice-31,Application-31-Service,92700
35498,Application-26,M_Req,missing_destination,51,Application-26-Service,EndDevice-26,Application-26-Service,92700
35502,Application-32,M_Req,missing_destination,57,Application-32-Service,EndDevice-32,Application-32-Service,92700
35503,Application-39,M_Req,missing_destination,64,Application-39-Service,EndDevice-39,Application-39-Service,92700
35533,Application-31,M_Req,missing_destination,56,Application-31-Service,EndDevice-31,Application-31-Service,92900
35535,Application-8,M_Req,missing_destination,33,Application-8-Service,EndDevice-8,Application-8-Service,92900
35536,Application-40,M_Req,missing_destination,65,Application-40-Service,EndDevice-40,Application-40-Service,92900
35537,Application-24,M_Req,missing_destination,49,Application-24-Service,EndDevice-24,Application-24-Service,92900
35538,Application-3,M_Req,missing_destination,28,Application-3-Service,EndDevice-3,Application-3-Service,92900
35539,Application-26,M_Req,missing_destination,51,Application-26-Service,EndDevice-26,Application-26-Service,92900
35541,Application-32,M_Req,missing_destination,57,Application-32-Service,EndDevice-32,Application-32-Service,92900
35542,Application-39,M_Req,missing_destination,64,Application-39-Service,EndDevice-39,Application-39-Service,92900
35562,Application-29,M_Req,missing_destination,54,Application-29-Service,EndDevice-29,Application-29-Service,92900
35563,Application-2,M_Req,missing_destination,27,Application-2-Service,EndDevice-2,Application-2-Service,92900
35564,Application-38,M_Req,missing_destination,63,Application-38-Service,EndDevice-38,Application-38-Service,92900
35565,Application-16,M_Req,missing_destination,41,Application-16-Service,EndDevice-16,Application-16-Service,92900
35567,Application-12,M_Req,missing_destination,37,Application-12-Service,EndDevice-12,Application-12-Service,92900
35581,Application-31,M_Req,missing_destination,56,Application-31-Service,EndDevice-31,Application-31-Service,93000
35583,Application-8,M_Req,missing_destination,33,Application-8-Service,EndDevice-8,Application-8-Service,93000
35584,Application-40,M_Req,missing_destination,65,Application-40-Service,EndDevice-40,Application-40-Service,93000
35585,Application-24,M_Req,missing_destination,49,Application-24-Service,EndDevice-24,Application-24-Service,93000
35587,Application-32,M_Req,missing_destination,57,Application-32-Service,EndDevice-32,Application-32-Service,93000
35605,Application-29,M_Req,missing_destination,54,Application-29-Service,EndDevice-29,Application-29-Service,93000
35606,Application-2,M_Req,missing_destination,27,Application-2-Service,EndDevice-2,Application-2-Service,93000
35607,Application-38,M_Req,missing_destination,63,Application-38-Service,EndDevice-38,Application-38-Service,93000
35608,Application-16,M_Req,missing_destination,41,Application-16-Service,EndDevice-16,Application-16-Service,93000
35610,Application-12,M_Req,missing_destination,37,Application-12-Service,EndDevice-12,Application-12-Service,93000
35675,Application-31,M_Req,missing_destination,56,Application-31-Service,EndDevice-31,Application-31-Service,93200
35677,Application-40,M_Req,missing_destination,65,Application-40-Service,EndDevice-40,Application-40-Service,93200
35679,Application-32,M_Req,missing_destination,57,Application-32-Service,EndDevice-32,Application-32-Service,93200
35723,Application-31,M_Req,missing_destination,56,Application-31-Service,EndDevice-31,Application-31-Service,93300
35725,Application-40,M_Req,missing_destination,65,Application-40-Service,EndDevice-40,Application-40-Service,93300
35727,Application-32,M_Req,missing_destination,57,Application-32-Service,EndDevice-32,Application-32-Service,93300
35998,Application-44,M_Req,missing_destination,69,Application-44-Service,EndDevice-44,Application-44-Service,94100
36000,Application-43,M_Req,missing_destination,68,Application-43-Service,EndDevice-43,Application-43-Service,94100
36005,Application-41,M_Req,missing_destination,66,Application-41-Service,EndDevice-41,Application-41-Service,94100
36012,Application-21,M_Req,missing_destination,46,Application-21-Service,EndDevice-21,Application-21-Service,94100
36016,Application-12,M_Req,missing_destination,37,Application-12-Service,EndDevice-12,Application-12-Service,94100
36021,Application-11,M_Req,missing_destination,36,Application-11-Service,EndDevice-11,Application-11-Service,94100
36027,Application-38,M_Req,missing_destination,63,Application-38-Service,EndDevice-38,Application-38-Service,94100
36030,Application-40,M_Req,missing_destination,65,Application-40-Service,EndDevice-40,Application-40-Service,94100
36035,Application-39,M_Req,missing_destination,64,Application-39-Service,EndDevice-39,Application-39-Service,94100
36036,Application-42,M_Req,missing_destination,67,Application-42-Service,EndDevice-42,Application-42-Service,94100
36039,Application-37,M_Req,missing_destination,62,Application-37-Service,EndDevice-37,Application-37-Service,94100
36045,Application-44,M_Req,missing_destination,69,Application-44-Service,EndDevice-44,Application-44-Service,94200
36047,Application-43,M_Req,missing_destination,68,Application-43-Service,EndDevice-43,Application-43-Service,94200
36052,Application-41,M_Req,missing_destination,66,Application-41-Service,EndDevice-41,Application-41-Service,94200
36057,Application-21,M_Req,missing_destination,46,Application-21-Service,EndDevice-21,Application-21-Service,94200
36060,Application-12,M_Req,missing_destination,37,Application-12-Service,EndDevice-12,Application-12-Service,94200
36065,Application-11,M_Req,missing_destination,36,Application-11-Service,EndDevice-11,Application-11-Service,94200
36071,Application-38,M_Req,missing_destination,63,Application-38-Service,EndDevice-38,Application-38-Service,94200
36141,Application-43,M_Req,missing_destination,68,Application-43-Service,EndDevice-43,Application-43-Service,94400
36144,Application-41,M_Req,missing_destination,66,Application-41-Service,EndDevice-41,Application-41-Service,94400
36158,Application-38,M_Req,missing_destination,63,Application-38-Service,EndDevice-38,Application-38-Service,94500
36189,Application-43,M_Req,missing_destination,68,Application-43-Service,EndDevice-43,Application-43-Service,94500
36192,Application-41,M_Req,missing_destination,66,Application-41-Service,EndDevice-41,Application-41-Service,94500
36366,Application-47,M_Req,missing_destination,72,Application-47-Service,EndDevice-47,Application-47-Service,95000
36368,Application-15,M_Req,missing_destination,40,Application-15-Service,EndDevice-15,Application-15-Service,95000
36369,Application-43,M_Req,missing_destination,68,Application-43-Service,EndDevice-43,Application-43-Service,95000
36371,Application-41,M_Req,missing_destination,66,Application-41-Service,EndDevice-41,Application-41-Service,95000
36372,Application-32,M_Req,missing_destination,57,Application-32-Service,EndDevice-32,Application-32-Service,95000
36414,Application-47,M_Req,missing_destination,72,Application-47-Service,EndDevice-47,Application-47-Service,95100
36416,Application-15,M_Req,missing_destination,40,Application-15-Service,EndDevice-15,Application-15-Service,95100
36417,Application-43,M_Req,missing_destination,68,Application-43-Service,EndDevice-43,Application-43-Service,95100
36419,Application-41,M_Req,missing_destination,66,Application-41-Service,EndDevice-41,Application-41-Service,95100
36420,Application-32,M_Req,missing_destination,57,Application-32-Service,EndDevice-32,Application-32-Service,95100
36700,Application-27,M_Req,missing_destination,52,Application-27-Service,EndDevice-27,Application-27-Service,95900
36701,Application-37,M_Req,missing_destination,62,Application-37-Service,EndDevice-37,Application-37-Service,95900
36702,Application-26,M_Req,missing_destination,51,Application-26-Service,EndDevice-26,Application-26-Service,95900
36703,Application-40,M_Req,missing_destination,65,Application-40-Service,EndDevice-40,Application-40-Service,95900
36708,Application-38,M_Req,missing_destination,63,Application-38-Service,EndDevice-38,Application-38-Service,95900
36711,Application-11,M_Req,missing_destination,36,Application-11-Service,EndDevice-11,Application-11-Service,95900
36725,Application-25,M_Req,missing_destination,50,Application-25-Service,EndDevice-25,Application-25-Service,95900
36729,Application-28,M_Req,missing_destination,53,Application-28-Service,EndDevice-28,Application-28-Service,95900
36730,Application-23,M_Req,missing_destination,48,Application-23-Service,EndDevice-23,Application-23-Service,95900
36731,Application-22,M_Req,missing_destination,47,Application-22-Service,EndDevice-22,Application-22-Service,95900
36746,Application-37,M_Req,missing_destination,62,Application-37-Service,EndDevice-37,Application-37-Service,96000
36747,Application-26,M_Req,missing_destination,51,Application-26-Service,EndDevice-26,Application-26-Service,96000
36748,Application-40,M_Req,missing_destination,65,Application-40-Service,EndDevice-40,Application-40-Service,96000
36753,Application-38,M_Req,missing_destination,63,Application-38-Service,EndDevice-38,Application-38-Service,96000
36794,Application-37,M_Req,missing_destination,62,Application-37-Service,EndDevice-37,Application-37-Service,96100
36796,Application-40,M_Req,missing_destination,65,Application-40-Service,EndDevice-40,Application-40-Service,96100
36801,Application-38,M_Req,missing_destination,63,Application-38-Service,EndDevice-38,Application-38-Service,96100
36839,Application-40,M_Req,missing_destination,65,Application-40-Service,EndDevice-40,Application-40-Service,96200
36843,Application-38,M_Req,missing_destination,63,Application-38-Service,EndDevice-38,Application-38-Service,96200
36887,Application-40,M_Req,missing_destination,65,Application-40-Service,EndDevice-40,Application-40-Service,96300
36891,Application-38,M_Req,missing_destination,63,Application-38-Service,EndDevice-38,Application-38-Service,96300
37069,Application-42,M_Req,missing_destination,67,Application-42-Service,EndDevice-42,Application-42-Service,96800
37071,Application-44,M_Req,missing_destination,69,Application-44-Service,EndDevice-44,Application-44-Service,96800
37117,Application-42,M_Req,missing_destination,67,Application-42-Service,EndDevice-42,Application-42-Service,96900
37119,Application-44,M_Req,missing_destination,69,Application-44-Service,EndDevice-44,Application-44-Service,96900
37854,Application-47,M_Req,missing_destination,72,Application-47-Service,EndDevice-47,Application-47-Service,98900
37856,Application-45,M_Req,missing_destination,70,Application-45-Service,EndDevice-45,Application-45-Service,98900
37857,Application-4,M_Req,missing_destination,29,Application-4-Service,EndDevice-4,Application-4-Service,98900
37858,Application-43,M_Req,missing_destination,68,Application-43-Service,EndDevice-43,Application-43-Service,98900
37861,Application-40,M_Req,missing_destination,65,Application-40-Service,EndDevice-40,Application-40-Service,98900
37869,Application-48,M_Req,missing_destination,73,Application-48-Service,EndDevice-48,Application-48-Service,98900
37876,Application-39,M_Req,missing_destination,64,Application-39-Service,EndDevice-39,Application-39-Service,98900
37882,Application-46,M_Req,missing_destination,71,Application-46-Service,EndDevice-46,Application-46-Service,98900
37885,Application-38,M_Req,missing_destination,63,Application-38-Service,EndDevice-38,Application-38-Service,98900
37899,Application-47,M_Req,missing_destination,72,Application-47-Service,EndDevice-47,Application-47-Service,99000
37901,Application-45,M_Req,missing_destination,70,Application-45-Service,EndDevice-45,Application-45-Service,99000
37902,Application-4,M_Req,missing_destination,29,Application-4-Service,EndDevice-4,Application-4-Service,99000
37904,Application-40,M_Req,missing_destination,65,Application-40-Service,EndDevice-40,Application-40-Service,99000
37911,Application-48,M_Req,missing_destination,73,Application-48-Service,EndDevice-48,Application-48-Service,99000
37986,Application-29,M_Req,missing_destination,54,Application-29-Service,EndDevice-29,Application-29-Service,99200
37997,Application-42,M_Req,missing_destination,67,Application-42-Service,EndDevice-42,Application-42-Service,99300
38034,Application-29,M_Req,missing_destination,54,Application-29-Service,EndDevice-29,Application-29-Service,99300
38043,Application-42,M_Req,missing_destination,67,Application-42-Service,EndDevice-42,Application-42-Service,99400
38090,Application-25,M_Req,missing_destination,50,Application-25-Service,EndDevice-25,Application-25-Service,99500
38091,Application-42,M_Req,missing_destination,67,Application-42-Service,EndDevice-42,Application-42-Service,99500
38093,Application-10,M_Req,missing_destination,35,Application-10-Service,EndDevice-10,Application-10-Service,99500
38133,Application-25,M_Req,missing_destination,50,Application-25-Service,EndDevice-25,Application-25-Service,99600
38134,Application-42,M_Req,missing_destination,67,Application-42-Service,EndDevice-42,Application-42-Service,99600
38135,Application-10,M_Req,missing_destination,35,Application-10-Service,EndDevice-10,Application-10-Service,99600
38181,Application-25,M_Req,missing_destination,50,Application-25-Service,EndDevice-25,Application-25-Service,99700
38183,Application-10,M_Req,missing_destination,35,Application-10-Service,EndDevice-10,Application-10-Service,99700
